#Earthquake Information
#Origin Time(GMT+08): 2026/09/14-06:44:41
#EpicenterLongitude(E): 121.55
#EpicenterLatitude(N): 22.63
#Depth(km): 10.1
#Magnitude(Ml): 4.9

#Station Information
#StationCode: CHN1
#StationName: Nanxi
#StationLongitude(E): 120.529
#StationLatitude(N): 23.185
#InstrumentKind: FBA
#StartTime(GMT+08): 2026/09/14-06:44:30.000
#RecordLength(sec): 90
#SampleRate(Hz): 100
#AmplitudeUnit:  gal. DCoffset(corr)
#AmplitudeMAX. U:    0.372~   -0.463
#AmplitudeMAX. N:    1.115~   -1.275
#AmplitudeMAX. E:    0.943~   -1.020
#DataSequence: Time U(+); N(+); E(+)
#Data: 4F10.3 
     0.000     0.004     0.004     0.004
     0.010     0.005     0.004     0.003
     0.020     0.000     0.000     0.000
     0.030     0.002     0.002     0.003
     0.040     0.001     0.001     0.002
     0.050     0.002     0.002     0.002
     0.060     0.000     0.001     0.001
     0.070     0.000     0.000     0.001
     0.080     0.000     0.001     0.001
     0.090     0.001     0.002     0.000
     0.100     0.003     0.005     0.004
     0.110     0.001     0.003     0.002
     0.120     0.002     0.000     0.000
     0.130     0.001     0.001     0.001
     0.140     0.000     0.001     0.000
     0.150     0.002     0.001     0.001
     0.160     0.002     0.003     0.002
     0.170     0.002     0.002     0.002
     0.180    -0.001    -0.001     0.001
     0.190     0.002     0.003     0.001
     0.200     0.003     0.003     0.002
     0.210     0.000     0.001     0.000
     0.220     0.001     0.002     0.000
     0.230     0.000     0.000     0.001
     0.240     0.001     0.002     0.001
     0.250     0.001     0.000     0.002
     0.260    -0.001    -0.002     0.001
     0.270    -0.001     0.000     0.001
     0.280     0.000     0.000     0.001
     0.290     0.001     0.001     0.001
     0.300     0.000     0.001     0.003
     0.310     0.000    -0.001     0.002
     0.320     0.000    -0.001     0.001
     0.330    -0.001    -0.001     0.001
     0.340     0.000    -0.001     0.001
     0.350     0.000    -0.001     0.002
     0.360     0.000    -0.001     0.001
     0.370     0.000    -0.001     0.001
     0.380     0.000     0.000     0.001
     0.390     0.000     0.000     0.001
     0.400     0.002     0.003     0.003
     0.410     0.001     0.002     0.002
     0.420    -0.001    -0.001     0.000
     0.430     0.002     0.002     0.002
     0.440     0.002     0.001     0.002
     0.450    -0.001    -0.002     0.000
     0.460     0.001    -0.001     0.001
     0.470     0.004     0.004     0.005
     0.480     0.001     0.002     0.002
     0.490    -0.001    -0.001     0.000
     0.500     0.004     0.005     0.006
     0.510     0.001     0.002     0.002
     0.520    -0.002    -0.001    -0.001
     0.530     0.003     0.003     0.004
     0.540     0.001     0.000     0.002
     0.550     0.000     0.000     0.000
     0.560     0.003     0.002     0.003
     0.570     0.001     0.002     0.003
     0.580    -0.001    -0.001     0.001
     0.590     0.001     0.000     0.001
     0.600     0.004     0.006     0.005
     0.610     0.002     0.002     0.002
     0.620    -0.001    -0.002    -0.001
     0.630     0.004     0.005     0.005
     0.640     0.002     0.002     0.003
     0.650    -0.002    -0.003    -0.001
     0.660     0.003     0.002     0.002
     0.670     0.001     0.001     0.002
     0.680    -0.001    -0.002     0.000
     0.690    -0.001    -0.001     0.000
     0.700    -0.001     0.000     0.001
     0.710     0.000     0.000     0.000
     0.720    -0.001     0.000     0.000
     0.730     0.000    -0.002     0.000
     0.740     0.000     0.000     0.000
     0.750    -0.001     0.000     0.000
     0.760    -0.001    -0.002    -0.001
     0.770    -0.001     0.000     0.000
     0.780     0.000     0.000     0.000
     0.790     0.001     0.000    -0.001
     0.800     0.000     0.001     0.000
     0.810    -0.001    -0.001     0.000
     0.820     0.000    -0.001     0.000
     0.830     0.000    -0.001     0.001
     0.840    -0.001     0.000     0.000
     0.850     0.000    -0.001    -0.001
     0.860    -0.001     0.000     0.000
     0.870     0.000     0.000     0.000
     0.880     0.000    -0.001     0.001
     0.890     0.000    -0.001     0.001
     0.900     0.001     0.000     0.001
     0.910     0.001     0.001     0.003
     0.920     0.001     0.000     0.002
     0.930     0.001     0.000     0.002
     0.940     0.003     0.001     0.002
     0.950     0.002     0.001     0.002
     0.960     0.001     0.000     0.002
     0.970     0.001     0.002     0.003
     0.980     0.001    -0.001     0.001
     0.990     0.000    -0.003    -0.001
     1.000     0.004     0.004     0.006
     1.010     0.005     0.005     0.005
     1.020     0.001     0.001     0.001
     1.030     0.001     0.001     0.001
     1.040     0.002     0.001     0.001
     1.050     0.003     0.001     0.003
     1.060     0.002     0.000     0.001
     1.070     0.000     0.001     0.002
     1.080     0.000     0.000     0.001
     1.090     0.001     0.000     0.001
     1.100     0.004     0.004     0.005
     1.110     0.002     0.003     0.003
     1.120     0.000     0.000     0.001
     1.130     0.001     0.001     0.001
     1.140     0.000    -0.001     0.001
     1.150     0.001     0.001     0.001
     1.160     0.001     0.000     0.002
     1.170     0.002     0.001     0.002
     1.180     0.001     0.001     0.001
     1.190     0.000    -0.001     0.001
     1.200     0.003     0.002     0.002
     1.210     0.002     0.002     0.003
     1.220     0.001    -0.001     0.001
     1.230     0.001     0.000     0.001
     1.240     0.001     0.000     0.002
     1.250     0.001     0.000     0.000
     1.260     0.000     0.000     0.001
     1.270     0.001    -0.001     0.001
     1.280     0.001     0.000     0.000
     1.290     0.000     0.000     0.001
     1.300     0.001     0.000     0.001
     1.310     0.000    -0.001     0.001
     1.320     0.000    -0.002     0.000
     1.330     0.000     0.000     0.000
     1.340    -0.001    -0.001     0.000
     1.350     0.000    -0.001     0.001
     1.360     0.000    -0.002    -0.001
     1.370     0.000    -0.002     0.000
     1.380    -0.001    -0.001     0.002
     1.390     0.000    -0.001     0.001
     1.400     0.001    -0.001     0.000
     1.410    -0.001     0.000    -0.001
     1.420    -0.001    -0.001     0.001
     1.430    -0.002    -0.001     0.001
     1.440     0.000     0.000     0.000
     1.450    -0.001    -0.001     0.001
     1.460    -0.002    -0.001     0.001
     1.470     0.000     0.000     0.001
     1.480    -0.001     0.000     0.000
     1.490     0.000     0.000     0.000
     1.500     0.002     0.001     0.001
     1.510     0.000     0.000     0.001
     1.520    -0.001     0.000     0.001
     1.530     0.000    -0.001     0.001
     1.540    -0.001    -0.001     0.000
     1.550     0.000    -0.001     0.000
     1.560     0.000    -0.001     0.000
     1.570    -0.001    -0.001     0.000
     1.580     0.000    -0.002     0.000
     1.590    -0.001    -0.001     0.000
     1.600    -0.001    -0.001     0.000
     1.610     0.000    -0.001     0.001
     1.620    -0.001    -0.001     0.000
     1.630     0.000    -0.001    -0.001
     1.640     0.001     0.000     0.000
     1.650     0.000    -0.001     0.000
     1.660     0.000     0.000     0.000
     1.670    -0.001     0.001     0.000
     1.680    -0.001    -0.001     0.000
     1.690    -0.001     0.000    -0.001
     1.700     0.000     0.001     0.000
     1.710     0.000    -0.002     0.001
     1.720    -0.001    -0.001    -0.001
     1.730     0.000     0.000     0.001
     1.740     0.000     0.000     0.001
     1.750     0.000     0.000     0.001
     1.760    -0.002    -0.001     0.001
     1.770    -0.001    -0.001     0.001
     1.780     0.000    -0.002     0.000
     1.790    -0.001    -0.001    -0.001
     1.800     0.001     0.000     0.002
     1.810    -0.001    -0.001     0.000
     1.820     0.001     0.000    -0.001
     1.830     0.001     0.000     0.000
     1.840    -0.002    -0.001     0.000
     1.850     0.003    -0.001     0.001
     1.860     0.000    -0.001    -0.001
     1.870    -0.001    -0.001     0.000
     1.880     0.001     0.000     0.000
     1.890    -0.001    -0.001     0.000
     1.900     0.002     0.001     0.002
     1.910     0.002     0.002     0.002
     1.920     0.001     0.000     0.002
     1.930     0.002     0.002     0.002
     1.940     0.002     0.002     0.002
     1.950     0.002     0.001     0.002
     1.960     0.001     0.001     0.001
     1.970     0.001     0.001     0.001
     1.980     0.001    -0.001     0.001
     1.990     0.000    -0.002    -0.001
     2.000     0.005     0.005     0.005
     2.010     0.005     0.005     0.005
     2.020     0.002     0.002     0.000
     2.030     0.002     0.001     0.003
     2.040     0.003     0.002     0.001
     2.050     0.003     0.002     0.002
     2.060     0.002     0.000     0.001
     2.070     0.001     0.000     0.001
     2.080     0.000    -0.001     0.001
     2.090     0.002     0.002     0.001
     2.100     0.005     0.004     0.004
     2.110     0.002     0.001     0.002
     2.120     0.001     0.001     0.001
     2.130     0.002     0.001     0.001
     2.140     0.002     0.000     0.000
     2.150     0.001     0.000     0.001
     2.160     0.002     0.001     0.001
     2.170     0.003     0.002     0.002
     2.180     0.001     0.000     0.000
     2.190     0.003     0.002     0.002
     2.200     0.003     0.002     0.003
     2.210     0.001     0.000     0.000
     2.220     0.001     0.001     0.000
     2.230     0.001     0.001     0.000
     2.240     0.002     0.001     0.000
     2.250     0.001     0.001     0.001
     2.260     0.000     0.000    -0.001
     2.270     0.002     0.001     0.001
     2.280     0.001     0.001    -0.001
     2.290     0.001     0.001    -0.001
     2.300     0.002     0.002     0.000
     2.310     0.000     0.001    -0.001
     2.320     0.000    -0.001    -0.001
     2.330     0.001     0.000    -0.001
     2.340     0.000     0.000     0.000
     2.350     0.001     0.001    -0.001
     2.360     0.000     0.000    -0.001
     2.370     0.001    -0.001     0.001
     2.380     0.001     0.000     0.000
     2.390     0.000    -0.001    -0.001
     2.400     0.001     0.000     0.000
     2.410     0.001     0.000    -0.001
     2.420    -0.001     0.000    -0.001
     2.430     0.000     0.000     0.001
     2.440     0.001     0.000    -0.001
     2.450     0.001     0.000     0.000
     2.460     0.000     0.000     0.000
     2.470     0.000     0.000     0.000
     2.480     0.000     0.000     0.000
     2.490     0.000     0.000    -0.001
     2.500     0.001     0.002     0.001
     2.510     0.000     0.002     0.000
     2.520    -0.001     0.000    -0.001
     2.530     0.000     0.000    -0.002
     2.540    -0.001     0.000    -0.001
     2.550    -0.002     0.001    -0.001
     2.560    -0.001     0.000    -0.001
     2.570     0.000     0.000     0.001
     2.580    -0.001     0.001     0.000
     2.590    -0.001     0.000    -0.001
     2.600     0.000     0.001    -0.001
     2.610    -0.001     0.000    -0.001
     2.620     0.000     0.000     0.000
     2.630     0.000     0.000    -0.001
     2.640    -0.001     0.000     0.000
     2.650    -0.001     0.001    -0.001
     2.660    -0.001     0.000    -0.001
     2.670     0.000     0.000     0.001
     2.680    -0.002    -0.001    -0.001
     2.690    -0.002     0.000     0.000
     2.700     0.000     0.002     0.001
     2.710    -0.001     0.000    -0.001
     2.720    -0.001     0.000    -0.001
     2.730    -0.001     0.000    -0.001
     2.740    -0.001     0.000     0.000
     2.750     0.000     0.001    -0.001
     2.760     0.000    -0.001    -0.001
     2.770     0.000     0.000     0.001
     2.780    -0.001     0.000     0.000
     2.790    -0.001     0.001    -0.001
     2.800    -0.001     0.001     0.000
     2.810     0.000    -0.001     0.000
     2.820     0.000     0.000    -0.001
     2.830    -0.001     0.001     0.000
     2.840     0.000     0.000     0.000
     2.850    -0.001    -0.001    -0.001
     2.860    -0.001     0.000    -0.001
     2.870     0.000     0.000    -0.001
     2.880    -0.001    -0.001    -0.001
     2.890    -0.001    -0.001    -0.001
     2.900     0.002     0.001     0.001
     2.910     0.001     0.002     0.002
     2.920     0.000     0.002     0.002
     2.930     0.002     0.002     0.002
     2.940     0.001     0.002     0.002
     2.950     0.001     0.002     0.003
     2.960     0.002     0.002     0.002
     2.970     0.003     0.002     0.002
     2.980     0.001     0.000     0.001
     2.990    -0.001    -0.003    -0.001
     3.000     0.005     0.005     0.005
     3.010     0.005     0.005     0.005
     3.020     0.001     0.000     0.002
     3.030     0.002     0.002     0.002
     3.040     0.001     0.001     0.002
     3.050     0.001     0.003     0.003
     3.060     0.001     0.001     0.001
     3.070     0.000     0.001     0.001
     3.080     0.000     0.000     0.001
     3.090     0.001     0.000     0.002
     3.100     0.003     0.004     0.003
     3.110     0.001     0.001     0.002
     3.120     0.001     0.000     0.001
     3.130     0.000     0.000     0.000
     3.140     0.000    -0.001     0.001
     3.150     0.000    -0.001     0.000
     3.160     0.001     0.000     0.001
     3.170     0.001     0.001     0.003
     3.180     0.001    -0.001     0.000
     3.190     0.003     0.002     0.001
     3.200     0.002     0.002     0.003
     3.210     0.000     0.000     0.002
     3.220     0.000     0.000     0.000
     3.230     0.000    -0.001     0.002
     3.240     0.000     0.000     0.002
     3.250     0.001     0.001     0.001
     3.260     0.000     0.000     0.001
     3.270     0.000     0.000     0.001
     3.280    -0.001     0.001     0.002
     3.290     0.000     0.000     0.002
     3.300     0.001     0.001     0.000
     3.310    -0.001    -0.001    -0.001
     3.320     0.000    -0.002    -0.001
     3.330    -0.001     0.000     0.000
     3.340     0.000    -0.001     0.000
     3.350     0.000     0.000    -0.001
     3.360    -0.001    -0.001     0.001
     3.370    -0.001     0.000     0.002
     3.380    -0.001     0.000     0.000
     3.390    -0.001    -0.002     0.001
     3.400    -0.001     0.000     0.000
     3.410     0.000     0.000     0.001
     3.420    -0.001     0.000     0.000
     3.430    -0.001    -0.001     0.000
     3.440    -0.001     0.000     0.001
     3.450     0.000    -0.001     0.001
     3.460    -0.001    -0.001     0.000
     3.470    -0.001     0.000     0.001
     3.480     0.000    -0.001     0.001
     3.490    -0.001    -0.001     0.000
     3.500     0.000     0.001     0.001
     3.510     0.000     0.000     0.001
     3.520    -0.002    -0.002     0.000
     3.530    -0.001    -0.002     0.001
     3.540    -0.001     0.000     0.001
     3.550    -0.001    -0.001     0.000
     3.560    -0.001    -0.001     0.001
     3.570    -0.001    -0.001     0.000
     3.580     0.000    -0.001     0.000
     3.590    -0.001    -0.001     0.001
     3.600    -0.001     0.000     0.001
     3.610     0.000    -0.001     0.001
     3.620    -0.001    -0.001     0.000
     3.630    -0.001    -0.001     0.001
     3.640     0.000    -0.002     0.001
     3.650    -0.001    -0.001     0.000
     3.660    -0.001    -0.001     0.001
     3.670    -0.001    -0.001     0.001
     3.680     0.000     0.000     0.000
     3.690    -0.001    -0.001     0.000
     3.700     0.000     0.000     0.001
     3.710     0.000    -0.001     0.000
     3.720     0.000     0.000     0.001
     3.730     0.000     0.000     0.001
     3.740    -0.001     0.000     0.001
     3.750     0.000    -0.001     0.001
     3.760    -0.001     0.000     0.000
     3.770    -0.002     0.000     0.001
     3.780    -0.001    -0.002     0.000
     3.790     0.000    -0.001     0.000
     3.800     0.001    -0.001     0.001
     3.810    -0.001    -0.001     0.001
     3.820     0.000    -0.001     0.001
     3.830     0.000    -0.002     0.002
     3.840    -0.001    -0.002     0.001
     3.850     0.001    -0.001     0.000
     3.860    -0.001    -0.001     0.001
     3.870     0.000    -0.001     0.000
     3.880     0.000    -0.001     0.000
     3.890    -0.001    -0.002     0.000
     3.900     0.002     0.000     0.002
     3.910     0.001     0.001     0.003
     3.920     0.001     0.000     0.002
     3.930     0.001     0.001     0.002
     3.940     0.001     0.001     0.001
     3.950     0.001     0.001     0.001
     3.960     0.001     0.001     0.002
     3.970     0.002     0.001     0.002
     3.980    -0.001    -0.001     0.000
     3.990    -0.002    -0.002     0.000
     4.000     0.005     0.004     0.005
     4.010     0.004     0.006     0.006
     4.020     0.001     0.001     0.002
     4.030     0.002     0.000     0.002
     4.040     0.001     0.001     0.002
     4.050     0.002     0.002     0.002
     4.060     0.001     0.001     0.002
     4.070     0.000    -0.001     0.001
     4.080    -0.001    -0.002     0.001
     4.090     0.001     0.000     0.001
     4.100     0.003     0.004     0.004
     4.110     0.001     0.002     0.001
     4.120     0.000     0.000     0.000
     4.130    -0.001     0.000     0.000
     4.140     0.000    -0.001     0.001
     4.150     0.000     0.000     0.001
     4.160    -0.001     0.000     0.001
     4.170     0.003     0.002     0.002
     4.180     0.001    -0.001     0.000
     4.190     0.000     0.000     0.002
     4.200     0.003     0.002     0.003
     4.210     0.001    -0.001     0.000
     4.220     0.000    -0.001     0.001
     4.230     0.000     0.000     0.002
     4.240     0.000     0.001     0.002
     4.250     0.001     0.000     0.001
     4.260    -0.001     0.000     0.001
     4.270    -0.001     0.000     0.001
     4.280     0.000     0.000     0.000
     4.290     0.000     0.002     0.001
     4.300     0.001     0.000     0.001
     4.310     0.000    -0.002     0.002
     4.320     0.000    -0.001     0.000
     4.330     0.000    -0.002     0.000
     4.340     0.000     0.000     0.000
     4.350    -0.001    -0.001     0.000
     4.360    -0.001    -0.002     0.001
     4.370     0.000    -0.001     0.001
     4.380     0.000    -0.001     0.001
     4.390     0.000    -0.001     0.001
     4.400    -0.001    -0.001     0.001
     4.410     0.000     0.000     0.001
     4.420    -0.001    -0.001    -0.001
     4.430    -0.001    -0.001    -0.001
     4.440     0.000    -0.001     0.000
     4.450     0.000    -0.002     0.000
     4.460    -0.001    -0.001     0.000
     4.470    -0.001    -0.001     0.001
     4.480    -0.001    -0.001     0.000
     4.490     0.001    -0.001    -0.001
     4.500     0.001    -0.001     0.002
     4.510     0.001    -0.001     0.000
     4.520     0.000    -0.003     0.000
     4.530     0.000    -0.002     0.001
     4.540     0.001    -0.002    -0.001
     4.550     0.000    -0.001     0.000
     4.560     0.000    -0.001     0.001
     4.570    -0.001    -0.002     0.001
     4.580     0.000    -0.001     0.000
     4.590     0.000    -0.002     0.000
     4.600     0.001     0.001     0.001
     4.610     0.000     0.000     0.000
     4.620     0.000    -0.002    -0.001
     4.630     0.000    -0.002    -0.001
     4.640    -0.002    -0.002    -0.001
     4.650     0.000    -0.001     0.000
     4.660    -0.001    -0.003    -0.002
     4.670    -0.002    -0.001    -0.001
     4.680     0.000    -0.001     0.000
     4.690    -0.001    -0.001    -0.001
     4.700     0.000     0.000     0.001
     4.710    -0.001    -0.001    -0.001
     4.720     0.000     0.000    -0.001
     4.730     0.000    -0.001     0.000
     4.740     0.000     0.000     0.000
     4.750     0.000    -0.001     0.001
     4.760    -0.001    -0.002     0.000
     4.770    -0.002     0.000     0.000
     4.780    -0.001    -0.003    -0.001
     4.790     0.000    -0.002     0.000
     4.800    -0.001     0.001     0.001
     4.810    -0.001    -0.001     0.000
     4.820    -0.001    -0.001    -0.001
     4.830    -0.001    -0.002     0.000
     4.840     0.000    -0.002     0.000
     4.850    -0.001    -0.001    -0.001
     4.860    -0.001    -0.002    -0.001
     4.870     0.000    -0.002    -0.001
     4.880    -0.001    -0.001     0.000
     4.890    -0.002    -0.001    -0.001
     4.900     0.001     0.001     0.001
     4.910     0.001     0.001     0.001
     4.920     0.000    -0.001     0.001
     4.930     0.002     0.001     0.003
     4.940     0.002     0.002     0.001
     4.950     0.002     0.002     0.002
     4.960     0.001     0.002     0.002
     4.970     0.001     0.001     0.002
     4.980     0.001    -0.001     0.001
     4.990    -0.001    -0.002    -0.001
     5.000     0.004     0.004     0.004
     5.010     0.004     0.004     0.004
     5.020     0.001     0.001     0.002
     5.030     0.002     0.001     0.002
     5.040     0.002     0.001     0.002
     5.050     0.003     0.002     0.003
     5.060     0.001     0.000     0.000
     5.070     0.000     0.000     0.000
     5.080     0.001    -0.001     0.000
     5.090     0.001     0.000     0.001
     5.100     0.004     0.003     0.005
     5.110     0.002     0.000     0.001
     5.120     0.001     0.000     0.000
     5.130     0.002     0.000     0.000
     5.140     0.000    -0.001     0.000
     5.150     0.000     0.000     0.001
     5.160     0.001     0.001     0.002
     5.170     0.002     0.001     0.002
     5.180    -0.001    -0.001     0.000
     5.190     0.001     0.001     0.002
     5.200     0.003     0.002     0.002
     5.210    -0.001     0.000     0.002
     5.220     0.001    -0.001     0.001
     5.230     0.000    -0.001     0.001
     5.240     0.001     0.000     0.003
     5.250     0.002    -0.001     0.000
     5.260    -0.001    -0.001     0.000
     5.270     0.000    -0.001     0.001
     5.280    -0.001     0.000     0.001
     5.290     0.001     0.000     0.001
     5.300     0.000    -0.001     0.001
     5.310    -0.002    -0.001     0.000
     5.320     0.001    -0.002     0.000
     5.330     0.000    -0.001     0.002
     5.340     0.000    -0.001     0.000
     5.350     0.000    -0.002     0.000
     5.360     0.000    -0.002    -0.001
     5.370    -0.001    -0.002    -0.001
     5.380    -0.001     0.001     0.002
     5.390    -0.001    -0.001     0.000
     5.400     0.000     0.001     0.002
     5.410     0.004     0.004     0.004
     5.420     0.001     0.001     0.002
     5.430    -0.001     0.000    -0.001
     5.440     0.001     0.001     0.002
     5.450     0.003     0.004     0.006
     5.460     0.000     0.000     0.001
     5.470    -0.001    -0.002    -0.001
     5.480     0.000    -0.001     0.000
     5.490    -0.002    -0.002    -0.001
     5.500     0.000     0.000     0.002
     5.510    -0.001    -0.001     0.000
     5.520    -0.001    -0.001     0.000
     5.530     0.000     0.000     0.001
     5.540    -0.001    -0.001    -0.001
     5.550     0.000     0.000     0.001
     5.560    -0.002     0.000     0.002
     5.570    -0.001     0.000     0.001
     5.580     0.000    -0.001     0.000
     5.590    -0.002    -0.001     0.001
     5.600    -0.001     0.000     0.001
     5.610     0.000    -0.001     0.002
     5.620    -0.001     0.000     0.001
     5.630     0.000     0.000     0.000
     5.640    -0.001    -0.001     0.001
     5.650    -0.002    -0.001     0.000
     5.660     0.000    -0.001    -0.001
     5.670    -0.002     0.001     0.001
     5.680    -0.001     0.000     0.000
     5.690     0.000    -0.001     0.001
     5.700     0.000     0.000     0.002
     5.710    -0.002     0.000     0.000
     5.720    -0.001    -0.001     0.001
     5.730     0.000    -0.002     0.000
     5.740    -0.001    -0.001     0.000
     5.750     0.000    -0.001     0.002
     5.760     0.000    -0.001     0.000
     5.770     0.000    -0.001     0.001
     5.780    -0.001    -0.001     0.001
     5.790    -0.001     0.000     0.001
     5.800     0.000    -0.001     0.003
     5.810    -0.001    -0.002     0.001
     5.820     0.000    -0.001     0.000
     5.830     0.000    -0.001     0.001
     5.840    -0.001    -0.002     0.001
     5.850    -0.001    -0.001     0.001
     5.860     0.001    -0.002     0.001
     5.870     0.000    -0.002     0.001
     5.880    -0.001    -0.001     0.002
     5.890    -0.001    -0.001     0.000
     5.900     0.001     0.000     0.002
     5.910     0.002     0.001     0.003
     5.920     0.000     0.001     0.001
     5.930     0.002     0.001     0.003
     5.940     0.002     0.001     0.002
     5.950     0.001     0.000     0.002
     5.960     0.002     0.001     0.003
     5.970     0.002     0.001     0.003
     5.980     0.001    -0.001     0.001
     5.990    -0.001    -0.002    -0.001
     6.000     0.004     0.004     0.005
     6.010     0.005     0.005     0.006
     6.020     0.001     0.000     0.002
     6.030     0.001     0.002     0.003
     6.040     0.002     0.001     0.003
     6.050     0.002     0.002     0.004
     6.060     0.001     0.000     0.001
     6.070     0.001    -0.002     0.001
     6.080     0.000     0.000     0.003
     6.090     0.001     0.000     0.002
     6.100     0.004     0.004     0.004
     6.110     0.002     0.001     0.004
     6.120     0.001    -0.001     0.002
     6.130     0.001     0.000     0.001
     6.140     0.001    -0.002     0.001
     6.150     0.001     0.000     0.001
     6.160     0.001     0.000     0.003
     6.170     0.002     0.001     0.003
     6.180     0.000     0.000     0.001
     6.190     0.001     0.001     0.003
     6.200     0.002     0.002     0.004
     6.210     0.000    -0.001     0.003
     6.220     0.000     0.000     0.002
     6.230     0.001     0.000     0.002
     6.240     0.001    -0.001     0.003
     6.250     0.000     0.000     0.002
     6.260     0.000    -0.001     0.000
     6.270     0.000     0.000     0.002
     6.280     0.001    -0.001     0.002
     6.290     0.001    -0.001     0.000
     6.300     0.001     0.000     0.002
     6.310     0.000    -0.001     0.001
     6.320     0.000    -0.001     0.000
     6.330     0.001     0.000     0.001
     6.340    -0.001    -0.002     0.000
     6.350    -0.001    -0.001     0.002
     6.360     0.000     0.000     0.001
     6.370    -0.001    -0.002    -0.001
     6.380     0.000    -0.002     0.001
     6.390    -0.001     0.000     0.000
     6.400     0.000    -0.001     0.002
     6.410     0.000    -0.001     0.002
     6.420    -0.001    -0.001     0.001
     6.430    -0.001    -0.001     0.000
     6.440     0.000     0.000     0.000
     6.450     0.000    -0.002     0.001
     6.460    -0.002    -0.002     0.000
     6.470     0.001    -0.001     0.001
     6.480    -0.001    -0.002     0.000
     6.490    -0.002    -0.001     0.001
     6.500     0.002     0.001     0.002
     6.510    -0.003    -0.001     0.000
     6.520    -0.001    -0.002     0.001
     6.530     0.002     0.000     0.000
     6.540    -0.003    -0.001    -0.001
     6.550     0.000    -0.002     0.001
     6.560    -0.001    -0.002     0.000
     6.570    -0.001    -0.001     0.000
     6.580     0.000    -0.001     0.000
     6.590    -0.001    -0.001     0.001
     6.600     0.001     0.000     0.001
     6.610    -0.001    -0.001     0.000
     6.620    -0.001    -0.001     0.000
     6.630     0.000    -0.001     0.000
     6.640    -0.001    -0.002     0.000
     6.650     0.000    -0.001     0.001
     6.660    -0.001     0.000     0.000
     6.670     0.000    -0.001     0.000
     6.680    -0.001    -0.001     0.002
     6.690     0.000    -0.001     0.000
     6.700     0.000    -0.001     0.001
     6.710    -0.001    -0.001     0.000
     6.720     0.000     0.000     0.000
     6.730    -0.001     0.000     0.000
     6.740    -0.001     0.000     0.000
     6.750    -0.001    -0.001     0.000
     6.760    -0.001    -0.001     0.000
     6.770    -0.001    -0.001     0.000
     6.780    -0.001    -0.003     0.000
     6.790    -0.001    -0.001     0.001
     6.800     0.000    -0.001     0.001
     6.810    -0.001    -0.001     0.000
     6.820    -0.001    -0.001     0.001
     6.830    -0.001    -0.002     0.000
     6.840    -0.001    -0.002     0.000
     6.850    -0.001    -0.002     0.002
     6.860    -0.001    -0.002     0.001
     6.870    -0.001    -0.001     0.001
     6.880    -0.001    -0.001     0.001
     6.890     0.000    -0.001     0.000
     6.900     0.000     0.001     0.002
     6.910     0.001     0.001     0.003
     6.920     0.001     0.001     0.002
     6.930     0.001     0.001     0.003
     6.940     0.001     0.000     0.002
     6.950     0.002     0.001     0.003
     6.960     0.001     0.000     0.002
     6.970     0.001     0.002     0.001
     6.980     0.001     0.000     0.001
     6.990    -0.003    -0.003    -0.001
     7.000     0.003     0.005     0.005
     7.010     0.004     0.004     0.005
     7.020    -0.001     0.000     0.001
     7.030     0.002     0.001     0.002
     7.040     0.001     0.000     0.002
     7.050     0.001     0.002     0.003
     7.060     0.001    -0.001     0.000
     7.070     0.000    -0.001     0.000
     7.080     0.000     0.000     0.001
     7.090    -0.001    -0.001     0.002
     7.100     0.003     0.003     0.004
     7.110     0.000     0.001     0.001
     7.120    -0.001     0.000     0.000
     7.130     0.000     0.000     0.001
     7.140    -0.001     0.000     0.001
     7.150     0.001     0.000     0.000
     7.160     0.001     0.000     0.002
     7.170     0.001     0.001     0.003
     7.180     0.000     0.000    -0.001
     7.190     0.000     0.002     0.002
     7.200     0.002     0.003     0.003
     7.210     0.001     0.000     0.001
     7.220    -0.001     0.000     0.000
     7.230     0.000     0.000     0.001
     7.240     0.001     0.002     0.002
     7.250    -0.001    -0.001     0.000
     7.260     0.000    -0.001     0.001
     7.270     0.000     0.000     0.001
     7.280    -0.001    -0.002     0.000
     7.290     0.000     0.001     0.002
     7.300     0.000     0.000     0.001
     7.310     0.000    -0.002     0.001
     7.320     0.000    -0.001     0.001
     7.330    -0.001    -0.002     0.000
     7.340    -0.001    -0.001     0.000
     7.350    -0.001    -0.002     0.000
     7.360    -0.002    -0.002     0.000
     7.370     0.000    -0.002     0.000
     7.380    -0.002    -0.002    -0.001
     7.390    -0.002    -0.001     0.000
     7.400     0.000    -0.001     0.001
     7.410    -0.001    -0.003     0.000
     7.420    -0.001    -0.001     0.000
     7.430     0.000    -0.001    -0.001
     7.440    -0.001    -0.002    -0.001
     7.450    -0.001    -0.001     0.000
     7.460    -0.001    -0.002     0.000
     7.470    -0.001    -0.001     0.000
     7.480    -0.001    -0.002     0.000
     7.490    -0.001    -0.001     0.000
     7.500     0.000     0.000     0.001
     7.510     0.000    -0.001     0.000
     7.520     0.000    -0.001     0.000
     7.530    -0.001    -0.002     0.000
     7.540     0.000    -0.002     0.000
     7.550     0.001     0.000    -0.001
     7.560     0.000    -0.002    -0.001
     7.570     0.000    -0.001    -0.001
     7.580    -0.002    -0.002    -0.001
     7.590    -0.001    -0.001    -0.001
     7.600     0.000    -0.001     0.001
     7.610    -0.001    -0.001     0.000
     7.620    -0.001    -0.001     0.000
     7.630    -0.001    -0.001     0.001
     7.640    -0.001    -0.001    -0.001
     7.650    -0.002    -0.001     0.000
     7.660    -0.001    -0.001     0.000
     7.670    -0.001    -0.002     0.001
     7.680    -0.002    -0.002    -0.001
     7.690    -0.001     0.000     0.001
     7.700     0.000    -0.001     0.000
     7.710    -0.001    -0.001    -0.001
     7.720    -0.002    -0.002     0.000
     7.730    -0.001    -0.001     0.000
     7.740    -0.001     0.001     0.002
     7.750    -0.001    -0.001     0.001
     7.760    -0.001    -0.002     0.000
     7.770    -0.001    -0.001     0.000
     7.780    -0.001    -0.001     0.000
     7.790    -0.002    -0.001     0.001
     7.800    -0.001    -0.001    -0.001
     7.810    -0.001    -0.001     0.001
     7.820    -0.002    -0.001     0.001
     7.830    -0.001    -0.001     0.000
     7.840    -0.001    -0.001     0.001
     7.850    -0.002    -0.001     0.000
     7.860    -0.001    -0.001     0.000
     7.870    -0.001    -0.002     0.000
     7.880    -0.001    -0.001     0.000
     7.890    -0.001    -0.002     0.000
     7.900    -0.001     0.000     0.001
     7.910     0.000     0.002     0.001
     7.920     0.000     0.000     0.001
     7.930     0.000     0.000     0.001
     7.940     0.001     0.000     0.001
     7.950     0.001     0.001     0.000
     7.960     0.000     0.000     0.000
     7.970     0.002     0.001     0.002
     7.980     0.000     0.000     0.000
     7.990    -0.001    -0.003     0.000
     8.000     0.005     0.004     0.005
     8.010     0.005     0.005     0.004
     8.020     0.001     0.001     0.003
     8.030     0.001     0.001     0.001
     8.040     0.002     0.001     0.000
     8.050     0.002     0.002     0.003
     8.060     0.000     0.000    -0.001
     8.070     0.001     0.000     0.000
     8.080     0.000    -0.001     0.001
     8.090     0.000     0.000     0.001
     8.100     0.005     0.004     0.004
     8.110     0.001     0.001     0.001
     8.120     0.000     0.000     0.001
     8.130     0.001     0.000     0.001
     8.140     0.000    -0.001    -0.001
     8.150     0.000     0.000     0.002
     8.160    -0.001    -0.001     0.000
     8.170     0.002     0.002     0.001
     8.180    -0.001    -0.001     0.001
     8.190     0.000    -0.001     0.001
     8.200     0.003     0.003     0.003
     8.210     0.000    -0.001     0.001
     8.220     0.000    -0.001    -0.001
     8.230     0.000     0.000     0.001
     8.240     0.001     0.000     0.002
     8.250     0.001     0.000     0.000
     8.260    -0.001    -0.001     0.000
     8.270     0.002    -0.001     0.000
     8.280     0.000    -0.001     0.000
     8.290     0.000    -0.001     0.001
     8.300     0.002     0.000     0.000
     8.310    -0.001    -0.001     0.000
     8.320     0.000    -0.004    -0.001
     8.330     0.000    -0.002    -0.001
     8.340    -0.002    -0.003     0.000
     8.350    -0.001    -0.002     0.000
     8.360     0.000     0.000    -0.001
     8.370    -0.001    -0.001    -0.001
     8.380    -0.001    -0.002    -0.001
     8.390    -0.001    -0.001    -0.001
     8.400    -0.001     0.000     0.000
     8.410    -0.001    -0.001     0.000
     8.420    -0.001    -0.002    -0.001
     8.430    -0.002    -0.003     0.000
     8.440    -0.001    -0.002     0.000
     8.450    -0.001    -0.003     0.000
     8.460    -0.001    -0.002     0.000
     8.470    -0.001    -0.001     0.001
     8.480    -0.003    -0.004     0.000
     8.490    -0.001    -0.002     0.000
     8.500     0.001     0.001     0.001
     8.510    -0.001    -0.002     0.000
     8.520    -0.001    -0.002     0.000
     8.530     0.000    -0.001     0.000
     8.540    -0.003    -0.002     0.000
     8.550    -0.001    -0.002     0.001
     8.560     0.000    -0.002     0.000
     8.570    -0.001    -0.002     0.000
     8.580     0.000    -0.002     0.001
     8.590     0.000    -0.002     0.001
     8.600    -0.001    -0.002     0.000
     8.610     0.000    -0.002     0.000
     8.620     0.000    -0.002     0.000
     8.630     0.000    -0.002     0.000
     8.640    -0.001    -0.002     0.000
     8.650    -0.002    -0.002     0.000
     8.660     0.000    -0.002     0.000
     8.670    -0.001    -0.001     0.000
     8.680    -0.001    -0.002     0.001
     8.690     0.001    -0.001     0.000
     8.700    -0.001    -0.002     0.001
     8.710     0.000    -0.002     0.002
     8.720    -0.001    -0.001     0.000
     8.730    -0.001    -0.002     0.001
     8.740     0.000    -0.001     0.001
     8.750    -0.001    -0.001     0.001
     8.760    -0.001    -0.002     0.000
     8.770     0.000    -0.001     0.001
     8.780     0.000    -0.001     0.001
     8.790    -0.001    -0.002     0.001
     8.800     0.001    -0.001     0.002
     8.810    -0.001    -0.002     0.000
     8.820    -0.001    -0.002     0.001
     8.830     0.001    -0.001     0.002
     8.840    -0.002    -0.003     0.000
     8.850     0.000    -0.002     0.001
     8.860     0.001    -0.002     0.000
     8.870    -0.001    -0.002     0.001
     8.880     0.000    -0.001     0.002
     8.890    -0.001    -0.001     0.000
     8.900     0.002     0.000     0.003
     8.910     0.002     0.000     0.003
     8.920     0.001     0.001     0.001
     8.930     0.003     0.000     0.003
     8.940     0.001     0.001     0.002
     8.950     0.002     0.002     0.002
     8.960     0.002     0.001     0.003
     8.970     0.002     0.002     0.003
     8.980     0.001    -0.001     0.002
     8.990    -0.002    -0.003    -0.001
     9.000     0.005     0.004     0.005
     9.010     0.005     0.004     0.006
     9.020     0.000    -0.001     0.002
     9.030     0.001     0.001     0.002
     9.040     0.001     0.001     0.002
     9.050     0.002     0.001     0.002
     9.060     0.001    -0.001     0.001
     9.070     0.001    -0.001     0.001
     9.080     0.001    -0.001     0.001
     9.090     0.001     0.000     0.003
     9.100     0.004     0.004     0.005
     9.110     0.000     0.001     0.002
     9.120     0.001    -0.001     0.002
     9.130     0.001     0.000     0.001
     9.140     0.000    -0.001     0.001
     9.150     0.001     0.000     0.001
     9.160     0.000     0.000     0.000
     9.170     0.003     0.000     0.003
     9.180     0.001     0.000     0.000
     9.190     0.001     0.000     0.001
     9.200     0.002     0.002     0.003
     9.210     0.001     0.000     0.001
     9.220     0.002    -0.001     0.001
     9.230     0.000     0.000     0.002
     9.240     0.002    -0.001     0.001
     9.250     0.003     0.000     0.002
     9.260     0.000    -0.001     0.001
     9.270     0.001    -0.001     0.001
     9.280     0.001    -0.001     0.001
     9.290     0.001    -0.001     0.002
     9.300     0.001     0.000     0.002
     9.310     0.000    -0.001     0.001
     9.320     0.000    -0.002     0.000
     9.330     0.000    -0.001     0.000
     9.340     0.000    -0.001     0.001
     9.350     0.000    -0.002     0.001
     9.360     0.000    -0.001     0.001
     9.370     0.000    -0.001     0.000
     9.380     0.000    -0.002     0.000
     9.390     0.000    -0.001     0.001
     9.400     0.001    -0.001     0.000
     9.410     0.000    -0.002     0.000
     9.420    -0.001    -0.002     0.001
     9.430     0.001    -0.001     0.001
     9.440     0.000    -0.001     0.000
     9.450     0.000    -0.002     0.000
     9.460     0.000    -0.001     0.001
     9.470    -0.001    -0.002     0.001
     9.480     0.000    -0.002     0.001
     9.490     0.000     0.000     0.001
     9.500     0.001     0.000     0.002
     9.510    -0.001     0.000     0.000
     9.520     0.000    -0.001     0.001
     9.530     0.000    -0.002     0.000
     9.540     0.000    -0.002    -0.001
     9.550     0.000    -0.001     0.001
     9.560     0.000    -0.001     0.000
     9.570    -0.001    -0.002     0.001
     9.580    -0.001    -0.001     0.000
     9.590     0.001    -0.001     0.000
     9.600     0.000    -0.001     0.001
     9.610    -0.001     0.000    -0.001
     9.620     0.000    -0.001     0.000
     9.630    -0.001     0.000     0.000
     9.640    -0.001    -0.002    -0.001
     9.650     0.000    -0.001    -0.001
     9.660    -0.001     0.000     0.000
     9.670    -0.001    -0.001     0.000
     9.680    -0.001    -0.001    -0.001
     9.690     0.000    -0.001     0.000
     9.700     0.001    -0.001    -0.001
     9.710    -0.001     0.000     0.000
     9.720    -0.001    -0.001     0.000
     9.730     0.000    -0.001    -0.001
     9.740    -0.001    -0.001     0.001
     9.750     0.000    -0.001     0.000
     9.760    -0.001    -0.001    -0.001
     9.770    -0.001    -0.001     0.000
     9.780     0.000    -0.001    -0.001
     9.790     0.000     0.000     0.000
     9.800     0.001    -0.001     0.000
     9.810    -0.001    -0.001    -0.001
     9.820    -0.001    -0.001    -0.001
     9.830     0.000    -0.002    -0.001
     9.840     0.000    -0.001    -0.001
     9.850     0.000     0.000     0.000
     9.860     0.000    -0.001     0.000
     9.870     0.000     0.000     0.000
     9.880    -0.001     0.000     0.000
     9.890     0.000    -0.001     0.000
     9.900     0.002     0.001     0.002
     9.910     0.003     0.002     0.002
     9.920     0.002     0.002    -0.001
     9.930     0.002     0.002     0.001
     9.940     0.003     0.001     0.001
     9.950     0.001     0.002     0.001
     9.960     0.002     0.001     0.001
     9.970     0.001     0.002     0.001
     9.980     0.000     0.000     0.000
     9.990     0.000    -0.001    -0.002
    10.000     0.004     0.005     0.003
    10.010     0.005     0.005     0.004
    10.020     0.001     0.002     0.000
    10.030     0.002     0.002     0.001
    10.040     0.003     0.001     0.000
    10.050     0.002     0.001     0.002
    10.060     0.001     0.000     0.000
    10.070     0.000     0.000    -0.001
    10.080     0.000     0.000     0.000
    10.090     0.001     0.000     0.000
    10.100     0.004     0.003     0.004
    10.110     0.001     0.002     0.001
    10.120     0.000    -0.001     0.000
    10.130     0.000     0.000     0.001
    10.140     0.000     0.000    -0.001
    10.150     0.000    -0.001     0.000
    10.160     0.000     0.000     0.000
    10.170     0.002     0.001     0.001
    10.180     0.000     0.000     0.001
    10.190     0.000     0.000     0.000
    10.200     0.002     0.001     0.002
    10.210     0.000     0.000    -0.001
    10.220     0.000    -0.001    -0.001
    10.230     0.000     0.000    -0.001
    10.240     0.001     0.000     0.000
    10.250     0.000     0.000     0.000
    10.260    -0.001    -0.001    -0.001
    10.270    -0.001     0.000     0.000
    10.280     0.000    -0.001     0.000
    10.290     0.000     0.000     0.000
    10.300     0.000     0.001     0.001
    10.310    -0.001    -0.001     0.000
    10.320    -0.002    -0.001    -0.001
    10.330     0.000    -0.002     0.000
    10.340    -0.001    -0.001    -0.001
    10.350    -0.001     0.000    -0.001
    10.360     0.000    -0.001    -0.001
    10.370    -0.001     0.000     0.000
    10.380     0.000     0.000    -0.001
    10.390     0.000     0.000    -0.001
    10.400     0.003     0.003     0.002
    10.410     0.002     0.001     0.000
    10.420    -0.001    -0.001    -0.001
    10.430     0.003     0.002     0.001
    10.440     0.002     0.000     0.002
    10.450    -0.001    -0.002    -0.001
    10.460     0.001     0.000    -0.001
    10.470     0.004     0.004     0.003
    10.480     0.001     0.001     0.001
    10.490    -0.001    -0.003    -0.001
    10.500     0.004     0.004     0.004
    10.510     0.001     0.002     0.001
    10.520    -0.002    -0.002    -0.002
    10.530     0.002     0.002     0.001
    10.540     0.000     0.001     0.001
    10.550     0.000    -0.002     0.000
    10.560     0.002     0.000     0.001
    10.570     0.001     0.002     0.000
    10.580    -0.001    -0.001    -0.001
    10.590     0.000     0.000     0.000
    10.600     0.005     0.005     0.004
    10.610     0.001     0.002     0.002
    10.620    -0.001    -0.002    -0.001
    10.630     0.002     0.001     0.002
    10.640    -0.001     0.000     0.001
    10.650    -0.001    -0.003     0.000
    10.660     0.000    -0.002     0.001
    10.670    -0.002    -0.002     0.000
    10.680    -0.002    -0.002    -0.001
    10.690    -0.001    -0.001    -0.001
    10.700    -0.001    -0.001     0.001
    10.710    -0.001    -0.001    -0.001
    10.720    -0.002    -0.002    -0.001
    10.730    -0.003    -0.002     0.000
    10.740     0.000     0.000     0.000
    10.750    -0.001    -0.001    -0.001
    10.760    -0.001    -0.001    -0.001
    10.770    -0.001    -0.001     0.000
    10.780    -0.002    -0.002    -0.001
    10.790    -0.001    -0.002     0.000
    10.800    -0.001    -0.001     0.000
    10.810    -0.001    -0.001     0.000
    10.820    -0.001    -0.001     0.000
    10.830    -0.001     0.000     0.000
    10.840    -0.001    -0.002     0.000
    10.850    -0.001    -0.001    -0.001
    10.860    -0.001    -0.001     0.000
    10.870    -0.002    -0.002     0.000
    10.880    -0.001    -0.001    -0.001
    10.890    -0.002     0.000     0.000
    10.900     0.000     0.001     0.002
    10.910     0.001     0.002     0.001
    10.920     0.000     0.000     0.002
    10.930     0.001     0.001     0.002
    10.940     0.002     0.002     0.000
    10.950     0.001     0.002     0.001
    10.960     0.000     0.000     0.001
    10.970     0.002     0.001     0.002
    10.980    -0.001     0.000     0.001
    10.990    -0.002    -0.003    -0.001
    11.000     0.005     0.004     0.002
    11.010     0.004     0.005     0.003
    11.020     0.000    -0.001     0.001
    11.030     0.000     0.002     0.002
    11.040     0.002     0.001     0.002
    11.050     0.002     0.000     0.002
    11.060    -0.001     0.000     0.001
    11.070     0.000     0.000     0.001
    11.080     0.001     0.000     0.001
    11.090    -0.001     0.000     0.001
    11.100     0.002     0.005     0.004
    11.110     0.001     0.001     0.002
    11.120    -0.002    -0.001     0.000
    11.130     0.000     0.002     0.000
    11.140    -0.001    -0.001     0.000
    11.150    -0.001     0.001     0.000
    11.160     0.001    -0.001     0.001
    11.170     0.000     0.002     0.002
    11.180     0.000     0.001     0.000
    11.190     0.000    -0.001     0.001
    11.200     0.002     0.002     0.002
    11.210     0.001    -0.001     0.002
    11.220    -0.002    -0.001     0.001
    11.230     0.000     0.000     0.000
    11.240     0.000     0.000     0.002
    11.250    -0.001    -0.001     0.000
    11.260    -0.001    -0.001    -0.001
    11.270    -0.001    -0.002     0.001
    11.280     0.000    -0.002     0.001
    11.290     0.000     0.000     0.001
    11.300     0.000    -0.001     0.000
    11.310     0.000    -0.001     0.001
    11.320    -0.001    -0.002     0.001
    11.330     0.000    -0.002     0.000
    11.340    -0.001    -0.002     0.000
    11.350    -0.001    -0.002     0.000
    11.360    -0.001    -0.002     0.000
    11.370    -0.001    -0.001     0.000
    11.380    -0.001    -0.002     0.000
    11.390    -0.002    -0.002     0.001
    11.400     0.000    -0.002     0.001
    11.410    -0.002    -0.001     0.000
    11.420    -0.002    -0.003     0.000
    11.430     0.000    -0.003     0.000
    11.440    -0.002    -0.001     0.000
    11.450    -0.001    -0.001     0.000
    11.460     0.000    -0.001     0.000
    11.470    -0.001    -0.001     0.001
    11.480    -0.002    -0.002     0.000
    11.490     0.000    -0.001     0.000
    11.500     0.000     0.000     0.002
    11.510    -0.002     0.000     0.001
    11.520    -0.001     0.000     0.001
    11.530    -0.001    -0.002     0.000
    11.540    -0.001    -0.001     0.001
    11.550     0.000    -0.001     0.001
    11.560    -0.001    -0.002     0.000
    11.570     0.000    -0.002     0.000
    11.580     0.000    -0.002    -0.001
    11.590    -0.002    -0.001     0.001
    11.600     0.000    -0.001     0.002
    11.610     0.000    -0.002     0.001
    11.620    -0.001    -0.002     0.000
    11.630    -0.001    -0.001     0.001
    11.640    -0.001    -0.001     0.001
    11.650    -0.001    -0.001     0.001
    11.660     0.000    -0.002     0.002
    11.670     0.000    -0.001     0.001
    11.680     0.000     0.000     0.001
    11.690     0.000    -0.002     0.003
    11.700     0.000    -0.001     0.000
    11.710     0.000     0.000     0.001
    11.720    -0.001    -0.001     0.002
    11.730    -0.001    -0.001     0.001
    11.740     0.000    -0.001     0.001
    11.750    -0.001    -0.001     0.000
    11.760    -0.001    -0.001     0.001
    11.770    -0.001     0.000     0.000
    11.780    -0.001    -0.001     0.000
    11.790     0.000    -0.001     0.001
    11.800    -0.001     0.000     0.000
    11.810    -0.001    -0.001     0.001
    11.820    -0.001    -0.001     0.001
    11.830    -0.002    -0.001     0.002
    11.840    -0.002    -0.001     0.001
    11.850    -0.001     0.000     0.000
    11.860    -0.001    -0.001     0.001
    11.870    -0.001    -0.001     0.000
    11.880    -0.002     0.000     0.000
    11.890    -0.001    -0.001     0.001
    11.900     0.001     0.001     0.002
    11.910     0.000     0.001     0.002
    11.920     0.001     0.000     0.001
    11.930     0.002     0.001     0.003
    11.940    -0.001     0.001     0.002
    11.950     0.001     0.001     0.001
    11.960     0.002     0.002     0.002
    11.970     0.001     0.001     0.001
    11.980     0.000    -0.001     0.001
    11.990    -0.002    -0.002    -0.001
    12.000     0.005     0.005     0.004
    12.010     0.005     0.005     0.005
    12.020     0.001     0.000     0.000
    12.030     0.002     0.001     0.003
    12.040     0.001     0.001     0.003
    12.050     0.002     0.001     0.003
    12.060     0.000     0.001     0.002
    12.070     0.000     0.000     0.001
    12.080     0.000    -0.001     0.001
    12.090     0.001     0.000     0.001
    12.100     0.004     0.003     0.005
    12.110     0.003     0.001     0.002
    12.120     0.001     0.000     0.001
    12.130     0.000     0.000     0.001
    12.140     0.001    -0.002     0.000
    12.150     0.000    -0.001     0.001
    12.160    -0.001    -0.001     0.001
    12.170     0.002     0.002     0.002
    12.180     0.001    -0.001     0.001
    12.190     0.000     0.000     0.000
    12.200     0.002     0.002     0.003
    12.210     0.001     0.000     0.001
    12.220     0.000    -0.001     0.001
    12.230     0.001     0.000     0.002
    12.240     0.001     0.001     0.001
    12.250     0.001    -0.001     0.001
    12.260     0.000    -0.001     0.001
    12.270     0.001    -0.001     0.001
    12.280     0.000    -0.001     0.001
    12.290     0.001     0.001     0.001
    12.300     0.002    -0.001     0.001
    12.310    -0.001    -0.001     0.001
    12.320    -0.001    -0.002     0.000
    12.330     0.000    -0.001     0.000
    12.340    -0.002    -0.001     0.001
    12.350     0.000    -0.003     0.001
    12.360    -0.001    -0.002     0.000
    12.370    -0.001    -0.002     0.001
    12.380     0.000    -0.001     0.001
    12.390     0.000    -0.002     0.000
    12.400     0.001    -0.001     0.002
    12.410    -0.001    -0.002     0.002
    12.420    -0.001    -0.003     0.000
    12.430     0.000    -0.001     0.001
    12.440    -0.001    -0.002     0.001
    12.450     0.000    -0.002     0.000
    12.460     0.000    -0.001     0.001
    12.470     0.000    -0.002     0.001
    12.480    -0.001    -0.002     0.001
    12.490     0.000    -0.002     0.001
    12.500     0.002     0.000     0.001
    12.510    -0.001    -0.001     0.000
    12.520    -0.002    -0.001     0.001
    12.530     0.000    -0.001     0.000
    12.540    -0.002    -0.003     0.000
    12.550     0.000    -0.002     0.001
    12.560     0.000    -0.002     0.000
    12.570    -0.001    -0.001     0.001
    12.580     0.000     0.000     0.000
    12.590     0.000    -0.002    -0.001
    12.600     0.001    -0.001     0.001
    12.610     0.000    -0.002     0.001
    12.620    -0.001    -0.002     0.000
    12.630     0.000    -0.002     0.000
    12.640    -0.001    -0.002     0.000
    12.650     0.000    -0.002     0.000
    12.660     0.001    -0.001     0.001
    12.670     0.000    -0.001     0.000
    12.680    -0.001    -0.002     0.000
    12.690     0.000    -0.001     0.000
    12.700     0.002    -0.001     0.000
    12.710     0.001    -0.001     0.001
    12.720     0.001    -0.001     0.001
    12.730     0.000    -0.001     0.000
    12.740     0.001    -0.001     0.001
    12.750     0.001    -0.001     0.001
    12.760    -0.001    -0.001     0.000
    12.770     0.001    -0.001     0.000
    12.780     0.000     0.000     0.001
    12.790     0.001    -0.002     0.001
    12.800     0.002    -0.001     0.001
    12.810     0.000    -0.001     0.000
    12.820    -0.001    -0.001     0.000
    12.830     0.000     0.001    -0.001
    12.840    -0.001     0.000     0.000
    12.850    -0.001    -0.001     0.002
    12.860     0.000    -0.001     0.000
    12.870     0.000     0.000     0.000
    12.880     0.000    -0.001     0.000
    12.890     0.000    -0.001     0.000
    12.900     0.002     0.001     0.002
    12.910     0.002     0.000     0.003
    12.920     0.000     0.001     0.002
    12.930     0.002     0.001     0.002
    12.940     0.002     0.000     0.001
    12.950     0.002     0.002     0.002
    12.960     0.002    -0.001     0.002
    12.970     0.001     0.000     0.002
    12.980     0.000     0.000     0.002
    12.990    -0.001    -0.004    -0.001
    13.000     0.005     0.004     0.005
    13.010     0.005     0.005     0.007
    13.020     0.001     0.000     0.001
    13.030     0.003     0.001     0.003
    13.040     0.001    -0.001     0.002
    13.050     0.002     0.002     0.003
    13.060     0.002     0.000     0.001
    13.070     0.000    -0.001     0.000
    13.080     0.001     0.000     0.001
    13.090     0.000    -0.001     0.000
    13.100     0.004     0.003     0.004
    13.110     0.003     0.000     0.002
    13.120     0.000     0.000     0.002
    13.130     0.001     0.000     0.001
    13.140     0.000    -0.001     0.000
    13.150     0.002     0.001     0.001
    13.160     0.000     0.000     0.000
    13.170     0.001     0.001     0.002
    13.180     0.002     0.001     0.001
    13.190     0.000     0.001     0.000
    13.200     0.003     0.003     0.003
    13.210     0.001     0.001     0.001
    13.220    -0.001     0.000     0.000
    13.230     0.000     0.000     0.001
    13.240     0.000    -0.001     0.000
    13.250     0.001     0.000     0.000
    13.260     0.000     0.000     0.000
    13.270     0.000    -0.001     0.000
    13.280     0.001    -0.001     0.000
    13.290     0.001     0.001     0.001
    13.300     0.002     0.001     0.001
    13.310     0.001    -0.001     0.000
    13.320     0.000    -0.001     0.000
    13.330     0.000    -0.001    -0.001
    13.340    -0.001    -0.002    -0.001
    13.350     0.000    -0.001    -0.001
    13.360     0.000    -0.001    -0.001
    13.370     0.000    -0.001     0.000
    13.380     0.000    -0.001    -0.001
    13.390    -0.001    -0.001     0.000
    13.400     0.000    -0.001     0.000
    13.410    -0.001    -0.001    -0.001
    13.420    -0.001    -0.001    -0.001
    13.430    -0.001    -0.001    -0.001
    13.440    -0.001    -0.001     0.000
    13.450     0.000    -0.001    -0.001
    13.460    -0.001    -0.002     0.000
    13.470     0.000    -0.001     0.000
    13.480     0.000    -0.001    -0.001
    13.490     0.001    -0.001    -0.001
    13.500     0.001     0.000     0.002
    13.510     0.000    -0.002     0.000
    13.520     0.001    -0.001    -0.001
    13.530     0.000     0.000    -0.001
    13.540     0.000    -0.001    -0.001
    13.550     0.001    -0.001     0.000
    13.560    -0.001    -0.001    -0.001
    13.570     0.001    -0.001     0.000
    13.580     0.000    -0.002     0.000
    13.590     0.000    -0.001     0.000
    13.600     0.001    -0.001     0.001
    13.610     0.000    -0.002    -0.001
    13.620     0.001    -0.001     0.000
    13.630     0.000    -0.002     0.000
    13.640    -0.001    -0.001    -0.001
    13.650     0.001    -0.001     0.000
    13.660     0.000    -0.001     0.000
    13.670    -0.001    -0.001     0.000
    13.680     0.000    -0.002    -0.001
    13.690    -0.001    -0.002    -0.001
    13.700     0.000    -0.001     0.001
    13.710     0.000    -0.001     0.000
    13.720     0.000    -0.002    -0.001
    13.730    -0.001    -0.002    -0.001
    13.740    -0.001    -0.001     0.001
    13.750     0.000    -0.002     0.000
    13.760     0.000    -0.002     0.000
    13.770     0.000    -0.002     0.001
    13.780    -0.001    -0.002    -0.001
    13.790    -0.001    -0.002     0.001
    13.800    -0.001    -0.001     0.001
    13.810    -0.001    -0.001    -0.001
    13.820    -0.001    -0.002     0.000
    13.830    -0.001    -0.002    -0.001
    13.840    -0.001    -0.002    -0.001
    13.850    -0.001    -0.001     0.000
    13.860    -0.001    -0.001     0.000
    13.870    -0.001    -0.002    -0.001
    13.880    -0.001    -0.002    -0.001
    13.890    -0.001    -0.003    -0.001
    13.900     0.001     0.000     0.000
    13.910     0.002     0.001     0.001
    13.920     0.000     0.000     0.000
    13.930     0.001     0.001     0.001
    13.940     0.001     0.000     0.000
    13.950     0.001     0.001     0.000
    13.960     0.001     0.001     0.001
    13.970     0.001     0.000     0.001
    13.980    -0.001    -0.001    -0.001
    13.990    -0.002    -0.003    -0.002
    14.000     0.004     0.004     0.004
    14.010     0.005     0.004     0.004
    14.020     0.000    -0.001     0.000
    14.030     0.001     0.002     0.001
    14.040     0.003     0.001     0.001
    14.050     0.002     0.001     0.002
    14.060     0.001     0.000     0.001
    14.070     0.000    -0.001     0.001
    14.080     0.000     0.000     0.000
    14.090     0.002     0.000     0.000
    14.100     0.003     0.002     0.004
    14.110     0.001     0.001     0.001
    14.120     0.001    -0.001     0.001
    14.130     0.001     0.000     0.001
    14.140     0.000     0.000     0.000
    14.150     0.000    -0.001     0.000
    14.160     0.000    -0.001     0.000
    14.170     0.002     0.000     0.001
    14.180     0.001    -0.001     0.000
    14.190     0.001    -0.002     0.000
    14.200     0.004     0.002     0.002
    14.210     0.000     0.000     0.000
    14.220     0.000    -0.002     0.000
    14.230     0.001     0.000     0.000
    14.240     0.001    -0.001     0.001
    14.250     0.001    -0.001     0.000
    14.260    -0.001    -0.002     0.000
    14.270     0.000    -0.001     0.000
    14.280    -0.001    -0.001    -0.001
    14.290     0.000    -0.001     0.001
    14.300     0.001     0.000     0.001
    14.310    -0.001    -0.002    -0.001
    14.320     0.000    -0.001     0.000
    14.330    -0.001    -0.001     0.000
    14.340     0.000    -0.001    -0.001
    14.350     0.000    -0.001    -0.001
    14.360     0.000    -0.002    -0.001
    14.370     0.000     0.000    -0.001
    14.380    -0.001    -0.002    -0.001
    14.390     0.000    -0.002     0.000
    14.400    -0.001     0.000     0.000
    14.410    -0.001    -0.002    -0.001
    14.420    -0.001    -0.001    -0.001
    14.430    -0.002    -0.001    -0.002
    14.440    -0.002    -0.001    -0.002
    14.450    -0.001    -0.001     0.000
    14.460    -0.002    -0.001     0.000
    14.470    -0.001     0.000     0.000
    14.480    -0.001    -0.001     0.000
    14.490    -0.001    -0.001     0.000
    14.500     0.001     0.001     0.000
    14.510    -0.001    -0.001     0.000
    14.520     0.000    -0.002     0.000
    14.530     0.001    -0.001    -0.001
    14.540    -0.001    -0.001     0.000
    14.550     0.000    -0.001     0.000
    14.560     0.000     0.000     0.000
    14.570    -0.002    -0.002    -0.001
    14.580     0.000    -0.001    -0.001
    14.590     0.000    -0.001     0.001
    14.600     0.000    -0.002     0.000
    14.610    -0.001    -0.002    -0.001
    14.620    -0.001    -0.001     0.000
    14.630    -0.002    -0.003     0.000
    14.640    -0.001    -0.001    -0.001
    14.650     0.001    -0.001    -0.001
    14.660     0.000    -0.002     0.001
    14.670    -0.002    -0.002     0.000
    14.680     0.000    -0.002    -0.001
    14.690     0.000    -0.001     0.000
    14.700     0.000     0.000     0.000
    14.710     0.000    -0.002     0.001
    14.720    -0.001    -0.002    -0.001
    14.730    -0.001    -0.001     0.000
    14.740     0.001    -0.002     0.000
    14.750     0.000    -0.002     0.000
    14.760    -0.001    -0.002     0.000
    14.770     0.000    -0.002     0.000
    14.780     0.000    -0.002     0.000
    14.790     0.000    -0.002     0.000
    14.800     0.000    -0.001     0.001
    14.810     0.000    -0.002    -0.001
    14.820    -0.001    -0.001    -0.001
    14.830    -0.001    -0.001    -0.001
    14.840    -0.001    -0.002    -0.001
    14.850    -0.001    -0.001     0.000
    14.860     0.000    -0.002    -0.001
    14.870    -0.001    -0.002    -0.001
    14.880    -0.002    -0.002    -0.001
    14.890    -0.001    -0.002    -0.001
    14.900     0.001     0.000     0.001
    14.910     0.001     0.000     0.002
    14.920     0.001    -0.001     0.001
    14.930     0.001     0.001     0.001
    14.940     0.003     0.000     0.001
    14.950     0.001     0.001     0.001
    14.960     0.001     0.001     0.001
    14.970     0.002     0.000     0.001
    14.980    -0.001     0.000     0.000
    14.990    -0.001    -0.003    -0.001
    15.000     0.004     0.004     0.002
    15.010     0.005     0.004     0.004
    15.020     0.002     0.000     0.001
    15.030     0.002     0.002     0.002
    15.040     0.001     0.001     0.003
    15.050     0.002     0.003     0.002
    15.060     0.001    -0.001     0.001
    15.070     0.001    -0.001     0.000
    15.080     0.001     0.000    -0.001
    15.090     0.001    -0.001     0.001
    15.100     0.004     0.003     0.003
    15.110     0.002     0.000     0.001
    15.120     0.000    -0.001     0.000
    15.130     0.001    -0.001     0.001
    15.140     0.000    -0.001     0.001
    15.150     0.000     0.000     0.000
    15.160     0.001    -0.001     0.000
    15.170     0.001     0.002     0.002
    15.180     0.001     0.000     0.001
    15.190     0.001    -0.001     0.001
    15.200     0.003     0.002     0.003
    15.210     0.002     0.000     0.001
    15.220    -0.001     0.000     0.000
    15.230     0.000     0.001     0.001
    15.240     0.000     0.000     0.001
    15.250     0.001    -0.001     0.001
    15.260     0.000    -0.001     0.001
    15.270     0.000    -0.001     0.000
    15.280     0.000    -0.001     0.000
    15.290     0.001     0.000     0.002
    15.300     0.001     0.000     0.001
    15.310     0.000    -0.001     0.000
    15.320     0.000    -0.001     0.001
    15.330     0.000    -0.001     0.000
    15.340    -0.001    -0.002     0.000
    15.350    -0.001    -0.001     0.001
    15.360    -0.001    -0.002    -0.001
    15.370    -0.001    -0.002    -0.001
    15.380     0.001     0.001     0.001
    15.390    -0.001    -0.002     0.000
    15.400     0.001     0.001     0.000
    15.410     0.004     0.004     0.003
    15.420     0.002     0.001     0.002
    15.430    -0.002    -0.001    -0.001
    15.440     0.001     0.000     0.002
    15.450     0.006     0.007     0.005
    15.460     0.001     0.002     0.001
    15.470     0.000    -0.003     0.000
    15.480     0.000     0.000     0.000
    15.490    -0.001    -0.003     0.000
    15.500     0.002     0.000     0.001
    15.510     0.000     0.000     0.000
    15.520    -0.001    -0.001     0.000
    15.530    -0.001     0.000    -0.001
    15.540    -0.001    -0.001     0.000
    15.550    -0.001    -0.002     0.000
    15.560    -0.001    -0.002     0.000
    15.570     0.000    -0.001    -0.001
    15.580    -0.001    -0.001    -0.001
    15.590    -0.001    -0.001     0.000
    15.600    -0.001    -0.001     0.000
    15.610    -0.001    -0.001     0.000
    15.620     0.000    -0.001     0.000
    15.630    -0.001     0.000     0.000
    15.640    -0.001    -0.001     0.000
    15.650    -0.001    -0.001    -0.001
    15.660    -0.002    -0.001     0.000
    15.670     0.000    -0.001     0.000
    15.680    -0.001    -0.001     0.000
    15.690     0.000    -0.001     0.000
    15.700     0.000    -0.001     0.000
    15.710    -0.001    -0.001     0.000
    15.720     0.000    -0.001    -0.001
    15.730    -0.002    -0.001    -0.001
    15.740     0.000    -0.002     0.000
    15.750     0.000     0.000     0.000
    15.760    -0.002    -0.001     0.000
    15.770     0.000    -0.001    -0.001
    15.780    -0.001    -0.001    -0.001
    15.790     0.000    -0.002     0.000
    15.800     0.000     0.000     0.000
    15.810    -0.001    -0.001    -0.001
    15.820     0.000    -0.001    -0.001
    15.830     0.000    -0.002    -0.001
    15.840    -0.001    -0.003    -0.001
    15.850    -0.001    -0.001     0.000
    15.860    -0.001    -0.002    -0.001
    15.870    -0.001    -0.001    -0.001
    15.880    -0.001    -0.001     0.000
    15.890    -0.002    -0.002     0.000
    15.900     0.000     0.001     0.001
    15.910     0.000     0.000     0.000
    15.920     0.001     0.000     0.002
    15.930     0.002     0.001     0.003
    15.940     0.000     0.001     0.002
    15.950     0.001     0.001     0.002
    15.960     0.001     0.001     0.001
    15.970     0.001     0.001     0.002
    15.980    -0.002     0.000     0.000
    15.990    -0.002    -0.002    -0.001
    16.000     0.004     0.004     0.004
    16.010     0.004     0.005     0.004
    16.020     0.001     0.000     0.001
    16.030     0.001     0.001     0.001
    16.040     0.001     0.002     0.001
    16.050     0.001     0.002     0.003
    16.060     0.000     0.001     0.001
    16.070     0.000     0.001     0.000
    16.080    -0.001     0.000     0.001
    16.090     0.001     0.000     0.000
    16.100     0.004     0.004     0.003
    16.110     0.001     0.001     0.002
    16.120     0.001    -0.001     0.001
    16.130     0.001    -0.001     0.000
    16.140    -0.001    -0.001     0.000
    16.150     0.001    -0.001     0.000
    16.160     0.000    -0.001    -0.001
    16.170     0.001     0.000     0.002
    16.180     0.001    -0.001     0.001
    16.190    -0.001    -0.001    -0.001
    16.200     0.002     0.002     0.001
    16.210     0.000     0.000     0.000
    16.220    -0.001    -0.001     0.000
    16.230     0.000     0.000     0.000
    16.240     0.000     0.001     0.001
    16.250     0.001     0.000     0.001
    16.260     0.001     0.000    -0.001
    16.270     0.000     0.000     0.000
    16.280     0.000    -0.001    -0.001
    16.290     0.000     0.000     0.001
    16.300     0.001     0.000     0.000
    16.310     0.001    -0.001    -0.001
    16.320     0.000    -0.001    -0.001
    16.330    -0.001    -0.001    -0.001
    16.340     0.000    -0.001    -0.001
    16.350    -0.001    -0.002    -0.001
    16.360    -0.001    -0.001    -0.001
    16.370     0.000    -0.001    -0.001
    16.380    -0.001     0.000     0.000
    16.390     0.000     0.000     0.000
    16.400     0.000     0.000     0.000
    16.410    -0.001    -0.001    -0.001
    16.420     0.000    -0.001    -0.001
    16.430    -0.001    -0.001     0.000
    16.440    -0.001    -0.001    -0.001
    16.450    -0.001    -0.001    -0.001
    16.460    -0.001    -0.001    -0.001
    16.470     0.000    -0.001    -0.001
    16.480    -0.001    -0.001     0.000
    16.490     0.000     0.000     0.000
    16.500     0.001     0.001     0.001
    16.510    -0.001    -0.001     0.000
    16.520     0.000    -0.001    -0.001
    16.530    -0.002    -0.001    -0.001
    16.540    -0.002     0.000    -0.001
    16.550     0.000    -0.001     0.000
    16.560    -0.001    -0.001     0.000
    16.570    -0.001     0.000     0.000
    16.580     0.000    -0.001     0.001
    16.590    -0.001     0.001     0.000
    16.600     0.000     0.000     0.000
    16.610    -0.001     0.000     0.000
    16.620    -0.001    -0.001    -0.002
    16.630     0.000    -0.002    -0.001
    16.640    -0.002    -0.001    -0.001
    16.650    -0.001    -0.002    -0.001
    16.660     0.000    -0.001    -0.001
    16.670    -0.002     0.000    -0.001
    16.680    -0.001    -0.002    -0.001
    16.690    -0.002    -0.001     0.000
    16.700     0.000    -0.001     0.001
    16.710    -0.001    -0.002     0.000
    16.720    -0.001    -0.002     0.001
    16.730     0.000    -0.002     0.000
    16.740    -0.002    -0.001     0.000
    16.750    -0.001    -0.002     0.001
    16.760    -0.001    -0.001     0.000
    16.770    -0.001     0.000    -0.001
    16.780     0.000    -0.002    -0.001
    16.790    -0.001    -0.001     0.000
    16.800    -0.001     0.000     0.000
    16.810     0.000    -0.001     0.000
    16.820    -0.001    -0.001     0.000
    16.830    -0.002    -0.001     0.000
    16.840    -0.001    -0.001     0.000
    16.850    -0.001    -0.001     0.001
    16.860    -0.002    -0.002     0.000
    16.870     0.000    -0.001     0.000
    16.880    -0.001    -0.001     0.000
    16.890    -0.001    -0.002     0.000
    16.900     0.001     0.001     0.002
    16.910     0.000     0.002     0.001
    16.920     0.001     0.000     0.001
    16.930     0.002     0.002     0.002
    16.940     0.001     0.001     0.002
    16.950     0.002     0.000     0.002
    16.960     0.001     0.001     0.001
    16.970     0.001     0.001     0.002
    16.980     0.000     0.000     0.000
    16.990    -0.002    -0.002    -0.001
    17.000     0.003     0.005     0.005
    17.010     0.003     0.005     0.004
    17.020     0.000     0.001     0.001
    17.030     0.002     0.001     0.002
    17.040     0.000     0.000     0.001
    17.050     0.002     0.002     0.002
    17.060    -0.001    -0.001     0.000
    17.070    -0.001    -0.001     0.001
    17.080     0.000     0.000     0.001
    17.090     0.000    -0.001     0.001
    17.100     0.004     0.004     0.004
    17.110     0.001     0.002     0.001
    17.120     0.000    -0.002     0.001
    17.130     0.001    -0.001     0.001
    17.140    -0.002    -0.002    -0.001
    17.150     0.000    -0.002     0.000
    17.160     0.000    -0.001    -0.001
    17.170     0.000     0.001     0.002
    17.180     0.001     0.000     0.000
    17.190     0.000     0.000     0.000
    17.200     0.001     0.002     0.002
    17.210     0.001     0.001     0.000
    17.220     0.000    -0.001     0.000
    17.230     0.001    -0.001     0.000
    17.240     0.001     0.000     0.001
    17.250     0.000    -0.001     0.000
    17.260     0.001    -0.002     0.000
    17.270     0.000     0.000     0.001
    17.280     0.000     0.000     0.000
    17.290    -0.001     0.000     0.000
    17.300     0.001     0.001     0.001
    17.310     0.001    -0.001     0.000
    17.320    -0.001    -0.002     0.000
    17.330    -0.001    -0.001    -0.001
    17.340    -0.001    -0.001    -0.001
    17.350     0.000    -0.002     0.000
    17.360    -0.001    -0.003     0.000
    17.370     0.000    -0.002    -0.001
    17.380    -0.001    -0.001     0.000
    17.390    -0.002    -0.002     0.000
    17.400     0.000    -0.001     0.000
    17.410    -0.001     0.000     0.001
    17.420    -0.001    -0.002     0.000
    17.430    -0.001    -0.002     0.000
    17.440    -0.002    -0.001     0.000
    17.450    -0.001    -0.001     0.000
    17.460    -0.001    -0.002     0.000
    17.470    -0.001    -0.001     0.000
    17.480     0.000    -0.002     0.000
    17.490     0.000    -0.001    -0.001
    17.500     0.001     0.000     0.001
    17.510    -0.001    -0.002     0.000
    17.520    -0.002    -0.002    -0.001
    17.530     0.000    -0.001     0.001
    17.540    -0.001    -0.001    -0.001
    17.550    -0.001    -0.001     0.001
    17.560     0.000    -0.001     0.000
    17.570     0.000     0.000    -0.001
    17.580     0.000    -0.002     0.000
    17.590     0.000    -0.001    -0.001
    17.600     0.001     0.000     0.001
    17.610     0.000    -0.003     0.000
    17.620     0.001    -0.002     0.000
    17.630     0.000     0.000     0.000
    17.640    -0.001    -0.001     0.000
    17.650    -0.001    -0.002     0.001
    17.660     0.001    -0.001     0.001
    17.670     0.001    -0.001     0.000
    17.680    -0.002    -0.002     0.000
    17.690     0.000     0.000     0.001
    17.700     0.001    -0.001     0.000
    17.710     0.000    -0.001     0.000
    17.720     0.001    -0.001     0.000
    17.730     0.000    -0.001     0.000
    17.740     0.000     0.000     0.000
    17.750     0.000    -0.001     0.000
    17.760     0.000    -0.001     0.001
    17.770     0.000    -0.002    -0.001
    17.780     0.000    -0.002    -0.001
    17.790     0.001    -0.001     0.000
    17.800     0.000    -0.001     0.000
    17.810     0.000    -0.001     0.000
    17.820     0.000    -0.001    -0.001
    17.830     0.002    -0.001     0.000
    17.840     0.001    -0.001    -0.001
    17.850     0.000    -0.003     0.000
    17.860     0.001    -0.002     0.001
    17.870    -0.001     0.000    -0.001
    17.880    -0.001    -0.002     0.000
    17.890     0.000    -0.002     0.000
    17.900     0.001     0.000     0.000
    17.910     0.003     0.001     0.002
    17.920     0.001    -0.001     0.000
    17.930     0.003     0.001     0.001
    17.940     0.002     0.002     0.001
    17.950     0.001     0.000     0.001
    17.960     0.002     0.001     0.002
    17.970     0.001     0.002     0.001
    17.980     0.001     0.000     0.001
    17.990     0.000    -0.003    -0.001
    18.000     0.005     0.004     0.004
    18.010     0.005     0.005     0.004
    18.020     0.001     0.000     0.000
    18.030     0.002     0.001     0.001
    18.040     0.002     0.001     0.001
    18.050     0.003     0.003     0.002
    18.060     0.000     0.000     0.000
    18.070     0.000    -0.001    -0.001
    18.080     0.001    -0.001     0.000
    18.090     0.001     0.000    -0.001
    18.100     0.004     0.004     0.002
    18.110     0.002     0.000     0.001
    18.120     0.002    -0.001     0.000
    18.130     0.002     0.000     0.000
    18.140     0.001    -0.001    -0.001
    18.150     0.001    -0.001     0.000
    18.160     0.000    -0.002     0.000
    18.170     0.001    -0.001     0.001
    18.180     0.002     0.001     0.001
    18.190     0.002     0.001     0.001
    18.200     0.001     0.001    -0.001
    18.210     0.003     0.002     0.001
    18.220     0.002     0.003     0.002
    18.230     0.000     0.000     0.000
    18.240     0.002     0.000     0.000
    18.250     0.000     0.001     0.000
    18.260     0.000     0.000     0.000
    18.270     0.001     0.000     0.001
    18.280     0.001    -0.001     0.000
    18.290     0.000     0.001     0.001
    18.300     0.001     0.000     0.002
    18.310     0.001    -0.001     0.000
    18.320     0.001     0.000     0.001
    18.330     0.000     0.000     0.000
    18.340     0.000    -0.001    -0.001
    18.350     0.000    -0.002     0.000
    18.360     0.000    -0.001     0.000
    18.370     0.000    -0.001     0.000
    18.380     0.000    -0.001    -0.001
    18.390    -0.001    -0.001     0.000
    18.400     0.000    -0.001     0.000
    18.410     0.000    -0.002    -0.001
    18.420     0.000    -0.002     0.000
    18.430    -0.001    -0.002    -0.001
    18.440    -0.001    -0.001    -0.001
    18.450     0.000    -0.001    -0.001
    18.460    -0.001    -0.001    -0.001
    18.470     0.000    -0.002     0.000
    18.480     0.000    -0.002    -0.001
    18.490    -0.001    -0.001     0.000
    18.500     0.001     0.000     0.001
    18.510     0.000    -0.001     0.001
    18.520    -0.001    -0.003     0.000
    18.530     0.000    -0.001     0.000
    18.540    -0.001     0.000     0.000
    18.550    -0.001    -0.001     0.000
    18.560    -0.001    -0.001     0.000
    18.570    -0.001    -0.001     0.000
    18.580    -0.001    -0.002    -0.001
    18.590    -0.001    -0.002     0.000
    18.600     0.000     0.000     0.001
    18.610    -0.001    -0.001     0.000
    18.620    -0.001    -0.002    -0.001
    18.630    -0.001    -0.001     0.000
    18.640     0.000    -0.001    -0.001
    18.650     0.000    -0.002     0.000
    18.660    -0.001    -0.001     0.000
    18.670    -0.001     0.000     0.000
    18.680    -0.001    -0.001     0.001
    18.690     0.001    -0.002    -0.001
    18.700     0.001    -0.001     0.001
    18.710     0.000    -0.002     0.001
    18.720    -0.001    -0.001    -0.001
    18.730     0.000    -0.001     0.000
    18.740     0.000    -0.001     0.000
    18.750    -0.001    -0.001     0.000
    18.760     0.000    -0.002     0.000
    18.770     0.000    -0.001    -0.001
    18.780     0.000    -0.001    -0.001
    18.790     0.000    -0.002     0.000
    18.800     0.002     0.000     0.000
    18.810     0.000    -0.001    -0.001
    18.820    -0.001    -0.003     0.000
    18.830     0.000    -0.001     0.000
    18.840    -0.002     0.000     0.000
    18.850     0.000    -0.002     0.000
    18.860     0.000    -0.003     0.000
    18.870     0.000    -0.001     0.000
    18.880     0.001    -0.001    -0.001
    18.890    -0.001    -0.002     0.000
    18.900     0.003     0.001     0.001
    18.910     0.003     0.001     0.001
    18.920     0.001     0.001     0.002
    18.930     0.002     0.001     0.003
    18.940     0.001     0.000     0.001
    18.950     0.003     0.001     0.001
    18.960     0.001     0.000     0.001
    18.970     0.001     0.001     0.002
    18.980     0.001     0.000     0.002
    18.990    -0.001    -0.003    -0.001
    19.000     0.005     0.004     0.005
    19.010     0.005     0.005     0.004
    19.020     0.002     0.001     0.000
    19.030     0.003     0.002     0.002
    19.040     0.002     0.001     0.001
    19.050     0.003     0.002     0.003
    19.060     0.001     0.002     0.002
    19.070     0.001     0.001     0.001
    19.080     0.001     0.001     0.000
    19.090     0.002     0.000     0.001
    19.100     0.005     0.005     0.004
    19.110     0.002     0.002     0.002
    19.120     0.001    -0.001     0.002
    19.130     0.001     0.001     0.000
    19.140     0.002     0.000    -0.001
    19.150     0.001    -0.001     0.000
    19.160     0.000     0.001     0.001
    19.170     0.001     0.001     0.002
    19.180     0.001    -0.002    -0.001
    19.190     0.003     0.001     0.000
    19.200     0.001     0.003     0.001
    19.210     0.000     0.000     0.001
    19.220     0.001     0.000     0.000
    19.230     0.001     0.000    -0.001
    19.240     0.003     0.002     0.000
    19.250     0.000     0.000     0.000
    19.260     0.000    -0.001     0.000
    19.270     0.001     0.000    -0.001
    19.280     0.000     0.000    -0.002
    19.290     0.002     0.002     0.000
    19.300     0.001     0.001     0.001
    19.310     0.000    -0.001     0.000
    19.320     0.000    -0.001    -0.001
    19.330    -0.001    -0.002    -0.001
    19.340     0.001    -0.001    -0.001
    19.350     0.000    -0.002     0.000
    19.360    -0.001    -0.001    -0.001
    19.370     0.000    -0.001    -0.001
    19.380     0.000    -0.002    -0.001
    19.390     0.000    -0.001    -0.001
    19.400    -0.001    -0.001    -0.001
    19.410    -0.001    -0.001    -0.001
    19.420    -0.001    -0.002    -0.001
    19.430     0.000    -0.001    -0.001
    19.440     0.001    -0.001    -0.001
    19.450     0.000    -0.002     0.000
    19.460    -0.001    -0.001    -0.002
    19.470     0.000    -0.001    -0.001
    19.480    -0.001    -0.002    -0.002
    19.490     0.000    -0.001    -0.002
    19.500     0.001     0.001     0.001
    19.510     0.000     0.001     0.000
    19.520     0.000     0.000    -0.001
    19.530     0.000    -0.001    -0.001
    19.540     0.000    -0.001    -0.001
    19.550     0.001     0.000    -0.001
    19.560     0.002    -0.001    -0.001
    19.570     0.001    -0.003     0.000
    19.580    -0.002    -0.001    -0.001
    19.590    -0.001     0.000     0.000
    19.600     0.001    -0.001     0.001
    19.610     0.000     0.000    -0.001
    19.620    -0.001     0.000     0.000
    19.630     0.000    -0.001     0.000
    19.640     0.000    -0.001     0.000
    19.650     0.001     0.000    -0.001
    19.660    -0.001     0.000    -0.002
    19.670    -0.001    -0.001     0.000
    19.680     0.000    -0.002     0.000
    19.690     0.000    -0.002     0.000
    19.700     0.001    -0.001     0.000
    19.710     0.000     0.000    -0.001
    19.720    -0.001    -0.001    -0.001
    19.730     0.000     0.000     0.000
    19.740     0.001     0.000     0.000
    19.750    -0.001    -0.002     0.000
    19.760    -0.001    -0.001     0.000
    19.770    -0.001    -0.001    -0.001
    19.780    -0.001    -0.002    -0.002
    19.790     0.002    -0.001    -0.001
    19.800     0.000    -0.001     0.001
    19.810     0.000     0.000     0.000
    19.820     0.000     0.000     0.000
    19.830     0.000    -0.002     0.000
    19.840     0.000     0.000     0.000
    19.850    -0.001    -0.002    -0.001
    19.860     0.000    -0.002    -0.001
    19.870    -0.001    -0.001     0.000
    19.880     0.000    -0.001    -0.001
    19.890     0.001     0.001     0.001
    19.900     0.001     0.001     0.002
    19.910     0.001     0.002     0.000
    19.920     0.000     0.002     0.001
    19.930     0.002     0.002     0.001
    19.940     0.001     0.001     0.001
    19.950     0.002     0.000     0.002
    19.960     0.001     0.000     0.000
    19.970     0.002     0.001     0.001
    19.980     0.000     0.001     0.000
    19.990    -0.002    -0.001    -0.001
    20.000     0.005     0.004     0.004
    20.010     0.005     0.005     0.004
    20.020     0.002     0.000    -0.001
    20.030     0.002     0.002     0.000
    20.040     0.001     0.003     0.002
    20.050     0.003     0.003     0.002
    20.060     0.001     0.000    -0.001
    20.070     0.001     0.000     0.001
    20.080     0.001     0.000     0.000
    20.090     0.001     0.000    -0.001
    20.100     0.004     0.005     0.003
    20.110     0.001     0.003     0.001
    20.120     0.000     0.001     0.001
    20.130     0.001     0.001     0.000
    20.140     0.000     0.000     0.000
    20.150     0.000     0.000     0.000
    20.160     0.002     0.001     0.000
    20.170     0.002     0.002     0.002
    20.180     0.000    -0.002    -0.001
    20.190     0.001     0.001     0.001
    20.200     0.002     0.003     0.001
    20.210     0.001     0.000     0.000
    20.220     0.001     0.001     0.001
    20.230     0.002     0.000    -0.001
    20.240     0.002     0.001    -0.001
    20.250     0.000     0.001    -0.001
    20.260     0.000    -0.001    -0.001
    20.270     0.002     0.001     0.001
    20.280     0.002     0.000     0.000
    20.290     0.000     0.000     0.000
    20.300     0.000     0.000     0.001
    20.310     0.001    -0.001    -0.001
    20.320    -0.001     0.000    -0.001
    20.330     0.000     0.000     0.000
    20.340     0.000     0.000    -0.001
    20.350     0.000    -0.001    -0.001
    20.360     0.001    -0.002    -0.001
    20.370     0.000    -0.001    -0.001
    20.380     0.002     0.001    -0.001
    20.390     0.001     0.001     0.000
    20.400     0.002     0.004     0.003
    20.410     0.001     0.001     0.000
    20.420     0.000    -0.001     0.000
    20.430     0.002     0.004     0.001
    20.440     0.001     0.003     0.000
    20.450     0.000     0.000    -0.001
    20.460     0.001     0.001    -0.001
    20.470     0.005     0.005     0.004
    20.480     0.001     0.001     0.001
    20.490    -0.001    -0.001    -0.001
    20.500     0.005     0.005     0.005
    20.510     0.002     0.001    -0.001
    20.520    -0.001    -0.001    -0.001
    20.530     0.002     0.002     0.004
    20.540     0.001     0.000    -0.001
    20.550     0.001    -0.001    -0.001
    20.560     0.002     0.002     0.000
    20.570     0.002     0.003     0.001
    20.580     0.001    -0.001     0.001
    20.590     0.001     0.001     0.000
    20.600     0.005     0.005     0.003
    20.610     0.002     0.001     0.000
    20.620    -0.001     0.001    -0.001
    20.630     0.003     0.004     0.001
    20.640     0.000     0.001    -0.001
    20.650    -0.001     0.000     0.000
    20.660     0.000    -0.001     0.000
    20.670     0.001    -0.001     0.000
    20.680     0.000    -0.001    -0.001
    20.690     0.000     0.000    -0.001
    20.700    -0.001    -0.002     0.000
    20.710     0.000    -0.001    -0.001
    20.720     0.001     0.000    -0.001
    20.730     0.000    -0.002     0.000
    20.740    -0.001    -0.001    -0.001
    20.750    -0.001    -0.001     0.000
    20.760     0.000    -0.002    -0.001
    20.770     0.000    -0.001    -0.001
    20.780    -0.001    -0.001    -0.002
    20.790     0.000    -0.001    -0.001
    20.800    -0.001     0.000     0.001
    20.810     0.000    -0.001    -0.002
    20.820     0.000    -0.001    -0.001
    20.830     0.001    -0.001     0.000
    20.840     0.001    -0.001    -0.001
    20.850     0.001    -0.001    -0.001
    20.860     0.000    -0.002    -0.001
    20.870    -0.002    -0.002    -0.001
    20.880    -0.001    -0.001     0.000
    20.890    -0.001     0.000     0.000
    20.900     0.001     0.001     0.000
    20.910     0.001     0.001     0.000
    20.920     0.001     0.000     0.000
    20.930     0.003     0.001     0.000
    20.940     0.001     0.001     0.000
    20.950     0.002     0.001     0.001
    20.960     0.003     0.002     0.001
    20.970     0.002     0.002     0.002
    20.980     0.000     0.000     0.000
    20.990    -0.001    -0.002    -0.001
    21.000     0.005     0.004     0.004
    21.010     0.005     0.004     0.003
    21.020     0.000     0.001     0.001
    21.030     0.002     0.002     0.003
    21.040     0.001    -0.001     0.001
    21.050     0.002     0.002     0.002
    21.060     0.001     0.000     0.000
    21.070     0.000     0.000    -0.001
    21.080     0.001     0.000     0.000
    21.090     0.001    -0.001     0.001
    21.100     0.003     0.004     0.004
    21.110     0.001     0.001     0.002
    21.120     0.000    -0.001     0.001
    21.130     0.000    -0.001     0.000
    21.140    -0.001    -0.001    -0.001
    21.150    -0.001     0.000     0.000
    21.160     0.001     0.001     0.001
    21.170     0.001     0.001     0.001
    21.180     0.000    -0.002     0.000
    21.190     0.002     0.001     0.001
    21.200     0.002     0.002     0.002
    21.210    -0.001     0.000     0.001
    21.220     0.000     0.000     0.000
    21.230     0.001     0.001    -0.001
    21.240     0.002     0.001    -0.001
    21.250     0.001    -0.001     0.000
    21.260    -0.001     0.000     0.000
    21.270    -0.001     0.001    -0.001
    21.280     0.000     0.000     0.000
    21.290     0.000     0.001     0.001
    21.300     0.000     0.000     0.001
    21.310     0.000     0.000     0.000
    21.320    -0.001     0.000     0.000
    21.330    -0.001    -0.001    -0.001
    21.340    -0.001    -0.001    -0.001
    21.350    -0.001    -0.001     0.001
    21.360    -0.002    -0.002     0.000
    21.370     0.000    -0.002    -0.001
    21.380     0.000    -0.002     0.000
    21.390    -0.001    -0.001    -0.001
    21.400    -0.001     0.000     0.001
    21.410    -0.002    -0.001     0.001
    21.420    -0.002    -0.001    -0.001
    21.430    -0.002    -0.001     0.000
    21.440    -0.002    -0.002    -0.001
    21.450    -0.001    -0.002    -0.001
    21.460    -0.001    -0.002    -0.001
    21.470    -0.001    -0.002    -0.001
    21.480    -0.001    -0.001     0.000
    21.490    -0.001    -0.002     0.000
    21.500     0.001     0.000     0.001
    21.510    -0.001    -0.001     0.000
    21.520    -0.002    -0.002    -0.001
    21.530    -0.001    -0.001     0.001
    21.540    -0.003    -0.002     0.000
    21.550    -0.001    -0.001     0.000
    21.560    -0.001     0.000     0.001
    21.570    -0.002    -0.001     0.000
    21.580    -0.002    -0.001     0.000
    21.590    -0.002    -0.001     0.001
    21.600     0.000     0.000     0.001
    21.610    -0.001     0.000     0.000
    21.620    -0.001    -0.002     0.000
    21.630    -0.001    -0.001    -0.001
    21.640    -0.002    -0.001     0.000
    21.650    -0.002    -0.003     0.000
    21.660    -0.001     0.000     0.000
    21.670     0.000    -0.001     0.000
    21.680    -0.001    -0.002    -0.001
    21.690    -0.001     0.000     0.000
    21.700    -0.001    -0.001     0.000
    21.710    -0.001    -0.002    -0.001
    21.720    -0.001    -0.001     0.000
    21.730    -0.001     0.000     0.000
    21.740     0.000    -0.001     0.000
    21.750    -0.001     0.000     0.000
    21.760    -0.002     0.000     0.000
    21.770    -0.001     0.000     0.000
    21.780     0.000     0.000    -0.001
    21.790    -0.001    -0.002     0.001
    21.800    -0.001    -0.001     0.001
    21.810    -0.002    -0.001    -0.001
    21.820    -0.002    -0.001     0.000
    21.830     0.000     0.000    -0.001
    21.840    -0.001    -0.001    -0.001
    21.850     0.000    -0.001    -0.001
    21.860     0.000    -0.001     0.000
    21.870     0.000    -0.002     0.000
    21.880    -0.002    -0.002    -0.001
    21.890    -0.001    -0.001    -0.001
    21.900     0.002     0.002     0.001
    21.910     0.002     0.002     0.002
    21.920     0.001     0.002     0.003
    21.930     0.002     0.001     0.002
    21.940     0.001     0.000     0.003
    21.950     0.002     0.002     0.001
    21.960     0.001     0.001    -0.001
    21.970     0.001     0.000     0.001
    21.980     0.000     0.000     0.001
    21.990    -0.002    -0.003    -0.001
    22.000     0.005     0.004     0.003
    22.010     0.004     0.005     0.005
    22.020    -0.001    -0.001     0.001
    22.030     0.001     0.001     0.001
    22.040     0.000     0.000     0.001
    22.050     0.002     0.001     0.001
    22.060     0.000     0.001     0.000
    22.070    -0.002     0.000     0.001
    22.080    -0.001    -0.001     0.000
    22.090     0.001    -0.001     0.000
    22.100     0.004     0.004     0.003
    22.110     0.001     0.002     0.002
    22.120     0.000     0.001     0.000
    22.130     0.000     0.001     0.000
    22.140    -0.001     0.000     0.001
    22.150    -0.001     0.000     0.001
    22.160     0.001     0.000     0.002
    22.170     0.002     0.002     0.001
    22.180     0.000     0.000     0.001
    22.190     0.001     0.002     0.001
    22.200     0.001     0.002     0.002
    22.210     0.001    -0.001     0.002
    22.220     0.000     0.000     0.001
    22.230     0.001     0.001     0.000
    22.240     0.002     0.001     0.001
    22.250    -0.001    -0.001     0.002
    22.260     0.000    -0.001     0.000
    22.270     0.000     0.000     0.000
    22.280     0.001    -0.001     0.001
    22.290     0.001     0.001     0.000
    22.300    -0.001     0.000     0.002
    22.310     0.000     0.000     0.002
    22.320    -0.001     0.000     0.000
    22.330    -0.001    -0.001     0.001
    22.340    -0.001     0.000     0.000
    22.350     0.001    -0.001     0.001
    22.360     0.001    -0.002     0.001
    22.370     0.000    -0.001     0.001
    22.380     0.000    -0.002     0.001
    22.390     0.000     0.000     0.000
    22.400     0.001     0.000     0.000
    22.410     0.000    -0.001     0.000
    22.420    -0.001     0.000    -0.001
    22.430    -0.001    -0.002     0.000
    22.440    -0.001    -0.001     0.000
    22.450     0.000     0.000    -0.001
    22.460     0.000    -0.002    -0.001
    22.470     0.001     0.000     0.000
    22.480    -0.001    -0.001    -0.001
    22.490    -0.001     0.000    -0.001
    22.500     0.000     0.001     0.002
    22.510     0.000    -0.001     0.000
    22.520     0.001    -0.001    -0.001
    22.530     0.000    -0.002     0.000
    22.540    -0.001    -0.002    -0.001
    22.550     0.000    -0.002    -0.001
    22.560    -0.001    -0.002     0.001
    22.570    -0.001    -0.001     0.000
    22.580    -0.001    -0.002    -0.001
    22.590     0.001     0.000     0.000
    22.600     0.000     0.000     0.000
    22.610    -0.001    -0.001     0.000
    22.620    -0.001    -0.002     0.000
    22.630     0.000    -0.001    -0.001
    22.640     0.000     0.000     0.000
    22.650     0.000    -0.002     0.000
    22.660     0.001    -0.001    -0.001
    22.670     0.001    -0.001     0.000
    22.680    -0.001    -0.001    -0.001
    22.690     0.000     0.000    -0.001
    22.700     0.001    -0.001    -0.001
    22.710     0.000    -0.001    -0.001
    22.720    -0.001    -0.001    -0.002
    22.730     0.000    -0.001    -0.001
    22.740    -0.001     0.001     0.000
    22.750    -0.001     0.000    -0.001
    22.760     0.000    -0.001    -0.002
    22.770     0.000    -0.001    -0.001
    22.780     0.001    -0.001    -0.002
    22.790     0.001     0.000    -0.001
    22.800     0.001     0.001     0.001
    22.810     0.000     0.000    -0.001
    22.820    -0.001    -0.002     0.000
    22.830     0.001    -0.001     0.001
    22.840     0.000    -0.001    -0.002
    22.850    -0.001    -0.002    -0.001
    22.860     0.000    -0.001     0.000
    22.870    -0.001    -0.001    -0.001
    22.880     0.000    -0.002    -0.001
    22.890     0.000    -0.002    -0.001
    22.900     0.003     0.000     0.001
    22.910     0.002     0.001     0.001
    22.920     0.000     0.000     0.001
    22.930     0.003     0.002     0.002
    22.940     0.000     0.001     0.001
    22.950     0.002     0.001     0.000
    22.960     0.001     0.001     0.000
    22.970     0.001     0.000     0.002
    22.980     0.003     0.002     0.001
    22.990    -0.003    -0.003    -0.003
    23.000     0.009     0.008     0.007
    23.010     0.011     0.012     0.008
    23.020     0.000     0.000    -0.001
    23.030     0.002     0.001     0.002
    23.040     0.000     0.002     0.001
    23.050     0.001     0.001     0.002
    23.060     0.001     0.001     0.001
    23.070     0.001     0.000    -0.001
    23.080     0.000     0.000     0.001
    23.090     0.000     0.000    -0.001
    23.100     0.004     0.003     0.004
    23.110     0.002     0.000     0.001
    23.120     0.001     0.000     0.000
    23.130     0.000    -0.001     0.002
    23.140     0.000    -0.001    -0.001
    23.150     0.002     0.001     0.001
    23.160     0.001     0.000     0.001
    23.170     0.002     0.003     0.002
    23.180     0.000     0.000     0.001
    23.190     0.001     0.000     0.000
    23.200     0.003     0.002     0.002
    23.210    -0.001    -0.002     0.000
    23.220     0.001    -0.001     0.000
    23.230     0.001     0.000     0.001
    23.240     0.002    -0.001     0.000
    23.250     0.001     0.000     0.000
    23.260     0.000    -0.001     0.000
    23.270     0.001    -0.001     0.000
    23.280     0.000     0.000     0.001
    23.290     0.000     0.000     0.002
    23.300     0.001    -0.001     0.002
    23.310     0.001    -0.002    -0.001
    23.320     0.001    -0.002    -0.001
    23.330    -0.001    -0.001    -0.001
    23.340     0.000    -0.002    -0.001
    23.350     0.001    -0.003     0.000
    23.360     0.000    -0.003     0.000
    23.370     0.001    -0.002     0.000
    23.380     0.000    -0.001     0.000
    23.390     0.000    -0.002     0.000
    23.400     0.000    -0.001     0.001
    23.410     0.000     0.000     0.000
    23.420    -0.001    -0.001    -0.001
    23.430     0.000    -0.002    -0.001
    23.440     0.000    -0.001     0.000
    23.450     0.000    -0.001     0.000
    23.460    -0.001    -0.001    -0.001
    23.470    -0.001    -0.002    -0.001
    23.480    -0.001    -0.001     0.000
    23.490     0.000    -0.001     0.000
    23.500     0.000     0.000     0.001
    23.510    -0.001    -0.001     0.001
    23.520    -0.002    -0.002     0.000
    23.530    -0.001    -0.002    -0.002
    23.540     0.000    -0.003    -0.001
    23.550    -0.001    -0.001    -0.002
    23.560    -0.002    -0.002    -0.001
    23.570    -0.001    -0.002    -0.001
    23.580    -0.002    -0.001    -0.001
    23.590    -0.001    -0.001     0.000
    23.600     0.000     0.000     0.000
    23.610     0.000    -0.001    -0.001
    23.620     0.000    -0.001    -0.001
    23.630    -0.001    -0.002    -0.001
    23.640    -0.001    -0.003    -0.001
    23.650    -0.001    -0.001    -0.001
    23.660     0.000    -0.002    -0.001
    23.670    -0.001    -0.002    -0.002
    23.680    -0.001    -0.003    -0.001
    23.690     0.000    -0.002     0.000
    23.700     0.000    -0.001     0.000
    23.710     0.000    -0.002     0.001
    23.720    -0.001    -0.002     0.000
    23.730     0.000    -0.002     0.001
    23.740    -0.001     0.000     0.001
    23.750    -0.001    -0.002     0.000
    23.760    -0.002    -0.003     0.001
    23.770    -0.001    -0.002     0.000
    23.780     0.000    -0.001     0.000
    23.790    -0.001    -0.002     0.000
    23.800     0.000    -0.002     0.000
    23.810    -0.001    -0.001     0.000
    23.820    -0.001    -0.002     0.001
    23.830     0.000    -0.001     0.001
    23.840     0.000    -0.002    -0.001
    23.850    -0.001    -0.003    -0.001
    23.860    -0.002    -0.003    -0.001
    23.870    -0.001    -0.003    -0.001
    23.880    -0.002    -0.002    -0.001
    23.890    -0.003    -0.003     0.000
    23.900     0.000    -0.001     0.001
    23.910     0.001     0.002     0.001
    23.920     0.001     0.000     0.002
    23.930     0.001     0.001     0.002
    23.940     0.000     0.001     0.002
    23.950     0.001     0.000     0.003
    23.960     0.000     0.000     0.002
    23.970     0.001     0.001     0.002
    23.980    -0.001    -0.002     0.000
    23.990    -0.003    -0.004    -0.001
    24.000     0.004     0.004     0.004
    24.010     0.004     0.004     0.005
    24.020     0.000    -0.001     0.000
    24.030     0.001     0.000     0.001
    24.040     0.002     0.000     0.002
    24.050     0.002     0.001     0.001
    24.060     0.000     0.001     0.001
    24.070     0.001     0.000     0.000
    24.080    -0.001     0.000     0.000
    24.090     0.001     0.001     0.001
    24.100     0.004     0.003     0.004
    24.110     0.001     0.001     0.003
    24.120    -0.001    -0.001     0.002
    24.130    -0.001     0.000     0.001
    24.140     0.000    -0.002     0.000
    24.150     0.000    -0.002     0.000
    24.160     0.001     0.001     0.001
    24.170     0.001     0.002     0.003
    24.180    -0.001    -0.001    -0.001
    24.190     0.001     0.000     0.000
    24.200     0.001     0.001     0.002
    24.210    -0.001    -0.002    -0.001
    24.220    -0.001    -0.001    -0.001
    24.230     0.000    -0.001     0.000
    24.240     0.002     0.000     0.001
    24.250    -0.001     0.001     0.000
    24.260    -0.002     0.000    -0.001
    24.270    -0.001    -0.001     0.001
    24.280    -0.002     0.001     0.000
    24.290    -0.001    -0.001     0.000
    24.300    -0.001    -0.001     0.000
    24.310     0.000     0.001     0.000
    24.320    -0.001    -0.001    -0.001
    24.330     0.000     0.000     0.000
    24.340     0.002     0.001     0.002
    24.350    -0.001    -0.001     0.000
    24.360    -0.002     0.000     0.000
    24.370    -0.002    -0.002     0.000
    24.380    -0.002    -0.002    -0.001
    24.390     0.000     0.000     0.001
    24.400    -0.001    -0.001     0.000
    24.410     0.000    -0.001     0.001
    24.420     0.000     0.000     0.002
    24.430    -0.002     0.000     0.000
    24.440    -0.001     0.000     0.000
    24.450     0.000     0.001     0.001
    24.460    -0.001    -0.002     0.000
    24.470     0.000     0.000    -0.001
    24.480     0.000     0.000     0.000
    24.490    -0.001    -0.001     0.001
    24.500     0.000     0.002     0.001
    24.510    -0.001     0.001     0.001
    24.520    -0.001     0.000     0.000
    24.530    -0.001     0.000     0.000
    24.540    -0.001    -0.001     0.001
    24.550     0.000     0.000     0.000
    24.560    -0.003     0.000    -0.001
    24.570    -0.003     0.000     0.001
    24.580     0.001     0.000     0.001
    24.590    -0.002    -0.001     0.000
    24.600     0.000     0.000    -0.001
    24.610     0.001     0.000     0.001
    24.620    -0.002    -0.001    -0.001
    24.630    -0.001    -0.001     0.000
    24.640    -0.001    -0.001     0.001
    24.650    -0.001    -0.001     0.000
    24.660    -0.001    -0.001     0.000
    24.670    -0.001    -0.001    -0.001
    24.680    -0.001    -0.002    -0.001
    24.690    -0.001    -0.002    -0.001
    24.700     0.000    -0.001     0.000
    24.710    -0.002    -0.001    -0.001
    24.720    -0.002    -0.001    -0.001
    24.730    -0.002    -0.002    -0.001
    24.740    -0.001    -0.002    -0.001
    24.750     0.000    -0.002    -0.001
    24.760     0.000    -0.001    -0.002
    24.770    -0.001    -0.002    -0.001
    24.780    -0.002    -0.003    -0.001
    24.790    -0.001    -0.001    -0.001
    24.800    -0.001    -0.001     0.000
    24.810    -0.001    -0.002    -0.001
    24.820     0.000    -0.001    -0.002
    24.830    -0.001    -0.002    -0.001
    24.840    -0.001    -0.002    -0.001
    24.850     0.000    -0.003    -0.001
    24.860    -0.001    -0.003    -0.002
    24.870     0.000    -0.001    -0.001
    24.880    -0.001    -0.003    -0.001
    24.890    -0.001    -0.001    -0.001
    24.900     0.001     0.000     0.002
    24.910     0.001     0.000     0.001
    24.920     0.000     0.000     0.000
    24.930     0.002     0.000     0.001
    24.940     0.002     0.002     0.000
    24.950     0.001     0.001     0.000
    24.960     0.000     0.000     0.001
    24.970     0.000     0.001     0.002
    24.980     0.000    -0.001     0.000
    24.990     0.000    -0.003    -0.002
    25.000     0.004     0.004     0.004
    25.010     0.005     0.004     0.004
    25.020     0.001     0.000     0.001
    25.030     0.002     0.002     0.002
    25.040     0.002     0.001     0.002
    25.050     0.002     0.002     0.002
    25.060     0.001     0.001     0.000
    25.070     0.000     0.000     0.001
    25.080     0.001     0.000     0.001
    25.090     0.000     0.001     0.001
    25.100     0.002     0.004     0.004
    25.110     0.001     0.000     0.000
    25.120     0.002    -0.002     0.000
    25.130     0.001    -0.002    -0.001
    25.140    -0.002    -0.001    -0.001
    25.150     0.000    -0.001     0.000
    25.160    -0.002    -0.002    -0.001
    25.170     0.002     0.002     0.002
    25.180     0.000    -0.004    -0.002
    25.190     0.003    -0.001     0.001
    25.200     0.009     0.007     0.006
    25.210     0.001    -0.001    -0.001
    25.220    -0.001    -0.002    -0.002
    25.230     0.001     0.002     0.000
    25.240     0.000     0.001     0.001
    25.250     0.001     0.000     0.002
    25.260    -0.001     0.000     0.000
    25.270     0.000     0.001     0.000
    25.280     0.001    -0.001     0.000
    25.290     0.002    -0.001     0.000
    25.300     0.001     0.000     0.000
    25.310    -0.001    -0.001     0.000
    25.320    -0.001    -0.002    -0.001
    25.330    -0.001    -0.001     0.000
    25.340    -0.001    -0.001    -0.001
    25.350     0.000    -0.002    -0.001
    25.360     0.000    -0.002     0.000
    25.370     0.000    -0.002    -0.001
    25.380     0.000    -0.001     0.001
    25.390    -0.001    -0.002     0.000
    25.400     0.002     0.000     0.001
    25.410     0.004     0.004     0.004
    25.420     0.002     0.002     0.001
    25.430    -0.001    -0.002    -0.001
    25.440     0.001     0.001     0.001
    25.450     0.003     0.002     0.004
    25.460    -0.001    -0.003     0.001
    25.470     0.000    -0.004    -0.002
    25.480     0.000    -0.003    -0.002
    25.490    -0.001    -0.001    -0.002
    25.500     0.002    -0.001     0.001
    25.510    -0.001    -0.002    -0.001
    25.520    -0.002    -0.002    -0.002
    25.530    -0.001    -0.003    -0.002
    25.540    -0.001    -0.002    -0.003
    25.550    -0.001     0.000    -0.002
    25.560    -0.001     0.001     0.000
    25.570     0.001     0.002     0.000
    25.580     0.000     0.000     0.001
    25.590     0.001    -0.002     0.001
    25.600     0.000    -0.003     0.000
    25.610    -0.002    -0.004    -0.002
    25.620     0.000    -0.004    -0.004
    25.630     0.000    -0.001    -0.004
    25.640     0.000     0.000    -0.002
    25.650    -0.001     0.000    -0.001
    25.660    -0.002     0.000     0.001
    25.670    -0.002    -0.003     0.003
    25.680    -0.003    -0.003     0.002
    25.690    -0.001    -0.003    -0.001
    25.700    -0.001    -0.002    -0.002
    25.710    -0.001    -0.001    -0.002
    25.720     0.000    -0.001    -0.002
    25.730     0.000     0.000     0.000
    25.740    -0.001    -0.001     0.002
    25.750    -0.001    -0.001     0.000
    25.760    -0.001    -0.003    -0.002
    25.770    -0.001    -0.003    -0.002
    25.780     0.000    -0.002    -0.001
    25.790     0.000    -0.002    -0.001
    25.800     0.001     0.000     0.000
    25.810     0.001     0.000     0.002
    25.820    -0.001     0.000     0.001
    25.830    -0.001     0.000     0.001
    25.840    -0.001    -0.002     0.001
    25.850     0.000    -0.002     0.000
    25.860    -0.001    -0.002     0.000
    25.870    -0.002    -0.002     0.000
    25.880    -0.001    -0.002    -0.001
    25.890    -0.001    -0.001    -0.002
    25.900     0.001     0.002    -0.001
    25.910     0.002     0.002     0.000
    25.920     0.001     0.001     0.001
    25.930     0.000     0.000     0.001
    25.940     0.000    -0.002     0.001
    25.950     0.000    -0.002     0.000
    25.960     0.001    -0.001     0.001
    25.970     0.002    -0.001    -0.001
    25.980    -0.001    -0.002    -0.001
    25.990    -0.002    -0.003    -0.001
    26.000     0.005     0.005     0.004
    26.010     0.005     0.007     0.005
    26.020     0.001     0.002     0.002
    26.030     0.002     0.002     0.004
    26.040     0.001     0.001     0.003
    26.050     0.002     0.001     0.002
    26.060     0.001     0.000     0.000
    26.070     0.000    -0.001     0.001
    26.080     0.000    -0.001     0.001
    26.090     0.000     0.000     0.000
    26.100     0.003     0.003     0.003
    26.110     0.001     0.000    -0.001
    26.120     0.000    -0.001    -0.001
    26.130     0.001     0.000    -0.001
    26.140     0.000    -0.002    -0.001
    26.150     0.001     0.001     0.001
    26.160     0.000     0.003     0.002
    26.170     0.000     0.002     0.003
    26.180     0.000     0.000     0.000
    26.190     0.001    -0.001     0.000
    26.200     0.002     0.001     0.001
    26.210    -0.001     0.000    -0.001
    26.220     0.000     0.000    -0.001
    26.230     0.000     0.001     0.000
    26.240     0.001     0.002     0.001
    26.250     0.000     0.001     0.001
    26.260    -0.001     0.001     0.002
    26.270     0.001     0.000     0.001
    26.280     0.001    -0.001     0.000
    26.290     0.001    -0.002     0.002
    26.300     0.002    -0.002     0.000
    26.310     0.000    -0.002    -0.001
    26.320    -0.001    -0.002    -0.002
    26.330     0.000    -0.001    -0.002
    26.340     0.000    -0.001    -0.001
    26.350    -0.001     0.000    -0.001
    26.360     0.000     0.000    -0.002
    26.370     0.000     0.000     0.000
    26.380     0.000    -0.001     0.001
    26.390     0.000    -0.002     0.001
    26.400    -0.001    -0.001     0.002
    26.410     0.000     0.000    -0.001
    26.420    -0.002    -0.001    -0.001
    26.430    -0.001    -0.002    -0.001
    26.440     0.001    -0.002    -0.002
    26.450    -0.001    -0.001     0.000
    26.460    -0.001    -0.002     0.000
    26.470     0.000    -0.001     0.001
    26.480    -0.001    -0.002     0.001
    26.490    -0.001    -0.001     0.000
    26.500     0.001     0.001     0.001
    26.510     0.001    -0.001    -0.002
    26.520    -0.002    -0.001    -0.004
    26.530     0.000    -0.001    -0.003
    26.540     0.000    -0.002    -0.001
    26.550    -0.001    -0.001    -0.001
    26.560     0.000    -0.003     0.000
    26.570     0.000    -0.002     0.001
    26.580     0.000    -0.001    -0.001
    26.590    -0.001    -0.002     0.001
    26.600     0.000     0.000     0.002
    26.610     0.000     0.000     0.001
    26.620     0.000     0.000     0.000
    26.630    -0.001     0.000    -0.001
    26.640    -0.001     0.000    -0.001
    26.650     0.000     0.000    -0.002
    26.660     0.001    -0.002    -0.001
    26.670     0.001    -0.002    -0.002
    26.680    -0.001    -0.001    -0.001
    26.690     0.000     0.000     0.001
    26.700     0.000    -0.001     0.000
    26.710     0.000     0.000     0.001
    26.720     0.000     0.001     0.001
    26.730     0.000     0.001    -0.001
    26.740     0.002     0.002     0.000
    26.750     0.000    -0.001    -0.001
    26.760     0.000    -0.002    -0.001
    26.770     0.001    -0.001    -0.001
    26.780    -0.001    -0.002    -0.002
    26.790     0.001    -0.002    -0.001
    26.800    -0.001    -0.002     0.000
    26.810     0.000    -0.003     0.000
    26.820     0.000    -0.003    -0.001
    26.830     0.000    -0.002     0.000
    26.840     0.002    -0.003    -0.001
    26.850     0.000     0.000    -0.001
    26.860    -0.001     0.000     0.000
    26.870    -0.001     0.001    -0.001
    26.880    -0.001     0.001     0.000
    26.890    -0.001    -0.001    -0.001
    26.900     0.001     0.001    -0.001
    26.910     0.003     0.001     0.001
    26.920     0.000    -0.001     0.001
    26.930     0.003     0.001     0.002
    26.940     0.002     0.001     0.000
    26.950     0.002     0.001     0.001
    26.960     0.003     0.000     0.000
    26.970     0.001     0.001     0.000
    26.980     0.001     0.000     0.000
    26.990    -0.001    -0.003    -0.002
    27.000     0.005     0.006     0.004
    27.010     0.006     0.007     0.005
    27.020     0.001     0.001     0.001
    27.030     0.001     0.003     0.002
    27.040     0.001     0.001     0.001
    27.050     0.003     0.002     0.002
    27.060     0.000     0.001     0.000
    27.070     0.001     0.001     0.000
    27.080     0.001     0.000     0.000
    27.090     0.000     0.000     0.001
    27.100     0.004     0.002     0.003
    27.110     0.003     0.000     0.000
    27.120     0.003     0.000     0.000
    27.130     0.001    -0.001     0.000
    27.140     0.000    -0.001     0.001
    27.150     0.001     0.000     0.002
    27.160     0.000    -0.002     0.000
    27.170     0.003     0.001     0.001
    27.180     0.000    -0.002     0.001
    27.190     0.000    -0.001     0.001
    27.200     0.003     0.001     0.002
    27.210     0.000     0.001     0.002
    27.220     0.000     0.001     0.001
    27.230     0.002     0.000     0.002
    27.240     0.001     0.002     0.002
    27.250     0.002     0.000     0.000
    27.260     0.001    -0.002     0.001
    27.270     0.000    -0.002     0.000
    27.280     0.001    -0.002     0.000
    27.290     0.002     0.000     0.001
    27.300     0.000     0.000    -0.001
    27.310     0.001    -0.001     0.000
    27.320     0.000    -0.001     0.001
    27.330     0.000     0.000     0.000
    27.340     0.002     0.000     0.001
    27.350     0.000    -0.003     0.000
    27.360     0.000    -0.003    -0.001
    27.370     0.001    -0.003     0.000
    27.380    -0.002    -0.003    -0.001
    27.390    -0.001    -0.002    -0.001
    27.400     0.000    -0.002     0.001
    27.410    -0.002    -0.002    -0.001
    27.420    -0.001    -0.003    -0.002
    27.430    -0.001    -0.002    -0.001
    27.440    -0.001    -0.002    -0.001
    27.450    -0.001    -0.001    -0.001
    27.460    -0.001    -0.001     0.001
    27.470     0.000    -0.001     0.000
    27.480     0.000    -0.001     0.000
    27.490     0.000    -0.001     0.000
    27.500     0.000     0.000     0.000
    27.510    -0.001    -0.002     0.000
    27.520    -0.001    -0.003    -0.002
    27.530     0.000    -0.002     0.000
    27.540    -0.001    -0.002     0.002
    27.550    -0.001     0.000     0.000
    27.560     0.000     0.000     0.001
    27.570     0.000     0.000     0.000
    27.580     0.000    -0.001     0.000
    27.590     0.000    -0.001     0.001
    27.600     0.000    -0.001    -0.001
    27.610     0.001    -0.002    -0.002
    27.620     0.000    -0.001    -0.001
    27.630     0.000    -0.002     0.000
    27.640     0.000    -0.003     0.000
    27.650    -0.002    -0.002    -0.001
    27.660    -0.001    -0.003    -0.001
    27.670     0.001    -0.001    -0.001
    27.680    -0.001    -0.002     0.001
    27.690    -0.001    -0.001     0.000
    27.700     0.001     0.000     0.000
    27.710     0.000    -0.001     0.000
    27.720    -0.001    -0.001     0.000
    27.730    -0.001    -0.002    -0.001
    27.740     0.000    -0.002     0.000
    27.750     0.000    -0.002    -0.001
    27.760    -0.001    -0.002    -0.002
    27.770    -0.001    -0.001     0.000
    27.780     0.000    -0.002    -0.001
    27.790    -0.001    -0.002     0.000
    27.800    -0.001    -0.001     0.002
    27.810     0.000    -0.002     0.000
    27.820    -0.001    -0.002     0.000
    27.830    -0.001    -0.002     0.000
    27.840    -0.001    -0.002    -0.001
    27.850    -0.001    -0.002    -0.001
    27.860    -0.001    -0.003     0.000
    27.870    -0.001    -0.002     0.000
    27.880    -0.001    -0.003    -0.001
    27.890    -0.001    -0.002    -0.001
    27.900     0.001     0.001     0.002
    27.910     0.001     0.001     0.001
    27.920     0.002     0.000     0.000
    27.930     0.003     0.000     0.001
    27.940     0.001     0.000    -0.001
    27.950     0.003     0.001     0.000
    27.960     0.000     0.001     0.001
    27.970     0.001     0.002     0.002
    27.980     0.002     0.001     0.002
    27.990    -0.002    -0.002     0.000
    28.000     0.005     0.006     0.004
    28.010     0.005     0.005     0.004
    28.020     0.000    -0.001     0.000
    28.030     0.002     0.000     0.001
    28.040     0.001     0.000     0.001
    28.050     0.002     0.001     0.002
    28.060     0.000    -0.001     0.001
    28.070     0.000     0.000     0.001
    28.080     0.000     0.000     0.000
    28.090     0.000    -0.002    -0.001
    28.100     0.003     0.004     0.003
    28.110     0.000     0.001     0.000
    28.120    -0.001     0.000    -0.001
    28.130     0.000     0.000     0.001
    28.140     0.001    -0.001     0.000
    28.150     0.000    -0.001     0.000
    28.160     0.000    -0.001     0.000
    28.170     0.002     0.001     0.002
    28.180     0.000    -0.001     0.000
    28.190     0.001     0.000    -0.001
    28.200     0.002     0.003     0.002
    28.210     0.001     0.000     0.001
    28.220     0.001    -0.001     0.000
    28.230     0.001    -0.001     0.000
    28.240     0.002    -0.001     0.000
    28.250     0.000    -0.001     0.000
    28.260     0.001    -0.001    -0.001
    28.270     0.001    -0.001     0.001
    28.280    -0.001    -0.001     0.003
    28.290     0.001     0.001     0.002
    28.300     0.001    -0.001     0.000
    28.310    -0.002    -0.002     0.001
    28.320     0.001    -0.001    -0.001
    28.330    -0.001    -0.002    -0.001
    28.340    -0.001    -0.003    -0.001
    28.350     0.000    -0.003    -0.001
    28.360    -0.001    -0.001     0.000
    28.370     0.000    -0.002     0.001
    28.380    -0.002    -0.002     0.000
    28.390    -0.001    -0.002     0.001
    28.400    -0.001    -0.002     0.002
    28.410    -0.003    -0.002     0.000
    28.420    -0.001    -0.002     0.000
    28.430    -0.001    -0.001    -0.001
    28.440    -0.002    -0.001     0.000
    28.450     0.000    -0.001     0.000
    28.460    -0.002    -0.002    -0.001
    28.470    -0.002    -0.001     0.000
    28.480    -0.001     0.000     0.000
    28.490     0.000     0.000     0.001
    28.500     0.002     0.002     0.002
    28.510     0.000     0.001     0.002
    28.520     0.000    -0.001     0.001
    28.530     0.001    -0.001     0.000
    28.540     0.000    -0.001     0.001
    28.550     0.000     0.000     0.001
    28.560    -0.001    -0.002     0.000
    28.570    -0.001    -0.001    -0.001
    28.580    -0.001    -0.002     0.000
    28.590    -0.001    -0.002     0.000
    28.600     0.000    -0.001     0.000
    28.610     0.000    -0.002     0.000
    28.620    -0.001    -0.001     0.001
    28.630    -0.002     0.000     0.000
    28.640     0.000     0.000     0.000
    28.650     0.000     0.000     0.001
    28.660     0.000    -0.001     0.000
    28.670     0.000    -0.001     0.000
    28.680    -0.001    -0.002     0.000
    28.690    -0.001    -0.002     0.001
    28.700    -0.001    -0.001     0.001
    28.710    -0.001    -0.001     0.000
    28.720    -0.001    -0.001    -0.001
    28.730     0.001    -0.001     0.000
    28.740     0.001     0.000     0.001
    28.750    -0.001    -0.002     0.001
    28.760     0.000    -0.002     0.001
    28.770    -0.001    -0.002     0.000
    28.780    -0.002    -0.001     0.000
    28.790    -0.001    -0.002     0.000
    28.800     0.000    -0.002     0.000
    28.810     0.000    -0.001     0.001
    28.820    -0.002    -0.003     0.000
    28.830     0.000    -0.001     0.000
    28.840     0.000    -0.002    -0.001
    28.850     0.000    -0.001     0.000
    28.860     0.001    -0.001    -0.001
    28.870    -0.002    -0.001     0.000
    28.880    -0.001    -0.001    -0.001
    28.890    -0.001    -0.002    -0.002
    28.900     0.001     0.001     0.001
    28.910     0.002     0.001     0.001
    28.920     0.000     0.000     0.000
    28.930     0.003     0.001     0.002
    28.940     0.001     0.000     0.001
    28.950     0.001     0.001     0.003
    28.960     0.002     0.001     0.001
    28.970     0.001     0.002     0.000
    28.980     0.000     0.000     0.001
    28.990    -0.002    -0.003    -0.001
    29.000     0.004     0.004     0.005
    29.010     0.005     0.005     0.004
    29.020     0.001     0.001     0.001
    29.030     0.001     0.001     0.003
    29.040     0.002     0.001     0.001
    29.050     0.002     0.003     0.004
    29.060     0.000     0.000     0.002
    29.070    -0.001    -0.001     0.001
    29.080    -0.001     0.001     0.002
    29.090     0.000     0.001     0.002
    29.100     0.004     0.004     0.005
    29.110     0.001     0.001     0.001
    29.120     0.000    -0.001     0.000
    29.130     0.001    -0.001     0.001
    29.140    -0.001     0.000     0.000
    29.150     0.000     0.000     0.001
    29.160     0.001     0.001     0.001
    29.170     0.002     0.002     0.002
    29.180     0.000    -0.001     0.001
    29.190     0.001     0.001     0.003
    29.200     0.003     0.002     0.003
    29.210     0.000    -0.001     0.001
    29.220     0.001     0.000     0.001
    29.230     0.001     0.000     0.001
    29.240     0.001     0.001     0.002
    29.250     0.001     0.000     0.001
    29.260     0.000    -0.001     0.001
    29.270     0.000     0.001     0.000
    29.280     0.000     0.000     0.001
    29.290     0.001     0.000     0.001
    29.300     0.001     0.001     0.001
    29.310     0.000    -0.001     0.001
    29.320     0.000    -0.001     0.000
    29.330     0.000    -0.001     0.001
    29.340    -0.001    -0.001     0.000
    29.350     0.001    -0.001    -0.001
    29.360     0.000    -0.001     0.000
    29.370    -0.001     0.000     0.000
    29.380     0.000    -0.001     0.000
    29.390    -0.001    -0.001     0.001
    29.400     0.001    -0.001     0.001
    29.410     0.000    -0.002    -0.001
    29.420    -0.001    -0.001     0.001
    29.430     0.000    -0.001     0.000
    29.440    -0.002     0.000     0.001
    29.450     0.000    -0.001     0.001
    29.460    -0.001    -0.002     0.000
    29.470     0.000    -0.001     0.000
    29.480     0.001    -0.001    -0.001
    29.490     0.001     0.000     0.000
    29.500     0.002     0.001     0.002
    29.510    -0.001     0.000     0.000
    29.520     0.000    -0.001    -0.001
    29.530     0.000    -0.001     0.001
    29.540    -0.001     0.000     0.000
    29.550     0.000    -0.001     0.000
    29.560    -0.001    -0.002     0.000
    29.570     0.000    -0.001     0.001
    29.580     0.000    -0.002     0.000
    29.590    -0.001    -0.003     0.001
    29.600     0.000    -0.002     0.001
    29.610     0.000    -0.002     0.001
    29.620    -0.001    -0.002     0.001
    29.630     0.000    -0.001     0.000
    29.640     0.001    -0.001     0.000
    29.650     0.000    -0.001     0.000
    29.660    -0.001    -0.002    -0.001
    29.670     0.000    -0.002     0.000
    29.680    -0.001    -0.002     0.001
    29.690    -0.001    -0.001     0.000
    29.700     0.000    -0.001     0.000
    29.710    -0.001    -0.001     0.001
    29.720    -0.001    -0.001     0.000
    29.730     0.001    -0.001    -0.001
    29.740    -0.001     0.000     0.001
    29.750    -0.001    -0.002     0.001
    29.760    -0.001    -0.002     0.001
    29.770    -0.001    -0.001     0.000
    29.780     0.001    -0.002     0.000
    29.790     0.000    -0.002     0.000
    29.800     0.000    -0.001    -0.001
    29.810    -0.001    -0.001     0.000
    29.820    -0.002    -0.001     0.001
    29.830     0.000     0.000    -0.001
    29.840     0.000    -0.002     0.000
    29.850     0.001    -0.001    -0.001
    29.860     0.001    -0.002    -0.001
    29.870     0.000    -0.003     0.000
    29.880     0.000    -0.001    -0.001
    29.890     0.000    -0.002     0.000
    29.900     0.001     0.002     0.003
    29.910     0.001     0.003     0.003
    29.920     0.001     0.002     0.003
    29.930     0.003     0.002     0.002
    29.940     0.001     0.001     0.002
    29.950     0.002     0.001     0.003
    29.960     0.001     0.000     0.001
    29.970     0.002     0.000     0.001
    29.980     0.001     0.000     0.000
    29.990    -0.002    -0.003    -0.002
    30.000     0.005     0.004     0.005
    30.010     0.006     0.006     0.005
    30.020     0.003    -0.001     0.001
    30.030     0.002     0.001     0.003
    30.040     0.002     0.001     0.001
    30.050     0.003     0.002     0.003
    30.060     0.001     0.001     0.001
    30.070     0.000     0.000    -0.001
    30.080    -0.001     0.000     0.000
    30.090     0.000     0.000     0.000
    30.100     0.004     0.003     0.003
    30.110     0.001     0.001     0.000
    30.120     0.001    -0.001    -0.001
    30.130     0.001     0.000     0.001
    30.140     0.000     0.000     0.000
    30.150     0.001     0.000     0.000
    30.160     0.001     0.001     0.001
    30.170     0.002     0.002     0.001
    30.180     0.001     0.000     0.000
    30.190     0.000     0.001     0.000
    30.200     0.002     0.001     0.001
    30.210     0.000     0.000     0.000
    30.220     0.001     0.001    -0.001
    30.230     0.000     0.000     0.001
    30.240     0.001     0.000     0.002
    30.250     0.001     0.000     0.000
    30.260     0.000    -0.001    -0.001
    30.270     0.000    -0.001     0.000
    30.280     0.000    -0.001     0.000
    30.290     0.000    -0.001     0.000
    30.300     0.000     0.000    -0.001
    30.310     0.000    -0.002    -0.002
    30.320    -0.001    -0.003    -0.001
    30.330     0.000    -0.002    -0.001
    30.340    -0.001    -0.003    -0.001
    30.350    -0.001    -0.001     0.000
    30.360    -0.001    -0.002     0.000
    30.370     0.000    -0.001     0.000
    30.380     0.001     0.000     0.000
    30.390     0.000    -0.002     0.000
    30.400     0.004     0.004     0.003
    30.410     0.002     0.001     0.002
    30.420    -0.001    -0.002    -0.001
    30.430     0.003     0.003     0.002
    30.440     0.001     0.000     0.002
    30.450     0.000    -0.001     0.000
    30.460     0.000     0.000     0.000
    30.470     0.005     0.004     0.005
    30.480     0.002     0.002     0.000
    30.490    -0.001    -0.001    -0.002
    30.500     0.005     0.005     0.006
    30.510     0.001     0.001     0.001
    30.520     0.000    -0.003    -0.002
    30.530     0.004     0.003     0.002
    30.540     0.000     0.000     0.000
    30.550     0.000    -0.002     0.001
    30.560     0.002     0.002     0.002
    30.570     0.001     0.000     0.001
    30.580     0.000    -0.001    -0.001
    30.590     0.001     0.000    -0.001
    30.600     0.005     0.005     0.005
    30.610     0.001     0.002     0.002
    30.620     0.000    -0.002    -0.001
    30.630     0.004     0.004     0.005
    30.640     0.001     0.001     0.003
    30.650    -0.001    -0.003    -0.002
    30.660     0.002     0.002     0.001
    30.670     0.001     0.001     0.002
    30.680    -0.001    -0.002    -0.001
    30.690     0.000     0.000     0.000
    30.700     0.001    -0.001     0.001
    30.710    -0.001    -0.001     0.001
    30.720    -0.002    -0.002     0.001
    30.730    -0.001    -0.002    -0.001
    30.740     0.000    -0.001    -0.001
    30.750     0.000    -0.002    -0.002
    30.760    -0.001    -0.001    -0.001
    30.770    -0.001    -0.001     0.000
    30.780     0.000    -0.003     0.000
    30.790    -0.001    -0.001    -0.001
    30.800     0.000    -0.001    -0.001
    30.810     0.000    -0.001     0.000
    30.820     0.000    -0.002    -0.001
    30.830    -0.001    -0.002     0.000
    30.840    -0.001     0.000     0.000
    30.850     0.000    -0.003    -0.001
    30.860    -0.001    -0.003     0.001
    30.870    -0.001    -0.001     0.000
    30.880    -0.001    -0.002    -0.001
    30.890     0.000    -0.002     0.000
    30.900     0.000     0.000     0.001
    30.910     0.001     0.001     0.001
    30.920     0.002     0.000     0.001
    30.930     0.001     0.001     0.000
    30.940     0.001     0.002     0.001
    30.950     0.001     0.000     0.002
    30.960     0.002     0.001     0.000
    30.970     0.002     0.003     0.002
    30.980    -0.001     0.000     0.000
    30.990    -0.001    -0.001    -0.001
    31.000     0.004     0.005     0.005
    31.010     0.005     0.006     0.004
    31.020     0.001     0.000     0.001
    31.030     0.002     0.001     0.001
    31.040     0.002     0.001     0.001
    31.050     0.002     0.001     0.003
    31.060     0.001     0.000     0.001
    31.070     0.000    -0.002     0.000
    31.080     0.001    -0.001     0.001
    31.090     0.001     0.000     0.001
    31.100     0.004     0.002     0.002
    31.110     0.002    -0.001     0.000
    31.120     0.002    -0.001    -0.001
    31.130     0.001     0.000     0.001
    31.140    -0.001     0.000    -0.002
    31.150     0.001     0.000     0.000
    31.160     0.000    -0.001     0.001
    31.170     0.002     0.002     0.001
    31.180     0.000     0.000     0.001
    31.190     0.000     0.001     0.001
    31.200     0.002     0.002     0.003
    31.210    -0.001    -0.001     0.000
    31.220     0.000     0.001     0.000
    31.230     0.000     0.000     0.001
    31.240     0.000     0.000     0.001
    31.250     0.001     0.001     0.000
    31.260     0.000    -0.001    -0.001
    31.270     0.000     0.000     0.000
    31.280     0.000    -0.002     0.000
    31.290     0.000    -0.001     0.000
    31.300     0.002    -0.002     0.001
    31.310     0.000    -0.003     0.001
    31.320     0.000    -0.001    -0.001
    31.330     0.000    -0.002     0.002
    31.340     0.000     0.000     0.002
    31.350     0.001     0.000    -0.001
    31.360    -0.001    -0.002     0.004
    31.370     0.000    -0.001     0.001
    31.380     0.000    -0.002     0.000
    31.390    -0.001    -0.003     0.002
    31.400     0.000    -0.002    -0.002
    31.410    -0.001    -0.001     0.000
    31.420     0.000    -0.002     0.000
    31.430    -0.001    -0.001    -0.001
    31.440    -0.001    -0.001     0.000
    31.450    -0.001    -0.001    -0.001
    31.460     0.000     0.000     0.001
    31.470    -0.001    -0.001     0.000
    31.480    -0.002    -0.002    -0.001
    31.490     0.000    -0.003     0.001
    31.500     0.001     0.000     0.002
    31.510    -0.001    -0.002     0.001
    31.520     0.001    -0.002     0.000
    31.530     0.001    -0.001     0.000
    31.540    -0.001    -0.001     0.001
    31.550     0.000    -0.001     0.001
    31.560     0.000    -0.002    -0.001
    31.570    -0.001     0.000     0.001
    31.580     0.000     0.000     0.001
    31.590     0.001    -0.001    -0.001
    31.600     0.001     0.000     0.002
    31.610    -0.001    -0.001     0.000
    31.620     0.000    -0.001     0.000
    31.630     0.000    -0.001     0.001
    31.640    -0.001    -0.002    -0.001
    31.650    -0.001    -0.003     0.001
    31.660    -0.001    -0.001     0.001
    31.670    -0.001    -0.002     0.001
    31.680    -0.001    -0.003    -0.001
    31.690     0.000    -0.002    -0.001
    31.700     0.001    -0.002     0.000
    31.710     0.001    -0.002     0.000
    31.720    -0.001    -0.001     0.000
    31.730    -0.001    -0.001     0.001
    31.740     0.000     0.000     0.001
    31.750     0.000    -0.001     0.000
    31.760     0.000    -0.001     0.000
    31.770     0.000    -0.001     0.000
    31.780    -0.001    -0.002     0.000
    31.790    -0.001    -0.002     0.000
    31.800     0.000    -0.001     0.000
    31.810    -0.001    -0.001     0.000
    31.820     0.000    -0.001     0.000
    31.830     0.001     0.000     0.000
    31.840    -0.001    -0.002     0.001
    31.850     0.000    -0.003     0.000
    31.860     0.000    -0.001     0.000
    31.870    -0.001    -0.003    -0.001
    31.880     0.000    -0.003    -0.001
    31.890     0.000    -0.002    -0.001
    31.900     0.001     0.001     0.000
    31.910     0.002     0.002     0.002
    31.920     0.001     0.001     0.002
    31.930     0.001     0.001     0.001
    31.940     0.001     0.001     0.001
    31.950     0.000     0.000     0.001
    31.960     0.001     0.000     0.002
    31.970     0.001     0.001     0.002
    31.980    -0.001    -0.001     0.000
    31.990    -0.001    -0.002    -0.001
    32.000     0.004     0.005     0.004
    32.010     0.005     0.005     0.005
    32.020     0.001     0.000     0.002
    32.030     0.000     0.001     0.002
    32.040     0.001     0.001     0.002
    32.050     0.001     0.001     0.002
    32.060    -0.001    -0.001     0.000
    32.070     0.000    -0.001     0.000
    32.080    -0.001     0.000     0.001
    32.090     0.000     0.000     0.001
    32.100     0.003     0.004     0.004
    32.110     0.001     0.001     0.003
    32.120     0.000    -0.001     0.001
    32.130     0.000     0.000     0.001
    32.140     0.001    -0.001     0.001
    32.150    -0.001    -0.001     0.001
    32.160    -0.001    -0.001     0.003
    32.170     0.002     0.001     0.004
    32.180     0.000     0.000     0.000
    32.190     0.001     0.000     0.002
    32.200     0.003     0.003     0.005
    32.210     0.001     0.001     0.003
    32.220     0.000    -0.001     0.000
    32.230     0.001     0.000     0.001
    32.240     0.000     0.000     0.002
    32.250     0.000     0.000     0.000
    32.260     0.000     0.000     0.000
    32.270    -0.001    -0.001     0.001
    32.280     0.000     0.000     0.001
    32.290     0.001     0.000     0.001
    32.300     0.001     0.000     0.001
    32.310     0.000     0.000     0.001
    32.320    -0.002    -0.001    -0.001
    32.330     0.000    -0.001     0.000
    32.340     0.000    -0.002     0.003
    32.350     0.000    -0.001     0.001
    32.360     0.000    -0.001    -0.001
    32.370    -0.001    -0.003     0.000
    32.380    -0.001    -0.002     0.000
    32.390    -0.001    -0.001     0.001
    32.400     0.000    -0.001     0.001
    32.410    -0.001     0.000     0.000
    32.420    -0.001    -0.001     0.003
    32.430     0.000    -0.001     0.002
    32.440    -0.002    -0.001     0.001
    32.450    -0.001    -0.003     0.001
    32.460    -0.001    -0.002     0.000
    32.470    -0.002    -0.001     0.003
    32.480    -0.002    -0.003     0.001
    32.490    -0.002    -0.002     0.000
    32.500    -0.002     0.000     0.003
    32.510    -0.003    -0.001     0.001
    32.520    -0.003    -0.002     0.001
    32.530    -0.003    -0.002     0.002
    32.540    -0.004    -0.002     0.002
    32.550    -0.005    -0.003     0.002
    32.560    -0.006    -0.003     0.004
    32.570    -0.007    -0.004     0.003
    32.580    -0.007    -0.004     0.003
    32.590    -0.006    -0.003     0.005
    32.600    -0.008    -0.003     0.004
    32.610    -0.009    -0.003     0.004
    32.620    -0.010    -0.003     0.006
    32.630    -0.009    -0.003     0.006
    32.640    -0.011    -0.004     0.007
    32.650    -0.012    -0.004     0.007
    32.660    -0.012    -0.004     0.007
    32.670    -0.015    -0.004     0.009
    32.680    -0.015    -0.004     0.009
    32.690    -0.017    -0.004     0.011
    32.700    -0.018    -0.003     0.012
    32.710    -0.019    -0.004     0.013
    32.720    -0.021    -0.006     0.013
    32.730    -0.023    -0.007     0.013
    32.740    -0.024    -0.006     0.016
    32.750    -0.025    -0.007     0.017
    32.760    -0.026    -0.009     0.017
    32.770    -0.027    -0.008     0.019
    32.780    -0.027    -0.009     0.019
    32.790    -0.027    -0.010     0.019
    32.800    -0.026    -0.008     0.020
    32.810    -0.028    -0.011     0.022
    32.820    -0.032    -0.012     0.024
    32.830    -0.035    -0.012     0.027
    32.840    -0.039    -0.013     0.027
    32.850    -0.044    -0.012     0.029
    32.860    -0.049    -0.014     0.030
    32.870    -0.055    -0.014     0.032
    32.880    -0.059    -0.016     0.033
    32.890    -0.061    -0.019     0.033
    32.900    -0.057    -0.019     0.036
    32.910    -0.049    -0.020     0.035
    32.920    -0.040    -0.021     0.029
    32.930    -0.027    -0.019     0.024
    32.940    -0.013    -0.020     0.017
    32.950     0.003    -0.020     0.012
    32.960     0.022    -0.018     0.005
    32.970     0.040    -0.014    -0.005
    32.980     0.055    -0.011    -0.017
    32.990     0.064    -0.006    -0.028
    33.000     0.075     0.006    -0.028
    33.010     0.081     0.013    -0.030
    33.020     0.079     0.015    -0.037
    33.030     0.081     0.025    -0.037
    33.040     0.078     0.032    -0.036
    33.050     0.072     0.036    -0.034
    33.060     0.074     0.037    -0.031
    33.070     0.081     0.036    -0.031
    33.080     0.101     0.033    -0.037
    33.090     0.128     0.030    -0.049
    33.100     0.154     0.028    -0.062
    33.110     0.173     0.019    -0.079
    33.120     0.183     0.011    -0.089
    33.130     0.186     0.006    -0.088
    33.140     0.174     0.004    -0.085
    33.150     0.148     0.006    -0.079
    33.160     0.108     0.012    -0.074
    33.170     0.063     0.022    -0.067
    33.180     0.024     0.029    -0.060
    33.190     0.005     0.036    -0.056
    33.200     0.010     0.043    -0.056
    33.210     0.026     0.044    -0.065
    33.220     0.048     0.044    -0.068
    33.230     0.068     0.045    -0.061
    33.240     0.079     0.046    -0.048
    33.250     0.072     0.047    -0.026
    33.260     0.043     0.048    -0.002
    33.270    -0.009     0.044     0.021
    33.280    -0.079     0.035     0.042
    33.290    -0.149     0.022     0.060
    33.300    -0.203     0.004     0.072
    33.310    -0.228    -0.014     0.070
    33.320    -0.217    -0.030     0.053
    33.330    -0.177    -0.042     0.022
    33.340    -0.114    -0.047    -0.010
    33.350    -0.050    -0.046    -0.028
    33.360     0.002    -0.041    -0.026
    33.370     0.032    -0.030    -0.009
    33.380     0.033    -0.013     0.008
    33.390     0.012     0.008     0.018
    33.400    -0.018     0.026     0.020
    33.410    -0.057     0.038     0.020
    33.420    -0.094     0.044     0.028
    33.430    -0.123     0.041     0.042
    33.440    -0.144     0.033     0.065
    33.450    -0.156     0.021     0.082
    33.460    -0.158     0.012     0.090
    33.470    -0.143     0.005     0.092
    33.480    -0.106    -0.005     0.082
    33.490    -0.053    -0.020     0.061
    33.500     0.008    -0.037     0.029
    33.510     0.049    -0.055    -0.003
    33.520     0.064    -0.073    -0.022
    33.530     0.053    -0.087    -0.025
    33.540     0.024    -0.096    -0.018
    33.550     0.000    -0.095    -0.011
    33.560    -0.009    -0.079    -0.006
    33.570     0.004    -0.051    -0.005
    33.580     0.018    -0.024    -0.007
    33.590     0.023    -0.007    -0.004
    33.600     0.031     0.002     0.000
    33.610     0.047     0.003     0.003
    33.620     0.071     0.003    -0.001
    33.630     0.083     0.006    -0.010
    33.640     0.064     0.013    -0.014
    33.650     0.024     0.023    -0.001
    33.660    -0.009     0.029     0.022
    33.670    -0.012     0.032     0.042
    33.680     0.006     0.033     0.051
    33.690     0.021     0.033     0.049
    33.700     0.029     0.025     0.045
    33.710     0.028     0.001     0.038
    33.720     0.027    -0.035     0.024
    33.730     0.029    -0.066     0.005
    33.740     0.020    -0.082    -0.015
    33.750     0.003    -0.083    -0.032
    33.760    -0.018    -0.079    -0.047
    33.770    -0.039    -0.074    -0.047
    33.780    -0.054    -0.066    -0.025
    33.790    -0.063    -0.052     0.014
    33.800    -0.059    -0.033     0.053
    33.810    -0.044    -0.009     0.069
    33.820    -0.028     0.023     0.058
    33.830    -0.018     0.062     0.033
    33.840    -0.015     0.095     0.023
    33.850    -0.010     0.108     0.028
    33.860    -0.007     0.104     0.032
    33.870    -0.007     0.090     0.033
    33.880    -0.012     0.071     0.028
    33.890    -0.020     0.044     0.026
    33.900    -0.033     0.012     0.033
    33.910    -0.053    -0.024     0.042
    33.920    -0.068    -0.057     0.053
    33.930    -0.061    -0.072     0.061
    33.940    -0.031    -0.075     0.053
    33.950     0.002    -0.069     0.031
    33.960     0.016    -0.052     0.004
    33.970     0.014    -0.024    -0.014
    33.980     0.009     0.009    -0.027
    33.990     0.011     0.044    -0.043
    34.000     0.020     0.085    -0.061
    34.010     0.012     0.112    -0.075
    34.020    -0.006     0.115    -0.070
    34.030    -0.013     0.101    -0.044
    34.040     0.002     0.068    -0.012
    34.050     0.044     0.032     0.012
    34.060     0.097     0.003     0.020
    34.070     0.141    -0.010     0.015
    34.080     0.155    -0.013    -0.001
    34.090     0.140    -0.009    -0.014
    34.100     0.109     0.002    -0.022
    34.110     0.066     0.003    -0.039
    34.120     0.032     0.001    -0.073
    34.130     0.012    -0.005    -0.123
    34.140     0.005    -0.012    -0.174
    34.150     0.008    -0.014    -0.201
    34.160     0.013    -0.016    -0.191
    34.170     0.018    -0.017    -0.153
    34.180     0.020    -0.024    -0.111
    34.190     0.019    -0.029    -0.075
    34.200     0.009    -0.030    -0.045
    34.210    -0.017    -0.035    -0.022
    34.220    -0.048    -0.034    -0.005
    34.230    -0.076    -0.032     0.004
    34.240    -0.095    -0.029     0.000
    34.250    -0.112    -0.026    -0.007
    34.260    -0.123    -0.028    -0.010
    34.270    -0.122    -0.040    -0.002
    34.280    -0.107    -0.064     0.013
    34.290    -0.077    -0.092     0.025
    34.300    -0.041    -0.112     0.021
    34.310    -0.008    -0.113     0.000
    34.320     0.019    -0.096    -0.021
    34.330     0.036    -0.075    -0.030
    34.340     0.049    -0.048    -0.019
    34.350     0.058    -0.014     0.003
    34.360     0.065     0.031     0.019
    34.370     0.066     0.077     0.032
    34.380     0.060     0.111     0.057
    34.390     0.057     0.120     0.099
    34.400     0.073     0.110     0.142
    34.410     0.111     0.091     0.159
    34.420     0.159     0.071     0.147
    34.430     0.200     0.049     0.124
    34.440     0.213     0.022     0.104
    34.450     0.203    -0.004     0.092
    34.460     0.181    -0.024     0.078
    34.470     0.151    -0.024     0.065
    34.480     0.113     0.001     0.053
    34.490     0.060     0.041     0.048
    34.500     0.007     0.083     0.050
    34.510    -0.030     0.108     0.051
    34.520    -0.037     0.114     0.055
    34.530    -0.029     0.106     0.056
    34.540    -0.025     0.089     0.046
    34.550    -0.039     0.071     0.024
    34.560    -0.069     0.058    -0.007
    34.570    -0.093     0.046    -0.037
    34.580    -0.108     0.028    -0.065
    34.590    -0.121     0.002    -0.087
    34.600    -0.140    -0.034    -0.095
    34.610    -0.168    -0.077    -0.084
    34.620    -0.188    -0.110    -0.062
    34.630    -0.188    -0.119    -0.047
    34.640    -0.167    -0.097    -0.052
    34.650    -0.140    -0.059    -0.065
    34.660    -0.121    -0.017    -0.076
    34.670    -0.108     0.020    -0.075
    34.680    -0.092     0.053    -0.071
    34.690    -0.061     0.089    -0.077
    34.700    -0.034     0.114    -0.083
    34.710    -0.031     0.116    -0.073
    34.720    -0.048     0.086    -0.038
    34.730    -0.071     0.036     0.001
    34.740    -0.083    -0.007     0.021
    34.750    -0.089    -0.043     0.023
    34.760    -0.099    -0.080     0.030
    34.770    -0.102    -0.133     0.052
    34.780    -0.080    -0.182     0.076
    34.790    -0.025    -0.195     0.075
    34.800     0.051    -0.158     0.039
    34.810     0.126    -0.086    -0.004
    34.820     0.179    -0.015    -0.016
    34.830     0.205     0.036     0.018
    34.840     0.203     0.069     0.077
    34.850     0.178     0.096     0.121
    34.860     0.132     0.115     0.133
    34.870     0.071     0.109     0.120
    34.880     0.016     0.068     0.095
    34.890    -0.019     0.002     0.059
    34.900    -0.031    -0.061     0.010
    34.910    -0.030    -0.107    -0.041
    34.920    -0.017    -0.139    -0.071
    34.930     0.010    -0.160    -0.071
    34.940     0.032    -0.169    -0.052
    34.950     0.030    -0.150    -0.022
    34.960     0.005    -0.103    -0.001
    34.970    -0.010    -0.038     0.011
    34.980     0.001     0.016     0.025
    34.990     0.018     0.048     0.043
    35.000     0.015     0.070     0.073
    35.010    -0.021     0.074     0.090
    35.020    -0.059     0.069     0.080
    35.030    -0.068     0.072     0.043
    35.040    -0.056     0.072    -0.017
    35.050    -0.035     0.067    -0.068
    35.060    -0.015     0.044    -0.095
    35.070     0.015     0.000    -0.099
    35.080     0.063    -0.058    -0.102
    35.090     0.117    -0.113    -0.112
    35.100     0.154    -0.144    -0.119
    35.110     0.143    -0.146    -0.122
    35.120     0.084    -0.110    -0.109
    35.130     0.000    -0.040    -0.082
    35.140    -0.074     0.035    -0.057
    35.150    -0.120     0.084    -0.034
    35.160    -0.135     0.100    -0.015
    35.170    -0.132     0.093     0.005
    35.180    -0.121     0.084     0.024
    35.190    -0.083     0.090     0.043
    35.200    -0.009     0.100     0.068
    35.210     0.079     0.096     0.079
    35.220     0.140     0.082     0.072
    35.230     0.146     0.065     0.059
    35.240     0.109     0.048     0.053
    35.250     0.074     0.036     0.060
    35.260     0.074     0.035     0.051
    35.270     0.088     0.044     0.008
    35.280     0.089     0.058    -0.058
    35.290     0.070     0.070    -0.111
    35.300     0.044     0.078    -0.119
    35.310     0.030     0.081    -0.087
    35.320     0.022     0.073    -0.034
    35.330    -0.007     0.049     0.016
    35.340    -0.064     0.008     0.050
    35.350    -0.122    -0.023     0.065
    35.360    -0.142    -0.037     0.056
    35.370    -0.111    -0.038     0.030
    35.380    -0.070    -0.035     0.005
    35.390    -0.066    -0.038    -0.009
    35.400    -0.088    -0.038     0.000
    35.410    -0.102    -0.031     0.018
    35.420    -0.079    -0.024     0.020
    35.430    -0.013    -0.016    -0.001
    35.440     0.064    -0.008    -0.021
    35.450     0.126    -0.016    -0.029
    35.460     0.153    -0.043    -0.026
    35.470     0.153    -0.068    -0.004
    35.480     0.121    -0.095     0.018
    35.490     0.062    -0.126     0.027
    35.500    -0.011    -0.158     0.020
    35.510    -0.090    -0.179    -0.007
    35.520    -0.155    -0.165    -0.029
    35.530    -0.195    -0.115    -0.030
    35.540    -0.192    -0.044    -0.016
    35.550    -0.151     0.020     0.004
    35.560    -0.099     0.065     0.027
    35.570    -0.051     0.098     0.052
    35.580    -0.017     0.124     0.075
    35.590     0.010     0.137     0.081
    35.600     0.029     0.118     0.054
    35.610     0.045     0.063     0.007
    35.620     0.062    -0.010    -0.032
    35.630     0.076    -0.070    -0.042
    35.640     0.078    -0.092    -0.017
    35.650     0.072    -0.072     0.030
    35.660     0.063    -0.033     0.085
    35.670     0.049    -0.002     0.124
    35.680     0.023     0.014     0.124
    35.690    -0.021     0.020     0.085
    35.700    -0.073     0.024     0.033
    35.710    -0.124     0.035    -0.007
    35.720    -0.162     0.056    -0.022
    35.730    -0.167     0.073    -0.012
    35.740    -0.124     0.070     0.013
    35.750    -0.042     0.045     0.040
    35.760     0.030     0.010     0.059
    35.770     0.049    -0.014     0.083
    35.780     0.016    -0.021     0.120
    35.790    -0.023    -0.012     0.154
    35.800    -0.027     0.005     0.165
    35.810    -0.005     0.007     0.137
    35.820     0.028    -0.007     0.075
    35.830     0.067    -0.019     0.007
    35.840     0.107    -0.014    -0.048
    35.850     0.132     0.004    -0.081
    35.860     0.108     0.025    -0.089
    35.870     0.033     0.033    -0.065
    35.880    -0.055     0.009    -0.021
    35.890    -0.117    -0.042     0.010
    35.900    -0.123    -0.084    -0.009
    35.910    -0.088    -0.087    -0.077
    35.920    -0.046    -0.064    -0.149
    35.930    -0.019    -0.035    -0.190
    35.940    -0.003    -0.020    -0.199
    35.950     0.036    -0.002    -0.192
    35.960     0.109     0.038    -0.170
    35.970     0.202     0.089    -0.142
    35.980     0.279     0.128    -0.115
    35.990     0.315     0.137    -0.084
    36.000     0.307     0.127    -0.035
    36.010     0.239     0.093     0.023
    36.020     0.139     0.044     0.060
    36.030     0.052    -0.004     0.065
    36.040     0.003    -0.050     0.027
    36.050     0.006    -0.082    -0.043
    36.060     0.033    -0.104    -0.114
    36.070     0.049    -0.119    -0.149
    36.080     0.034    -0.125    -0.145
    36.090    -0.003    -0.111    -0.116
    36.100    -0.032    -0.064    -0.072
    36.110    -0.052     0.001    -0.027
    36.120    -0.059     0.068     0.015
    36.130    -0.053     0.113     0.038
    36.140    -0.029     0.116     0.034
    36.150     0.013     0.084     0.009
    36.160     0.054     0.037    -0.018
    36.170     0.065    -0.001    -0.016
    36.180     0.028    -0.028     0.024
    36.190    -0.032    -0.051     0.078
    36.200    -0.092    -0.063     0.101
    36.210    -0.152    -0.067     0.077
    36.220    -0.204    -0.059     0.039
    36.230    -0.239    -0.043     0.016
    36.240    -0.248    -0.042     0.010
    36.250    -0.222    -0.055     0.001
    36.260    -0.161    -0.062    -0.018
    36.270    -0.077    -0.048    -0.028
    36.280     0.017    -0.015    -0.020
    36.290     0.101     0.023     0.004
    36.300     0.150     0.065     0.025
    36.310     0.160     0.110     0.038
    36.320     0.145     0.145     0.054
    36.330     0.110     0.160     0.076
    36.340     0.056     0.151     0.102
    36.350    -0.016     0.123     0.126
    36.360    -0.093     0.074     0.134
    36.370    -0.145     0.012     0.106
    36.380    -0.156    -0.049     0.038
    36.390    -0.139    -0.093    -0.035
    36.400    -0.117    -0.110    -0.065
    36.410    -0.094    -0.107    -0.031
    36.420    -0.051    -0.097     0.039
    36.430     0.007    -0.090     0.085
    36.440     0.062    -0.092     0.078
    36.450     0.089    -0.097     0.028
    36.460     0.086    -0.097    -0.035
    36.470     0.064    -0.078    -0.079
    36.480     0.027    -0.033    -0.094
    36.490    -0.018     0.030    -0.069
    36.500    -0.062     0.087     0.003
    36.510    -0.088     0.103     0.086
    36.520    -0.077     0.084     0.129
    36.530    -0.031     0.057     0.109
    36.540     0.020     0.034     0.051
    36.550     0.055     0.028    -0.007
    36.560     0.074     0.032    -0.044
    36.570     0.084     0.036    -0.068
    36.580     0.085     0.044    -0.079
    36.590     0.068     0.055    -0.066
    36.600     0.036     0.071    -0.037
    36.610     0.005     0.086    -0.002
    36.620    -0.017     0.094     0.024
    36.630    -0.048     0.087     0.032
    36.640    -0.094     0.053     0.047
    36.650    -0.135    -0.018     0.067
    36.660    -0.140    -0.108     0.074
    36.670    -0.106    -0.189     0.052
    36.680    -0.058    -0.233     0.008
    36.690    -0.025    -0.224    -0.025
    36.700    -0.008    -0.171    -0.037
    36.710     0.027    -0.095    -0.035
    36.720     0.087    -0.020    -0.019
    36.730     0.158     0.036     0.010
    36.740     0.192     0.066     0.050
    36.750     0.147     0.065     0.094
    36.760     0.053     0.045     0.127
    36.770    -0.021     0.028     0.124
    36.780    -0.019     0.029     0.071
    36.790     0.044     0.050    -0.010
    36.800     0.111     0.070    -0.081
    36.810     0.130     0.067    -0.109
    36.820     0.096     0.036    -0.088
    36.830     0.026    -0.013    -0.039
    36.840    -0.047    -0.068     0.001
    36.850    -0.097    -0.115     0.015
    36.860    -0.115    -0.149    -0.007
    36.870    -0.112    -0.168    -0.051
    36.880    -0.101    -0.155    -0.092
    36.890    -0.081    -0.113    -0.112
    36.900    -0.045    -0.059    -0.098
    36.910     0.000    -0.013    -0.067
    36.920     0.039     0.017    -0.037
    36.930     0.058     0.051    -0.012
    36.940     0.057     0.096     0.005
    36.950     0.056     0.142     0.017
    36.960     0.069     0.177     0.017
    36.970     0.086     0.185     0.012
    36.980     0.081     0.166     0.012
    36.990     0.043     0.134     0.016
    37.000    -0.010     0.109     0.021
    37.010    -0.061     0.084     0.005
    37.020    -0.096     0.061    -0.028
    37.030    -0.102     0.047    -0.059
    37.040    -0.087     0.026    -0.086
    37.050    -0.049    -0.006    -0.104
    37.060     0.012    -0.045    -0.114
    37.070     0.086    -0.072    -0.104
    37.080     0.141    -0.080    -0.065
    37.090     0.165    -0.071    -0.007
    37.100     0.158    -0.044     0.049
    37.110     0.126    -0.005     0.083
    37.120     0.086     0.048     0.105
    37.130     0.045     0.100     0.126
    37.140     0.006     0.123     0.141
    37.150    -0.037     0.108     0.132
    37.160    -0.082     0.061     0.095
    37.170    -0.112    -0.008     0.040
    37.180    -0.102    -0.094    -0.029
    37.190    -0.044    -0.175    -0.101
    37.200     0.020    -0.229    -0.160
    37.210     0.050    -0.245    -0.181
    37.220     0.039    -0.215    -0.147
    37.230     0.002    -0.155    -0.079
    37.240    -0.039    -0.086    -0.020
    37.250    -0.073    -0.016     0.016
    37.260    -0.093     0.044     0.038
    37.270    -0.093     0.084     0.060
    37.280    -0.066     0.100     0.075
    37.290    -0.008     0.099     0.066
    37.300     0.054     0.086     0.047
    37.310     0.086     0.068     0.036
    37.320     0.070     0.052     0.050
    37.330     0.014     0.041     0.086
    37.340    -0.047     0.035     0.118
    37.350    -0.082     0.030     0.117
    37.360    -0.088     0.023     0.076
    37.370    -0.070     0.005     0.020
    37.380    -0.034    -0.018    -0.020
    37.390     0.026    -0.029    -0.026
    37.400     0.093    -0.018    -0.006
    37.410     0.128     0.015     0.013
    37.420     0.114     0.057     0.013
    37.430     0.063     0.087    -0.005
    37.440     0.015     0.107    -0.038
    37.450    -0.001     0.124    -0.077
    37.460     0.004     0.132    -0.111
    37.470     0.011     0.125    -0.126
    37.480     0.016     0.090    -0.113
    37.490     0.009     0.025    -0.070
    37.500    -0.020    -0.048    -0.013
    37.510    -0.076    -0.110     0.026
    37.520    -0.136    -0.148     0.042
    37.530    -0.161    -0.162     0.030
    37.540    -0.139    -0.166    -0.005
    37.550    -0.090    -0.162    -0.041
    37.560    -0.040    -0.146    -0.060
    37.570    -0.011    -0.121    -0.061
    37.580     0.008    -0.096    -0.057
    37.590     0.021    -0.077    -0.056
    37.600     0.021    -0.055    -0.049
    37.610     0.007    -0.023    -0.033
    37.620    -0.008     0.015    -0.012
    37.630    -0.007     0.048     0.012
    37.640    -0.003     0.065     0.043
    37.650    -0.020     0.067     0.094
    37.660    -0.071     0.056     0.154
    37.670    -0.134     0.026     0.192
    37.680    -0.165    -0.004     0.184
    37.690    -0.136    -0.007     0.126
    37.700    -0.060     0.021     0.050
    37.710     0.020     0.063    -0.005
    37.720     0.074     0.095    -0.017
    37.730     0.099     0.114     0.015
    37.740     0.108     0.122     0.067
    37.750     0.111     0.115     0.107
    37.760     0.094     0.092     0.121
    37.770     0.050     0.056     0.109
    37.780    -0.009     0.020     0.074
    37.790    -0.059    -0.009     0.032
    37.800    -0.075    -0.038    -0.002
    37.810    -0.062    -0.068    -0.024
    37.820    -0.026    -0.103    -0.039
    37.830     0.012    -0.139    -0.050
    37.840     0.042    -0.158    -0.064
    37.850     0.070    -0.140    -0.077
    37.860     0.093    -0.083    -0.079
    37.870     0.114    -0.013    -0.074
    37.880     0.124     0.046    -0.073
    37.890     0.110     0.075    -0.073
    37.900     0.083     0.068    -0.066
    37.910     0.054     0.035    -0.058
    37.920     0.032    -0.005    -0.058
    37.930     0.012    -0.034    -0.061
    37.940    -0.012    -0.041    -0.052
    37.950    -0.029    -0.015    -0.026
    37.960    -0.018     0.037     0.012
    37.970     0.015     0.094     0.051
    37.980     0.046     0.131     0.064
    37.990     0.057     0.130     0.039
    38.000     0.054     0.104    -0.002
    38.010     0.038     0.053    -0.048
    38.020     0.020     0.000    -0.083
    38.030     0.017    -0.034    -0.099
    38.040     0.018    -0.052    -0.108
    38.050     0.013    -0.049    -0.115
    38.060    -0.007    -0.036    -0.112
    38.070    -0.042    -0.021    -0.080
    38.080    -0.072    -0.014    -0.037
    38.090    -0.075    -0.013    -0.015
    38.100    -0.054    -0.018    -0.014
    38.110    -0.043    -0.043    -0.020
    38.120    -0.060    -0.067     0.001
    38.130    -0.091    -0.082     0.042
    38.140    -0.095    -0.078     0.074
    38.150    -0.053    -0.043     0.077
    38.160     0.013     0.008     0.055
    38.170     0.060     0.063     0.033
    38.180     0.064     0.090     0.028
    38.190     0.051     0.085     0.050
    38.200     0.038     0.057     0.084
    38.210     0.024     0.019     0.103
    38.220     0.010    -0.005     0.096
    38.230    -0.002    -0.023     0.067
    38.240     0.000    -0.036     0.037
    38.250     0.014    -0.038     0.016
    38.260     0.031    -0.030     0.003
    38.270     0.037    -0.019     0.003
    38.280     0.026    -0.023     0.009
    38.290     0.008    -0.046     0.015
    38.300    -0.017    -0.076     0.011
    38.310    -0.038    -0.102    -0.015
    38.320    -0.041    -0.115    -0.055
    38.330    -0.022    -0.113    -0.089
    38.340     0.013    -0.085    -0.099
    38.350     0.038    -0.031    -0.081
    38.360     0.042     0.045    -0.043
    38.370     0.036     0.126     0.001
    38.380     0.045     0.188     0.034
    38.390     0.073     0.218     0.040
    38.400     0.099     0.212     0.016
    38.410     0.089     0.180    -0.012
    38.420     0.048     0.135    -0.012
    38.430    -0.001     0.081     0.016
    38.440    -0.045     0.030     0.041
    38.450    -0.075    -0.006     0.036
    38.460    -0.096    -0.023    -0.004
    38.470    -0.100    -0.033    -0.049
    38.480    -0.090    -0.054    -0.074
    38.490    -0.083    -0.082    -0.067
    38.500    -0.084    -0.108    -0.030
    38.510    -0.079    -0.126     0.013
    38.520    -0.045    -0.132     0.040
    38.530     0.006    -0.123     0.036
    38.540     0.045    -0.092     0.006
    38.550     0.057    -0.043    -0.015
    38.560     0.053     0.012    -0.013
    38.570     0.050     0.053     0.002
    38.580     0.046     0.072     0.015
    38.590     0.028     0.064     0.019
    38.600    -0.011     0.033     0.017
    38.610    -0.065    -0.013    -0.002
    38.620    -0.111    -0.057    -0.030
    38.630    -0.125    -0.080    -0.046
    38.640    -0.092    -0.075    -0.040
    38.650    -0.023    -0.051    -0.014
    38.660     0.041    -0.023     0.014
    38.670     0.072    -0.011     0.042
    38.680     0.071    -0.015     0.067
    38.690     0.054    -0.022     0.089
    38.700     0.016    -0.017     0.099
    38.710    -0.043     0.002     0.086
    38.720    -0.102     0.021     0.064
    38.730    -0.129     0.030     0.038
    38.740    -0.094     0.031     0.013
    38.750    -0.014     0.027    -0.015
    38.760     0.071     0.023    -0.045
    38.770     0.116     0.016    -0.056
    38.780     0.107     0.006    -0.040
    38.790     0.066     0.000     0.000
    38.800     0.025     0.014     0.036
    38.810    -0.003     0.049     0.050
    38.820    -0.021     0.084     0.044
    38.830    -0.035     0.098     0.027
    38.840    -0.037     0.077     0.010
    38.850    -0.023     0.041    -0.005
    38.860     0.002     0.012    -0.012
    38.870     0.033    -0.013    -0.010
    38.880     0.064    -0.032    -0.008
    38.890     0.084    -0.042    -0.015
    38.900     0.089    -0.039    -0.042
    38.910     0.064    -0.022    -0.071
    38.920     0.006     0.003    -0.075
    38.930    -0.066     0.025    -0.048
    38.940    -0.134     0.034    -0.007
    38.950    -0.180     0.026     0.024
    38.960    -0.195     0.001     0.039
    38.970    -0.170    -0.022     0.041
    38.980    -0.097    -0.027     0.019
    38.990     0.016    -0.006    -0.030
    39.000     0.153     0.038    -0.079
    39.010     0.259     0.065    -0.105
    39.020     0.295     0.057    -0.088
    39.030     0.257     0.025    -0.040
    39.040     0.171    -0.023     0.001
    39.050     0.084    -0.058     0.017
    39.060     0.018    -0.071     0.004
    39.070    -0.015    -0.059    -0.026
    39.080    -0.021    -0.036    -0.055
    39.090    -0.006    -0.017    -0.060
    39.100     0.027     0.000    -0.029
    39.110     0.048     0.004     0.024
    39.120     0.048     0.006     0.070
    39.130     0.025     0.007     0.077
    39.140    -0.014     0.002     0.039
    39.150    -0.040     0.001    -0.024
    39.160    -0.046     0.000    -0.064
    39.170    -0.043     0.004    -0.063
    39.180    -0.055     0.002    -0.034
    39.190    -0.079    -0.012     0.007
    39.200    -0.096    -0.043     0.038
    39.210    -0.096    -0.079     0.040
    39.220    -0.089    -0.094     0.016
    39.230    -0.097    -0.080    -0.006
    39.240    -0.116    -0.052    -0.002
    39.250    -0.120    -0.031     0.023
    39.260    -0.093    -0.015     0.048
    39.270    -0.056     0.001     0.055
    39.280    -0.030     0.019     0.050
    39.290    -0.025     0.035     0.052
    39.300    -0.034     0.042     0.072
    39.310    -0.044     0.051     0.100
    39.320    -0.053     0.061     0.116
    39.330    -0.049     0.061     0.111
    39.340    -0.028     0.031     0.088
    39.350     0.009    -0.025     0.051
    39.360     0.047    -0.072     0.000
    39.370     0.064    -0.080    -0.054
    39.380     0.056    -0.037    -0.102
    39.390     0.029     0.031    -0.125
    39.400     0.003     0.089    -0.113
    39.410    -0.017     0.121    -0.071
    39.420    -0.042     0.124    -0.008
    39.430    -0.063     0.107     0.056
    39.440    -0.060     0.071     0.103
    39.450    -0.015     0.030     0.114
    39.460     0.069    -0.005     0.079
    39.470     0.162    -0.029     0.006
    39.480     0.234    -0.036    -0.081
    39.490     0.254    -0.021    -0.140
    39.500     0.222     0.013    -0.143
    39.510     0.153     0.054    -0.092
    39.520     0.079     0.084    -0.017
    39.530     0.031     0.092     0.037
    39.540     0.022     0.080     0.040
    39.550     0.042     0.054     0.009
    39.560     0.048     0.028    -0.009
    39.570     0.013     0.007     0.016
    39.580    -0.047    -0.021     0.065
    39.590    -0.099    -0.061     0.094
    39.600    -0.106    -0.104     0.065
    39.610    -0.079    -0.132    -0.017
    39.620    -0.040    -0.128    -0.109
    39.630    -0.011    -0.096    -0.166
    39.640    -0.006    -0.053    -0.175
    39.650    -0.018    -0.017    -0.139
    39.660    -0.040    -0.003    -0.082
    39.670    -0.052    -0.011    -0.034
    39.680    -0.043    -0.036    -0.012
    39.690    -0.022    -0.067    -0.017
    39.700    -0.008    -0.081    -0.025
    39.710    -0.012    -0.071    -0.020
    39.720    -0.037    -0.044     0.001
    39.730    -0.077    -0.015     0.041
    39.740    -0.121     0.002     0.084
    39.750    -0.144     0.003     0.118
    39.760    -0.123    -0.004     0.127
    39.770    -0.071    -0.011     0.104
    39.780    -0.017    -0.019     0.061
    39.790     0.019    -0.032     0.019
    39.800     0.037    -0.050     0.006
    39.810     0.054    -0.068     0.027
    39.820     0.081    -0.065     0.055
    39.830     0.102    -0.027     0.065
    39.840     0.096     0.039     0.056
    39.850     0.061     0.107     0.037
    39.860     0.017     0.146     0.010
    39.870    -0.019     0.140    -0.018
    39.880    -0.042     0.102    -0.034
    39.890    -0.047     0.059    -0.034
    39.900    -0.036     0.024    -0.010
    39.910    -0.011     0.006     0.029
    39.920     0.018     0.008     0.066
    39.930     0.031     0.026     0.091
    39.940     0.019     0.046     0.095
    39.950    -0.006     0.050     0.076
    39.960    -0.018     0.028     0.029
    39.970     0.001    -0.008    -0.033
    39.980     0.040    -0.044    -0.097
    39.990     0.082    -0.076    -0.139
    40.000     0.109    -0.094    -0.145
    40.010     0.096    -0.104    -0.131
    40.020     0.049    -0.090    -0.101
    40.030    -0.005    -0.039    -0.051
    40.040    -0.041     0.020    -0.001
    40.050    -0.036     0.064     0.023
    40.060     0.005     0.066     0.013
    40.070     0.047     0.029    -0.015
    40.080     0.056    -0.023    -0.039
    40.090     0.013    -0.073    -0.038
    40.100    -0.049    -0.099    -0.020
    40.110    -0.096    -0.109    -0.007
    40.120    -0.107    -0.097    -0.010
    40.130    -0.092    -0.068    -0.034
    40.140    -0.083    -0.041    -0.060
    40.150    -0.089    -0.029    -0.062
    40.160    -0.103    -0.026    -0.032
    40.170    -0.118    -0.007     0.008
    40.180    -0.137     0.025     0.032
    40.190    -0.144     0.063     0.038
    40.200    -0.114     0.083     0.022
    40.210    -0.042     0.073    -0.002
    40.220     0.054     0.052    -0.013
    40.230     0.132     0.031    -0.001
    40.240     0.165     0.015     0.028
    40.250     0.166     0.007     0.054
    40.260     0.161     0.011     0.055
    40.270     0.154     0.034     0.021
    40.280     0.143     0.070    -0.038
    40.290     0.116     0.093    -0.094
    40.300     0.076     0.095    -0.120
    40.310     0.037     0.082    -0.112
    40.320     0.010     0.076    -0.079
    40.330     0.001     0.092    -0.027
    40.340     0.000     0.114     0.040
    40.350     0.005     0.127     0.117
    40.360     0.020     0.113     0.188
    40.370     0.051     0.073     0.234
    40.380     0.079     0.008     0.243
    40.390     0.081    -0.068     0.215
    40.400     0.062    -0.121     0.167
    40.410     0.021    -0.146     0.107
    40.420    -0.027    -0.138     0.055
    40.430    -0.065    -0.107     0.011
    40.440    -0.101    -0.089    -0.040
    40.450    -0.123    -0.089    -0.081
    40.460    -0.122    -0.094    -0.107
    40.470    -0.116    -0.089    -0.107
    40.480    -0.123    -0.083    -0.077
    40.490    -0.133    -0.068    -0.031
    40.500    -0.118    -0.038     0.011
    40.510    -0.082    -0.016     0.011
    40.520    -0.033     0.009    -0.020
    40.530     0.019     0.036    -0.050
    40.540     0.048     0.048    -0.072
    40.550     0.063     0.062    -0.071
    40.560     0.071     0.084    -0.057
    40.570     0.061     0.093    -0.056
    40.580     0.044     0.074    -0.067
    40.590     0.026     0.027    -0.074
    40.600     0.013    -0.025    -0.067
    40.610     0.004    -0.069    -0.060
    40.620     0.007    -0.077    -0.049
    40.630     0.031    -0.039    -0.039
    40.640     0.057     0.004    -0.041
    40.650     0.072     0.040    -0.051
    40.660     0.070     0.066    -0.063
    40.670     0.056     0.082    -0.058
    40.680     0.033     0.100    -0.019
    40.690     0.018     0.120     0.039
    40.700     0.017     0.137     0.083
    40.710     0.012     0.131     0.098
    40.720    -0.015     0.095     0.095
    40.730    -0.061     0.031     0.094
    40.740    -0.098    -0.052     0.092
    40.750    -0.105    -0.127     0.086
    40.760    -0.084    -0.177     0.069
    40.770    -0.055    -0.184     0.046
    40.780    -0.038    -0.152     0.034
    40.790    -0.032    -0.102     0.041
    40.800    -0.032    -0.045     0.056
    40.810    -0.030     0.005     0.062
    40.820    -0.017     0.038     0.058
    40.830     0.007     0.050     0.040
    40.840     0.039     0.045     0.006
    40.850     0.060     0.044    -0.024
    40.860     0.059     0.061    -0.025
    40.870     0.045     0.089     0.012
    40.880     0.031     0.104     0.072
    40.890     0.030     0.092     0.121
    40.900     0.043     0.058     0.136
    40.910     0.058     0.011     0.108
    40.920     0.062    -0.039     0.045
    40.930     0.053    -0.078    -0.033
    40.940     0.025    -0.112    -0.110
    40.950    -0.016    -0.131    -0.159
    40.960    -0.054    -0.133    -0.173
    40.970    -0.078    -0.116    -0.146
    40.980    -0.082    -0.083    -0.091
    40.990    -0.064    -0.036    -0.036
    41.000    -0.026     0.031     0.007
    41.010     0.002     0.089     0.029
    41.020     0.011     0.116     0.038
    41.030     0.028     0.109     0.036
    41.040     0.058     0.064     0.006
    41.050     0.087    -0.001    -0.043
    41.060     0.081    -0.060    -0.099
    41.070     0.022    -0.098    -0.137
    41.080    -0.062    -0.110    -0.150
    41.090    -0.129    -0.093    -0.149
    41.100    -0.140    -0.049    -0.140
    41.110    -0.118    -0.001    -0.130
    41.120    -0.088     0.039    -0.105
    41.130    -0.063     0.058    -0.061
    41.140    -0.048     0.049    -0.007
    41.150    -0.033     0.032     0.047
    41.160    -0.019     0.025     0.093
    41.170    -0.006     0.031     0.125
    41.180     0.005     0.035     0.132
    41.190     0.019     0.040     0.121
    41.200     0.035     0.050     0.105
    41.210     0.054     0.054     0.088
    41.220     0.086     0.049     0.063
    41.230     0.123     0.032     0.016
    41.240     0.145     0.009    -0.039
    41.250     0.142    -0.002    -0.079
    41.260     0.128     0.006    -0.087
    41.270     0.111     0.018    -0.067
    41.280     0.087     0.018    -0.029
    41.290     0.046     0.008     0.024
    41.300    -0.015    -0.003     0.079
    41.310    -0.076    -0.007     0.125
    41.320    -0.104    -0.007     0.146
    41.330    -0.097     0.002     0.144
    41.340    -0.074     0.014     0.136
    41.350    -0.050     0.020     0.127
    41.360    -0.026     0.015     0.109
    41.370     0.005    -0.004     0.076
    41.380     0.037    -0.025     0.033
    41.390     0.062    -0.034    -0.005
    41.400     0.074    -0.034    -0.035
    41.410     0.070    -0.038    -0.066
    41.420     0.051    -0.050    -0.105
    41.430     0.013    -0.060    -0.145
    41.440    -0.030    -0.072    -0.166
    41.450    -0.058    -0.088    -0.156
    41.460    -0.062    -0.099    -0.125
    41.470    -0.051    -0.089    -0.087
    41.480    -0.045    -0.049    -0.038
    41.490    -0.038     0.007     0.007
    41.500    -0.020     0.062     0.028
    41.510     0.011     0.102     0.021
    41.520     0.044     0.118     0.000
    41.530     0.071     0.115    -0.022
    41.540     0.094     0.090    -0.057
    41.550     0.110     0.053    -0.107
    41.560     0.109     0.020    -0.156
    41.570     0.078    -0.003    -0.164
    41.580     0.016    -0.021    -0.110
    41.590    -0.069    -0.044    -0.017
    41.600    -0.156    -0.066     0.072
    41.610    -0.220    -0.076     0.120
    41.620    -0.231    -0.066     0.126
    41.630    -0.173    -0.049     0.110
    41.640    -0.074    -0.044     0.082
    41.650     0.027    -0.052     0.050
    41.660     0.086    -0.055     0.028
    41.670     0.100    -0.042     0.025
    41.680     0.092    -0.017     0.048
    41.690     0.072     0.010     0.079
    41.700     0.048     0.034     0.099
    41.710     0.006     0.052     0.104
    41.720    -0.047     0.053     0.094
    41.730    -0.087     0.027     0.069
    41.740    -0.101    -0.014     0.031
    41.750    -0.084    -0.041    -0.010
    41.760    -0.051    -0.038    -0.043
    41.770    -0.007    -0.010    -0.063
    41.780     0.043     0.024    -0.057
    41.790     0.092     0.049    -0.032
    41.800     0.129     0.066     0.005
    41.810     0.132     0.076     0.040
    41.820     0.105     0.072     0.064
    41.830     0.064     0.042     0.080
    41.840     0.027    -0.012     0.072
    41.850    -0.004    -0.061     0.033
    41.860    -0.035    -0.088    -0.026
    41.870    -0.064    -0.090    -0.074
    41.880    -0.078    -0.079    -0.088
    41.890    -0.069    -0.067    -0.068
    41.900    -0.039    -0.048    -0.034
    41.910    -0.003    -0.025    -0.006
    41.920     0.022    -0.007     0.016
    41.930     0.041     0.005     0.030
    41.940     0.057     0.007     0.033
    41.950     0.067     0.015     0.029
    41.960     0.067     0.039     0.023
    41.970     0.055     0.076     0.025
    41.980     0.028     0.119     0.043
    41.990    -0.007     0.155     0.073
    42.000    -0.033     0.183     0.111
    42.010    -0.055     0.179     0.126
    42.020    -0.060     0.126     0.104
    42.030    -0.042     0.041     0.043
    42.040    -0.024    -0.063    -0.047
    42.050    -0.022    -0.147    -0.120
    42.060    -0.048    -0.203    -0.149
    42.070    -0.079    -0.224    -0.136
    42.080    -0.089    -0.213    -0.106
    42.090    -0.070    -0.166    -0.073
    42.100    -0.031    -0.077    -0.025
    42.110     0.005     0.023     0.034
    42.120     0.023     0.128     0.094
    42.130     0.027     0.211     0.128
    42.140     0.025     0.256     0.113
    42.150     0.023     0.263     0.061
    42.160     0.019     0.219    -0.012
    42.170     0.004     0.141    -0.088
    42.180    -0.013     0.039    -0.149
    42.190    -0.011    -0.055    -0.168
    42.200    -0.002    -0.117    -0.133
    42.210    -0.004    -0.156    -0.063
    42.220    -0.016    -0.179     0.014
    42.230    -0.032    -0.194     0.063
    42.240    -0.057    -0.189     0.069
    42.250    -0.096    -0.154     0.044
    42.260    -0.124    -0.097     0.009
    42.270    -0.105    -0.034    -0.022
    42.280    -0.034     0.026    -0.049
    42.290     0.062     0.078    -0.065
    42.300     0.138     0.117    -0.056
    42.310     0.165     0.138    -0.012
    42.320     0.142     0.138     0.057
    42.330     0.089     0.118     0.120
    42.340     0.043     0.073     0.140
    42.350     0.024     0.005     0.092
    42.360     0.021    -0.070    -0.016
    42.370     0.015    -0.133    -0.132
    42.380    -0.005    -0.166    -0.202
    42.390    -0.020    -0.160    -0.204
    42.400    -0.010    -0.110    -0.165
    42.410     0.015    -0.033    -0.120
    42.420     0.051     0.052    -0.082
    42.430     0.094     0.128    -0.048
    42.440     0.137     0.172    -0.012
    42.450     0.164     0.172     0.036
    42.460     0.145     0.125     0.094
    42.470     0.087     0.042     0.147
    42.480     0.028    -0.046     0.173
    42.490    -0.005    -0.108     0.157
    42.500    -0.018    -0.126     0.107
    42.510    -0.030    -0.104     0.044
    42.520    -0.042    -0.057     0.001
    42.530    -0.044    -0.012    -0.012
    42.540    -0.028     0.019    -0.008
    42.550     0.005     0.045     0.000
    42.560     0.048     0.071     0.004
    42.570     0.081     0.093     0.009
    42.580     0.086     0.097     0.007
    42.590     0.055     0.084    -0.006
    42.600    -0.004     0.066    -0.024
    42.610    -0.070     0.046    -0.037
    42.620    -0.117     0.031    -0.038
    42.630    -0.129     0.018    -0.034
    42.640    -0.114     0.008    -0.024
    42.650    -0.091     0.007    -0.013
    42.660    -0.082     0.011    -0.005
    42.670    -0.096     0.011    -0.003
    42.680    -0.110     0.002    -0.012
    42.690    -0.097    -0.013    -0.030
    42.700    -0.050    -0.020    -0.050
    42.710     0.008    -0.021    -0.059
    42.720     0.043    -0.023    -0.050
    42.730     0.051    -0.040    -0.020
    42.740     0.043    -0.074     0.024
    42.750     0.030    -0.107     0.058
    42.760     0.018    -0.122     0.069
    42.770     0.002    -0.109     0.050
    42.780    -0.010    -0.074     0.003
    42.790    -0.001    -0.032    -0.054
    42.800     0.023     0.000    -0.102
    42.810     0.040     0.006    -0.128
    42.820     0.028    -0.012    -0.129
    42.830    -0.023    -0.038    -0.100
    42.840    -0.086    -0.054    -0.044
    42.850    -0.120    -0.052     0.028
    42.860    -0.104    -0.041     0.096
    42.870    -0.050    -0.030     0.135
    42.880     0.008    -0.026     0.142
    42.890     0.041    -0.029     0.132
    42.900     0.040    -0.031     0.126
    42.910     0.007    -0.028     0.125
    42.920    -0.042    -0.011     0.116
    42.930    -0.084     0.024     0.086
    42.940    -0.102     0.061     0.031
    42.950    -0.081     0.090    -0.028
    42.960    -0.029     0.091    -0.070
    42.970     0.035     0.066    -0.079
    42.980     0.088     0.025    -0.055
    42.990     0.124    -0.019    -0.018
    43.000     0.152    -0.040     0.014
    43.010     0.159    -0.047     0.017
    43.020     0.140    -0.033     0.005
    43.030     0.097     0.004     0.006
    43.040     0.036     0.038     0.018
    43.050    -0.025     0.068     0.033
    43.060    -0.079     0.084     0.035
    43.070    -0.105     0.095     0.008
    43.080    -0.088     0.100    -0.050
    43.090    -0.026     0.090    -0.114
    43.100     0.049     0.065    -0.156
    43.110     0.087     0.022    -0.159
    43.120     0.072    -0.024    -0.113
    43.130     0.024    -0.073    -0.032
    43.140    -0.022    -0.115     0.042
    43.150    -0.045    -0.128     0.076
    43.160    -0.047    -0.107     0.073
    43.170    -0.045    -0.057     0.060
    43.180    -0.047    -0.010     0.052
    43.190    -0.035     0.021     0.050
    43.200     0.001     0.028     0.035
    43.210     0.043     0.016     0.008
    43.220     0.072     0.012    -0.007
    43.230     0.081     0.020    -0.002
    43.240     0.079     0.041     0.018
    43.250     0.086     0.062     0.041
    43.260     0.110     0.070     0.053
    43.270     0.126     0.062     0.057
    43.280     0.119     0.032     0.054
    43.290     0.101    -0.001     0.043
    43.300     0.081    -0.021     0.028
    43.310     0.065    -0.013     0.016
    43.320     0.047     0.036     0.018
    43.330     0.022     0.098     0.025
    43.340    -0.007     0.148     0.026
    43.350    -0.032     0.160     0.020
    43.360    -0.060     0.131     0.009
    43.370    -0.086     0.074    -0.007
    43.380    -0.093     0.004    -0.044
    43.390    -0.080    -0.057    -0.102
    43.400    -0.060    -0.103    -0.155
    43.410    -0.047    -0.128    -0.176
    43.420    -0.052    -0.124    -0.157
    43.430    -0.065    -0.096    -0.116
    43.440    -0.073    -0.048    -0.073
    43.450    -0.071    -0.004    -0.030
    43.460    -0.063     0.004     0.010
    43.470    -0.054    -0.029     0.028
    43.480    -0.056    -0.095     0.008
    43.490    -0.069    -0.159    -0.039
    43.500    -0.084    -0.188    -0.085
    43.510    -0.092    -0.172    -0.111
    43.520    -0.082    -0.117    -0.111
    43.530    -0.060    -0.047    -0.089
    43.540    -0.031     0.017    -0.048
    43.550     0.013     0.066     0.017
    43.560     0.069     0.097     0.086
    43.570     0.116     0.126     0.137
    43.580     0.137     0.161     0.163
    43.590     0.124     0.196     0.170
    43.600     0.086     0.208     0.162
    43.610     0.041     0.180     0.137
    43.620     0.000     0.115     0.096
    43.630    -0.027     0.032     0.052
    43.640    -0.032    -0.047     0.019
    43.650    -0.017    -0.107     0.004
    43.660     0.003    -0.145     0.012
    43.670     0.016    -0.163     0.044
    43.680     0.021    -0.169     0.079
    43.690     0.019    -0.177     0.099
    43.700     0.007    -0.188     0.085
    43.710    -0.015    -0.186     0.036
    43.720    -0.047    -0.148    -0.032
    43.730    -0.079    -0.076    -0.085
    43.740    -0.105     0.009    -0.092
    43.750    -0.123     0.082    -0.054
    43.760    -0.126     0.124     0.004
    43.770    -0.099     0.124     0.052
    43.780    -0.046     0.085     0.062
    43.790     0.015     0.031     0.034
    43.800     0.069    -0.020     0.000
    43.810     0.098    -0.056    -0.019
    43.820     0.118    -0.067    -0.022
    43.830     0.118    -0.043    -0.020
    43.840     0.108     0.007    -0.023
    43.850     0.099     0.066    -0.025
    43.860     0.066     0.119    -0.019
    43.870     0.021     0.152     0.001
    43.880    -0.029     0.166     0.026
    43.890    -0.062     0.153     0.044
    43.900    -0.059     0.115     0.043
    43.910    -0.043     0.064     0.024
    43.920    -0.035     0.011     0.003
    43.930    -0.046    -0.024    -0.005
    43.940    -0.056    -0.036    -0.011
    43.950    -0.055    -0.029    -0.025
    43.960    -0.044    -0.009    -0.052
    43.970    -0.036     0.015    -0.086
    43.980    -0.036     0.035    -0.110
    43.990    -0.036     0.040    -0.108
    44.000    -0.018     0.030    -0.070
    44.010     0.009     0.003    -0.036
    44.020     0.043    -0.028    -0.029
    44.030     0.083    -0.040    -0.036
    44.040     0.105    -0.034    -0.040
    44.050     0.109    -0.014    -0.026
    44.060     0.104    -0.001     0.000
    44.070     0.094     0.004     0.031
    44.080     0.078     0.005     0.055
    44.090     0.049    -0.004     0.066
    44.100     0.017    -0.017     0.072
    44.110    -0.009    -0.038     0.068
    44.120    -0.018    -0.050     0.058
    44.130    -0.019    -0.044     0.043
    44.140    -0.024    -0.032     0.020
    44.150    -0.033    -0.022    -0.005
    44.160    -0.035    -0.023    -0.027
    44.170    -0.013    -0.022    -0.043
    44.180     0.033    -0.015    -0.059
    44.190     0.089    -0.003    -0.065
    44.200     0.124     0.008    -0.056
    44.210     0.103     0.008    -0.035
    44.220     0.036     0.008     0.004
    44.230    -0.054     0.008     0.046
    44.240    -0.128     0.005     0.068
    44.250    -0.157     0.001     0.052
    44.260    -0.146    -0.001     0.005
    44.270    -0.108     0.004    -0.044
    44.280    -0.056     0.011    -0.073
    44.290     0.000     0.021    -0.073
    44.300     0.054     0.035    -0.044
    44.310     0.090     0.050     0.006
    44.320     0.099     0.061     0.057
    44.330     0.078     0.065     0.089
    44.340     0.039     0.057     0.086
    44.350     0.012     0.036     0.054
    44.360     0.002     0.007     0.012
    44.370     0.004    -0.024    -0.026
    44.380    -0.008    -0.056    -0.053
    44.390    -0.041    -0.083    -0.073
    44.400    -0.080    -0.102    -0.086
    44.410    -0.106    -0.108    -0.089
    44.420    -0.102    -0.094    -0.077
    44.430    -0.070    -0.070    -0.053
    44.440    -0.028    -0.049    -0.033
    44.450     0.005    -0.037    -0.023
    44.460     0.011    -0.027    -0.019
    44.470    -0.007    -0.016    -0.008
    44.480    -0.032    -0.006     0.015
    44.490    -0.052     0.004     0.042
    44.500    -0.062     0.009     0.059
    44.510    -0.063     0.009     0.046
    44.520    -0.058     0.016     0.012
    44.530    -0.033     0.028    -0.018
    44.540     0.018     0.038    -0.025
    44.550     0.079     0.037    -0.001
    44.560     0.118     0.024     0.037
    44.570     0.115     0.004     0.068
    44.580     0.074    -0.011     0.075
    44.590     0.018    -0.008     0.054
    44.600    -0.027     0.002     0.027
    44.610    -0.052     0.009     0.005
    44.620    -0.048     0.006     0.000
    44.630    -0.014    -0.017     0.010
    44.640     0.033    -0.058     0.020
    44.650     0.061    -0.103     0.035
    44.660     0.062    -0.130     0.054
    44.670     0.050    -0.130     0.071
    44.680     0.037    -0.109     0.064
    44.690     0.025    -0.078     0.023
    44.700     0.013    -0.051    -0.031
    44.710     0.006    -0.033    -0.071
    44.720     0.018    -0.024    -0.091
    44.730     0.042    -0.013    -0.096
    44.740     0.062     0.013    -0.096
    44.750     0.062     0.059    -0.082
    44.760     0.046     0.107    -0.047
    44.770     0.039     0.135    -0.003
    44.780     0.052     0.140     0.035
    44.790     0.067     0.136     0.059
    44.800     0.062     0.133     0.069
    44.810     0.027     0.125     0.072
    44.820    -0.020     0.102     0.063
    44.830    -0.054     0.072     0.040
    44.840    -0.064     0.047     0.002
    44.850    -0.056     0.034    -0.037
    44.860    -0.040     0.020    -0.064
    44.870    -0.022    -0.002    -0.074
    44.880    -0.001    -0.018    -0.070
    44.890     0.011    -0.021    -0.045
    44.900     0.003     0.000    -0.001
    44.910    -0.021     0.028     0.050
    44.920    -0.049     0.048     0.093
    44.930    -0.068     0.050     0.117
    44.940    -0.076     0.030     0.112
    44.950    -0.075     0.005     0.081
    44.960    -0.074    -0.026     0.048
    44.970    -0.077    -0.054     0.030
    44.980    -0.082    -0.073     0.031
    44.990    -0.090    -0.076     0.040
    45.000    -0.084    -0.052     0.043
    45.010    -0.066    -0.020     0.016
    45.020    -0.038     0.010    -0.034
    45.030    -0.002     0.038    -0.081
    45.040     0.027     0.053    -0.112
    45.050     0.053     0.046    -0.117
    45.060     0.072     0.015    -0.111
    45.070     0.075    -0.017    -0.108
    45.080     0.054    -0.036    -0.100
    45.090     0.015    -0.042    -0.079
    45.100    -0.013    -0.036    -0.039
    45.110    -0.026    -0.027    -0.002
    45.120    -0.020     0.004     0.027
    45.130    -0.009     0.050     0.056
    45.140    -0.001     0.091     0.080
    45.150     0.016     0.104     0.091
    45.160     0.047     0.086     0.080
    45.170     0.088     0.052     0.050
    45.180     0.118     0.012     0.009
    45.190     0.124    -0.028    -0.019
    45.200     0.101    -0.079    -0.027
    45.210     0.057    -0.137    -0.019
    45.220     0.022    -0.180    -0.004
    45.230    -0.001    -0.191    -0.006
    45.240    -0.026    -0.166    -0.021
    45.250    -0.064    -0.114    -0.036
    45.260    -0.099    -0.047    -0.042
    45.270    -0.112     0.020    -0.041
    45.280    -0.096     0.078    -0.037
    45.290    -0.060     0.116    -0.025
    45.300    -0.014     0.132    -0.006
    45.310     0.031     0.122     0.020
    45.320     0.071     0.082     0.042
    45.330     0.098     0.017     0.048
    45.340     0.104    -0.059     0.039
    45.350     0.079    -0.114     0.023
    45.360     0.029    -0.132     0.012
    45.370    -0.013    -0.112     0.008
    45.380    -0.032    -0.062     0.016
    45.390    -0.030    -0.009     0.023
    45.400    -0.016     0.037     0.027
    45.410    -0.012     0.056     0.035
    45.420    -0.025     0.049     0.051
    45.430    -0.047     0.032     0.079
    45.440    -0.060     0.024     0.109
    45.450    -0.057     0.033     0.116
    45.460    -0.046     0.030     0.083
    45.470    -0.018     0.021     0.038
    45.480     0.011     0.004     0.000
    45.490     0.029    -0.022    -0.033
    45.500     0.035    -0.031    -0.052
    45.510     0.025    -0.025    -0.063
    45.520     0.007     0.002    -0.060
    45.530    -0.014     0.032    -0.043
    45.540    -0.031     0.048    -0.021
    45.550    -0.035     0.044    -0.005
    45.560    -0.029     0.023    -0.011
    45.570    -0.024    -0.005    -0.020
    45.580    -0.030    -0.034    -0.015
    45.590    -0.032    -0.046     0.007
    45.600    -0.017    -0.033     0.038
    45.610     0.012    -0.004     0.050
    45.620     0.048     0.031     0.039
    45.630     0.070     0.052     0.018
    45.640     0.072     0.045     0.004
    45.650     0.065     0.010    -0.002
    45.660     0.059    -0.041    -0.012
    45.670     0.055    -0.077    -0.029
    45.680     0.045    -0.086    -0.047
    45.690     0.025    -0.070    -0.054
    45.700    -0.002    -0.046    -0.051
    45.710    -0.027    -0.031    -0.048
    45.720    -0.038    -0.019    -0.056
    45.730    -0.027    -0.012    -0.069
    45.740     0.006    -0.014    -0.076
    45.750     0.038    -0.023    -0.069
    45.760     0.047    -0.033    -0.041
    45.770     0.035    -0.030     0.001
    45.780     0.007    -0.021     0.038
    45.790    -0.017     0.003     0.051
    45.800    -0.029     0.035     0.042
    45.810    -0.034     0.065     0.030
    45.820    -0.025     0.084     0.033
    45.830    -0.009     0.075     0.044
    45.840     0.004     0.047     0.053
    45.850     0.000     0.011     0.056
    45.860    -0.025    -0.029     0.059
    45.870    -0.050    -0.057     0.066
    45.880    -0.061    -0.071     0.057
    45.890    -0.052    -0.069     0.038
    45.900    -0.039    -0.054     0.021
    45.910    -0.040    -0.040     0.007
    45.920    -0.044    -0.031    -0.003
    45.930    -0.040    -0.025    -0.017
    45.940    -0.024    -0.016    -0.040
    45.950    -0.003     0.016    -0.060
    45.960     0.017     0.065    -0.062
    45.970     0.036     0.115    -0.041
    45.980     0.050     0.147    -0.004
    45.990     0.060     0.150     0.036
    46.000     0.072     0.133     0.075
    46.010     0.084     0.086     0.080
    46.020     0.090     0.028     0.050
    46.030     0.083    -0.006     0.015
    46.040     0.053    -0.012    -0.007
    46.050     0.017     0.009     0.000
    46.060    -0.008     0.039     0.017
    46.070    -0.012     0.063     0.025
    46.080    -0.003     0.075     0.023
    46.090     0.011     0.072     0.018
    46.100     0.020     0.048     0.011
    46.110     0.021    -0.006    -0.008
    46.120     0.018    -0.058    -0.029
    46.130    -0.001    -0.090    -0.039
    46.140    -0.034    -0.107    -0.027
    46.150    -0.074    -0.112     0.002
    46.160    -0.095    -0.112     0.021
    46.170    -0.083    -0.107     0.016
    46.180    -0.055    -0.092    -0.019
    46.190    -0.019    -0.062    -0.063
    46.200     0.005    -0.034    -0.092
    46.210     0.022    -0.014    -0.100
    46.220     0.041     0.011    -0.092
    46.230     0.049     0.043    -0.079
    46.240     0.046     0.071    -0.070
    46.250     0.029     0.089    -0.066
    46.260     0.010     0.100    -0.068
    46.270    -0.011     0.102    -0.070
    46.280    -0.025     0.093    -0.063
    46.290    -0.024     0.065    -0.047
    46.300    -0.013     0.025    -0.030
    46.310     0.003    -0.014    -0.021
    46.320     0.015    -0.040    -0.021
    46.330     0.023    -0.049    -0.025
    46.340     0.022    -0.050    -0.027
    46.350     0.015    -0.048    -0.019
    46.360     0.000    -0.044     0.005
    46.370    -0.017    -0.042     0.032
    46.380    -0.032    -0.045     0.050
    46.390    -0.046    -0.053     0.048
    46.400    -0.049    -0.062     0.030
    46.410    -0.036    -0.068     0.007
    46.420    -0.006    -0.066    -0.004
    46.430     0.024    -0.059     0.006
    46.440     0.038    -0.048     0.027
    46.450     0.032    -0.031     0.052
    46.460     0.022    -0.013     0.076
    46.470     0.020     0.003     0.093
    46.480     0.020     0.011     0.096
    46.490     0.013     0.006     0.085
    46.500    -0.002    -0.008     0.059
    46.510    -0.017    -0.025     0.023
    46.520    -0.017    -0.034    -0.014
    46.530    -0.007    -0.015    -0.035
    46.540     0.013     0.025    -0.032
    46.550     0.038     0.074    -0.011
    46.560     0.052     0.120     0.017
    46.570     0.045     0.149     0.042
    46.580     0.019     0.158     0.054
    46.590    -0.003     0.143     0.060
    46.600    -0.007     0.106     0.055
    46.610    -0.002     0.047     0.037
    46.620    -0.007    -0.013     0.014
    46.630    -0.031    -0.064    -0.004
    46.640    -0.067    -0.102    -0.010
    46.650    -0.100    -0.114    -0.007
    46.660    -0.112    -0.106    -0.002
    46.670    -0.102    -0.083    -0.001
    46.680    -0.072    -0.057    -0.012
    46.690    -0.027    -0.036    -0.047
    46.700     0.019    -0.022    -0.091
    46.710     0.059    -0.018    -0.122
    46.720     0.078    -0.012    -0.129
    46.730     0.068    -0.001    -0.111
    46.740     0.041     0.017    -0.080
    46.750     0.011     0.041    -0.046
    46.760    -0.011     0.068    -0.009
    46.770    -0.025     0.086     0.029
    46.780    -0.034     0.083     0.059
    46.790    -0.036     0.054     0.072
    46.800    -0.024     0.010     0.059
    46.810     0.003    -0.035     0.026
    46.820     0.037    -0.067    -0.016
    46.830     0.064    -0.080    -0.048
    46.840     0.069    -0.073    -0.060
    46.850     0.045    -0.052    -0.045
    46.860     0.000    -0.020    -0.009
    46.870    -0.040     0.020     0.039
    46.880    -0.058     0.061     0.080
    46.890    -0.047     0.096     0.101
    46.900    -0.008     0.116     0.106
    46.910     0.041     0.112     0.090
    46.920     0.086     0.089     0.055
    46.930     0.110     0.052     0.020
    46.940     0.102     0.008     0.001
    46.950     0.074    -0.037     0.002
    46.960     0.040    -0.076     0.011
    46.970     0.016    -0.102     0.011
    46.980     0.004    -0.118    -0.008
    46.990    -0.003    -0.129    -0.031
    47.000     0.001    -0.127    -0.042
    47.010     0.005    -0.125    -0.043
    47.020     0.002    -0.118    -0.034
    47.030    -0.005    -0.091    -0.019
    47.040    -0.016    -0.052    -0.006
    47.050    -0.010    -0.013    -0.002
    47.060     0.014     0.015    -0.011
    47.070     0.043     0.038    -0.022
    47.080     0.055     0.054    -0.022
    47.090     0.047     0.060    -0.010
    47.100     0.033     0.057     0.002
    47.110     0.007     0.037    -0.003
    47.120    -0.026     0.013    -0.022
    47.130    -0.060    -0.013    -0.038
    47.140    -0.087    -0.044    -0.047
    47.150    -0.099    -0.070    -0.053
    47.160    -0.106    -0.077    -0.054
    47.170    -0.108    -0.061    -0.045
    47.180    -0.094    -0.036    -0.027
    47.190    -0.053     0.006    -0.009
    47.200     0.001     0.060    -0.003
    47.210     0.043     0.116    -0.007
    47.220     0.065     0.160    -0.002
    47.230     0.076     0.166     0.019
    47.240     0.073     0.135     0.042
    47.250     0.050     0.085     0.051
    47.260     0.013     0.036     0.051
    47.270    -0.025    -0.006     0.042
    47.280    -0.051    -0.039     0.025
    47.290    -0.057    -0.059     0.004
    47.300    -0.052    -0.064    -0.014
    47.310    -0.036    -0.059    -0.019
    47.320    -0.012    -0.055    -0.011
    47.330     0.009    -0.052    -0.001
    47.340     0.017    -0.043     0.012
    47.350     0.002    -0.019     0.039
    47.360    -0.030     0.013     0.072
    47.370    -0.056     0.038     0.093
    47.380    -0.061     0.052     0.077
    47.390    -0.034     0.053     0.030
    47.400     0.021     0.048    -0.023
    47.410     0.065     0.036    -0.061
    47.420     0.078     0.018    -0.070
    47.430     0.064     0.003    -0.053
    47.440     0.037    -0.007    -0.023
    47.450     0.019    -0.005     0.011
    47.460     0.005     0.008     0.027
    47.470     0.006     0.027     0.022
    47.480     0.016     0.038     0.011
    47.490     0.024     0.039     0.009
    47.500     0.030     0.026     0.012
    47.510     0.023    -0.001     0.004
    47.520     0.021    -0.029    -0.017
    47.530     0.018    -0.052    -0.038
    47.540     0.009    -0.068    -0.050
    47.550    -0.001    -0.074    -0.044
    47.560    -0.012    -0.078    -0.020
    47.570    -0.018    -0.074     0.011
    47.580    -0.016    -0.062     0.040
    47.590     0.000    -0.045     0.058
    47.600     0.026    -0.023     0.062
    47.610     0.042    -0.004     0.057
    47.620     0.035     0.019     0.056
    47.630     0.010     0.045     0.063
    47.640    -0.017     0.072     0.073
    47.650    -0.027     0.093     0.078
    47.660    -0.019     0.101     0.068
    47.670    -0.004     0.099     0.047
    47.680     0.009     0.090     0.027
    47.690     0.016     0.085     0.004
    47.700     0.016     0.090    -0.011
    47.710     0.007     0.099    -0.009
    47.720    -0.004     0.113     0.007
    47.730    -0.012     0.118     0.023
    47.740    -0.026     0.112     0.033
    47.750    -0.053     0.104     0.038
    47.760    -0.082     0.095     0.043
    47.770    -0.093     0.084     0.039
    47.780    -0.071     0.060     0.013
    47.790    -0.023     0.030    -0.030
    47.800     0.031     0.005    -0.080
    47.810     0.071    -0.004    -0.118
    47.820     0.090     0.005    -0.127
    47.830     0.091     0.022    -0.106
    47.840     0.085     0.041    -0.067
    47.850     0.072     0.050    -0.028
    47.860     0.049     0.049    -0.003
    47.870     0.021     0.044     0.001
    47.880    -0.008     0.034    -0.006
    47.890    -0.031     0.021    -0.012
    47.900    -0.046     0.015    -0.010
    47.910    -0.046     0.017    -0.007
    47.920    -0.036     0.030     0.001
    47.930    -0.021     0.053     0.024
    47.940    -0.009     0.077     0.056
    47.950    -0.006     0.091     0.092
    47.960    -0.007     0.084     0.116
    47.970    -0.010     0.063     0.120
    47.980    -0.018     0.026     0.103
    47.990    -0.032    -0.009     0.061
    48.000    -0.040    -0.026     0.017
    48.010    -0.049    -0.042    -0.030
    48.020    -0.057    -0.054    -0.071
    48.030    -0.060    -0.059    -0.095
    48.040    -0.064    -0.067    -0.114
    48.050    -0.054    -0.070    -0.123
    48.060    -0.023    -0.073    -0.123
    48.070     0.027    -0.067    -0.114
    48.080     0.070    -0.062    -0.096
    48.090     0.091    -0.067    -0.075
    48.100     0.093    -0.082    -0.055
    48.110     0.078    -0.115    -0.052
    48.120     0.064    -0.149    -0.060
    48.130     0.054    -0.177    -0.077
    48.140     0.044    -0.196    -0.099
    48.150     0.035    -0.201    -0.112
    48.160     0.022    -0.199    -0.111
    48.170     0.003    -0.194    -0.093
    48.180    -0.023    -0.193    -0.072
    48.190    -0.038    -0.191    -0.061
    48.200    -0.045    -0.188    -0.068
    48.210    -0.054    -0.185    -0.088
    48.220    -0.066    -0.177    -0.099
    48.230    -0.076    -0.174    -0.097
    48.240    -0.085    -0.173    -0.089
    48.250    -0.096    -0.165    -0.091
    48.260    -0.106    -0.146    -0.104
    48.270    -0.116    -0.114    -0.114
    48.280    -0.116    -0.078    -0.116
    48.290    -0.096    -0.043    -0.108
    48.300    -0.072    -0.013    -0.094
    48.310    -0.062     0.007    -0.071
    48.320    -0.074     0.015    -0.040
    48.330    -0.091     0.020    -0.007
    48.340    -0.092     0.038     0.017
    48.350    -0.077     0.083     0.027
    48.360    -0.056     0.151     0.046
    48.370    -0.049     0.217     0.090
    48.380    -0.050     0.261     0.150
    48.390    -0.040     0.281     0.204
    48.400    -0.016     0.294     0.225
    48.410     0.015     0.310     0.214
    48.420     0.036     0.330     0.193
    48.430     0.040     0.341     0.187
    48.440     0.029     0.324     0.194
    48.450     0.024     0.280     0.205
    48.460     0.038     0.213     0.198
    48.470     0.065     0.134     0.166
    48.480     0.101     0.058     0.116
    48.490     0.124    -0.006     0.066
    48.500     0.128    -0.055     0.045
    48.510     0.113    -0.097     0.060
    48.520     0.087    -0.134     0.093
    48.530     0.062    -0.165     0.116
    48.540     0.040    -0.186     0.107
    48.550     0.026    -0.190     0.075
    48.560     0.016    -0.180     0.039
    48.570     0.010    -0.154     0.021
    48.580     0.008    -0.122     0.024
    48.590     0.013    -0.099     0.041
    48.600     0.021    -0.090     0.060
    48.610     0.023    -0.099     0.062
    48.620     0.021    -0.115     0.040
    48.630     0.019    -0.128     0.003
    48.640     0.016    -0.131    -0.037
    48.650     0.019    -0.119    -0.072
    48.660     0.028    -0.102    -0.112
    48.670     0.047    -0.087    -0.166
    48.680     0.069    -0.070    -0.236
    48.690     0.083    -0.041    -0.299
    48.700     0.077     0.001    -0.317
    48.710     0.054     0.043    -0.280
    48.720     0.026     0.073    -0.199
    48.730    -0.001     0.075    -0.104
    48.740    -0.021     0.043    -0.026
    48.750    -0.038    -0.018     0.019
    48.760    -0.054    -0.087     0.029
    48.770    -0.073    -0.139     0.010
    48.780    -0.092    -0.165    -0.021
    48.790    -0.104    -0.165    -0.044
    48.800    -0.100    -0.143    -0.049
    48.810    -0.075    -0.108    -0.030
    48.820    -0.032    -0.060     0.014
    48.830     0.023     0.002     0.078
    48.840     0.073     0.072     0.152
    48.850     0.111     0.136     0.220
    48.860     0.134     0.181     0.274
    48.870     0.146     0.197     0.304
    48.880     0.162     0.186     0.301
    48.890     0.182     0.161     0.269
    48.900     0.198     0.138     0.221
    48.910     0.195     0.123     0.165
    48.920     0.169     0.106     0.120
    48.930     0.133     0.092     0.096
    48.940     0.092     0.081     0.082
    48.950     0.056     0.069     0.075
    48.960     0.030     0.054     0.071
    48.970     0.014     0.026     0.059
    48.980    -0.002    -0.011     0.035
    48.990    -0.021    -0.051    -0.007
    49.000    -0.032    -0.088    -0.053
    49.010    -0.049    -0.134    -0.096
    49.020    -0.066    -0.181    -0.134
    49.030    -0.070    -0.202    -0.157
    49.040    -0.065    -0.188    -0.166
    49.050    -0.048    -0.140    -0.168
    49.060    -0.031    -0.073    -0.167
    49.070    -0.021     0.002    -0.155
    49.080    -0.023     0.063    -0.132
    49.090    -0.036     0.106    -0.106
    49.100    -0.052     0.134    -0.088
    49.110    -0.079     0.137    -0.088
    49.120    -0.106     0.130    -0.095
    49.130    -0.118     0.119    -0.105
    49.140    -0.105     0.108    -0.114
    49.150    -0.074     0.096    -0.119
    49.160    -0.039     0.085    -0.111
    49.170    -0.008     0.070    -0.079
    49.180     0.014     0.042    -0.035
    49.190     0.032     0.004     0.008
    49.200     0.032    -0.044     0.025
    49.210    -0.004    -0.100     0.005
    49.220    -0.060    -0.141    -0.031
    49.230    -0.112    -0.164    -0.059
    49.240    -0.142    -0.166    -0.069
    49.250    -0.148    -0.144    -0.058
    49.260    -0.142    -0.102    -0.034
    49.270    -0.121    -0.045     0.002
    49.280    -0.079     0.015     0.043
    49.290    -0.028     0.071     0.083
    49.300     0.012     0.120     0.121
    49.310     0.020     0.154     0.153
    49.320     0.003     0.164     0.177
    49.330    -0.010     0.140     0.180
    49.340    -0.003     0.087     0.152
    49.350     0.009     0.023     0.099
    49.360     0.010    -0.028     0.037
    49.370    -0.003    -0.053    -0.016
    49.380    -0.014    -0.049    -0.058
    49.390     0.001    -0.021    -0.093
    49.400     0.037     0.029    -0.116
    49.410     0.065     0.083    -0.113
    49.420     0.076     0.132    -0.078
    49.430     0.078     0.173    -0.022
    49.440     0.088     0.199     0.031
    49.450     0.111     0.212     0.070
    49.460     0.131     0.200     0.093
    49.470     0.140     0.161     0.096
    49.480     0.137     0.097     0.078
    49.490     0.120     0.028     0.045
    49.500     0.088    -0.023     0.017
    49.510     0.042    -0.056     0.006
    49.520    -0.007    -0.070     0.005
    49.530    -0.049    -0.075     0.009
    49.540    -0.080    -0.079     0.011
    49.550    -0.092    -0.081     0.020
    49.560    -0.080    -0.086     0.036
    49.570    -0.055    -0.091     0.046
    49.580    -0.032    -0.092     0.048
    49.590    -0.019    -0.087     0.046
    49.600    -0.012    -0.079     0.044
    49.610    -0.003    -0.071     0.025
    49.620     0.013    -0.060    -0.025
    49.630     0.031    -0.049    -0.089
    49.640     0.036    -0.039    -0.143
    49.650     0.027    -0.031    -0.162
    49.660     0.015    -0.025    -0.147
    49.670     0.002    -0.022    -0.119
    49.680    -0.012    -0.031    -0.092
    49.690    -0.028    -0.056    -0.075
    49.700    -0.048    -0.100    -0.061
    49.710    -0.068    -0.148    -0.050
    49.720    -0.081    -0.184    -0.038
    49.730    -0.083    -0.197    -0.023
    49.740    -0.078    -0.193    -0.008
    49.750    -0.075    -0.173     0.003
    49.760    -0.071    -0.135     0.007
    49.770    -0.063    -0.077     0.008
    49.780    -0.043    -0.007     0.006
    49.790    -0.013     0.059     0.007
    49.800     0.012     0.111     0.014
    49.810     0.024     0.145     0.024
    49.820     0.030     0.153     0.030
    49.830     0.039     0.138     0.024
    49.840     0.043     0.110     0.009
    49.850     0.042     0.081    -0.008
    49.860     0.042     0.053    -0.016
    49.870     0.045     0.031    -0.014
    49.880     0.054     0.015    -0.008
    49.890     0.059     0.011     0.000
    49.900     0.056     0.025     0.012
    49.910     0.042     0.044     0.021
    49.920     0.021     0.064     0.016
    49.930    -0.002     0.090    -0.004
    49.940    -0.025     0.120    -0.033
    49.950    -0.040     0.147    -0.058
    49.960    -0.042     0.153    -0.074
    49.970    -0.024     0.134    -0.089
    49.980     0.004     0.093    -0.105
    49.990     0.032     0.042    -0.123
    50.000     0.057    -0.004    -0.122
    50.010     0.063    -0.047    -0.102
    50.020     0.052    -0.084    -0.071
    50.030     0.026    -0.100    -0.031
    50.040    -0.023    -0.109     0.006
    50.050    -0.079    -0.120     0.037
    50.060    -0.129    -0.133     0.052
    50.070    -0.149    -0.138     0.052
    50.080    -0.136    -0.129     0.046
    50.090    -0.109    -0.100     0.046
    50.100    -0.087    -0.060     0.060
    50.110    -0.081    -0.026     0.080
    50.120    -0.073     0.003     0.107
    50.130    -0.052     0.025     0.134
    50.140    -0.017     0.039     0.155
    50.150     0.021     0.037     0.158
    50.160     0.054     0.018     0.142
    50.170     0.077    -0.016     0.118
    50.180     0.078    -0.054     0.099
    50.190     0.063    -0.074     0.095
    50.200     0.034    -0.064     0.089
    50.210     0.005    -0.016     0.067
    50.220    -0.003     0.068     0.029
    50.230     0.010     0.171    -0.015
    50.240     0.052     0.267    -0.053
    50.250     0.105     0.329    -0.084
    50.260     0.154     0.349    -0.107
    50.270     0.194     0.335    -0.115
    50.280     0.208     0.301    -0.103
    50.290     0.192     0.262    -0.068
    50.300     0.147     0.223    -0.015
    50.310     0.077     0.185     0.034
    50.320    -0.003     0.148     0.075
    50.330    -0.077     0.109     0.097
    50.340    -0.127     0.062     0.092
    50.350    -0.150     0.009     0.061
    50.360    -0.155    -0.046     0.013
    50.370    -0.137    -0.093    -0.037
    50.380    -0.099    -0.129    -0.083
    50.390    -0.051    -0.157    -0.113
    50.400    -0.004    -0.173    -0.119
    50.410     0.022    -0.195    -0.102
    50.420     0.039    -0.228    -0.061
    50.430     0.056    -0.268    -0.009
    50.440     0.061    -0.320     0.031
    50.450     0.042    -0.364     0.055
    50.460    -0.006    -0.385     0.070
    50.470    -0.073    -0.386     0.072
    50.480    -0.146    -0.385     0.051
    50.490    -0.178    -0.376     0.017
    50.500    -0.151    -0.347    -0.024
    50.510    -0.096    -0.321    -0.077
    50.520    -0.027    -0.294    -0.120
    50.530     0.043    -0.257    -0.136
    50.540     0.099    -0.211    -0.138
    50.550     0.143    -0.129    -0.126
    50.560     0.172    -0.002    -0.100
    50.570     0.183     0.142    -0.059
    50.580     0.184     0.281     0.002
    50.590     0.184     0.401     0.079
    50.600     0.185     0.490     0.163
    50.610     0.164     0.532     0.232
    50.620     0.120     0.529     0.273
    50.630     0.060     0.492     0.273
    50.640    -0.024     0.403     0.215
    50.650    -0.111     0.276     0.118
    50.660    -0.181     0.128    -0.005
    50.670    -0.223    -0.028    -0.137
    50.680    -0.232    -0.170    -0.252
    50.690    -0.213    -0.277    -0.332
    50.700    -0.176    -0.323    -0.365
    50.710    -0.128    -0.304    -0.348
    50.720    -0.071    -0.228    -0.285
    50.730    -0.005    -0.116    -0.191
    50.740     0.072    -0.003    -0.084
    50.750     0.153     0.084     0.022
    50.760     0.217     0.136     0.111
    50.770     0.241     0.145     0.174
    50.780     0.222     0.115     0.214
    50.790     0.174     0.059     0.232
    50.800     0.107    -0.005     0.223
    50.810     0.033    -0.052     0.184
    50.820    -0.039    -0.066     0.120
    50.830    -0.086    -0.049     0.051
    50.840    -0.096    -0.008    -0.004
    50.850    -0.077     0.043    -0.025
    50.860    -0.047     0.094    -0.014
    50.870    -0.029     0.123     0.023
    50.880    -0.027     0.117     0.074
    50.890    -0.033     0.086     0.115
    50.900    -0.042     0.048     0.144
    50.910    -0.050     0.018     0.165
    50.920    -0.052    -0.003     0.183
    50.930    -0.045    -0.019     0.198
    50.940    -0.037    -0.029     0.195
    50.950    -0.026    -0.031     0.168
    50.960    -0.021    -0.028     0.118
    50.970    -0.025    -0.025     0.050
    50.980    -0.042    -0.032    -0.032
    50.990    -0.062    -0.050    -0.119
    51.000    -0.077    -0.070    -0.190
    51.010    -0.102    -0.112    -0.258
    51.020    -0.134    -0.173    -0.324
    51.030    -0.157    -0.230    -0.382
    51.040    -0.170    -0.273    -0.420
    51.050    -0.158    -0.281    -0.425
    51.060    -0.124    -0.256    -0.400
    51.070    -0.062    -0.196    -0.335
    51.080     0.020    -0.102    -0.241
    51.090     0.101     0.012    -0.127
    51.100     0.166     0.132     0.000
    51.110     0.197     0.224     0.113
    51.120     0.200     0.271     0.191
    51.130     0.174     0.267     0.216
    51.140     0.118     0.204     0.185
    51.150     0.044     0.086     0.108
    51.160    -0.037    -0.075     0.000
    51.170    -0.100    -0.253    -0.115
    51.180    -0.142    -0.408    -0.203
    51.190    -0.158    -0.509    -0.239
    51.200    -0.144    -0.520    -0.207
    51.210    -0.106    -0.422    -0.102
    51.220    -0.042    -0.224     0.056
    51.230     0.044     0.060     0.250
    51.240     0.143     0.387     0.452
    51.250     0.227     0.697     0.634
    51.260     0.276     0.946     0.780
    51.270     0.286     1.095     0.868
    51.280     0.260     1.115     0.880
    51.290     0.212     1.000     0.809
    51.300     0.145     0.762     0.641
    51.310     0.066     0.425     0.392
    51.320    -0.021     0.025     0.107
    51.330    -0.108    -0.395    -0.169
    51.340    -0.184    -0.777    -0.399
    51.350    -0.246    -1.074    -0.564
    51.360    -0.288    -1.249    -0.657
    51.370    -0.307    -1.275    -0.669
    51.380    -0.296    -1.156    -0.606
    51.390    -0.254    -0.914    -0.488
    51.400    -0.181    -0.582    -0.328
    51.410    -0.078    -0.199    -0.150
    51.420     0.049     0.188     0.028
    51.430     0.180     0.532     0.205
    51.440     0.288     0.784     0.354
    51.450     0.355     0.916     0.452
    51.460     0.372     0.922     0.477
    51.470     0.339     0.815     0.409
    51.480     0.261     0.624     0.251
    51.490     0.152     0.386     0.032
    51.500     0.035     0.140    -0.208
    51.510    -0.078    -0.071    -0.440
    51.520    -0.175    -0.209    -0.626
    51.530    -0.245    -0.267    -0.735
    51.540    -0.286    -0.258    -0.757
    51.550    -0.294    -0.200    -0.696
    51.560    -0.274    -0.127    -0.580
    51.570    -0.234    -0.060    -0.428
    51.580    -0.190    -0.011    -0.260
    51.590    -0.156     0.018    -0.101
    51.600    -0.128     0.027     0.022
    51.610    -0.092     0.014     0.088
    51.620    -0.042    -0.028     0.090
    51.630     0.011    -0.100     0.037
    51.640     0.048    -0.195    -0.048
    51.650     0.060    -0.306    -0.136
    51.660     0.052    -0.407    -0.201
    51.670     0.035    -0.468    -0.231
    51.680     0.014    -0.455    -0.221
    51.690     0.002    -0.344    -0.162
    51.700     0.007    -0.142    -0.038
    51.710     0.031     0.122     0.148
    51.720     0.062     0.398     0.383
    51.730     0.089     0.630     0.630
    51.740     0.105     0.772     0.834
    51.750     0.111     0.792     0.943
    51.760     0.096     0.703     0.932
    51.770     0.060     0.532     0.809
    51.780     0.014     0.317     0.605
    51.790    -0.022     0.097     0.361
    51.800    -0.031    -0.101     0.109
    51.810    -0.010    -0.251    -0.106
    51.820     0.035    -0.336    -0.247
    51.830     0.097    -0.350    -0.286
    51.840     0.160    -0.297    -0.223
    51.850     0.218    -0.199    -0.088
    51.860     0.258    -0.085     0.092
    51.870     0.272     0.016     0.272
    51.880     0.258     0.082     0.414
    51.890     0.215     0.104     0.493
    51.900     0.150     0.090     0.503
    51.910     0.079     0.046     0.447
    51.920     0.010    -0.024     0.320
    51.930    -0.049    -0.114     0.132
    51.940    -0.104    -0.224    -0.106
    51.950    -0.155    -0.341    -0.369
    51.960    -0.204    -0.448    -0.621
    51.970    -0.245    -0.513    -0.833
    51.980    -0.265    -0.513    -0.975
    51.990    -0.257    -0.441    -1.020
    52.000    -0.216    -0.287    -0.941
    52.010    -0.169    -0.088    -0.755
    52.020    -0.121     0.126    -0.492
    52.030    -0.057     0.335    -0.195
    52.040     0.005     0.492     0.076
    52.050     0.048     0.575     0.270
    52.060     0.051     0.553     0.359
    52.070     0.018     0.431     0.351
    52.080    -0.034     0.236     0.263
    52.090    -0.087     0.014     0.121
    52.100    -0.122    -0.173    -0.036
    52.110    -0.145    -0.301    -0.170
    52.120    -0.146    -0.344    -0.248
    52.130    -0.125    -0.302    -0.254
    52.140    -0.086    -0.207    -0.197
    52.150    -0.019    -0.076    -0.096
    52.160     0.064     0.057     0.023
    52.170     0.147     0.168     0.142
    52.180     0.212     0.234     0.255
    52.190     0.246     0.236     0.354
    52.200     0.255     0.180     0.441
    52.210     0.243     0.076     0.511
    52.220     0.203    -0.052     0.554
    52.230     0.141    -0.173     0.563
    52.240     0.069    -0.258     0.532
    52.250     0.005    -0.287     0.469
    52.260    -0.030    -0.255     0.389
    52.270    -0.026    -0.156     0.296
    52.280     0.017    -0.001     0.206
    52.290     0.083     0.188     0.123
    52.300     0.157     0.378     0.045
    52.310     0.220     0.531    -0.031
    52.320     0.257     0.623    -0.112
    52.330     0.270     0.645    -0.193
    52.340     0.255     0.605    -0.268
    52.350     0.210     0.512    -0.325
    52.360     0.125     0.382    -0.353
    52.370     0.003     0.227    -0.356
    52.380    -0.135     0.052    -0.342
    52.390    -0.272    -0.136    -0.326
    52.400    -0.382    -0.324    -0.325
    52.410    -0.449    -0.484    -0.349
    52.420    -0.463    -0.588    -0.392
    52.430    -0.420    -0.614    -0.435
    52.440    -0.333    -0.557    -0.449
    52.450    -0.212    -0.428    -0.420
    52.460    -0.083    -0.250    -0.351
    52.470     0.052    -0.067    -0.246
    52.480     0.171     0.080    -0.129
    52.490     0.242     0.157    -0.022
    52.500     0.254     0.140     0.059
    52.510     0.205     0.037     0.093
    52.520     0.126    -0.110     0.079
    52.530     0.046    -0.249     0.033
    52.540    -0.031    -0.331    -0.013
    52.550    -0.101    -0.329    -0.020
    52.560    -0.158    -0.252     0.033
    52.570    -0.195    -0.139     0.142
    52.580    -0.208    -0.036     0.274
    52.590    -0.202     0.028     0.387
    52.600    -0.178     0.045     0.445
    52.610    -0.142     0.024     0.433
    52.620    -0.092    -0.009     0.366
    52.630    -0.032    -0.022     0.267
    52.640     0.033    -0.004     0.170
    52.650     0.103     0.032     0.099
    52.660     0.175     0.064     0.052
    52.670     0.240     0.075     0.019
    52.680     0.286     0.068    -0.015
    52.690     0.303     0.059    -0.041
    52.700     0.291     0.054    -0.053
    52.710     0.260     0.056    -0.058
    52.720     0.223     0.058    -0.052
    52.730     0.181     0.042    -0.047
    52.740     0.137    -0.006    -0.045
    52.750     0.090    -0.094    -0.058
    52.760     0.042    -0.213    -0.086
    52.770    -0.006    -0.332    -0.120
    52.780    -0.050    -0.410    -0.167
    52.790    -0.079    -0.420    -0.209
    52.800    -0.091    -0.352    -0.244
    52.810    -0.084    -0.217    -0.263
    52.820    -0.065    -0.038    -0.247
    52.830    -0.039     0.143    -0.191
    52.840    -0.017     0.284    -0.100
    52.850    -0.013     0.361    -0.003
    52.860    -0.024     0.365     0.082
    52.870    -0.041     0.316     0.151
    52.880    -0.055     0.247     0.201
    52.890    -0.063     0.185     0.230
    52.900    -0.069     0.150     0.239
    52.910    -0.082     0.147     0.235
    52.920    -0.109     0.164     0.227
    52.930    -0.131     0.192     0.209
    52.940    -0.141     0.207     0.165
    52.950    -0.140     0.202     0.083
    52.960    -0.137     0.174    -0.037
    52.970    -0.136     0.116    -0.169
    52.980    -0.132     0.030    -0.287
    52.990    -0.119    -0.078    -0.361
    53.000    -0.081    -0.175    -0.357
    53.010    -0.044    -0.264    -0.287
    53.020    -0.017    -0.338    -0.166
    53.030     0.022    -0.368    -0.013
    53.040     0.062    -0.367     0.131
    53.050     0.095    -0.335     0.243
    53.060     0.117    -0.286     0.309
    53.070     0.125    -0.225     0.329
    53.080     0.126    -0.153     0.313
    53.090     0.123    -0.070     0.267
    53.100     0.133     0.040     0.215
    53.110     0.149     0.169     0.170
    53.120     0.163     0.318     0.145
    53.130     0.164     0.471     0.149
    53.140     0.140     0.606     0.170
    53.150     0.101     0.704     0.199
    53.160     0.061     0.746     0.226
    53.170     0.023     0.726     0.227
    53.180    -0.017     0.641     0.186
    53.190    -0.069     0.514     0.110
    53.200    -0.137     0.358     0.011
    53.210    -0.205     0.188    -0.098
    53.220    -0.254     0.032    -0.204
    53.230    -0.279    -0.096    -0.293
    53.240    -0.289    -0.177    -0.344
    53.250    -0.287    -0.205    -0.345
    53.260    -0.272    -0.193    -0.300
    53.270    -0.232    -0.158    -0.221
    53.280    -0.170    -0.132    -0.128
    53.290    -0.102    -0.145    -0.043
    53.300    -0.039    -0.219     0.019
    53.310     0.010    -0.361     0.042
    53.320     0.049    -0.541     0.021
    53.330     0.081    -0.706    -0.033
    53.340     0.102    -0.808    -0.095
    53.350     0.111    -0.826    -0.135
    53.360     0.109    -0.764    -0.137
    53.370     0.107    -0.639    -0.099
    53.380     0.107    -0.469    -0.034
    53.390     0.113    -0.275     0.042
    53.400     0.117    -0.083     0.124
    53.410     0.107     0.079     0.192
    53.420     0.083     0.184     0.229
    53.430     0.045     0.226     0.217
    53.440     0.002     0.207     0.144
    53.450    -0.035     0.143     0.026
    53.460    -0.072     0.058    -0.111
    53.470    -0.107    -0.025    -0.236
    53.480    -0.139    -0.079    -0.318
    53.490    -0.156    -0.080    -0.345
    53.500    -0.144    -0.015    -0.317
    53.510    -0.107     0.111    -0.246
    53.520    -0.054     0.277    -0.132
    53.530     0.000     0.447     0.018
    53.540     0.051     0.582     0.175
    53.550     0.101     0.659     0.294
    53.560     0.140     0.665     0.344
    53.570     0.154     0.607     0.316
    53.580     0.134     0.501     0.233
    53.590     0.091     0.358     0.119
    53.600     0.049     0.200    -0.014
    53.610     0.024     0.053    -0.150
    53.620     0.021    -0.058    -0.254
    53.630     0.033    -0.113    -0.287
    53.640     0.050    -0.104    -0.232
    53.650     0.066    -0.039    -0.092
    53.660     0.074     0.069     0.104
    53.670     0.074     0.192     0.298
    53.680     0.075     0.286     0.438
    53.690     0.076     0.315     0.488
    53.700     0.070     0.261     0.434
    53.710     0.044     0.134     0.302
    53.720    -0.005    -0.040     0.131
    53.730    -0.065    -0.231    -0.048
    53.740    -0.125    -0.409    -0.218
    53.750    -0.181    -0.554    -0.373
    53.760    -0.226    -0.642    -0.500
    53.770    -0.244    -0.659    -0.593
    53.780    -0.219    -0.602    -0.642
    53.790    -0.151    -0.472    -0.633
    53.800    -0.061    -0.288    -0.555
    53.810     0.025    -0.071    -0.415
    53.820     0.094     0.138    -0.240
    53.830     0.146     0.298    -0.066
    53.840     0.183     0.395     0.074
    53.850     0.209     0.426     0.161
    53.860     0.228     0.399     0.198
    53.870     0.241     0.324     0.206
    53.880     0.251     0.215     0.201
    53.890     0.255     0.090     0.191
    53.900     0.247    -0.027     0.177
    53.910     0.229    -0.122     0.138
    53.920     0.207    -0.193     0.073
    53.930     0.182    -0.236    -0.008
    53.940     0.146    -0.262    -0.088
    53.950     0.097    -0.272    -0.144
    53.960     0.035    -0.275    -0.173
    53.970    -0.033    -0.272    -0.172
    53.980    -0.099    -0.266    -0.153
    53.990    -0.156    -0.257    -0.124
    54.000    -0.198    -0.228    -0.084
    54.010    -0.234    -0.193    -0.040
    54.020    -0.255    -0.142     0.020
    54.030    -0.247    -0.059     0.105
    54.040    -0.215     0.044     0.203
    54.050    -0.166     0.152     0.304
    54.060    -0.110     0.250     0.388
    54.070    -0.048     0.324     0.435
    54.080     0.002     0.367     0.444
    54.090     0.035     0.380     0.426
    54.100     0.058     0.370     0.393
    54.110     0.072     0.334     0.341
    54.120     0.091     0.280     0.279
    54.130     0.110     0.218     0.221
    54.140     0.110     0.149     0.175
    54.150     0.092     0.080     0.149
    54.160     0.058     0.012     0.139
    54.170     0.024    -0.058     0.122
    54.180    -0.003    -0.123     0.085
    54.190    -0.025    -0.181     0.015
    54.200    -0.047    -0.239    -0.087
    54.210    -0.059    -0.287    -0.195
    54.220    -0.061    -0.326    -0.291
    54.230    -0.062    -0.347    -0.358
    54.240    -0.056    -0.333    -0.378
    54.250    -0.049    -0.287    -0.356
    54.260    -0.037    -0.212    -0.310
    54.270    -0.022    -0.120    -0.254
    54.280    -0.008    -0.020    -0.198
    54.290     0.010     0.079    -0.147
    54.300     0.024     0.168    -0.098
    54.310     0.032     0.245    -0.055
    54.320     0.036     0.306    -0.009
    54.330     0.030     0.344     0.040
    54.340     0.015     0.344     0.080
    54.350    -0.006     0.304     0.107
    54.360    -0.032     0.226     0.107
    54.370    -0.061     0.128     0.082
    54.380    -0.073     0.048     0.041
    54.390    -0.069     0.006    -0.001
    54.400    -0.050     0.009    -0.030
    54.410    -0.022     0.031    -0.050
    54.420     0.012     0.051    -0.064
    54.430     0.056     0.058    -0.086
    54.440     0.100     0.051    -0.126
    54.450     0.133     0.041    -0.169
    54.460     0.156     0.029    -0.190
    54.470     0.161     0.011    -0.171
    54.480     0.143    -0.031    -0.121
    54.490     0.101    -0.102    -0.061
    54.500     0.040    -0.212    -0.017
    54.510    -0.036    -0.357    -0.004
    54.520    -0.114    -0.502    -0.015
    54.530    -0.179    -0.617    -0.019
    54.540    -0.228    -0.676     0.001
    54.550    -0.248    -0.667     0.047
    54.560    -0.234    -0.584     0.117
    54.570    -0.194    -0.450     0.192
    54.580    -0.145    -0.290     0.254
    54.590    -0.101    -0.123     0.304
    54.600    -0.062     0.028     0.333
    54.610    -0.025     0.147     0.337
    54.620     0.025     0.244     0.324
    54.630     0.080     0.326     0.307
    54.640     0.133     0.392     0.300
    54.650     0.174     0.441     0.302
    54.660     0.192     0.458     0.296
    54.670     0.189     0.436     0.270
    54.680     0.167     0.374     0.219
    54.690     0.135     0.280     0.146
    54.700     0.095     0.173     0.063
    54.710     0.049     0.080    -0.020
    54.720     0.000     0.020    -0.089
    54.730    -0.046     0.001    -0.151
    54.740    -0.086     0.019    -0.215
    54.750    -0.117     0.060    -0.279
    54.760    -0.132     0.100    -0.328
    54.770    -0.129     0.115    -0.353
    54.780    -0.109     0.088    -0.360
    54.790    -0.075     0.021    -0.356
    54.800    -0.038    -0.073    -0.353
    54.810    -0.013    -0.172    -0.348
    54.820    -0.007    -0.251    -0.332
    54.830    -0.019    -0.293    -0.305
    54.840    -0.037    -0.293    -0.269
    54.850    -0.040    -0.254    -0.226
    54.860    -0.025    -0.186    -0.188
    54.870     0.005    -0.097    -0.164
    54.880     0.055     0.007    -0.155
    54.890     0.115     0.118    -0.146
    54.900     0.184     0.233    -0.120
    54.910     0.236     0.338    -0.069
    54.920     0.251     0.414     0.009
    54.930     0.230     0.456     0.099
    54.940     0.184     0.452     0.178
    54.950     0.133     0.408     0.221
    54.960     0.078     0.320     0.223
    54.970     0.017     0.191     0.191
    54.980    -0.055     0.035     0.134
    54.990    -0.129    -0.122     0.068
    55.000    -0.185    -0.235     0.013
    55.010    -0.224    -0.304    -0.017
    55.020    -0.241    -0.324    -0.012
    55.030    -0.228    -0.294     0.033
    55.040    -0.199    -0.241     0.097
    55.050    -0.161    -0.167     0.168
    55.060    -0.113    -0.090     0.238
    55.070    -0.061    -0.023     0.295
    55.080    -0.005     0.023     0.325
    55.090     0.045     0.045     0.315
    55.100     0.074     0.059     0.270
    55.110     0.076     0.063     0.197
    55.120     0.058     0.071     0.121
    55.130     0.031     0.074     0.052
    55.140     0.005     0.067     0.001
    55.150    -0.026     0.040    -0.027
    55.160    -0.056    -0.012    -0.041
    55.170    -0.082    -0.079    -0.046
    55.180    -0.109    -0.156    -0.053
    55.190    -0.120    -0.211    -0.042
    55.200    -0.120    -0.252    -0.021
    55.210    -0.115    -0.285    -0.010
    55.220    -0.085    -0.287    -0.001
    55.230    -0.043    -0.266    -0.003
    55.240     0.004    -0.221    -0.014
    55.250     0.050    -0.164    -0.022
    55.260     0.099    -0.101    -0.028
    55.270     0.153    -0.043    -0.031
    55.280     0.203     0.004    -0.037
    55.290     0.238     0.042    -0.054
    55.300     0.248     0.069    -0.086
    55.310     0.235     0.093    -0.123
    55.320     0.210     0.115    -0.152
    55.330     0.182     0.138    -0.164
    55.340     0.146     0.161    -0.158
    55.350     0.100     0.183    -0.132
    55.360     0.046     0.204    -0.088
    55.370    -0.005     0.221    -0.034
    55.380    -0.037     0.237     0.022
    55.390    -0.054     0.240     0.063
    55.400    -0.048     0.228     0.080
    55.410    -0.029     0.198     0.064
    55.420    -0.005     0.140     0.008
    55.430     0.028     0.070    -0.071
    55.440     0.069     0.012    -0.145
    55.450     0.104    -0.022    -0.198
    55.460     0.123    -0.028    -0.218
    55.470     0.131    -0.001    -0.188
    55.480     0.133     0.040    -0.118
    55.490     0.129     0.068    -0.020
    55.500     0.112     0.073     0.080
    55.510     0.079     0.052     0.146
    55.520     0.039     0.019     0.170
    55.530     0.001    -0.015     0.151
    55.540    -0.032    -0.052     0.110
    55.550    -0.062    -0.089     0.064
    55.560    -0.089    -0.127     0.019
    55.570    -0.111    -0.165    -0.020
    55.580    -0.120    -0.193    -0.051
    55.590    -0.117    -0.204    -0.069
    55.600    -0.104    -0.196    -0.074
    55.610    -0.083    -0.166    -0.058
    55.620    -0.066    -0.119    -0.020
    55.630    -0.058    -0.060     0.044
    55.640    -0.066     0.004     0.115
    55.650    -0.088     0.068     0.165
    55.660    -0.118     0.130     0.182
    55.670    -0.154     0.180     0.164
    55.680    -0.184     0.209     0.120
    55.690    -0.202     0.209     0.060
    55.700    -0.208     0.175    -0.004
    55.710    -0.201     0.113    -0.063
    55.720    -0.186     0.033    -0.116
    55.730    -0.164    -0.047    -0.155
    55.740    -0.128    -0.108    -0.175
    55.750    -0.083    -0.141    -0.168
    55.760    -0.031    -0.148    -0.125
    55.770     0.019    -0.150    -0.053
    55.780     0.049    -0.159     0.027
    55.790     0.057    -0.180     0.098
    55.800     0.054    -0.206     0.134
    55.810     0.042    -0.212     0.127
    55.820     0.032    -0.183     0.085
    55.830     0.020    -0.125     0.028
    55.840     0.011    -0.052    -0.021
    55.850     0.015     0.020    -0.053
    55.860     0.036     0.084    -0.058
    55.870     0.072     0.144    -0.030
    55.880     0.100     0.202     0.029
    55.890     0.117     0.260     0.113
    55.900     0.125     0.314     0.201
    55.910     0.123     0.348     0.274
    55.920     0.112     0.347     0.317
    55.930     0.092     0.310     0.323
    55.940     0.060     0.243     0.287
    55.950     0.020     0.162     0.211
    55.960    -0.017     0.087     0.104
    55.970    -0.049     0.028    -0.015
    55.980    -0.070    -0.020    -0.131
    55.990    -0.082    -0.067    -0.234
    56.000    -0.075    -0.106    -0.305
    56.010    -0.058    -0.147    -0.347
    56.020    -0.035    -0.178    -0.362
    56.030     0.002    -0.187    -0.347
    56.040     0.039    -0.186    -0.320
    56.050     0.071    -0.173    -0.284
    56.060     0.094    -0.154    -0.239
    56.070     0.104    -0.129    -0.181
    56.080     0.104    -0.096    -0.120
    56.090     0.099    -0.054    -0.071
    56.100     0.098     0.000    -0.028
    56.110     0.091     0.046     0.011
    56.120     0.083     0.074     0.065
    56.130     0.070     0.070     0.136
    56.140     0.057     0.031     0.206
    56.150     0.050    -0.030     0.256
    56.160     0.052    -0.094     0.268
    56.170     0.063    -0.137     0.242
    56.180     0.066    -0.150     0.198
    56.190     0.061    -0.123     0.156
    56.200     0.048    -0.070     0.125
    56.210     0.020    -0.022     0.099
    56.220    -0.003     0.015     0.072
    56.230    -0.023     0.032     0.041
    56.240    -0.042     0.032     0.011
    56.250    -0.061     0.026     0.002
    56.260    -0.087     0.014     0.021
    56.270    -0.117     0.006     0.051
    56.280    -0.145     0.001     0.084
    56.290    -0.167    -0.004     0.105
    56.300    -0.181    -0.009     0.105
    56.310    -0.191    -0.006     0.085
    56.320    -0.194     0.011     0.048
    56.330    -0.186     0.045     0.005
    56.340    -0.165     0.092    -0.034
    56.350    -0.140     0.141    -0.065
    56.360    -0.114     0.189    -0.093
    56.370    -0.088     0.224    -0.115
    56.380    -0.058     0.235    -0.125
    56.390    -0.021     0.233    -0.113
    56.400     0.013     0.219    -0.073
    56.410     0.035     0.194    -0.009
    56.420     0.040     0.160     0.069
    56.430     0.040     0.118     0.133
    56.440     0.042     0.074     0.162
    56.450     0.052     0.039     0.145
    56.460     0.077     0.019     0.088
    56.470     0.099     0.015     0.015
    56.480     0.114     0.020    -0.054
    56.490     0.117     0.017    -0.105
    56.500     0.109    -0.001    -0.137
    56.510     0.097    -0.044    -0.161
    56.520     0.073    -0.108    -0.179
    56.530     0.039    -0.173    -0.186
    56.540    -0.006    -0.236    -0.173
    56.550    -0.057    -0.291    -0.131
    56.560    -0.103    -0.335    -0.063
    56.570    -0.137    -0.373     0.012
    56.580    -0.153    -0.402     0.071
    56.590    -0.144    -0.413     0.095
    56.600    -0.112    -0.398     0.085
    56.610    -0.066    -0.351     0.053
    56.620    -0.012    -0.270     0.021
    56.630     0.047    -0.171     0.009
    56.640     0.104    -0.075     0.015
    56.650     0.157     0.003     0.025
    56.660     0.195     0.056     0.019
    56.670     0.209     0.087    -0.012
    56.680     0.196     0.090    -0.061
    56.690     0.153     0.072    -0.114
    56.700     0.094     0.044    -0.153
    56.710     0.033     0.018    -0.174
    56.720    -0.014     0.012    -0.174
    56.730    -0.043     0.030    -0.157
    56.740    -0.054     0.078    -0.128
    56.750    -0.048     0.146    -0.092
    56.760    -0.035     0.221    -0.057
    56.770    -0.015     0.293    -0.027
    56.780     0.004     0.340    -0.009
    56.790     0.020     0.353     0.002
    56.800     0.030     0.328     0.007
    56.810     0.031     0.271     0.009
    56.820     0.025     0.191     0.009
    56.830     0.012     0.106     0.007
    56.840    -0.010     0.026     0.013
    56.850    -0.032    -0.048     0.021
    56.860    -0.052    -0.112     0.030
    56.870    -0.066    -0.158     0.048
    56.880    -0.082    -0.183     0.069
    56.890    -0.099    -0.191     0.094
    56.900    -0.111    -0.182     0.121
    56.910    -0.118    -0.166     0.133
    56.920    -0.115    -0.143     0.120
    56.930    -0.105    -0.109     0.088
    56.940    -0.094    -0.072     0.047
    56.950    -0.079    -0.035     0.006
    56.960    -0.060     0.002    -0.023
    56.970    -0.032     0.035    -0.033
    56.980    -0.002     0.060    -0.027
    56.990     0.025     0.077    -0.006
    57.000     0.049     0.090     0.030
    57.010     0.055     0.089     0.058
    57.020     0.039     0.069     0.070
    57.030     0.013     0.035     0.070
    57.040    -0.018    -0.013     0.047
    57.050    -0.040    -0.070    -0.002
    57.060    -0.050    -0.124    -0.063
    57.070    -0.039    -0.160    -0.117
    57.080    -0.015    -0.171    -0.153
    57.090     0.012    -0.153    -0.160
    57.100     0.041    -0.113    -0.143
    57.110     0.061    -0.058    -0.125
    57.120     0.083     0.010    -0.100
    57.130     0.112     0.075    -0.071
    57.140     0.138     0.119    -0.037
    57.150     0.161     0.131    -0.001
    57.160     0.166     0.108     0.036
    57.170     0.149     0.056     0.077
    57.180     0.110    -0.020     0.108
    57.190     0.066    -0.100     0.129
    57.200     0.028    -0.168     0.139
    57.210    -0.003    -0.219     0.130
    57.220    -0.018    -0.239     0.110
    57.230    -0.022    -0.233     0.086
    57.240    -0.014    -0.205     0.062
    57.250     0.002    -0.162     0.041
    57.260     0.021    -0.117     0.021
    57.270     0.046    -0.078     0.000
    57.280     0.071    -0.058    -0.031
    57.290     0.086    -0.052    -0.071
    57.300     0.085    -0.057    -0.112
    57.310     0.077    -0.061    -0.142
    57.320     0.068    -0.051    -0.147
    57.330     0.068    -0.021    -0.121
    57.340     0.075     0.029    -0.066
    57.350     0.076     0.090     0.011
    57.360     0.068     0.144     0.099
    57.370     0.051     0.178     0.180
    57.380     0.028     0.198     0.242
    57.390     0.010     0.210     0.270
    57.400    -0.002     0.224     0.259
    57.410    -0.013     0.241     0.221
    57.420    -0.019     0.260     0.168
    57.430    -0.018     0.277     0.107
    57.440    -0.007     0.289     0.047
    57.450     0.010     0.290    -0.006
    57.460     0.019     0.271    -0.051
    57.470     0.015     0.229    -0.082
    57.480    -0.005     0.165    -0.112
    57.490    -0.034     0.087    -0.146
    57.500    -0.069     0.008    -0.176
    57.510    -0.106    -0.062    -0.206
    57.520    -0.136    -0.109    -0.220
    57.530    -0.157    -0.124    -0.210
    57.540    -0.163    -0.107    -0.176
    57.550    -0.150    -0.061    -0.123
    57.560    -0.122    -0.001    -0.072
    57.570    -0.087     0.053    -0.036
    57.580    -0.057     0.081    -0.015
    57.590    -0.042     0.074    -0.006
    57.600    -0.039     0.038    -0.002
    57.610    -0.039    -0.011    -0.011
    57.620    -0.034    -0.053    -0.031
    57.630    -0.031    -0.081    -0.053
    57.640    -0.038    -0.101    -0.068
    57.650    -0.054    -0.117    -0.074
    57.660    -0.068    -0.134    -0.077
    57.670    -0.071    -0.151    -0.080
    57.680    -0.062    -0.160    -0.086
    57.690    -0.046    -0.161    -0.085
    57.700    -0.026    -0.159    -0.070
    57.710    -0.011    -0.159    -0.045
    57.720     0.002    -0.154    -0.008
    57.730     0.013    -0.141     0.033
    57.740     0.018    -0.126     0.065
    57.750     0.017    -0.120     0.084
    57.760     0.010    -0.122     0.084
    57.770    -0.010    -0.132     0.063
    57.780    -0.031    -0.144     0.026
    57.790    -0.045    -0.143    -0.017
    57.800    -0.054    -0.121    -0.054
    57.810    -0.049    -0.072    -0.075
    57.820    -0.035     0.003    -0.064
    57.830    -0.010     0.088    -0.017
    57.840     0.025     0.167     0.061
    57.850     0.069     0.225     0.150
    57.860     0.119     0.249     0.224
    57.870     0.166     0.240     0.266
    57.880     0.198     0.197     0.266
    57.890     0.208     0.133     0.231
    57.900     0.202     0.068     0.171
    57.910     0.183     0.011     0.092
    57.920     0.158    -0.022     0.017
    57.930     0.128    -0.024    -0.030
    57.940     0.093    -0.005    -0.040
    57.950     0.064     0.020    -0.014
    57.960     0.043     0.037     0.026
    57.970     0.029     0.039     0.063
    57.980     0.015     0.025     0.084
    57.990     0.001     0.005     0.083
    58.000    -0.001     0.000     0.067
    58.010    -0.003     0.004     0.032
    58.020    -0.006     0.020    -0.007
    58.030    -0.010     0.052    -0.032
    58.040    -0.025     0.079    -0.044
    58.050    -0.042     0.090    -0.046
    58.060    -0.064     0.081    -0.045
    58.070    -0.086     0.059    -0.034
    58.080    -0.110     0.040    -0.016
    58.090    -0.138     0.030     0.006
    58.100    -0.161     0.031     0.029
    58.110    -0.184     0.030     0.040
    58.120    -0.191     0.033     0.042
    58.130    -0.177     0.046     0.023
    58.140    -0.140     0.068    -0.023
    58.150    -0.083     0.102    -0.080
    58.160    -0.016     0.142    -0.123
    58.170     0.050     0.179    -0.129
    58.180     0.100     0.193    -0.102
    58.190     0.138     0.183    -0.057
    58.200     0.162     0.152    -0.016
    58.210     0.161     0.103     0.005
    58.220     0.140     0.049     0.010
    58.230     0.100    -0.008     0.002
    58.240     0.049    -0.064    -0.016
    58.250    -0.003    -0.111    -0.035
    58.260    -0.048    -0.147    -0.042
    58.270    -0.080    -0.165    -0.036
    58.280    -0.097    -0.169    -0.020
    58.290    -0.096    -0.162     0.007
    58.300    -0.080    -0.142     0.039
    58.310    -0.055    -0.119     0.077
    58.320    -0.028    -0.099     0.111
    58.330    -0.002    -0.080     0.133
    58.340     0.022    -0.063     0.137
    58.350     0.045    -0.039     0.128
    58.360     0.065    -0.004     0.114
    58.370     0.078     0.035     0.095
    58.380     0.081     0.072     0.071
    58.390     0.072     0.094     0.045
    58.400     0.054     0.088     0.019
    58.410     0.026     0.057    -0.006
    58.420    -0.005     0.012    -0.032
    58.430    -0.032    -0.035    -0.057
    58.440    -0.053    -0.079    -0.072
    58.450    -0.070    -0.111    -0.073
    58.460    -0.086    -0.128    -0.069
    58.470    -0.099    -0.126    -0.073
    58.480    -0.104    -0.099    -0.087
    58.490    -0.086    -0.050    -0.112
    58.500    -0.050     0.015    -0.140
    58.510    -0.009     0.083    -0.162
    58.520     0.030     0.143    -0.170
    58.530     0.056     0.187    -0.164
    58.540     0.069     0.203    -0.154
    58.550     0.069     0.194    -0.141
    58.560     0.063     0.168    -0.134
    58.570     0.046     0.127    -0.133
    58.580     0.016     0.074    -0.122
    58.590    -0.021     0.012    -0.094
    58.600    -0.060    -0.060    -0.057
    58.610    -0.096    -0.133    -0.024
    58.620    -0.124    -0.202     0.001
    58.630    -0.130    -0.259     0.004
    58.640    -0.114    -0.295    -0.010
    58.650    -0.077    -0.304    -0.018
    58.660    -0.032    -0.279    -0.001
    58.670     0.012    -0.227     0.043
    58.680     0.048    -0.159     0.110
    58.690     0.079    -0.091     0.179
    58.700     0.106    -0.033     0.228
    58.710     0.121     0.011     0.249
    58.720     0.125     0.034     0.243
    58.730     0.122     0.049     0.221
    58.740     0.122     0.055     0.194
    58.750     0.131     0.056     0.172
    58.760     0.139     0.063     0.155
    58.770     0.137     0.064     0.140
    58.780     0.122     0.057     0.123
    58.790     0.100     0.033     0.101
    58.800     0.074    -0.002     0.073
    58.810     0.048    -0.031     0.043
    58.820     0.022    -0.051     0.010
    58.830    -0.001    -0.050    -0.012
    58.840    -0.017    -0.026    -0.023
    58.850    -0.022     0.020    -0.029
    58.860    -0.016     0.085    -0.016
    58.870    -0.009     0.155     0.009
    58.880    -0.001     0.206     0.042
    58.890     0.003     0.225     0.065
    58.900     0.004     0.205     0.065
    58.910    -0.001     0.150     0.036
    58.920    -0.017     0.077    -0.020
    58.930    -0.042     0.000    -0.085
    58.940    -0.081    -0.073    -0.147
    58.950    -0.121    -0.130    -0.195
    58.960    -0.156    -0.165    -0.228
    58.970    -0.183    -0.173    -0.249
    58.980    -0.194    -0.158    -0.259
    58.990    -0.188    -0.126    -0.255
    59.000    -0.157    -0.079    -0.236
    59.010    -0.126    -0.044    -0.214
    59.020    -0.099    -0.027    -0.196
    59.030    -0.072    -0.027    -0.187
    59.040    -0.050    -0.044    -0.186
    59.050    -0.029    -0.070    -0.184
    59.060    -0.013    -0.091    -0.179
    59.070     0.005    -0.092    -0.164
    59.080     0.021    -0.085    -0.134
    59.090     0.035    -0.071    -0.084
    59.100     0.054    -0.054    -0.023
    59.110     0.065    -0.044     0.033
    59.120     0.077    -0.028     0.084
    59.130     0.088    -0.005     0.126
    59.140     0.100     0.027     0.152
    59.150     0.113     0.068     0.169
    59.160     0.121     0.108     0.181
    59.170     0.125     0.141     0.201
    59.180     0.117     0.148     0.223
    59.190     0.103     0.132     0.243
    59.200     0.083     0.098     0.244
    59.210     0.054     0.054     0.216
    59.220     0.030     0.021     0.172
    59.230     0.009     0.007     0.129
    59.240    -0.011     0.017     0.109
    59.250    -0.032     0.047     0.111
    59.260    -0.050     0.085     0.124
    59.270    -0.056     0.119     0.141
    59.280    -0.054     0.135     0.146
    59.290    -0.042     0.130     0.136
    59.300    -0.032     0.109     0.118
    59.310    -0.033     0.081     0.096
    59.320    -0.041     0.061     0.074
    59.330    -0.051     0.049     0.058
    59.340    -0.054     0.037     0.043
    59.350    -0.047     0.029     0.022
    59.360    -0.035     0.025    -0.009
    59.370    -0.025     0.026    -0.045
    59.380    -0.014     0.031    -0.076
    59.390    -0.002     0.038    -0.095
    59.400     0.012     0.045    -0.107
    59.410     0.025     0.039    -0.115
    59.420     0.035     0.019    -0.117
    59.430     0.048    -0.011    -0.116
    59.440     0.059    -0.039    -0.116
    59.450     0.066    -0.056    -0.118
    59.460     0.068    -0.063    -0.120
    59.470     0.061    -0.062    -0.124
    59.480     0.039    -0.063    -0.130
    59.490     0.012    -0.074    -0.133
    59.500    -0.010    -0.093    -0.138
    59.510    -0.029    -0.116    -0.151
    59.520    -0.044    -0.127    -0.161
    59.530    -0.061    -0.120    -0.165
    59.540    -0.075    -0.097    -0.165
    59.550    -0.085    -0.066    -0.156
    59.560    -0.092    -0.035    -0.133
    59.570    -0.089    -0.008    -0.103
    59.580    -0.078     0.010    -0.075
    59.590    -0.059     0.015    -0.046
    59.600    -0.032     0.012    -0.014
    59.610    -0.010     0.002     0.021
    59.620     0.000    -0.017     0.055
    59.630    -0.002    -0.040     0.079
    59.640    -0.009    -0.057     0.086
    59.650    -0.015    -0.061     0.080
    59.660    -0.017    -0.051     0.069
    59.670    -0.023    -0.036     0.059
    59.680    -0.031    -0.024     0.056
    59.690    -0.034    -0.021     0.059
    59.700    -0.032    -0.024     0.074
    59.710    -0.019    -0.028     0.093
    59.720     0.007    -0.016     0.104
    59.730     0.040     0.012     0.116
    59.740     0.075     0.046     0.128
    59.750     0.115     0.081     0.146
    59.760     0.154     0.101     0.166
    59.770     0.176     0.101     0.176
    59.780     0.175     0.081     0.177
    59.790     0.155     0.043     0.162
    59.800     0.121    -0.003     0.137
    59.810     0.083    -0.052     0.111
    59.820     0.048    -0.093     0.084
    59.830     0.020    -0.123     0.055
    59.840     0.000    -0.135     0.027
    59.850    -0.005    -0.128    -0.001
    59.860     0.005    -0.106    -0.031
    59.870     0.022    -0.067    -0.050
    59.880     0.035    -0.021    -0.049
    59.890     0.039     0.019    -0.026
    59.900     0.035     0.051     0.011
    59.910     0.021     0.069     0.047
    59.920    -0.001     0.080     0.079
    59.930    -0.020     0.095     0.097
    59.940    -0.034     0.115     0.098
    59.950    -0.042     0.140     0.081
    59.960    -0.047     0.167     0.052
    59.970    -0.053     0.188     0.016
    59.980    -0.058     0.189    -0.027
    59.990    -0.059     0.168    -0.064
    60.000    -0.045     0.141    -0.085
    60.010    -0.033     0.103    -0.097
    60.020    -0.024     0.066    -0.098
    60.030    -0.009     0.046    -0.086
    60.040     0.011     0.038    -0.075
    60.050     0.031     0.039    -0.073
    60.060     0.042     0.037    -0.077
    60.070     0.045     0.029    -0.075
    60.080     0.041     0.012    -0.074
    60.090     0.030    -0.008    -0.081
    60.100     0.013    -0.018    -0.095
    60.110    -0.016    -0.029    -0.115
    60.120    -0.047    -0.030    -0.131
    60.130    -0.074    -0.023    -0.147
    60.140    -0.095    -0.010    -0.161
    60.150    -0.108     0.020    -0.166
    60.160    -0.115     0.064    -0.167
    60.170    -0.116     0.112    -0.158
    60.180    -0.122     0.150    -0.140
    60.190    -0.128     0.177    -0.119
    60.200    -0.127     0.187    -0.097
    60.210    -0.126     0.180    -0.072
    60.220    -0.118     0.163    -0.042
    60.230    -0.106     0.141    -0.007
    60.240    -0.095     0.116     0.032
    60.250    -0.079     0.075     0.070
    60.260    -0.058     0.021     0.098
    60.270    -0.030    -0.041     0.101
    60.280     0.000    -0.111     0.087
    60.290     0.028    -0.174     0.065
    60.300     0.052    -0.226     0.043
    60.310     0.077    -0.268     0.025
    60.320     0.098    -0.287     0.015
    60.330     0.113    -0.280     0.023
    60.340     0.121    -0.247     0.050
    60.350     0.127    -0.189     0.096
    60.360     0.129    -0.122     0.155
    60.370     0.129    -0.055     0.210
    60.380     0.128     0.001     0.243
    60.390     0.123     0.032     0.248
    60.400     0.118     0.039     0.225
    60.410     0.105     0.012     0.173
    60.420     0.089    -0.034     0.113
    60.430     0.074    -0.084     0.061
    60.440     0.054    -0.132     0.020
    60.450     0.033    -0.168    -0.009
    60.460     0.014    -0.176    -0.024
    60.470     0.009    -0.153    -0.029
    60.480     0.004    -0.118    -0.042
    60.490     0.005    -0.063    -0.053
    60.500     0.017     0.011    -0.052
    60.510     0.012     0.077    -0.039
    60.520     0.005     0.130    -0.013
    60.530     0.003     0.164     0.022
    60.540    -0.005     0.162     0.041
    60.550    -0.008     0.138     0.036
    60.560    -0.006     0.113     0.019
    60.570    -0.009     0.083    -0.009
    60.580    -0.014     0.057    -0.036
    60.590    -0.018     0.040    -0.055
    60.600    -0.021     0.029    -0.069
    60.610    -0.037     0.013    -0.089
    60.620    -0.054     0.000    -0.105
    60.630    -0.059     0.001    -0.105
    60.640    -0.070    -0.006    -0.105
    60.650    -0.082    -0.016    -0.104
    60.660    -0.085    -0.023    -0.101
    60.670    -0.085    -0.034    -0.104
    60.680    -0.082    -0.047    -0.105
    60.690    -0.073    -0.057    -0.104
    60.700    -0.056    -0.061    -0.099
    60.710    -0.041    -0.065    -0.086
    60.720    -0.030    -0.070    -0.072
    60.730    -0.024    -0.074    -0.060
    60.740    -0.022    -0.076    -0.057
    60.750    -0.024    -0.073    -0.054
    60.760    -0.028    -0.060    -0.045
    60.770    -0.039    -0.037    -0.031
    60.780    -0.053    -0.011    -0.008
    60.790    -0.065     0.010     0.015
    60.800    -0.077     0.016     0.039
    60.810    -0.082     0.009     0.055
    60.820    -0.081    -0.004     0.056
    60.830    -0.075    -0.017     0.041
    60.840    -0.063    -0.020     0.014
    60.850    -0.046    -0.010    -0.007
    60.860    -0.025     0.003    -0.018
    60.870    -0.003     0.016    -0.019
    60.880     0.025     0.023    -0.011
    60.890     0.056     0.023     0.005
    60.900     0.093     0.023     0.031
    60.910     0.130     0.017     0.055
    60.920     0.164     0.006     0.077
    60.930     0.190    -0.005     0.089
    60.940     0.204    -0.015     0.090
    60.950     0.208    -0.017     0.086
    60.960     0.200    -0.007     0.078
    60.970     0.187     0.015     0.077
    60.980     0.167     0.041     0.081
    60.990     0.147     0.057     0.081
    61.000     0.138     0.063     0.079
    61.010     0.123     0.035     0.056
    61.020     0.104    -0.026     0.009
    61.030     0.081    -0.091    -0.047
    61.040     0.050    -0.151    -0.109
    61.050     0.014    -0.193    -0.162
    61.060    -0.027    -0.212    -0.200
    61.070    -0.062    -0.206    -0.210
    61.080    -0.084    -0.179    -0.195
    61.090    -0.092    -0.137    -0.164
    61.100    -0.084    -0.087    -0.117
    61.110    -0.070    -0.040    -0.067
    61.120    -0.049     0.011    -0.011
    61.130    -0.025     0.058     0.050
    61.140    -0.005     0.098     0.107
    61.150     0.009     0.136     0.158
    61.160     0.017     0.172     0.194
    61.170     0.017     0.207     0.214
    61.180     0.010     0.226     0.224
    61.190     0.000     0.230     0.224
    61.200    -0.010     0.213     0.208
    61.210    -0.020     0.174     0.181
    61.220    -0.029     0.124     0.144
    61.230    -0.032     0.075     0.103
    61.240    -0.032     0.031     0.064
    61.250    -0.035     0.000     0.033
    61.260    -0.041    -0.013     0.015
    61.270    -0.049    -0.012     0.001
    61.280    -0.057     0.002    -0.011
    61.290    -0.062     0.022    -0.022
    61.300    -0.065     0.045    -0.030
    61.310    -0.068     0.067    -0.037
    61.320    -0.070     0.082    -0.043
    61.330    -0.073     0.089    -0.050
    61.340    -0.072     0.082    -0.054
    61.350    -0.065     0.068    -0.061
    61.360    -0.054     0.052    -0.068
    61.370    -0.042     0.039    -0.071
    61.380    -0.037     0.039    -0.068
    61.390    -0.033     0.043    -0.056
    61.400    -0.025     0.055    -0.029
    61.410    -0.007     0.069    -0.001
    61.420     0.020     0.085     0.024
    61.430     0.040     0.096     0.049
    61.440     0.055     0.092     0.064
    61.450     0.064     0.078     0.072
    61.460     0.065     0.046     0.067
    61.470     0.059     0.006     0.046
    61.480     0.041    -0.032     0.016
    61.490     0.015    -0.066    -0.024
    61.500    -0.009    -0.087    -0.064
    61.510    -0.032    -0.101    -0.102
    61.520    -0.047    -0.109    -0.128
    61.530    -0.058    -0.118    -0.132
    61.540    -0.065    -0.136    -0.124
    61.550    -0.061    -0.155    -0.107
    61.560    -0.044    -0.169    -0.087
    61.570    -0.015    -0.169    -0.058
    61.580     0.020    -0.150    -0.019
    61.590     0.050    -0.119     0.022
    61.600     0.073    -0.082     0.061
    61.610     0.079    -0.046     0.094
    61.620     0.072    -0.014     0.114
    61.630     0.055     0.010     0.119
    61.640     0.030     0.020     0.110
    61.650     0.006     0.010     0.094
    61.660    -0.014    -0.017     0.073
    61.670    -0.027    -0.051     0.048
    61.680    -0.028    -0.080     0.018
    61.690    -0.019    -0.093    -0.009
    61.700    -0.001    -0.082    -0.033
    61.710     0.018    -0.048    -0.048
    61.720     0.035    -0.008    -0.044
    61.730     0.048     0.020    -0.024
    61.740     0.053     0.027     0.002
    61.750     0.054     0.010     0.017
    61.760     0.049    -0.029     0.012
    61.770     0.039    -0.075    -0.022
    61.780     0.025    -0.116    -0.082
    61.790     0.008    -0.143    -0.148
    61.800    -0.010    -0.151    -0.201
    61.810    -0.028    -0.136    -0.229
    61.820    -0.038    -0.102    -0.234
    61.830    -0.039    -0.060    -0.217
    61.840    -0.034    -0.017    -0.180
    61.850    -0.027     0.021    -0.130
    61.860    -0.019     0.047    -0.076
    61.870    -0.014     0.060    -0.019
    61.880    -0.012     0.063     0.031
    61.890    -0.011     0.060     0.071
    61.900    -0.012     0.054     0.099
    61.910    -0.019     0.043     0.109
    61.920    -0.032     0.035     0.103
    61.930    -0.045     0.035     0.083
    61.940    -0.060     0.040     0.059
    61.950    -0.075     0.048     0.040
    61.960    -0.085     0.050     0.016
    61.970    -0.087     0.047    -0.015
    61.980    -0.085     0.034    -0.051
    61.990    -0.080     0.014    -0.087
    62.000    -0.067     0.011    -0.111
    62.010    -0.061     0.008    -0.126
    62.020    -0.057     0.013    -0.129
    62.030    -0.045     0.032    -0.114
    62.040    -0.032     0.057    -0.091
    62.050    -0.020     0.087    -0.054
    62.060    -0.014     0.104    -0.005
    62.070    -0.007     0.113     0.042
    62.080     0.004     0.108     0.082
    62.090     0.012     0.088     0.103
    62.100     0.020     0.064     0.110
    62.110     0.021     0.024     0.098
    62.120     0.023    -0.012     0.073
    62.130     0.027    -0.040     0.046
    62.140     0.028    -0.063     0.016
    62.150     0.029    -0.072    -0.010
    62.160     0.032    -0.075    -0.026
    62.170     0.039    -0.073    -0.031
    62.180     0.047    -0.071    -0.028
    62.190     0.063    -0.064    -0.012
    62.200     0.076    -0.053     0.013
    62.210     0.084    -0.039     0.037
    62.220     0.093    -0.018     0.064
    62.230     0.095     0.004     0.083
    62.240     0.090     0.026     0.093
    62.250     0.079     0.042     0.094
    62.260     0.063     0.052     0.086
    62.270     0.048     0.054     0.082
    62.280     0.028     0.047     0.082
    62.290     0.010     0.032     0.083
    62.300    -0.009     0.010     0.086
    62.310    -0.031    -0.016     0.093
    62.320    -0.046    -0.039     0.103
    62.330    -0.060    -0.053     0.119
    62.340    -0.070    -0.056     0.138
    62.350    -0.074    -0.048     0.153
    62.360    -0.074    -0.036     0.155
    62.370    -0.066    -0.030     0.140
    62.380    -0.056    -0.029     0.114
    62.390    -0.043    -0.036     0.087
    62.400    -0.030    -0.045     0.056
    62.410    -0.019    -0.053     0.026
    62.420    -0.008    -0.055    -0.006
    62.430     0.000    -0.046    -0.039
    62.440     0.009    -0.028    -0.066
    62.450     0.018    -0.004    -0.087
    62.460     0.024     0.024    -0.099
    62.470     0.031     0.052    -0.104
    62.480     0.032     0.068    -0.108
    62.490     0.027     0.070    -0.114
    62.500     0.021     0.061    -0.121
    62.510     0.014     0.044    -0.131
    62.520     0.012     0.036    -0.130
    62.530     0.016     0.038    -0.116
    62.540     0.018     0.049    -0.094
    62.550     0.018     0.060    -0.065
    62.560     0.008     0.062    -0.040
    62.570    -0.007     0.057    -0.029
    62.580    -0.021     0.039    -0.036
    62.590    -0.033     0.017    -0.054
    62.600    -0.041    -0.007    -0.082
    62.610    -0.044    -0.028    -0.108
    62.620    -0.041    -0.040    -0.123
    62.630    -0.030    -0.046    -0.120
    62.640    -0.012    -0.045    -0.096
    62.650     0.005    -0.041    -0.061
    62.660     0.017    -0.040    -0.016
    62.670     0.024    -0.044     0.029
    62.680     0.027    -0.048     0.063
    62.690     0.029    -0.046     0.084
    62.700     0.028    -0.039     0.092
    62.710     0.027    -0.026     0.090
    62.720     0.027    -0.012     0.079
    62.730     0.026     0.002     0.056
    62.740     0.025     0.014     0.029
    62.750     0.016     0.024     0.005
    62.760     0.001     0.035    -0.014
    62.770    -0.021     0.042    -0.019
    62.780    -0.044     0.044    -0.013
    62.790    -0.060     0.042    -0.004
    62.800    -0.069     0.039     0.003
    62.810    -0.072     0.031     0.007
    62.820    -0.076     0.015     0.012
    62.830    -0.075    -0.004     0.016
    62.840    -0.074    -0.028     0.023
    62.850    -0.072    -0.048     0.031
    62.860    -0.071    -0.063     0.038
    62.870    -0.068    -0.069     0.041
    62.880    -0.056    -0.068     0.035
    62.890    -0.040    -0.064     0.027
    62.900    -0.016    -0.051     0.022
    62.910     0.007    -0.032     0.023
    62.920     0.024    -0.011     0.033
    62.930     0.040     0.012     0.054
    62.940     0.051     0.034     0.079
    62.950     0.063     0.051     0.102
    62.960     0.074     0.059     0.114
    62.970     0.086     0.058     0.109
    62.980     0.094     0.047     0.082
    62.990     0.100     0.034     0.045
    63.000     0.106     0.029     0.011
    63.010     0.098     0.024    -0.026
    63.020     0.080     0.018    -0.060
    63.030     0.064     0.021    -0.076
    63.040     0.055     0.023    -0.078
    63.050     0.049     0.023    -0.072
    63.060     0.041     0.024    -0.061
    63.070     0.032     0.030    -0.048
    63.080     0.017     0.041    -0.035
    63.090     0.000     0.058    -0.024
    63.100    -0.011     0.078    -0.017
    63.110    -0.025     0.086    -0.020
    63.120    -0.032     0.092    -0.034
    63.130    -0.032     0.095    -0.051
    63.140    -0.028     0.098    -0.073
    63.150    -0.020     0.100    -0.090
    63.160    -0.010     0.099    -0.097
    63.170    -0.003     0.098    -0.094
    63.180    -0.004     0.084    -0.084
    63.190    -0.007     0.069    -0.068
    63.200    -0.010     0.055    -0.050
    63.210    -0.014     0.037    -0.033
    63.220    -0.014     0.024    -0.012
    63.230    -0.012     0.008     0.008
    63.240    -0.010    -0.009     0.025
    63.250    -0.005    -0.030     0.036
    63.260     0.003    -0.058     0.038
    63.270     0.014    -0.089     0.033
    63.280     0.026    -0.125     0.019
    63.290     0.034    -0.155     0.004
    63.300     0.039    -0.169    -0.003
    63.310     0.039    -0.167     0.001
    63.320     0.040    -0.147     0.022
    63.330     0.041    -0.110     0.057
    63.340     0.040    -0.066     0.096
    63.350     0.040    -0.022     0.130
    63.360     0.038     0.016     0.155
    63.370     0.041     0.043     0.166
    63.380     0.042     0.055     0.162
    63.390     0.038     0.053     0.146
    63.400     0.035     0.036     0.122
    63.410     0.026     0.009     0.090
    63.420     0.012    -0.023     0.050
    63.430    -0.005    -0.056     0.007
    63.440    -0.025    -0.081    -0.032
    63.450    -0.043    -0.096    -0.065
    63.460    -0.057    -0.100    -0.089
    63.470    -0.061    -0.087    -0.102
    63.480    -0.061    -0.062    -0.107
    63.490    -0.057    -0.029    -0.102
    63.500    -0.049     0.008    -0.090
    63.510    -0.042     0.037    -0.075
    63.520    -0.035     0.060    -0.052
    63.530    -0.026     0.077    -0.027
    63.540    -0.018     0.086    -0.003
    63.550    -0.011     0.088     0.016
    63.560    -0.002     0.084     0.027
    63.570     0.004     0.071     0.033
    63.580     0.002     0.050     0.034
    63.590    -0.002     0.028     0.032
    63.600    -0.010     0.004     0.024
    63.610    -0.017    -0.011     0.013
    63.620    -0.017    -0.018     0.002
    63.630    -0.012    -0.018    -0.005
    63.640     0.000    -0.010    -0.011
    63.650     0.018    -0.002    -0.015
    63.660     0.036     0.012    -0.023
    63.670     0.053     0.028    -0.030
    63.680     0.066     0.039    -0.039
    63.690     0.074     0.052    -0.045
    63.700     0.079     0.060    -0.042
    63.710     0.079     0.064    -0.041
    63.720     0.073     0.072    -0.035
    63.730     0.061     0.081    -0.019
    63.740     0.046     0.088     0.004
    63.750     0.027     0.089     0.027
    63.760     0.006     0.079     0.042
    63.770    -0.018     0.059     0.046
    63.780    -0.040     0.027     0.035
    63.790    -0.057    -0.007     0.013
    63.800    -0.073    -0.039    -0.014
    63.810    -0.080    -0.066    -0.037
    63.820    -0.081    -0.077    -0.047
    63.830    -0.077    -0.076    -0.041
    63.840    -0.063    -0.066    -0.025
    63.850    -0.043    -0.042    -0.002
    63.860    -0.020    -0.013     0.020
    63.870     0.004     0.018     0.038
    63.880     0.022     0.049     0.048
    63.890     0.034     0.075     0.050
    63.900     0.043     0.090     0.048
    63.910     0.046     0.088     0.044
    63.920     0.043     0.071     0.034
    63.930     0.039     0.037     0.021
    63.940     0.032    -0.010     0.005
    63.950     0.027    -0.063    -0.012
    63.960     0.025    -0.116    -0.024
    63.970     0.021    -0.152    -0.029
    63.980     0.010    -0.167    -0.031
    63.990    -0.006    -0.157    -0.027
    64.000    -0.018    -0.115    -0.014
    64.010    -0.035    -0.066    -0.006
    64.020    -0.054    -0.024    -0.008
    64.030    -0.068     0.012    -0.021
    64.040    -0.084     0.028    -0.045
    64.050    -0.095     0.028    -0.075
    64.060    -0.109     0.011    -0.108
    64.070    -0.119    -0.008    -0.129
    64.080    -0.125    -0.022    -0.143
    64.090    -0.129    -0.030    -0.143
    64.100    -0.130    -0.021    -0.130
    64.110    -0.132    -0.007    -0.113
    64.120    -0.130     0.013    -0.086
    64.130    -0.122     0.030    -0.053
    64.140    -0.100     0.041    -0.019
    64.150    -0.072     0.049     0.012
    64.160    -0.040     0.050     0.041
    64.170    -0.010     0.051     0.074
    64.180     0.008     0.046     0.107
    64.190     0.022     0.039     0.144
    64.200     0.034     0.026     0.174
    64.210     0.044    -0.003     0.184
    64.220     0.056    -0.031     0.180
    64.230     0.068    -0.058     0.163
    64.240     0.083    -0.077     0.139
    64.250     0.096    -0.081     0.113
    64.260     0.108    -0.068     0.092
    64.270     0.116    -0.039     0.074
    64.280     0.117    -0.007     0.058
    64.290     0.113     0.023     0.042
    64.300     0.103     0.043     0.028
    64.310     0.091     0.052     0.016
    64.320     0.078     0.052     0.009
    64.330     0.066     0.047     0.002
    64.340     0.055     0.036    -0.010
    64.350     0.048     0.020    -0.029
    64.360     0.042     0.004    -0.057
    64.370     0.038    -0.011    -0.087
    64.380     0.037    -0.026    -0.114
    64.390     0.036    -0.039    -0.133
    64.400     0.034    -0.049    -0.140
    64.410     0.029    -0.058    -0.137
    64.420     0.020    -0.068    -0.124
    64.430     0.009    -0.076    -0.106
    64.440     0.000    -0.083    -0.088
    64.450    -0.010    -0.085    -0.068
    64.460    -0.019    -0.085    -0.046
    64.470    -0.025    -0.081    -0.023
    64.480    -0.026    -0.075    -0.003
    64.490    -0.021    -0.070     0.017
    64.500    -0.016    -0.067     0.034
    64.510    -0.010    -0.073     0.043
    64.520    -0.002    -0.077     0.047
    64.530     0.008    -0.083     0.038
    64.540     0.018    -0.088     0.023
    64.550     0.024    -0.090     0.007
    64.560     0.026    -0.092    -0.009
    64.570     0.022    -0.085    -0.021
    64.580     0.014    -0.079    -0.031
    64.590     0.004    -0.069    -0.034
    64.600    -0.009    -0.048    -0.033
    64.610    -0.025    -0.024    -0.032
    64.620    -0.037     0.004    -0.033
    64.630    -0.041     0.037    -0.034
    64.640    -0.044     0.069    -0.030
    64.650    -0.041     0.093    -0.017
    64.660    -0.039     0.107    -0.001
    64.670    -0.035     0.107     0.013
    64.680    -0.029     0.098     0.019
    64.690    -0.021     0.087     0.020
    64.700    -0.010     0.075     0.016
    64.710     0.003     0.060     0.009
    64.720     0.017     0.052     0.003
    64.730     0.031     0.051    -0.001
    64.740     0.043     0.059     0.001
    64.750     0.042     0.068     0.007
    64.760     0.031     0.075     0.013
    64.770     0.015     0.075     0.017
    64.780    -0.001     0.066     0.014
    64.790    -0.013     0.053     0.004
    64.800    -0.020     0.043    -0.011
    64.810    -0.022     0.038    -0.022
    64.820    -0.023     0.042    -0.024
    64.830    -0.021     0.055    -0.014
    64.840    -0.015     0.070     0.012
    64.850    -0.009     0.087     0.042
    64.860     0.000     0.100     0.071
    64.870     0.006     0.099     0.091
    64.880     0.010     0.086     0.100
    64.890     0.012     0.059     0.099
    64.900     0.018     0.028     0.086
    64.910     0.027    -0.008     0.065
    64.920     0.032    -0.040     0.041
    64.930     0.038    -0.059     0.018
    64.940     0.038    -0.067     0.004
    64.950     0.034    -0.065    -0.004
    64.960     0.035    -0.058    -0.005
    64.970     0.038    -0.052     0.002
    64.980     0.039    -0.055     0.009
    64.990     0.041    -0.065     0.016
    65.000     0.046    -0.073     0.021
    65.010     0.046    -0.086     0.018
    65.020     0.041    -0.098     0.009
    65.030     0.038    -0.097     0.002
    65.040     0.037    -0.092    -0.003
    65.050     0.036    -0.087    -0.005
    65.060     0.035    -0.089    -0.004
    65.070     0.033    -0.090    -0.001
    65.080     0.029    -0.094     0.000
    65.090     0.027    -0.099    -0.001
    65.100     0.025    -0.096    -0.004
    65.110     0.017    -0.094    -0.012
    65.120     0.006    -0.084    -0.016
    65.130    -0.008    -0.068    -0.018
    65.140    -0.020    -0.048    -0.018
    65.150    -0.030    -0.026    -0.018
    65.160    -0.039    -0.004    -0.017
    65.170    -0.048     0.018    -0.014
    65.180    -0.060     0.031    -0.017
    65.190    -0.068     0.040    -0.018
    65.200    -0.069     0.049    -0.014
    65.210    -0.074     0.051    -0.005
    65.220    -0.076     0.054     0.007
    65.230    -0.076     0.055     0.025
    65.240    -0.079     0.054     0.045
    65.250    -0.081     0.048     0.055
    65.260    -0.083     0.043     0.054
    65.270    -0.082     0.036     0.040
    65.280    -0.078     0.022     0.016
    65.290    -0.076     0.008    -0.010
    65.300    -0.074    -0.010    -0.039
    65.310    -0.072    -0.030    -0.062
    65.320    -0.062    -0.049    -0.078
    65.330    -0.040    -0.061    -0.085
    65.340    -0.014    -0.065    -0.078
    65.350     0.011    -0.062    -0.058
    65.360     0.034    -0.052    -0.030
    65.370     0.052    -0.037     0.000
    65.380     0.069    -0.015     0.027
    65.390     0.078     0.010     0.044
    65.400     0.081     0.042     0.057
    65.410     0.078     0.078     0.066
    65.420     0.062     0.101     0.061
    65.430     0.047     0.115     0.048
    65.440     0.036     0.127     0.027
    65.450     0.026     0.128     0.003
    65.460     0.010     0.117    -0.027
    65.470    -0.002     0.107    -0.049
    65.480    -0.010     0.100    -0.060
    65.490    -0.019     0.096    -0.064
    65.500    -0.019     0.094    -0.059
    65.510    -0.017     0.084    -0.057
    65.520    -0.011     0.069    -0.056
    65.530    -0.002     0.047    -0.060
    65.540     0.007     0.024    -0.066
    65.550     0.019     0.005    -0.068
    65.560     0.031    -0.006    -0.069
    65.570     0.041    -0.007    -0.060
    65.580     0.047    -0.010    -0.045
    65.590     0.047    -0.019    -0.032
    65.600     0.043    -0.034    -0.020
    65.610     0.033    -0.058    -0.016
    65.620     0.022    -0.083    -0.017
    65.630     0.011    -0.106    -0.017
    65.640    -0.003    -0.122    -0.015
    65.650    -0.018    -0.129    -0.008
    65.660    -0.036    -0.124     0.002
    65.670    -0.052    -0.109     0.011
    65.680    -0.065    -0.085     0.017
    65.690    -0.072    -0.056     0.025
    65.700    -0.073    -0.031     0.030
    65.710    -0.068    -0.014     0.033
    65.720    -0.056    -0.007     0.033
    65.730    -0.042    -0.011     0.024
    65.740    -0.027    -0.018     0.014
    65.750    -0.017    -0.029     0.003
    65.760    -0.013    -0.040    -0.009
    65.770    -0.014    -0.042    -0.018
    65.780    -0.018    -0.041    -0.026
    65.790    -0.021    -0.039    -0.028
    65.800    -0.024    -0.039    -0.022
    65.810    -0.020    -0.044    -0.014
    65.820    -0.012    -0.046    -0.004
    65.830    -0.002    -0.044     0.009
    65.840     0.011    -0.033     0.027
    65.850     0.021    -0.015     0.050
    65.860     0.027    -0.002     0.074
    65.870     0.028     0.004     0.094
    65.880     0.023     0.006     0.102
    65.890     0.016    -0.001     0.094
    65.900     0.011    -0.010     0.073
    65.910     0.007    -0.018     0.040
    65.920     0.007    -0.022     0.002
    65.930     0.014    -0.020    -0.030
    65.940     0.025    -0.018    -0.054
    65.950     0.037    -0.017    -0.067
    65.960     0.047    -0.022    -0.070
    65.970     0.052    -0.030    -0.060
    65.980     0.050    -0.045    -0.043
    65.990     0.045    -0.060    -0.021
    66.000     0.044    -0.060     0.009
    66.010     0.039    -0.057     0.036
    66.020     0.025    -0.049     0.058
    66.030     0.016    -0.029     0.078
    66.040     0.008    -0.004     0.091
    66.050    -0.001     0.023     0.094
    66.060    -0.008     0.043     0.088
    66.070    -0.010     0.059     0.079
    66.080    -0.011     0.065     0.065
    66.090    -0.011     0.066     0.046
    66.100    -0.010     0.068     0.027
    66.110    -0.015     0.064     0.004
    66.120    -0.019     0.065    -0.011
    66.130    -0.018     0.070    -0.020
    66.140    -0.015     0.074    -0.021
    66.150    -0.012     0.074    -0.015
    66.160    -0.013     0.066    -0.007
    66.170    -0.014     0.052     0.003
    66.180    -0.021     0.027     0.005
    66.190    -0.026     0.004     0.000
    66.200    -0.023    -0.011    -0.007
    66.210    -0.024    -0.024    -0.023
    66.220    -0.019    -0.027    -0.034
    66.230    -0.007    -0.022    -0.039
    66.240     0.003    -0.015    -0.036
    66.250     0.013    -0.007    -0.026
    66.260     0.027     0.000    -0.009
    66.270     0.041     0.006     0.009
    66.280     0.052     0.010     0.020
    66.290     0.057     0.010     0.031
    66.300     0.056     0.004     0.035
    66.310     0.048    -0.004     0.025
    66.320     0.038    -0.012     0.004
    66.330     0.022    -0.021    -0.023
    66.340     0.001    -0.030    -0.049
    66.350    -0.018    -0.035    -0.072
    66.360    -0.035    -0.037    -0.089
    66.370    -0.049    -0.035    -0.101
    66.380    -0.055    -0.029    -0.105
    66.390    -0.058    -0.020    -0.103
    66.400    -0.056    -0.011    -0.102
    66.410    -0.048    -0.004    -0.108
    66.420    -0.039     0.004    -0.122
    66.430    -0.025     0.019    -0.131
    66.440    -0.008     0.036    -0.131
    66.450     0.012     0.058    -0.119
    66.460     0.030     0.078    -0.095
    66.470     0.043     0.091    -0.064
    66.480     0.053     0.097    -0.032
    66.490     0.059     0.092    -0.008
    66.500     0.064     0.086     0.006
    66.510     0.062     0.074     0.008
    66.520     0.056     0.059     0.003
    66.530     0.048     0.043    -0.002
    66.540     0.036     0.023    -0.004
    66.550     0.027     0.006    -0.004
    66.560     0.016    -0.009     0.003
    66.570     0.007    -0.016     0.015
    66.580    -0.003    -0.017     0.029
    66.590    -0.014    -0.010     0.049
    66.600    -0.022     0.002     0.070
    66.610    -0.031     0.014     0.094
    66.620    -0.037     0.028     0.114
    66.630    -0.040     0.039     0.127
    66.640    -0.043     0.042     0.129
    66.650    -0.046     0.038     0.118
    66.660    -0.052     0.029     0.099
    66.670    -0.057     0.015     0.077
    66.680    -0.062     0.003     0.052
    66.690    -0.064    -0.006     0.038
    66.700    -0.062    -0.012     0.034
    66.710    -0.056    -0.011     0.039
    66.720    -0.043    -0.005     0.052
    66.730    -0.025     0.005     0.066
    66.740    -0.005     0.020     0.076
    66.750     0.018     0.037     0.077
    66.760     0.037     0.056     0.076
    66.770     0.052     0.069     0.077
    66.780     0.060     0.076     0.077
    66.790     0.061     0.076     0.083
    66.800     0.055     0.071     0.084
    66.810     0.045     0.060     0.079
    66.820     0.035     0.048     0.065
    66.830     0.030     0.035     0.044
    66.840     0.029     0.020     0.023
    66.850     0.035     0.007     0.001
    66.860     0.041    -0.010    -0.015
    66.870     0.041    -0.026    -0.027
    66.880     0.036    -0.043    -0.038
    66.890     0.029    -0.061    -0.047
    66.900     0.027    -0.071    -0.055
    66.910     0.025    -0.075    -0.060
    66.920     0.024    -0.071    -0.059
    66.930     0.025    -0.055    -0.047
    66.940     0.024    -0.036    -0.028
    66.950     0.027    -0.016    -0.008
    66.960     0.030    -0.001     0.009
    66.970     0.032     0.009     0.021
    66.980     0.029     0.007     0.029
    66.990     0.022    -0.003     0.032
    67.000     0.022    -0.009     0.041
    67.010     0.015    -0.027     0.043
    67.020    -0.001    -0.052     0.039
    67.030    -0.013    -0.068     0.036
    67.040    -0.028    -0.083     0.025
    67.050    -0.041    -0.092     0.015
    67.060    -0.052    -0.097     0.002
    67.070    -0.057    -0.093    -0.007
    67.080    -0.054    -0.084    -0.011
    67.090    -0.046    -0.072    -0.010
    67.100    -0.036    -0.057    -0.004
    67.110    -0.030    -0.045    -0.003
    67.120    -0.029    -0.036    -0.007
    67.130    -0.029    -0.028    -0.017
    67.140    -0.029    -0.018    -0.032
    67.150    -0.029    -0.009    -0.049
    67.160    -0.030    -0.004    -0.067
    67.170    -0.026     0.001    -0.080
    67.180    -0.026     0.001    -0.094
    67.190    -0.029     0.004    -0.104
    67.200    -0.031     0.014    -0.102
    67.210    -0.042     0.025    -0.097
    67.220    -0.052     0.036    -0.085
    67.230    -0.055     0.045    -0.072
    67.240    -0.055     0.048    -0.063
    67.250    -0.052     0.044    -0.057
    67.260    -0.050     0.036    -0.052
    67.270    -0.047     0.031    -0.041
    67.280    -0.040     0.027    -0.030
    67.290    -0.032     0.026    -0.014
    67.300    -0.024     0.028     0.001
    67.310    -0.021     0.023     0.013
    67.320    -0.017     0.020     0.022
    67.330    -0.012     0.018     0.025
    67.340    -0.007     0.017     0.024
    67.350    -0.001     0.025     0.018
    67.360     0.003     0.036     0.012
    67.370     0.007     0.047     0.008
    67.380     0.009     0.056     0.006
    67.390     0.011     0.063     0.003
    67.400     0.013     0.064    -0.001
    67.410     0.017     0.062    -0.007
    67.420     0.022     0.060    -0.013
    67.430     0.028     0.053    -0.015
    67.440     0.037     0.044    -0.015
    67.450     0.044     0.034    -0.012
    67.460     0.049     0.024    -0.007
    67.470     0.053     0.016    -0.008
    67.480     0.055     0.007    -0.009
    67.490     0.058     0.003    -0.009
    67.500     0.061     0.001    -0.008
    67.510     0.060    -0.004    -0.004
    67.520     0.057    -0.007     0.009
    67.530     0.051    -0.012     0.031
    67.540     0.045    -0.024     0.052
    67.550     0.041    -0.039     0.069
    67.560     0.037    -0.057     0.078
    67.570     0.033    -0.080     0.079
    67.580     0.026    -0.100     0.077
    67.590     0.017    -0.112     0.072
    67.600     0.005    -0.114     0.069
    67.610    -0.006    -0.103     0.064
    67.620    -0.012    -0.079     0.057
    67.630    -0.011    -0.050     0.052
    67.640    -0.005    -0.018     0.048
    67.650     0.001     0.015     0.047
    67.660     0.006     0.042     0.049
    67.670     0.009     0.066     0.050
    67.680     0.006     0.084     0.047
    67.690     0.005     0.089     0.039
    67.700    -0.001     0.089     0.025
    67.710    -0.008     0.080     0.010
    67.720    -0.014     0.068    -0.005
    67.730    -0.024     0.057    -0.016
    67.740    -0.035     0.046    -0.019
    67.750    -0.048     0.039    -0.014
    67.760    -0.061     0.036    -0.010
    67.770    -0.068     0.033    -0.009
    67.780    -0.072     0.036    -0.015
    67.790    -0.069     0.042    -0.022
    67.800    -0.063     0.050    -0.030
    67.810    -0.059     0.054    -0.032
    67.820    -0.052     0.053    -0.028
    67.830    -0.043     0.053    -0.023
    67.840    -0.032     0.050    -0.017
    67.850    -0.017     0.044    -0.012
    67.860    -0.005     0.039    -0.009
    67.870     0.005     0.032    -0.010
    67.880     0.012     0.021    -0.014
    67.890     0.017     0.004    -0.018
    67.900     0.026    -0.013    -0.020
    67.910     0.032    -0.034    -0.023
    67.920     0.035    -0.056    -0.028
    67.930     0.035    -0.073    -0.031
    67.940     0.032    -0.089    -0.035
    67.950     0.032    -0.101    -0.041
    67.960     0.033    -0.110    -0.047
    67.970     0.037    -0.112    -0.053
    67.980     0.037    -0.115    -0.060
    67.990     0.036    -0.115    -0.063
    68.000     0.041    -0.102    -0.059
    68.010     0.036    -0.092    -0.054
    68.020     0.026    -0.084    -0.047
    68.030     0.018    -0.071    -0.039
    68.040     0.005    -0.058    -0.032
    68.050    -0.007    -0.044    -0.027
    68.060    -0.022    -0.036    -0.028
    68.070    -0.034    -0.028    -0.034
    68.080    -0.042    -0.020    -0.043
    68.090    -0.048    -0.012    -0.050
    68.100    -0.047    -0.002    -0.053
    68.110    -0.048     0.004    -0.053
    68.120    -0.045     0.013    -0.044
    68.130    -0.037     0.022    -0.030
    68.140    -0.028     0.028    -0.017
    68.150    -0.021     0.031    -0.006
    68.160    -0.015     0.030     0.003
    68.170    -0.009     0.024     0.011
    68.180    -0.010     0.010     0.014
    68.190    -0.012    -0.002     0.017
    68.200    -0.009    -0.007     0.021
    68.210    -0.009    -0.012     0.020
    68.220    -0.007    -0.010     0.019
    68.230     0.002    -0.002     0.020
    68.240     0.010     0.012     0.018
    68.250     0.018     0.026     0.020
    68.260     0.025     0.033     0.018
    68.270     0.030     0.039     0.015
    68.280     0.028     0.039     0.013
    68.290     0.024     0.037     0.011
    68.300     0.024     0.037     0.013
    68.310     0.022     0.036     0.021
    68.320     0.022     0.039     0.036
    68.330     0.021     0.046     0.052
    68.340     0.017     0.053     0.067
    68.350     0.011     0.057     0.076
    68.360     0.007     0.058     0.076
    68.370     0.004     0.056     0.065
    68.380     0.000     0.051     0.046
    68.390    -0.002     0.046     0.021
    68.400    -0.005     0.039    -0.007
    68.410    -0.009     0.032    -0.036
    68.420    -0.012     0.027    -0.060
    68.430    -0.011     0.018    -0.077
    68.440    -0.009     0.007    -0.084
    68.450    -0.009    -0.008    -0.084
    68.460    -0.005    -0.025    -0.075
    68.470    -0.004    -0.042    -0.063
    68.480    -0.005    -0.057    -0.052
    68.490    -0.008    -0.066    -0.041
    68.500    -0.010    -0.071    -0.033
    68.510    -0.017    -0.075    -0.025
    68.520    -0.024    -0.078    -0.015
    68.530    -0.028    -0.078    -0.005
    68.540    -0.033    -0.077     0.010
    68.550    -0.029    -0.075     0.023
    68.560    -0.022    -0.069     0.038
    68.570    -0.012    -0.063     0.054
    68.580     0.000    -0.059     0.068
    68.590     0.010    -0.054     0.079
    68.600     0.021    -0.048     0.085
    68.610     0.026    -0.040     0.086
    68.620     0.026    -0.027     0.081
    68.630     0.023    -0.009     0.074
    68.640     0.017     0.009     0.065
    68.650     0.013     0.029     0.051
    68.660     0.010     0.046     0.036
    68.670     0.009     0.060     0.022
    68.680     0.010     0.072     0.013
    68.690     0.013     0.082     0.011
    68.700     0.020     0.089     0.014
    68.710     0.027     0.091     0.018
    68.720     0.032     0.088     0.019
    68.730     0.035     0.081     0.018
    68.740     0.035     0.071     0.010
    68.750     0.033     0.059    -0.001
    68.760     0.032     0.046    -0.011
    68.770     0.032     0.036    -0.026
    68.780     0.037     0.027    -0.040
    68.790     0.041     0.022    -0.054
    68.800     0.048     0.020    -0.063
    68.810     0.059     0.019    -0.062
    68.820     0.071     0.017    -0.055
    68.830     0.084     0.018    -0.042
    68.840     0.092     0.022    -0.027
    68.850     0.092     0.022    -0.005
    68.860     0.088     0.019     0.013
    68.870     0.079     0.015     0.027
    68.880     0.069     0.008     0.036
    68.890     0.056     0.004     0.034
    68.900     0.045     0.003     0.028
    68.910     0.032     0.000     0.014
    68.920     0.019    -0.002    -0.001
    68.930     0.008    -0.004    -0.015
    68.940    -0.001    -0.005    -0.032
    68.950    -0.007    -0.002    -0.047
    68.960    -0.011     0.003    -0.061
    68.970    -0.013     0.012    -0.069
    68.980    -0.015     0.021    -0.074
    68.990    -0.016     0.026    -0.074
    69.000    -0.011     0.037    -0.060
    69.010    -0.013     0.039    -0.045
    69.020    -0.021     0.030    -0.032
    69.030    -0.028     0.022    -0.013
    69.040    -0.038     0.007     0.001
    69.050    -0.048    -0.011     0.013
    69.060    -0.061    -0.033     0.019
    69.070    -0.066    -0.056     0.019
    69.080    -0.064    -0.080     0.016
    69.090    -0.060    -0.100     0.011
    69.100    -0.048    -0.110     0.009
    69.110    -0.040    -0.121     0.007
    69.120    -0.032    -0.124     0.009
    69.130    -0.022    -0.119     0.015
    69.140    -0.016    -0.112     0.018
    69.150    -0.008    -0.099     0.022
    69.160    -0.006    -0.082     0.025
    69.170    -0.007    -0.063     0.032
    69.180    -0.009    -0.047     0.040
    69.190    -0.016    -0.038     0.045
    69.200    -0.017    -0.031     0.046
    69.210    -0.015    -0.027     0.037
    69.220    -0.017    -0.028     0.020
    69.230    -0.020    -0.026     0.004
    69.240    -0.020    -0.025    -0.008
    69.250    -0.020    -0.023    -0.013
    69.260    -0.019    -0.021    -0.013
    69.270    -0.018    -0.020    -0.015
    69.280    -0.019    -0.016    -0.021
    69.290    -0.019    -0.012    -0.032
    69.300    -0.023    -0.006    -0.046
    69.310    -0.026    -0.003    -0.056
    69.320    -0.026    -0.002    -0.063
    69.330    -0.027    -0.004    -0.063
    69.340    -0.023    -0.007    -0.059
    69.350    -0.016    -0.008    -0.053
    69.360    -0.008    -0.007    -0.044
    69.370     0.003     0.000    -0.035
    69.380     0.016     0.009    -0.024
    69.390     0.026     0.024    -0.008
    69.400     0.032     0.039     0.011
    69.410     0.033     0.051     0.031
    69.420     0.033     0.059     0.052
    69.430     0.030     0.061     0.068
    69.440     0.027     0.059     0.077
    69.450     0.026     0.052     0.077
    69.460     0.020     0.042     0.070
    69.470     0.017     0.034     0.062
    69.480     0.015     0.023     0.054
    69.490     0.017     0.019     0.048
    69.500     0.020     0.022     0.044
    69.510     0.018     0.027     0.045
    69.520     0.015     0.037     0.046
    69.530     0.008     0.050     0.047
    69.540     0.003     0.061     0.050
    69.550    -0.003     0.068     0.048
    69.560    -0.005     0.068     0.044
    69.570    -0.010     0.062     0.037
    69.580    -0.016     0.050     0.025
    69.590    -0.021     0.035     0.013
    69.600    -0.029     0.019    -0.001
    69.610    -0.032     0.004    -0.014
    69.620    -0.033    -0.006    -0.027
    69.630    -0.034    -0.012    -0.040
    69.640    -0.031    -0.012    -0.052
    69.650    -0.025    -0.004    -0.060
    69.660    -0.017     0.006    -0.062
    69.670    -0.008     0.020    -0.058
    69.680     0.001     0.032    -0.047
    69.690     0.008     0.043    -0.030
    69.700     0.011     0.049    -0.012
    69.710     0.012     0.044     0.004
    69.720     0.012     0.037     0.016
    69.730     0.011     0.024     0.021
    69.740     0.008     0.010     0.020
    69.750     0.004    -0.002     0.011
    69.760     0.000    -0.010     0.000
    69.770    -0.001    -0.014    -0.012
    69.780    -0.004    -0.016    -0.023
    69.790    -0.006    -0.015    -0.028
    69.800    -0.010    -0.016    -0.031
    69.810    -0.017    -0.019    -0.029
    69.820    -0.020    -0.020    -0.027
    69.830    -0.020    -0.020    -0.026
    69.840    -0.017    -0.017    -0.027
    69.850    -0.010    -0.009    -0.027
    69.860    -0.002     0.001    -0.025
    69.870     0.004     0.011    -0.020
    69.880     0.008     0.019    -0.016
    69.890     0.013     0.021    -0.016
    69.900     0.020     0.022    -0.013
    69.910     0.023     0.014    -0.014
    69.920     0.021    -0.002    -0.017
    69.930     0.019    -0.020    -0.015
    69.940     0.015    -0.043    -0.015
    69.950     0.011    -0.064    -0.017
    69.960     0.011    -0.081    -0.020
    69.970     0.012    -0.094    -0.024
    69.980     0.011    -0.099    -0.027
    69.990     0.009    -0.098    -0.023
    70.000     0.012    -0.082    -0.009
    70.010     0.010    -0.067     0.005
    70.020     0.007    -0.059     0.017
    70.030     0.007    -0.046     0.031
    70.040     0.008    -0.036     0.034
    70.050     0.011    -0.028     0.033
    70.060     0.012    -0.022     0.030
    70.070     0.016    -0.012     0.027
    70.080     0.018     0.001     0.028
    70.090     0.020     0.014     0.029
    70.100     0.023     0.034     0.033
    70.110     0.020     0.048     0.030
    70.120     0.017     0.063     0.024
    70.130     0.013     0.079     0.022
    70.140     0.008     0.087     0.022
    70.150     0.005     0.088     0.025
    70.160     0.000     0.081     0.030
    70.170     0.001     0.068     0.034
    70.180     0.002     0.052     0.036
    70.190     0.000     0.028     0.031
    70.200     0.002     0.005     0.028
    70.210     0.002    -0.018     0.023
    70.220     0.001    -0.040     0.012
    70.230     0.004    -0.054    -0.001
    70.240     0.009    -0.061    -0.016
    70.250     0.013    -0.060    -0.031
    70.260     0.016    -0.057    -0.042
    70.270     0.020    -0.052    -0.049
    70.280     0.023    -0.046    -0.052
    70.290     0.025    -0.044    -0.052
    70.300     0.025    -0.037    -0.051
    70.310     0.022    -0.030    -0.046
    70.320     0.019    -0.019    -0.039
    70.330     0.017    -0.003    -0.031
    70.340     0.013     0.012    -0.020
    70.350     0.011     0.025    -0.008
    70.360     0.009     0.030     0.001
    70.370     0.010     0.028     0.004
    70.380     0.013     0.024     0.000
    70.390     0.012     0.021    -0.011
    70.400     0.018     0.027    -0.020
    70.410     0.016     0.028    -0.030
    70.420     0.013     0.029    -0.033
    70.430     0.015     0.038    -0.025
    70.440     0.008     0.041    -0.018
    70.450    -0.003     0.039    -0.010
    70.460    -0.011     0.040    -0.002
    70.470    -0.017     0.044     0.005
    70.480    -0.029     0.040     0.007
    70.490    -0.039     0.038     0.008
    70.500    -0.037     0.044     0.018
    70.510    -0.046     0.037     0.022
    70.520    -0.054     0.028     0.024
    70.530    -0.059     0.023     0.030
    70.540    -0.073     0.005     0.028
    70.550    -0.087    -0.014     0.022
    70.560    -0.090    -0.029     0.017
    70.570    -0.089    -0.047     0.005
    70.580    -0.085    -0.061    -0.007
    70.590    -0.074    -0.064    -0.010
    70.600    -0.055    -0.058    -0.008
    70.610    -0.040    -0.055    -0.006
    70.620    -0.021    -0.043    -0.002
    70.630     0.001    -0.020     0.012
    70.640     0.016    -0.005     0.022
    70.650     0.027     0.009     0.031
    70.660     0.036     0.022     0.044
    70.670     0.041     0.027     0.051
    70.680     0.044     0.025     0.056
    70.690     0.044     0.017     0.056
    70.700     0.044     0.006     0.050
    70.710     0.044    -0.006     0.041
    70.720     0.042    -0.015     0.030
    70.730     0.044    -0.020     0.020
    70.740     0.042    -0.019     0.010
    70.750     0.037    -0.016     0.005
    70.760     0.033    -0.012     0.000
    70.770     0.025    -0.006    -0.002
    70.780     0.018    -0.005    -0.002
    70.790     0.010    -0.005    -0.003
    70.800     0.002    -0.007    -0.004
    70.810    -0.003    -0.012    -0.006
    70.820    -0.007    -0.016    -0.003
    70.830    -0.009    -0.019    -0.003
    70.840    -0.005    -0.021    -0.008
    70.850     0.004    -0.021    -0.013
    70.860     0.013    -0.019    -0.021
    70.870     0.023    -0.015    -0.029
    70.880     0.032    -0.012    -0.035
    70.890     0.035    -0.008    -0.037
    70.900     0.038    -0.002    -0.035
    70.910     0.039     0.004    -0.030
    70.920     0.034     0.011    -0.022
    70.930     0.029     0.020    -0.012
    70.940     0.023     0.027    -0.001
    70.950     0.015     0.034     0.008
    70.960     0.007     0.034     0.019
    70.970     0.000     0.030     0.028
    70.980    -0.010     0.020     0.031
    70.990    -0.021     0.006     0.029
    71.000    -0.023     0.000     0.028
    71.010    -0.026    -0.017     0.019
    71.020    -0.028    -0.038     0.003
    71.030    -0.022    -0.051    -0.007
    71.040    -0.016    -0.062    -0.013
    71.050    -0.007    -0.064    -0.016
    71.060    -0.002    -0.066    -0.019
    71.070     0.005    -0.060    -0.019
    71.080     0.014    -0.053    -0.017
    71.090     0.024    -0.045    -0.014
    71.100     0.035    -0.032    -0.007
    71.110     0.036    -0.024    -0.003
    71.120     0.038    -0.011     0.000
    71.130     0.036     0.005     0.006
    71.140     0.030     0.017     0.007
    71.150     0.022     0.025     0.007
    71.160     0.009     0.024     0.003
    71.170    -0.003     0.020    -0.001
    71.180    -0.016     0.009    -0.007
    71.190    -0.027    -0.002    -0.020
    71.200    -0.029    -0.001    -0.031
    71.210    -0.025     0.009    -0.041
    71.220    -0.019     0.028    -0.051
    71.230    -0.012     0.053    -0.050
    71.240     0.000     0.079    -0.042
    71.250     0.008     0.098    -0.031
    71.260     0.017     0.113    -0.018
    71.270     0.023     0.123    -0.004
    71.280     0.020     0.123     0.009
    71.290     0.012     0.114     0.017
    71.300    -0.001     0.098     0.022
    71.310    -0.017     0.074     0.017
    71.320    -0.032     0.045     0.008
    71.330    -0.045     0.019    -0.002
    71.340    -0.055    -0.006    -0.015
    71.350    -0.060    -0.023    -0.023
    71.360    -0.058    -0.031    -0.027
    71.370    -0.055    -0.034    -0.023
    71.380    -0.049    -0.031    -0.014
    71.390    -0.041    -0.027    -0.004
    71.400    -0.035    -0.027     0.008
    71.410    -0.032    -0.027     0.018
    71.420    -0.030    -0.024     0.024
    71.430    -0.025    -0.023     0.026
    71.440    -0.017    -0.020     0.024
    71.450    -0.006    -0.017     0.019
    71.460     0.005    -0.018     0.010
    71.470     0.014    -0.021    -0.003
    71.480     0.022    -0.027    -0.016
    71.490     0.030    -0.029    -0.024
    71.500     0.036    -0.028    -0.028
    71.510     0.038    -0.026    -0.030
    71.520     0.041    -0.020    -0.027
    71.530     0.043    -0.010    -0.019
    71.540     0.043     0.001    -0.006
    71.550     0.043     0.012     0.006
    71.560     0.040     0.024     0.018
    71.570     0.037     0.035     0.029
    71.580     0.031     0.044     0.037
    71.590     0.024     0.052     0.045
    71.600     0.022     0.059     0.049
    71.610     0.019     0.063     0.045
    71.620     0.019     0.064     0.042
    71.630     0.021     0.060     0.039
    71.640     0.019     0.046     0.038
    71.650     0.017     0.027     0.037
    71.660     0.012     0.005     0.035
    71.670     0.010    -0.012     0.031
    71.680     0.007    -0.027     0.023
    71.690     0.006    -0.036     0.015
    71.700     0.007    -0.035     0.007
    71.710     0.007    -0.035    -0.001
    71.720     0.009    -0.030    -0.006
    71.730     0.012    -0.027    -0.010
    71.740     0.016    -0.027    -0.012
    71.750     0.016    -0.028    -0.014
    71.760     0.012    -0.034    -0.017
    71.770     0.003    -0.043    -0.018
    71.780    -0.008    -0.056    -0.016
    71.790    -0.020    -0.070    -0.016
    71.800    -0.031    -0.085    -0.015
    71.810    -0.040    -0.099    -0.016
    71.820    -0.046    -0.107    -0.016
    71.830    -0.047    -0.107    -0.015
    71.840    -0.050    -0.099    -0.012
    71.850    -0.049    -0.084    -0.009
    71.860    -0.049    -0.060    -0.002
    71.870    -0.048    -0.036     0.008
    71.880    -0.046    -0.016     0.015
    71.890    -0.045     0.004     0.020
    71.900    -0.037     0.019     0.024
    71.910    -0.029     0.027     0.022
    71.920    -0.020     0.034     0.017
    71.930    -0.010     0.043     0.016
    71.940    -0.003     0.050     0.014
    71.950     0.002     0.059     0.016
    71.960     0.009     0.069     0.017
    71.970     0.016     0.073     0.015
    71.980     0.019     0.070     0.011
    71.990     0.021     0.065     0.002
    72.000     0.027     0.060    -0.002
    72.010     0.025     0.048    -0.012
    72.020     0.019     0.029    -0.025
    72.030     0.016     0.016    -0.029
    72.040     0.014     0.005    -0.035
    72.050     0.010    -0.005    -0.036
    72.060     0.004    -0.020    -0.032
    72.070    -0.001    -0.032    -0.028
    72.080    -0.005    -0.045    -0.021
    72.090    -0.002    -0.060    -0.016
    72.100     0.005    -0.070    -0.011
    72.110     0.007    -0.083    -0.013
    72.120     0.012    -0.090    -0.019
    72.130     0.018    -0.092    -0.026
    72.140     0.020    -0.086    -0.033
    72.150     0.022    -0.074    -0.038
    72.160     0.024    -0.057    -0.038
    72.170     0.024    -0.038    -0.034
    72.180     0.019    -0.025    -0.031
    72.190     0.016    -0.012    -0.020
    72.200     0.014    -0.004    -0.009
    72.210     0.009    -0.001    -0.002
    72.220     0.005     0.005     0.004
    72.230    -0.001     0.012     0.008
    72.240    -0.006     0.021     0.015
    72.250    -0.012     0.027     0.020
    72.260    -0.015     0.033     0.025
    72.270    -0.016     0.035     0.031
    72.280    -0.014     0.036     0.034
    72.290    -0.008     0.039     0.037
    72.300    -0.002     0.040     0.037
    72.310     0.005     0.041     0.034
    72.320     0.013     0.039     0.031
    72.330     0.019     0.037     0.026
    72.340     0.023     0.033     0.021
    72.350     0.026     0.026     0.016
    72.360     0.026     0.019     0.010
    72.370     0.025     0.012     0.006
    72.380     0.024     0.012     0.003
    72.390     0.024     0.016     0.002
    72.400     0.022     0.023     0.001
    72.410     0.018     0.029     0.003
    72.420     0.015     0.034     0.002
    72.430     0.012     0.035    -0.002
    72.440     0.014     0.032    -0.005
    72.450     0.013     0.027    -0.007
    72.460     0.010     0.018    -0.009
    72.470     0.007     0.012    -0.008
    72.480     0.001     0.008    -0.007
    72.490    -0.005     0.006    -0.004
    72.500    -0.012     0.008     0.000
    72.510    -0.020     0.003     0.004
    72.520    -0.025     0.000     0.007
    72.530    -0.032    -0.006     0.006
    72.540    -0.037    -0.012     0.003
    72.550    -0.041    -0.012    -0.001
    72.560    -0.043    -0.012    -0.004
    72.570    -0.042    -0.005    -0.006
    72.580    -0.038     0.001    -0.008
    72.590    -0.030     0.007    -0.007
    72.600    -0.025     0.012    -0.003
    72.610    -0.017     0.012     0.003
    72.620    -0.013     0.013     0.008
    72.630    -0.011     0.011     0.014
    72.640    -0.007     0.010     0.020
    72.650    -0.008     0.012     0.023
    72.660    -0.004     0.013     0.023
    72.670     0.001     0.018     0.021
    72.680     0.002     0.022     0.017
    72.690     0.004     0.023     0.018
    72.700     0.003     0.020     0.021
    72.710     0.001     0.009     0.023
    72.720    -0.001    -0.004     0.027
    72.730    -0.005    -0.019     0.028
    72.740    -0.006    -0.033     0.024
    72.750    -0.010    -0.044     0.020
    72.760    -0.013    -0.053     0.014
    72.770    -0.014    -0.059     0.007
    72.780    -0.012    -0.058     0.003
    72.790    -0.009    -0.056    -0.004
    72.800    -0.009    -0.052    -0.011
    72.810    -0.009    -0.048    -0.018
    72.820    -0.010    -0.042    -0.023
    72.830    -0.008    -0.032    -0.024
    72.840    -0.004    -0.021    -0.024
    72.850     0.000    -0.006    -0.025
    72.860     0.004     0.009    -0.024
    72.870     0.008     0.021    -0.022
    72.880     0.011     0.029    -0.022
    72.890     0.012     0.029    -0.020
    72.900     0.017     0.029    -0.016
    72.910     0.018     0.021    -0.014
    72.920     0.014     0.011    -0.013
    72.930     0.010     0.005    -0.014
    72.940     0.001    -0.004    -0.020
    72.950    -0.005    -0.006    -0.029
    72.960    -0.010    -0.010    -0.040
    72.970    -0.018    -0.015    -0.053
    72.980    -0.027    -0.016    -0.065
    72.990    -0.034    -0.022    -0.073
    73.000    -0.031    -0.016    -0.071
    73.010    -0.030    -0.013    -0.068
    73.020    -0.032    -0.014    -0.065
    73.030    -0.029    -0.006    -0.055
    73.040    -0.027     0.004    -0.045
    73.050    -0.023     0.015    -0.037
    73.060    -0.021     0.020    -0.028
    73.070    -0.018     0.025    -0.020
    73.080    -0.017     0.025    -0.014
    73.090    -0.018     0.022    -0.008
    73.100    -0.018     0.018    -0.003
    73.110    -0.026     0.007    -0.007
    73.120    -0.035    -0.005    -0.010
    73.130    -0.040    -0.017    -0.013
    73.140    -0.044    -0.025    -0.015
    73.150    -0.043    -0.030    -0.013
    73.160    -0.038    -0.030    -0.008
    73.170    -0.030    -0.023     0.002
    73.180    -0.021    -0.018     0.009
    73.190    -0.009    -0.005     0.016
    73.200     0.002     0.005     0.024
    73.210     0.011     0.009     0.025
    73.220     0.020     0.015     0.028
    73.230     0.026     0.018     0.032
    73.240     0.030     0.022     0.034
    73.250     0.033     0.028     0.038
    73.260     0.032     0.032     0.039
    73.270     0.029     0.036     0.043
    73.280     0.026     0.039     0.048
    73.290     0.019     0.038     0.048
    73.300     0.014     0.032     0.051
    73.310     0.009     0.019     0.047
    73.320     0.006     0.003     0.036
    73.330     0.006    -0.013     0.025
    73.340     0.007    -0.027     0.010
    73.350     0.010    -0.034     0.000
    73.360     0.011    -0.035    -0.006
    73.370     0.013    -0.032    -0.006
    73.380     0.016    -0.023     0.001
    73.390     0.016    -0.012     0.009
    73.400     0.019     0.001     0.023
    73.410     0.020     0.015     0.042
    73.420     0.020     0.031     0.060
    73.430     0.021     0.045     0.076
    73.440     0.022     0.056     0.084
    73.450     0.024     0.065     0.085
    73.460     0.024     0.067     0.077
    73.470     0.026     0.062     0.063
    73.480     0.023     0.054     0.048
    73.490     0.020     0.042     0.032
    73.500     0.018     0.028     0.019
    73.510     0.013     0.014     0.008
    73.520     0.013     0.003     0.002
    73.530     0.011    -0.004     0.000
    73.540     0.012    -0.010    -0.003
    73.550     0.016    -0.014    -0.005
    73.560     0.016    -0.016    -0.011
    73.570     0.019    -0.018    -0.018
    73.580     0.019    -0.021    -0.027
    73.590     0.021    -0.027    -0.032
    73.600     0.024    -0.035    -0.036
    73.610     0.021    -0.048    -0.042
    73.620     0.020    -0.061    -0.045
    73.630     0.017    -0.075    -0.049
    73.640     0.013    -0.086    -0.051
    73.650     0.009    -0.093    -0.051
    73.660     0.003    -0.094    -0.050
    73.670     0.001    -0.086    -0.047
    73.680    -0.003    -0.073    -0.045
    73.690    -0.008    -0.055    -0.046
    73.700    -0.011    -0.035    -0.047
    73.710    -0.013    -0.018    -0.049
    73.720    -0.014    -0.007    -0.049
    73.730    -0.011     0.001    -0.045
    73.740    -0.008     0.003    -0.041
    73.750    -0.007     0.003    -0.033
    73.760    -0.006     0.001    -0.024
    73.770    -0.003     0.001    -0.013
    73.780    -0.004     0.001     0.001
    73.790    -0.003     0.005     0.011
    73.800     0.000     0.009     0.017
    73.810     0.004     0.010     0.019
    73.820     0.007     0.012     0.013
    73.830     0.012     0.010     0.004
    73.840     0.018     0.008    -0.006
    73.850     0.026     0.010    -0.018
    73.860     0.035     0.013    -0.027
    73.870     0.044     0.020    -0.036
    73.880     0.050     0.025    -0.041
    73.890     0.050     0.030    -0.040
    73.900     0.050     0.034    -0.035
    73.910     0.047     0.033    -0.026
    73.920     0.042     0.030    -0.019
    73.930     0.036     0.026    -0.012
    73.940     0.028     0.019    -0.008
    73.950     0.020     0.013    -0.006
    73.960     0.012     0.008    -0.002
    73.970     0.004     0.001     0.001
    73.980    -0.004    -0.008     0.003
    73.990    -0.009    -0.019     0.006
    74.000    -0.005    -0.020     0.013
    74.010    -0.007    -0.024     0.016
    74.020    -0.009    -0.028     0.018
    74.030    -0.009    -0.019     0.027
    74.040    -0.009    -0.008     0.035
    74.050    -0.010     0.004     0.043
    74.060    -0.013     0.010     0.049
    74.070    -0.014     0.011     0.049
    74.080    -0.015     0.006     0.048
    74.090    -0.013    -0.001     0.046
    74.100    -0.011    -0.008     0.046
    74.110    -0.013    -0.019     0.043
    74.120    -0.016    -0.025     0.042
    74.130    -0.017    -0.028     0.043
    74.140    -0.019    -0.030     0.041
    74.150    -0.024    -0.032     0.040
    74.160    -0.031    -0.036     0.040
    74.170    -0.034    -0.036     0.040
    74.180    -0.041    -0.038     0.035
    74.190    -0.042    -0.038     0.032
    74.200    -0.040    -0.036     0.030
    74.210    -0.039    -0.035     0.021
    74.220    -0.032    -0.030     0.017
    74.230    -0.023    -0.018     0.014
    74.240    -0.011    -0.004     0.013
    74.250    -0.002     0.010     0.017
    74.260     0.005     0.021     0.019
    74.270     0.012     0.027     0.024
    74.280     0.014     0.026     0.026
    74.290     0.015     0.023     0.025
    74.300     0.014     0.014     0.022
    74.310     0.011     0.004     0.016
    74.320     0.007    -0.003     0.008
    74.330    -0.001    -0.012    -0.001
    74.340    -0.008    -0.016    -0.010
    74.350    -0.017    -0.020    -0.019
    74.360    -0.023    -0.020    -0.026
    74.370    -0.026    -0.015    -0.029
    74.380    -0.029    -0.009    -0.031
    74.390    -0.026     0.003    -0.028
    74.400    -0.022     0.014    -0.020
    74.410    -0.015     0.022    -0.015
    74.420    -0.007     0.029    -0.007
    74.430     0.000     0.035    -0.001
    74.440     0.006     0.040     0.004
    74.450     0.012     0.043     0.006
    74.460     0.015     0.045     0.007
    74.470     0.015     0.044     0.007
    74.480     0.012     0.039     0.004
    74.490     0.003     0.035     0.003
    74.500    -0.004     0.032     0.000
    74.510    -0.014     0.026    -0.009
    74.520    -0.019     0.021    -0.019
    74.530    -0.017     0.022    -0.028
    74.540    -0.020     0.021    -0.036
    74.550    -0.017     0.020    -0.043
    74.560    -0.015     0.020    -0.045
    74.570    -0.012     0.021    -0.041
    74.580    -0.007     0.024    -0.036
    74.590    -0.004     0.025    -0.031
    74.600     0.000     0.022    -0.027
    74.610     0.005     0.015    -0.027
    74.620     0.010     0.008    -0.030
    74.630     0.014     0.002    -0.032
    74.640     0.015    -0.005    -0.034
    74.650     0.013    -0.007    -0.035
    74.660     0.007    -0.008    -0.034
    74.670     0.000    -0.008    -0.035
    74.680    -0.006    -0.005    -0.036
    74.690    -0.008    -0.003    -0.040
    74.700    -0.009     0.003    -0.043
    74.710    -0.008     0.009    -0.043
    74.720    -0.003     0.016    -0.041
    74.730     0.000     0.024    -0.037
    74.740     0.004     0.030    -0.032
    74.750     0.009     0.034    -0.026
    74.760     0.012     0.036    -0.018
    74.770     0.017     0.034    -0.014
    74.780     0.020     0.029    -0.010
    74.790     0.023     0.024    -0.010
    74.800     0.024     0.018    -0.008
    74.810     0.020     0.007    -0.006
    74.820     0.016    -0.003    -0.004
    74.830     0.011    -0.012     0.000
    74.840     0.002    -0.020     0.003
    74.850    -0.006    -0.027     0.007
    74.860    -0.012    -0.030     0.011
    74.870    -0.019    -0.028     0.014
    74.880    -0.023    -0.027     0.016
    74.890    -0.026    -0.025     0.020
    74.900    -0.026    -0.020     0.023
    74.910    -0.022    -0.019     0.020
    74.920    -0.017    -0.020     0.016
    74.930    -0.007    -0.017     0.011
    74.940     0.000    -0.014     0.007
    74.950     0.004    -0.010     0.005
    74.960     0.005    -0.003     0.007
    74.970     0.004     0.003     0.012
    74.980     0.005     0.004     0.014
    74.990     0.007     0.003     0.011
    75.000     0.013     0.004     0.012
    75.010     0.015    -0.001     0.007
    75.020     0.012    -0.010    -0.001
    75.030     0.013    -0.013    -0.003
    75.040     0.012    -0.011    -0.003
    75.050     0.016    -0.004    -0.002
    75.060     0.017     0.006     0.000
    75.070     0.021     0.021     0.007
    75.080     0.026     0.033     0.014
    75.090     0.029     0.044     0.020
    75.100     0.033     0.054     0.027
    75.110     0.031     0.053     0.026
    75.120     0.027     0.049     0.024
    75.130     0.020     0.044     0.020
    75.140     0.011     0.033     0.016
    75.150     0.000     0.021     0.011
    75.160    -0.009     0.008     0.004
    75.170    -0.010    -0.004    -0.001
    75.180    -0.016    -0.020    -0.009
    75.190    -0.016    -0.031    -0.013
    75.200    -0.014    -0.036    -0.012
    75.210    -0.015    -0.044    -0.013
    75.220    -0.011    -0.041    -0.008
    75.230    -0.009    -0.034    -0.001
    75.240    -0.007    -0.026     0.007
    75.250    -0.006    -0.014     0.014
    75.260    -0.004    -0.006     0.017
    75.270    -0.001     0.006     0.021
    75.280     0.002     0.017     0.023
    75.290     0.005     0.028     0.024
    75.300     0.004     0.041     0.025
    75.310    -0.001     0.045     0.024
    75.320    -0.007     0.046     0.024
    75.330    -0.010     0.044     0.021
    75.340    -0.013     0.036     0.017
    75.350    -0.013     0.026     0.013
    75.360    -0.012     0.017     0.011
    75.370    -0.012     0.007     0.011
    75.380    -0.009    -0.001     0.013
    75.390    -0.007    -0.009     0.019
    75.400     0.000    -0.010     0.025
    75.410     0.008    -0.011     0.032
    75.420     0.011    -0.016     0.034
    75.430     0.013    -0.024     0.031
    75.440     0.020    -0.026     0.031
    75.450     0.031    -0.024     0.035
    75.460     0.032    -0.035     0.031
    75.470     0.034    -0.039     0.030
    75.480     0.036    -0.039     0.034
    75.490     0.033    -0.041     0.037
    75.500     0.031    -0.036     0.041
    75.510     0.023    -0.034     0.039
    75.520     0.015    -0.031     0.035
    75.530     0.009    -0.027     0.030
    75.540     0.003    -0.020     0.021
    75.550    -0.003    -0.013     0.016
    75.560    -0.008    -0.009     0.011
    75.570    -0.012    -0.003     0.006
    75.580    -0.016     0.002     0.002
    75.590    -0.018     0.002    -0.003
    75.600    -0.020     0.004    -0.008
    75.610    -0.023     0.004    -0.011
    75.620    -0.025     0.004    -0.014
    75.630    -0.025     0.002    -0.017
    75.640    -0.027    -0.004    -0.019
    75.650    -0.028    -0.013    -0.023
    75.660    -0.026    -0.025    -0.029
    75.670    -0.024    -0.040    -0.034
    75.680    -0.021    -0.049    -0.038
    75.690    -0.018    -0.050    -0.036
    75.700    -0.015    -0.045    -0.027
    75.710    -0.013    -0.034    -0.014
    75.720    -0.009    -0.022     0.001
    75.730    -0.002    -0.008     0.016
    75.740     0.007     0.005     0.029
    75.750     0.018     0.014     0.031
    75.760     0.027     0.023     0.032
    75.770     0.035     0.030     0.028
    75.780     0.042     0.035     0.022
    75.790     0.044     0.036     0.017
    75.800     0.043     0.035     0.012
    75.810     0.043     0.030     0.004
    75.820     0.037     0.020    -0.006
    75.830     0.032     0.009    -0.013
    75.840     0.027    -0.004    -0.020
    75.850     0.022    -0.015    -0.029
    75.860     0.017    -0.020    -0.036
    75.870     0.012    -0.024    -0.040
    75.880     0.012    -0.021    -0.038
    75.890     0.013    -0.012    -0.034
    75.900     0.019    -0.002    -0.027
    75.910     0.024     0.011    -0.018
    75.920     0.029     0.020    -0.014
    75.930     0.033     0.027    -0.010
    75.940     0.034     0.027    -0.007
    75.950     0.036     0.023    -0.010
    75.960     0.033     0.017    -0.015
    75.970     0.030     0.006    -0.021
    75.980     0.026    -0.002    -0.026
    75.990     0.021    -0.011    -0.034
    76.000     0.025    -0.010    -0.037
    76.010     0.023    -0.008    -0.039
    76.020     0.019    -0.010    -0.041
    76.030     0.020     0.001    -0.036
    76.040     0.019     0.009    -0.031
    76.050     0.019     0.017    -0.024
    76.060     0.016     0.026    -0.020
    76.070     0.010     0.031    -0.013
    76.080     0.002     0.036    -0.008
    76.090    -0.008     0.036    -0.002
    76.100    -0.014     0.040     0.005
    76.110    -0.025     0.035     0.004
    76.120    -0.033     0.024     0.001
    76.130    -0.040     0.013    -0.003
    76.140    -0.047    -0.003    -0.011
    76.150    -0.048    -0.016    -0.020
    76.160    -0.051    -0.029    -0.030
    76.170    -0.048    -0.035    -0.037
    76.180    -0.048    -0.034    -0.044
    76.190    -0.045    -0.033    -0.044
    76.200    -0.038    -0.027    -0.037
    76.210    -0.036    -0.023    -0.031
    76.220    -0.030    -0.020    -0.023
    76.230    -0.022    -0.015    -0.012
    76.240    -0.017    -0.016    -0.001
    76.250    -0.013    -0.016     0.007
    76.260    -0.012    -0.017     0.013
    76.270    -0.011    -0.018     0.020
    76.280    -0.006    -0.011     0.024
    76.290     0.000    -0.002     0.026
    76.300     0.008     0.007     0.027
    76.310     0.013     0.016     0.026
    76.320     0.019     0.024     0.029
    76.330     0.026     0.029     0.029
    76.340     0.028     0.028     0.029
    76.350     0.028     0.025     0.032
    76.360     0.027     0.019     0.029
    76.370     0.022     0.011     0.024
    76.380     0.017     0.006     0.021
    76.390     0.014     0.003     0.019
    76.400     0.010     0.006     0.019
    76.410     0.007     0.007     0.024
    76.420     0.006     0.009     0.031
    76.430     0.005     0.009     0.033
    76.440     0.007     0.008     0.036
    76.450     0.008     0.007     0.037
    76.460     0.007     0.002     0.034
    76.470     0.007    -0.002     0.030
    76.480     0.005    -0.008     0.022
    76.490     0.001    -0.014     0.021
    76.500     0.000    -0.015     0.022
    76.510    -0.002    -0.020     0.016
    76.520    -0.004    -0.022     0.018
    76.530    -0.005    -0.022     0.020
    76.540    -0.005    -0.020     0.019
    76.550    -0.008    -0.018     0.018
    76.560    -0.010    -0.015     0.015
    76.570    -0.012    -0.014     0.016
    76.580    -0.014    -0.015     0.016
    76.590    -0.017    -0.016     0.013
    76.600    -0.019    -0.020     0.010
    76.610    -0.021    -0.024     0.003
    76.620    -0.024    -0.028    -0.010
    76.630    -0.026    -0.033    -0.020
    76.640    -0.029    -0.036    -0.030
    76.650    -0.033    -0.038    -0.036
    76.660    -0.034    -0.040    -0.040
    76.670    -0.031    -0.038    -0.042
    76.680    -0.028    -0.032    -0.038
    76.690    -0.021    -0.022    -0.036
    76.700    -0.013    -0.008    -0.030
    76.710    -0.008     0.004    -0.022
    76.720    -0.003     0.016    -0.017
    76.730     0.001     0.026    -0.013
    76.740     0.006     0.030    -0.013
    76.750     0.006     0.027    -0.012
    76.760     0.006     0.020    -0.013
    76.770     0.006     0.016    -0.019
    76.780     0.008     0.009    -0.019
    76.790     0.010     0.007    -0.020
    76.800     0.014     0.006    -0.022
    76.810     0.020     0.006    -0.024
    76.820     0.026     0.009    -0.031
    76.830     0.031     0.009    -0.027
    76.840     0.031     0.012    -0.025
    76.850     0.029     0.014    -0.021
    76.860     0.024     0.015    -0.010
    76.870     0.017     0.017    -0.008
    76.880     0.011     0.014     0.003
    76.890     0.006     0.012     0.012
    76.900     0.008     0.010     0.015
    76.910     0.009     0.004     0.024
    76.920     0.006    -0.004     0.027
    76.930     0.006    -0.009     0.031
    76.940     0.006    -0.012     0.030
    76.950     0.009    -0.014     0.027
    76.960     0.011    -0.012     0.024
    76.970     0.015    -0.009     0.022
    76.980     0.016    -0.007     0.021
    76.990     0.014    -0.004     0.019
    77.000     0.019     0.001     0.031
    77.010     0.017     0.003     0.032
    77.020     0.010     0.001     0.032
    77.030     0.008     0.004     0.036
    77.040     0.005     0.010     0.042
    77.050     0.002     0.015     0.051
    77.060    -0.001     0.016     0.051
    77.070    -0.001     0.016     0.060
    77.080     0.003     0.011     0.057
    77.090     0.006     0.002     0.053
    77.100     0.013    -0.004     0.050
    77.110     0.013    -0.016     0.038
    77.120     0.016    -0.022     0.029
    77.130     0.019    -0.023     0.018
    77.140     0.018    -0.023     0.012
    77.150     0.020    -0.024    -0.001
    77.160     0.017    -0.022    -0.011
    77.170     0.015    -0.018    -0.018
    77.180     0.008    -0.019    -0.030
    77.190     0.001    -0.011    -0.035
    77.200    -0.004    -0.005    -0.040
    77.210    -0.009    -0.002    -0.046
    77.220    -0.009     0.007    -0.050
    77.230    -0.006     0.014    -0.050
    77.240    -0.002     0.023    -0.047
    77.250     0.003     0.033    -0.042
    77.260     0.005     0.039    -0.034
    77.270     0.011     0.048    -0.026
    77.280     0.012     0.053    -0.020
    77.290     0.011     0.053    -0.019
    77.300     0.010     0.050    -0.018
    77.310     0.006     0.042    -0.021
    77.320     0.002     0.034    -0.028
    77.330    -0.002     0.027    -0.035
    77.340    -0.008     0.019    -0.040
    77.350    -0.016     0.012    -0.048
    77.360    -0.021     0.002    -0.051
    77.370    -0.026    -0.005    -0.050
    77.380    -0.029    -0.014    -0.052
    77.390    -0.031    -0.020    -0.046
    77.400    -0.031    -0.020    -0.038
    77.410    -0.029    -0.020    -0.030
    77.420    -0.027    -0.019    -0.019
    77.430    -0.024    -0.015    -0.013
    77.440    -0.021    -0.015     0.000
    77.450    -0.018    -0.016     0.007
    77.460    -0.016    -0.018     0.009
    77.470    -0.016    -0.021     0.017
    77.480    -0.015    -0.023     0.019
    77.490    -0.014    -0.022     0.024
    77.500    -0.014    -0.019     0.030
    77.510    -0.013    -0.019     0.030
    77.520    -0.012    -0.020     0.034
    77.530    -0.009    -0.022     0.036
    77.540    -0.006    -0.024     0.037
    77.550    -0.006    -0.023     0.035
    77.560    -0.005    -0.025     0.030
    77.570    -0.003    -0.024     0.029
    77.580    -0.005    -0.022     0.025
    77.590    -0.003    -0.021     0.020
    77.600    -0.002    -0.022     0.014
    77.610    -0.001    -0.023     0.008
    77.620     0.002    -0.024     0.005
    77.630     0.002    -0.026     0.005
    77.640     0.003    -0.026     0.006
    77.650     0.002    -0.028     0.009
    77.660    -0.001    -0.028     0.012
    77.670    -0.006    -0.028     0.011
    77.680    -0.012    -0.032     0.007
    77.690    -0.015    -0.032    -0.001
    77.700    -0.015    -0.030    -0.008
    77.710    -0.012    -0.028    -0.014
    77.720    -0.008    -0.022    -0.020
    77.730    -0.002    -0.016    -0.025
    77.740     0.007    -0.007    -0.029
    77.750     0.016     0.001    -0.031
    77.760     0.029     0.013    -0.032
    77.770     0.037     0.026    -0.028
    77.780     0.042     0.037    -0.024
    77.790     0.044     0.047    -0.017
    77.800     0.041     0.048    -0.006
    77.810     0.037     0.043    -0.001
    77.820     0.029     0.034     0.001
    77.830     0.022     0.022     0.004
    77.840     0.012     0.011     0.008
    77.850     0.004     0.000     0.015
    77.860    -0.002    -0.009     0.017
    77.870    -0.009    -0.015     0.020
    77.880    -0.010    -0.019     0.022
    77.890    -0.014    -0.020     0.022
    77.900    -0.012    -0.020     0.018
    77.910    -0.010    -0.021     0.014
    77.920    -0.009    -0.022     0.009
    77.930    -0.006    -0.022     0.008
    77.940    -0.009    -0.022     0.011
    77.950    -0.010    -0.021     0.016
    77.960    -0.014    -0.021     0.019
    77.970    -0.017    -0.019     0.023
    77.980    -0.016    -0.017     0.024
    77.990    -0.018    -0.014     0.021
    78.000    -0.010    -0.002     0.025
    78.010    -0.006     0.005     0.025
    78.020    -0.008     0.006     0.020
    78.030    -0.004     0.014     0.019
    78.040    -0.002     0.021     0.015
    78.050     0.000     0.026     0.011
    78.060    -0.002     0.025     0.009
    78.070    -0.001     0.021     0.007
    78.080     0.000     0.014     0.001
    78.090     0.002     0.005    -0.006
    78.100     0.005    -0.002    -0.009
    78.110     0.000    -0.015    -0.018
    78.120    -0.002    -0.025    -0.027
    78.130    -0.006    -0.030    -0.032
    78.140    -0.008    -0.035    -0.037
    78.150    -0.009    -0.035    -0.039
    78.160    -0.008    -0.033    -0.041
    78.170    -0.008    -0.027    -0.039
    78.180    -0.009    -0.022    -0.039
    78.190    -0.004    -0.015    -0.034
    78.200     0.000    -0.005    -0.027
    78.210     0.001     0.001    -0.025
    78.220     0.004     0.011    -0.018
    78.230     0.005     0.022    -0.011
    78.240     0.007     0.028    -0.006
    78.250     0.006     0.036    -0.004
    78.260     0.001     0.040    -0.007
    78.270    -0.003     0.041    -0.010
    78.280    -0.004     0.040    -0.015
    78.290    -0.006     0.036    -0.019
    78.300    -0.006     0.032    -0.023
    78.310    -0.006     0.025    -0.024
    78.320    -0.006     0.018    -0.023
    78.330    -0.007     0.012    -0.022
    78.340    -0.010     0.007    -0.019
    78.350    -0.012     0.003    -0.016
    78.360    -0.016     0.000    -0.010
    78.370    -0.015    -0.002    -0.005
    78.380    -0.010    -0.002     0.000
    78.390    -0.003     0.001     0.005
    78.400     0.006     0.005     0.012
    78.410     0.014     0.008     0.018
    78.420     0.022     0.010     0.024
    78.430     0.028     0.010     0.028
    78.440     0.030     0.010     0.032
    78.450     0.030     0.009     0.036
    78.460     0.026     0.008     0.036
    78.470     0.021     0.007     0.036
    78.480     0.018     0.005     0.034
    78.490     0.013     0.007     0.034
    78.500     0.011     0.009     0.033
    78.510     0.009     0.010     0.031
    78.520     0.007     0.014     0.029
    78.530     0.005     0.017     0.026
    78.540     0.004     0.019     0.025
    78.550     0.003     0.017     0.023
    78.560     0.003     0.013     0.018
    78.570     0.003     0.009     0.011
    78.580     0.004     0.002     0.005
    78.590     0.004     0.002     0.001
    78.600     0.005     0.005    -0.001
    78.610     0.005     0.010     0.001
    78.620     0.005     0.014     0.003
    78.630     0.007     0.017     0.003
    78.640     0.008     0.018    -0.001
    78.650     0.012     0.015    -0.010
    78.660     0.016     0.007    -0.020
    78.670     0.020     0.002    -0.031
    78.680     0.022    -0.005    -0.041
    78.690     0.023    -0.012    -0.046
    78.700     0.020    -0.014    -0.049
    78.710     0.013    -0.017    -0.050
    78.720     0.009    -0.017    -0.045
    78.730     0.005    -0.015    -0.040
    78.740     0.002    -0.014    -0.033
    78.750     0.000    -0.014    -0.025
    78.760    -0.004    -0.016    -0.018
    78.770    -0.008    -0.018    -0.012
    78.780    -0.015    -0.022    -0.011
    78.790    -0.024    -0.027    -0.012
    78.800    -0.032    -0.028    -0.017
    78.810    -0.040    -0.031    -0.021
    78.820    -0.043    -0.032    -0.025
    78.830    -0.045    -0.031    -0.027
    78.840    -0.043    -0.028    -0.025
    78.850    -0.039    -0.022    -0.021
    78.860    -0.035    -0.018    -0.017
    78.870    -0.031    -0.012    -0.010
    78.880    -0.029    -0.007    -0.005
    78.890    -0.028     0.000     0.000
    78.900    -0.028     0.006     0.005
    78.910    -0.031     0.007     0.005
    78.920    -0.033     0.008     0.005
    78.930    -0.035     0.006     0.003
    78.940    -0.035     0.001     0.003
    78.950    -0.032    -0.002     0.004
    78.960    -0.027    -0.002     0.004
    78.970    -0.019     0.003     0.011
    78.980    -0.012     0.008     0.018
    78.990    -0.006     0.014     0.026
    79.000     0.006     0.029     0.041
    79.010     0.012     0.032     0.047
    79.020     0.014     0.023     0.049
    79.030     0.018     0.017     0.051
    79.040     0.018     0.002     0.047
    79.050     0.019    -0.013     0.042
    79.060     0.016    -0.028     0.035
    79.070     0.013    -0.038     0.029
    79.080     0.012    -0.040     0.023
    79.090     0.007    -0.040     0.019
    79.100     0.007    -0.033     0.021
    79.110     0.007    -0.027     0.020
    79.120     0.005    -0.023     0.019
    79.130     0.006    -0.015     0.018
    79.140     0.008    -0.009     0.014
    79.150     0.009    -0.003     0.010
    79.160     0.009    -0.002     0.005
    79.170     0.008     0.002     0.001
    79.180     0.009     0.005    -0.003
    79.190     0.008     0.003    -0.008
    79.200     0.010     0.008    -0.006
    79.210     0.011     0.012    -0.007
    79.220     0.007     0.016    -0.007
    79.230     0.005     0.023    -0.003
    79.240     0.006     0.028    -0.001
    79.250     0.005     0.031    -0.004
    79.260     0.005     0.029    -0.011
    79.270     0.004     0.025    -0.016
    79.280     0.001     0.020    -0.022
    79.290    -0.001     0.013    -0.026
    79.300    -0.003     0.007    -0.026
    79.310    -0.007    -0.004    -0.027
    79.320    -0.009    -0.013    -0.027
    79.330    -0.010    -0.020    -0.025
    79.340    -0.010    -0.028    -0.024
    79.350    -0.009    -0.033    -0.020
    79.360    -0.009    -0.036    -0.017
    79.370    -0.009    -0.034    -0.011
    79.380    -0.007    -0.031    -0.005
    79.390    -0.006    -0.024    -0.001
    79.400    -0.004    -0.010     0.004
    79.410    -0.002     0.004     0.008
    79.420     0.000     0.020     0.011
    79.430     0.001     0.036     0.014
    79.440     0.003     0.046     0.014
    79.450     0.005     0.050     0.012
    79.460     0.008     0.047     0.011
    79.470     0.011     0.040     0.005
    79.480     0.012     0.033    -0.002
    79.490     0.013     0.026    -0.006
    79.500     0.013     0.020    -0.011
    79.510     0.012     0.013    -0.014
    79.520     0.012     0.010    -0.015
    79.530     0.015     0.009    -0.014
    79.540     0.019     0.009    -0.012
    79.550     0.022     0.013    -0.013
    79.560     0.024     0.017    -0.015
    79.570     0.026     0.020    -0.016
    79.580     0.026     0.020    -0.017
    79.590     0.026     0.018    -0.016
    79.600     0.026     0.014    -0.014
    79.610     0.022     0.010    -0.011
    79.620     0.020     0.007    -0.012
    79.630     0.019     0.006    -0.011
    79.640     0.016     0.007    -0.013
    79.650     0.016     0.009    -0.016
    79.660     0.016     0.010    -0.019
    79.670     0.019     0.008    -0.023
    79.680     0.018     0.004    -0.023
    79.690     0.019    -0.002    -0.026
    79.700     0.020    -0.007    -0.027
    79.710     0.016    -0.014    -0.024
    79.720     0.015    -0.020    -0.020
    79.730     0.012    -0.023    -0.014
    79.740     0.006    -0.025    -0.005
    79.750     0.001    -0.027     0.004
    79.760    -0.003    -0.030     0.011
    79.770    -0.007    -0.032     0.013
    79.780    -0.009    -0.035     0.011
    79.790    -0.006    -0.036     0.006
    79.800    -0.005    -0.036     0.002
    79.810    -0.003    -0.036    -0.001
    79.820    -0.002    -0.033    -0.002
    79.830    -0.001    -0.031    -0.001
    79.840     0.003    -0.028     0.000
    79.850     0.005    -0.021     0.003
    79.860     0.007    -0.019     0.007
    79.870     0.009    -0.012     0.009
    79.880     0.009    -0.006     0.013
    79.890     0.007    -0.002     0.016
    79.900     0.006     0.007     0.021
    79.910     0.003     0.011     0.018
    79.920    -0.003     0.013     0.014
    79.930    -0.007     0.016     0.010
    79.940    -0.011     0.015     0.006
    79.950    -0.016     0.017     0.004
    79.960    -0.022     0.014     0.000
    79.970    -0.025     0.011    -0.002
    79.980    -0.025     0.009    -0.005
    79.990    -0.026     0.010    -0.004
    80.000    -0.019     0.019     0.005
    80.010    -0.015     0.025     0.013
    80.020    -0.015     0.025     0.018
    80.030    -0.011     0.024     0.027
    80.040    -0.008     0.020     0.031
    80.050    -0.007     0.013     0.031
    80.060    -0.007     0.003     0.028
    80.070    -0.009    -0.003     0.026
    80.080    -0.012    -0.005     0.024
    80.090    -0.011    -0.007     0.023
    80.100    -0.009    -0.003     0.025
    80.110    -0.008    -0.005     0.023
    80.120    -0.005    -0.009     0.022
    80.130     0.000    -0.009     0.023
    80.140     0.004    -0.012     0.024
    80.150     0.009    -0.011     0.028
    80.160     0.012    -0.011     0.029
    80.170     0.017    -0.010     0.031
    80.180     0.017    -0.008     0.032
    80.190     0.016    -0.010     0.026
    80.200     0.018    -0.008     0.021
    80.210     0.016    -0.007     0.013
    80.220     0.011    -0.010     0.003
    80.230     0.007    -0.011    -0.003
    80.240     0.006    -0.010    -0.009
    80.250     0.001    -0.010    -0.014
    80.260    -0.003    -0.012    -0.016
    80.270    -0.004    -0.009    -0.017
    80.280    -0.007    -0.005    -0.019
    80.290    -0.010    -0.002    -0.018
    80.300    -0.014     0.000    -0.015
    80.310    -0.017     0.000    -0.018
    80.320    -0.021    -0.001    -0.019
    80.330    -0.022    -0.005    -0.020
    80.340    -0.021    -0.007    -0.023
    80.350    -0.018    -0.005    -0.023
    80.360    -0.016    -0.004    -0.025
    80.370    -0.011    -0.002    -0.025
    80.380    -0.006     0.000    -0.022
    80.390    -0.004    -0.002    -0.022
    80.400     0.001    -0.001    -0.013
    80.410    -0.002    -0.008    -0.011
    80.420    -0.005    -0.016    -0.011
    80.430    -0.007    -0.016    -0.007
    80.440    -0.011    -0.021    -0.009
    80.450    -0.012    -0.024    -0.011
    80.460    -0.013    -0.021    -0.010
    80.470    -0.005    -0.012    -0.004
    80.480    -0.004    -0.009    -0.001
    80.490    -0.001    -0.005     0.003
    80.500     0.010     0.008     0.015
    80.510     0.009     0.006     0.015
    80.520     0.010     0.002     0.015
    80.530     0.014     0.004     0.014
    80.540     0.014    -0.004     0.003
    80.550     0.013    -0.010    -0.008
    80.560     0.016    -0.009    -0.015
    80.570     0.018    -0.011    -0.020
    80.580     0.017    -0.013    -0.024
    80.590     0.017    -0.012    -0.021
    80.600     0.021    -0.004    -0.011
    80.610     0.019    -0.003    -0.008
    80.620     0.016     0.000    -0.004
    80.630     0.019     0.008     0.006
    80.640     0.015     0.008     0.013
    80.650     0.012     0.009     0.017
    80.660     0.011     0.011     0.023
    80.670     0.007     0.012     0.024
    80.680     0.005     0.012     0.023
    80.690     0.003     0.010     0.020
    80.700     0.000     0.010     0.019
    80.710    -0.002     0.005     0.016
    80.720    -0.003     0.000     0.015
    80.730    -0.003    -0.007     0.016
    80.740    -0.003    -0.014     0.014
    80.750    -0.005    -0.018     0.011
    80.760    -0.004    -0.021     0.005
    80.770    -0.004    -0.019     0.002
    80.780    -0.002    -0.015    -0.001
    80.790     0.000    -0.011    -0.002
    80.800     0.001    -0.003    -0.002
    80.810     0.003     0.001    -0.002
    80.820     0.002     0.004    -0.003
    80.830     0.002     0.008    -0.002
    80.840     0.001     0.010    -0.002
    80.850     0.000     0.010    -0.006
    80.860     0.001     0.009    -0.010
    80.870     0.002     0.008    -0.015
    80.880     0.003     0.005    -0.018
    80.890     0.004     0.002    -0.023
    80.900     0.007     0.001    -0.025
    80.910     0.007    -0.002    -0.026
    80.920     0.006    -0.004    -0.030
    80.930     0.005    -0.002    -0.031
    80.940     0.002     0.000    -0.031
    80.950    -0.003     0.004    -0.029
    80.960    -0.008     0.008    -0.025
    80.970    -0.010     0.012    -0.021
    80.980    -0.014     0.015    -0.017
    80.990    -0.017     0.014    -0.017
    81.000    -0.010     0.022    -0.011
    81.010    -0.006     0.021    -0.008
    81.020    -0.004     0.014    -0.012
    81.030     0.003     0.017    -0.009
    81.040     0.006     0.013    -0.006
    81.050     0.008     0.011    -0.001
    81.060     0.007     0.004     0.003
    81.070     0.005    -0.001     0.006
    81.080     0.003    -0.004     0.007
    81.090     0.004    -0.010     0.011
    81.100     0.004    -0.009     0.016
    81.110    -0.002    -0.016     0.018
    81.120    -0.004    -0.020     0.024
    81.130    -0.006    -0.020     0.029
    81.140    -0.007    -0.023     0.031
    81.150    -0.006    -0.022     0.034
    81.160    -0.005    -0.020     0.035
    81.170    -0.003    -0.017     0.033
    81.180    -0.005    -0.016     0.031
    81.190    -0.004    -0.011     0.031
    81.200    -0.002    -0.004     0.031
    81.210    -0.001    -0.001     0.029
    81.220     0.000     0.004     0.028
    81.230     0.003     0.009     0.028
    81.240     0.004     0.014     0.026
    81.250     0.005     0.014     0.024
    81.260     0.004     0.012     0.018
    81.270     0.003     0.006     0.010
    81.280     0.000     0.000     0.002
    81.290    -0.004    -0.004    -0.006
    81.300    -0.008    -0.009    -0.011
    81.310    -0.011    -0.013    -0.019
    81.320    -0.014    -0.012    -0.023
    81.330    -0.015    -0.011    -0.024
    81.340    -0.016    -0.010    -0.024
    81.350    -0.016    -0.004    -0.020
    81.360    -0.016     0.000    -0.017
    81.370    -0.017     0.004    -0.013
    81.380    -0.018     0.005    -0.011
    81.390    -0.020     0.002    -0.011
    81.400    -0.020    -0.001    -0.013
    81.410    -0.018    -0.008    -0.019
    81.420    -0.016    -0.013    -0.023
    81.430    -0.013    -0.017    -0.024
    81.440    -0.010    -0.018    -0.023
    81.450    -0.010    -0.015    -0.018
    81.460    -0.009    -0.012    -0.011
    81.470    -0.009    -0.004    -0.003
    81.480    -0.009     0.002     0.007
    81.490    -0.006     0.008     0.015
    81.500    -0.004     0.014     0.021
    81.510    -0.003     0.010     0.023
    81.520    -0.004     0.005     0.021
    81.530    -0.003    -0.001     0.017
    81.540     0.001    -0.009     0.009
    81.550     0.001    -0.013     0.000
    81.560     0.001    -0.017    -0.006
    81.570     0.001    -0.018    -0.012
    81.580     0.000    -0.017    -0.015
    81.590     0.000    -0.014    -0.014
    81.600     0.000    -0.007    -0.012
    81.610    -0.001    -0.002    -0.009
    81.620     0.001     0.004    -0.007
    81.630     0.003     0.010    -0.008
    81.640     0.007     0.012    -0.008
    81.650     0.010     0.016    -0.009
    81.660     0.013     0.019    -0.009
    81.670     0.017     0.020    -0.009
    81.680     0.020     0.022    -0.010
    81.690     0.024     0.026    -0.011
    81.700     0.026     0.029    -0.014
    81.710     0.026     0.030    -0.015
    81.720     0.027     0.033    -0.015
    81.730     0.029     0.036    -0.015
    81.740     0.029     0.039    -0.012
    81.750     0.028     0.039    -0.010
    81.760     0.024     0.040    -0.009
    81.770     0.019     0.039    -0.006
    81.780     0.015     0.033    -0.007
    81.790     0.009     0.029    -0.009
    81.800     0.005     0.023    -0.011
    81.810     0.001     0.019    -0.015
    81.820    -0.003     0.015    -0.018
    81.830    -0.002     0.011    -0.020
    81.840     0.000     0.008    -0.021
    81.850     0.004     0.006    -0.022
    81.860     0.008     0.004    -0.026
    81.870     0.011     0.002    -0.027
    81.880     0.014     0.000    -0.029
    81.890     0.016     0.001    -0.027
    81.900     0.019     0.004    -0.022
    81.910     0.020     0.004    -0.018
    81.920     0.020     0.004    -0.013
    81.930     0.020     0.004    -0.009
    81.940     0.019     0.005    -0.006
    81.950     0.017     0.008    -0.001
    81.960     0.014     0.008     0.007
    81.970     0.010     0.010     0.015
    81.980     0.005     0.008     0.021
    81.990     0.002     0.003     0.025
    82.000     0.008     0.006     0.035
    82.010     0.009     0.003     0.036
    82.020     0.006    -0.004     0.031
    82.030     0.009    -0.004     0.029
    82.040     0.011    -0.002     0.025
    82.050     0.014     0.003     0.021
    82.060     0.014     0.004     0.018
    82.070     0.014     0.007     0.016
    82.080     0.013     0.010     0.015
    82.090     0.011     0.006     0.016
    82.100     0.011     0.004     0.017
    82.110     0.006    -0.006     0.011
    82.120     0.003    -0.020     0.004
    82.130     0.001    -0.029    -0.003
    82.140    -0.002    -0.038    -0.011
    82.150    -0.006    -0.046    -0.015
    82.160    -0.007    -0.047    -0.016
    82.170    -0.007    -0.043    -0.015
    82.180    -0.009    -0.043    -0.013
    82.190    -0.005    -0.035    -0.009
    82.200     0.001    -0.024    -0.004
    82.210     0.005    -0.018    -0.001
    82.220     0.009    -0.011     0.004
    82.230     0.013    -0.004     0.011
    82.240     0.014     0.002     0.016
    82.250     0.013     0.005     0.016
    82.260     0.012     0.007     0.013
    82.270     0.009     0.014     0.006
    82.280     0.008     0.016    -0.002
    82.290     0.006     0.023    -0.008
    82.300     0.004     0.027    -0.012
    82.310     0.000     0.026    -0.014
    82.320    -0.005     0.026    -0.011
    82.330    -0.008     0.023    -0.006
    82.340    -0.011     0.021    -0.002
    82.350    -0.015     0.021     0.002
    82.360    -0.017     0.022     0.006
    82.370    -0.020     0.021     0.010
    82.380    -0.021     0.021     0.013
    82.390    -0.021     0.020     0.014
    82.400    -0.020     0.017     0.013
    82.410    -0.018     0.014     0.011
    82.420    -0.017     0.013     0.009
    82.430    -0.014     0.009     0.009
    82.440    -0.013     0.004     0.011
    82.450    -0.012     0.002     0.015
    82.460    -0.010    -0.004     0.019
    82.470    -0.007    -0.011     0.024
    82.480    -0.005    -0.018     0.024
    82.490    -0.002    -0.023     0.022
    82.500     0.002    -0.025     0.024
    82.510     0.003    -0.029     0.024
    82.520     0.005    -0.030     0.024
    82.530     0.007    -0.029     0.029
    82.540     0.008    -0.030     0.034
    82.550     0.009    -0.032     0.035
    82.560     0.010    -0.034     0.036
    82.570     0.012    -0.035     0.035
    82.580     0.010    -0.039     0.029
    82.590     0.011    -0.043     0.023
    82.600     0.010    -0.045     0.016
    82.610     0.009    -0.049     0.007
    82.620     0.009    -0.050     0.003
    82.630     0.006    -0.051     0.002
    82.640     0.005    -0.047     0.002
    82.650     0.005    -0.044     0.002
    82.660     0.006    -0.040     0.003
    82.670     0.005    -0.035     0.001
    82.680     0.006    -0.029    -0.002
    82.690     0.008    -0.021    -0.003
    82.700     0.007    -0.016    -0.006
    82.710     0.004    -0.011    -0.010
    82.720     0.002    -0.006    -0.013
    82.730    -0.001    -0.003    -0.018
    82.740    -0.005     0.004    -0.021
    82.750    -0.010     0.007    -0.025
    82.760    -0.012     0.013    -0.026
    82.770    -0.016     0.020    -0.026
    82.780    -0.018     0.024    -0.024
    82.790    -0.018     0.029    -0.018
    82.800    -0.019     0.033    -0.016
    82.810    -0.019     0.034    -0.013
    82.820    -0.019     0.033    -0.012
    82.830    -0.017     0.029    -0.013
    82.840    -0.015     0.026    -0.014
    82.850    -0.013     0.020    -0.014
    82.860    -0.011     0.017    -0.014
    82.870    -0.009     0.015    -0.010
    82.880    -0.003     0.013    -0.006
    82.890    -0.002     0.014    -0.001
    82.900     0.002     0.017     0.006
    82.910     0.004     0.021     0.007
    82.920     0.002     0.022     0.006
    82.930     0.001     0.024     0.003
    82.940    -0.002     0.020    -0.001
    82.950    -0.004     0.013    -0.008
    82.960    -0.007     0.005    -0.013
    82.970    -0.009    -0.004    -0.014
    82.980    -0.012    -0.012    -0.017
    82.990    -0.016    -0.021    -0.017
    83.000    -0.004    -0.013    -0.007
    83.010    -0.002    -0.011    -0.001
    83.020    -0.007    -0.019    -0.002
    83.030    -0.003    -0.014     0.004
    83.040    -0.005    -0.015     0.006
    83.050    -0.003    -0.017     0.006
    83.060    -0.005    -0.020     0.003
    83.070    -0.005    -0.026    -0.004
    83.080    -0.003    -0.031    -0.010
    83.090    -0.002    -0.034    -0.017
    83.100     0.003    -0.029    -0.018
    83.110    -0.001    -0.031    -0.020
    83.120    -0.002    -0.029    -0.021
    83.130    -0.003    -0.025    -0.017
    83.140    -0.006    -0.021    -0.019
    83.150    -0.005    -0.015    -0.022
    83.160    -0.008    -0.012    -0.022
    83.170    -0.006    -0.005    -0.023
    83.180    -0.005    -0.002    -0.024
    83.190    -0.005     0.000    -0.022
    83.200     0.003     0.007    -0.016
    83.210     0.003     0.010    -0.011
    83.220     0.005     0.014    -0.006
    83.230     0.008     0.020     0.002
    83.240     0.007     0.024     0.007
    83.250     0.008     0.028     0.011
    83.260     0.006     0.031     0.013
    83.270     0.005     0.033     0.011
    83.280     0.005     0.032     0.009
    83.290     0.005     0.033     0.008
    83.300     0.004     0.033     0.007
    83.310     0.003     0.032     0.006
    83.320     0.002     0.033     0.007
    83.330     0.004     0.031     0.009
    83.340     0.007     0.028     0.012
    83.350     0.007     0.025     0.013
    83.360     0.008     0.023     0.012
    83.370     0.008     0.022     0.011
    83.380     0.007     0.023     0.010
    83.390     0.006     0.026     0.010
    83.400     0.005     0.028     0.011
    83.410     0.001     0.028     0.012
    83.420    -0.001     0.026     0.013
    83.430    -0.001     0.021     0.013
    83.440    -0.001     0.013     0.012
    83.450    -0.001     0.004     0.010
    83.460     0.002    -0.003     0.008
    83.470     0.001    -0.009     0.007
    83.480     0.001    -0.012     0.005
    83.490     0.002    -0.013     0.004
    83.500     0.003    -0.012     0.003
    83.510     0.004    -0.011    -0.001
    83.520     0.004    -0.011    -0.005
    83.530     0.004    -0.007    -0.006
    83.540     0.005    -0.007    -0.006
    83.550     0.006    -0.006    -0.005
    83.560     0.007    -0.003    -0.001
    83.570     0.008    -0.002     0.002
    83.580     0.007    -0.001     0.005
    83.590     0.005     0.000     0.010
    83.600     0.005     0.000     0.012
    83.610     0.003    -0.004     0.013
    83.620     0.002    -0.006     0.016
    83.630     0.003    -0.007     0.016
    83.640     0.000    -0.007     0.016
    83.650     0.001    -0.004     0.013
    83.660    -0.002    -0.001     0.013
    83.670    -0.003     0.001     0.012
    83.680    -0.003    -0.001     0.009
    83.690    -0.003    -0.004     0.007
    83.700    -0.004    -0.008     0.001
    83.710    -0.005    -0.014    -0.004
    83.720    -0.003    -0.017    -0.011
    83.730    -0.001    -0.018    -0.016
    83.740     0.003    -0.016    -0.017
    83.750     0.003    -0.016    -0.019
    83.760     0.004    -0.016    -0.017
    83.770     0.005    -0.019    -0.017
    83.780     0.004    -0.024    -0.015
    83.790     0.005    -0.028    -0.013
    83.800     0.007    -0.033    -0.011
    83.810     0.006    -0.034    -0.008
    83.820     0.005    -0.036    -0.003
    83.830     0.004    -0.038     0.002
    83.840     0.001    -0.037     0.008
    83.850     0.000    -0.037     0.013
    83.860    -0.003    -0.036     0.014
    83.870    -0.003    -0.035     0.016
    83.880    -0.004    -0.032     0.015
    83.890    -0.005    -0.028     0.013
    83.900    -0.003    -0.023     0.013
    83.910    -0.001    -0.019     0.009
    83.920     0.001    -0.018     0.005
    83.930     0.005    -0.016     0.003
    83.940     0.006    -0.015    -0.001
    83.950     0.005    -0.016     0.000
    83.960     0.003    -0.015     0.002
    83.970     0.000    -0.014     0.006
    83.980    -0.002    -0.011     0.013
    83.990    -0.004    -0.007     0.018
    84.000     0.004     0.007     0.029
    84.010     0.010     0.017     0.036
    84.020     0.008     0.022     0.034
    84.030     0.011     0.031     0.037
    84.040     0.010     0.035     0.037
    84.050     0.009     0.036     0.034
    84.060     0.007     0.030     0.031
    84.070     0.003     0.023     0.023
    84.080     0.001     0.016     0.017
    84.090    -0.004     0.009     0.013
    84.100    -0.004     0.002     0.008
    84.110    -0.009    -0.011     0.000
    84.120    -0.011    -0.021    -0.006
    84.130    -0.010    -0.029    -0.012
    84.140    -0.011    -0.034    -0.020
    84.150    -0.008    -0.035    -0.024
    84.160    -0.009    -0.031    -0.027
    84.170    -0.011    -0.027    -0.029
    84.180    -0.013    -0.023    -0.029
    84.190    -0.013    -0.014    -0.025
    84.200    -0.014    -0.009    -0.023
    84.210    -0.013    -0.005    -0.022
    84.220    -0.011     0.002    -0.021
    84.230    -0.010     0.007    -0.018
    84.240    -0.005     0.012    -0.013
    84.250    -0.004     0.014    -0.010
    84.260    -0.003     0.012    -0.010
    84.270    -0.002     0.010    -0.009
    84.280    -0.003     0.003    -0.013
    84.290    -0.003    -0.007    -0.019
    84.300    -0.003    -0.015    -0.025
    84.310    -0.004    -0.024    -0.033
    84.320    -0.005    -0.030    -0.037
    84.330    -0.003    -0.032    -0.038
    84.340    -0.005    -0.036    -0.040
    84.350    -0.005    -0.035    -0.037
    84.360    -0.002    -0.031    -0.034
    84.370     0.000    -0.025    -0.029
    84.380     0.003    -0.015    -0.022
    84.390     0.005    -0.007    -0.017
    84.400     0.006     0.004    -0.010
    84.410     0.010     0.014    -0.002
    84.420     0.011     0.022     0.001
    84.430     0.012     0.029     0.002
    84.440     0.012     0.034     0.000
    84.450     0.011     0.039     0.000
    84.460     0.007     0.039     0.000
    84.470     0.004     0.035    -0.001
    84.480     0.003     0.034    -0.002
    84.490    -0.001     0.032    -0.002
    84.500    -0.003     0.030    -0.004
    84.510    -0.005     0.031    -0.006
    84.520    -0.009     0.031    -0.008
    84.530    -0.009     0.035    -0.011
    84.540    -0.008     0.039    -0.011
    84.550    -0.009     0.040    -0.014
    84.560    -0.008     0.044    -0.017
    84.570    -0.004     0.048    -0.017
    84.580    -0.002     0.051    -0.018
    84.590     0.002     0.055    -0.016
    84.600     0.006     0.060    -0.013
    84.610     0.008     0.059    -0.011
    84.620     0.006     0.052    -0.009
    84.630     0.006     0.043    -0.005
    84.640     0.005     0.032    -0.002
    84.650     0.002     0.021     0.000
    84.660    -0.001     0.011     0.003
    84.670    -0.004     0.004     0.006
    84.680    -0.007    -0.003     0.008
    84.690    -0.009    -0.007     0.013
    84.700    -0.008    -0.010     0.017
    84.710    -0.008    -0.015     0.017
    84.720    -0.008    -0.019     0.020
    84.730    -0.005    -0.020     0.018
    84.740    -0.004    -0.022     0.018
    84.750    -0.003    -0.026     0.017
    84.760    -0.002    -0.030     0.014
    84.770     0.001    -0.034     0.012
    84.780     0.002    -0.036     0.006
    84.790     0.003    -0.038     0.001
    84.800     0.006    -0.037    -0.001
    84.810     0.008    -0.031    -0.003
    84.820     0.009    -0.025    -0.004
    84.830     0.013    -0.014    -0.002
    84.840     0.014    -0.004     0.001
    84.850     0.015     0.002     0.006
    84.860     0.017     0.006     0.011
    84.870     0.018     0.007     0.014
    84.880     0.018     0.006     0.016
    84.890     0.016     0.003     0.016
    84.900     0.017     0.000     0.016
    84.910     0.015    -0.004     0.011
    84.920     0.011    -0.011     0.006
    84.930     0.011    -0.015     0.002
    84.940     0.009    -0.020    -0.002
    84.950     0.008    -0.021    -0.006
    84.960     0.007    -0.021    -0.009
    84.970     0.007    -0.019    -0.010
    84.980     0.006    -0.017    -0.011
    84.990     0.004    -0.016    -0.009
    85.000     0.011    -0.006    -0.001
    85.010     0.012    -0.002     0.002
    85.020     0.012    -0.003     0.006
    85.030     0.017     0.002     0.013
    85.040     0.017     0.004     0.019
    85.050     0.016     0.007     0.025
    85.060     0.012     0.006     0.029
    85.070     0.008     0.004     0.033
    85.080     0.005     0.002     0.033
    85.090     0.001     0.000     0.031
    85.100    -0.003     0.000     0.031
    85.110    -0.011    -0.006     0.025
    85.120    -0.017    -0.008     0.017
    85.130    -0.021    -0.007     0.011
    85.140    -0.027    -0.007     0.004
    85.150    -0.027    -0.004     0.001
    85.160    -0.027    -0.003    -0.001
    85.170    -0.026     0.002     0.001
    85.180    -0.022     0.008     0.004
    85.190    -0.023     0.010     0.007
    85.200    -0.014     0.022     0.019
    85.210    -0.010     0.026     0.024
    85.220    -0.017     0.019     0.019
    85.230    -0.013     0.019     0.018
    85.240    -0.012     0.017     0.014
    85.250    -0.012     0.012     0.007
    85.260    -0.011     0.007     0.001
    85.270    -0.012     0.005    -0.006
    85.280    -0.012     0.002    -0.011
    85.290    -0.012    -0.002    -0.012
    85.300    -0.010    -0.006    -0.017
    85.310    -0.010    -0.012    -0.023
    85.320    -0.011    -0.014    -0.027
    85.330    -0.010    -0.016    -0.031
    85.340    -0.011    -0.017    -0.033
    85.350    -0.011    -0.015    -0.033
    85.360    -0.011    -0.014    -0.032
    85.370    -0.010    -0.013    -0.027
    85.380    -0.005    -0.011    -0.023
    85.390    -0.002    -0.010    -0.021
    85.400     0.005    -0.006    -0.017
    85.410     0.014    -0.001    -0.012
    85.420     0.016    -0.002    -0.011
    85.430     0.020    -0.004    -0.010
    85.440     0.025    -0.002    -0.005
    85.450     0.028    -0.001    -0.003
    85.460     0.025    -0.007    -0.009
    85.470     0.025    -0.010    -0.014
    85.480     0.027    -0.010    -0.021
    85.490     0.026    -0.011    -0.028
    85.500     0.027    -0.010    -0.031
    85.510     0.022    -0.012    -0.034
    85.520     0.020    -0.013    -0.034
    85.530     0.018    -0.011    -0.033
    85.540     0.013    -0.011    -0.032
    85.550     0.013    -0.005    -0.027
    85.560     0.010     0.000    -0.022
    85.570     0.008     0.004    -0.018
    85.580     0.008     0.011    -0.012
    85.590     0.008     0.015    -0.008
    85.600     0.009     0.018    -0.006
    85.610     0.009     0.019    -0.006
    85.620     0.009     0.018    -0.006
    85.630     0.006     0.016    -0.008
    85.640     0.003     0.014    -0.007
    85.650    -0.001     0.012    -0.005
    85.660    -0.004     0.012    -0.002
    85.670    -0.006     0.012     0.003
    85.680    -0.007     0.013     0.008
    85.690    -0.006     0.014     0.012
    85.700    -0.004     0.017     0.016
    85.710    -0.001     0.017     0.016
    85.720     0.000     0.019     0.017
    85.730     0.003     0.021     0.014
    85.740     0.006     0.022     0.008
    85.750     0.006     0.023     0.005
    85.760     0.008     0.021    -0.001
    85.770     0.009     0.021    -0.005
    85.780     0.010     0.018    -0.008
    85.790     0.011     0.014    -0.011
    85.800     0.011     0.012    -0.009
    85.810     0.008     0.008    -0.007
    85.820     0.005     0.004    -0.002
    85.830     0.001     0.000     0.004
    85.840    -0.002    -0.005     0.009
    85.850    -0.003    -0.010     0.013
    85.860    -0.004    -0.014     0.015
    85.870    -0.005    -0.016     0.016
    85.880    -0.007    -0.018     0.015
    85.890    -0.010    -0.020     0.013
    85.900    -0.009    -0.016     0.013
    85.910    -0.008    -0.014     0.012
    85.920    -0.008    -0.014     0.009
    85.930    -0.006    -0.009     0.006
    85.940    -0.004    -0.007     0.004
    85.950    -0.002    -0.005     0.004
    85.960     0.002    -0.004     0.003
    85.970     0.004    -0.004     0.003
    85.980     0.004    -0.004     0.003
    85.990     0.002    -0.006     0.002
    86.000     0.007     0.000     0.006
    86.010     0.004     0.001     0.005
    86.020    -0.005    -0.004     0.002
    86.030    -0.007    -0.003     0.003
    86.040    -0.010    -0.004     0.002
    86.050    -0.011    -0.003     0.006
    86.060    -0.011    -0.004     0.007
    86.070    -0.010    -0.004     0.009
    86.080    -0.009    -0.001     0.013
    86.090    -0.008     0.001     0.016
    86.100    -0.004     0.005     0.022
    86.110    -0.008     0.004     0.023
    86.120    -0.009     0.000     0.023
    86.130    -0.008    -0.002     0.020
    86.140    -0.006    -0.004     0.018
    86.150    -0.003    -0.005     0.015
    86.160    -0.003    -0.004     0.013
    86.170    -0.003    -0.004     0.014
    86.180    -0.006    -0.005     0.009
    86.190    -0.008    -0.004     0.011
    86.200    -0.009    -0.002     0.013
    86.210    -0.013    -0.005     0.007
    86.220    -0.017    -0.006     0.005
    86.230    -0.017    -0.007     0.002
    86.240    -0.015    -0.007    -0.003
    86.250    -0.013    -0.004    -0.006
    86.260    -0.009    -0.001    -0.009
    86.270    -0.004     0.004    -0.010
    86.280    -0.001     0.010    -0.006
    86.290     0.001     0.014    -0.002
    86.300     0.003     0.017     0.001
    86.310     0.000     0.013     0.002
    86.320    -0.001     0.005     0.003
    86.330    -0.001    -0.001     0.003
    86.340    -0.002    -0.011     0.000
    86.350     0.000    -0.021    -0.005
    86.360     0.001    -0.028    -0.008
    86.370     0.002    -0.035    -0.011
    86.380     0.005    -0.038    -0.012
    86.390     0.007    -0.039    -0.011
    86.400     0.010    -0.036    -0.011
    86.410     0.013    -0.031    -0.009
    86.420     0.014    -0.025    -0.008
    86.430     0.015    -0.015    -0.005
    86.440     0.015    -0.009    -0.004
    86.450     0.014    -0.002    -0.004
    86.460     0.013     0.002    -0.004
    86.470     0.012     0.004    -0.006
    86.480     0.010     0.007    -0.010
    86.490     0.011     0.006    -0.012
    86.500     0.013     0.010    -0.013
    86.510     0.010     0.008    -0.016
    86.520     0.009     0.006    -0.017
    86.530     0.008     0.007    -0.015
    86.540     0.005     0.005    -0.018
    86.550     0.004     0.004    -0.019
    86.560     0.002     0.003    -0.018
    86.570     0.002     0.003    -0.019
    86.580     0.003     0.004    -0.016
    86.590     0.004     0.009    -0.012
    86.600     0.004     0.012    -0.007
    86.610     0.002     0.015     0.000
    86.620     0.005     0.021     0.004
    86.630     0.007     0.024     0.009
    86.640     0.008     0.025     0.012
    86.650     0.012     0.028     0.015
    86.660     0.011     0.028     0.016
    86.670     0.012     0.028     0.019
    86.680     0.014     0.026     0.020
    86.690     0.013     0.023     0.019
    86.700     0.015     0.021     0.020
    86.710     0.014     0.020     0.017
    86.720     0.013     0.016     0.014
    86.730     0.012     0.013     0.011
    86.740     0.012     0.011     0.007
    86.750     0.010     0.005     0.007
    86.760     0.006     0.000     0.005
    86.770     0.004    -0.004     0.005
    86.780    -0.001    -0.009     0.005
    86.790    -0.003    -0.012     0.007
    86.800    -0.003    -0.014     0.007
    86.810    -0.006    -0.015     0.005
    86.820    -0.005    -0.016     0.005
    86.830    -0.003    -0.015     0.004
    86.840    -0.004    -0.013     0.004
    86.850    -0.002    -0.012     0.003
    86.860     0.001    -0.009     0.003
    86.870     0.003    -0.005     0.004
    86.880     0.006    -0.004     0.004
    86.890     0.010    -0.003     0.005
    86.900     0.013     0.000     0.005
    86.910     0.017     0.000     0.004
    86.920     0.015    -0.003     0.002
    86.930     0.014    -0.004     0.001
    86.940     0.013    -0.008    -0.003
    86.950     0.011    -0.012    -0.004
    86.960     0.010    -0.013    -0.007
    86.970     0.008    -0.014    -0.010
    86.980     0.006    -0.014    -0.008
    86.990     0.004    -0.014    -0.009
    87.000     0.010    -0.004    -0.002
    87.010     0.013     0.002     0.000
    87.020     0.012     0.002    -0.002
    87.030     0.016     0.008     0.002
    87.040     0.016     0.012     0.002
    87.050     0.019     0.016     0.003
    87.060     0.017     0.015     0.000
    87.070     0.013     0.012    -0.003
    87.080     0.010     0.008    -0.005
    87.090     0.005     0.003    -0.010
    87.100     0.003     0.000    -0.010
    87.110    -0.003    -0.006    -0.014
    87.120    -0.010    -0.012    -0.019
    87.130    -0.014    -0.016    -0.017
    87.140    -0.017    -0.018    -0.018
    87.150    -0.021    -0.019    -0.019
    87.160    -0.022    -0.020    -0.017
    87.170    -0.023    -0.019    -0.016
    87.180    -0.023    -0.020    -0.014
    87.190    -0.020    -0.021    -0.011
    87.200    -0.020    -0.023    -0.012
    87.210    -0.017    -0.025    -0.011
    87.220    -0.013    -0.024    -0.011
    87.230    -0.012    -0.025    -0.013
    87.240    -0.010    -0.020    -0.012
    87.250    -0.009    -0.015    -0.008
    87.260    -0.008    -0.011    -0.003
    87.270    -0.007    -0.008     0.000
    87.280    -0.006    -0.006     0.002
    87.290    -0.005    -0.003     0.004
    87.300    -0.005    -0.002     0.005
    87.310    -0.005    -0.001     0.007
    87.320    -0.006    -0.002     0.010
    87.330    -0.006    -0.001     0.014
    87.340    -0.007     0.002     0.016
    87.350    -0.006     0.002     0.020
    87.360    -0.007     0.006     0.021
    87.370    -0.007     0.010     0.019
    87.380    -0.009     0.016     0.019
    87.390    -0.009     0.022     0.017
    87.400    -0.007     0.028     0.016
    87.410    -0.006     0.032     0.016
    87.420    -0.003     0.032     0.015
    87.430    -0.001     0.033     0.015
    87.440    -0.002     0.030     0.016
    87.450    -0.002     0.027     0.016
    87.460    -0.003     0.024     0.017
    87.470    -0.004     0.018     0.018
    87.480    -0.006     0.013     0.019
    87.490    -0.009     0.007     0.018
    87.500    -0.009     0.003     0.019
    87.510    -0.010    -0.001     0.018
    87.520    -0.011    -0.004     0.015
    87.530    -0.011    -0.003     0.015
    87.540    -0.012    -0.001     0.015
    87.550    -0.010     0.003     0.013
    87.560    -0.008     0.005     0.012
    87.570    -0.005     0.010     0.010
    87.580    -0.003     0.012     0.007
    87.590     0.000     0.013     0.007
    87.600     0.001     0.015     0.006
    87.610     0.001     0.013     0.003
    87.620     0.000     0.011     0.000
    87.630    -0.002     0.008    -0.002
    87.640    -0.003     0.004    -0.005
    87.650    -0.006     0.000    -0.008
    87.660    -0.005    -0.004    -0.012
    87.670    -0.007    -0.005    -0.015
    87.680    -0.008    -0.006    -0.017
    87.690    -0.006    -0.005    -0.019
    87.700    -0.006    -0.004    -0.018
    87.710    -0.004    -0.003    -0.019
    87.720    -0.002    -0.001    -0.018
    87.730     0.001     0.000    -0.016
    87.740     0.004     0.002    -0.016
    87.750     0.006     0.003    -0.017
    87.760     0.008     0.003    -0.018
    87.770     0.009     0.004    -0.018
    87.780     0.010     0.003    -0.020
    87.790     0.011     0.005    -0.023
    87.800     0.011     0.007    -0.023
    87.810     0.011     0.007    -0.024
    87.820     0.010     0.008    -0.024
    87.830     0.011     0.008    -0.023
    87.840     0.012     0.006    -0.022
    87.850     0.010     0.003    -0.021
    87.860     0.009     0.001    -0.021
    87.870     0.008    -0.002    -0.019
    87.880     0.008    -0.005    -0.019
    87.890     0.007    -0.008    -0.019
    87.900     0.009    -0.009    -0.016
    87.910     0.011    -0.011    -0.015
    87.920     0.008    -0.014    -0.016
    87.930     0.009    -0.018    -0.015
    87.940     0.007    -0.022    -0.017
    87.950     0.006    -0.025    -0.017
    87.960     0.007    -0.029    -0.018
    87.970     0.008    -0.029    -0.017
    87.980     0.008    -0.029    -0.016
    87.990     0.007    -0.028    -0.014
    88.000     0.014    -0.017    -0.002
    88.010     0.015    -0.012     0.005
    88.020     0.012    -0.011     0.008
    88.030     0.012    -0.009     0.014
    88.040     0.011    -0.009     0.018
    88.050     0.010    -0.008     0.021
    88.060     0.007    -0.011     0.019
    88.070     0.006    -0.012     0.016
    88.080     0.007    -0.012     0.015
    88.090     0.007    -0.013     0.013
    88.100     0.012    -0.009     0.012
    88.110     0.010    -0.013     0.009
    88.120     0.010    -0.015     0.008
    88.130     0.009    -0.015     0.008
    88.140     0.008    -0.018     0.007
    88.150     0.007    -0.017     0.008
    88.160     0.003    -0.018     0.007
    88.170     0.003    -0.018     0.006
    88.180     0.002    -0.017     0.006
    88.190     0.002    -0.017     0.007
    88.200    -0.002    -0.017     0.007
    88.210    -0.004    -0.017     0.009
    88.220    -0.003    -0.013     0.015
    88.230    -0.006    -0.011     0.017
    88.240    -0.007    -0.005     0.021
    88.250    -0.006     0.002     0.024
    88.260    -0.005     0.005     0.026
    88.270    -0.004     0.007     0.028
    88.280    -0.003     0.009     0.027
    88.290    -0.003     0.007     0.028
    88.300    -0.002     0.007     0.025
    88.310    -0.002     0.006     0.021
    88.320    -0.002     0.003     0.016
    88.330    -0.003     0.002     0.011
    88.340    -0.006    -0.001     0.004
    88.350    -0.004    -0.002    -0.002
    88.360    -0.002    -0.005    -0.006
    88.370     0.000    -0.007    -0.010
    88.380     0.005    -0.005    -0.009
    88.390     0.006    -0.005    -0.008
    88.400     0.010    -0.005    -0.004
    88.410     0.012    -0.006    -0.002
    88.420     0.011    -0.005    -0.001
    88.430     0.010    -0.007    -0.001
    88.440     0.007    -0.006    -0.003
    88.450     0.004    -0.006    -0.004
    88.460     0.001    -0.008    -0.009
    88.470    -0.003    -0.007    -0.011
    88.480    -0.008    -0.011    -0.012
    88.490    -0.011    -0.012    -0.014
    88.500    -0.014    -0.011    -0.015
    88.510    -0.020    -0.014    -0.017
    88.520    -0.024    -0.012    -0.017
    88.530    -0.026    -0.010    -0.017
    88.540    -0.027    -0.007    -0.019
    88.550    -0.027    -0.003    -0.019
    88.560    -0.026     0.001    -0.020
    88.570    -0.025     0.006    -0.020
    88.580    -0.024     0.012    -0.017
    88.590    -0.021     0.019    -0.016
    88.600    -0.017     0.024    -0.013
    88.610    -0.016     0.029    -0.010
    88.620    -0.013     0.033    -0.010
    88.630    -0.010     0.033    -0.008
    88.640    -0.009     0.033    -0.009
    88.650    -0.006     0.032    -0.010
    88.660    -0.005     0.029    -0.010
    88.670    -0.003     0.028    -0.012
    88.680    -0.003     0.023    -0.013
    88.690    -0.001     0.020    -0.015
    88.700     0.001     0.015    -0.014
    88.710     0.002     0.010    -0.013
    88.720     0.004     0.005    -0.012
    88.730     0.006    -0.001    -0.009
    88.740     0.007    -0.002    -0.005
    88.750     0.009    -0.005     0.000
    88.760     0.008    -0.008     0.004
    88.770     0.008    -0.007     0.008
    88.780     0.008    -0.008     0.010
    88.790     0.006    -0.008     0.011
    88.800     0.006    -0.007     0.013
    88.810     0.004    -0.006     0.011
    88.820     0.003    -0.004     0.009
    88.830     0.001    -0.002     0.008
    88.840     0.000     0.002     0.006
    88.850     0.000     0.005     0.005
    88.860     0.000     0.006     0.004
    88.870     0.001     0.008     0.006
    88.880     0.002     0.008     0.009
    88.890     0.003     0.008     0.011
    88.900     0.006     0.009     0.016
    88.910     0.009     0.007     0.020
    88.920     0.010     0.005     0.018
    88.930     0.011     0.004     0.016
    88.940     0.011     0.004     0.013
    88.950     0.010     0.003     0.008
    88.960     0.009     0.001     0.005
    88.970     0.007     0.000     0.004
    88.980     0.003    -0.005     0.000
    88.990     0.001    -0.010    -0.003
    89.000     0.004    -0.009    -0.001
    89.010     0.000    -0.012    -0.005
    89.020    -0.005    -0.021    -0.014
    89.030    -0.005    -0.025    -0.018
    89.040    -0.006    -0.027    -0.020
    89.050    -0.003    -0.027    -0.024
    89.060    -0.003    -0.027    -0.027
    89.070    -0.001    -0.024    -0.027
    89.080     0.004    -0.020    -0.024
    89.090     0.008    -0.014    -0.021
    89.100     0.013    -0.006    -0.014
    89.110     0.012    -0.004    -0.011
    89.120     0.013    -0.001    -0.006
    89.130     0.013     0.003     0.000
    89.140     0.012     0.003     0.003
    89.150     0.011     0.004     0.004
    89.160     0.009     0.005     0.003
    89.170     0.010     0.006     0.002
    89.180     0.006     0.006     0.000
    89.190     0.005     0.006    -0.001
    89.200     0.005     0.007     0.001
    89.210     0.002     0.006     0.001
    89.220    -0.001     0.004     0.002
    89.230    -0.002     0.001     0.004
    89.240    -0.003     0.000     0.007
    89.250    -0.007    -0.004     0.010
    89.260    -0.010    -0.005     0.012
    89.270    -0.010    -0.004     0.015
    89.280    -0.010    -0.003     0.018
    89.290    -0.011     0.001     0.021
    89.300    -0.010     0.002     0.025
    89.310    -0.009     0.003     0.024
    89.320    -0.009     0.004     0.025
    89.330    -0.007     0.005     0.027
    89.340    -0.006     0.009     0.025
    89.350    -0.004     0.010     0.025
    89.360    -0.003     0.011     0.024
    89.370    -0.004     0.011     0.020
    89.380    -0.003     0.012     0.016
    89.390    -0.003     0.009     0.012
    89.400    -0.005     0.006     0.007
    89.410    -0.005     0.005     0.004
    89.420    -0.006     0.003     0.000
    89.430    -0.006     0.002    -0.001
    89.440    -0.004     0.003    -0.001
    89.450    -0.004     0.005    -0.001
    89.460    -0.002     0.005    -0.001
    89.470     0.002     0.007     0.001
    89.480     0.005     0.007     0.001
    89.490     0.009     0.008     0.003
    89.500     0.011     0.010     0.006
    89.510     0.012     0.007     0.007
    89.520     0.012     0.008     0.008
    89.530     0.011     0.009     0.009
    89.540     0.012     0.009     0.008
    89.550     0.011     0.009     0.008
    89.560     0.011     0.007     0.007
    89.570     0.012     0.005     0.006
    89.580     0.010     0.003     0.005
    89.590     0.009     0.003     0.004
    89.600     0.008     0.004     0.003
    89.610     0.006     0.005     0.001
    89.620     0.006     0.008     0.000
    89.630     0.004     0.008    -0.001
    89.640     0.003     0.009    -0.001
    89.650     0.001     0.008    -0.001
    89.660    -0.002     0.007    -0.001
    89.670    -0.002     0.006     0.000
    89.680    -0.005     0.004     0.000
    89.690    -0.006     0.004    -0.001
    89.700    -0.008     0.001    -0.001
    89.710    -0.011    -0.002    -0.004
    89.720    -0.014    -0.005    -0.007
    89.730    -0.016    -0.009    -0.010
    89.740    -0.015    -0.014    -0.014
    89.750    -0.015    -0.018    -0.017
    89.760    -0.016    -0.022    -0.021
    89.770    -0.015    -0.022    -0.023
    89.780    -0.016    -0.020    -0.022
    89.790    -0.015    -0.019    -0.022
    89.800    -0.013    -0.013    -0.020
    89.810    -0.013    -0.010    -0.019
    89.820    -0.012    -0.010    -0.018
    89.830    -0.010    -0.007    -0.015
    89.840    -0.008    -0.009    -0.012
    89.850    -0.008    -0.011    -0.010
    89.860    -0.008    -0.014    -0.010
    89.870    -0.008    -0.018    -0.010
    89.880    -0.009    -0.020    -0.012
    89.890    -0.009    -0.022    -0.014
    89.900    -0.007    -0.020    -0.015
    89.910    -0.007    -0.016    -0.015
    89.920    -0.008    -0.013    -0.016
    89.930    -0.007    -0.007    -0.013
    89.940    -0.008    -0.002    -0.008
    89.950    -0.007     0.003    -0.007
    89.960    -0.006     0.003    -0.005
    89.970    -0.007     0.003    -0.004
    89.980    -0.008     0.001    -0.005
    89.990    -0.010    -0.004    -0.008
