#Earthquake Information
#Origin Time(GMT+08): 2026/09/14-06:44:41
#EpicenterLongitude(E): 121.55
#EpicenterLatitude(N): 22.63
#Depth(km): 10.1
#Magnitude(Ml): 4.9

#Station Information
#StationCode: D009
#StationName: Luzhu
#StationLongitude(E): 120.264
#StationLatitude(N): 22.868
#InstrumentKind: FBA
#StartTime(GMT+08): 2026/09/14-06:44:30.000
#RecordLength(sec): 90
#SampleRate(Hz): 100
#AmplitudeUnit:  gal. DCoffset(corr)
#AmplitudeMAX. U:    0.298~   -0.314
#AmplitudeMAX. N:    0.681~   -0.878
#AmplitudeMAX. E:    0.616~   -0.584
#DataSequence: Time U(+); N(+); E(+)
#Data: 4F10.3 
     0.000    -0.011    -0.046    -0.065
     0.010    -0.007    -0.078    -0.059
     0.020     0.011    -0.024    -0.017
     0.030     0.024     0.005    -0.014
     0.040     0.001     0.003    -0.016
     0.050    -0.017     0.051     0.017
     0.060    -0.020     0.093     0.024
     0.070    -0.033     0.027     0.005
     0.080    -0.026    -0.087    -0.012
     0.090     0.014    -0.095    -0.032
     0.100     0.039    -0.020    -0.032
     0.110     0.030     0.001     0.009
     0.120     0.013     0.009     0.066
     0.130     0.004     0.045     0.078
     0.140    -0.010     0.019     0.057
     0.150    -0.024    -0.038     0.066
     0.160    -0.017    -0.036     0.050
     0.170    -0.001    -0.009    -0.029
     0.180     0.007    -0.009    -0.062
     0.190     0.019     0.013    -0.023
     0.200     0.031     0.065    -0.021
     0.210     0.025     0.019    -0.046
     0.220    -0.001    -0.085    -0.021
     0.230    -0.019    -0.056     0.012
     0.240    -0.018     0.041     0.008
     0.250    -0.010     0.055    -0.009
     0.260    -0.005     0.018    -0.011
     0.270     0.010    -0.002     0.008
     0.280     0.029    -0.017     0.016
     0.290     0.026    -0.041    -0.004
     0.300     0.000    -0.022    -0.026
     0.310    -0.019     0.038    -0.037
     0.320    -0.018     0.035    -0.022
     0.330    -0.007    -0.018     0.008
     0.340    -0.004    -0.012     0.035
     0.350    -0.011     0.040     0.048
     0.360    -0.024     0.044     0.039
     0.370    -0.036     0.003     0.013
     0.380    -0.031    -0.026    -0.029
     0.390    -0.012    -0.036    -0.047
     0.400     0.016    -0.033    -0.029
     0.410     0.042    -0.017    -0.021
     0.420     0.045     0.000    -0.011
     0.430     0.025     0.021     0.016
     0.440     0.006     0.030     0.020
     0.450    -0.007     0.016     0.012
     0.460    -0.017    -0.006     0.033
     0.470    -0.006    -0.020     0.044
     0.480     0.014    -0.016     0.003
     0.490     0.000     0.001    -0.029
     0.500    -0.029     0.005    -0.013
     0.510    -0.023    -0.006    -0.029
     0.520     0.003    -0.013    -0.070
     0.530     0.017    -0.002    -0.029
     0.540     0.026     0.030     0.038
     0.550     0.024     0.026     0.020
     0.560    -0.009    -0.006    -0.008
     0.570    -0.047     0.008     0.018
     0.580    -0.038     0.018    -0.002
     0.590    -0.004    -0.046    -0.054
     0.600     0.006    -0.090    -0.009
     0.610     0.008    -0.026     0.060
     0.620     0.019     0.052     0.023
     0.630     0.007     0.050    -0.013
     0.640    -0.007     0.023     0.035
     0.650     0.016     0.013     0.045
     0.660     0.042    -0.004    -0.001
     0.670     0.027    -0.031     0.003
     0.680    -0.003    -0.046     0.028
     0.690    -0.008    -0.029     0.013
     0.700    -0.002     0.008    -0.006
     0.710    -0.003     0.045    -0.013
     0.720    -0.002     0.055    -0.022
     0.730    -0.010     0.003    -0.040
     0.740    -0.033    -0.056    -0.051
     0.750    -0.024    -0.039    -0.037
     0.760     0.022     0.010    -0.019
     0.770     0.032     0.024    -0.004
     0.780    -0.008     0.022     0.011
     0.790    -0.040     0.021     0.020
     0.800    -0.036     0.000     0.027
     0.810    -0.013    -0.035     0.018
     0.820     0.000    -0.042    -0.012
     0.830     0.000    -0.033    -0.020
     0.840    -0.014    -0.030     0.010
     0.850    -0.017     0.021     0.027
     0.860     0.005     0.079     0.014
     0.870     0.016     0.058     0.017
     0.880     0.004     0.027     0.050
     0.890     0.005     0.012     0.054
     0.900     0.007    -0.051     0.005
     0.910    -0.010    -0.089    -0.029
     0.920    -0.010    -0.036    -0.028
     0.930     0.023     0.042    -0.038
     0.940     0.055     0.069    -0.043
     0.950     0.049     0.018    -0.019
     0.960     0.001    -0.042     0.007
     0.970    -0.036    -0.023     0.021
     0.980    -0.043     0.028     0.022
     0.990    -0.033     0.026     0.018
     1.000     0.004    -0.014     0.010
     1.010     0.046    -0.040    -0.006
     1.020     0.047    -0.047    -0.024
     1.030     0.016    -0.038    -0.033
     1.040    -0.017     0.023    -0.030
     1.050    -0.031     0.076    -0.011
     1.060    -0.033     0.028     0.029
     1.070    -0.022    -0.021     0.039
     1.080    -0.003     0.016     0.006
     1.090     0.002     0.031    -0.010
     1.100     0.001    -0.027    -0.019
     1.110     0.009    -0.067    -0.029
     1.120     0.005    -0.026    -0.006
     1.130    -0.007     0.027     0.014
     1.140    -0.001     0.008     0.001
     1.150     0.015    -0.020    -0.003
     1.160     0.025     0.005     0.014
     1.170     0.025     0.017     0.009
     1.180     0.009     0.001    -0.006
     1.190    -0.005    -0.008     0.003
     1.200     0.001    -0.023     0.020
     1.210     0.009    -0.042     0.042
     1.220    -0.014    -0.022     0.063
     1.230    -0.048     0.023     0.049
     1.240    -0.043     0.025    -0.001
     1.250    -0.014     0.007    -0.052
     1.260     0.006     0.022    -0.064
     1.270     0.032     0.038    -0.042
     1.280     0.054     0.020    -0.003
     1.290     0.046    -0.022     0.033
     1.300     0.009    -0.030     0.038
     1.310    -0.040     0.014     0.021
     1.320    -0.066     0.019    -0.010
     1.330    -0.052    -0.022    -0.027
     1.340    -0.021    -0.006     0.002
     1.350     0.014     0.032     0.012
     1.360     0.037     0.006    -0.016
     1.370     0.037     0.000    -0.011
     1.380     0.031     0.048     0.022
     1.390     0.028     0.031     0.040
     1.400     0.014    -0.029     0.026
     1.410    -0.010    -0.038     0.003
     1.420    -0.016    -0.027    -0.001
     1.430     0.000    -0.026    -0.008
     1.440    -0.011    -0.002    -0.028
     1.450    -0.042     0.027    -0.031
     1.460    -0.028     0.005    -0.029
     1.470     0.011    -0.039    -0.040
     1.480     0.029    -0.033    -0.046
     1.490     0.043    -0.005    -0.033
     1.500     0.033     0.012    -0.017
     1.510    -0.008     0.034    -0.001
     1.520    -0.019     0.034     0.021
     1.530    -0.005    -0.010     0.043
     1.540    -0.008    -0.050     0.037
     1.550    -0.017    -0.045     0.008
     1.560    -0.015    -0.014     0.005
     1.570    -0.003    -0.010     0.036
     1.580     0.015    -0.001     0.048
     1.590     0.026     0.050     0.031
     1.600     0.017     0.063     0.043
     1.610    -0.008     0.029     0.066
     1.620    -0.027     0.009     0.034
     1.630    -0.026    -0.013    -0.019
     1.640    -0.022    -0.028    -0.037
     1.650    -0.019    -0.018    -0.028
     1.660    -0.004     0.018    -0.016
     1.670     0.022     0.068    -0.011
     1.680     0.038     0.029    -0.036
     1.690     0.017    -0.066    -0.061
     1.700    -0.018    -0.054    -0.037
     1.710    -0.025     0.014    -0.015
     1.720    -0.020     0.041    -0.022
     1.730    -0.008     0.045     0.000
     1.740     0.024     0.008     0.036
     1.750     0.045    -0.060     0.017
     1.760     0.039    -0.078    -0.018
     1.770     0.027    -0.024    -0.008
     1.780    -0.002     0.035     0.013
     1.790    -0.036     0.038     0.015
     1.800    -0.034    -0.004     0.024
     1.810    -0.010    -0.033     0.055
     1.820     0.004    -0.005     0.052
     1.830     0.017     0.049    -0.012
     1.840     0.021     0.055    -0.056
     1.850     0.006     0.007    -0.047
     1.860    -0.010    -0.030    -0.023
     1.870    -0.024    -0.034     0.009
     1.880    -0.042    -0.027     0.019
     1.890    -0.036    -0.003     0.002
     1.900    -0.005     0.030    -0.011
     1.910     0.006     0.035    -0.012
     1.920     0.002     0.002     0.007
     1.930     0.024    -0.021     0.023
     1.940     0.054    -0.016     0.016
     1.950     0.043    -0.022     0.016
     1.960    -0.003    -0.035     0.036
     1.970    -0.050    -0.021     0.041
     1.980    -0.057    -0.007     0.003
     1.990    -0.025     0.003    -0.049
     2.000     0.007     0.028    -0.049
     2.010     0.032     0.044    -0.029
     2.020     0.057     0.016    -0.033
     2.030     0.052    -0.026    -0.011
     2.040     0.019    -0.017     0.013
     2.050    -0.008     0.027    -0.032
     2.060    -0.028     0.031    -0.064
     2.070    -0.040     0.000    -0.008
     2.080    -0.024    -0.024     0.046
     2.090     0.002    -0.034     0.027
     2.100     0.002     0.003     0.014
     2.110    -0.007     0.066     0.053
     2.120     0.014     0.058     0.066
     2.130     0.027    -0.010     0.025
     2.140     0.009    -0.041    -0.006
     2.150    -0.004    -0.039    -0.005
     2.160    -0.006    -0.051     0.014
     2.170    -0.021    -0.050     0.041
     2.180    -0.041     0.016     0.041
     2.190    -0.042     0.087    -0.004
     2.200    -0.024     0.052    -0.056
     2.210    -0.008    -0.034    -0.081
     2.220     0.004    -0.047    -0.053
     2.230     0.025    -0.016    -0.026
     2.240     0.031    -0.013    -0.053
     2.250     0.006    -0.001    -0.034
     2.260    -0.014     0.034     0.035
     2.270    -0.007     0.029     0.036
     2.280     0.013    -0.013    -0.002
     2.290     0.014    -0.040     0.001
     2.300    -0.006    -0.041     0.023
     2.310    -0.017    -0.020     0.023
     2.320    -0.006     0.021     0.011
     2.330     0.019     0.052     0.026
     2.340     0.052     0.039     0.040
     2.350     0.052     0.012     0.015
     2.360     0.002     0.015     0.009
     2.370    -0.039     0.004     0.022
     2.380    -0.042    -0.033    -0.010
     2.390    -0.023    -0.032    -0.050
     2.400    -0.002     0.000    -0.045
     2.410     0.010    -0.011    -0.041
     2.420     0.017    -0.061    -0.050
     2.430     0.008    -0.041    -0.036
     2.440    -0.021     0.036    -0.002
     2.450    -0.030     0.044     0.021
     2.460    -0.003     0.011     0.013
     2.470     0.018     0.022     0.005
     2.480     0.006     0.015     0.000
     2.490    -0.017    -0.035    -0.005
     2.500    -0.021    -0.019    -0.004
     2.510    -0.007     0.045    -0.017
     2.520     0.004     0.040    -0.011
     2.530     0.014    -0.013     0.010
     2.540     0.030    -0.034     0.026
     2.550     0.042    -0.011     0.058
     2.560     0.032     0.021     0.049
     2.570    -0.005     0.028    -0.016
     2.580    -0.045     0.014    -0.045
     2.590    -0.055    -0.008    -0.037
     2.600    -0.035    -0.024    -0.046
     2.610    -0.005    -0.030    -0.039
     2.620     0.017    -0.027     0.014
     2.630     0.012    -0.001     0.063
     2.640    -0.005     0.034     0.028
     2.650    -0.009     0.028    -0.036
     2.660     0.009     0.008    -0.023
     2.670     0.041    -0.003     0.016
     2.680     0.055    -0.030     0.024
     2.690     0.026    -0.036     0.007
     2.700    -0.043     0.010     0.006
     2.710    -0.088     0.053     0.019
     2.720    -0.075     0.028    -0.007
     2.730    -0.026    -0.031    -0.047
     2.740     0.040    -0.021    -0.021
     2.750     0.086     0.007     0.027
     2.760     0.074    -0.024     0.011
     2.770     0.015    -0.024     0.004
     2.780    -0.040     0.025     0.001
     2.790    -0.075     0.027    -0.045
     2.800    -0.076    -0.014    -0.039
     2.810    -0.014    -0.039     0.009
     2.820     0.062    -0.028     0.014
     2.830     0.094    -0.010    -0.003
     2.840     0.064     0.010     0.033
     2.850     0.003     0.045     0.098
     2.860    -0.028     0.040     0.078
     2.870    -0.029    -0.007    -0.001
     2.880    -0.004    -0.028    -0.049
     2.890     0.024    -0.019    -0.052
     2.900     0.016     0.013    -0.026
     2.910    -0.011     0.039    -0.019
     2.920    -0.031     0.033    -0.014
     2.930    -0.039     0.025    -0.001
     2.940    -0.034    -0.004    -0.025
     2.950    -0.008    -0.054    -0.045
     2.960     0.030    -0.054    -0.036
     2.970     0.033    -0.025    -0.034
     2.980     0.002     0.006    -0.024
     2.990    -0.019     0.051     0.008
     3.000    -0.029     0.061     0.027
     3.010    -0.031    -0.002     0.013
     3.020    -0.012    -0.072    -0.001
     3.030     0.029    -0.037    -0.005
     3.040     0.059     0.011     0.002
     3.050     0.037    -0.024     0.035
     3.060     0.005     0.013     0.056
     3.070     0.014     0.078     0.046
     3.080     0.015     0.033     0.037
     3.090    -0.015    -0.006     0.035
     3.100    -0.028     0.003     0.019
     3.110    -0.015    -0.017    -0.036
     3.120    -0.014    -0.040    -0.059
     3.130    -0.013    -0.005    -0.023
     3.140     0.006     0.037    -0.007
     3.150     0.008     0.017    -0.013
     3.160    -0.006    -0.004    -0.013
     3.170    -0.018    -0.001    -0.004
     3.180    -0.021     0.006     0.006
     3.190    -0.014     0.009    -0.002
     3.200    -0.006    -0.017    -0.001
     3.210    -0.005    -0.026    -0.007
     3.220    -0.006    -0.009    -0.005
     3.230     0.004    -0.016     0.017
     3.240     0.018    -0.034     0.002
     3.250     0.017    -0.005    -0.024
     3.260     0.014     0.039    -0.022
     3.270     0.014     0.011     0.019
     3.280     0.020    -0.019     0.043
     3.290     0.027     0.022     0.000
     3.300     0.017     0.034    -0.033
     3.310    -0.011    -0.003    -0.028
     3.320    -0.035    -0.018    -0.007
     3.330    -0.018    -0.002     0.000
     3.340     0.021     0.005    -0.015
     3.350     0.030    -0.011    -0.007
     3.360     0.005    -0.006     0.034
     3.370    -0.022     0.025     0.041
     3.380    -0.027     0.036    -0.011
     3.390    -0.007    -0.005    -0.028
     3.400     0.033    -0.054    -0.008
     3.410     0.057    -0.025    -0.007
     3.420     0.036     0.013     0.010
     3.430    -0.022    -0.006     0.023
     3.440    -0.082    -0.006     0.015
     3.450    -0.093     0.012     0.007
     3.460    -0.054    -0.019    -0.008
     3.470     0.003    -0.029    -0.025
     3.480     0.056     0.014    -0.013
     3.490     0.069    -0.010     0.006
     3.500     0.028    -0.049    -0.014
     3.510    -0.029     0.031    -0.011
     3.520    -0.053     0.089     0.003
     3.530    -0.045     0.019    -0.031
     3.540    -0.011    -0.040    -0.036
     3.550     0.039    -0.013     0.014
     3.560     0.058     0.005     0.021
     3.570     0.028    -0.022     0.000
     3.580    -0.015    -0.005     0.052
     3.590    -0.028     0.029     0.087
     3.600    -0.022     0.009     0.018
     3.610    -0.013    -0.023    -0.037
     3.620     0.013    -0.037    -0.038
     3.630     0.040    -0.023    -0.014
     3.640     0.031     0.003     0.018
     3.650    -0.009     0.024     0.011
     3.660    -0.045     0.052    -0.002
     3.670    -0.054     0.043     0.001
     3.680    -0.039    -0.018    -0.017
     3.690     0.004    -0.054    -0.042
     3.700     0.046    -0.031    -0.047
     3.710     0.042     0.016    -0.030
     3.720     0.016     0.047     0.005
     3.730     0.006     0.041     0.041
     3.740     0.001    -0.004     0.042
     3.750    -0.009    -0.044     0.007
     3.760    -0.006    -0.034    -0.007
     3.770     0.009     0.004     0.021
     3.780     0.008     0.016     0.043
     3.790     0.006     0.005     0.033
     3.800     0.028     0.017     0.020
     3.810     0.032     0.041     0.023
     3.820     0.000     0.022     0.031
     3.830    -0.031    -0.018     0.005
     3.840    -0.039    -0.013    -0.042
     3.850    -0.037     0.001    -0.045
     3.860    -0.035    -0.047    -0.016
     3.870    -0.025    -0.066    -0.006
     3.880    -0.001     0.008    -0.025
     3.890     0.012     0.035    -0.043
     3.900     0.004    -0.023    -0.024
     3.910    -0.006    -0.038     0.007
     3.920    -0.013    -0.007     0.008
     3.930    -0.020    -0.002    -0.021
     3.940    -0.020     0.008    -0.030
     3.950    -0.007     0.014     0.011
     3.960     0.010    -0.044     0.035
     3.970     0.019    -0.060     0.009
     3.980     0.022     0.042     0.002
     3.990     0.037     0.099     0.038
     4.000     0.055     0.017     0.039
     4.010     0.041    -0.045     0.017
     4.020     0.002     0.006     0.039
     4.030    -0.022     0.042     0.032
     4.040    -0.030    -0.003    -0.014
     4.050    -0.032    -0.026    -0.023
     4.060    -0.029     0.021    -0.015
     4.070    -0.020     0.047    -0.001
     4.080    -0.008    -0.003     0.037
     4.090     0.008    -0.019     0.053
     4.100     0.028     0.032     0.014
     4.110     0.031     0.006    -0.033
     4.120     0.015    -0.068    -0.038
     4.130     0.017    -0.045    -0.031
     4.140     0.034     0.006    -0.041
     4.150     0.023    -0.012    -0.035
     4.160    -0.014    -0.021    -0.009
     4.170    -0.045     0.024     0.021
     4.180    -0.065     0.024     0.027
     4.190    -0.069    -0.034    -0.016
     4.200    -0.033    -0.034    -0.036
     4.210     0.030     0.008    -0.011
     4.220     0.055    -0.005    -0.013
     4.230     0.023    -0.013     0.007
     4.240    -0.014     0.020     0.050
     4.250    -0.039     0.005     0.019
     4.260    -0.052    -0.045    -0.029
     4.270    -0.024    -0.013    -0.013
     4.280     0.030     0.062     0.013
     4.290     0.060     0.020     0.024
     4.300     0.048    -0.050     0.058
     4.310     0.018     0.001     0.092
     4.320    -0.006     0.028     0.064
     4.330    -0.023    -0.035     0.008
     4.340    -0.019    -0.038    -0.026
     4.350     0.011     0.007    -0.048
     4.360     0.037    -0.002    -0.029
     4.370     0.047    -0.018     0.015
     4.380     0.046     0.020    -0.002
     4.390     0.016     0.047    -0.032
     4.400    -0.036     0.029     0.004
     4.410    -0.053     0.003     0.016
     4.420    -0.031    -0.027    -0.034
     4.430    -0.017    -0.035    -0.043
     4.440    -0.009     0.001    -0.009
     4.450     0.002     0.041     0.003
     4.460     0.002     0.057    -0.002
     4.470    -0.002     0.020    -0.005
     4.480     0.003    -0.061     0.002
     4.490     0.008    -0.066     0.001
     4.500    -0.001     0.003     0.015
     4.510    -0.025    -0.005     0.052
     4.520    -0.030    -0.043     0.038
     4.530     0.002     0.014    -0.010
     4.540     0.038     0.046    -0.016
     4.550     0.042    -0.019    -0.012
     4.560     0.028    -0.016    -0.021
     4.570     0.006     0.042    -0.009
     4.580    -0.024    -0.004     0.022
     4.590    -0.039    -0.066     0.052
     4.600    -0.028    -0.007     0.047
     4.610    -0.020     0.060    -0.008
     4.620    -0.028     0.045    -0.033
     4.630    -0.015    -0.006    -0.027
     4.640     0.017    -0.043    -0.047
     4.650     0.022    -0.004    -0.054
     4.660     0.006     0.075    -0.027
     4.670     0.015     0.057    -0.001
     4.680     0.038    -0.029     0.018
     4.690     0.023    -0.058     0.032
     4.700    -0.018    -0.037     0.009
     4.710    -0.024     0.001    -0.023
     4.720     0.006     0.020     0.006
     4.730     0.022    -0.031     0.019
     4.740     0.018    -0.041    -0.002
     4.750     0.031     0.027     0.024
     4.760     0.036    -0.002     0.036
     4.770     0.006    -0.073    -0.012
     4.780    -0.025     0.006    -0.034
     4.790    -0.036     0.086    -0.020
     4.800    -0.036     0.007    -0.002
     4.810    -0.024    -0.036     0.049
     4.820     0.010     0.028     0.063
     4.830     0.031     0.001    -0.004
     4.840     0.021    -0.056    -0.043
     4.850     0.019     0.018    -0.028
     4.860     0.031     0.058    -0.025
     4.870     0.034    -0.029    -0.038
     4.880     0.024    -0.044    -0.021
     4.890     0.008     0.022     0.025
     4.900    -0.029     0.008     0.043
     4.910    -0.077    -0.024     0.030
     4.920    -0.083    -0.004     0.018
     4.930    -0.046     0.001    -0.011
     4.940    -0.012     0.002    -0.050
     4.950     0.017     0.027    -0.029
     4.960     0.039     0.022     0.013
     4.970     0.021    -0.016     0.000
     4.980    -0.027    -0.036    -0.019
     4.990    -0.048    -0.002    -0.011
     5.000    -0.026     0.041    -0.004
     5.010     0.007     0.008    -0.003
     5.020     0.030    -0.028     0.015
     5.030     0.040     0.022     0.057
     5.040     0.029     0.018     0.053
     5.050     0.010    -0.048    -0.004
     5.060     0.008     0.011    -0.015
     5.070     0.022     0.089     0.006
     5.080     0.034     0.004    -0.008
     5.090     0.042    -0.081    -0.013
     5.100     0.044    -0.015     0.000
     5.110     0.026     0.065    -0.004
     5.120    -0.019     0.060    -0.005
     5.130    -0.053     0.024    -0.013
     5.140    -0.052    -0.014    -0.037
     5.150    -0.028    -0.036    -0.048
     5.160     0.003    -0.006    -0.039
     5.170     0.029     0.029    -0.022
     5.180     0.031     0.020    -0.016
     5.190     0.010    -0.008    -0.010
     5.200    -0.006    -0.039     0.035
     5.210    -0.003    -0.051     0.063
     5.220     0.000    -0.016     0.032
     5.230    -0.013    -0.009     0.023
     5.240    -0.021    -0.051     0.034
     5.250    -0.007    -0.033     0.017
     5.260     0.003     0.025    -0.005
     5.270     0.003     0.017    -0.027
     5.280     0.004     0.029    -0.025
     5.290    -0.004     0.087     0.000
     5.300    -0.019     0.042    -0.003
     5.310    -0.021    -0.039     0.004
     5.320    -0.019    -0.028     0.014
     5.330    -0.035    -0.009    -0.011
     5.340    -0.050    -0.003    -0.016
     5.350    -0.031     0.024    -0.005
     5.360    -0.004     0.007    -0.036
     5.370     0.012    -0.010    -0.056
     5.380     0.029     0.028    -0.019
     5.390     0.043     0.040     0.013
     5.400     0.044    -0.003     0.011
     5.410     0.027    -0.024     0.001
     5.420     0.002    -0.016     0.003
     5.430    -0.014    -0.036     0.013
     5.440    -0.014    -0.065    -0.005
     5.450    -0.002    -0.022    -0.022
     5.460     0.018     0.063     0.037
     5.470     0.042     0.048     0.070
     5.480     0.048    -0.062     0.018
     5.490     0.030    -0.072    -0.005
     5.500     0.006     0.038     0.010
     5.510    -0.025     0.067    -0.002
     5.520    -0.046     0.005    -0.018
     5.530    -0.042     0.024     0.020
     5.540    -0.036     0.044     0.057
     5.550    -0.047    -0.057     0.010
     5.560    -0.053    -0.072    -0.037
     5.570    -0.025     0.043    -0.034
     5.580     0.018     0.041    -0.057
     5.590     0.055    -0.017    -0.069
     5.600     0.073     0.024    -0.005
     5.610     0.050     0.038     0.030
     5.620     0.000    -0.002     0.002
     5.630    -0.046    -0.007    -0.003
     5.640    -0.069    -0.024     0.000
     5.650    -0.050    -0.039    -0.030
     5.660    -0.002     0.009    -0.055
     5.670     0.036     0.043    -0.025
     5.680     0.059     0.024     0.033
     5.690     0.066    -0.019     0.014
     5.700     0.028    -0.057    -0.025
     5.710    -0.035    -0.036     0.031
     5.720    -0.057     0.003     0.042
     5.730    -0.035    -0.002    -0.034
     5.740    -0.007     0.009    -0.006
     5.750     0.021     0.014     0.052
     5.760     0.037    -0.038     0.017
     5.770     0.016    -0.029     0.009
     5.780    -0.029     0.048     0.057
     5.790    -0.046     0.038     0.048
     5.800    -0.017    -0.022    -0.016
     5.810     0.014    -0.008    -0.040
     5.820     0.021     0.016    -0.016
     5.830     0.019    -0.004     0.000
     5.840     0.014     0.000    -0.017
     5.850    -0.006     0.026    -0.034
     5.860    -0.036     0.037    -0.023
     5.870    -0.040     0.029    -0.020
     5.880    -0.013    -0.012    -0.017
     5.890     0.005    -0.035    -0.002
     5.900     0.013     0.000    -0.023
     5.910     0.029     0.015    -0.034
     5.920     0.034     0.002     0.015
     5.930     0.023     0.013     0.032
     5.940     0.018     0.014    -0.007
     5.950     0.004    -0.003     0.020
     5.960    -0.025    -0.021     0.096
     5.970    -0.037    -0.060     0.089
     5.980    -0.035    -0.074     0.029
     5.990    -0.032    -0.011     0.000
     6.000    -0.021     0.033    -0.021
     6.010     0.005     0.026    -0.038
     6.020     0.030     0.044    -0.025
     6.030     0.033     0.049    -0.026
     6.040     0.010    -0.004    -0.034
     6.050    -0.019    -0.032     0.006
     6.060    -0.028    -0.029     0.030
     6.070    -0.025    -0.042    -0.008
     6.080    -0.018     0.001    -0.039
     6.090     0.001     0.077    -0.038
     6.100     0.014     0.045    -0.020
     6.110     0.020    -0.037    -0.006
     6.120     0.027    -0.035    -0.011
     6.130     0.015     0.009     0.008
     6.140    -0.010    -0.001     0.029
     6.150    -0.017    -0.039     0.008
     6.160    -0.009    -0.029    -0.003
     6.170    -0.006    -0.002     0.022
     6.180     0.001    -0.023     0.033
     6.190     0.024    -0.031     0.010
     6.200     0.044     0.018    -0.013
     6.210     0.045     0.040    -0.018
     6.220     0.031    -0.004    -0.018
     6.230     0.008    -0.004    -0.007
     6.240    -0.021     0.072    -0.001
     6.250    -0.051     0.054     0.003
     6.260    -0.061    -0.058     0.021
     6.270    -0.046    -0.055     0.022
     6.280    -0.036     0.033    -0.002
     6.290    -0.024     0.024    -0.023
     6.300     0.014    -0.027    -0.040
     6.310     0.047     0.004    -0.057
     6.320     0.044     0.044    -0.047
     6.330     0.026     0.016    -0.004
     6.340     0.020    -0.023     0.032
     6.350     0.002    -0.047     0.045
     6.360    -0.037    -0.037     0.014
     6.370    -0.048     0.012    -0.030
     6.380    -0.019     0.010    -0.008
     6.390     0.017    -0.021     0.011
     6.400     0.043     0.011    -0.022
     6.410     0.050     0.043    -0.018
     6.420     0.031     0.000     0.025
     6.430     0.001    -0.053     0.044
     6.440    -0.014    -0.041     0.036
     6.450    -0.007     0.013     0.028
     6.460     0.004     0.025     0.024
     6.470    -0.005    -0.022     0.010
     6.480    -0.028    -0.034     0.002
     6.490    -0.035     0.009     0.008
     6.500    -0.026     0.006     0.003
     6.510    -0.015    -0.011    -0.019
     6.520     0.008     0.037    -0.028
     6.530     0.033     0.031    -0.016
     6.540     0.041    -0.033    -0.018
     6.550     0.037    -0.005    -0.027
     6.560     0.018     0.051    -0.016
     6.570    -0.016     0.017    -0.018
     6.580    -0.036    -0.003    -0.033
     6.590    -0.029     0.049    -0.025
     6.600    -0.014     0.034    -0.018
     6.610    -0.019    -0.045    -0.007
     6.620    -0.017    -0.033     0.022
     6.630     0.006     0.013     0.025
     6.640     0.013     0.015     0.009
     6.650     0.013     0.023     0.009
     6.660     0.034     0.005     0.003
     6.670     0.041    -0.051     0.001
     6.680     0.018    -0.071     0.042
     6.690    -0.012    -0.029     0.075
     6.700    -0.030     0.014     0.060
     6.710    -0.022     0.009     0.044
     6.720     0.008    -0.001     0.003
     6.730     0.029     0.007    -0.070
     6.740     0.022     0.017    -0.076
     6.750     0.005     0.016    -0.021
     6.760    -0.011    -0.012     0.007
     6.770    -0.036    -0.021     0.003
     6.780    -0.051     0.008    -0.005
     6.790    -0.033     0.026    -0.021
     6.800    -0.005     0.019    -0.030
     6.810     0.003    -0.016    -0.027
     6.820    -0.004    -0.024    -0.041
     6.830    -0.004     0.039    -0.028
     6.840    -0.003     0.040     0.036
     6.850    -0.009    -0.057     0.041
     6.860    -0.006    -0.058    -0.012
     6.870     0.013     0.032     0.000
     6.880     0.022     0.004     0.044
     6.890     0.016    -0.082     0.033
     6.900     0.013    -0.025     0.019
     6.910     0.012     0.054     0.025
     6.920     0.007     0.015     0.010
     6.930     0.018    -0.010     0.014
     6.940     0.042     0.021     0.027
     6.950     0.035     0.019    -0.011
     6.960     0.009    -0.008    -0.032
     6.970     0.002    -0.006    -0.002
     6.980    -0.015     0.031    -0.001
     6.990    -0.044     0.048    -0.018
     7.000    -0.047     0.004    -0.013
     7.010    -0.023    -0.036    -0.013
     7.020     0.003    -0.015    -0.020
     7.030     0.020     0.010    -0.030
     7.040     0.031    -0.014    -0.037
     7.050     0.048    -0.029    -0.020
     7.060     0.041     0.008     0.006
     7.070    -0.011     0.056     0.010
     7.080    -0.059     0.031     0.007
     7.090    -0.071    -0.071     0.024
     7.100    -0.049    -0.095     0.020
     7.110    -0.004     0.015    -0.004
     7.120     0.030     0.068     0.000
     7.130     0.025    -0.005     0.020
     7.140     0.009    -0.031     0.044
     7.150     0.024    -0.004     0.049
     7.160     0.028    -0.044     0.013
     7.170    -0.004    -0.059    -0.017
     7.180    -0.023     0.014    -0.022
     7.190    -0.032     0.042    -0.014
     7.200    -0.041     0.011     0.002
     7.210    -0.022     0.002     0.009
     7.220     0.011     0.008     0.019
     7.230     0.027    -0.009     0.012
     7.240     0.030    -0.024    -0.021
     7.250     0.032     0.016    -0.021
     7.260     0.038     0.064    -0.004
     7.270     0.030     0.033    -0.018
     7.280     0.003     0.008    -0.029
     7.290    -0.018     0.036     0.000
     7.300    -0.031     0.014     0.021
     7.310    -0.043    -0.046    -0.009
     7.320    -0.035    -0.031    -0.020
     7.330    -0.014     0.023     0.017
     7.340    -0.004     0.015     0.025
     7.350     0.003    -0.016    -0.014
     7.360     0.012    -0.009    -0.031
     7.370     0.011    -0.019    -0.013
     7.380     0.004    -0.046    -0.002
     7.390     0.005    -0.025     0.000
     7.400     0.002     0.006     0.029
     7.410    -0.002     0.004     0.075
     7.420     0.020    -0.009     0.058
     7.430     0.045    -0.018    -0.016
     7.440     0.033     0.000    -0.048
     7.450     0.012     0.028    -0.028
     7.460     0.005     0.012     0.007
     7.470    -0.001    -0.012     0.002
     7.480    -0.015     0.016    -0.042
     7.490    -0.024     0.048    -0.014
     7.500    -0.019     0.004     0.038
     7.510    -0.015    -0.068     0.002
     7.520    -0.022    -0.054    -0.030
     7.530    -0.025     0.024    -0.004
     7.540    -0.018     0.061     0.010
     7.550    -0.012     0.032    -0.009
     7.560    -0.021    -0.004    -0.013
     7.570    -0.021     0.010     0.008
     7.580     0.001    -0.009     0.002
     7.590     0.011    -0.084     0.007
     7.600     0.006    -0.051     0.043
     7.610     0.003     0.045     0.032
     7.620    -0.004     0.032     0.012
     7.630     0.010    -0.001     0.024
     7.640     0.044     0.042     0.001
     7.650     0.055     0.044    -0.031
     7.660     0.039    -0.053    -0.010
     7.670     0.030    -0.075     0.006
     7.680     0.020     0.025    -0.017
     7.690    -0.019     0.060    -0.027
     7.700    -0.055     0.006    -0.016
     7.710    -0.054    -0.022     0.010
     7.720    -0.037    -0.023     0.018
     7.730    -0.019    -0.013    -0.003
     7.740     0.003     0.002     0.002
     7.750     0.027    -0.002     0.007
     7.760     0.032     0.005    -0.010
     7.770     0.018     0.034    -0.019
     7.780    -0.005     0.015    -0.021
     7.790    -0.041    -0.042    -0.005
     7.800    -0.051    -0.070     0.005
     7.810    -0.014    -0.041     0.002
     7.820     0.031     0.024     0.006
     7.830     0.047     0.054     0.001
     7.840     0.029     0.052     0.005
     7.850     0.004     0.033     0.025
     7.860    -0.004    -0.058     0.027
     7.870     0.005    -0.115    -0.003
     7.880     0.015    -0.020    -0.029
     7.890     0.004     0.070    -0.016
     7.900    -0.007     0.030     0.012
     7.910     0.001    -0.011     0.034
     7.920    -0.003     0.013     0.035
     7.930    -0.031    -0.004     0.015
     7.940    -0.041    -0.045     0.014
     7.950    -0.020    -0.019     0.019
     7.960     0.008     0.022     0.004
     7.970     0.033     0.038    -0.013
     7.980     0.028     0.051    -0.030
     7.990     0.000     0.038    -0.027
     8.000    -0.012    -0.007    -0.015
     8.010    -0.039    -0.046    -0.029
     8.020    -0.059    -0.028    -0.042
     8.030    -0.027     0.020    -0.009
     8.040     0.001     0.038     0.013
     8.050     0.004     0.026    -0.038
     8.060     0.002     0.009    -0.037
     8.070    -0.001    -0.004     0.019
     8.080    -0.005    -0.045     0.009
     8.090    -0.006    -0.072     0.002
     8.100     0.003    -0.032     0.032
     8.110     0.012    -0.003     0.035
     8.120     0.018    -0.002     0.034
     8.130     0.026     0.019     0.041
     8.140     0.034     0.033     0.014
     8.150     0.040     0.014    -0.004
     8.160     0.040    -0.024     0.021
     8.170     0.038    -0.034     0.000
     8.180     0.027     0.009    -0.038
     8.190     0.004     0.062    -0.017
     8.200    -0.022     0.049     0.015
     8.210    -0.041    -0.018     0.024
     8.220    -0.048    -0.038     0.003
     8.230    -0.046     0.006    -0.013
     8.240    -0.013     0.027    -0.006
     8.250     0.026     0.023    -0.026
     8.260     0.015     0.043    -0.042
     8.270    -0.029     0.041    -0.030
     8.280    -0.058    -0.025    -0.028
     8.290    -0.043    -0.079    -0.033
     8.300     0.000    -0.046     0.006
     8.310     0.018     0.001     0.053
     8.320     0.005    -0.007     0.042
     8.330    -0.003     0.020     0.019
     8.340    -0.001     0.081     0.003
     8.350    -0.008     0.034    -0.027
     8.360    -0.009    -0.077    -0.015
     8.370     0.011    -0.067     0.017
     8.380     0.027     0.037    -0.013
     8.390     0.018     0.061    -0.027
     8.400     0.000     0.010     0.023
     8.410    -0.008    -0.023     0.029
     8.420    -0.016    -0.041    -0.020
     8.430    -0.027    -0.044    -0.012
     8.440    -0.023    -0.022     0.019
     8.450     0.005    -0.004     0.003
     8.460     0.027     0.018     0.006
     8.470     0.033     0.047     0.010
     8.480     0.028     0.022    -0.031
     8.490     0.013    -0.043    -0.041
     8.500    -0.003    -0.053    -0.010
     8.510    -0.010    -0.010     0.002
     8.520    -0.004     0.003     0.015
     8.530     0.018     0.002     0.042
     8.540     0.044     0.044     0.039
     8.550     0.045     0.046     0.007
     8.560     0.020    -0.031    -0.021
     8.570    -0.005    -0.051    -0.037
     8.580    -0.029     0.019    -0.011
     8.590    -0.039     0.026     0.016
     8.600    -0.024    -0.020     0.001
     8.610    -0.001     0.031     0.001
     8.620     0.010     0.068     0.012
     8.630    -0.001    -0.016    -0.008
     8.640    -0.017    -0.047    -0.013
     8.650    -0.027     0.012     0.022
     8.660    -0.028     0.011     0.043
     8.670    -0.004    -0.024     0.016
     8.680     0.025     0.003    -0.020
     8.690     0.027     0.032    -0.026
     8.700     0.017     0.006    -0.011
     8.710     0.006    -0.006    -0.001
     8.720    -0.011     0.010    -0.002
     8.730    -0.015    -0.002    -0.005
     8.740     0.006    -0.013    -0.015
     8.750     0.012     0.011    -0.032
     8.760    -0.014     0.016    -0.031
     8.770    -0.024    -0.027    -0.020
     8.780    -0.009    -0.058    -0.024
     8.790     0.000    -0.030    -0.026
     8.800    -0.005    -0.005     0.009
     8.810    -0.006    -0.026     0.050
     8.820     0.005    -0.028     0.050
     8.830     0.008     0.008     0.030
     8.840     0.006     0.020     0.022
     8.850     0.009     0.009     0.032
     8.860     0.020     0.001     0.025
     8.870     0.028    -0.007    -0.027
     8.880     0.021     0.016    -0.056
     8.890     0.008     0.070    -0.028
     8.900     0.000     0.072    -0.001
     8.910    -0.001     0.008     0.005
     8.920    -0.011    -0.031     0.005
     8.930    -0.024    -0.031     0.007
     8.940     0.000    -0.029     0.001
     8.950     0.039     0.004    -0.013
     8.960     0.036     0.050    -0.011
     8.970     0.002     0.032     0.000
     8.980    -0.021    -0.029    -0.021
     8.990    -0.030    -0.044    -0.032
     9.000    -0.038    -0.017     0.018
     9.010    -0.029    -0.020     0.039
     9.020    -0.006    -0.031     0.023
     9.030     0.011     0.009     0.036
     9.040     0.016     0.055     0.029
     9.050     0.024     0.023    -0.018
     9.060     0.037    -0.042    -0.042
     9.070     0.035    -0.022    -0.036
     9.080     0.010     0.046    -0.043
     9.090    -0.019     0.041    -0.035
     9.100    -0.035     0.005     0.012
     9.110    -0.029     0.004     0.030
     9.120    -0.014    -0.006    -0.002
     9.130    -0.012    -0.033    -0.004
     9.140    -0.008    -0.042     0.004
     9.150     0.016    -0.037    -0.015
     9.160     0.028     0.000     0.012
     9.170     0.015     0.037     0.038
     9.180    -0.011    -0.005    -0.002
     9.190    -0.039    -0.050    -0.013
     9.200    -0.045    -0.012     0.007
     9.210    -0.013     0.015    -0.005
     9.220     0.032    -0.025    -0.011
     9.230     0.056    -0.019     0.020
     9.240     0.065     0.045     0.024
     9.250     0.059     0.044     0.005
     9.260     0.021    -0.006     0.024
     9.270    -0.019    -0.025     0.026
     9.280    -0.033    -0.021    -0.003
     9.290    -0.029    -0.019    -0.006
     9.300    -0.015    -0.012    -0.013
     9.310     0.002     0.036    -0.040
     9.320     0.012     0.069    -0.029
     9.330     0.003     0.018     0.011
     9.340    -0.014    -0.019    -0.007
     9.350    -0.019     0.006    -0.030
     9.360    -0.010     0.001     0.008
     9.370     0.010    -0.019     0.014
     9.380     0.021     0.019    -0.024
     9.390     0.002     0.042    -0.027
     9.400    -0.029    -0.007    -0.011
     9.410    -0.042    -0.028    -0.003
     9.420    -0.028     0.008     0.009
     9.430    -0.005     0.019     0.018
     9.440     0.012     0.000     0.006
     9.450     0.019    -0.007    -0.017
     9.460     0.007    -0.001    -0.015
     9.470    -0.007    -0.002    -0.006
     9.480    -0.008    -0.013    -0.010
     9.490    -0.013    -0.011     0.001
     9.500    -0.016     0.002     0.014
     9.510     0.005     0.000     0.016
     9.520     0.026    -0.002     0.033
     9.530     0.027     0.009     0.040
     9.540     0.029     0.012     0.007
     9.550     0.028    -0.001    -0.008
     9.560     0.016    -0.024     0.007
     9.570     0.005    -0.023    -0.014
     9.580    -0.002     0.016    -0.034
     9.590    -0.002     0.029     0.003
     9.600     0.003    -0.006     0.035
     9.610     0.006    -0.023     0.012
     9.620     0.007    -0.005    -0.012
     9.630     0.005    -0.005     0.002
     9.640     0.007    -0.026    -0.010
     9.650     0.009    -0.003    -0.041
     9.660    -0.012     0.048    -0.017
     9.670    -0.043     0.038     0.014
     9.680    -0.052    -0.019    -0.016
     9.690    -0.035    -0.037    -0.038
     9.700    -0.019    -0.022    -0.011
     9.710    -0.010    -0.030     0.012
     9.720     0.003    -0.025     0.019
     9.730     0.014     0.035     0.025
     9.740     0.011     0.071     0.020
     9.750    -0.003     0.026     0.019
     9.760    -0.003    -0.037     0.019
     9.770     0.011    -0.034    -0.013
     9.780     0.012     0.013    -0.051
     9.790     0.003     0.032    -0.043
     9.800    -0.004     0.039    -0.010
     9.810    -0.011     0.051    -0.004
     9.820    -0.022     0.033    -0.008
     9.830    -0.027    -0.006     0.005
     9.840    -0.004    -0.030     0.008
     9.850     0.034    -0.023     0.002
     9.860     0.051     0.000     0.007
     9.870     0.038    -0.010     0.017
     9.880     0.011    -0.050     0.005
     9.890    -0.025    -0.054    -0.039
     9.900    -0.048    -0.012    -0.047
     9.910    -0.037     0.002     0.003
     9.920    -0.009    -0.031     0.032
     9.930     0.017    -0.032     0.044
     9.940     0.039     0.004     0.057
     9.950     0.041    -0.012     0.038
     9.960     0.029    -0.047     0.002
     9.970     0.015    -0.009    -0.010
     9.980    -0.020     0.044    -0.010
     9.990    -0.057     0.022    -0.036
    10.000    -0.054    -0.001    -0.038
    10.010    -0.020     0.040    -0.002
    10.020     0.010     0.050     0.000
    10.030     0.025     0.001    -0.010
    10.040     0.020    -0.006     0.005
    10.050    -0.002     0.015     0.024
    10.060    -0.007     0.001     0.029
    10.070     0.012     0.000     0.012
    10.080     0.020     0.035    -0.003
    10.090    -0.001     0.019    -0.015
    10.100    -0.026    -0.025    -0.021
    10.110    -0.027    -0.014    -0.003
    10.120    -0.013     0.000     0.012
    10.130     0.001    -0.015     0.014
    10.140     0.019    -0.011     0.005
    10.150     0.018     0.003    -0.036
    10.160    -0.015     0.009    -0.059
    10.170    -0.032     0.013    -0.028
    10.180    -0.016     0.001    -0.011
    10.190    -0.005    -0.008    -0.023
    10.200    -0.004    -0.011    -0.001
    10.210     0.004    -0.018     0.038
    10.220     0.008    -0.009     0.038
    10.230     0.001     0.009     0.016
    10.240     0.000     0.012     0.018
    10.250     0.011    -0.009     0.019
    10.260     0.019    -0.043    -0.018
    10.270     0.012    -0.027    -0.042
    10.280    -0.003     0.037    -0.005
    10.290    -0.015     0.049     0.040
    10.300    -0.010     0.003     0.053
    10.310     0.007    -0.016     0.047
    10.320     0.009    -0.011     0.024
    10.330    -0.004    -0.025    -0.015
    10.340     0.006    -0.023    -0.036
    10.350     0.022     0.016    -0.038
    10.360     0.006     0.039    -0.039
    10.370    -0.023     0.023    -0.031
    10.380    -0.029     0.000    -0.022
    10.390    -0.019     0.004    -0.023
    10.400    -0.013     0.007     0.002
    10.410    -0.012    -0.039     0.023
    10.420    -0.010    -0.054     0.015
    10.430    -0.010     0.018     0.024
    10.440    -0.004     0.045     0.039
    10.450     0.023    -0.015     0.016
    10.460     0.054    -0.036    -0.027
    10.470     0.044     0.003    -0.038
    10.480     0.000     0.014    -0.025
    10.490    -0.034     0.002    -0.013
    10.500    -0.048     0.016     0.014
    10.510    -0.043     0.014     0.026
    10.520    -0.028    -0.014     0.019
    10.530    -0.015    -0.015     0.023
    10.540     0.004    -0.017     0.019
    10.550     0.028    -0.021     0.002
    10.560     0.036     0.017    -0.002
    10.570     0.027     0.033     0.000
    10.580     0.011    -0.018    -0.012
    10.590    -0.004    -0.034    -0.015
    10.600    -0.017     0.003     0.005
    10.610    -0.025    -0.004     0.014
    10.620    -0.023    -0.034     0.007
    10.630     0.003    -0.010     0.019
    10.640     0.038     0.015     0.029
    10.650     0.044    -0.006     0.009
    10.660     0.027    -0.009    -0.017
    10.670     0.008     0.025    -0.027
    10.680    -0.008     0.026    -0.011
    10.690    -0.011    -0.017    -0.018
    10.700    -0.007    -0.014    -0.035
    10.710    -0.016     0.044    -0.020
    10.720    -0.036     0.039    -0.024
    10.730    -0.037    -0.003    -0.031
    10.740    -0.009     0.006    -0.002
    10.750     0.012     0.005     0.022
    10.760     0.020    -0.022     0.009
    10.770     0.030    -0.004     0.007
    10.780     0.032     0.026     0.043
    10.790     0.023     0.008     0.037
    10.800    -0.009    -0.014     0.010
    10.810    -0.053    -0.012     0.029
    10.820    -0.062    -0.024     0.031
    10.830    -0.024    -0.022     0.004
    10.840     0.010     0.022     0.000
    10.850     0.009     0.037     0.006
    10.860     0.005     0.010    -0.007
    10.870     0.020    -0.003    -0.016
    10.880     0.030    -0.014     0.009
    10.890     0.020    -0.034     0.018
    10.900     0.004    -0.022    -0.016
    10.910    -0.002     0.016    -0.013
    10.920    -0.003     0.028     0.026
    10.930    -0.005     0.007    -0.003
    10.940     0.001    -0.016    -0.044
    10.950     0.015    -0.033    -0.029
    10.960     0.024    -0.036    -0.027
    10.970     0.021     0.010    -0.032
    10.980     0.018     0.051    -0.016
    10.990     0.011     0.016    -0.003
    11.000    -0.005    -0.033     0.004
    11.010    -0.026    -0.027     0.025
    11.020    -0.045    -0.003     0.048
    11.030    -0.042    -0.025     0.047
    11.040    -0.019    -0.048     0.023
    11.050    -0.010     0.005    -0.015
    11.060    -0.025     0.071    -0.031
    11.070    -0.021     0.050    -0.033
    11.080     0.012    -0.003    -0.043
    11.090     0.029     0.011    -0.019
    11.100     0.018     0.016     0.029
    11.110    -0.001    -0.039     0.046
    11.120    -0.016    -0.038     0.052
    11.130    -0.022     0.026     0.057
    11.140    -0.011     0.026     0.030
    11.150     0.010    -0.015    -0.002
    11.160     0.040    -0.010    -0.025
    11.170     0.062     0.020    -0.039
    11.180     0.054     0.009    -0.019
    11.190     0.023    -0.012    -0.009
    11.200    -0.018     0.010    -0.001
    11.210    -0.043     0.024     0.015
    11.220    -0.039    -0.007     0.019
    11.230    -0.019    -0.038     0.034
    11.240     0.003    -0.040     0.021
    11.250     0.020    -0.011    -0.025
    11.260     0.032     0.024    -0.031
    11.270     0.031     0.023    -0.014
    11.280     0.013     0.003    -0.028
    11.290    -0.013    -0.008    -0.039
    11.300    -0.045    -0.006    -0.013
    11.310    -0.056    -0.011     0.013
    11.320    -0.027    -0.033     0.022
    11.330     0.003    -0.018     0.018
    11.340     0.015     0.020     0.017
    11.350     0.036     0.000     0.013
    11.360     0.055    -0.039    -0.006
    11.370     0.048    -0.019    -0.011
    11.380     0.017     0.013    -0.009
    11.390    -0.020     0.010    -0.018
    11.400    -0.040     0.012    -0.002
    11.410    -0.034     0.026     0.018
    11.420    -0.016     0.016    -0.005
    11.430    -0.006    -0.007    -0.006
    11.440    -0.012     0.001     0.027
    11.450    -0.015     0.017     0.024
    11.460     0.001     0.014     0.019
    11.470     0.020     0.008     0.010
    11.480     0.019     0.005    -0.009
    11.490     0.005    -0.005     0.006
    11.500    -0.009    -0.034     0.014
    11.510    -0.018    -0.035    -0.009
    11.520    -0.013     0.005    -0.022
    11.530     0.003     0.006    -0.011
    11.540     0.010    -0.010    -0.001
    11.550    -0.003     0.021    -0.006
    11.560    -0.016     0.038     0.001
    11.570     0.002     0.009     0.007
    11.580     0.028    -0.010    -0.009
    11.590     0.026    -0.020    -0.022
    11.600     0.012    -0.030    -0.029
    11.610     0.002    -0.003    -0.032
    11.620    -0.010     0.037     0.008
    11.630    -0.009     0.021     0.050
    11.640     0.009    -0.031     0.016
    11.650     0.015    -0.040    -0.018
    11.660     0.010    -0.012     0.010
    11.670     0.012    -0.008     0.012
    11.680     0.018    -0.022    -0.024
    11.690     0.015    -0.004    -0.003
    11.700     0.010     0.026     0.035
    11.710     0.011     0.024     0.024
    11.720     0.001     0.005     0.029
    11.730    -0.021    -0.014     0.027
    11.740    -0.034    -0.019    -0.027
    11.750    -0.033     0.016    -0.060
    11.760    -0.029     0.048    -0.046
    11.770    -0.013     0.036    -0.039
    11.780     0.015     0.012    -0.043
    11.790     0.017     0.011    -0.024
    11.800    -0.007     0.005     0.007
    11.810    -0.021    -0.045     0.035
    11.820    -0.029    -0.077     0.046
    11.830    -0.037    -0.030     0.031
    11.840    -0.019     0.027     0.015
    11.850     0.022     0.017     0.002
    11.860     0.050     0.001    -0.034
    11.870     0.055     0.021    -0.055
    11.880     0.039     0.020    -0.026
    11.890     0.013     0.010    -0.001
    11.900    -0.010     0.029     0.012
    11.910    -0.027     0.017     0.028
    11.920    -0.035    -0.043     0.034
    11.930    -0.033    -0.051     0.045
    11.940    -0.019     0.000     0.032
    11.950     0.002     0.027    -0.001
    11.960     0.028     0.029    -0.003
    11.970     0.053     0.020    -0.024
    11.980     0.046    -0.003    -0.063
    11.990     0.002    -0.016    -0.049
    12.000    -0.037    -0.019    -0.005
    12.010    -0.042    -0.030     0.017
    12.020    -0.029    -0.025     0.025
    12.030    -0.013     0.001     0.029
    12.040     0.008     0.010     0.013
    12.050     0.023    -0.010    -0.004
    12.060     0.030    -0.024    -0.006
    12.070     0.037    -0.015    -0.021
    12.080     0.032     0.012    -0.036
    12.090     0.009     0.026    -0.017
    12.100    -0.008     0.025     0.013
    12.110    -0.011     0.033     0.012
    12.120    -0.019     0.017     0.008
    12.130    -0.029    -0.033     0.021
    12.140    -0.029    -0.032     0.023
    12.150    -0.015     0.019     0.014
    12.160     0.013     0.027     0.008
    12.170     0.037     0.000    -0.004
    12.180     0.030     0.005    -0.015
    12.190    -0.003     0.028    -0.017
    12.200    -0.025     0.017    -0.008
    12.210    -0.025    -0.028     0.001
    12.220    -0.022    -0.057    -0.011
    12.230    -0.031    -0.030    -0.023
    12.240    -0.035     0.011    -0.017
    12.250    -0.020     0.012    -0.023
    12.260     0.001     0.003    -0.021
    12.270     0.032     0.005     0.001
    12.280     0.064     0.005    -0.001
    12.290     0.066     0.018    -0.011
    12.300     0.038     0.018     0.013
    12.310     0.003    -0.014     0.050
    12.320    -0.027    -0.015     0.048
    12.330    -0.040     0.011     0.018
    12.340    -0.031    -0.012     0.003
    12.350    -0.005    -0.038    -0.021
    12.360     0.030     0.004    -0.046
    12.370     0.049     0.040    -0.045
    12.380     0.039     0.016    -0.026
    12.390     0.013    -0.006     0.012
    12.400    -0.009    -0.004     0.045
    12.410    -0.029    -0.001     0.044
    12.420    -0.044     0.002     0.033
    12.430    -0.040    -0.009     0.030
    12.440    -0.024    -0.013     0.011
    12.450    -0.011     0.012    -0.038
    12.460    -0.003     0.030    -0.076
    12.470     0.002     0.028    -0.069
    12.480     0.013     0.023    -0.045
    12.490     0.024     0.006    -0.016
    12.500     0.007    -0.015     0.026
    12.510    -0.023    -0.027     0.037
    12.520    -0.039    -0.027     0.033
    12.530    -0.040    -0.010     0.051
    12.540    -0.027    -0.002     0.028
    12.550     0.010    -0.016    -0.021
    12.560     0.060    -0.019    -0.039
    12.570     0.080     0.004    -0.039
    12.580     0.054     0.030    -0.021
    12.590     0.019     0.034     0.014
    12.600    -0.009     0.032     0.044
    12.610    -0.034     0.024     0.049
    12.620    -0.043    -0.014     0.036
    12.630    -0.035    -0.052     0.021
    12.640    -0.013    -0.029     0.002
    12.650     0.023     0.036    -0.017
    12.660     0.052     0.057    -0.044
    12.670     0.050     0.022    -0.062
    12.680     0.021    -0.002    -0.045
    12.690    -0.031    -0.007    -0.018
    12.700    -0.079    -0.019     0.001
    12.710    -0.083    -0.023     0.017
    12.720    -0.045    -0.012     0.018
    12.730     0.002    -0.005    -0.002
    12.740     0.032     0.001    -0.006
    12.750     0.045    -0.002     0.001
    12.760     0.053    -0.024    -0.006
    12.770     0.051    -0.028     0.003
    12.780     0.030     0.002     0.012
    12.790     0.000     0.019    -0.005
    12.800    -0.015     0.015    -0.001
    12.810    -0.014     0.013     0.015
    12.820    -0.011    -0.009    -0.013
    12.830    -0.009    -0.030    -0.019
    12.840    -0.005    -0.021     0.027
    12.850     0.004     0.008     0.025
    12.860     0.005     0.042     0.002
    12.870    -0.004     0.045     0.010
    12.880    -0.004     0.004    -0.003
    12.890    -0.002    -0.019    -0.025
    12.900    -0.022    -0.016    -0.012
    12.910    -0.048    -0.013     0.003
    12.920    -0.033     0.003     0.001
    12.930     0.008     0.010     0.010
    12.940     0.023    -0.005     0.006
    12.950     0.013    -0.005    -0.025
    12.960     0.007     0.008    -0.024
    12.970     0.012     0.005    -0.001
    12.980     0.014    -0.004     0.000
    12.990     0.018     0.011     0.002
    13.000     0.020     0.023     0.009
    13.010    -0.001     0.002     0.017
    13.020    -0.031    -0.017     0.041
    13.030    -0.028    -0.018     0.045
    13.040    -0.006    -0.021    -0.003
    13.050     0.005    -0.017    -0.043
    13.060     0.005     0.005    -0.025
    13.070     0.005     0.019    -0.006
    13.080     0.014     0.003    -0.009
    13.090     0.021    -0.020     0.019
    13.100     0.022    -0.008     0.031
    13.110     0.014     0.024     0.006
    13.120    -0.009     0.010     0.014
    13.130    -0.022    -0.043     0.012
    13.140    -0.018    -0.042    -0.033
    13.150    -0.021     0.014    -0.046
    13.160    -0.019     0.037    -0.028
    13.170     0.006     0.042    -0.027
    13.180     0.021     0.047    -0.025
    13.190     0.014     0.015    -0.007
    13.200     0.002    -0.007     0.022
    13.210    -0.018    -0.004     0.046
    13.220    -0.038    -0.025     0.039
    13.230    -0.038    -0.027     0.026
    13.240    -0.016    -0.001     0.017
    13.250     0.005     0.006    -0.010
    13.260     0.020     0.008    -0.016
    13.270     0.030    -0.006     0.006
    13.280     0.023    -0.043     0.017
    13.290     0.013    -0.032     0.007
    13.300     0.014     0.020     0.000
    13.310     0.005     0.033     0.010
    13.320    -0.011     0.001     0.016
    13.330    -0.016    -0.017     0.011
    13.340    -0.002    -0.005    -0.007
    13.350     0.004     0.003    -0.008
    13.360    -0.007     0.000     0.013
    13.370    -0.002    -0.005    -0.013
    13.380     0.002    -0.007    -0.056
    13.390    -0.013    -0.008    -0.056
    13.400    -0.016    -0.011    -0.036
    13.410    -0.004     0.000    -0.022
    13.420    -0.007     0.005    -0.017
    13.430    -0.019    -0.008     0.001
    13.440    -0.015    -0.006     0.032
    13.450     0.008    -0.002     0.030
    13.460     0.030    -0.035     0.001
    13.470     0.034    -0.049    -0.003
    13.480     0.029     0.007     0.006
    13.490     0.029     0.052    -0.009
    13.500     0.027     0.029    -0.013
    13.510     0.016     0.001     0.008
    13.520    -0.010    -0.006     0.011
    13.530    -0.042    -0.024     0.020
    13.540    -0.055    -0.031     0.055
    13.550    -0.042    -0.008     0.065
    13.560    -0.012     0.019     0.019
    13.570     0.012     0.036    -0.028
    13.580     0.017     0.027    -0.025
    13.590     0.013     0.009    -0.010
    13.600     0.002     0.019    -0.020
    13.610    -0.023     0.014    -0.026
    13.620    -0.038    -0.027    -0.008
    13.630    -0.029    -0.043     0.008
    13.640    -0.019    -0.019     0.005
    13.650    -0.011     0.002    -0.017
    13.660     0.004     0.014    -0.027
    13.670     0.028     0.015    -0.018
    13.680     0.050    -0.006    -0.022
    13.690     0.051    -0.008    -0.034
    13.700     0.034     0.001    -0.033
    13.710     0.007    -0.020     0.007
    13.720    -0.024    -0.013     0.071
    13.730    -0.033     0.019     0.072
    13.740    -0.015    -0.008     0.012
    13.750     0.008    -0.035    -0.015
    13.760     0.020     0.015     0.001
    13.770     0.024     0.043     0.001
    13.780     0.017    -0.004     0.001
    13.790     0.005    -0.030     0.031
    13.800     0.002    -0.009     0.037
    13.810     0.006    -0.003     0.001
    13.820    -0.004    -0.017    -0.003
    13.830    -0.027    -0.031     0.014
    13.840    -0.031    -0.019     0.003
    13.850    -0.015     0.020    -0.005
    13.860     0.005     0.029    -0.013
    13.870     0.022     0.009    -0.045
    13.880     0.025     0.022    -0.067
    13.890     0.008     0.032    -0.051
    13.900    -0.026     0.001    -0.008
    13.910    -0.056    -0.022     0.029
    13.920    -0.060    -0.025     0.037
    13.930    -0.041    -0.025     0.028
    13.940    -0.019    -0.010     0.022
    13.950     0.000     0.009     0.005
    13.960     0.020     0.011    -0.043
    13.970     0.032     0.018    -0.062
    13.980     0.032     0.029    -0.007
    13.990     0.029     0.008     0.030
    14.000     0.016    -0.008     0.019
    14.010    -0.005     0.001     0.027
    14.020    -0.020    -0.021     0.052
    14.030    -0.020    -0.035     0.053
    14.040    -0.001    -0.006     0.029
    14.050     0.025     0.006     0.005
    14.060     0.033     0.011    -0.023
    14.070     0.031     0.030    -0.056
    14.080     0.030     0.028    -0.063
    14.090     0.015     0.018    -0.029
    14.100    -0.005     0.016     0.016
    14.110    -0.018    -0.005     0.041
    14.120    -0.025    -0.039     0.036
    14.130    -0.020    -0.044     0.019
    14.140    -0.009    -0.023    -0.001
    14.150    -0.005    -0.016    -0.034
    14.160     0.007    -0.022    -0.048
    14.170     0.033    -0.013    -0.038
    14.180     0.039     0.011    -0.022
    14.190     0.015     0.026     0.003
    14.200     0.000     0.009     0.000
    14.210    -0.009    -0.011    -0.013
    14.220    -0.026    -0.005     0.008
    14.230    -0.045     0.001     0.030
    14.240    -0.047    -0.007     0.030
    14.250    -0.028     0.006     0.025
    14.260    -0.006     0.043     0.028
    14.270     0.011     0.044     0.022
    14.280     0.018    -0.011    -0.003
    14.290     0.008    -0.036    -0.017
    14.300    -0.012    -0.014    -0.007
    14.310    -0.027    -0.019    -0.001
    14.320    -0.026    -0.017    -0.003
    14.330    -0.009     0.028     0.001
    14.340     0.005     0.027    -0.001
    14.350     0.010    -0.009    -0.023
    14.360     0.018     0.012    -0.027
    14.370     0.029     0.025    -0.002
    14.380     0.037    -0.020     0.006
    14.390     0.034    -0.028    -0.001
    14.400     0.016     0.002     0.021
    14.410     0.001    -0.001     0.050
    14.420    -0.003    -0.003     0.042
    14.430    -0.009     0.015    -0.013
    14.440    -0.014     0.004    -0.050
    14.450    -0.017    -0.013    -0.030
    14.460    -0.017    -0.001    -0.025
    14.470    -0.008     0.015    -0.027
    14.480     0.011     0.009     0.011
    14.490     0.035    -0.001     0.020
    14.500     0.056     0.018    -0.009
    14.510     0.054     0.038     0.003
    14.520     0.010     0.014     0.044
    14.530    -0.040    -0.027     0.021
    14.540    -0.058    -0.035    -0.015
    14.550    -0.056    -0.027     0.022
    14.560    -0.045    -0.022     0.027
    14.570    -0.014     0.010    -0.040
    14.580     0.029     0.043    -0.062
    14.590     0.052     0.031    -0.025
    14.600     0.042     0.011     0.001
    14.610     0.011    -0.002     0.016
    14.620    -0.040    -0.033     0.038
    14.630    -0.081    -0.047     0.056
    14.640    -0.066    -0.015     0.051
    14.650    -0.017     0.017    -0.002
    14.660     0.015     0.018    -0.064
    14.670     0.028     0.005    -0.055
    14.680     0.039    -0.015    -0.013
    14.690     0.041    -0.020    -0.003
    14.700     0.034     0.000     0.016
    14.710     0.021     0.000     0.039
    14.720    -0.009    -0.022     0.025
    14.730    -0.042    -0.020     0.027
    14.740    -0.041    -0.004     0.050
    14.750    -0.016     0.005     0.013
    14.760     0.011     0.029    -0.054
    14.770     0.035     0.033    -0.055
    14.780     0.043    -0.009    -0.020
    14.790     0.018    -0.014    -0.015
    14.800    -0.020     0.032    -0.019
    14.810    -0.048     0.027     0.007
    14.820    -0.061    -0.016     0.036
    14.830    -0.046    -0.002     0.021
    14.840    -0.007     0.034    -0.021
    14.850     0.028     0.022    -0.046
    14.860     0.049     0.002    -0.042
    14.870     0.061    -0.003    -0.011
    14.880     0.050    -0.011     0.019
    14.890     0.018    -0.010     0.029
    14.900     0.001    -0.013     0.028
    14.910    -0.004    -0.029     0.033
    14.920    -0.022    -0.016     0.034
    14.930    -0.035    -0.002     0.000
    14.940    -0.031    -0.035    -0.015
    14.950    -0.014    -0.047     0.011
    14.960     0.014    -0.004     0.023
    14.970     0.043     0.014     0.004
    14.980     0.046     0.000    -0.019
    14.990     0.013     0.006     0.006
    15.000    -0.028    -0.002     0.036
    15.010    -0.050    -0.017     0.014
    15.020    -0.047    -0.001    -0.010
    15.030    -0.023     0.007    -0.018
    15.040    -0.002     0.001    -0.019
    15.050     0.018     0.012    -0.026
    15.060     0.035     0.019    -0.030
    15.070     0.030     0.025    -0.015
    15.080     0.012     0.035    -0.027
    15.090    -0.009     0.013    -0.023
    15.100    -0.035    -0.018     0.040
    15.110    -0.044    -0.009     0.053
    15.120    -0.025     0.014    -0.001
    15.130    -0.002     0.018    -0.015
    15.140     0.010     0.016     0.006
    15.150     0.020     0.003    -0.022
    15.160     0.020    -0.011    -0.047
    15.170     0.012     0.002    -0.006
    15.180     0.001     0.005     0.027
    15.190    -0.006    -0.022     0.026
    15.200     0.000    -0.014     0.044
    15.210     0.007     0.012     0.051
    15.220     0.005    -0.003    -0.004
    15.230     0.002    -0.031    -0.034
    15.240     0.004    -0.043    -0.007
    15.250     0.014    -0.030    -0.019
    15.260     0.026     0.015    -0.027
    15.270     0.027     0.053     0.010
    15.280     0.012     0.045     0.004
    15.290    -0.008     0.020    -0.027
    15.300    -0.012     0.001    -0.002
    15.310    -0.012    -0.026     0.030
    15.320    -0.037    -0.049     0.012
    15.330    -0.058    -0.034     0.012
    15.340    -0.031    -0.004     0.029
    15.350     0.010     0.009    -0.016
    15.360     0.018     0.022    -0.056
    15.370     0.016     0.038    -0.023
    15.380     0.022     0.022    -0.011
    15.390     0.025    -0.024    -0.024
    15.400     0.020    -0.020     0.010
    15.410     0.003     0.032     0.032
    15.420    -0.020     0.026     0.012
    15.430    -0.029    -0.029     0.028
    15.440    -0.018    -0.048     0.062
    15.450     0.011    -0.025     0.013
    15.460     0.027     0.016    -0.050
    15.470     0.019     0.042    -0.040
    15.480     0.017     0.024    -0.044
    15.490     0.016     0.004    -0.055
    15.500    -0.010     0.024     0.004
    15.510    -0.035     0.023     0.053
    15.520    -0.031    -0.018     0.021
    15.530    -0.009    -0.033    -0.007
    15.540     0.002    -0.023     0.019
    15.550     0.003    -0.015     0.000
    15.560     0.002     0.007    -0.038
    15.570     0.005     0.025    -0.004
    15.580     0.013     0.012     0.008
    15.590     0.021     0.005    -0.033
    15.600     0.026     0.004    -0.019
    15.610     0.023    -0.037     0.030
    15.620     0.004    -0.048     0.033
    15.630    -0.022     0.001     0.023
    15.640    -0.037    -0.009     0.039
    15.650    -0.032    -0.050     0.028
    15.660    -0.014     0.001     0.004
    15.670     0.013     0.053     0.009
    15.680     0.031     0.019     0.005
    15.690     0.028    -0.007    -0.017
    15.700     0.014     0.004    -0.022
    15.710    -0.011    -0.010    -0.004
    15.720    -0.035    -0.036     0.009
    15.730    -0.032    -0.033    -0.005
    15.740    -0.007     0.008    -0.024
    15.750     0.019     0.047    -0.026
    15.760     0.037     0.036    -0.028
    15.770     0.039     0.020    -0.042
    15.780     0.023     0.035    -0.040
    15.790     0.007     0.022    -0.007
    15.800    -0.006    -0.020     0.018
    15.810    -0.022    -0.018     0.011
    15.820    -0.027     0.012     0.015
    15.830    -0.017     0.010     0.031
    15.840    -0.009     0.011    -0.004
    15.850    -0.009     0.033    -0.033
    15.860    -0.016    -0.011    -0.003
    15.870    -0.021    -0.056    -0.010
    15.880    -0.014     0.001    -0.015
    15.890     0.008     0.025     0.045
    15.900     0.030    -0.025     0.049
    15.910     0.036    -0.007     0.008
    15.920     0.028     0.017     0.023
    15.930     0.005    -0.035     0.033
    15.940    -0.015    -0.058    -0.010
    15.950    -0.021    -0.024    -0.021
    15.960    -0.020    -0.002     0.004
    15.970    -0.003     0.017    -0.024
    15.980     0.032     0.046    -0.049
    15.990     0.051     0.043    -0.018
    16.000     0.034     0.018    -0.011
    16.010     0.006    -0.005    -0.002
    16.020    -0.022    -0.036     0.058
    16.030    -0.057    -0.041     0.056
    16.040    -0.069    -0.016    -0.005
    16.050    -0.048    -0.015    -0.001
    16.060    -0.015    -0.002    -0.016
    16.070     0.025     0.051    -0.087
    16.080     0.059     0.051    -0.059
    16.090     0.061    -0.005     0.018
    16.100     0.036    -0.021     0.022
    16.110     0.012    -0.013     0.040
    16.120    -0.011    -0.023     0.066
    16.130    -0.039    -0.014     0.024
    16.140    -0.044    -0.007     0.002
    16.150    -0.016    -0.023     0.022
    16.160     0.019    -0.001    -0.032
    16.170     0.035     0.045    -0.086
    16.180     0.030     0.035    -0.037
    16.190     0.018     0.018    -0.013
    16.200    -0.001     0.031    -0.021
    16.210    -0.028     0.021     0.030
    16.220    -0.044     0.001     0.052
    16.230    -0.037    -0.005     0.010
    16.240    -0.017    -0.011    -0.015
    16.250     0.001    -0.012    -0.015
    16.260     0.013    -0.007    -0.015
    16.270     0.022     0.002    -0.016
    16.280     0.027     0.011    -0.012
    16.290     0.027     0.001    -0.006
    16.300     0.017    -0.025     0.011
    16.310     0.004    -0.027     0.014
    16.320    -0.004    -0.001     0.012
    16.330    -0.017     0.006     0.028
    16.340    -0.033    -0.006     0.020
    16.350    -0.038    -0.013     0.018
    16.360    -0.023    -0.021     0.031
    16.370     0.003    -0.011    -0.015
    16.380     0.021     0.009    -0.053
    16.390     0.023    -0.006    -0.011
    16.400     0.014    -0.016     0.007
    16.410     0.004     0.016    -0.015
    16.420    -0.005     0.029     0.016
    16.430    -0.009    -0.009     0.019
    16.440    -0.007    -0.033    -0.048
    16.450    -0.006     0.002    -0.035
    16.460     0.000     0.037     0.019
    16.470     0.022     0.023    -0.017
    16.480     0.048     0.010    -0.040
    16.490     0.058     0.017    -0.005
    16.500     0.038     0.004    -0.008
    16.510     0.001    -0.004     0.003
    16.520    -0.029     0.012     0.062
    16.530    -0.051     0.007     0.050
    16.540    -0.053    -0.019     0.001
    16.550    -0.027    -0.014    -0.004
    16.560    -0.004     0.011    -0.023
    16.570    -0.002    -0.003    -0.038
    16.580     0.000    -0.022    -0.017
    16.590     0.005     0.005     0.002
    16.600     0.011     0.008     0.023
    16.610     0.018    -0.022     0.033
    16.620     0.008    -0.004     0.015
    16.630    -0.016     0.011     0.012
    16.640    -0.032    -0.038     0.008
    16.650    -0.028    -0.061    -0.018
    16.660    -0.021    -0.017    -0.003
    16.670    -0.017     0.024     0.019
    16.680     0.010     0.035    -0.029
    16.690     0.056     0.039    -0.051
    16.700     0.069     0.031    -0.002
    16.710     0.034     0.022     0.009
    16.720    -0.019     0.009     0.018
    16.730    -0.055    -0.026     0.071
    16.740    -0.055    -0.036     0.050
    16.750    -0.025    -0.015    -0.017
    16.760     0.017    -0.014    -0.032
    16.770     0.043     0.015    -0.068
    16.780     0.042     0.067    -0.086
    16.790     0.032     0.033    -0.014
    16.800     0.029    -0.029     0.031
    16.810     0.020    -0.035     0.029
    16.820    -0.005    -0.034     0.043
    16.830    -0.035    -0.026     0.028
    16.840    -0.047    -0.011     0.007
    16.850    -0.028    -0.025     0.010
    16.860    -0.003    -0.017    -0.031
    16.870     0.007     0.021    -0.078
    16.880     0.016     0.020    -0.059
    16.890     0.017    -0.003    -0.024
    16.900    -0.001     0.007     0.005
    16.910    -0.025     0.010     0.042
    16.920    -0.045     0.001     0.052
    16.930    -0.056     0.010     0.044
    16.940    -0.040    -0.016     0.033
    16.950    -0.007    -0.046    -0.013
    16.960     0.013    -0.003    -0.032
    16.970     0.026     0.030    -0.011
    16.980     0.044     0.031    -0.024
    16.990     0.055     0.053    -0.024
    17.000     0.045     0.027     0.028
    17.010     0.009    -0.035     0.046
    17.020    -0.025    -0.038     0.027
    17.030    -0.026    -0.029     0.045
    17.040    -0.011    -0.022     0.042
    17.050    -0.007     0.012    -0.008
    17.060    -0.005     0.008    -0.002
    17.070     0.010    -0.013     0.009
    17.080     0.024     0.024    -0.026
    17.090     0.017     0.050    -0.017
    17.100    -0.010     0.007     0.006
    17.110    -0.035    -0.028    -0.030
    17.120    -0.034    -0.025    -0.043
    17.130    -0.021    -0.020    -0.004
    17.140    -0.012     0.014    -0.009
    17.150    -0.001     0.028    -0.038
    17.160     0.018    -0.015    -0.031
    17.170     0.030    -0.021    -0.019
    17.180     0.027    -0.002     0.000
    17.190     0.019    -0.016    -0.006
    17.200     0.001     0.004    -0.031
    17.210    -0.021     0.029     0.014
    17.220    -0.020    -0.005     0.059
    17.230    -0.011    -0.009     0.044
    17.240    -0.009     0.017     0.023
    17.250    -0.002    -0.018    -0.023
    17.260     0.001    -0.045    -0.061
    17.270    -0.005    -0.009    -0.019
    17.280     0.000     0.005     0.029
    17.290     0.009    -0.007     0.027
    17.300     0.006     0.010     0.036
    17.310     0.011     0.032     0.044
    17.320     0.029     0.023     0.016
    17.330     0.022     0.005     0.005
    17.340    -0.013    -0.006     0.021
    17.350    -0.035    -0.020     0.011
    17.360    -0.027    -0.024    -0.014
    17.370    -0.011     0.009    -0.013
    17.380    -0.004     0.050    -0.007
    17.390     0.000     0.040    -0.012
    17.400     0.011     0.015    -0.019
    17.410     0.017     0.015    -0.023
    17.420     0.000     0.001     0.022
    17.430    -0.027    -0.017     0.068
    17.440    -0.048    -0.016     0.038
    17.450    -0.053    -0.028     0.003
    17.460    -0.029    -0.033    -0.014
    17.470     0.010    -0.004    -0.053
    17.480     0.034     0.021    -0.075
    17.490     0.039     0.029    -0.053
    17.500     0.039     0.016    -0.019
    17.510     0.036    -0.031     0.015
    17.520     0.024    -0.065     0.044
    17.530     0.003    -0.048     0.043
    17.540    -0.027    -0.031     0.020
    17.550    -0.044    -0.035     0.006
    17.560    -0.021    -0.013    -0.012
    17.570     0.023     0.014    -0.039
    17.580     0.048     0.011    -0.055
    17.590     0.046     0.007    -0.055
    17.600     0.023     0.014    -0.022
    17.610    -0.011     0.008     0.027
    17.620    -0.037    -0.005     0.038
    17.630    -0.049    -0.002     0.039
    17.640    -0.044     0.018     0.038
    17.650    -0.010     0.029     0.016
    17.660     0.018     0.004     0.007
    17.670     0.020    -0.013     0.002
    17.680     0.018     0.009    -0.001
    17.690     0.020     0.012     0.019
    17.700     0.016     0.009     0.013
    17.710     0.007     0.039     0.005
    17.720     0.006     0.023     0.033
    17.730     0.005    -0.027     0.032
    17.740    -0.010    -0.016     0.006
    17.750    -0.039     0.009     0.010
    17.760    -0.051    -0.005     0.007
    17.770    -0.035    -0.003    -0.018
    17.780    -0.009     0.007    -0.013
    17.790     0.016    -0.014    -0.010
    17.800     0.022    -0.016    -0.041
    17.810     0.005     0.005    -0.031
    17.820    -0.008    -0.014     0.005
    17.830    -0.009    -0.031     0.009
    17.840    -0.010    -0.007     0.014
    17.850    -0.010     0.007     0.008
    17.860    -0.003     0.003    -0.030
    17.870     0.010    -0.008    -0.032
    17.880     0.016    -0.023     0.007
    17.890     0.020    -0.020     0.007
    17.900     0.029    -0.009    -0.009
    17.910     0.030    -0.006    -0.001
    17.920     0.016     0.000     0.005
    17.930     0.005     0.009     0.021
    17.940    -0.006     0.022     0.026
    17.950    -0.030     0.034     0.010
    17.960    -0.043     0.020     0.002
    17.970    -0.028    -0.009    -0.018
    17.980    -0.011    -0.022    -0.015
    17.990     0.005    -0.019     0.037
    18.000     0.031     0.002     0.040
    18.010     0.048     0.046    -0.002
    18.020     0.038     0.058     0.012
    18.030     0.025     0.016     0.024
    18.040     0.012    -0.015    -0.012
    18.050    -0.020    -0.019    -0.008
    18.060    -0.053    -0.026     0.008
    18.070    -0.054    -0.013    -0.018
    18.080    -0.024     0.015    -0.024
    18.090     0.018     0.008    -0.030
    18.100     0.050     0.012    -0.049
    18.110     0.057     0.041    -0.008
    18.120     0.034     0.017     0.031
    18.130    -0.020    -0.042     0.019
    18.140    -0.072    -0.052     0.039
    18.150    -0.081    -0.030     0.065
    18.160    -0.062    -0.015     0.013
    18.170    -0.040    -0.003    -0.049
    18.180    -0.005     0.011    -0.063
    18.190     0.037     0.006    -0.050
    18.200     0.060    -0.004    -0.013
    18.210     0.064     0.019     0.016
    18.220     0.052     0.019     0.034
    18.230     0.018    -0.031     0.053
    18.240    -0.020    -0.055     0.031
    18.250    -0.040    -0.026    -0.003
    18.260    -0.045     0.018    -0.009
    18.270    -0.038     0.053    -0.021
    18.280    -0.008     0.054    -0.049
    18.290     0.036     0.021    -0.040
    18.300     0.064    -0.002    -0.001
    18.310     0.047    -0.009     0.012
    18.320     0.000    -0.018     0.024
    18.330    -0.031    -0.011     0.049
    18.340    -0.038     0.009     0.044
    18.350    -0.035     0.013     0.016
    18.360    -0.020     0.031    -0.019
    18.370     0.003     0.036    -0.040
    18.380     0.018    -0.025    -0.013
    18.390     0.030    -0.051     0.023
    18.400     0.038    -0.009     0.028
    18.410     0.035     0.000     0.019
    18.420     0.032    -0.007    -0.001
    18.430     0.031     0.001    -0.009
    18.440     0.007    -0.018     0.007
    18.450    -0.038    -0.021     0.004
    18.460    -0.067    -0.002    -0.013
    18.470    -0.064    -0.021     0.001
    18.480    -0.042    -0.025     0.000
    18.490    -0.006     0.022    -0.030
    18.500     0.033     0.024    -0.011
    18.510     0.048    -0.009    -0.001
    18.520     0.034     0.021    -0.035
    18.530     0.011     0.056    -0.015
    18.540    -0.016     0.027     0.007
    18.550    -0.037    -0.004    -0.020
    18.560    -0.024    -0.003     0.000
    18.570     0.005     0.004     0.004
    18.580     0.015     0.016    -0.053
    18.590     0.010     0.018    -0.037
    18.600     0.011     0.003     0.017
    18.610     0.020     0.000     0.019
    18.620     0.027    -0.010     0.020
    18.630     0.012    -0.029     0.024
    18.640    -0.015    -0.010     0.021
    18.650    -0.022     0.001     0.033
    18.660    -0.016    -0.008     0.016
    18.670    -0.020     0.016    -0.028
    18.680    -0.023     0.015    -0.038
    18.690    -0.014    -0.028    -0.014
    18.700    -0.011    -0.040     0.025
    18.710     0.004    -0.018     0.064
    18.720     0.033     0.004     0.056
    18.730     0.043     0.025     0.004
    18.740     0.027     0.037    -0.037
    18.750     0.005     0.008    -0.036
    18.760    -0.008    -0.034    -0.029
    18.770    -0.012    -0.033    -0.029
    18.780    -0.017    -0.004    -0.011
    18.790    -0.020     0.023     0.013
    18.800    -0.005     0.037     0.015
    18.810     0.031     0.007     0.001
    18.820     0.054    -0.027    -0.016
    18.830     0.040     0.000    -0.013
    18.840     0.002     0.028     0.003
    18.850    -0.037     0.010     0.007
    18.860    -0.057    -0.014     0.014
    18.870    -0.051    -0.029     0.012
    18.880    -0.031    -0.021    -0.023
    18.890    -0.016     0.007    -0.037
    18.900     0.009     0.015    -0.010
    18.910     0.042    -0.001     0.011
    18.920     0.047    -0.001     0.021
    18.930     0.021     0.027     0.024
    18.940     0.002     0.020     0.018
    18.950    -0.006    -0.036     0.008
    18.960    -0.020    -0.061    -0.003
    18.970    -0.040    -0.015    -0.009
    18.980    -0.043     0.042    -0.030
    18.990    -0.017     0.055    -0.058
    19.000     0.030     0.033    -0.048
    19.010     0.067     0.005    -0.016
    19.020     0.057    -0.005     0.012
    19.030     0.010     0.010     0.028
    19.040    -0.028     0.007     0.029
    19.050    -0.037    -0.019     0.025
    19.060    -0.026    -0.029     0.006
    19.070    -0.005    -0.006    -0.028
    19.080     0.015     0.044    -0.051
    19.090     0.019     0.042    -0.032
    19.100     0.015    -0.030     0.018
    19.110     0.019    -0.052     0.034
    19.120     0.024    -0.007     0.029
    19.130     0.022     0.001     0.037
    19.140     0.022    -0.023     0.022
    19.150     0.009    -0.014    -0.006
    19.160    -0.024    -0.003    -0.022
    19.170    -0.051    -0.011    -0.036
    19.180    -0.055    -0.005    -0.027
    19.190    -0.027    -0.008     0.007
    19.200     0.014    -0.028     0.022
    19.210     0.026    -0.010     0.014
    19.220     0.016     0.021     0.009
    19.230     0.010     0.016     0.008
    19.240    -0.002     0.012    -0.010
    19.250    -0.025     0.019    -0.019
    19.260    -0.033    -0.005     0.004
    19.270    -0.024    -0.032     0.018
    19.280    -0.007    -0.023     0.008
    19.290     0.016     0.010    -0.006
    19.300     0.028     0.042    -0.016
    19.310     0.023     0.048    -0.015
    19.320     0.019     0.022    -0.015
    19.330     0.018    -0.002    -0.005
    19.340     0.018    -0.026     0.030
    19.350     0.015    -0.051     0.036
    19.360    -0.004    -0.020    -0.001
    19.370    -0.018     0.032    -0.024
    19.380    -0.017     0.014    -0.026
    19.390    -0.012    -0.023    -0.028
    19.400     0.004    -0.010    -0.022
    19.410     0.018    -0.015    -0.004
    19.420    -0.001    -0.034     0.018
    19.430    -0.025     0.017     0.033
    19.440    -0.007     0.069     0.029
    19.450     0.030     0.019    -0.003
    19.460     0.022    -0.044    -0.039
    19.470    -0.019    -0.039    -0.055
    19.480    -0.042    -0.013    -0.045
    19.490    -0.038     0.016    -0.020
    19.500    -0.018     0.037     0.014
    19.510     0.002     0.026     0.035
    19.520     0.011     0.024     0.010
    19.530     0.028     0.014    -0.017
    19.540     0.037    -0.022     0.002
    19.550     0.009    -0.011     0.028
    19.560    -0.032     0.014     0.019
    19.570    -0.055    -0.009     0.006
    19.580    -0.053    -0.018     0.025
    19.590    -0.029     0.006     0.036
    19.600     0.004     0.013     0.014
    19.610     0.032    -0.002    -0.008
    19.620     0.048    -0.018    -0.010
    19.630     0.051    -0.031     0.016
    19.640     0.041    -0.032     0.039
    19.650     0.024    -0.009     0.035
    19.660     0.002     0.007     0.019
    19.670    -0.025    -0.007    -0.004
    19.680    -0.037    -0.023    -0.028
    19.690    -0.013    -0.020    -0.038
    19.700     0.020     0.000    -0.044
    19.710     0.036     0.025    -0.029
    19.720     0.043     0.031    -0.003
    19.730     0.039     0.017    -0.010
    19.740     0.014     0.009    -0.012
    19.750    -0.019     0.003     0.002
    19.760    -0.047    -0.004    -0.004
    19.770    -0.061     0.003    -0.001
    19.780    -0.054     0.003    -0.005
    19.790    -0.027     0.011    -0.033
    19.800     0.004     0.047    -0.047
    19.810     0.013     0.054    -0.030
    19.820     0.000     0.007     0.014
    19.830    -0.001    -0.030     0.036
    19.840     0.011    -0.031     0.016
    19.850     0.009    -0.032     0.012
    19.860     0.003    -0.036     0.026
    19.870    -0.003    -0.017     0.027
    19.880    -0.018     0.004     0.007
    19.890    -0.022     0.008    -0.027
    19.900    -0.009     0.001    -0.021
    19.910     0.005    -0.018     0.020
    19.920     0.021    -0.030     0.034
    19.930     0.036    -0.024     0.029
    19.940     0.028    -0.008     0.029
    19.950     0.005     0.009     0.011
    19.960    -0.003     0.011    -0.019
    19.970     0.005     0.006    -0.025
    19.980     0.014     0.009    -0.003
    19.990     0.020     0.009     0.004
    20.000     0.014     0.010    -0.012
    20.010    -0.009     0.022    -0.016
    20.020    -0.024     0.033    -0.004
    20.030    -0.015     0.025    -0.002
    20.040     0.003     0.002    -0.015
    20.050     0.007    -0.011    -0.007
    20.060     0.005    -0.018     0.017
    20.070     0.010    -0.026     0.026
    20.080     0.010     0.007     0.016
    20.090     0.000     0.051    -0.007
    20.100    -0.016     0.023    -0.019
    20.110    -0.037    -0.032    -0.008
    20.120    -0.039    -0.035     0.009
    20.130    -0.010    -0.008     0.019
    20.140     0.012     0.003     0.016
    20.150     0.017     0.001     0.015
    20.160     0.018     0.000     0.002
    20.170     0.016    -0.012    -0.028
    20.180     0.005    -0.014    -0.031
    20.190    -0.012    -0.002    -0.021
    20.200    -0.027    -0.015    -0.027
    20.210    -0.030    -0.020    -0.014
    20.220    -0.019     0.000     0.028
    20.230     0.008    -0.001     0.040
    20.240     0.050    -0.007    -0.001
    20.250     0.076     0.001    -0.026
    20.260     0.050    -0.008    -0.014
    20.270    -0.015    -0.017     0.003
    20.280    -0.052    -0.008     0.025
    20.290    -0.041     0.003     0.034
    20.300    -0.026     0.006     0.014
    20.310    -0.023     0.009    -0.007
    20.320    -0.010     0.022    -0.012
    20.330     0.017     0.025    -0.001
    20.340     0.036     0.004     0.018
    20.350     0.032    -0.014     0.025
    20.360     0.014    -0.017     0.019
    20.370    -0.003    -0.010     0.010
    20.380    -0.014     0.015    -0.006
    20.390    -0.024     0.030    -0.023
    20.400    -0.035     0.002    -0.025
    20.410    -0.031    -0.028    -0.017
    20.420    -0.008    -0.005    -0.012
    20.430     0.014     0.032    -0.008
    20.440     0.023     0.011     0.014
    20.450     0.020    -0.031     0.026
    20.460     0.005    -0.026     0.006
    20.470    -0.010    -0.014     0.001
    20.480    -0.009    -0.017     0.014
    20.490     0.000     0.009     0.007
    20.500     0.005     0.031    -0.008
    20.510     0.000     0.011    -0.010
    20.520    -0.008     0.006    -0.015
    20.530    -0.008     0.033    -0.014
    20.540    -0.004     0.013     0.020
    20.550     0.006    -0.039     0.033
    20.560     0.024    -0.031    -0.001
    20.570     0.041     0.000    -0.018
    20.580     0.036    -0.010    -0.016
    20.590     0.009    -0.004    -0.015
    20.600    -0.014     0.026    -0.010
    20.610    -0.026     0.014    -0.014
    20.620    -0.037    -0.014    -0.014
    20.630    -0.030    -0.025     0.000
    20.640     0.001    -0.034     0.008
    20.650     0.023    -0.020     0.016
    20.660     0.029     0.019     0.021
    20.670     0.030     0.021     0.003
    20.680     0.022    -0.008    -0.025
    20.690    -0.005    -0.009    -0.015
    20.700    -0.031     0.008     0.023
    20.710    -0.038     0.006     0.026
    20.720    -0.030     0.003    -0.008
    20.730    -0.021     0.014    -0.018
    20.740    -0.019     0.018     0.009
    20.750    -0.016     0.002     0.011
    20.760    -0.005    -0.017    -0.014
    20.770     0.008    -0.025     0.000
    20.780     0.018    -0.024     0.031
    20.790     0.016    -0.021     0.020
    20.800     0.009    -0.005     0.003
    20.810     0.001     0.012     0.006
    20.820    -0.010     0.010    -0.006
    20.830    -0.016     0.014    -0.030
    20.840    -0.003     0.019    -0.009
    20.850     0.017     0.006     0.039
    20.860     0.023    -0.010     0.032
    20.870     0.016    -0.006    -0.001
    20.880     0.013     0.020    -0.004
    20.890     0.021     0.017    -0.013
    20.900     0.017    -0.006    -0.041
    20.910    -0.002     0.000    -0.037
    20.920    -0.014    -0.004    -0.005
    20.930    -0.018    -0.014     0.004
    20.940    -0.015     0.014    -0.003
    20.950     0.004     0.019     0.018
    20.960     0.024    -0.018     0.020
    20.970     0.033    -0.020    -0.034
    20.980     0.029    -0.003    -0.044
    20.990     0.001    -0.008     0.018
    21.000    -0.032    -0.001     0.047
    21.010    -0.043     0.015     0.031
    21.020    -0.037     0.013     0.012
    21.030    -0.030     0.000     0.000
    21.040    -0.014    -0.007    -0.010
    21.050     0.015     0.002    -0.019
    21.060     0.030     0.008    -0.010
    21.070     0.022     0.005     0.007
    21.080     0.015     0.008     0.007
    21.090     0.007     0.002    -0.003
    21.100    -0.017    -0.012    -0.005
    21.110    -0.038    -0.012     0.001
    21.120    -0.031     0.002    -0.008
    21.130    -0.010     0.007    -0.020
    21.140     0.008    -0.006    -0.002
    21.150     0.021    -0.003     0.011
    21.160     0.020     0.009    -0.007
    21.170     0.014     0.004    -0.013
    21.180     0.014     0.002     0.004
    21.190     0.007     0.001    -0.001
    21.200    -0.009    -0.021    -0.017
    21.210    -0.018    -0.026    -0.002
    21.220    -0.012     0.011    -0.001
    21.230    -0.005     0.036    -0.025
    21.240    -0.007     0.025    -0.022
    21.250    -0.008     0.022    -0.007
    21.260    -0.002     0.012    -0.003
    21.270     0.008    -0.013     0.017
    21.280     0.020    -0.023     0.033
    21.290     0.027    -0.041     0.016
    21.300     0.023    -0.060    -0.007
    21.310     0.017    -0.026    -0.007
    21.320     0.005     0.022    -0.002
    21.330    -0.016     0.029    -0.010
    21.340    -0.026     0.022    -0.011
    21.350    -0.019    -0.002     0.014
    21.360     0.002    -0.038     0.030
    21.370     0.023    -0.023     0.008
    21.380     0.024     0.028     0.002
    21.390     0.011     0.043     0.019
    21.400    -0.001     0.012     0.005
    21.410    -0.003    -0.012    -0.029
    21.420    -0.002     0.008    -0.033
    21.430    -0.007     0.016    -0.013
    21.440    -0.009     0.002    -0.004
    21.450    -0.002     0.015    -0.010
    21.460    -0.002     0.029    -0.006
    21.470    -0.006     0.023     0.002
    21.480    -0.005     0.003     0.004
    21.490    -0.002    -0.029     0.010
    21.500    -0.005    -0.034     0.005
    21.510    -0.008    -0.012    -0.010
    21.520    -0.010     0.003    -0.003
    21.530    -0.012     0.018     0.006
    21.540    -0.007     0.023    -0.005
    21.550    -0.004     0.004    -0.008
    21.560    -0.007    -0.012     0.011
    21.570    -0.002    -0.014     0.026
    21.580     0.002    -0.023     0.020
    21.590     0.003    -0.023     0.003
    21.600     0.011     0.000    -0.003
    21.610     0.021     0.023    -0.026
    21.620     0.020     0.017    -0.067
    21.630     0.001    -0.010    -0.045
    21.640    -0.016    -0.022     0.017
    21.650    -0.012    -0.013     0.028
    21.660     0.001    -0.007     0.016
    21.670     0.018    -0.013     0.023
    21.680     0.034    -0.024     0.005
    21.690     0.031    -0.011    -0.047
    21.700     0.012     0.003    -0.045
    21.710    -0.008     0.000     0.008
    21.720    -0.024     0.019     0.032
    21.730    -0.033     0.027     0.044
    21.740    -0.033    -0.004     0.054
    21.750    -0.020    -0.002     0.020
    21.760    -0.001     0.035    -0.014
    21.770     0.021     0.032    -0.008
    21.780     0.030    -0.010    -0.006
    21.790     0.018    -0.011    -0.019
    21.800    -0.004     0.014     0.000
    21.810    -0.029    -0.013     0.038
    21.820    -0.042    -0.030     0.027
    21.830    -0.031     0.011    -0.005
    21.840    -0.018     0.018     0.006
    21.850    -0.007    -0.008     0.007
    21.860     0.009     0.004    -0.018
    21.870     0.022     0.017    -0.012
    21.880     0.025    -0.008    -0.005
    21.890     0.019    -0.018    -0.036
    21.900     0.003    -0.002    -0.043
    21.910    -0.019    -0.001    -0.005
    21.920    -0.030    -0.014     0.015
    21.930    -0.022    -0.014     0.005
    21.940    -0.001     0.003     0.009
    21.950     0.020     0.009     0.007
    21.960     0.030     0.003    -0.026
    21.970     0.029     0.010    -0.032
    21.980     0.019     0.006    -0.003
    21.990     0.000    -0.020     0.005
    22.000    -0.016    -0.034     0.003
    22.010    -0.012    -0.013     0.011
    22.020     0.003     0.001     0.005
    22.030     0.017    -0.002    -0.005
    22.040     0.027     0.030     0.002
    22.050     0.016     0.058     0.005
    22.060    -0.012     0.022    -0.006
    22.070    -0.023    -0.030     0.017
    22.080    -0.011    -0.044     0.046
    22.090    -0.001    -0.014     0.017
    22.100    -0.005     0.024    -0.012
    22.110    -0.003     0.035     0.008
    22.120     0.008     0.033     0.012
    22.130     0.005     0.018    -0.013
    22.140    -0.004    -0.003    -0.008
    22.150    -0.007    -0.015     0.021
    22.160    -0.014    -0.019     0.020
    22.170    -0.021    -0.009     0.001
    22.180    -0.017    -0.006    -0.003
    22.190    -0.004    -0.006    -0.018
    22.200     0.010     0.002    -0.047
    22.210     0.011    -0.011    -0.025
    22.220     0.000    -0.024     0.020
    22.230    -0.010    -0.005     0.009
    22.240    -0.006     0.004    -0.014
    22.250     0.005    -0.005    -0.005
    22.260     0.006     0.012     0.001
    22.270     0.004     0.019    -0.009
    22.280     0.006    -0.014    -0.013
    22.290     0.008    -0.021    -0.005
    22.300     0.010     0.001    -0.002
    22.310     0.008     0.005     0.002
    22.320     0.004     0.009     0.023
    22.330     0.002     0.015     0.022
    22.340     0.007     0.002    -0.010
    22.350     0.010    -0.021    -0.009
    22.360     0.004    -0.022     0.021
    22.370     0.002    -0.001     0.035
    22.380     0.007     0.008     0.028
    22.390     0.002     0.001     0.013
    22.400    -0.013    -0.005    -0.004
    22.410    -0.005    -0.010    -0.027
    22.420     0.013    -0.013    -0.024
    22.430     0.006    -0.005     0.006
    22.440    -0.013     0.005     0.011
    22.450    -0.028     0.002     0.010
    22.460    -0.032     0.003     0.012
    22.470    -0.017     0.010     0.000
    22.480     0.011     0.013     0.003
    22.490     0.028     0.021    -0.015
    22.500     0.024     0.015    -0.059
    22.510     0.013    -0.012    -0.039
    22.520     0.001    -0.024     0.014
    22.530    -0.015    -0.012     0.025
    22.540    -0.021    -0.011     0.016
    22.550    -0.016    -0.023     0.013
    22.560    -0.010    -0.006     0.014
    22.570     0.001     0.019     0.004
    22.580     0.011     0.005    -0.010
    22.590     0.009    -0.007    -0.005
    22.600     0.002     0.010     0.001
    22.610     0.013     0.000    -0.005
    22.620     0.026    -0.031    -0.013
    22.630     0.017    -0.012    -0.017
    22.640     0.005     0.008     0.007
    22.650    -0.003    -0.017     0.037
    22.660    -0.017    -0.012     0.021
    22.670    -0.017     0.013    -0.009
    22.680    -0.001     0.004    -0.027
    22.690    -0.001     0.012    -0.041
    22.700    -0.005     0.036    -0.015
    22.710     0.006     0.004     0.028
    22.720     0.004    -0.040     0.015
    22.730    -0.008    -0.025    -0.020
    22.740     0.004    -0.006     0.000
    22.750     0.014    -0.021     0.024
    22.760     0.001    -0.011    -0.004
    22.770    -0.010     0.016    -0.016
    22.780    -0.011     0.019     0.004
    22.790    -0.018     0.025     0.007
    22.800    -0.019     0.011     0.007
    22.810    -0.002    -0.032     0.009
    22.820     0.012    -0.028    -0.001
    22.830     0.016     0.019     0.000
    22.840     0.023     0.029     0.008
    22.850     0.017    -0.004    -0.012
    22.860    -0.005    -0.029    -0.023
    22.870    -0.018    -0.029     0.004
    22.880    -0.016    -0.007     0.010
    22.890     0.000     0.018    -0.006
    22.900     0.020     0.018     0.004
    22.910     0.028    -0.003     0.009
    22.920     0.013    -0.015    -0.004
    22.930    -0.004    -0.013     0.006
    22.940    -0.008    -0.013     0.022
    22.950    -0.008     0.001     0.010
    22.960    -0.009     0.030     0.001
    22.970    -0.006     0.031     0.006
    22.980    -0.003     0.026    -0.011
    22.990     0.000     0.027    -0.008
    23.000     0.005     0.002     0.026
    23.010    -0.005    -0.011     0.003
    23.020    -0.027     0.005    -0.032
    23.030    -0.026    -0.001    -0.002
    23.040    -0.006    -0.019     0.017
    23.050     0.006    -0.005    -0.008
    23.060     0.009     0.005    -0.007
    23.070     0.009    -0.008     0.004
    23.080     0.001     0.008    -0.010
    23.090    -0.007     0.022     0.009
    23.100    -0.009    -0.018     0.045
    23.110    -0.001    -0.042     0.003
    23.120     0.017    -0.031    -0.052
    23.130     0.024    -0.034    -0.042
    23.140     0.017    -0.014    -0.031
    23.150     0.009     0.037    -0.019
    23.160     0.001     0.038     0.013
    23.170    -0.010     0.010     0.014
    23.180    -0.004     0.017     0.010
    23.190     0.010     0.010     0.021
    23.200     0.001    -0.018     0.002
    23.210    -0.004    -0.006    -0.018
    23.220     0.014     0.008     0.005
    23.230     0.015    -0.002     0.020
    23.240    -0.005     0.005    -0.006
    23.250    -0.014     0.017    -0.011
    23.260    -0.013     0.004     0.022
    23.270    -0.014    -0.010     0.022
    23.280    -0.006     0.004     0.004
    23.290    -0.002     0.009     0.028
    23.300    -0.014    -0.012     0.029
    23.310    -0.014    -0.022    -0.006
    23.320     0.007    -0.005    -0.007
    23.330     0.018     0.006    -0.006
    23.340     0.012    -0.016    -0.021
    23.350     0.005    -0.029    -0.032
    23.360     0.001     0.002    -0.045
    23.370    -0.006     0.021    -0.031
    23.380    -0.008     0.003     0.003
    23.390    -0.009     0.005     0.007
    23.400    -0.009     0.028    -0.009
    23.410    -0.001     0.011    -0.003
    23.420     0.009    -0.020     0.011
    23.430     0.010    -0.009     0.009
    23.440    -0.003    -0.019     0.020
    23.450    -0.008    -0.047     0.020
    23.460     0.005    -0.017    -0.012
    23.470     0.015     0.016    -0.033
    23.480     0.008     0.005    -0.029
    23.490    -0.003     0.012    -0.005
    23.500    -0.006     0.043     0.011
    23.510    -0.003     0.031     0.012
    23.520    -0.007    -0.014     0.034
    23.530    -0.010    -0.029     0.048
    23.540     0.005    -0.018     0.017
    23.550     0.025    -0.005    -0.011
    23.560     0.026     0.006    -0.015
    23.570     0.011     0.007    -0.015
    23.580    -0.005     0.025    -0.008
    23.590    -0.014     0.034     0.006
    23.600    -0.017    -0.002     0.015
    23.610    -0.012    -0.012     0.012
    23.620    -0.001     0.012    -0.007
    23.630     0.006     0.006    -0.014
    23.640    -0.005    -0.016    -0.003
    23.650    -0.012    -0.010    -0.022
    23.660     0.002    -0.004    -0.027
    23.670     0.008    -0.018     0.012
    23.680    -0.008     0.003     0.012
    23.690    -0.009     0.031     0.005
    23.700     0.012     0.007     0.038
    23.710     0.016    -0.011     0.016
    23.720     0.002    -0.008    -0.040
    23.730    -0.004    -0.003    -0.025
    23.740     0.000     0.015     0.014
    23.750     0.009     0.016     0.009
    23.760     0.005    -0.005    -0.001
    23.770    -0.018    -0.018     0.015
    23.780    -0.024    -0.009     0.013
    23.790    -0.001    -0.001    -0.008
    23.800     0.013    -0.008     0.004
    23.810     0.008     0.000     0.021
    23.820     0.005     0.004     0.010
    23.830     0.013    -0.011     0.003
    23.840     0.017    -0.026    -0.011
    23.850     0.012    -0.028    -0.029
    23.860     0.003    -0.003    -0.026
    23.870    -0.006     0.012    -0.027
    23.880    -0.011    -0.010    -0.022
    23.890    -0.019    -0.016     0.013
    23.900    -0.030     0.014     0.021
    23.910    -0.035     0.036    -0.012
    23.920    -0.020     0.023    -0.018
    23.930     0.008     0.000     0.001
    23.940     0.026    -0.001    -0.009
    23.950     0.023    -0.004    -0.020
    23.960     0.009    -0.012     0.018
    23.970    -0.002     0.016     0.042
    23.980     0.002     0.040     0.014
    23.990     0.004     0.003     0.005
    24.000    -0.011    -0.017     0.020
    24.010    -0.021     0.018     0.008
    24.020    -0.013     0.004     0.003
    24.030    -0.004    -0.035     0.025
    24.040     0.003    -0.001     0.017
    24.050     0.017     0.032    -0.015
    24.060     0.027     0.007    -0.017
    24.070     0.027    -0.007    -0.015
    24.080     0.028     0.002    -0.027
    24.090     0.012    -0.002    -0.017
    24.100    -0.019    -0.016     0.004
    24.110    -0.033    -0.018     0.007
    24.120    -0.019    -0.010     0.003
    24.130    -0.007    -0.001    -0.006
    24.140     0.001     0.014    -0.029
    24.150     0.016     0.007    -0.036
    24.160     0.011    -0.017    -0.008
    24.170    -0.014    -0.014     0.005
    24.180    -0.014    -0.005    -0.002
    24.190     0.007    -0.014     0.006
    24.200     0.008    -0.012     0.014
    24.210    -0.001     0.001     0.005
    24.220     0.000     0.013    -0.009
    24.230    -0.007     0.026    -0.014
    24.240    -0.018     0.016    -0.007
    24.250    -0.006    -0.016     0.001
    24.260     0.006    -0.024     0.008
    24.270     0.005     0.000     0.010
    24.280     0.018     0.020     0.016
    24.290     0.025     0.020     0.005
    24.300     0.007     0.012    -0.029
    24.310    -0.010    -0.001    -0.017
    24.320    -0.008    -0.007     0.024
    24.330    -0.008    -0.005     0.021
    24.340    -0.015    -0.012     0.007
    24.350    -0.002    -0.027     0.005
    24.360     0.011    -0.021     0.000
    24.370    -0.003     0.014    -0.006
    24.380    -0.011     0.023    -0.003
    24.390     0.008    -0.003     0.014
    24.400     0.021    -0.012     0.019
    24.410     0.010    -0.012     0.014
    24.420    -0.004     0.004     0.007
    24.430    -0.008     0.030    -0.013
    24.440    -0.002     0.012    -0.018
    24.450     0.000    -0.005    -0.012
    24.460    -0.007     0.015    -0.020
    24.470    -0.012     0.020    -0.008
    24.480    -0.004    -0.001     0.027
    24.490     0.016    -0.015     0.016
    24.500     0.023    -0.018    -0.020
    24.510     0.006    -0.018    -0.027
    24.520    -0.009    -0.012    -0.021
    24.530    -0.008    -0.002    -0.011
    24.540    -0.012     0.008     0.008
    24.550    -0.016     0.019     0.012
    24.560     0.001     0.007    -0.002
    24.570     0.022    -0.016    -0.017
    24.580     0.022    -0.025    -0.032
    24.590     0.007    -0.021    -0.033
    24.600     0.001    -0.009    -0.004
    24.610    -0.002    -0.008     0.031
    24.620    -0.013    -0.013     0.039
    24.630    -0.014    -0.005     0.037
    24.640    -0.008     0.006     0.030
    24.650    -0.003     0.013    -0.004
    24.660     0.007     0.013    -0.007
    24.670     0.017     0.011     0.032
    24.680     0.014     0.001     0.027
    24.690    -0.003    -0.008    -0.006
    24.700    -0.015    -0.001    -0.007
    24.710    -0.013     0.002     0.003
    24.720    -0.014    -0.003     0.003
    24.730    -0.019     0.004     0.008
    24.740    -0.021     0.027     0.004
    24.750    -0.018     0.030    -0.019
    24.760    -0.006    -0.002    -0.030
    24.770     0.005    -0.011    -0.032
    24.780     0.014     0.012    -0.033
    24.790     0.030     0.010    -0.015
    24.800     0.037    -0.001     0.006
    24.810     0.022     0.003     0.001
    24.820    -0.004    -0.007    -0.007
    24.830    -0.024    -0.024     0.004
    24.840    -0.012    -0.004     0.007
    24.850     0.012     0.028    -0.010
    24.860     0.014     0.012    -0.015
    24.870     0.009    -0.023    -0.008
    24.880     0.010    -0.023    -0.005
    24.890     0.008    -0.012     0.000
    24.900     0.002    -0.018     0.010
    24.910     0.005    -0.023     0.013
    24.920     0.015    -0.015     0.005
    24.930     0.004    -0.004     0.003
    24.940    -0.019     0.008     0.005
    24.950    -0.019     0.015    -0.007
    24.960    -0.008     0.014    -0.011
    24.970    -0.009     0.004     0.011
    24.980    -0.004    -0.016     0.032
    24.990     0.004    -0.022     0.015
    25.000     0.012     0.001    -0.021
    25.010     0.023     0.021    -0.020
    25.020     0.024     0.022    -0.017
    25.030     0.003     0.013    -0.030
    25.040    -0.012     0.002     0.002
    25.050    -0.013    -0.002     0.045
    25.060    -0.011    -0.010     0.030
    25.070     0.000    -0.019     0.007
    25.080     0.010    -0.012     0.006
    25.090    -0.003     0.000    -0.003
    25.100    -0.019     0.013    -0.007
    25.110    -0.015     0.016    -0.003
    25.120    -0.003     0.001    -0.008
    25.130     0.002    -0.003    -0.007
    25.140     0.003     0.005     0.013
    25.150     0.008     0.008     0.030
    25.160     0.013     0.014     0.035
    25.170     0.006     0.016     0.023
    25.180    -0.010     0.006    -0.003
    25.190    -0.016    -0.004    -0.015
    25.200    -0.011    -0.011    -0.008
    25.210    -0.006    -0.013    -0.026
    25.220     0.001    -0.005    -0.041
    25.230     0.015     0.010    -0.012
    25.240     0.022     0.014     0.005
    25.250     0.005     0.007    -0.009
    25.260    -0.017    -0.004    -0.003
    25.270    -0.022    -0.009     0.017
    25.280    -0.014    -0.002     0.006
    25.290     0.004    -0.007    -0.028
    25.300     0.027    -0.022    -0.033
    25.310     0.031    -0.021    -0.026
    25.320     0.013    -0.016    -0.023
    25.330    -0.004    -0.012     0.010
    25.340    -0.009    -0.008     0.032
    25.350    -0.004    -0.001     0.012
    25.360    -0.001     0.028     0.011
    25.370    -0.006     0.035     0.028
    25.380    -0.008    -0.004     0.017
    25.390    -0.007    -0.020     0.003
    25.400    -0.005    -0.012     0.009
    25.410     0.005    -0.021     0.001
    25.420     0.011    -0.010    -0.016
    25.430     0.004     0.021    -0.008
    25.440    -0.008     0.022     0.000
    25.450    -0.013    -0.001     0.000
    25.460    -0.013     0.009     0.019
    25.470    -0.016     0.038     0.037
    25.480    -0.015     0.017     0.036
    25.490    -0.003    -0.024     0.025
    25.500     0.016    -0.021    -0.001
    25.510     0.033    -0.001    -0.032
    25.520     0.029     0.004    -0.048
    25.530     0.004     0.007    -0.029
    25.540    -0.012     0.002     0.006
    25.550    -0.016    -0.019     0.021
    25.560    -0.019    -0.024     0.017
    25.570    -0.010     0.009     0.008
    25.580     0.004     0.029     0.005
    25.590     0.006     0.007     0.000
    25.600    -0.003    -0.008    -0.015
    25.610    -0.006    -0.004    -0.017
    25.620    -0.004    -0.008    -0.009
    25.630    -0.007    -0.008    -0.004
    25.640    -0.001    -0.006    -0.004
    25.650     0.010    -0.012     0.009
    25.660     0.000    -0.005     0.036
    25.670    -0.012     0.014     0.017
    25.680    -0.008     0.021    -0.028
    25.690    -0.001     0.011    -0.020
    25.700     0.000     0.001     0.003
    25.710     0.000    -0.011    -0.009
    25.720     0.007    -0.017    -0.023
    25.730     0.010    -0.008    -0.007
    25.740     0.006    -0.003     0.015
    25.750     0.005     0.003    -0.005
    25.760    -0.002     0.016    -0.017
    25.770    -0.010     0.000     0.028
    25.780    -0.009    -0.028     0.036
    25.790    -0.005    -0.016    -0.021
    25.800     0.005     0.017    -0.034
    25.810     0.004     0.022     0.011
    25.820    -0.015     0.000     0.015
    25.830    -0.023    -0.011    -0.019
    25.840    -0.016    -0.014    -0.001
    25.850     0.000    -0.024     0.027
    25.860     0.012    -0.015     0.002
    25.870     0.009     0.019     0.007
    25.880     0.005     0.035     0.045
    25.890     0.012     0.016     0.024
    25.900     0.025    -0.009    -0.007
    25.910     0.030    -0.009     0.002
    25.920     0.011     0.011     0.010
    25.930    -0.010     0.013     0.014
    25.940    -0.009     0.006     0.019
    25.950    -0.001     0.005     0.004
    25.960    -0.007    -0.003    -0.020
    25.970    -0.018    -0.004    -0.019
    25.980    -0.017     0.003     0.009
    25.990    -0.006    -0.003     0.013
    26.000    -0.005    -0.007    -0.008
    26.010    -0.007    -0.004    -0.023
    26.020    -0.001    -0.008    -0.030
    26.030     0.002    -0.012    -0.024
    26.040    -0.007    -0.010    -0.023
    26.050    -0.014    -0.014    -0.010
    26.060    -0.015    -0.028     0.026
    26.070    -0.017    -0.018     0.015
    26.080    -0.016     0.022    -0.013
    26.090    -0.007     0.041     0.012
    26.100     0.002     0.025     0.025
    26.110     0.015     0.000    -0.002
    26.120     0.026    -0.018    -0.017
    26.130     0.014    -0.024     0.000
    26.140     0.005    -0.018     0.007
    26.150     0.023    -0.006    -0.004
    26.160     0.026     0.004     0.015
    26.170     0.000     0.000     0.031
    26.180    -0.021    -0.010     0.019
    26.190    -0.025     0.003     0.019
    26.200    -0.015     0.011     0.011
    26.210     0.001    -0.024    -0.009
    26.220     0.016    -0.031    -0.009
    26.230     0.020     0.020    -0.013
    26.240     0.022     0.036    -0.025
    26.250     0.023    -0.004    -0.024
    26.260     0.003    -0.006    -0.017
    26.270    -0.023     0.024     0.003
    26.280    -0.027    -0.011     0.022
    26.290    -0.022    -0.049     0.018
    26.300    -0.012     0.004     0.002
    26.310     0.009     0.051    -0.009
    26.320     0.014     0.011    -0.007
    26.330    -0.006    -0.027     0.000
    26.340    -0.014    -0.017     0.009
    26.350    -0.011    -0.013     0.014
    26.360    -0.010    -0.019    -0.001
    26.370     0.002    -0.007    -0.011
    26.380     0.012     0.004     0.011
    26.390     0.001     0.010     0.009
    26.400    -0.004     0.016    -0.012
    26.410     0.009     0.010    -0.008
    26.420     0.008     0.003    -0.015
    26.430    -0.003    -0.009    -0.022
    26.440    -0.002    -0.023    -0.002
    26.450     0.001    -0.005    -0.008
    26.460     0.001     0.023    -0.029
    26.470     0.013     0.015    -0.018
    26.480     0.017    -0.006    -0.002
    26.490     0.001    -0.002     0.001
    26.500    -0.006    -0.009     0.016
    26.510     0.004    -0.029     0.033
    26.520     0.009     0.011     0.024
    26.530     0.004     0.044     0.012
    26.540    -0.010    -0.010     0.015
    26.550    -0.021    -0.046     0.002
    26.560    -0.015    -0.018    -0.026
    26.570     0.003    -0.002    -0.021
    26.580     0.013    -0.002     0.004
    26.590     0.010     0.014     0.013
    26.600     0.010     0.027     0.017
    26.610     0.012     0.013     0.021
    26.620     0.011    -0.002     0.014
    26.630     0.013    -0.012    -0.005
    26.640     0.008    -0.023    -0.020
    26.650    -0.010    -0.014    -0.009
    26.660    -0.014     0.012     0.015
    26.670    -0.004     0.019     0.022
    26.680    -0.004     0.006     0.001
    26.690    -0.006    -0.009    -0.030
    26.700    -0.005    -0.012    -0.025
    26.710    -0.019     0.004     0.007
    26.720    -0.022     0.014     0.017
    26.730     0.010    -0.010     0.009
    26.740     0.027    -0.025    -0.005
    26.750     0.007    -0.009    -0.028
    26.760    -0.004     0.003    -0.027
    26.770     0.001     0.004     0.011
    26.780    -0.009     0.010     0.027
    26.790    -0.020     0.010    -0.007
    26.800    -0.015    -0.002    -0.036
    26.810    -0.009     0.001    -0.030
    26.820    -0.005     0.021    -0.008
    26.830     0.013     0.022     0.009
    26.840     0.022     0.000     0.017
    26.850     0.013    -0.013     0.025
    26.860     0.006    -0.013     0.021
    26.870     0.004    -0.007     0.004
    26.880     0.001    -0.005    -0.014
    26.890     0.002    -0.006    -0.022
    26.900     0.003     0.005    -0.010
    26.910     0.000     0.016     0.011
    26.920    -0.008     0.014     0.026
    26.930    -0.008    -0.001     0.030
    26.940     0.012    -0.034     0.027
    26.950     0.029    -0.047     0.008
    26.960     0.021    -0.012    -0.017
    26.970     0.005     0.013    -0.013
    26.980    -0.001     0.007    -0.005
    26.990     0.001     0.008    -0.011
    27.000    -0.003     0.009    -0.018
    27.010    -0.010    -0.008    -0.009
    27.020    -0.010    -0.016     0.004
    27.030    -0.012     0.011    -0.005
    27.040    -0.013     0.035    -0.018
    27.050    -0.006     0.001    -0.007
    27.060    -0.007    -0.037     0.000
    27.070    -0.015    -0.013    -0.014
    27.080    -0.002     0.013    -0.012
    27.090     0.015     0.000     0.000
    27.100     0.006     0.001    -0.002
    27.110    -0.004     0.027    -0.005
    27.120     0.006     0.028    -0.003
    27.130     0.014    -0.001    -0.002
    27.140     0.010    -0.021     0.002
    27.150     0.002    -0.019     0.014
    27.160    -0.011    -0.011     0.026
    27.170    -0.015     0.006     0.020
    27.180    -0.003     0.023     0.009
    27.190     0.012     0.011     0.002
    27.200     0.019    -0.010    -0.008
    27.210     0.013    -0.004    -0.010
    27.220    -0.003    -0.005     0.004
    27.230    -0.019    -0.031     0.019
    27.240    -0.020    -0.036     0.017
    27.250    -0.010    -0.009     0.002
    27.260    -0.003     0.014    -0.010
    27.270     0.002     0.004    -0.018
    27.280     0.010    -0.012    -0.019
    27.290     0.010     0.007    -0.022
    27.300     0.003     0.020    -0.026
    27.310     0.001     0.000    -0.026
    27.320    -0.006     0.002    -0.021
    27.330    -0.008     0.019    -0.003
    27.340     0.007     0.012     0.024
    27.350     0.020     0.010     0.025
    27.360     0.021     0.011    -0.010
    27.370     0.013    -0.004    -0.022
    27.380     0.003    -0.004     0.010
    27.390     0.002     0.014     0.015
    27.400     0.002     0.008    -0.011
    27.410    -0.006    -0.011    -0.010
    27.420    -0.016    -0.002    -0.003
    27.430    -0.018     0.018    -0.009
    27.440    -0.014     0.018     0.008
    27.450    -0.010     0.014     0.027
    27.460     0.009     0.009     0.018
    27.470     0.035    -0.015     0.011
    27.480     0.032    -0.029     0.012
    27.490     0.004    -0.008    -0.003
    27.500    -0.019     0.001    -0.018
    27.510    -0.030    -0.009    -0.010
    27.520    -0.025    -0.001    -0.002
    27.530     0.000     0.009    -0.017
    27.540     0.015     0.005    -0.022
    27.550     0.003     0.007     0.001
    27.560    -0.004     0.011     0.023
    27.570     0.000    -0.008     0.016
    27.580     0.000    -0.029    -0.010
    27.590     0.005    -0.028    -0.027
    27.600     0.016    -0.015    -0.031
    27.610     0.013     0.002    -0.029
    27.620     0.000     0.014    -0.012
    27.630    -0.016     0.018     0.001
    27.640    -0.026     0.025    -0.003
    27.650    -0.016     0.021     0.008
    27.660    -0.001     0.006     0.031
    27.670     0.007     0.005     0.028
    27.680     0.016     0.005     0.005
    27.690     0.020    -0.004    -0.005
    27.700     0.009    -0.002    -0.015
    27.710    -0.005     0.003    -0.024
    27.720    -0.016     0.007    -0.003
    27.730    -0.020     0.008     0.024
    27.740    -0.006    -0.011     0.026
    27.750     0.018    -0.029     0.017
    27.760     0.019    -0.012    -0.002
    27.770    -0.004     0.004    -0.021
    27.780    -0.018    -0.004    -0.007
    27.790    -0.011    -0.012     0.019
    27.800     0.004    -0.012     0.003
    27.810     0.024    -0.002    -0.037
    27.820     0.031     0.015    -0.034
    27.830     0.010     0.018    -0.010
    27.840    -0.017     0.013    -0.012
    27.850    -0.023     0.002    -0.007
    27.860    -0.009    -0.015    -0.001
    27.870     0.007    -0.006    -0.017
    27.880     0.017     0.028    -0.010
    27.890     0.013     0.035     0.017
    27.900    -0.007     0.014     0.008
    27.910    -0.021    -0.001    -0.014
    27.920    -0.011    -0.019    -0.006
    27.930     0.006    -0.026     0.007
    27.940     0.008    -0.007     0.013
    27.950    -0.004     0.007     0.018
    27.960    -0.015     0.011     0.023
    27.970    -0.017     0.020     0.021
    27.980    -0.001     0.013     0.007
    27.990     0.021    -0.011     0.002
    28.000     0.026    -0.023     0.003
    28.010     0.007    -0.024     0.005
    28.020    -0.020    -0.020     0.004
    28.030    -0.034     0.000    -0.015
    28.040    -0.021     0.020    -0.026
    28.050     0.005     0.018    -0.013
    28.060     0.021     0.009    -0.009
    28.070     0.021     0.005    -0.007
    28.080     0.011     0.004     0.011
    28.090     0.000    -0.006     0.011
    28.100     0.002    -0.020    -0.018
    28.110     0.007    -0.012    -0.026
    28.120     0.004     0.005    -0.009
    28.130    -0.005     0.016    -0.004
    28.140    -0.019     0.020     0.008
    28.150    -0.028     0.010     0.027
    28.160    -0.022    -0.001     0.013
    28.170    -0.013    -0.008    -0.008
    28.180    -0.003    -0.006    -0.005
    28.190     0.013     0.003    -0.007
    28.200     0.027     0.006     0.003
    28.210     0.029     0.001     0.036
    28.220     0.014    -0.001     0.034
    28.230    -0.005    -0.008    -0.002
    28.240    -0.019    -0.016    -0.005
    28.250    -0.028    -0.006     0.010
    28.260    -0.018     0.014    -0.004
    28.270     0.006     0.012    -0.018
    28.280     0.016    -0.002     0.004
    28.290     0.005    -0.004     0.025
    28.300    -0.002    -0.014     0.008
    28.310     0.004    -0.041    -0.009
    28.320     0.006    -0.040    -0.008
    28.330     0.003    -0.004    -0.020
    28.340     0.003     0.019    -0.019
    28.350    -0.002     0.023    -0.001
    28.360    -0.009     0.026    -0.016
    28.370    -0.010     0.014    -0.029
    28.380    -0.011    -0.007     0.004
    28.390    -0.004    -0.010     0.034
    28.400     0.010     0.013     0.021
    28.410     0.007     0.018     0.004
    28.420    -0.007    -0.009     0.002
    28.430    -0.006    -0.013    -0.002
    28.440    -0.001     0.008    -0.005
    28.450    -0.005     0.000    -0.003
    28.460    -0.001    -0.016     0.000
    28.470     0.005     0.005     0.008
    28.480     0.000     0.025     0.014
    28.490    -0.009     0.007     0.013
    28.500    -0.014    -0.015     0.014
    28.510    -0.014    -0.017     0.016
    28.520    -0.010    -0.024     0.010
    28.530     0.002    -0.039     0.004
    28.540     0.017    -0.030     0.002
    28.550     0.028    -0.002    -0.015
    28.560     0.025     0.014    -0.023
    28.570     0.006     0.019    -0.005
    28.580    -0.006     0.020     0.005
    28.590    -0.006     0.003     0.008
    28.600     0.003    -0.015     0.008
    28.610     0.012    -0.004    -0.004
    28.620     0.013     0.015    -0.004
    28.630     0.003     0.010     0.000
    28.640    -0.011     0.000    -0.010
    28.650    -0.014    -0.001    -0.019
    28.660    -0.005    -0.008    -0.014
    28.670     0.002    -0.017     0.003
    28.680    -0.003    -0.014     0.013
    28.690    -0.011    -0.007     0.004
    28.700    -0.014     0.003     0.007
    28.710    -0.007     0.008     0.025
    28.720    -0.002     0.014     0.018
    28.730    -0.007     0.016     0.000
    28.740    -0.013    -0.009     0.000
    28.750    -0.009    -0.027     0.009
    28.760    -0.002    -0.003     0.009
    28.770    -0.003     0.022     0.002
    28.780    -0.003     0.018     0.003
    28.790     0.001     0.005     0.013
    28.800     0.003    -0.005     0.014
    28.810     0.010    -0.021     0.006
    28.820     0.023    -0.033    -0.004
    28.830     0.020    -0.016    -0.010
    28.840     0.009     0.004    -0.006
    28.850     0.004    -0.005    -0.005
    28.860    -0.001    -0.010    -0.009
    28.870    -0.006     0.005    -0.006
    28.880    -0.004     0.012    -0.002
    28.890    -0.007     0.010    -0.003
    28.900    -0.011     0.009    -0.006
    28.910     0.003     0.002    -0.001
    28.920     0.020    -0.006     0.011
    28.930     0.016    -0.003     0.012
    28.940     0.006     0.001     0.010
    28.950     0.005     0.003     0.018
    28.960    -0.003     0.003     0.016
    28.970    -0.016    -0.007    -0.013
    28.980    -0.018    -0.013    -0.016
    28.990    -0.011     0.004     0.013
    29.000    -0.007     0.026     0.003
    29.010    -0.005     0.017    -0.021
    29.020     0.005    -0.015     0.009
    29.030     0.016    -0.034     0.047
    29.040     0.012    -0.035     0.031
    29.050     0.000    -0.027    -0.015
    29.060    -0.007    -0.001    -0.028
    29.070    -0.008     0.024    -0.012
    29.080    -0.006     0.024    -0.019
    29.090    -0.006     0.004    -0.038
    29.100    -0.010    -0.011    -0.025
    29.110    -0.007    -0.013    -0.001
    29.120     0.001    -0.004     0.011
    29.130    -0.002     0.018     0.014
    29.140    -0.002     0.020     0.004
    29.150     0.007    -0.010    -0.005
    29.160     0.005    -0.026    -0.007
    29.170    -0.003    -0.010    -0.007
    29.180    -0.006     0.016     0.005
    29.190    -0.010     0.034     0.013
    29.200    -0.004     0.024     0.004
    29.210     0.012    -0.010     0.007
    29.220     0.013    -0.029     0.020
    29.230     0.005    -0.017     0.021
    29.240     0.007     0.007     0.021
    29.250     0.005     0.015     0.028
    29.260    -0.005     0.001     0.028
    29.270    -0.006    -0.020     0.008
    29.280    -0.003    -0.026    -0.003
    29.290    -0.002    -0.016    -0.003
    29.300     0.005    -0.005    -0.022
    29.310     0.013     0.006    -0.028
    29.320     0.013     0.017    -0.009
    29.330     0.008     0.008    -0.001
    29.340     0.009    -0.021     0.003
    29.350     0.017    -0.026    -0.006
    29.360     0.015    -0.007    -0.022
    29.370    -0.002    -0.002    -0.009
    29.380    -0.019     0.008     0.011
    29.390    -0.022     0.022     0.005
    29.400    -0.018     0.000    -0.002
    29.410    -0.008    -0.030    -0.006
    29.420     0.008    -0.016    -0.013
    29.430     0.014     0.029     0.002
    29.440     0.002     0.051     0.025
    29.450    -0.013     0.030     0.024
    29.460    -0.012     0.001     0.018
    29.470    -0.008    -0.017     0.017
    29.480    -0.015    -0.022     0.001
    29.490    -0.018    -0.009    -0.017
    29.500    -0.007     0.003    -0.027
    29.510    -0.003     0.009    -0.023
    29.520    -0.005     0.016     0.002
    29.530     0.012     0.013     0.017
    29.540     0.030     0.005     0.005
    29.550     0.022     0.002     0.001
    29.560     0.002    -0.012     0.007
    29.570    -0.007    -0.027    -0.005
    29.580    -0.003    -0.012    -0.015
    29.590    -0.004    -0.002    -0.010
    29.600    -0.009    -0.018    -0.013
    29.610    -0.011    -0.003    -0.010
    29.620    -0.004     0.034    -0.003
    29.630     0.003     0.026    -0.008
    29.640     0.015    -0.005    -0.010
    29.650     0.030    -0.015     0.005
    29.660     0.022    -0.015     0.023
    29.670    -0.001    -0.010     0.009
    29.680    -0.011     0.009    -0.016
    29.690    -0.008     0.015    -0.001
    29.700     0.005     0.008     0.018
    29.710     0.021     0.009     0.001
    29.720     0.016     0.008    -0.005
    29.730    -0.006    -0.011     0.013
    29.740    -0.018    -0.021     0.018
    29.750    -0.015    -0.006     0.012
    29.760    -0.011    -0.005     0.015
    29.770    -0.009    -0.020     0.017
    29.780    -0.009    -0.012     0.005
    29.790    -0.014     0.003    -0.026
    29.800    -0.019     0.005    -0.050
    29.810    -0.019     0.001    -0.025
    29.820    -0.012    -0.008     0.006
    29.830    -0.005    -0.005     0.002
    29.840     0.002     0.017     0.003
    29.850     0.010     0.019     0.013
    29.860     0.019    -0.006     0.003
    29.870     0.020    -0.008    -0.004
    29.880     0.015     0.006     0.002
    29.890     0.008     0.005    -0.013
    29.900     0.002     0.010    -0.023
    29.910    -0.002     0.012    -0.006
    29.920     0.001     0.004     0.000
    29.930     0.010     0.011     0.003
    29.940     0.021     0.012     0.015
    29.950     0.020    -0.003     0.000
    29.960     0.004    -0.015    -0.011
    29.970    -0.007    -0.019     0.016
    29.980    -0.006    -0.003     0.029
    29.990    -0.004     0.019     0.004
    30.000    -0.007     0.008    -0.017
    30.010    -0.011    -0.017    -0.021
    30.020    -0.010    -0.013    -0.018
    30.030    -0.001    -0.004    -0.016
    30.040     0.005    -0.012    -0.003
    30.050     0.002    -0.011     0.026
    30.060     0.004    -0.007     0.030
    30.070     0.008    -0.011    -0.001
    30.080     0.003    -0.004    -0.012
    30.090     0.001     0.005    -0.009
    30.100     0.003    -0.003    -0.021
    30.110    -0.006    -0.009    -0.029
    30.120    -0.012    -0.004    -0.020
    30.130    -0.008     0.006    -0.010
    30.140    -0.003     0.016    -0.004
    30.150     0.004     0.009     0.005
    30.160     0.006    -0.009     0.011
    30.170     0.005    -0.008     0.014
    30.180     0.010     0.004     0.027
    30.190     0.009     0.007     0.026
    30.200     0.001     0.009     0.002
    30.210    -0.004     0.012    -0.006
    30.220    -0.006    -0.001     0.003
    30.230    -0.004    -0.008     0.005
    30.240     0.003     0.009     0.010
    30.250     0.002     0.012     0.011
    30.260     0.002    -0.003     0.011
    30.270     0.009    -0.011     0.029
    30.280     0.012    -0.015     0.032
    30.290     0.010    -0.008    -0.005
    30.300     0.002    -0.003    -0.038
    30.310    -0.006    -0.017    -0.045
    30.320    -0.006    -0.012    -0.033
    30.330    -0.014     0.015    -0.009
    30.340    -0.028     0.026     0.001
    30.350    -0.019     0.007    -0.008
    30.360    -0.002    -0.013    -0.017
    30.370    -0.005    -0.015    -0.012
    30.380    -0.004    -0.004    -0.007
    30.390     0.012     0.017    -0.019
    30.400     0.011     0.025    -0.024
    30.410    -0.002     0.003    -0.014
    30.420     0.002    -0.012     0.001
    30.430     0.017    -0.005     0.018
    30.440     0.014     0.001     0.018
    30.450     0.002    -0.003     0.011
    30.460     0.003    -0.011     0.014
    30.470     0.005    -0.004     0.021
    30.480     0.011     0.001     0.030
    30.490     0.023    -0.010     0.024
    30.500     0.013    -0.006     0.005
    30.510    -0.014     0.017    -0.006
    30.520    -0.023     0.020    -0.010
    30.530    -0.013    -0.004    -0.017
    30.540    -0.001    -0.015    -0.024
    30.550     0.006    -0.010    -0.018
    30.560     0.008    -0.011    -0.005
    30.570     0.002    -0.006    -0.003
    30.580    -0.006     0.002     0.002
    30.590    -0.009     0.001     0.011
    30.600    -0.009     0.005     0.002
    30.610    -0.002     0.008    -0.013
    30.620     0.009    -0.003    -0.024
    30.630     0.007    -0.009    -0.033
    30.640    -0.001     0.002    -0.022
    30.650     0.001     0.008     0.011
    30.660     0.004     0.002     0.019
    30.670    -0.003     0.001     0.004
    30.680    -0.010    -0.003     0.003
    30.690    -0.008    -0.013     0.010
    30.700     0.001    -0.011     0.008
    30.710     0.005     0.006     0.015
    30.720     0.008     0.028     0.024
    30.730     0.010     0.026     0.012
    30.740    -0.008     0.013     0.007
    30.750    -0.018     0.019     0.004
    30.760     0.002     0.005    -0.014
    30.770     0.014    -0.032    -0.007
    30.780     0.008    -0.030     0.021
    30.790     0.011    -0.001     0.028
    30.800     0.012     0.005     0.025
    30.810     0.002    -0.005     0.016
    30.820    -0.002    -0.002    -0.004
    30.830    -0.001     0.010    -0.009
    30.840    -0.002     0.012     0.001
    30.850    -0.002     0.007    -0.005
    30.860    -0.010     0.005    -0.027
    30.870    -0.016    -0.002    -0.035
    30.880    -0.006    -0.018    -0.017
    30.890     0.006    -0.019     0.005
    30.900     0.006     0.000     0.002
    30.910    -0.006     0.018    -0.007
    30.920    -0.016     0.005    -0.001
    30.930    -0.010    -0.027    -0.006
    30.940     0.007    -0.030    -0.019
    30.950     0.010    -0.006    -0.026
    30.960    -0.003     0.008    -0.031
    30.970    -0.004     0.004    -0.010
    30.980     0.003    -0.002     0.011
    30.990     0.000    -0.005    -0.001
    31.000     0.001    -0.006     0.014
    31.010     0.015    -0.003     0.049
    31.020     0.018     0.004     0.027
    31.030     0.005     0.002    -0.019
    31.040    -0.012     0.001    -0.012
    31.050    -0.013     0.008     0.012
    31.060     0.003     0.001     0.009
    31.070     0.005    -0.010     0.017
    31.080    -0.003     0.003     0.027
    31.090     0.000     0.014     0.007
    31.100    -0.001     0.006     0.002
    31.110    -0.009     0.004     0.003
    31.120     0.001     0.001    -0.018
    31.130     0.015    -0.004    -0.016
    31.140     0.006     0.010     0.013
    31.150    -0.009     0.017     0.015
    31.160    -0.013     0.010    -0.002
    31.170    -0.010     0.011     0.000
    31.180    -0.007     0.006     0.010
    31.190    -0.005    -0.012     0.007
    31.200    -0.007    -0.016     0.000
    31.210    -0.007    -0.007     0.003
    31.220    -0.008    -0.014     0.003
    31.230    -0.009    -0.021    -0.012
    31.240    -0.002     0.000    -0.022
    31.250     0.005     0.025    -0.017
    31.260     0.005     0.021    -0.018
    31.270     0.003    -0.003    -0.028
    31.280     0.005    -0.017    -0.029
    31.290    -0.001    -0.019    -0.024
    31.300    -0.012    -0.019    -0.013
    31.310    -0.008    -0.006     0.004
    31.320     0.009     0.009     0.010
    31.330     0.021     0.008     0.012
    31.340     0.024     0.000     0.022
    31.350     0.023    -0.001     0.014
    31.360     0.015     0.006     0.001
    31.370    -0.001     0.006     0.014
    31.380    -0.006    -0.002     0.018
    31.390     0.006    -0.003     0.000
    31.400     0.010    -0.001     0.007
    31.410     0.000    -0.005     0.024
    31.420    -0.008    -0.008     0.017
    31.430    -0.014    -0.003     0.011
    31.440    -0.019    -0.002     0.014
    31.450    -0.017    -0.005     0.006
    31.460    -0.016     0.007    -0.003
    31.470    -0.018     0.016    -0.008
    31.480    -0.012     0.005    -0.015
    31.490     0.000    -0.006    -0.027
    31.500    -0.002    -0.010    -0.039
    31.510    -0.008    -0.005    -0.028
    31.520    -0.003     0.010     0.008
    31.530     0.004     0.011     0.025
    31.540    -0.001    -0.001     0.014
    31.550    -0.005    -0.009    -0.004
    31.560     0.000    -0.013    -0.015
    31.570     0.011    -0.002    -0.010
    31.580     0.017     0.019    -0.008
    31.590     0.010     0.015    -0.018
    31.600     0.000     0.007    -0.004
    31.610     0.003     0.005     0.017
    31.620     0.007    -0.005     0.011
    31.630     0.003    -0.001     0.007
    31.640     0.001     0.005     0.026
    31.650     0.005    -0.010     0.025
    31.660     0.005    -0.013     0.012
    31.670    -0.001    -0.004     0.009
    31.680    -0.004    -0.003    -0.013
    31.690    -0.008     0.008    -0.037
    31.700    -0.011     0.015    -0.032
    31.710    -0.001    -0.002    -0.016
    31.720     0.006    -0.021     0.007
    31.730    -0.001    -0.024     0.014
    31.740    -0.007    -0.020     0.005
    31.750    -0.007    -0.004     0.007
    31.760    -0.007     0.017    -0.002
    31.770    -0.007     0.024    -0.016
    31.780    -0.007     0.010    -0.012
    31.790    -0.005    -0.005    -0.011
    31.800    -0.002    -0.004    -0.014
    31.810     0.003     0.001     0.005
    31.820     0.004     0.001     0.019
    31.830     0.005    -0.002     0.012
    31.840     0.012    -0.009     0.017
    31.850     0.014    -0.012     0.020
    31.860     0.010    -0.004    -0.001
    31.870     0.008     0.010    -0.002
    31.880     0.002     0.023     0.018
    31.890    -0.006     0.018     0.005
    31.900    -0.004     0.005    -0.012
    31.910     0.003     0.012     0.006
    31.920    -0.001     0.015     0.015
    31.930    -0.009    -0.005     0.006
    31.940    -0.010    -0.022     0.013
    31.950    -0.007    -0.027     0.018
    31.960    -0.009    -0.020     0.000
    31.970    -0.016    -0.002    -0.012
    31.980    -0.014     0.017    -0.012
    31.990    -0.004     0.017    -0.025
    32.000     0.002    -0.001    -0.044
    32.010     0.005    -0.016    -0.033
    32.020     0.009    -0.021    -0.009
    32.030     0.011    -0.014     0.000
    32.040     0.009    -0.001     0.003
    32.050     0.001     0.005     0.004
    32.060    -0.009     0.006     0.001
    32.070    -0.015     0.003     0.011
    32.080    -0.007    -0.003     0.014
    32.090     0.006    -0.004     0.003
    32.100     0.012     0.001     0.008
    32.110     0.013     0.004     0.017
    32.120     0.011     0.011     0.008
    32.130     0.005     0.008     0.000
    32.140     0.000    -0.016     0.013
    32.150     0.001    -0.024     0.022
    32.160     0.002    -0.013     0.007
    32.170    -0.009    -0.010     0.001
    32.180    -0.016    -0.003     0.013
    32.190    -0.006     0.005     0.013
    32.200     0.006     0.003    -0.002
    32.210     0.005     0.007    -0.003
    32.220     0.001     0.013     0.002
    32.230     0.007     0.016    -0.015
    32.240     0.010     0.010    -0.028
    32.250     0.001    -0.010    -0.020
    32.260    -0.008    -0.021    -0.009
    32.270    -0.007    -0.009     0.011
    32.280    -0.002     0.009     0.028
    32.290     0.001     0.017     0.007
    32.300     0.005     0.016    -0.022
    32.310     0.009     0.004    -0.014
    32.320     0.013    -0.006     0.003
    32.330     0.010     0.013     0.001
    32.340    -0.001     0.034     0.000
    32.350    -0.002     0.020     0.007
    32.360     0.014    -0.011     0.012
    32.370     0.019    -0.024     0.008
    32.380     0.000    -0.015    -0.002
    32.390    -0.024     0.004     0.001
    32.400    -0.024     0.019     0.009
    32.410     0.001     0.004    -0.001
    32.420     0.009    -0.020    -0.015
    32.430    -0.012    -0.015    -0.007
    32.440    -0.028    -0.011     0.000
    32.450    -0.018    -0.030    -0.007
    32.460    -0.003    -0.030    -0.002
    32.470     0.005    -0.005     0.017
    32.480     0.006     0.003     0.017
    32.490    -0.004    -0.008    -0.001
    32.500    -0.012    -0.001    -0.015
    32.510    -0.002     0.021    -0.023
    32.520     0.011     0.020    -0.029
    32.530     0.013     0.001    -0.017
    32.540     0.013    -0.004     0.005
    32.550     0.017     0.005     0.014
    32.560     0.011     0.007     0.021
    32.570     0.000     0.002     0.024
    32.580     0.004     0.002     0.018
    32.590     0.017     0.014     0.002
    32.600     0.015     0.026    -0.014
    32.610     0.002     0.015    -0.008
    32.620    -0.001    -0.013     0.006
    32.630     0.002    -0.018     0.012
    32.640    -0.001    -0.004     0.023
    32.650    -0.004    -0.009     0.027
    32.660     0.001    -0.021     0.014
    32.670     0.006    -0.021     0.001
    32.680     0.000    -0.025     0.001
    32.690    -0.012    -0.022    -0.011
    32.700    -0.015    -0.007    -0.025
    32.710    -0.012    -0.006    -0.018
    32.720    -0.006    -0.007    -0.018
    32.730    -0.001     0.006    -0.023
    32.740     0.002     0.011    -0.019
    32.750     0.006    -0.004    -0.014
    32.760     0.010    -0.011    -0.010
    32.770     0.015     0.005    -0.009
    32.780     0.016     0.022    -0.001
    32.790     0.006     0.019     0.012
    32.800    -0.007     0.014     0.007
    32.810    -0.007     0.007     0.000
    32.820     0.004     0.003     0.007
    32.830     0.010     0.014     0.004
    32.840     0.010     0.017    -0.008
    32.850     0.004    -0.002     0.000
    32.860    -0.001    -0.008     0.017
    32.870     0.003     0.007     0.021
    32.880     0.007    -0.006     0.017
    32.890    -0.003    -0.026     0.006
    32.900    -0.016    -0.007     0.007
    32.910    -0.020     0.008     0.026
    32.920    -0.017    -0.005     0.022
    32.930    -0.016    -0.014     0.001
    32.940    -0.021    -0.019    -0.009
    32.950    -0.018    -0.019    -0.019
    32.960    -0.001    -0.010    -0.029
    32.970     0.017    -0.004    -0.021
    32.980     0.018    -0.011    -0.008
    32.990     0.009    -0.016    -0.013
    33.000     0.006    -0.012    -0.012
    33.010     0.002    -0.009     0.009
    33.020    -0.008     0.005     0.014
    33.030    -0.015     0.017     0.004
    33.040    -0.013     0.001     0.004
    33.050     0.000    -0.005    -0.001
    33.060     0.017     0.012    -0.004
    33.070     0.019     0.015     0.009
    33.080     0.011     0.016     0.010
    33.090     0.016     0.032    -0.001
    33.100     0.022     0.028     0.004
    33.110     0.015     0.000     0.003
    33.120     0.005    -0.003    -0.010
    33.130     0.000     0.018     0.006
    33.140    -0.003     0.014     0.027
    33.150    -0.005    -0.004     0.011
    33.160    -0.001     0.001    -0.008
    33.170     0.005     0.004     0.001
    33.180     0.005    -0.014     0.004
    33.190     0.004    -0.019    -0.019
    33.200     0.012    -0.016    -0.018
    33.210     0.013    -0.025     0.005
    33.220    -0.002    -0.021     0.003
    33.230    -0.015    -0.002    -0.005
    33.240    -0.022     0.001    -0.001
    33.250    -0.026    -0.009    -0.003
    33.260    -0.015    -0.019    -0.012
    33.270     0.006    -0.020    -0.012
    33.280     0.011    -0.011    -0.001
    33.290    -0.004    -0.002     0.002
    33.300    -0.009     0.001     0.002
    33.310     0.003    -0.004     0.013
    33.320     0.013    -0.011     0.020
    33.330     0.009    -0.006     0.021
    33.340    -0.002     0.010     0.015
    33.350    -0.003     0.019     0.001
    33.360     0.003     0.016    -0.005
    33.370     0.001     0.007    -0.008
    33.380    -0.009    -0.010    -0.010
    33.390    -0.011    -0.011     0.000
    33.400    -0.001    -0.001     0.005
    33.410     0.004    -0.019    -0.008
    33.420    -0.005    -0.039    -0.001
    33.430    -0.010    -0.022     0.026
    33.440     0.000     0.005     0.021
    33.450     0.007     0.015    -0.017
    33.460    -0.002     0.021    -0.033
    33.470    -0.004     0.022    -0.017
    33.480     0.002     0.007    -0.012
    33.490     0.002    -0.008    -0.023
    33.500    -0.001    -0.013    -0.018
    33.510     0.003    -0.015     0.001
    33.520     0.015    -0.009     0.017
    33.530     0.026     0.009     0.021
    33.540     0.022     0.025     0.013
    33.550     0.005     0.028     0.005
    33.560    -0.001     0.016     0.001
    33.570     0.004     0.005     0.002
    33.580     0.008     0.000     0.006
    33.590     0.008    -0.002     0.012
    33.600     0.003     0.003     0.017
    33.610     0.004     0.012    -0.002
    33.620     0.010     0.012    -0.018
    33.630    -0.001     0.005     0.005
    33.640    -0.014    -0.002     0.017
    33.650    -0.005    -0.005    -0.003
    33.660     0.004    -0.008    -0.007
    33.670    -0.008    -0.011     0.001
    33.680    -0.029    -0.003    -0.012
    33.690    -0.035     0.009    -0.026
    33.700    -0.019     0.004    -0.027
    33.710     0.003    -0.006    -0.033
    33.720     0.017    -0.004    -0.028
    33.730     0.020    -0.006    -0.003
    33.740     0.012    -0.016     0.014
    33.750    -0.006    -0.008     0.018
    33.760    -0.019     0.007     0.019
    33.770    -0.013     0.001     0.011
    33.780    -0.001    -0.014     0.003
    33.790     0.005    -0.011     0.006
    33.800     0.009     0.002     0.019
    33.810     0.008    -0.002     0.020
    33.820     0.009    -0.007     0.007
    33.830     0.010     0.002     0.006
    33.840     0.001     0.004     0.019
    33.850    -0.004     0.001     0.014
    33.860     0.006     0.014    -0.001
    33.870     0.009     0.028     0.003
    33.880    -0.003     0.016     0.001
    33.890    -0.008     0.006    -0.008
    33.900    -0.004     0.013    -0.011
    33.910    -0.003     0.006    -0.016
    33.920    -0.010    -0.011    -0.013
    33.930    -0.016    -0.018    -0.001
    33.940    -0.009    -0.021     0.007
    33.950     0.002    -0.015     0.008
    33.960     0.004     0.004     0.007
    33.970    -0.004     0.013     0.002
    33.980    -0.011     0.003    -0.012
    33.990    -0.007    -0.001    -0.013
    34.000     0.003     0.007    -0.006
    34.010     0.014     0.003    -0.017
    34.020     0.022    -0.012    -0.021
    34.030     0.026    -0.022     0.004
    34.040     0.020    -0.019     0.022
    34.050     0.005     0.001     0.018
    34.060    -0.006     0.018     0.008
    34.070    -0.003     0.010    -0.006
    34.080     0.000    -0.007    -0.022
    34.090    -0.008    -0.007    -0.011
    34.100    -0.014    -0.003     0.010
    34.110    -0.013    -0.002     0.002
    34.120    -0.005     0.011    -0.003
    34.130     0.003     0.010     0.007
    34.140     0.004    -0.003     0.003
    34.150    -0.002     0.003    -0.003
    34.160    -0.006    -0.002     0.010
    34.170    -0.010    -0.019     0.015
    34.180    -0.014    -0.002    -0.007
    34.190    -0.016     0.023    -0.023
    34.200    -0.020     0.007    -0.014
    34.210    -0.016    -0.015    -0.014
    34.220     0.003    -0.007    -0.015
    34.230     0.014    -0.005     0.006
    34.240     0.007    -0.018     0.013
    34.250     0.004    -0.015    -0.003
    34.260     0.007     0.003    -0.003
    34.270     0.005     0.010     0.014
    34.280     0.002     0.012     0.016
    34.290     0.008     0.020     0.010
    34.300     0.018     0.017     0.011
    34.310     0.017     0.001     0.005
    34.320     0.005    -0.005     0.010
    34.330     0.000    -0.006     0.020
    34.340    -0.003    -0.008    -0.001
    34.350    -0.010     0.003    -0.018
    34.360    -0.010     0.019    -0.006
    34.370    -0.005     0.013    -0.005
    34.380     0.000    -0.001    -0.017
    34.390     0.002    -0.011    -0.010
    34.400    -0.007    -0.013     0.004
    34.410    -0.019     0.004     0.002
    34.420    -0.016     0.014    -0.007
    34.430    -0.002    -0.007    -0.011
    34.440     0.005    -0.016    -0.015
    34.450     0.000    -0.011    -0.019
    34.460    -0.007    -0.024    -0.015
    34.470    -0.007    -0.025    -0.003
    34.480    -0.006     0.005     0.006
    34.490    -0.007     0.033     0.017
    34.500    -0.010     0.026     0.021
    34.510    -0.013    -0.002     0.003
    34.520    -0.007    -0.005    -0.008
    34.530     0.008     0.000    -0.005
    34.540     0.023    -0.012    -0.012
    34.550     0.028    -0.013    -0.014
    34.560     0.021    -0.003    -0.006
    34.570     0.014    -0.003    -0.005
    34.580     0.001     0.001    -0.002
    34.590    -0.013     0.017     0.011
    34.600    -0.006     0.014     0.013
    34.610     0.007    -0.006     0.006
    34.620    -0.001    -0.004     0.005
    34.630    -0.019     0.014     0.002
    34.640    -0.020     0.021    -0.006
    34.650    -0.005     0.008     0.000
    34.660     0.001    -0.002     0.008
    34.670    -0.010     0.009    -0.011
    34.680    -0.015     0.004    -0.035
    34.690    -0.006    -0.029    -0.014
    34.700     0.004    -0.029     0.017
    34.710     0.004     0.005     0.008
    34.720    -0.008     0.022     0.006
    34.730    -0.020     0.020     0.026
    34.740    -0.010     0.018     0.017
    34.750     0.016     0.001     0.000
    34.760     0.023    -0.033    -0.003
    34.770     0.015    -0.047    -0.011
    34.780     0.007    -0.016    -0.008
    34.790     0.004     0.014     0.011
    34.800     0.010     0.007     0.013
    34.810     0.012     0.003     0.001
    34.820    -0.001     0.005    -0.004
    34.830    -0.010    -0.022    -0.010
    34.840    -0.001    -0.025    -0.005
    34.850     0.010     0.008     0.002
    34.860     0.004     0.004    -0.007
    34.870    -0.004    -0.026    -0.019
    34.880    -0.003    -0.015    -0.017
    34.890    -0.011     0.017    -0.008
    34.900    -0.024    -0.003     0.003
    34.910    -0.018    -0.034     0.010
    34.920     0.002    -0.004     0.005
    34.930     0.001     0.029    -0.009
    34.940    -0.023     0.015    -0.010
    34.950    -0.033     0.015    -0.002
    34.960    -0.017     0.031    -0.005
    34.970     0.001     0.005    -0.015
    34.980     0.012    -0.034    -0.007
    34.990     0.025    -0.017     0.009
    35.000     0.021     0.023     0.008
    35.010    -0.008     0.025     0.009
    35.020    -0.020     0.017     0.021
    35.030     0.002     0.021     0.011
    35.040     0.021     0.007    -0.009
    35.050     0.023    -0.017    -0.013
    35.060     0.025    -0.007     0.000
    35.070     0.023     0.019     0.008
    35.080     0.009     0.013    -0.002
    35.090    -0.003    -0.022     0.012
    35.100     0.000    -0.032     0.033
    35.110     0.003    -0.016     0.012
    35.120    -0.004    -0.013    -0.011
    35.130    -0.005    -0.015    -0.003
    35.140     0.005    -0.004    -0.001
    35.150     0.005     0.012    -0.013
    35.160    -0.013     0.010    -0.005
    35.170    -0.025    -0.008     0.011
    35.180    -0.009    -0.008    -0.002
    35.190     0.011     0.003    -0.011
    35.200     0.004    -0.003     0.000
    35.210    -0.020    -0.005    -0.006
    35.220    -0.025     0.001    -0.012
    35.230    -0.009    -0.005     0.005
    35.240     0.003    -0.003     0.022
    35.250     0.005     0.008     0.013
    35.260     0.005    -0.002    -0.005
    35.270     0.005    -0.010    -0.005
    35.280     0.005     0.006     0.011
    35.290     0.002     0.017     0.016
    35.300     0.002     0.010     0.007
    35.310     0.004     0.006     0.002
    35.320     0.006    -0.001     0.000
    35.330     0.008    -0.016    -0.001
    35.340     0.003    -0.020     0.002
    35.350    -0.015    -0.002     0.007
    35.360    -0.025     0.024     0.004
    35.370    -0.011     0.027    -0.006
    35.380     0.007     0.002    -0.006
    35.390     0.012    -0.022    -0.009
    35.400     0.006    -0.022    -0.023
    35.410     0.001     0.006    -0.014
    35.420     0.002     0.026     0.012
    35.430     0.005     0.004     0.010
    35.440     0.006    -0.019    -0.010
    35.450     0.006    -0.005    -0.007
    35.460     0.007     0.008     0.006
    35.470     0.004    -0.001     0.012
    35.480    -0.007     0.008     0.017
    35.490    -0.004     0.021     0.011
    35.500     0.011    -0.001     0.002
    35.510     0.014    -0.022     0.006
    35.520     0.007    -0.008     0.003
    35.530     0.009     0.007    -0.002
    35.540     0.011     0.003     0.007
    35.550     0.005     0.002     0.008
    35.560    -0.004     0.003    -0.008
    35.570    -0.008    -0.007    -0.020
    35.580    -0.013    -0.009    -0.010
    35.590    -0.013     0.002     0.000
    35.600    -0.011    -0.004    -0.012
    35.610    -0.019    -0.019    -0.007
    35.620    -0.030    -0.008     0.019
    35.630    -0.033     0.019     0.009
    35.640    -0.030     0.024    -0.025
    35.650    -0.021    -0.006    -0.029
    35.660    -0.012    -0.032    -0.002
    35.670    -0.004    -0.028     0.012
    35.680    -0.001    -0.016     0.010
    35.690    -0.006    -0.004     0.024
    35.700    -0.006     0.014     0.031
    35.710     0.004     0.015     0.014
    35.720     0.008    -0.012    -0.002
    35.730     0.004    -0.028    -0.009
    35.740    -0.005    -0.010    -0.009
    35.750    -0.017     0.010     0.000
    35.760    -0.025     0.005     0.010
    35.770    -0.025     0.000     0.007
    35.780    -0.016     0.006    -0.007
    35.790    -0.007    -0.005    -0.001
    35.800    -0.015    -0.007     0.016
    35.810    -0.028     0.028     0.008
    35.820    -0.041     0.034     0.002
    35.830    -0.060    -0.014     0.012
    35.840    -0.070    -0.035     0.014
    35.850    -0.059    -0.011     0.002
    35.860    -0.056     0.002    -0.001
    35.870    -0.068    -0.006     0.005
    35.880    -0.072     0.003    -0.001
    35.890    -0.073     0.017    -0.011
    35.900    -0.081     0.006    -0.008
    35.910    -0.087    -0.006     0.002
    35.920    -0.078    -0.010     0.005
    35.930    -0.056    -0.026     0.003
    35.940    -0.041    -0.036     0.012
    35.950    -0.033    -0.017     0.019
    35.960    -0.014     0.007     0.004
    35.970     0.016     0.007    -0.010
    35.980     0.047     0.009     0.007
    35.990     0.081     0.011     0.030
    36.000     0.124    -0.016     0.010
    36.010     0.166    -0.026    -0.014
    36.020     0.210     0.011     0.005
    36.030     0.261     0.028     0.023
    36.040     0.296     0.001     0.000
    36.050     0.298    -0.019    -0.019
    36.060     0.263    -0.017    -0.007
    36.070     0.203    -0.020    -0.003
    36.080     0.132    -0.019    -0.010
    36.090     0.042    -0.008    -0.002
    36.100    -0.062    -0.005     0.002
    36.110    -0.141     0.000    -0.008
    36.120    -0.176     0.010    -0.003
    36.130    -0.177     0.007     0.004
    36.140    -0.142     0.001     0.003
    36.150    -0.073     0.012     0.018
    36.160     0.012     0.021     0.029
    36.170     0.097     0.008     0.017
    36.180     0.159    -0.007     0.002
    36.190     0.178    -0.012    -0.002
    36.200     0.159    -0.001     0.005
    36.210     0.118     0.012     0.006
    36.220     0.064     0.001    -0.017
    36.230     0.007    -0.005    -0.043
    36.240    -0.039    -0.009    -0.039
    36.250    -0.079    -0.034    -0.010
    36.260    -0.133    -0.030     0.001
    36.270    -0.182     0.009     0.002
    36.280    -0.192     0.027     0.018
    36.290    -0.170     0.027     0.018
    36.300    -0.144     0.044    -0.017
    36.310    -0.099     0.065    -0.045
    36.320    -0.009     0.057    -0.052
    36.330     0.096     0.042    -0.063
    36.340     0.165     0.042    -0.069
    36.350     0.184     0.021    -0.048
    36.360     0.169    -0.026    -0.032
    36.370     0.138    -0.045    -0.030
    36.380     0.091    -0.034    -0.016
    36.390     0.016    -0.046    -0.013
    36.400    -0.074    -0.068    -0.026
    36.410    -0.142    -0.049    -0.008
    36.420    -0.166    -0.006     0.030
    36.430    -0.155     0.007     0.035
    36.440    -0.124     0.001     0.029
    36.450    -0.073     0.009     0.047
    36.460    -0.014     0.018     0.062
    36.470     0.025     0.024     0.053
    36.480     0.052     0.033     0.045
    36.490     0.089     0.024     0.049
    36.500     0.118    -0.010     0.038
    36.510     0.107    -0.033     0.000
    36.520     0.061    -0.031    -0.020
    36.530     0.000    -0.028     0.000
    36.540    -0.060    -0.032     0.006
    36.550    -0.110    -0.032    -0.007
    36.560    -0.148    -0.030     0.015
    36.570    -0.169    -0.029     0.044
    36.580    -0.162    -0.011     0.032
    36.590    -0.130     0.026     0.026
    36.600    -0.087     0.065     0.054
    36.610    -0.028     0.081     0.065
    36.620     0.036     0.064     0.042
    36.630     0.076     0.048     0.014
    36.640     0.078     0.053     0.000
    36.650     0.049     0.033    -0.015
    36.660    -0.007    -0.025    -0.042
    36.670    -0.066    -0.063    -0.049
    36.680    -0.088    -0.062    -0.037
    36.690    -0.062    -0.053    -0.047
    36.700    -0.009    -0.045    -0.059
    36.710     0.047    -0.038    -0.037
    36.720     0.080    -0.026    -0.017
    36.730     0.076     0.000    -0.020
    36.740     0.047     0.016    -0.018
    36.750     0.003     0.020    -0.010
    36.760    -0.062     0.030    -0.014
    36.770    -0.121     0.030     0.001
    36.780    -0.126     0.029     0.033
    36.790    -0.077     0.053     0.022
    36.800    -0.003     0.068    -0.019
    36.810     0.086     0.043    -0.021
    36.820     0.166     0.006     0.004
    36.830     0.190    -0.028    -0.011
    36.840     0.151    -0.064    -0.046
    36.850     0.090    -0.077    -0.040
    36.860     0.021    -0.068    -0.024
    36.870    -0.071    -0.062    -0.033
    36.880    -0.153    -0.050    -0.030
    36.890    -0.177    -0.013    -0.003
    36.900    -0.146     0.032     0.028
    36.910    -0.084     0.062     0.052
    36.920    -0.009     0.075     0.058
    36.930     0.060     0.077     0.062
    36.940     0.107     0.071     0.077
    36.950     0.129     0.055     0.072
    36.960     0.131     0.012     0.048
    36.970     0.117    -0.038     0.030
    36.980     0.102    -0.051    -0.001
    36.990     0.095    -0.053    -0.040
    37.000     0.078    -0.056    -0.058
    37.010     0.043    -0.028    -0.072
    37.020     0.021    -0.009    -0.106
    37.030     0.028    -0.020    -0.126
    37.040     0.048    -0.004    -0.112
    37.050     0.056     0.025    -0.091
    37.060     0.038     0.016    -0.074
    37.070    -0.004     0.008    -0.051
    37.080    -0.058     0.031    -0.034
    37.090    -0.110     0.045    -0.037
    37.100    -0.141     0.027    -0.045
    37.110    -0.135     0.014    -0.046
    37.120    -0.098     0.034    -0.056
    37.130    -0.040     0.043    -0.067
    37.140     0.030     0.015    -0.048
    37.150     0.101    -0.004    -0.014
    37.160     0.150     0.000     0.004
    37.170     0.162     0.006     0.003
    37.180     0.150     0.000     0.004
    37.190     0.126    -0.028    -0.007
    37.200     0.080    -0.041    -0.033
    37.210     0.013    -0.028    -0.026
    37.220    -0.066    -0.029     0.006
    37.230    -0.143    -0.030     0.012
    37.240    -0.186     0.003     0.021
    37.250    -0.178     0.049     0.060
    37.260    -0.146     0.078     0.079
    37.270    -0.098     0.083     0.073
    37.280    -0.028     0.053     0.097
    37.290     0.041     0.014     0.122
    37.300     0.089    -0.004     0.099
    37.310     0.116    -0.025     0.072
    37.320     0.116    -0.047     0.067
    37.330     0.081    -0.035     0.040
    37.340     0.027    -0.007     0.013
    37.350    -0.013    -0.006     0.032
    37.360    -0.035    -0.020     0.051
    37.370    -0.043    -0.019     0.039
    37.380    -0.033    -0.023     0.049
    37.390    -0.028    -0.036     0.077
    37.400    -0.050    -0.025     0.081
    37.410    -0.077    -0.015     0.077
    37.420    -0.072    -0.030     0.087
    37.430    -0.041    -0.044     0.081
    37.440    -0.012    -0.036     0.048
    37.450     0.003    -0.006     0.012
    37.460     0.007     0.025     0.002
    37.470    -0.020     0.034     0.027
    37.480    -0.083     0.030     0.029
    37.490    -0.142     0.021    -0.018
    37.500    -0.170     0.005    -0.034
    37.510    -0.176    -0.014    -0.007
    37.520    -0.162    -0.023    -0.023
    37.530    -0.131    -0.018    -0.059
    37.540    -0.072    -0.008    -0.042
    37.550     0.022    -0.008    -0.011
    37.560     0.108    -0.026     0.004
    37.570     0.152    -0.024     0.036
    37.580     0.163     0.010     0.085
    37.590     0.144     0.032     0.104
    37.600     0.100     0.038     0.078
    37.610     0.059     0.042     0.069
    37.620     0.041     0.026     0.090
    37.630     0.043    -0.011     0.072
    37.640     0.039    -0.044     0.014
    37.650     0.016    -0.050    -0.018
    37.660    -0.001    -0.041    -0.034
    37.670     0.003    -0.058    -0.064
    37.680    -0.003    -0.099    -0.070
    37.690    -0.032    -0.097    -0.046
    37.700    -0.053    -0.026    -0.036
    37.710    -0.051     0.033    -0.023
    37.720    -0.043     0.034     0.006
    37.730    -0.042     0.028     0.001
    37.740    -0.046     0.038    -0.035
    37.750    -0.049     0.023    -0.035
    37.760    -0.044    -0.008    -0.012
    37.770    -0.027    -0.012    -0.019
    37.780    -0.003    -0.004    -0.042
    37.790     0.035    -0.020    -0.059
    37.800     0.084    -0.043    -0.067
    37.810     0.111    -0.049    -0.053
    37.820     0.106    -0.031    -0.039
    37.830     0.086     0.014    -0.047
    37.840     0.054     0.069    -0.065
    37.850     0.017     0.090    -0.086
    37.860    -0.011     0.061    -0.099
    37.870    -0.009     0.041    -0.094
    37.880     0.009     0.037    -0.079
    37.890     0.008     0.015    -0.056
    37.900     0.000     0.010    -0.034
    37.910     0.026     0.029    -0.020
    37.920     0.081     0.011    -0.013
    37.930     0.132    -0.025    -0.016
    37.940     0.167    -0.014    -0.028
    37.950     0.187     0.012    -0.032
    37.960     0.174     0.001    -0.026
    37.970     0.124    -0.030    -0.016
    37.980     0.062    -0.043     0.003
    37.990    -0.002    -0.036     0.019
    38.000    -0.068    -0.027    -0.003
    38.010    -0.123    -0.023    -0.042
    38.020    -0.147    -0.021    -0.046
    38.030    -0.142    -0.014    -0.017
    38.040    -0.110    -0.001     0.005
    38.050    -0.065     0.004     0.012
    38.060    -0.034     0.003     0.021
    38.070    -0.024     0.018     0.033
    38.080    -0.020     0.046     0.037
    38.090    -0.026     0.064     0.029
    38.100    -0.038     0.063     0.022
    38.110    -0.040     0.049     0.020
    38.120    -0.040     0.026     0.016
    38.130    -0.063     0.009     0.016
    38.140    -0.096    -0.005     0.031
    38.150    -0.100    -0.039     0.038
    38.160    -0.069    -0.058     0.014
    38.170    -0.017    -0.026    -0.006
    38.180     0.042     0.022     0.003
    38.190     0.083     0.051     0.009
    38.200     0.082     0.052    -0.003
    38.210     0.036     0.025     0.003
    38.220    -0.031     0.006     0.025
    38.230    -0.082     0.015     0.019
    38.240    -0.099     0.020    -0.003
    38.250    -0.086     0.014    -0.009
    38.260    -0.037     0.012    -0.018
    38.270     0.033     0.004    -0.038
    38.280     0.073    -0.010    -0.041
    38.290     0.065     0.006    -0.013
    38.300     0.042     0.040     0.021
    38.310     0.012     0.032     0.040
    38.320    -0.028    -0.013     0.056
    38.330    -0.069    -0.044     0.077
    38.340    -0.104    -0.053     0.093
    38.350    -0.124    -0.061     0.087
    38.360    -0.132    -0.055     0.072
    38.370    -0.137    -0.042     0.079
    38.380    -0.131    -0.064     0.090
    38.390    -0.114    -0.079     0.078
    38.400    -0.099    -0.040     0.057
    38.410    -0.090     0.003     0.046
    38.420    -0.066     0.020     0.038
    38.430    -0.005     0.048     0.037
    38.440     0.087     0.088     0.044
    38.450     0.174     0.080     0.028
    38.460     0.234     0.023    -0.019
    38.470     0.258    -0.017    -0.062
    38.480     0.240    -0.020    -0.073
    38.490     0.183    -0.023    -0.059
    38.500     0.083    -0.032    -0.031
    38.510    -0.047    -0.038    -0.002
    38.520    -0.150    -0.060     0.009
    38.530    -0.174    -0.083     0.007
    38.540    -0.120    -0.063     0.003
    38.550    -0.026    -0.022    -0.001
    38.560     0.077    -0.007     0.015
    38.570     0.175    -0.006     0.066
    38.580     0.244    -0.004     0.102
    38.590     0.254    -0.025     0.093
    38.600     0.195    -0.086     0.085
    38.610     0.094    -0.141     0.068
    38.620    -0.012    -0.153     0.011
    38.630    -0.106    -0.120    -0.049
    38.640    -0.178    -0.055    -0.083
    38.650    -0.203    -0.001    -0.090
    38.660    -0.159     0.017    -0.077
    38.670    -0.065     0.019    -0.075
    38.680     0.027     0.003    -0.091
    38.690     0.083    -0.011    -0.102
    38.700     0.098     0.028    -0.073
    38.710     0.080     0.095    -0.013
    38.720     0.043     0.103     0.022
    38.730     0.000     0.056     0.009
    38.740    -0.036     0.027    -0.008
    38.750    -0.054     0.006    -0.010
    38.760    -0.046    -0.023    -0.026
    38.770    -0.009    -0.024    -0.049
    38.780     0.044    -0.016    -0.048
    38.790     0.087    -0.007    -0.043
    38.800     0.108     0.029    -0.055
    38.810     0.096     0.061    -0.068
    38.820     0.035     0.039    -0.075
    38.830    -0.052    -0.004    -0.095
    38.840    -0.115     0.002    -0.128
    38.850    -0.142     0.038    -0.147
    38.860    -0.144     0.036    -0.158
    38.870    -0.124     0.017    -0.166
    38.880    -0.093     0.023    -0.162
    38.890    -0.067     0.038    -0.132
    38.900    -0.041     0.039    -0.082
    38.910    -0.013     0.039    -0.050
    38.920     0.011     0.046    -0.043
    38.930     0.036     0.054    -0.017
    38.940     0.069     0.066     0.026
    38.950     0.108     0.090     0.031
    38.960     0.137     0.096     0.000
    38.970     0.133     0.075    -0.020
    38.980     0.100     0.060    -0.033
    38.990     0.056     0.055    -0.053
    39.000     0.018     0.044    -0.060
    39.010    -0.008     0.038    -0.037
    39.020    -0.014     0.053     0.002
    39.030    -0.001     0.080     0.042
    39.040     0.016     0.110     0.069
    39.050     0.026     0.128     0.075
    39.060     0.025     0.116     0.073
    39.070     0.005     0.090     0.073
    39.080    -0.022     0.065     0.061
    39.090    -0.042     0.037     0.047
    39.100    -0.060    -0.002     0.059
    39.110    -0.086    -0.039     0.079
    39.120    -0.123    -0.053     0.088
    39.130    -0.158    -0.060     0.099
    39.140    -0.161    -0.078     0.099
    39.150    -0.137    -0.072     0.093
    39.160    -0.103    -0.023     0.106
    39.170    -0.066     0.012     0.120
    39.180    -0.043     0.004     0.117
    39.190    -0.032    -0.017     0.135
    39.200    -0.019    -0.039     0.172
    39.210    -0.009    -0.047     0.174
    39.220    -0.004    -0.036     0.145
    39.230     0.000    -0.045     0.129
    39.240     0.022    -0.059     0.123
    39.250     0.078    -0.045     0.076
    39.260     0.140    -0.037    -0.012
    39.270     0.193    -0.054    -0.070
    39.280     0.243    -0.073    -0.094
    39.290     0.256    -0.087    -0.110
    39.300     0.206    -0.091    -0.098
    39.310     0.104    -0.095    -0.050
    39.320    -0.029    -0.114     0.009
    39.330    -0.144    -0.109     0.046
    39.340    -0.195    -0.061     0.064
    39.350    -0.192    -0.012     0.085
    39.360    -0.145     0.021     0.098
    39.370    -0.051     0.039     0.102
    39.380     0.060     0.037     0.102
    39.390     0.132     0.018     0.084
    39.400     0.133    -0.008     0.055
    39.410     0.078    -0.028     0.036
    39.420     0.001    -0.037     0.020
    39.430    -0.071    -0.038    -0.012
    39.440    -0.116    -0.027    -0.037
    39.450    -0.124    -0.008    -0.032
    39.460    -0.096     0.008    -0.029
    39.470    -0.028     0.012    -0.042
    39.480     0.071     0.005    -0.053
    39.490     0.165    -0.005    -0.061
    39.500     0.224    -0.027    -0.060
    39.510     0.229    -0.073    -0.042
    39.520     0.176    -0.116    -0.029
    39.530     0.075    -0.117    -0.035
    39.540    -0.043    -0.098    -0.045
    39.550    -0.140    -0.084    -0.052
    39.560    -0.180    -0.048    -0.073
    39.570    -0.167    -0.011    -0.094
    39.580    -0.122    -0.002    -0.081
    39.590    -0.058     0.017    -0.054
    39.600     0.001     0.047    -0.049
    39.610     0.024     0.046    -0.059
    39.620     0.008     0.026    -0.079
    39.630    -0.013     0.001    -0.111
    39.640    -0.015    -0.024    -0.121
    39.650    -0.011    -0.029    -0.118
    39.660    -0.024     0.004    -0.134
    39.670    -0.038     0.049    -0.143
    39.680    -0.033     0.070    -0.122
    39.690    -0.010     0.086    -0.085
    39.700     0.019     0.114    -0.035
    39.710     0.032     0.112     0.026
    39.720     0.018     0.064     0.073
    39.730    -0.005     0.030     0.084
    39.740    -0.020     0.022     0.073
    39.750    -0.047    -0.006     0.073
    39.760    -0.071    -0.048     0.080
    39.770    -0.051    -0.067     0.082
    39.780     0.001    -0.046     0.094
    39.790     0.033     0.006     0.099
    39.800     0.021     0.037     0.071
    39.810    -0.022     0.036     0.049
    39.820    -0.069     0.048     0.056
    39.830    -0.089     0.060     0.059
    39.840    -0.067     0.050     0.050
    39.850    -0.012     0.064     0.031
    39.860     0.054     0.092     0.002
    39.870     0.112     0.058    -0.016
    39.880     0.159    -0.005    -0.012
    39.890     0.186    -0.003    -0.019
    39.900     0.176     0.033    -0.048
    39.910     0.124     0.028    -0.054
    39.920     0.048    -0.003    -0.030
    39.930    -0.040    -0.018    -0.006
    39.940    -0.127    -0.039     0.015
    39.950    -0.190    -0.084     0.034
    39.960    -0.208    -0.092     0.040
    39.970    -0.182    -0.029     0.033
    39.980    -0.131     0.038     0.022
    39.990    -0.069     0.061     0.022
    40.000     0.006     0.044     0.035
    40.010     0.078     0.007     0.048
    40.020     0.111    -0.005     0.059
    40.030     0.094     0.006     0.085
    40.040     0.055     0.001     0.119
    40.050     0.036    -0.006     0.104
    40.060     0.042     0.007     0.048
    40.070     0.044     0.016     0.009
    40.080     0.044     0.013    -0.029
    40.090     0.056     0.011    -0.060
    40.100     0.070     0.014    -0.069
    40.110     0.074     0.010    -0.078
    40.120     0.056    -0.010    -0.083
    40.130     0.024    -0.019    -0.080
    40.140    -0.014    -0.006    -0.077
    40.150    -0.044     0.007    -0.058
    40.160    -0.040     0.026    -0.021
    40.170    -0.008     0.053    -0.005
    40.180     0.032     0.041    -0.004
    40.190     0.070    -0.020     0.026
    40.200     0.079    -0.071     0.071
    40.210     0.053    -0.085     0.084
    40.220     0.026    -0.085     0.066
    40.230     0.015    -0.071     0.049
    40.240    -0.005    -0.037     0.035
    40.250    -0.046    -0.002    -0.013
    40.260    -0.079     0.015    -0.074
    40.270    -0.080     0.014    -0.102
    40.280    -0.068     0.030    -0.111
    40.290    -0.060     0.065    -0.114
    40.300    -0.042     0.072    -0.116
    40.310    -0.003     0.057    -0.118
    40.320     0.055     0.025    -0.084
    40.330     0.104    -0.023    -0.020
    40.340     0.106    -0.033    -0.001
    40.350     0.070    -0.003    -0.032
    40.360     0.046     0.010    -0.051
    40.370     0.033     0.003    -0.052
    40.380    -0.001     0.001    -0.066
    40.390    -0.040     0.008    -0.068
    40.400    -0.067     0.024    -0.029
    40.410    -0.081     0.028     0.006
    40.420    -0.071    -0.009     0.019
    40.430    -0.036    -0.049     0.053
    40.440     0.003    -0.051     0.090
    40.450     0.023    -0.043     0.087
    40.460     0.024    -0.060     0.063
    40.470     0.022    -0.092     0.022
    40.480     0.013    -0.085    -0.029
    40.490    -0.016    -0.041    -0.059
    40.500    -0.049    -0.012    -0.069
    40.510    -0.061     0.026    -0.080
    40.520    -0.049     0.075    -0.091
    40.530    -0.025     0.098    -0.057
    40.540     0.008     0.104     0.013
    40.550     0.043     0.084     0.041
    40.560     0.054     0.037     0.028
    40.570     0.045    -0.001     0.019
    40.580     0.023    -0.029     0.013
    40.590    -0.013    -0.035     0.004
    40.600    -0.060    -0.017     0.000
    40.610    -0.116     0.001     0.018
    40.620    -0.165     0.007     0.029
    40.630    -0.186    -0.004     0.018
    40.640    -0.172    -0.002     0.017
    40.650    -0.124     0.021     0.025
    40.660    -0.056     0.015     0.055
    40.670     0.017    -0.002     0.093
    40.680     0.094     0.012     0.077
    40.690     0.150     0.015     0.035
    40.700     0.162    -0.020     0.021
    40.710     0.142    -0.052     0.013
    40.720     0.094    -0.053    -0.001
    40.730     0.026    -0.036    -0.009
    40.740    -0.021    -0.041     0.006
    40.750    -0.041    -0.044     0.020
    40.760    -0.055    -0.004     0.000
    40.770    -0.043     0.026    -0.008
    40.780    -0.006     0.003     0.019
    40.790     0.025    -0.018     0.021
    40.800     0.042     0.003     0.008
    40.810     0.062     0.035     0.033
    40.820     0.092     0.049     0.051
    40.830     0.115     0.037     0.054
    40.840     0.103     0.003     0.088
    40.850     0.056    -0.040     0.111
    40.860    -0.007    -0.067     0.085
    40.870    -0.067    -0.064     0.058
    40.880    -0.103    -0.048     0.055
    40.890    -0.104    -0.036     0.057
    40.900    -0.077    -0.036     0.064
    40.910    -0.033    -0.044     0.083
    40.920     0.005    -0.040     0.077
    40.930     0.012    -0.029     0.048
    40.940     0.011    -0.024     0.035
    40.950     0.053    -0.014     0.034
    40.960     0.142    -0.002     0.041
    40.970     0.233     0.004     0.036
    40.980     0.273     0.018    -0.015
    40.990     0.229     0.034    -0.068
    41.000     0.110     0.036    -0.094
    41.010    -0.047     0.022    -0.127
    41.020    -0.195     0.018    -0.133
    41.030    -0.288     0.041    -0.083
    41.040    -0.314     0.045    -0.040
    41.050    -0.266     0.015    -0.032
    41.060    -0.158    -0.014    -0.016
    41.070    -0.040    -0.038     0.018
    41.080     0.048    -0.031     0.032
    41.090     0.095     0.009     0.020
    41.100     0.095     0.035    -0.005
    41.110     0.055     0.040    -0.030
    41.120    -0.010     0.053    -0.038
    41.130    -0.076     0.066    -0.038
    41.140    -0.120     0.061    -0.044
    41.150    -0.125     0.050    -0.024
    41.160    -0.098     0.053     0.024
    41.170    -0.058     0.080     0.047
    41.180    -0.005     0.092     0.037
    41.190     0.063     0.051     0.031
    41.200     0.127    -0.016     0.039
    41.210     0.177    -0.077     0.026
    41.220     0.203    -0.118    -0.018
    41.230     0.177    -0.114    -0.030
    41.240     0.099    -0.063    -0.012
    41.250     0.012    -0.009    -0.036
    41.260    -0.044     0.010    -0.092
    41.270    -0.064     0.021    -0.103
    41.280    -0.064     0.028    -0.059
    41.290    -0.051     0.001    -0.018
    41.300    -0.024    -0.027     0.011
    41.310    -0.008    -0.035     0.055
    41.320    -0.011    -0.062     0.077
    41.330    -0.007    -0.095     0.046
    41.340     0.003    -0.085     0.005
    41.350     0.005    -0.039    -0.027
    41.360    -0.007    -0.014    -0.050
    41.370    -0.031    -0.003    -0.058
    41.380    -0.055     0.025    -0.054
    41.390    -0.072     0.021    -0.043
    41.400    -0.090    -0.024    -0.040
    41.410    -0.109    -0.035    -0.053
    41.420    -0.109     0.002    -0.062
    41.430    -0.084     0.019    -0.056
    41.440    -0.042     0.007    -0.044
    41.450     0.019     0.025    -0.050
    41.460     0.088     0.063    -0.078
    41.470     0.133     0.079    -0.089
    41.480     0.143     0.071    -0.083
    41.490     0.139     0.067    -0.098
    41.500     0.124     0.059    -0.105
    41.510     0.074     0.023    -0.061
    41.520     0.004     0.008    -0.011
    41.530    -0.034     0.028     0.008
    41.540    -0.028     0.044     0.030
    41.550    -0.005     0.074     0.053
    41.560     0.013     0.096     0.048
    41.570     0.021     0.064     0.030
    41.580     0.008     0.014     0.012
    41.590    -0.037    -0.006    -0.004
    41.600    -0.097    -0.006    -0.005
    41.610    -0.144    -0.010     0.022
    41.620    -0.170    -0.003     0.065
    41.630    -0.167     0.026     0.082
    41.640    -0.129     0.034     0.069
    41.650    -0.071    -0.003     0.067
    41.660     0.002    -0.049     0.070
    41.670     0.080    -0.078     0.073
    41.680     0.149    -0.093     0.097
    41.690     0.178    -0.090     0.111
    41.700     0.147    -0.049     0.092
    41.710     0.086     0.009     0.060
    41.720     0.033     0.031     0.041
    41.730     0.000     0.029     0.046
    41.740    -0.011     0.036     0.054
    41.750    -0.009     0.016     0.045
    41.760    -0.006    -0.041     0.027
    41.770     0.011    -0.076     0.017
    41.780     0.060    -0.076     0.025
    41.790     0.123    -0.062     0.034
    41.800     0.155    -0.043     0.022
    41.810     0.141    -0.027    -0.006
    41.820     0.101    -0.007    -0.054
    41.830     0.045     0.009    -0.110
    41.840    -0.028     0.008    -0.137
    41.850    -0.102     0.004    -0.147
    41.860    -0.145     0.003    -0.150
    41.870    -0.149    -0.017    -0.104
    41.880    -0.128    -0.058    -0.034
    41.890    -0.097    -0.087    -0.007
    41.900    -0.066    -0.091     0.002
    41.910    -0.043    -0.086     0.014
    41.920    -0.028    -0.063    -0.007
    41.930    -0.015    -0.024    -0.030
    41.940     0.002    -0.004    -0.023
    41.950     0.023     0.012    -0.031
    41.960     0.049     0.065    -0.054
    41.970     0.081     0.118    -0.044
    41.980     0.108     0.118    -0.007
    41.990     0.117     0.087     0.005
    42.000     0.082     0.044    -0.014
    42.010    -0.007    -0.002    -0.034
    42.020    -0.097    -0.035    -0.052
    42.030    -0.135    -0.048    -0.063
    42.040    -0.143    -0.044    -0.055
    42.050    -0.150    -0.030    -0.047
    42.060    -0.131    -0.012    -0.036
    42.070    -0.063     0.025    -0.005
    42.080     0.021     0.065     0.010
    42.090     0.072     0.086     0.012
    42.100     0.084     0.098     0.045
    42.110     0.060     0.088     0.085
    42.120    -0.002     0.042     0.102
    42.130    -0.064    -0.028     0.105
    42.140    -0.097    -0.094     0.095
    42.150    -0.099    -0.127     0.078
    42.160    -0.075    -0.128     0.056
    42.170    -0.038    -0.116     0.033
    42.180    -0.003    -0.113     0.025
    42.190     0.025    -0.111     0.046
    42.200     0.035    -0.069     0.068
    42.210     0.017    -0.002     0.074
    42.220    -0.005     0.053     0.084
    42.230    -0.004     0.118     0.113
    42.240    -0.007     0.190     0.143
    42.250    -0.043     0.193     0.150
    42.260    -0.074     0.139     0.144
    42.270    -0.065     0.119     0.142
    42.280    -0.025     0.103     0.122
    42.290     0.018     0.022     0.071
    42.300     0.050    -0.055     0.006
    42.310     0.058    -0.072    -0.055
    42.320     0.048    -0.073    -0.088
    42.330     0.035    -0.071    -0.085
    42.340     0.036    -0.059    -0.070
    42.350     0.058    -0.037    -0.056
    42.360     0.075     0.008    -0.035
    42.370     0.077     0.031    -0.014
    42.380     0.089     0.017     0.005
    42.390     0.102     0.022     0.020
    42.400     0.082     0.036     0.038
    42.410     0.046     0.024     0.055
    42.420     0.036     0.007     0.033
    42.430     0.048     0.003    -0.022
    42.440     0.056     0.006    -0.062
    42.450     0.046     0.015    -0.087
    42.460     0.027     0.034    -0.103
    42.470     0.023     0.049    -0.093
    42.480     0.025     0.035    -0.079
    42.490     0.006    -0.003    -0.059
    42.500    -0.039    -0.051    -0.013
    42.510    -0.084    -0.087     0.026
    42.520    -0.098    -0.076     0.053
    42.530    -0.083    -0.034     0.060
    42.540    -0.065    -0.001     0.015
    42.550    -0.058     0.028    -0.056
    42.560    -0.044     0.066    -0.109
    42.570     0.006     0.094    -0.129
    42.580     0.075     0.097    -0.124
    42.590     0.125     0.070    -0.121
    42.600     0.162     0.005    -0.112
    42.610     0.199    -0.065    -0.079
    42.620     0.206    -0.097    -0.063
    42.630     0.161    -0.109    -0.067
    42.640     0.089    -0.110    -0.046
    42.650     0.013    -0.083    -0.018
    42.660    -0.062    -0.058    -0.009
    42.670    -0.115    -0.055    -0.013
    42.680    -0.133    -0.040    -0.012
    42.690    -0.132     0.001    -0.001
    42.700    -0.132     0.025     0.000
    42.710    -0.135     0.012    -0.005
    42.720    -0.126     0.005     0.008
    42.730    -0.091     0.020     0.028
    42.740    -0.054     0.021     0.050
    42.750    -0.048    -0.014     0.060
    42.760    -0.052    -0.065     0.051
    42.770    -0.019    -0.082     0.066
    42.780     0.040    -0.052     0.081
    42.790     0.068    -0.016     0.042
    42.800     0.066    -0.004    -0.004
    42.810     0.057    -0.010    -0.010
    42.820     0.032    -0.023     0.007
    42.830    -0.027    -0.047     0.024
    42.840    -0.102    -0.081     0.026
    42.850    -0.160    -0.092     0.022
    42.860    -0.192    -0.066     0.013
    42.870    -0.183    -0.032    -0.004
    42.880    -0.113    -0.001    -0.011
    42.890    -0.006     0.029    -0.023
    42.900     0.082     0.059    -0.044
    42.910     0.127     0.084    -0.043
    42.920     0.126     0.091    -0.021
    42.930     0.099     0.072     0.005
    42.940     0.079     0.023     0.043
    42.950     0.065    -0.028     0.062
    42.960     0.054    -0.040     0.042
    42.970     0.055    -0.038     0.037
    42.980     0.051    -0.043     0.037
    42.990     0.030    -0.020    -0.009
    43.000    -0.001     0.033    -0.046
    43.010    -0.022     0.075    -0.024
    43.020    -0.014     0.089     0.015
    43.030     0.002     0.078     0.032
    43.040    -0.018     0.036     0.044
    43.050    -0.064    -0.003     0.076
    43.060    -0.087     0.005     0.107
    43.070    -0.078     0.028     0.101
    43.080    -0.068     0.018     0.061
    43.090    -0.063    -0.015     0.016
    43.100    -0.048    -0.039    -0.002
    43.110    -0.011    -0.028     0.019
    43.120     0.056     0.005     0.045
    43.130     0.135     0.018     0.046
    43.140     0.186     0.005     0.014
    43.150     0.188    -0.008    -0.038
    43.160     0.159    -0.011    -0.072
    43.170     0.109    -0.009    -0.059
    43.180     0.029     0.010    -0.024
    43.190    -0.066     0.053    -0.010
    43.200    -0.141     0.073    -0.026
    43.210    -0.171     0.056    -0.049
    43.220    -0.153     0.042    -0.062
    43.230    -0.098     0.029    -0.067
    43.240    -0.046     0.026    -0.063
    43.250    -0.012     0.081    -0.055
    43.260     0.036     0.127    -0.042
    43.270     0.109     0.100    -0.021
    43.280     0.153     0.066    -0.025
    43.290     0.141     0.042    -0.048
    43.300     0.099    -0.018    -0.048
    43.310     0.045    -0.066    -0.042
    43.320    -0.017    -0.059    -0.038
    43.330    -0.068    -0.036     0.007
    43.340    -0.095    -0.010     0.078
    43.350    -0.097     0.024     0.100
    43.360    -0.085     0.044     0.080
    43.370    -0.078     0.064     0.067
    43.380    -0.073     0.083     0.042
    43.390    -0.037     0.056     0.003
    43.400     0.039     0.004    -0.021
    43.410     0.118    -0.041    -0.032
    43.420     0.162    -0.076    -0.031
    43.430     0.166    -0.058    -0.013
    43.440     0.139     0.001    -0.006
    43.450     0.086     0.018    -0.043
    43.460     0.014     0.007    -0.092
    43.470    -0.061     0.001    -0.110
    43.480    -0.121    -0.024    -0.098
    43.490    -0.157    -0.041    -0.067
    43.500    -0.155    -0.019    -0.023
    43.510    -0.106     0.016    -0.009
    43.520    -0.066     0.033    -0.021
    43.530    -0.073     0.021    -0.006
    43.540    -0.088     0.005     0.021
    43.550    -0.077     0.012     0.018
    43.560    -0.045     0.015     0.000
    43.570     0.014    -0.005    -0.038
    43.580     0.088    -0.026    -0.110
    43.590     0.133    -0.043    -0.150
    43.600     0.141    -0.064    -0.118
    43.610     0.139    -0.082    -0.081
    43.620     0.130    -0.080    -0.080
    43.630     0.105    -0.055    -0.080
    43.640     0.076    -0.025    -0.055
    43.650     0.057     0.001    -0.006
    43.660     0.041     0.015     0.056
    43.670     0.005     0.015     0.092
    43.680    -0.039     0.029     0.074
    43.690    -0.054     0.072     0.062
    43.700    -0.046     0.116     0.095
    43.710    -0.039     0.123     0.103
    43.720    -0.040     0.076     0.068
    43.730    -0.054     0.027     0.049
    43.740    -0.067     0.015     0.038
    43.750    -0.066    -0.007     0.019
    43.760    -0.048    -0.049     0.013
    43.770    -0.016    -0.059     0.026
    43.780     0.012    -0.060     0.053
    43.790     0.030    -0.108     0.087
    43.800     0.038    -0.164     0.102
    43.810     0.028    -0.164     0.093
    43.820    -0.016    -0.143     0.092
    43.830    -0.082    -0.115     0.102
    43.840    -0.122    -0.068     0.098
    43.850    -0.121    -0.040     0.094
    43.860    -0.108    -0.044     0.106
    43.870    -0.085    -0.015     0.093
    43.880    -0.040     0.055     0.065
    43.890     0.011     0.090     0.087
    43.900     0.069     0.066     0.120
    43.910     0.127     0.016     0.114
    43.920     0.153    -0.047     0.103
    43.930     0.134    -0.100     0.083
    43.940     0.079    -0.130     0.029
    43.950     0.019    -0.145    -0.007
    43.960    -0.011    -0.113     0.011
    43.970    -0.011    -0.057     0.021
    43.980    -0.011    -0.043    -0.022
    43.990    -0.044    -0.030    -0.076
    44.000    -0.093     0.034    -0.111
    44.010    -0.118     0.087    -0.123
    44.020    -0.118     0.090    -0.099
    44.030    -0.098     0.081    -0.030
    44.040    -0.040     0.066     0.047
    44.050     0.023     0.040     0.086
    44.060     0.039     0.037     0.085
    44.070     0.020     0.051     0.081
    44.080     0.021     0.030     0.072
    44.090     0.051    -0.015     0.022
    44.100     0.064    -0.008    -0.047
    44.110     0.047     0.025    -0.093
    44.120     0.028     0.017    -0.117
    44.130     0.010     0.008    -0.120
    44.140    -0.011     0.032    -0.123
    44.150    -0.033     0.060    -0.144
    44.160    -0.032     0.068    -0.150
    44.170     0.016     0.079    -0.145
    44.180     0.064     0.121    -0.138
    44.190     0.074     0.149    -0.112
    44.200     0.070     0.121    -0.076
    44.210     0.053     0.087    -0.033
    44.220     0.009     0.085     0.017
    44.230    -0.039     0.075     0.049
    44.240    -0.064     0.038     0.032
    44.250    -0.074     0.009    -0.015
    44.260    -0.076     0.010    -0.030
    44.270    -0.049     0.019    -0.035
    44.280     0.016     0.014    -0.066
    44.290     0.078    -0.008    -0.079
    44.300     0.113    -0.030    -0.076
    44.310     0.124    -0.019    -0.083
    44.320     0.113     0.017    -0.083
    44.330     0.079     0.040    -0.063
    44.340     0.021     0.048    -0.029
    44.350    -0.023     0.037    -0.004
    44.360    -0.028     0.003     0.020
    44.370    -0.032     0.008     0.039
    44.380    -0.062     0.041     0.022
    44.390    -0.075     0.013     0.022
    44.400    -0.043    -0.036     0.054
    44.410     0.006    -0.048     0.035
    44.420     0.023    -0.057     0.016
    44.430     0.010    -0.084     0.050
    44.440     0.001    -0.108     0.044
    44.450    -0.019    -0.121     0.003
    44.460    -0.061    -0.141     0.019
    44.470    -0.092    -0.150     0.051
    44.480    -0.101    -0.121     0.054
    44.490    -0.098    -0.103     0.066
    44.500    -0.076    -0.096     0.091
    44.510    -0.032    -0.043     0.086
    44.520     0.005     0.013     0.071
    44.530     0.013     0.026     0.085
    44.540    -0.001     0.023     0.079
    44.550    -0.030     0.004     0.045
    44.560    -0.049    -0.033     0.037
    44.570    -0.032    -0.055     0.017
    44.580     0.003    -0.025    -0.040
    44.590     0.037     0.018    -0.069
    44.600     0.066    -0.004    -0.075
    44.610     0.059    -0.072    -0.079
    44.620     0.004    -0.118    -0.057
    44.630    -0.060    -0.137    -0.021
    44.640    -0.100    -0.131    -0.011
    44.650    -0.113    -0.106    -0.001
    44.660    -0.099    -0.099     0.043
    44.670    -0.081    -0.091     0.055
    44.680    -0.065    -0.022     0.016
    44.690    -0.025     0.077     0.017
    44.700     0.033     0.148     0.041
    44.710     0.081     0.198     0.010
    44.720     0.112     0.223    -0.036
    44.730     0.134     0.185    -0.056
    44.740     0.130     0.129    -0.070
    44.750     0.098     0.099    -0.066
    44.760     0.082     0.050    -0.054
    44.770     0.093     0.000    -0.073
    44.780     0.086     0.007    -0.107
    44.790     0.059     0.018    -0.145
    44.800     0.041     0.007    -0.158
    44.810     0.039     0.011    -0.102
    44.820     0.038     0.024    -0.004
    44.830     0.023     0.042     0.080
    44.840     0.008     0.068     0.125
    44.850     0.010     0.075     0.123
    44.860     0.009     0.079     0.063
    44.870     0.004     0.090    -0.018
    44.880     0.039     0.064    -0.046
    44.890     0.101     0.008    -0.026
    44.900     0.099    -0.031     0.003
    44.910     0.016    -0.054     0.040
    44.920    -0.074    -0.084     0.074
    44.930    -0.118    -0.106     0.093
    44.940    -0.121    -0.107     0.131
    44.950    -0.121    -0.090     0.180
    44.960    -0.130    -0.054     0.176
    44.970    -0.119    -0.010     0.139
    44.980    -0.078     0.018     0.113
    44.990    -0.032     0.054     0.052
    45.000    -0.007     0.079    -0.019
    45.010     0.007     0.018    -0.030
    45.020     0.025    -0.050    -0.016
    45.030     0.035    -0.033    -0.009
    45.040     0.030     0.014     0.008
    45.050     0.030     0.055     0.010
    45.060     0.034     0.067    -0.010
    45.070     0.029     0.028    -0.021
    45.080     0.016    -0.010    -0.025
    45.090    -0.010    -0.019    -0.040
    45.100    -0.043    -0.026    -0.067
    45.110    -0.042    -0.036    -0.090
    45.120    -0.005    -0.041    -0.080
    45.130     0.023    -0.035    -0.029
    45.140     0.037    -0.015     0.022
    45.150     0.059    -0.004     0.059
    45.160     0.089    -0.030     0.095
    45.170     0.111    -0.060     0.101
    45.180     0.091    -0.048     0.080
    45.190     0.023    -0.021     0.064
    45.200    -0.045    -0.035     0.032
    45.210    -0.081    -0.048    -0.013
    45.220    -0.096    -0.009    -0.036
    45.230    -0.098     0.004    -0.037
    45.240    -0.076    -0.039    -0.037
    45.250    -0.030    -0.068    -0.029
    45.260     0.017    -0.067    -0.019
    45.270     0.054    -0.047    -0.030
    45.280     0.068    -0.006    -0.042
    45.290     0.046     0.018    -0.047
    45.300    -0.002     0.005    -0.054
    45.310    -0.048     0.002    -0.049
    45.320    -0.080     0.017    -0.027
    45.330    -0.099     0.011     0.000
    45.340    -0.114     0.016     0.013
    45.350    -0.102     0.027     0.018
    45.360    -0.054     0.012     0.038
    45.370     0.005     0.018     0.044
    45.380     0.054     0.030     0.025
    45.390     0.094     0.033    -0.017
    45.400     0.118     0.065    -0.107
    45.410     0.101     0.094    -0.180
    45.420     0.042     0.094    -0.183
    45.430    -0.026     0.083    -0.170
    45.440    -0.080     0.064    -0.150
    45.450    -0.107     0.047    -0.100
    45.460    -0.093     0.035    -0.054
    45.470    -0.038     0.030    -0.038
    45.480     0.024     0.032    -0.015
    45.490     0.057     0.057     0.025
    45.500     0.078     0.120     0.033
    45.510     0.117     0.146     0.007
    45.520     0.158     0.084    -0.006
    45.530     0.149     0.013     0.012
    45.540     0.098    -0.015     0.035
    45.550     0.058    -0.035     0.064
    45.560     0.025    -0.033     0.092
    45.570    -0.013     0.007     0.090
    45.580    -0.015    -0.002     0.097
    45.590     0.028    -0.075     0.135
    45.600     0.055    -0.112     0.143
    45.610     0.040    -0.087     0.109
    45.620     0.012    -0.068     0.076
    45.630    -0.001    -0.063     0.030
    45.640    -0.004    -0.038    -0.051
    45.650    -0.016    -0.024    -0.083
    45.660    -0.034    -0.064    -0.050
    45.670    -0.039    -0.103    -0.026
    45.680    -0.031    -0.071    -0.011
    45.690    -0.027    -0.012    -0.012
    45.700    -0.036     0.010    -0.016
    45.710    -0.039    -0.003     0.010
    45.720    -0.022    -0.050    -0.005
    45.730    -0.017    -0.098    -0.045
    45.740    -0.043    -0.091    -0.040
    45.750    -0.062    -0.071    -0.028
    45.760    -0.049    -0.084    -0.048
    45.770    -0.031    -0.105    -0.069
    45.780    -0.025    -0.113    -0.070
    45.790    -0.026    -0.094    -0.049
    45.800    -0.035    -0.057    -0.008
    45.810    -0.037    -0.041     0.029
    45.820    -0.019    -0.029     0.049
    45.830    -0.001    -0.007     0.067
    45.840     0.016     0.023     0.077
    45.850     0.031     0.071     0.063
    45.860     0.032     0.114     0.036
    45.870     0.047     0.126     0.019
    45.880     0.074     0.129     0.010
    45.890     0.061     0.115     0.029
    45.900     0.018     0.042     0.068
    45.910    -0.014    -0.031     0.063
    45.920    -0.048    -0.016     0.026
    45.930    -0.112     0.022     0.007
    45.940    -0.188     0.007    -0.015
    45.950    -0.224     0.010    -0.054
    45.960    -0.197     0.054    -0.091
    45.970    -0.112     0.062    -0.107
    45.980    -0.013     0.042    -0.104
    45.990     0.046     0.061    -0.102
    46.000     0.067     0.069    -0.079
    46.010     0.083     0.011    -0.027
    46.020     0.103    -0.048     0.020
    46.030     0.102    -0.060     0.057
    46.040     0.051    -0.042     0.068
    46.050    -0.035    -0.022     0.062
    46.060    -0.084    -0.021     0.055
    46.070    -0.085    -0.058    -0.002
    46.080    -0.088    -0.114    -0.077
    46.090    -0.092    -0.124    -0.083
    46.100    -0.064    -0.058    -0.024
    46.110    -0.005     0.032     0.032
    46.120     0.054     0.083     0.037
    46.130     0.082     0.101     0.022
    46.140     0.086     0.097     0.024
    46.150     0.086     0.063    -0.005
    46.160     0.087     0.049    -0.065
    46.170     0.078     0.067    -0.067
    46.180     0.060     0.037    -0.031
    46.190     0.057    -0.021    -0.019
    46.200     0.072    -0.035    -0.008
    46.210     0.084    -0.047     0.017
    46.220     0.089    -0.071     0.042
    46.230     0.066    -0.034     0.076
    46.240     0.012     0.026     0.094
    46.250    -0.021     0.011     0.059
    46.260    -0.030    -0.005     0.000
    46.270    -0.058     0.029    -0.028
    46.280    -0.073     0.026     0.014
    46.290    -0.039     0.021     0.103
    46.300     0.008     0.066     0.148
    46.310     0.031     0.054     0.151
    46.320     0.020    -0.032     0.182
    46.330    -0.003    -0.086     0.193
    46.340    -0.004    -0.062     0.144
    46.350    -0.005     0.001     0.115
    46.360    -0.019     0.064     0.130
    46.370    -0.014     0.082     0.106
    46.380     0.008     0.015     0.058
    46.390     0.024    -0.077     0.060
    46.400     0.037    -0.094     0.055
    46.410     0.042    -0.036     0.008
    46.420     0.028     0.034    -0.001
    46.430     0.003     0.085     0.010
    46.440    -0.019     0.101    -0.042
    46.450    -0.031     0.057    -0.105
    46.460    -0.031    -0.022    -0.116
    46.470    -0.016    -0.061    -0.114
    46.480     0.011    -0.035    -0.134
    46.490     0.029     0.004    -0.161
    46.500     0.031     0.023    -0.181
    46.510     0.028     0.028    -0.184
    46.520     0.050    -0.014    -0.169
    46.530     0.110    -0.069    -0.134
    46.540     0.161    -0.043    -0.078
    46.550     0.151     0.006    -0.043
    46.560     0.101     0.031    -0.044
    46.570     0.058     0.065    -0.038
    46.580     0.037     0.064    -0.028
    46.590     0.027     0.021    -0.041
    46.600     0.010    -0.003    -0.066
    46.610    -0.014    -0.012    -0.076
    46.620    -0.023    -0.019    -0.068
    46.630    -0.018    -0.010    -0.078
    46.640    -0.030     0.016    -0.098
    46.650    -0.055     0.044    -0.092
    46.660    -0.068     0.060    -0.072
    46.670    -0.068     0.076    -0.063
    46.680    -0.046     0.068    -0.055
    46.690    -0.014     0.001    -0.027
    46.700     0.021    -0.072     0.010
    46.710     0.057    -0.082     0.040
    46.720     0.066    -0.061     0.068
    46.730     0.044    -0.036     0.089
    46.740     0.028    -0.014     0.094
    46.750     0.023     0.000     0.091
    46.760     0.002     0.012     0.091
    46.770    -0.029    -0.010     0.081
    46.780    -0.044    -0.042     0.066
    46.790    -0.038    -0.022     0.065
    46.800    -0.021    -0.002     0.062
    46.810     0.000    -0.009     0.046
    46.820     0.018    -0.003     0.043
    46.830     0.024    -0.013     0.065
    46.840     0.016    -0.048     0.093
    46.850    -0.012    -0.054     0.103
    46.860    -0.048    -0.040     0.072
    46.870    -0.048    -0.046     0.031
    46.880    -0.023    -0.023     0.016
    46.890    -0.020     0.032     0.006
    46.900    -0.047     0.036    -0.021
    46.910    -0.082     0.012    -0.055
    46.920    -0.102     0.014    -0.084
    46.930    -0.093     0.031    -0.083
    46.940    -0.060     0.051    -0.044
    46.950    -0.027     0.072    -0.007
    46.960    -0.009     0.059    -0.006
    46.970     0.009     0.000    -0.026
    46.980     0.036    -0.039    -0.035
    46.990     0.057    -0.044    -0.021
    47.000     0.053    -0.039     0.028
    47.010     0.018     0.009     0.084
    47.020    -0.030     0.054     0.095
    47.030    -0.075     0.033     0.084
    47.040    -0.111     0.013     0.079
    47.050    -0.137     0.026     0.056
    47.060    -0.144     0.033     0.022
    47.070    -0.132     0.042    -0.010
    47.080    -0.105     0.067    -0.035
    47.090    -0.069     0.090    -0.026
    47.100    -0.036     0.085    -0.005
    47.110     0.011     0.047    -0.014
    47.120     0.073     0.008    -0.041
    47.130     0.104    -0.014    -0.057
    47.140     0.091    -0.038    -0.049
    47.150     0.061    -0.053    -0.026
    47.160     0.040    -0.054    -0.016
    47.170     0.046    -0.070    -0.047
    47.180     0.058    -0.091    -0.100
    47.190     0.043    -0.100    -0.126
    47.200     0.008    -0.101    -0.114
    47.210    -0.018    -0.075    -0.074
    47.220    -0.009    -0.015    -0.013
    47.230     0.022     0.038     0.037
    47.240     0.028     0.068     0.041
    47.250     0.019     0.090     0.022
    47.260     0.034     0.069     0.027
    47.270     0.054     0.021     0.046
    47.280     0.069     0.007     0.053
    47.290     0.089    -0.004     0.061
    47.300     0.093    -0.035     0.057
    47.310     0.071    -0.037     0.014
    47.320     0.020    -0.013    -0.040
    47.330    -0.064    -0.017    -0.081
    47.340    -0.130    -0.025    -0.112
    47.350    -0.123     0.007    -0.106
    47.360    -0.072     0.050    -0.065
    47.370    -0.036     0.080    -0.043
    47.380    -0.009     0.101    -0.038
    47.390     0.033     0.089    -0.008
    47.400     0.084     0.034     0.020
    47.410     0.123    -0.026     0.010
    47.420     0.123    -0.030    -0.003
    47.430     0.079     0.010     0.004
    47.440     0.016     0.011    -0.003
    47.450    -0.040    -0.018    -0.023
    47.460    -0.079    -0.033    -0.026
    47.470    -0.093    -0.049    -0.014
    47.480    -0.077    -0.067     0.010
    47.490    -0.050    -0.059     0.037
    47.500    -0.027    -0.034     0.031
    47.510    -0.009    -0.029     0.008
    47.520    -0.003    -0.044     0.007
    47.530    -0.019    -0.061     0.027
    47.540    -0.045    -0.071     0.049
    47.550    -0.057    -0.055     0.067
    47.560    -0.057    -0.035     0.077
    47.570    -0.067    -0.031     0.078
    47.580    -0.069    -0.031     0.064
    47.590    -0.047    -0.035     0.045
    47.600    -0.035    -0.027     0.048
    47.610    -0.042    -0.009     0.062
    47.620    -0.038     0.009     0.074
    47.630    -0.031     0.040     0.084
    47.640    -0.030     0.066     0.070
    47.650    -0.008     0.067     0.044
    47.660     0.034     0.053     0.034
    47.670     0.058     0.019     0.007
    47.680     0.061    -0.010    -0.015
    47.690     0.065     0.008     0.016
    47.700     0.064     0.051     0.031
    47.710     0.040     0.055    -0.002
    47.720     0.008     0.016     0.004
    47.730    -0.008     0.010     0.054
    47.740    -0.004     0.047     0.085
    47.750     0.023     0.060     0.089
    47.760     0.038     0.044     0.055
    47.770     0.030     0.027    -0.012
    47.780     0.035    -0.010    -0.035
    47.790     0.057    -0.055    -0.008
    47.800     0.077    -0.063    -0.012
    47.810     0.070    -0.037    -0.038
    47.820     0.054    -0.016    -0.026
    47.830     0.061    -0.021    -0.021
    47.840     0.058    -0.013    -0.051
    47.850     0.019     0.006    -0.065
    47.860    -0.013    -0.022    -0.069
    47.870    -0.014    -0.063    -0.096
    47.880    -0.015    -0.065    -0.121
    47.890    -0.032    -0.067    -0.131
    47.900    -0.035    -0.082    -0.144
    47.910    -0.021    -0.064    -0.162
    47.920    -0.016    -0.016    -0.147
    47.930    -0.018     0.035    -0.086
    47.940    -0.002     0.072    -0.020
    47.950     0.018     0.080     0.043
    47.960     0.010     0.071     0.092
    47.970    -0.019     0.055     0.093
    47.980    -0.050     0.012     0.064
    47.990    -0.084    -0.022     0.038
    48.000    -0.114    -0.010     0.028
    48.010    -0.107     0.008     0.042
    48.020    -0.063     0.016     0.040
    48.030    -0.034     0.005    -0.008
    48.040    -0.049    -0.045    -0.055
    48.050    -0.073    -0.074    -0.042
    48.060    -0.082    -0.036     0.013
    48.070    -0.072    -0.009     0.041
    48.080    -0.038    -0.032     0.014
    48.090     0.011    -0.015    -0.038
    48.100     0.069     0.046    -0.077
    48.110     0.116     0.076    -0.094
    48.120     0.121     0.097    -0.098
    48.130     0.094     0.100    -0.054
    48.140     0.061     0.055     0.026
    48.150     0.015     0.027     0.071
    48.160    -0.038     0.017     0.106
    48.170    -0.068    -0.032     0.147
    48.180    -0.061    -0.069     0.132
    48.190    -0.025    -0.057     0.088
    48.200     0.008    -0.044     0.063
    48.210     0.026    -0.033     0.032
    48.220     0.036    -0.023    -0.007
    48.230     0.039    -0.034    -0.008
    48.240     0.046    -0.029     0.022
    48.250     0.053     0.018     0.035
    48.260     0.039     0.072     0.036
    48.270     0.021     0.066     0.055
    48.280     0.005    -0.020     0.064
    48.290    -0.020    -0.096     0.057
    48.300    -0.040    -0.096     0.068
    48.310    -0.046    -0.035     0.094
    48.320    -0.042     0.026     0.098
    48.330    -0.030     0.035     0.056
    48.340    -0.024     0.006    -0.010
    48.350    -0.027    -0.031    -0.050
    48.360    -0.036    -0.023    -0.066
    48.370    -0.046     0.048    -0.077
    48.380    -0.034     0.061    -0.082
    48.390     0.001     0.019    -0.088
    48.400     0.036     0.005    -0.075
    48.410     0.064    -0.044    -0.050
    48.420     0.071    -0.072    -0.042
    48.430     0.044     0.029    -0.023
    48.440    -0.001     0.108     0.009
    48.450    -0.039     0.060     0.020
    48.460    -0.059     0.011     0.033
    48.470    -0.050    -0.004     0.044
    48.480    -0.023    -0.020     0.008
    48.490    -0.002     0.008    -0.065
    48.500     0.017     0.051    -0.123
    48.510     0.033     0.053    -0.147
    48.520     0.028     0.023    -0.166
    48.530     0.001    -0.052    -0.173
    48.540    -0.007    -0.125    -0.124
    48.550     0.002    -0.081    -0.053
    48.560    -0.007     0.003    -0.033
    48.570    -0.019    -0.007    -0.050
    48.580    -0.019    -0.053    -0.059
    48.590    -0.015    -0.077    -0.063
    48.600     0.001    -0.081    -0.045
    48.610     0.028    -0.029     0.008
    48.620     0.042     0.038     0.040
    48.630     0.043     0.051     0.028
    48.640     0.047     0.013     0.031
    48.650     0.050    -0.049     0.071
    48.660     0.056    -0.069     0.092
    48.670     0.058    -0.023     0.099
    48.680     0.043     0.022     0.125
    48.690     0.031     0.038     0.119
    48.700     0.033     0.046     0.093
    48.710     0.040     0.020     0.089
    48.720     0.039    -0.029     0.081
    48.730     0.032    -0.036     0.065
    48.740     0.032    -0.014     0.036
    48.750     0.029     0.016    -0.016
    48.760     0.009     0.038    -0.050
    48.770    -0.017    -0.002    -0.065
    48.780    -0.024    -0.050    -0.059
    48.790    -0.003    -0.021     0.014
    48.800     0.018     0.019     0.067
    48.810     0.014     0.002     0.034
    48.820     0.002    -0.019     0.004
    48.830    -0.016    -0.020     0.010
    48.840    -0.031     0.002     0.035
    48.850    -0.022     0.056     0.074
    48.860     0.005     0.080     0.108
    48.870    -0.011     0.037     0.119
    48.880    -0.089    -0.021     0.084
    48.890    -0.132    -0.061     0.048
    48.900    -0.095    -0.090     0.041
    48.910    -0.061    -0.077     0.021
    48.920    -0.044    -0.009    -0.004
    48.930     0.002     0.032    -0.015
    48.940     0.044     0.018    -0.025
    48.950     0.045     0.016    -0.033
    48.960     0.013     0.018    -0.028
    48.970    -0.035     0.002     0.003
    48.980    -0.063     0.003     0.047
    48.990    -0.027    -0.003     0.077
    49.000     0.033    -0.047     0.078
    49.010     0.032    -0.107     0.035
    49.020     0.000    -0.159    -0.001
    49.030     0.008    -0.171     0.029
    49.040     0.010    -0.125     0.042
    49.050    -0.040    -0.065     0.004
    49.060    -0.065    -0.026    -0.014
    49.070    -0.031     0.000    -0.023
    49.080     0.007     0.041    -0.059
    49.090     0.037     0.083    -0.094
    49.100     0.056     0.071    -0.098
    49.110     0.037     0.038    -0.116
    49.120     0.011     0.055    -0.140
    49.130     0.014     0.087    -0.077
    49.140     0.019     0.109    -0.014
    49.150     0.005     0.150    -0.051
    49.160     0.001     0.166    -0.061
    49.170     0.017     0.115    -0.042
    49.180     0.030     0.089    -0.099
    49.190     0.023     0.149    -0.171
    49.200    -0.004     0.199    -0.209
    49.210    -0.039     0.169    -0.208
    49.220    -0.058     0.134    -0.165
    49.230    -0.026     0.129    -0.155
    49.240     0.024     0.079    -0.165
    49.250     0.014     0.001    -0.107
    49.260    -0.028    -0.003    -0.039
    49.270    -0.055     0.029    -0.012
    49.280    -0.067     0.009     0.030
    49.290    -0.039    -0.007     0.042
    49.300     0.015     0.015     0.001
    49.310     0.044     0.005     0.024
    49.320     0.045    -0.019     0.079
    49.330     0.044    -0.004     0.070
    49.340     0.058    -0.008     0.065
    49.350     0.069    -0.046     0.085
    49.360     0.053    -0.046     0.076
    49.370     0.046    -0.024     0.065
    49.380     0.074    -0.018     0.083
    49.390     0.093     0.021     0.111
    49.400     0.071     0.054     0.126
    49.410     0.042     0.027     0.124
    49.420     0.034     0.019     0.111
    49.430     0.029     0.034     0.077
    49.440    -0.003     0.003     0.026
    49.450    -0.047    -0.010     0.009
    49.460    -0.048     0.012     0.032
    49.470    -0.007    -0.007     0.030
    49.480     0.018    -0.024     0.011
    49.490    -0.010    -0.008     0.033
    49.500    -0.045    -0.021     0.065
    49.510    -0.030    -0.048     0.061
    49.520    -0.012    -0.067     0.065
    49.530    -0.048    -0.068     0.064
    49.540    -0.079    -0.031     0.032
    49.550    -0.060    -0.005     0.024
    49.560    -0.026     0.003     0.029
    49.570     0.008     0.008    -0.001
    49.580     0.032    -0.032    -0.034
    49.590     0.025    -0.091    -0.048
    49.600     0.017    -0.119    -0.053
    49.610     0.020    -0.156    -0.039
    49.620    -0.005    -0.176    -0.012
    49.630    -0.035    -0.127    -0.004
    49.640    -0.021    -0.100    -0.008
    49.650    -0.002    -0.131    -0.005
    49.660    -0.017    -0.105    -0.013
    49.670    -0.049    -0.028    -0.001
    49.680    -0.063    -0.017     0.039
    49.690    -0.039    -0.072     0.031
    49.700    -0.006    -0.118     0.011
    49.710    -0.023    -0.124     0.045
    49.720    -0.054    -0.099     0.063
    49.730    -0.021    -0.088     0.037
    49.740     0.022    -0.112     0.022
    49.750     0.028    -0.087     0.008
    49.760     0.037    -0.014    -0.004
    49.770     0.041     0.003     0.021
    49.780     0.021    -0.008     0.039
    49.790     0.010     0.019     0.029
    49.800     0.005     0.043     0.032
    49.810    -0.016     0.043     0.049
    49.820    -0.030     0.055     0.040
    49.830    -0.032     0.071    -0.004
    49.840    -0.049     0.056    -0.026
    49.850    -0.049     0.039    -0.028
    49.860    -0.001     0.064    -0.035
    49.870     0.053     0.080    -0.028
    49.880     0.088     0.043    -0.018
    49.890     0.101     0.010    -0.002
    49.900     0.097     0.014     0.029
    49.910     0.083     0.025     0.041
    49.920     0.055     0.027     0.021
    49.930     0.024     0.013    -0.001
    49.940     0.010     0.004    -0.022
    49.950    -0.007     0.042    -0.041
    49.960    -0.037     0.084    -0.032
    49.970    -0.057     0.076    -0.025
    49.980    -0.062     0.051    -0.055
    49.990    -0.060     0.024    -0.068
    50.000    -0.046    -0.005    -0.068
    50.010    -0.035    -0.013    -0.092
    50.020    -0.045     0.006    -0.104
    50.030    -0.044     0.044    -0.092
    50.040    -0.016     0.066    -0.082
    50.050     0.022     0.065    -0.060
    50.060     0.058     0.065    -0.033
    50.070     0.074     0.066    -0.025
    50.080     0.063     0.058    -0.004
    50.090     0.049     0.046     0.021
    50.100     0.044     0.040    -0.001
    50.110     0.033     0.033    -0.017
    50.120     0.006     0.011     0.027
    50.130    -0.017    -0.023     0.073
    50.140    -0.019    -0.037     0.110
    50.150    -0.015    -0.002     0.132
    50.160    -0.005     0.035     0.094
    50.170     0.028     0.015     0.047
    50.180     0.063    -0.010     0.059
    50.190     0.063     0.005     0.071
    50.200     0.038     0.008     0.041
    50.210     0.002    -0.021     0.007
    50.220    -0.041    -0.047    -0.021
    50.230    -0.078    -0.059    -0.043
    50.240    -0.101    -0.056    -0.046
    50.250    -0.104    -0.042    -0.046
    50.260    -0.084    -0.038    -0.034
    50.270    -0.053    -0.029    -0.011
    50.280    -0.022    -0.013    -0.003
    50.290     0.001     0.001    -0.006
    50.300     0.005     0.022    -0.019
    50.310    -0.001     0.037    -0.030
    50.320    -0.005     0.041    -0.020
    50.330    -0.017     0.063    -0.005
    50.340    -0.032     0.079     0.008
    50.350    -0.054     0.045     0.024
    50.360    -0.084     0.005     0.009
    50.370    -0.082    -0.007    -0.035
    50.380    -0.042    -0.036    -0.039
    50.390    -0.001    -0.053    -0.015
    50.400     0.021    -0.028    -0.019
    50.410     0.015    -0.026    -0.018
    50.420    -0.002    -0.042     0.019
    50.430     0.001    -0.026     0.047
    50.440     0.023    -0.032     0.046
    50.450     0.040    -0.073     0.049
    50.460     0.044    -0.076     0.063
    50.470     0.057    -0.065     0.043
    50.480     0.076    -0.074     0.005
    50.490     0.073    -0.068    -0.001
    50.500     0.064    -0.060     0.029
    50.510     0.067    -0.055     0.045
    50.520     0.061    -0.026     0.021
    50.530     0.049     0.009    -0.013
    50.540     0.044     0.015    -0.048
    50.550     0.034    -0.020    -0.069
    50.560     0.035    -0.053    -0.056
    50.570     0.058    -0.035    -0.052
    50.580     0.061     0.009    -0.070
    50.590     0.041     0.045    -0.062
    50.600     0.030     0.065    -0.035
    50.610     0.018     0.065    -0.027
    50.620     0.004     0.057    -0.032
    50.630    -0.006     0.059    -0.015
    50.640    -0.032     0.061     0.014
    50.650    -0.079     0.045    -0.002
    50.660    -0.111     0.022    -0.034
    50.670    -0.112    -0.008    -0.027
    50.680    -0.110    -0.047    -0.016
    50.690    -0.111    -0.045    -0.025
    50.700    -0.087     0.029    -0.016
    50.710    -0.041     0.100     0.008
    50.720     0.000     0.102     0.008
    50.730     0.007     0.078    -0.006
    50.740    -0.011     0.080    -0.032
    50.750    -0.030     0.087    -0.069
    50.760    -0.037     0.077    -0.086
    50.770    -0.037     0.060    -0.074
    50.780    -0.044     0.073    -0.040
    50.790    -0.039     0.131    -0.013
    50.800    -0.007     0.134    -0.018
    50.810     0.032     0.047    -0.030
    50.820     0.060    -0.012    -0.033
    50.830     0.069    -0.018    -0.042
    50.840     0.055    -0.031    -0.046
    50.850     0.032    -0.030    -0.033
    50.860     0.016     0.016    -0.036
    50.870    -0.012     0.065    -0.042
    50.880    -0.037     0.081    -0.022
    50.890    -0.030     0.075     0.001
    50.900    -0.007     0.060     0.025
    50.910     0.015     0.023     0.044
    50.920     0.032    -0.023     0.037
    50.930     0.032    -0.047     0.031
    50.940     0.017    -0.052     0.035
    50.950     0.011    -0.050     0.020
    50.960     0.016    -0.058    -0.006
    50.970     0.013    -0.108    -0.011
    50.980     0.009    -0.167    -0.015
    50.990     0.014    -0.190    -0.028
    51.000     0.010    -0.189    -0.015
    51.010    -0.002    -0.167     0.037
    51.020    -0.003    -0.114     0.096
    51.030    -0.001    -0.064     0.123
    51.040    -0.002    -0.038     0.125
    51.050    -0.003    -0.009     0.120
    51.060    -0.020     0.040     0.093
    51.070    -0.030     0.065     0.036
    51.080    -0.015     0.028    -0.010
    51.090     0.001    -0.041    -0.018
    51.100     0.009    -0.106    -0.011
    51.110     0.006    -0.129     0.030
    51.120    -0.011    -0.098     0.108
    51.130    -0.032    -0.070     0.161
    51.140    -0.069    -0.064     0.170
    51.150    -0.111    -0.056     0.152
    51.160    -0.118    -0.059     0.124
    51.170    -0.070    -0.056     0.131
    51.180     0.008    -0.022     0.141
    51.190     0.062    -0.021     0.108
    51.200     0.064    -0.063     0.068
    51.210     0.042    -0.078     0.054
    51.220     0.040    -0.060     0.058
    51.230     0.069    -0.012     0.032
    51.240     0.078     0.037     0.000
    51.250     0.024     0.030     0.007
    51.260    -0.054     0.027    -0.017
    51.270    -0.104     0.067    -0.072
    51.280    -0.123     0.097    -0.050
    51.290    -0.112     0.095    -0.010
    51.300    -0.069     0.054    -0.048
    51.310    -0.016    -0.003    -0.072
    51.320     0.020    -0.016    -0.033
    51.330     0.027     0.003    -0.040
    51.340     0.017     0.034    -0.080
    51.350     0.019     0.078    -0.057
    51.360     0.029     0.110    -0.015
    51.370     0.038     0.115    -0.026
    51.380     0.056     0.083    -0.070
    51.390     0.057     0.041    -0.089
    51.400     0.019     0.059    -0.078
    51.410    -0.026     0.073    -0.066
    51.420    -0.056     0.024    -0.041
    51.430    -0.063    -0.011    -0.019
    51.440    -0.047    -0.036     0.001
    51.450    -0.033    -0.058     0.040
    51.460    -0.012    -0.042     0.037
    51.470     0.039    -0.034     0.032
    51.480     0.087    -0.033     0.087
    51.490     0.100    -0.025     0.084
    51.500     0.099    -0.052     0.017
    51.510     0.100    -0.080     0.011
    51.520     0.083    -0.060     0.029
    51.530     0.056    -0.053     0.021
    51.540     0.033    -0.100     0.005
    51.550     0.017    -0.122    -0.036
    51.560     0.020    -0.082    -0.054
    51.570     0.046    -0.038    -0.031
    51.580     0.079    -0.020    -0.015
    51.590     0.112     0.016    -0.021
    51.600     0.124     0.044    -0.060
    51.610     0.118     0.029    -0.075
    51.620     0.106     0.037    -0.018
    51.630     0.056     0.057     0.034
    51.640    -0.031     0.045     0.051
    51.650    -0.086     0.040     0.076
    51.660    -0.070     0.026     0.095
    51.670    -0.021     0.012     0.080
    51.680     0.001     0.054     0.061
    51.690    -0.027     0.083     0.049
    51.700    -0.076     0.030     0.037
    51.710    -0.079    -0.046     0.028
    51.720    -0.027    -0.066     0.022
    51.730     0.003    -0.037     0.000
    51.740    -0.009    -0.008    -0.061
    51.750    -0.026     0.026    -0.117
    51.760    -0.046     0.067    -0.127
    51.770    -0.076     0.089    -0.118
    51.780    -0.068     0.084    -0.101
    51.790    -0.012     0.065    -0.083
    51.800     0.034     0.059    -0.091
    51.810     0.036     0.080    -0.089
    51.820     0.011     0.096    -0.058
    51.830    -0.021     0.090    -0.027
    51.840    -0.037     0.089    -0.018
    51.850    -0.024     0.087    -0.035
    51.860    -0.004     0.075    -0.056
    51.870    -0.007     0.071    -0.047
    51.880    -0.026     0.062    -0.014
    51.890    -0.024     0.050     0.016
    51.900     0.001     0.071     0.031
    51.910     0.003     0.102     0.027
    51.920    -0.029     0.091     0.002
    51.930    -0.058     0.037    -0.044
    51.940    -0.079    -0.018    -0.105
    51.950    -0.090    -0.017    -0.137
    51.960    -0.064     0.046    -0.107
    51.970    -0.023     0.093    -0.054
    51.980    -0.002     0.071    -0.021
    51.990    -0.001    -0.006    -0.012
    52.000    -0.023    -0.077    -0.005
    52.010    -0.067    -0.068    -0.005
    52.020    -0.118    -0.005    -0.014
    52.030    -0.147     0.009    -0.009
    52.040    -0.125    -0.033    -0.011
    52.050    -0.077    -0.063    -0.009
    52.060    -0.043    -0.067     0.001
    52.070    -0.019    -0.035    -0.016
    52.080     0.012     0.008    -0.030
    52.090     0.062    -0.015    -0.025
    52.100     0.113    -0.076    -0.023
    52.110     0.150    -0.072    -0.007
    52.120     0.179    -0.044     0.018
    52.130     0.163    -0.060     0.022
    52.140     0.096    -0.067    -0.010
    52.150     0.053    -0.056    -0.020
    52.160     0.050    -0.045     0.022
    52.170     0.037    -0.011     0.039
    52.180     0.018     0.004     0.028
    52.190     0.014    -0.045     0.010
    52.200     0.021    -0.106    -0.040
    52.210     0.039    -0.141    -0.034
    52.220     0.052    -0.149     0.044
    52.230     0.045    -0.110     0.062
    52.240     0.037    -0.068     0.024
    52.250     0.038    -0.074     0.006
    52.260     0.043    -0.095    -0.033
    52.270     0.053    -0.099    -0.056
    52.280     0.073    -0.098    -0.006
    52.290     0.098    -0.098     0.054
    52.300     0.108    -0.078     0.094
    52.310     0.113    -0.051     0.095
    52.320     0.111    -0.059     0.058
    52.330     0.072    -0.067     0.057
    52.340     0.028    -0.035     0.102
    52.350     0.016     0.021     0.134
    52.360    -0.016     0.087     0.112
    52.370    -0.078     0.115     0.066
    52.380    -0.096     0.095     0.050
    52.390    -0.069     0.104     0.044
    52.400    -0.039     0.131     0.010
    52.410    -0.007     0.128    -0.047
    52.420     0.011     0.118    -0.106
    52.430    -0.005     0.084    -0.145
    52.440    -0.039     0.017    -0.148
    52.450    -0.077    -0.004    -0.131
    52.460    -0.101     0.042    -0.135
    52.470    -0.101     0.081    -0.126
    52.480    -0.069     0.079    -0.074
    52.490    -0.012     0.051    -0.061
    52.500     0.026    -0.003    -0.102
    52.510     0.046    -0.054    -0.093
    52.520     0.072    -0.053    -0.036
    52.530     0.074    -0.014    -0.004
    52.540     0.027     0.022     0.015
    52.550    -0.031     0.030     0.043
    52.560    -0.061     0.018     0.041
    52.570    -0.074     0.016     0.017
    52.580    -0.083     0.013     0.019
    52.590    -0.068    -0.004     0.014
    52.600    -0.025    -0.023    -0.036
    52.610     0.018    -0.052    -0.072
    52.620     0.048    -0.074    -0.056
    52.630     0.067    -0.053    -0.025
    52.640     0.078    -0.006    -0.002
    52.650     0.080     0.016     0.042
    52.660     0.068    -0.003     0.101
    52.670     0.047    -0.029     0.132
    52.680     0.024    -0.013     0.157
    52.690     0.018     0.021     0.172
    52.700     0.016     0.017     0.134
    52.710    -0.013     0.022     0.075
    52.720    -0.045     0.051     0.017
    52.730    -0.073     0.042    -0.040
    52.740    -0.097     0.024    -0.078
    52.750    -0.083     0.033    -0.106
    52.760    -0.048     0.046    -0.119
    52.770    -0.001     0.070    -0.100
    52.780     0.075     0.084    -0.067
    52.790     0.119     0.056    -0.062
    52.800     0.091     0.038    -0.071
    52.810     0.054     0.049    -0.036
    52.820     0.045     0.053     0.034
    52.830     0.010     0.035     0.076
    52.840    -0.086    -0.003     0.082
    52.850    -0.187    -0.035     0.088
    52.860    -0.231    -0.035     0.073
    52.870    -0.227     0.000     0.029
    52.880    -0.181     0.040     0.014
    52.890    -0.095     0.053     0.017
    52.900    -0.015     0.052    -0.011
    52.910     0.011     0.057    -0.019
    52.920    -0.004     0.048     0.017
    52.930    -0.015     0.025     0.028
    52.940    -0.015     0.008     0.023
    52.950    -0.024    -0.002     0.040
    52.960    -0.038    -0.003     0.068
    52.970    -0.015    -0.004     0.099
    52.980     0.036    -0.032     0.118
    52.990     0.060    -0.060     0.099
    53.000     0.066    -0.079     0.053
    53.010     0.068    -0.103     0.030
    53.020     0.033    -0.107     0.043
    53.030    -0.008    -0.102     0.053
    53.040    -0.014    -0.080     0.058
    53.050    -0.007    -0.036     0.069
    53.060    -0.009    -0.035     0.060
    53.070    -0.007    -0.029     0.045
    53.080     0.014     0.015     0.042
    53.090     0.030     0.010     0.038
    53.100     0.007    -0.021     0.058
    53.110    -0.032     0.001     0.110
    53.120    -0.036     0.034     0.126
    53.130    -0.026     0.007     0.090
    53.140    -0.035    -0.063     0.064
    53.150    -0.022    -0.097     0.049
    53.160     0.022    -0.105     0.012
    53.170     0.044    -0.122    -0.001
    53.180     0.052    -0.112     0.029
    53.190     0.077    -0.100     0.048
    53.200     0.096    -0.101     0.034
    53.210     0.089    -0.066     0.018
    53.220     0.080    -0.050     0.009
    53.230     0.067    -0.079    -0.009
    53.240     0.010    -0.071    -0.063
    53.250    -0.062    -0.046    -0.116
    53.260    -0.067    -0.059    -0.088
    53.270    -0.018    -0.069    -0.021
    53.280    -0.006    -0.038    -0.010
    53.290    -0.029    -0.016    -0.034
    53.300    -0.023    -0.036    -0.057
    53.310     0.002    -0.046    -0.080
    53.320     0.039    -0.015    -0.088
    53.330     0.099     0.037    -0.100
    53.340     0.117     0.075    -0.135
    53.350     0.075     0.055    -0.164
    53.360     0.027     0.015    -0.174
    53.370    -0.029     0.016    -0.170
    53.380    -0.075     0.009    -0.135
    53.390    -0.065    -0.021    -0.086
    53.400    -0.030     0.003    -0.054
    53.410    -0.022     0.067    -0.022
    53.420    -0.040     0.091    -0.009
    53.430    -0.063     0.080    -0.017
    53.440    -0.069     0.072    -0.014
    53.450    -0.057     0.045    -0.015
    53.460    -0.053    -0.013     0.001
    53.470    -0.065    -0.019     0.031
    53.480    -0.074     0.035     0.065
    53.490    -0.052     0.063     0.124
    53.500    -0.008     0.053     0.138
    53.510     0.015     0.047     0.091
    53.520     0.015     0.070     0.059
    53.530    -0.001     0.085     0.015
    53.540    -0.050     0.076    -0.056
    53.550    -0.083     0.093    -0.099
    53.560    -0.070     0.088    -0.108
    53.570    -0.067     0.055    -0.103
    53.580    -0.072     0.089    -0.097
    53.590    -0.037     0.116    -0.107
    53.600     0.015     0.081    -0.120
    53.610     0.039     0.075    -0.116
    53.620     0.057     0.073    -0.084
    53.630     0.089     0.053    -0.009
    53.640     0.104     0.062     0.056
    53.650     0.093     0.057     0.064
    53.660     0.067     0.043     0.078
    53.670     0.053     0.045     0.093
    53.680     0.065     0.026     0.057
    53.690     0.075     0.033     0.043
    53.700     0.067     0.078     0.076
    53.710     0.043     0.075     0.090
    53.720     0.000     0.027     0.080
    53.730    -0.060    -0.001     0.084
    53.740    -0.132     0.031     0.072
    53.750    -0.165     0.067     0.036
    53.760    -0.107     0.047     0.032
    53.770     0.014     0.045     0.042
    53.780     0.128     0.059     0.039
    53.790     0.165     0.036     0.069
    53.800     0.092     0.022     0.122
    53.810     0.000     0.004     0.149
    53.820    -0.010    -0.022     0.183
    53.830     0.018    -0.006     0.218
    53.840     0.039     0.025     0.180
    53.850     0.076     0.053     0.127
    53.860     0.090     0.072     0.089
    53.870     0.044     0.046    -0.021
    53.880    -0.006    -0.006    -0.130
    53.890    -0.019    -0.036    -0.130
    53.900    -0.002     0.000    -0.089
    53.910     0.032     0.065    -0.056
    53.920     0.046     0.078    -0.011
    53.930     0.034     0.068     0.008
    53.940     0.032     0.045    -0.009
    53.950     0.023    -0.019    -0.016
    53.960    -0.003    -0.061    -0.035
    53.970    -0.014    -0.056    -0.080
    53.980     0.011    -0.031    -0.095
    53.990     0.064     0.008    -0.094
    54.000     0.095     0.014    -0.114
    54.010     0.060    -0.032    -0.142
    54.020    -0.001    -0.108    -0.168
    54.030    -0.042    -0.186    -0.180
    54.040    -0.067    -0.194    -0.166
    54.050    -0.071    -0.149    -0.141
    54.060    -0.056    -0.143    -0.119
    54.070    -0.054    -0.153    -0.080
    54.080    -0.062    -0.158    -0.003
    54.090    -0.066    -0.173     0.085
    54.100    -0.069    -0.163     0.158
    54.110    -0.058    -0.126     0.190
    54.120    -0.041    -0.067     0.154
    54.130    -0.048    -0.009     0.110
    54.140    -0.076    -0.017     0.112
    54.150    -0.102    -0.062     0.125
    54.160    -0.110    -0.074     0.155
    54.170    -0.091    -0.059     0.230
    54.180    -0.062    -0.039     0.285
    54.190    -0.046    -0.037     0.271
    54.200    -0.029    -0.035     0.255
    54.210     0.014    -0.003     0.251
    54.220     0.057     0.017     0.212
    54.230     0.064     0.018     0.149
    54.240     0.039     0.023     0.080
    54.250    -0.009     0.044     0.032
    54.260    -0.049     0.094     0.029
    54.270    -0.025     0.135     0.007
    54.280     0.039     0.135    -0.052
    54.290     0.074     0.111    -0.094
    54.300     0.091     0.079    -0.142
    54.310     0.107     0.037    -0.202
    54.320     0.076    -0.022    -0.228
    54.330     0.013    -0.045    -0.250
    54.340    -0.023    -0.011    -0.301
    54.350    -0.027     0.001    -0.354
    54.360    -0.016    -0.035    -0.403
    54.370    -0.004    -0.079    -0.452
    54.380    -0.014    -0.098    -0.503
    54.390    -0.028    -0.070    -0.549
    54.400    -0.016    -0.023    -0.576
    54.410     0.003     0.005    -0.584
    54.420     0.018     0.024    -0.575
    54.430     0.049     0.018    -0.542
    54.440     0.075    -0.014    -0.491
    54.450     0.067    -0.040    -0.448
    54.460     0.033    -0.063    -0.431
    54.470    -0.003    -0.089    -0.396
    54.480    -0.016    -0.099    -0.344
    54.490     0.002    -0.081    -0.302
    54.500     0.037    -0.060    -0.224
    54.510     0.066    -0.075    -0.122
    54.520     0.073    -0.107    -0.056
    54.530     0.073    -0.112    -0.021
    54.540     0.086    -0.103    -0.012
    54.550     0.094    -0.106    -0.006
    54.560     0.084    -0.111     0.045
    54.570     0.068    -0.106     0.127
    54.580     0.039    -0.121     0.212
    54.590    -0.017    -0.161     0.294
    54.600    -0.061    -0.181     0.355
    54.610    -0.055    -0.189     0.405
    54.620    -0.028    -0.219     0.473
    54.630    -0.018    -0.240     0.547
    54.640    -0.023    -0.227     0.607
    54.650    -0.031    -0.210     0.616
    54.660    -0.049    -0.186     0.592
    54.670    -0.069    -0.151     0.572
    54.680    -0.063    -0.146     0.513
    54.690    -0.043    -0.144     0.414
    54.700    -0.034    -0.096     0.346
    54.710    -0.030    -0.016     0.308
    54.720    -0.013     0.076     0.286
    54.730     0.027     0.176     0.275
    54.740     0.073     0.279     0.283
    54.750     0.070     0.366     0.340
    54.760     0.013     0.409     0.392
    54.770    -0.051     0.450     0.403
    54.780    -0.082     0.526     0.408
    54.790    -0.054     0.570     0.369
    54.800     0.023     0.580     0.264
    54.810     0.093     0.618     0.184
    54.820     0.140     0.643     0.175
    54.830     0.191     0.640     0.184
    54.840     0.224     0.663     0.168
    54.850     0.194     0.681     0.123
    54.860     0.123     0.666     0.081
    54.870     0.057     0.647     0.066
    54.880    -0.003     0.620     0.025
    54.890    -0.077     0.566    -0.041
    54.900    -0.143     0.512    -0.063
    54.910    -0.163     0.464    -0.076
    54.920    -0.129     0.386    -0.136
    54.930    -0.064     0.288    -0.208
    54.940     0.004     0.181    -0.246
    54.950     0.059     0.069    -0.247
    54.960     0.095    -0.001    -0.235
    54.970     0.096    -0.046    -0.233
    54.980     0.073    -0.108    -0.234
    54.990     0.065    -0.169    -0.211
    55.000     0.056    -0.243    -0.188
    55.010     0.021    -0.340    -0.209
    55.020    -0.013    -0.424    -0.255
    55.030    -0.037    -0.530    -0.260
    55.040    -0.069    -0.618    -0.203
    55.050    -0.104    -0.594    -0.151
    55.060    -0.136    -0.558    -0.127
    55.070    -0.154    -0.579    -0.062
    55.080    -0.145    -0.567     0.029
    55.090    -0.116    -0.536     0.060
    55.100    -0.080    -0.553     0.044
    55.110    -0.064    -0.583     0.052
    55.120    -0.062    -0.612     0.051
    55.130    -0.035    -0.686    -0.012
    55.140    -0.017    -0.796    -0.078
    55.150    -0.055    -0.874    -0.079
    55.160    -0.118    -0.878    -0.010
    55.170    -0.164    -0.834     0.111
    55.180    -0.191    -0.776     0.222
    55.190    -0.215    -0.712     0.286
    55.200    -0.226    -0.655     0.317
    55.210    -0.192    -0.593     0.313
    55.220    -0.127    -0.501     0.285
    55.230    -0.067    -0.395     0.236
    55.240    -0.026    -0.302     0.149
    55.250    -0.012    -0.240     0.074
    55.260    -0.004    -0.196     0.056
    55.270     0.021    -0.107     0.027
    55.280     0.041     0.019    -0.050
    55.290     0.030     0.111    -0.125
    55.300    -0.004     0.180    -0.192
    55.310    -0.033     0.250    -0.273
    55.320    -0.043     0.298    -0.357
    55.330    -0.052     0.322    -0.432
    55.340    -0.058     0.333    -0.493
    55.350    -0.055     0.342    -0.520
    55.360    -0.047     0.346    -0.501
    55.370    -0.022     0.333    -0.457
    55.380     0.014     0.332    -0.395
    55.390     0.027     0.378    -0.312
    55.400     0.034     0.439    -0.250
    55.410     0.068     0.473    -0.235
    55.420     0.092     0.498    -0.247
    55.430     0.090     0.506    -0.291
    55.440     0.102     0.465    -0.350
    55.450     0.139     0.446    -0.355
    55.460     0.150     0.501    -0.307
    55.470     0.122     0.519    -0.255
    55.480     0.089     0.458    -0.176
    55.490     0.072     0.425    -0.062
    55.500     0.083     0.440    -0.015
    55.510     0.114     0.429    -0.038
    55.520     0.140     0.379    -0.044
    55.530     0.152     0.318    -0.020
    55.540     0.154     0.266     0.035
    55.550     0.141     0.213     0.119
    55.560     0.099     0.137     0.222
    55.570     0.042     0.053     0.348
    55.580     0.013    -0.017     0.479
    55.590     0.021    -0.054     0.577
    55.600     0.029    -0.054     0.601
    55.610     0.007    -0.041     0.531
    55.620    -0.028     0.011     0.385
    55.630    -0.025     0.141     0.235
    55.640     0.022     0.278     0.146
    55.650     0.058     0.323     0.076
    55.660     0.056     0.263    -0.004
    55.670     0.032     0.140    -0.028
    55.680     0.000     0.019    -0.001
    55.690    -0.015    -0.082     0.015
    55.700     0.011    -0.183     0.030
    55.710     0.054    -0.259     0.060
    55.720     0.070    -0.291     0.109
    55.730     0.067    -0.283     0.156
    55.740     0.071    -0.259     0.175
    55.750     0.060    -0.266     0.210
    55.760     0.017    -0.309     0.264
    55.770    -0.026    -0.349     0.283
    55.780    -0.049    -0.335     0.251
    55.790    -0.067    -0.272     0.155
    55.800    -0.082    -0.243     0.038
    55.810    -0.097    -0.252     0.007
    55.820    -0.112    -0.238     0.061
    55.830    -0.100    -0.221     0.109
    55.840    -0.063    -0.222     0.121
    55.850    -0.032    -0.203     0.124
    55.860    -0.015    -0.186     0.117
    55.870    -0.011    -0.183     0.075
    55.880    -0.019    -0.178     0.005
    55.890    -0.009    -0.185    -0.046
    55.900     0.019    -0.158    -0.080
    55.910     0.031    -0.063    -0.120
    55.920     0.030     0.016    -0.147
    55.930     0.050     0.053    -0.154
    55.940     0.073     0.106    -0.156
    55.950     0.066     0.187    -0.145
    55.960     0.042     0.274    -0.128
    55.970     0.024     0.348    -0.132
    55.980     0.014     0.383    -0.149
    55.990     0.012     0.365    -0.202
    56.000     0.029     0.305    -0.313
    56.010     0.049     0.250    -0.394
    56.020     0.041     0.212    -0.396
    56.030     0.010     0.165    -0.351
    56.040    -0.011     0.128    -0.283
    56.050    -0.028     0.102    -0.205
    56.060    -0.056     0.065    -0.114
    56.070    -0.102     0.047    -0.024
    56.080    -0.177     0.057     0.044
    56.090    -0.251     0.064     0.101
    56.100    -0.267     0.074     0.127
    56.110    -0.211     0.091     0.088
    56.120    -0.119     0.122     0.001
    56.130    -0.045     0.157    -0.073
    56.140    -0.019     0.123    -0.096
    56.150    -0.023     0.021    -0.086
    56.160    -0.020    -0.117    -0.058
    56.170     0.010    -0.281    -0.009
    56.180     0.056    -0.383     0.030
    56.190     0.100    -0.394     0.081
    56.200     0.129    -0.364     0.159
    56.210     0.133    -0.293     0.173
    56.220     0.110    -0.203     0.131
    56.230     0.073    -0.108     0.120
    56.240     0.023     0.009     0.134
    56.250    -0.043     0.121     0.147
    56.260    -0.096     0.234     0.154
    56.270    -0.095     0.348     0.153
    56.280    -0.048     0.393     0.143
    56.290     0.001     0.384     0.135
    56.300     0.026     0.357     0.114
    56.310     0.031     0.271     0.046
    56.320     0.039     0.153    -0.044
    56.330     0.046     0.052    -0.161
    56.340     0.032    -0.048    -0.276
    56.350     0.014    -0.097    -0.304
    56.360     0.004    -0.041    -0.278
    56.370    -0.026     0.052    -0.239
    56.380    -0.081     0.074    -0.150
    56.390    -0.130     0.030    -0.061
    56.400    -0.134     0.012    -0.024
    56.410    -0.124     0.021     0.029
    56.420    -0.160     0.012     0.104
    56.430    -0.173    -0.010     0.129
    56.440    -0.101    -0.075     0.105
    56.450    -0.041    -0.177     0.087
    56.460    -0.040    -0.255     0.069
    56.470     0.011    -0.331     0.034
    56.480     0.149    -0.414     0.030
    56.490     0.254    -0.454     0.038
    56.500     0.254    -0.447    -0.001
    56.510     0.211    -0.379    -0.026
    56.520     0.176    -0.254    -0.013
    56.530     0.135    -0.125    -0.022
    56.540     0.074    -0.022    -0.044
    56.550     0.026     0.037    -0.050
    56.560     0.039     0.059    -0.025
    56.570     0.092     0.078     0.058
    56.580     0.116     0.110     0.154
    56.590     0.098     0.125     0.203
    56.600     0.074     0.094     0.223
    56.610     0.070     0.034     0.258
    56.620     0.066    -0.021     0.309
    56.630     0.034    -0.041     0.319
    56.640     0.006    -0.030     0.266
    56.650     0.025    -0.041     0.194
    56.660     0.048    -0.070     0.162
    56.670     0.041    -0.089     0.168
    56.680     0.026    -0.088     0.141
    56.690     0.003    -0.028     0.103
    56.700    -0.040     0.065     0.101
    56.710    -0.082     0.134     0.100
    56.720    -0.093     0.179     0.079
    56.730    -0.091     0.212     0.045
    56.740    -0.098     0.245     0.016
    56.750    -0.075     0.260     0.013
    56.760    -0.015     0.230     0.028
    56.770     0.020     0.197     0.053
    56.780     0.016     0.174     0.075
    56.790     0.022     0.130     0.071
    56.800     0.056     0.092     0.035
    56.810     0.070     0.050    -0.060
    56.820     0.044    -0.016    -0.202
    56.830     0.026    -0.033    -0.291
    56.840     0.039     0.021    -0.287
    56.850     0.052     0.088    -0.271
    56.860     0.039     0.170    -0.274
    56.870     0.002     0.206    -0.263
    56.880    -0.052     0.136    -0.246
    56.890    -0.109     0.071    -0.252
    56.900    -0.154     0.047    -0.268
    56.910    -0.187    -0.031    -0.249
    56.920    -0.191    -0.131    -0.190
    56.930    -0.154    -0.190    -0.132
    56.940    -0.119    -0.231    -0.084
    56.950    -0.118    -0.232    -0.038
    56.960    -0.125    -0.179    -0.035
    56.970    -0.120    -0.148    -0.068
    56.980    -0.115    -0.164    -0.102
    56.990    -0.121    -0.183    -0.153
    57.000    -0.128    -0.213    -0.223
    57.010    -0.122    -0.259    -0.300
    57.020    -0.122    -0.279    -0.347
    57.030    -0.116    -0.272    -0.326
    57.040    -0.052    -0.282    -0.292
    57.050     0.052    -0.304    -0.234
    57.060     0.140    -0.322    -0.103
    57.070     0.179    -0.321     0.045
    57.080     0.142    -0.276     0.176
    57.090     0.049    -0.225     0.294
    57.100    -0.037    -0.198     0.354
    57.110    -0.075    -0.153     0.345
    57.120    -0.046    -0.104     0.300
    57.130     0.028    -0.073     0.202
    57.140     0.074    -0.009     0.063
    57.150     0.070     0.077    -0.056
    57.160     0.031     0.124    -0.121
    57.170    -0.038     0.150    -0.144
    57.180    -0.100     0.192    -0.156
    57.190    -0.117     0.213    -0.116
    57.200    -0.086     0.177    -0.015
    57.210    -0.018     0.156     0.056
    57.220     0.069     0.182     0.089
    57.230     0.136     0.197     0.116
    57.240     0.151     0.233     0.111
    57.250     0.150     0.235     0.098
    57.260     0.181     0.111     0.126
    57.270     0.240     0.004     0.136
    57.280     0.284    -0.010     0.086
    57.290     0.268    -0.013     0.031
    57.300     0.180     0.052    -0.001
    57.310     0.085     0.166     0.004
    57.320     0.054     0.173     0.061
    57.330     0.070     0.107     0.144
    57.340     0.067     0.049     0.226
    57.350     0.022    -0.017     0.332
    57.360    -0.043    -0.034     0.450
    57.370    -0.081     0.013     0.485
    57.380    -0.068     0.034     0.438
    57.390    -0.027     0.014     0.391
    57.400     0.004     0.003     0.358
    57.410     0.003     0.015     0.307
    57.420    -0.037     0.046     0.220
    57.430    -0.099     0.103     0.102
    57.440    -0.127     0.148    -0.023
    57.450    -0.097     0.158    -0.126
    57.460    -0.044     0.198    -0.187
    57.470    -0.007     0.212    -0.212
    57.480    -0.006     0.136    -0.194
    57.490    -0.011     0.115    -0.134
    57.500     0.009     0.217    -0.056
    57.510     0.039     0.295     0.012
    57.520     0.054     0.270     0.043
    57.530     0.065     0.180     0.080
    57.540     0.072     0.043     0.155
    57.550     0.056    -0.099     0.180
    57.560     0.013    -0.144     0.122
    57.570    -0.053    -0.071     0.080
    57.580    -0.118     0.018     0.084
    57.590    -0.128     0.053     0.066
    57.600    -0.067     0.037     0.004
    57.610     0.002    -0.032    -0.055
    57.620     0.011    -0.098    -0.092
    57.630    -0.036    -0.061    -0.140
    57.640    -0.092     0.051    -0.187
    57.650    -0.116     0.135    -0.223
    57.660    -0.086     0.159    -0.273
    57.670    -0.018     0.129    -0.287
    57.680     0.052     0.072    -0.232
    57.690     0.089     0.036    -0.152
    57.700     0.088     0.011    -0.089
    57.710     0.075    -0.033    -0.059
    57.720     0.062    -0.077    -0.060
    57.730     0.056    -0.100    -0.055
    57.740     0.083    -0.105    -0.032
    57.750     0.114    -0.121    -0.027
    57.760     0.095    -0.121    -0.021
    57.770     0.047    -0.086     0.015
    57.780     0.009    -0.059     0.030
    57.790    -0.024    -0.037     0.003
    57.800    -0.048    -0.034    -0.022
    57.810    -0.030    -0.069    -0.057
    57.820     0.028    -0.084    -0.131
    57.830     0.052    -0.111    -0.217
    57.840     0.021    -0.244    -0.304
    57.850     0.004    -0.403    -0.374
    57.860     0.023    -0.491    -0.384
    57.870     0.016    -0.521    -0.341
    57.880    -0.045    -0.483    -0.268
    57.890    -0.115    -0.384    -0.192
    57.900    -0.147    -0.265    -0.143
    57.910    -0.143    -0.147    -0.118
    57.920    -0.116    -0.065    -0.112
    57.930    -0.064    -0.027    -0.134
    57.940    -0.002     0.002    -0.131
    57.950     0.031     0.041    -0.082
    57.960     0.019     0.057    -0.083
    57.970    -0.007     0.006    -0.142
    57.980    -0.019    -0.061    -0.137
    57.990    -0.024    -0.101    -0.076
    58.000    -0.018    -0.135    -0.025
    58.010     0.007    -0.120     0.021
    58.020     0.025    -0.058     0.044
    58.030     0.022    -0.051     0.051
    58.040     0.024    -0.061     0.080
    58.050     0.046     0.005     0.116
    58.060     0.060     0.117     0.131
    58.070     0.044     0.236     0.135
    58.080     0.032     0.318     0.136
    58.090     0.057     0.325     0.124
    58.100     0.085     0.304     0.097
    58.110     0.085     0.272     0.072
    58.120     0.070     0.204     0.058
    58.130     0.063     0.151     0.046
    58.140     0.073     0.138     0.025
    58.150     0.081     0.100     0.027
    58.160     0.075     0.022     0.076
    58.170     0.062    -0.036     0.123
    58.180     0.032    -0.057     0.150
    58.190    -0.021    -0.075     0.167
    58.200    -0.092    -0.097     0.159
    58.210    -0.152    -0.100     0.156
    58.220    -0.178    -0.069     0.174
    58.230    -0.188    -0.013     0.181
    58.240    -0.181     0.029     0.175
    58.250    -0.151     0.035     0.179
    58.260    -0.120     0.037     0.158
    58.270    -0.098     0.043     0.085
    58.280    -0.075     0.026     0.027
    58.290    -0.052     0.007     0.014
    58.300    -0.044     0.030    -0.017
    58.310    -0.056     0.088    -0.087
    58.320    -0.081     0.139    -0.140
    58.330    -0.099     0.173    -0.163
    58.340    -0.089     0.201    -0.179
    58.350    -0.056     0.196    -0.188
    58.360    -0.011     0.161    -0.190
    58.370     0.044     0.155    -0.151
    58.380     0.094     0.162    -0.033
    58.390     0.117     0.146     0.084
    58.400     0.108     0.141     0.162
    58.410     0.084     0.135     0.262
    58.420     0.054     0.116     0.355
    58.430     0.023     0.137     0.366
    58.440     0.016     0.164     0.326
    58.450     0.027     0.128     0.280
    58.460     0.014     0.082     0.224
    58.470    -0.009     0.063     0.188
    58.480    -0.005     0.047     0.194
    58.490     0.024     0.032     0.190
    58.500     0.062     0.009     0.147
    58.510     0.085    -0.034     0.072
    58.520     0.063    -0.070    -0.020
    58.530     0.015    -0.086    -0.074
    58.540    -0.011    -0.111    -0.075
    58.550    -0.008    -0.142    -0.074
    58.560     0.004    -0.155    -0.111
    58.570     0.011    -0.161    -0.160
    58.580     0.021    -0.159    -0.164
    58.590     0.032    -0.127    -0.128
    58.600     0.031    -0.072    -0.113
    58.610     0.015    -0.022    -0.144
    58.620    -0.006     0.033    -0.180
    58.630    -0.016     0.100    -0.188
    58.640    -0.016     0.121    -0.160
    58.650    -0.012     0.073    -0.102
    58.660    -0.004     0.001    -0.054
    58.670    -0.010    -0.081    -0.022
    58.680    -0.020    -0.185     0.029
    58.690     0.000    -0.265     0.087
    58.700     0.034    -0.256     0.118
    58.710     0.044    -0.213     0.130
    58.720     0.016    -0.205     0.156
    58.730    -0.046    -0.176     0.168
    58.740    -0.110    -0.131     0.144
    58.750    -0.139    -0.125     0.128
    58.760    -0.130    -0.113     0.084
    58.770    -0.093    -0.080    -0.008
    58.780    -0.039    -0.073    -0.070
    58.790     0.009    -0.097    -0.097
    58.800     0.056    -0.136    -0.109
    58.810     0.105    -0.153    -0.084
    58.820     0.117    -0.132    -0.061
    58.830     0.088    -0.089    -0.092
    58.840     0.068    -0.025    -0.136
    58.850     0.070     0.041    -0.161
    58.860     0.055     0.091    -0.198
    58.870     0.028     0.148    -0.233
    58.880     0.009     0.192    -0.240
    58.890    -0.002     0.171    -0.225
    58.900     0.004     0.091    -0.199
    58.910     0.043    -0.006    -0.170
    58.920     0.095    -0.102    -0.116
    58.930     0.115    -0.174    -0.033
    58.940     0.089    -0.196     0.051
    58.950     0.054    -0.186     0.114
    58.960     0.045    -0.166     0.161
    58.970     0.043    -0.121     0.197
    58.980     0.031    -0.056     0.201
    58.990     0.033    -0.006     0.167
    59.000     0.030     0.045     0.108
    59.010    -0.017     0.092     0.047
    59.020    -0.063     0.108    -0.006
    59.030    -0.077     0.161    -0.080
    59.040    -0.079     0.244    -0.170
    59.050    -0.062     0.255    -0.208
    59.060    -0.036     0.207    -0.200
    59.070    -0.026     0.130    -0.189
    59.080    -0.018     0.034    -0.144
    59.090    -0.003    -0.007    -0.054
    59.100    -0.014     0.038     0.043
    59.110    -0.038     0.094     0.133
    59.120    -0.036     0.108     0.183
    59.130    -0.025     0.107     0.147
    59.140    -0.031     0.102     0.064
    59.150    -0.035     0.071     0.011
    59.160    -0.029     0.038    -0.020
    59.170    -0.039     0.023    -0.060
    59.180    -0.060    -0.010    -0.077
    59.190    -0.065    -0.047    -0.045
    59.200    -0.065    -0.045     0.015
    59.210    -0.073    -0.032     0.061
    59.220    -0.076    -0.044     0.085
    59.230    -0.071    -0.058     0.117
    59.240    -0.058    -0.046     0.146
    59.250    -0.034    -0.019     0.143
    59.260    -0.019     0.009     0.145
    59.270    -0.015     0.037     0.173
    59.280    -0.012     0.051     0.172
    59.290    -0.027     0.072     0.115
    59.300    -0.051     0.118     0.051
    59.310    -0.043     0.150     0.030
    59.320    -0.021     0.155     0.027
    59.330    -0.017     0.160     0.025
    59.340    -0.010     0.164     0.036
    59.350     0.007     0.161     0.040
    59.360     0.016     0.160     0.042
    59.370     0.035     0.166     0.049
    59.380     0.078     0.157     0.053
    59.390     0.091     0.122     0.052
    59.400     0.074     0.100     0.006
    59.410     0.094     0.128    -0.059
    59.420     0.126     0.177    -0.090
    59.430     0.117     0.186    -0.125
    59.440     0.090     0.117    -0.148
    59.450     0.050     0.008    -0.128
    59.460     0.000    -0.067    -0.121
    59.470    -0.023    -0.100    -0.131
    59.480    -0.018    -0.112    -0.096
    59.490    -0.003    -0.124    -0.022
    59.500     0.029    -0.165     0.047
    59.510     0.061    -0.214     0.101
    59.520     0.078    -0.224     0.141
    59.530     0.093    -0.195     0.168
    59.540     0.108    -0.162     0.174
    59.550     0.091    -0.139     0.161
    59.560     0.041    -0.111     0.125
    59.570     0.002    -0.079     0.073
    59.580    -0.019    -0.051     0.041
    59.590    -0.047    -0.029     0.013
    59.600    -0.077    -0.027    -0.021
    59.610    -0.086    -0.051    -0.025
    59.620    -0.076    -0.079    -0.054
    59.630    -0.069    -0.096    -0.126
    59.640    -0.052    -0.106    -0.178
    59.650    -0.014    -0.091    -0.222
    59.660     0.017    -0.054    -0.266
    59.670     0.029    -0.056    -0.263
    59.680     0.050    -0.094    -0.222
    59.690     0.097    -0.104    -0.192
    59.700     0.129    -0.109    -0.197
    59.710     0.106    -0.130    -0.216
    59.720     0.054    -0.117    -0.212
    59.730     0.009    -0.074    -0.192
    59.740    -0.044    -0.043    -0.175
    59.750    -0.097    -0.021    -0.119
    59.760    -0.118     0.014    -0.038
    59.770    -0.109     0.070     0.004
    59.780    -0.096     0.113     0.018
    59.790    -0.090     0.120     0.037
    59.800    -0.073     0.122     0.067
    59.810    -0.051     0.125     0.103
    59.820    -0.051     0.104     0.152
    59.830    -0.058     0.068     0.215
    59.840    -0.054     0.018     0.238
    59.850    -0.062    -0.027     0.196
    59.860    -0.081    -0.037     0.135
    59.870    -0.084    -0.048     0.073
    59.880    -0.077    -0.061     0.026
    59.890    -0.065    -0.016     0.027
    59.900    -0.050     0.068     0.061
    59.910    -0.027     0.122     0.064
    59.920     0.009     0.138     0.016
    59.930     0.045     0.133    -0.031
    59.940     0.067     0.121    -0.050
    59.950     0.056     0.109    -0.058
    59.960     0.034     0.080    -0.055
    59.970     0.036     0.047    -0.035
    59.980     0.035     0.031    -0.062
    59.990     0.009    -0.002    -0.164
    60.000    -0.003    -0.043    -0.217
    60.010     0.003    -0.038    -0.188
    60.020     0.004    -0.017    -0.160
    60.030    -0.002    -0.014    -0.110
    60.040    -0.002    -0.017    -0.012
    60.050     0.006    -0.019     0.063
    60.060     0.000     0.007     0.092
    60.070    -0.033     0.050     0.118
    60.080    -0.053     0.085     0.145
    60.090    -0.055     0.144     0.164
    60.100    -0.062     0.199     0.190
    60.110    -0.053     0.205     0.202
    60.120    -0.003     0.183     0.166
    60.130     0.045     0.121     0.110
    60.140     0.038     0.047     0.103
    60.150     0.013     0.007     0.135
    60.160     0.038    -0.032     0.142
    60.170     0.089    -0.038     0.095
    60.180     0.134    -0.025     0.025
    60.190     0.178    -0.102    -0.034
    60.200     0.187    -0.222    -0.074
    60.210     0.127    -0.280    -0.068
    60.220     0.030    -0.273    -0.011
    60.230    -0.045    -0.215     0.043
    60.240    -0.068    -0.107     0.063
    60.250    -0.052     0.011     0.046
    60.260    -0.028     0.091    -0.001
    60.270    -0.013     0.131    -0.043
    60.280    -0.009     0.145    -0.047
    60.290    -0.015     0.147    -0.039
    60.300    -0.042     0.150    -0.084
    60.310    -0.066     0.149    -0.158
    60.320    -0.045     0.126    -0.174
    60.330     0.003     0.088    -0.173
    60.340     0.030     0.069    -0.214
    60.350     0.025     0.070    -0.221
    60.360     0.017     0.048    -0.189
    60.370     0.041     0.013    -0.190
    60.380     0.080    -0.005    -0.178
    60.390     0.085    -0.027    -0.102
    60.400     0.085    -0.016    -0.013
    60.410     0.127     0.061     0.022
    60.420     0.176     0.132     0.026
    60.430     0.196     0.181     0.039
    60.440     0.187     0.234     0.019
    60.450     0.135     0.251    -0.032
    60.460     0.064     0.217    -0.051
    60.470     0.032     0.151    -0.038
    60.480     0.036     0.077    -0.018
    60.490     0.021     0.037     0.022
    60.500    -0.005    -0.001     0.073
    60.510     0.006    -0.087     0.096
    60.520     0.036    -0.162     0.076
    60.530     0.038    -0.176     0.037
    60.540    -0.002    -0.170     0.017
    60.550    -0.043    -0.158    -0.005
    60.560    -0.039    -0.106    -0.055
    60.570    -0.021    -0.048    -0.071
    60.580    -0.018    -0.048    -0.047
    60.590    -0.034    -0.085    -0.049
    60.600    -0.101    -0.131    -0.064
    60.610    -0.183    -0.169    -0.044
    60.620    -0.202    -0.173    -0.017
    60.630    -0.178    -0.161    -0.005
    60.640    -0.163    -0.161     0.027
    60.650    -0.130    -0.183     0.059
    60.660    -0.085    -0.250     0.099
    60.670    -0.073    -0.357     0.160
    60.680    -0.092    -0.424     0.185
    60.690    -0.100    -0.397     0.181
    60.700    -0.083    -0.347     0.186
    60.710    -0.046    -0.326     0.180
    60.720     0.003    -0.313     0.154
    60.730     0.023    -0.327     0.149
    60.740    -0.003    -0.385     0.174
    60.750    -0.050    -0.422     0.212
    60.760    -0.078    -0.399     0.276
    60.770    -0.054    -0.389     0.334
    60.780     0.003    -0.405     0.338
    60.790     0.037    -0.383     0.318
    60.800     0.042    -0.335     0.293
    60.810     0.042    -0.299     0.235
    60.820     0.029    -0.239     0.164
    60.830     0.006    -0.143     0.102
    60.840     0.009    -0.052     0.038
    60.850     0.022     0.034    -0.019
    60.860    -0.002     0.113    -0.081
    60.870    -0.055     0.147    -0.138
    60.880    -0.081     0.138    -0.134
    60.890    -0.059     0.124    -0.075
    60.900    -0.028     0.124    -0.012
    60.910    -0.007     0.133     0.060
    60.920    -0.001     0.133     0.165
    60.930    -0.012     0.115     0.245
    60.940    -0.024     0.110     0.270
    60.950    -0.021     0.130     0.274
    60.960    -0.016     0.143     0.253
    60.970    -0.019     0.160     0.179
    60.980    -0.024     0.196     0.082
    60.990    -0.020     0.207     0.019
    61.000     0.010     0.186    -0.022
    61.010     0.039     0.196    -0.081
    61.020     0.035     0.265    -0.129
    61.030     0.020     0.332    -0.127
    61.040    -0.004     0.356    -0.077
    61.050    -0.039     0.366    -0.022
    61.060    -0.044     0.374     0.023
    61.070    -0.019     0.354     0.067
    61.080    -0.001     0.305     0.083
    61.090    -0.002     0.272     0.053
    61.100    -0.007     0.271     0.006
    61.110     0.006     0.273    -0.046
    61.120     0.038     0.273    -0.097
    61.130     0.078     0.291    -0.122
    61.140     0.117     0.302    -0.148
    61.150     0.128     0.298    -0.176
    61.160     0.108     0.327    -0.155
    61.170     0.093     0.375    -0.105
    61.180     0.081     0.386    -0.079
    61.190     0.052     0.358    -0.082
    61.200     0.031     0.312    -0.108
    61.210     0.049     0.267    -0.139
    61.220     0.086     0.216    -0.158
    61.230     0.104     0.167    -0.177
    61.240     0.104     0.162    -0.198
    61.250     0.110     0.181    -0.230
    61.260     0.112     0.167    -0.265
    61.270     0.093     0.125    -0.253
    61.280     0.076     0.091    -0.239
    61.290     0.083     0.079    -0.259
    61.300     0.088     0.050    -0.233
    61.310     0.058    -0.023    -0.168
    61.320     0.017    -0.096    -0.136
    61.330     0.008    -0.145    -0.110
    61.340     0.007    -0.179    -0.067
    61.350    -0.008    -0.177    -0.035
    61.360    -0.007    -0.147    -0.002
    61.370     0.016    -0.101     0.011
    61.380     0.035    -0.045    -0.025
    61.390     0.041    -0.010    -0.059
    61.400     0.030    -0.005    -0.113
    61.410     0.015    -0.006    -0.201
    61.420     0.028    -0.014    -0.243
    61.430     0.053    -0.048    -0.261
    61.440     0.055    -0.099    -0.294
    61.450     0.030    -0.160    -0.288
    61.460    -0.018    -0.222    -0.222
    61.470    -0.065    -0.251    -0.150
    61.480    -0.080    -0.255    -0.097
    61.490    -0.098    -0.270    -0.027
    61.500    -0.131    -0.288     0.031
    61.510    -0.140    -0.283     0.005
    61.520    -0.113    -0.274    -0.061
    61.530    -0.093    -0.292    -0.102
    61.540    -0.088    -0.312    -0.152
    61.550    -0.064    -0.286    -0.207
    61.560    -0.036    -0.228    -0.223
    61.570    -0.031    -0.196    -0.226
    61.580    -0.030    -0.204    -0.204
    61.590    -0.024    -0.221    -0.131
    61.600    -0.031    -0.244    -0.041
    61.610    -0.045    -0.262     0.045
    61.620    -0.047    -0.265     0.101
    61.630    -0.036    -0.268     0.115
    61.640    -0.023    -0.280     0.133
    61.650    -0.011    -0.278     0.154
    61.660    -0.004    -0.231     0.147
    61.670     0.010    -0.181     0.141
    61.680     0.034    -0.158     0.145
    61.690     0.043    -0.090     0.133
    61.700     0.054    -0.005     0.125
    61.710     0.091     0.031     0.156
    61.720     0.102     0.102     0.184
    61.730     0.071     0.189     0.159
    61.740     0.033     0.179     0.126
    61.750    -0.002     0.132     0.112
    61.760    -0.025     0.110     0.070
    61.770    -0.027     0.074     0.024
    61.780    -0.031     0.034     0.019
    61.790    -0.044     0.040     0.008
    61.800    -0.047     0.073    -0.027
    61.810    -0.048     0.073    -0.028
    61.820    -0.049     0.090    -0.003
    61.830    -0.034     0.171     0.031
    61.840    -0.023     0.210     0.134
    61.850    -0.045     0.180     0.265
    61.860    -0.079     0.157     0.326
    61.870    -0.081     0.108     0.350
    61.880    -0.067     0.045     0.389
    61.890    -0.052     0.043     0.399
    61.900    -0.021     0.061     0.349
    61.910     0.019     0.063     0.284
    61.920     0.044     0.064     0.232
    61.930     0.025     0.066     0.163
    61.940    -0.021     0.096     0.071
    61.950    -0.038     0.109    -0.014
    61.960    -0.035     0.059    -0.061
    61.970    -0.044     0.009    -0.088
    61.980    -0.035    -0.015    -0.109
    61.990    -0.002    -0.049    -0.089
    62.000     0.027    -0.065    -0.052
    62.010     0.046    -0.046    -0.032
    62.020     0.053    -0.032    -0.010
    62.030     0.052    -0.031    -0.011
    62.040     0.052    -0.017    -0.045
    62.050     0.036    -0.012    -0.064
    62.060     0.012    -0.024    -0.068
    62.070     0.005    -0.009    -0.050
    62.080     0.007     0.010     0.004
    62.090     0.000    -0.019     0.059
    62.100    -0.002    -0.064     0.085
    62.110     0.002    -0.073     0.083
    62.120    -0.014    -0.056     0.097
    62.130    -0.027    -0.032     0.128
    62.140    -0.031     0.012     0.144
    62.150    -0.068     0.059     0.132
    62.160    -0.091     0.068     0.088
    62.170    -0.049     0.064     0.055
    62.180    -0.004     0.058     0.030
    62.190     0.009     0.032    -0.043
    62.200     0.018     0.025    -0.115
    62.210     0.014    -0.009    -0.123
    62.220    -0.019    -0.112    -0.124
    62.230    -0.051    -0.177    -0.133
    62.240    -0.083    -0.206    -0.099
    62.250    -0.110    -0.268    -0.044
    62.260    -0.096    -0.273    -0.024
    62.270    -0.071    -0.205    -0.032
    62.280    -0.072    -0.176    -0.049
    62.290    -0.083    -0.169    -0.096
    62.300    -0.084    -0.115    -0.151
    62.310    -0.051    -0.056    -0.145
    62.320     0.000    -0.056    -0.088
    62.330     0.031    -0.076    -0.051
    62.340     0.050    -0.072    -0.027
    62.350     0.060    -0.086     0.010
    62.360     0.066    -0.113     0.019
    62.370     0.088    -0.084    -0.007
    62.380     0.121    -0.008    -0.011
    62.390     0.149     0.074     0.011
    62.400     0.159     0.147     0.031
    62.410     0.139     0.191     0.033
    62.420     0.104     0.211     0.017
    62.430     0.077     0.226    -0.017
    62.440     0.045     0.213    -0.059
    62.450     0.018     0.190    -0.080
    62.460     0.020     0.194    -0.081
    62.470     0.020     0.192    -0.072
    62.480     0.016     0.189    -0.065
    62.490     0.022     0.210    -0.071
    62.500     0.019     0.202    -0.057
    62.510     0.007     0.165    -0.002
    62.520     0.002     0.149     0.053
    62.530    -0.010     0.139     0.101
    62.540    -0.024     0.112     0.172
    62.550    -0.020     0.078     0.227
    62.560    -0.001     0.066     0.221
    62.570     0.015     0.091     0.187
    62.580     0.022     0.100     0.141
    62.590     0.031     0.078     0.058
    62.600     0.031     0.059    -0.017
    62.610     0.009     0.030    -0.019
    62.620    -0.015     0.023     0.007
    62.630    -0.031     0.063    -0.001
    62.640    -0.057     0.090    -0.022
    62.650    -0.093     0.093    -0.018
    62.660    -0.118     0.105    -0.020
    62.670    -0.122     0.112    -0.028
    62.680    -0.100     0.096    -0.005
    62.690    -0.068     0.051     0.005
    62.700    -0.049    -0.017    -0.024
    62.710    -0.046    -0.071    -0.052
    62.720    -0.044    -0.097    -0.088
    62.730    -0.028    -0.105    -0.133
    62.740     0.009    -0.071    -0.146
    62.750     0.051    -0.014    -0.145
    62.760     0.074     0.008    -0.162
    62.770     0.070     0.007    -0.182
    62.780     0.053    -0.004    -0.196
    62.790     0.040    -0.033    -0.189
    62.800     0.040    -0.066    -0.148
    62.810     0.047    -0.100    -0.087
    62.820     0.053    -0.153    -0.041
    62.830     0.054    -0.204    -0.032
    62.840     0.054    -0.230    -0.038
    62.850     0.061    -0.248    -0.044
    62.860     0.063    -0.277    -0.056
    62.870     0.059    -0.280    -0.054
    62.880     0.055    -0.238    -0.025
    62.890     0.045    -0.183     0.010
    62.900     0.033    -0.114     0.037
    62.910     0.032    -0.042     0.070
    62.920     0.020    -0.013     0.120
    62.930    -0.025     0.013     0.169
    62.940    -0.083     0.076     0.191
    62.950    -0.125     0.112     0.213
    62.960    -0.134     0.100     0.246
    62.970    -0.100     0.093     0.237
    62.980    -0.040     0.107     0.196
    62.990     0.012     0.102     0.170
    63.000     0.039     0.063     0.140
    63.010     0.055     0.042     0.097
    63.020     0.079     0.054     0.073
    63.030     0.082     0.065     0.052
    63.040     0.053     0.050     0.018
    63.050     0.034     0.003     0.015
    63.060     0.027    -0.044     0.042
    63.070    -0.008    -0.077     0.060
    63.080    -0.060    -0.104     0.089
    63.090    -0.095    -0.124     0.139
    63.100    -0.116    -0.128     0.175
    63.110    -0.124    -0.120     0.183
    63.120    -0.123    -0.110     0.169
    63.130    -0.122    -0.095     0.133
    63.140    -0.139    -0.069     0.099
    63.150    -0.159    -0.057     0.086
    63.160    -0.155    -0.061     0.066
    63.170    -0.145    -0.047     0.021
    63.180    -0.147    -0.037    -0.024
    63.190    -0.141    -0.037    -0.067
    63.200    -0.122    -0.005    -0.112
    63.210    -0.107     0.035    -0.132
    63.220    -0.098     0.059    -0.121
    63.230    -0.077     0.103    -0.099
    63.240    -0.058     0.140    -0.072
    63.250    -0.063     0.121    -0.039
    63.260    -0.058     0.078     0.010
    63.270    -0.013     0.062     0.041
    63.280     0.031     0.078     0.035
    63.290     0.058     0.084     0.040
    63.300     0.094     0.057     0.035
    63.310     0.140     0.028    -0.013
    63.320     0.169    -0.003    -0.061
    63.330     0.169    -0.059    -0.087
    63.340     0.162    -0.095    -0.125
    63.350     0.149    -0.074    -0.165
    63.360     0.113    -0.047    -0.159
    63.370     0.080    -0.053    -0.150
    63.380     0.078    -0.047    -0.177
    63.390     0.067     0.001    -0.195
    63.400     0.040     0.038    -0.183
    63.410     0.033     0.042    -0.152
    63.420     0.044     0.050    -0.124
    63.430     0.054     0.045    -0.126
    63.440     0.063    -0.011    -0.144
    63.450     0.066    -0.055    -0.152
    63.460     0.068    -0.065    -0.182
    63.470     0.074    -0.091    -0.244
    63.480     0.075    -0.078    -0.274
    63.490     0.085    -0.010    -0.246
    63.500     0.105     0.033    -0.180
    63.510     0.116     0.058    -0.080
    63.520     0.101     0.068     0.033
    63.530     0.067     0.026     0.106
    63.540     0.033    -0.008     0.147
    63.550     0.018    -0.002     0.203
    63.560     0.032    -0.015     0.243
    63.570     0.060    -0.027     0.240
    63.580     0.069     0.006     0.214
    63.590     0.067     0.046     0.161
    63.600     0.072     0.083     0.081
    63.610     0.068     0.118     0.022
    63.620     0.042     0.108     0.001
    63.630     0.027     0.059    -0.007
    63.640     0.020     0.023     0.007
    63.650    -0.020     0.022     0.050
    63.660    -0.092     0.018     0.077
    63.670    -0.153    -0.016     0.091
    63.680    -0.193    -0.039     0.112
    63.690    -0.225    -0.004     0.122
    63.700    -0.231     0.056     0.117
    63.710    -0.205     0.095     0.100
    63.720    -0.180     0.117     0.031
    63.730    -0.165     0.125    -0.063
    63.740    -0.135     0.122    -0.106
    63.750    -0.106     0.134    -0.133
    63.760    -0.085     0.158    -0.183
    63.770    -0.051     0.136    -0.204
    63.780    -0.023     0.070    -0.186
    63.790    -0.006     0.026    -0.145
    63.800     0.034    -0.014    -0.040
    63.810     0.067    -0.094     0.079
    63.820     0.053    -0.142     0.119
    63.830     0.028    -0.137     0.136
    63.840     0.031    -0.150     0.177
    63.850     0.056    -0.125     0.161
    63.860     0.086    -0.012     0.091
    63.870     0.115     0.077     0.025
    63.880     0.116     0.099    -0.064
    63.890     0.091     0.124    -0.150
    63.900     0.091     0.145    -0.151
    63.910     0.130     0.116    -0.110
    63.920     0.157     0.067    -0.087
    63.930     0.146     0.040    -0.055
    63.940     0.102     0.014    -0.022
    63.950     0.035    -0.015    -0.005
    63.960    -0.010    -0.025    -0.007
    63.970    -0.008    -0.033    -0.035
    63.980    -0.001    -0.034    -0.066
    63.990    -0.007    -0.025    -0.082
    64.000    -0.012    -0.011    -0.076
    64.010    -0.015     0.006    -0.063
    64.020    -0.012    -0.007    -0.069
    64.030    -0.002    -0.026    -0.077
    64.040    -0.004     0.001    -0.073
    64.050    -0.021     0.023    -0.054
    64.060    -0.048     0.032    -0.015
    64.070    -0.078     0.066     0.000
    64.080    -0.087     0.076    -0.025
    64.090    -0.069     0.024    -0.033
    64.100    -0.045    -0.024    -0.032
    64.110    -0.038    -0.018    -0.046
    64.120    -0.057     0.001    -0.036
    64.130    -0.086     0.011    -0.017
    64.140    -0.097     0.042    -0.017
    64.150    -0.090     0.089     0.001
    64.160    -0.076     0.128     0.010
    64.170    -0.053     0.134    -0.036
    64.180    -0.031     0.097    -0.086
    64.190    -0.027     0.063    -0.110
    64.200    -0.018     0.058    -0.132
    64.210     0.002     0.043    -0.139
    64.220     0.011     0.017    -0.118
    64.230     0.012     0.016    -0.097
    64.240     0.013     0.020    -0.088
    64.250     0.017     0.007    -0.064
    64.260     0.020     0.009    -0.005
    64.270     0.015     0.009     0.041
    64.280     0.011    -0.033     0.059
    64.290     0.006    -0.076     0.084
    64.300    -0.022    -0.080     0.100
    64.310    -0.059    -0.062     0.100
    64.320    -0.067    -0.058     0.113
    64.330    -0.051    -0.074     0.107
    64.340    -0.030    -0.092     0.068
    64.350    -0.005    -0.112     0.072
    64.360     0.027    -0.145     0.112
    64.370     0.069    -0.170     0.107
    64.380     0.121    -0.179     0.073
    64.390     0.158    -0.196     0.054
    64.400     0.154    -0.200     0.043
    64.410     0.123    -0.153     0.068
    64.420     0.107    -0.092     0.139
    64.430     0.116    -0.070     0.189
    64.440     0.129    -0.073     0.197
    64.450     0.131    -0.064     0.205
    64.460     0.125    -0.057     0.227
    64.470     0.124    -0.074     0.240
    64.480     0.131    -0.116     0.225
    64.490     0.114    -0.158     0.205
    64.500     0.052    -0.153     0.210
    64.510    -0.018    -0.098     0.194
    64.520    -0.051    -0.058     0.136
    64.530    -0.057    -0.073     0.074
    64.540    -0.045    -0.108     0.019
    64.550    -0.015    -0.135    -0.018
    64.560    -0.001    -0.176    -0.019
    64.570    -0.033    -0.220    -0.031
    64.580    -0.084    -0.228    -0.046
    64.590    -0.119    -0.194     0.000
    64.600    -0.129    -0.145     0.052
    64.610    -0.111    -0.117     0.065
    64.620    -0.083    -0.113     0.079
    64.630    -0.078    -0.086     0.093
    64.640    -0.079    -0.055     0.098
    64.650    -0.057    -0.071     0.108
    64.660    -0.015    -0.067     0.114
    64.670     0.021    -0.012     0.097
    64.680     0.030     0.001     0.068
    64.690     0.034    -0.002     0.045
    64.700     0.049     0.070     0.014
    64.710     0.031     0.136    -0.021
    64.720     0.007     0.141    -0.047
    64.730     0.034     0.177    -0.090
    64.740     0.061     0.225    -0.134
    64.750     0.059     0.180    -0.151
    64.760     0.064     0.107    -0.170
    64.770     0.047     0.130    -0.176
    64.780    -0.006     0.212    -0.131
    64.790    -0.038     0.261    -0.085
    64.800    -0.039     0.252    -0.075
    64.810    -0.041     0.221    -0.073
    64.820    -0.034     0.198    -0.062
    64.830    -0.007     0.158    -0.043
    64.840     0.015     0.122    -0.030
    64.850     0.015     0.138    -0.053
    64.860    -0.004     0.138    -0.080
    64.870    -0.037     0.102    -0.063
    64.880    -0.055     0.119    -0.057
    64.890    -0.038     0.157    -0.086
    64.900    -0.021     0.148    -0.107
    64.910    -0.017     0.144    -0.136
    64.920     0.008     0.175    -0.166
    64.930     0.040     0.193    -0.149
    64.940     0.039     0.184    -0.128
    64.950     0.024     0.185    -0.151
    64.960     0.026     0.210    -0.163
    64.970     0.031     0.248    -0.125
    64.980     0.042     0.289    -0.084
    64.990     0.067     0.285    -0.072
    65.000     0.072     0.194    -0.076
    65.010     0.055     0.083    -0.101
    65.020     0.050     0.006    -0.118
    65.030     0.035    -0.073    -0.094
    65.040     0.003    -0.136    -0.067
    65.050    -0.011    -0.146    -0.058
    65.060    -0.023    -0.160    -0.037
    65.070    -0.036    -0.169     0.007
    65.080    -0.023    -0.137     0.050
    65.090    -0.012    -0.128     0.058
    65.100    -0.019    -0.131     0.024
    65.110    -0.025    -0.094    -0.026
    65.120    -0.030    -0.072    -0.064
    65.130    -0.027    -0.062    -0.093
    65.140    -0.025    -0.029    -0.125
    65.150    -0.049    -0.034    -0.113
    65.160    -0.060    -0.066    -0.071
    65.170    -0.042    -0.058    -0.078
    65.180    -0.037    -0.052    -0.070
    65.190    -0.041    -0.106    -0.041
    65.200    -0.039    -0.158    -0.088
    65.210    -0.044    -0.159    -0.114
    65.220    -0.048    -0.163    -0.057
    65.230    -0.055    -0.189    -0.018
    65.240    -0.076    -0.192     0.015
    65.250    -0.073    -0.189     0.044
    65.260    -0.040    -0.181     0.037
    65.270    -0.016    -0.133     0.051
    65.280    -0.014    -0.113     0.088
    65.290    -0.027    -0.141     0.118
    65.300    -0.031    -0.126     0.142
    65.310    -0.016    -0.092     0.132
    65.320    -0.021    -0.072     0.122
    65.330    -0.039    -0.006     0.126
    65.340    -0.048     0.058     0.094
    65.350    -0.067     0.072     0.065
    65.360    -0.077     0.091     0.060
    65.370    -0.059     0.111     0.038
    65.380    -0.036     0.117     0.045
    65.390    -0.008     0.132     0.103
    65.400     0.025     0.128     0.142
    65.410     0.041     0.119     0.158
    65.420     0.036     0.138     0.163
    65.430     0.016     0.118     0.161
    65.440    -0.001     0.051     0.188
    65.450    -0.004     0.018     0.198
    65.460    -0.003     0.009     0.175
    65.470    -0.001    -0.013     0.188
    65.480     0.002    -0.025     0.219
    65.490     0.005    -0.029     0.233
    65.500     0.016    -0.032     0.239
    65.510     0.046    -0.015     0.228
    65.520     0.070     0.001     0.221
    65.530     0.062    -0.009     0.221
    65.540     0.031    -0.008     0.183
    65.550    -0.014     0.030     0.125
    65.560    -0.066     0.039     0.091
    65.570    -0.075    -0.012     0.050
    65.580    -0.028    -0.036    -0.028
    65.590     0.015    -0.017    -0.098
    65.600     0.019    -0.031    -0.141
    65.610     0.014    -0.065    -0.184
    65.620     0.014    -0.087    -0.208
    65.630     0.018    -0.116    -0.200
    65.640     0.020    -0.136    -0.194
    65.650    -0.015    -0.114    -0.184
    65.660    -0.068    -0.068    -0.158
    65.670    -0.087    -0.056    -0.138
    65.680    -0.086    -0.084    -0.122
    65.690    -0.087    -0.106    -0.125
    65.700    -0.066    -0.124    -0.157
    65.710    -0.037    -0.146    -0.150
    65.720    -0.023    -0.125    -0.106
    65.730    -0.014    -0.080    -0.118
    65.740    -0.002    -0.089    -0.140
    65.750     0.014    -0.116    -0.116
    65.760     0.026    -0.108    -0.094
    65.770     0.026    -0.102    -0.076
    65.780     0.018    -0.110    -0.058
    65.790     0.006    -0.117    -0.082
    65.800    -0.001    -0.107    -0.122
    65.810     0.011    -0.066    -0.136
    65.820     0.034    -0.028    -0.152
    65.830     0.060    -0.006    -0.165
    65.840     0.089     0.015    -0.179
    65.850     0.097     0.022    -0.207
    65.860     0.074     0.036    -0.194
    65.870     0.067     0.041    -0.149
    65.880     0.086     0.020    -0.105
    65.890     0.095     0.022    -0.027
    65.900     0.089     0.034     0.029
    65.910     0.082     0.041     0.025
    65.920     0.066     0.074     0.035
    65.930     0.045     0.081     0.087
    65.940     0.033     0.068     0.151
    65.950     0.021     0.113     0.183
    65.960     0.011     0.112     0.167
    65.970    -0.007     0.028     0.170
    65.980    -0.043     0.027     0.181
    65.990    -0.057     0.061     0.143
    66.000    -0.027     0.027     0.110
    66.010     0.014     0.041     0.116
    66.020     0.046     0.079     0.117
    66.030     0.052     0.072     0.130
    66.040     0.028     0.112     0.151
    66.050     0.012     0.169     0.116
    66.060     0.013     0.170     0.078
    66.070     0.000     0.185     0.081
    66.080    -0.005     0.201     0.068
    66.090     0.007     0.176     0.044
    66.100    -0.011     0.190     0.018
    66.110    -0.040     0.237    -0.029
    66.120    -0.024     0.235    -0.073
    66.130     0.007     0.222    -0.093
    66.140     0.014     0.230    -0.098
    66.150     0.018     0.221    -0.100
    66.160     0.012     0.213    -0.065
    66.170     0.004     0.207     0.000
    66.180     0.025     0.155     0.016
    66.190     0.045     0.102     0.034
    66.200     0.039     0.091     0.102
    66.210     0.052     0.077     0.140
    66.220     0.071     0.084     0.167
    66.230     0.052     0.121     0.221
    66.240     0.022     0.100     0.245
    66.250     0.006     0.044     0.256
    66.260    -0.029     0.000     0.295
    66.270    -0.067    -0.094     0.318
    66.280    -0.072    -0.183     0.304
    66.290    -0.051    -0.188     0.249
    66.300    -0.004    -0.193     0.154
    66.310     0.042    -0.200     0.084
    66.320     0.050    -0.178     0.052
    66.330     0.042    -0.201     0.002
    66.340     0.051    -0.234    -0.063
    66.350     0.055    -0.217    -0.097
    66.360     0.049    -0.224    -0.121
    66.370     0.044    -0.248    -0.156
    66.380     0.024    -0.220    -0.171
    66.390    -0.002    -0.186    -0.166
    66.400    -0.010    -0.173    -0.150
    66.410    -0.018    -0.145    -0.116
    66.420    -0.020    -0.121    -0.103
    66.430     0.006    -0.121    -0.114
    66.440     0.034    -0.122    -0.126
    66.450     0.021    -0.136    -0.155
    66.460    -0.012    -0.157    -0.196
    66.470    -0.036    -0.147    -0.224
    66.480    -0.056    -0.127    -0.238
    66.490    -0.065    -0.124    -0.238
    66.500    -0.066    -0.109    -0.229
    66.510    -0.075    -0.064    -0.225
    66.520    -0.076    -0.027    -0.230
    66.530    -0.061    -0.024    -0.213
    66.540    -0.053    -0.008    -0.152
    66.550    -0.043     0.025    -0.081
    66.560    -0.028     0.041    -0.026
    66.570    -0.025     0.060     0.035
    66.580    -0.007     0.048     0.087
    66.590     0.042    -0.003     0.100
    66.600     0.078    -0.019     0.099
    66.610     0.101    -0.027     0.082
    66.620     0.133    -0.073     0.027
    66.630     0.146    -0.105    -0.020
    66.640     0.126    -0.119    -0.052
    66.650     0.086    -0.143    -0.108
    66.660     0.040    -0.129    -0.150
    66.670     0.013    -0.077    -0.136
    66.680     0.013    -0.036    -0.117
    66.690     0.007     0.024    -0.112
    66.700    -0.006     0.106    -0.094
    66.710     0.001     0.139    -0.089
    66.720     0.022     0.145    -0.087
    66.730     0.043     0.151    -0.041
    66.740     0.054     0.124     0.014
    66.750     0.049     0.111     0.061
    66.760     0.040     0.160     0.122
    66.770     0.038     0.198     0.151
    66.780     0.029     0.189     0.131
    66.790     0.006     0.190     0.128
    66.800    -0.025     0.193     0.151
    66.810    -0.046     0.174     0.149
    66.820    -0.064     0.192     0.139
    66.830    -0.078     0.226     0.135
    66.840    -0.077     0.216     0.083
    66.850    -0.080     0.219     0.019
    66.860    -0.089     0.227    -0.006
    66.870    -0.075     0.173    -0.035
    66.880    -0.050     0.125    -0.051
    66.890    -0.044     0.119    -0.023
    66.900    -0.065     0.089    -0.011
    66.910    -0.090     0.075     0.006
    66.920    -0.092     0.106     0.057
    66.930    -0.082     0.108     0.076
    66.940    -0.073     0.093     0.056
    66.950    -0.043     0.091     0.044
    66.960     0.004     0.049     0.022
    66.970     0.039    -0.015    -0.025
    66.980     0.043    -0.041    -0.039
    66.990     0.018    -0.053     0.006
    67.000    -0.007    -0.065     0.064
    67.010    -0.007    -0.042     0.126
    67.020     0.001    -0.005     0.187
    67.030    -0.017     0.003     0.181
    67.040    -0.053     0.017     0.131
    67.050    -0.065     0.053     0.125
    67.060    -0.045     0.054     0.123
    67.070    -0.018     0.037     0.067
    67.080    -0.001     0.030     0.014
    67.090     0.001    -0.018    -0.001
    67.100    -0.004    -0.090     0.019
    67.110     0.000    -0.113     0.064
    67.120     0.012    -0.109     0.075
    67.130     0.019    -0.113     0.060
    67.140     0.019    -0.106     0.059
    67.150     0.018    -0.089     0.044
    67.160     0.021    -0.074     0.007
    67.170     0.029    -0.037    -0.026
    67.180     0.038    -0.013    -0.064
    67.190     0.045    -0.049    -0.087
    67.200     0.049    -0.099    -0.097
    67.210     0.036    -0.128    -0.126
    67.220     0.006    -0.160    -0.162
    67.230    -0.027    -0.161    -0.182
    67.240    -0.039    -0.112    -0.177
    67.250    -0.022    -0.075    -0.125
    67.260    -0.012    -0.061    -0.042
    67.270    -0.018    -0.044     0.031
    67.280    -0.012    -0.043     0.082
    67.290    -0.001    -0.063     0.114
    67.300     0.015    -0.062     0.129
    67.310     0.040    -0.044     0.120
    67.320     0.053    -0.057     0.111
    67.330     0.044    -0.075     0.117
    67.340     0.020    -0.065     0.105
    67.350    -0.022    -0.071     0.080
    67.360    -0.061    -0.082     0.067
    67.370    -0.067    -0.050     0.069
    67.380    -0.052    -0.008     0.106
    67.390    -0.041     0.016     0.164
    67.400    -0.028     0.014     0.193
    67.410     0.001    -0.014     0.179
    67.420     0.027    -0.015     0.136
    67.430     0.037     0.006     0.087
    67.440     0.042     0.001     0.021
    67.450     0.050    -0.025    -0.065
    67.460     0.057    -0.035    -0.130
    67.470     0.059    -0.009    -0.168
    67.480     0.058     0.024    -0.192
    67.490     0.055     0.044    -0.176
    67.500     0.042     0.051    -0.116
    67.510     0.017     0.047    -0.079
    67.520    -0.011     0.051    -0.077
    67.530    -0.031     0.061    -0.071
    67.540    -0.039     0.072    -0.071
    67.550    -0.031     0.095    -0.075
    67.560    -0.015     0.116    -0.078
    67.570    -0.014     0.120    -0.105
    67.580    -0.023     0.090    -0.136
    67.590    -0.026     0.040    -0.141
    67.600    -0.041     0.029    -0.139
    67.610    -0.059     0.021    -0.138
    67.620    -0.051    -0.028    -0.127
    67.630    -0.034    -0.057    -0.125
    67.640    -0.037    -0.068    -0.140
    67.650    -0.056    -0.091    -0.136
    67.660    -0.071    -0.084    -0.101
    67.670    -0.068    -0.047    -0.077
    67.680    -0.059    -0.033    -0.084
    67.690    -0.061    -0.043    -0.089
    67.700    -0.064    -0.040    -0.095
    67.710    -0.054    -0.051    -0.122
    67.720    -0.045    -0.104    -0.122
    67.730    -0.034    -0.158    -0.082
    67.740    -0.019    -0.206    -0.034
    67.750    -0.011    -0.242     0.032
    67.760    -0.002    -0.231     0.093
    67.770     0.016    -0.207     0.115
    67.780     0.029    -0.204     0.110
    67.790     0.028    -0.207     0.103
    67.800     0.019    -0.213     0.112
    67.810     0.011    -0.203     0.138
    67.820     0.003    -0.153     0.155
    67.830    -0.007    -0.093     0.159
    67.840    -0.009    -0.058     0.170
    67.850    -0.001    -0.051     0.176
    67.860     0.003    -0.051     0.148
    67.870     0.012    -0.043     0.091
    67.880     0.018    -0.022     0.047
    67.890    -0.003     0.009     0.035
    67.900    -0.026     0.015     0.025
    67.910    -0.017    -0.001     0.007
    67.920    -0.002     0.006     0.019
    67.930    -0.003     0.028     0.058
    67.940    -0.007     0.053     0.083
    67.950    -0.020     0.089     0.099
    67.960    -0.045     0.090     0.119
    67.970    -0.057     0.067     0.133
    67.980    -0.039     0.098     0.157
    67.990    -0.004     0.140     0.180
    68.000     0.021     0.118     0.143
    68.010     0.033     0.085     0.068
    68.020     0.046     0.097     0.038
    68.030     0.058     0.127     0.049
    68.040     0.064     0.149     0.045
    68.050     0.065     0.167     0.016
    68.060     0.051     0.182    -0.009
    68.070     0.026     0.181    -0.018
    68.080     0.022     0.151    -0.015
    68.090     0.038     0.120     0.022
    68.100     0.033     0.121     0.072
    68.110     0.007     0.144     0.072
    68.120    -0.015     0.171     0.022
    68.130    -0.012     0.184    -0.027
    68.140     0.020     0.173    -0.063
    68.150     0.050     0.159    -0.083
    68.160     0.051     0.143    -0.085
    68.170     0.048     0.126    -0.086
    68.180     0.053     0.111    -0.107
    68.190     0.059     0.067    -0.132
    68.200     0.071     0.013    -0.138
    68.210     0.090    -0.007    -0.128
    68.220     0.100    -0.009    -0.112
    68.230     0.085    -0.011    -0.109
    68.240     0.047     0.006    -0.150
    68.250     0.017     0.031    -0.201
    68.260     0.014     0.039    -0.186
    68.270     0.020     0.045    -0.128
    68.280     0.036     0.058    -0.103
    68.290     0.054     0.065    -0.085
    68.300     0.048     0.062    -0.050
    68.310     0.022     0.025    -0.055
    68.320    -0.003    -0.048    -0.077
    68.330    -0.018    -0.096    -0.053
    68.340    -0.008    -0.096    -0.027
    68.350     0.026    -0.077    -0.018
    68.360     0.053    -0.053    -0.004
    68.370     0.052    -0.044    -0.022
    68.380     0.036    -0.055    -0.055
    68.390     0.011    -0.059    -0.044
    68.400    -0.024    -0.042    -0.011
    68.410    -0.061    -0.010     0.008
    68.420    -0.084     0.027     0.002
    68.430    -0.080     0.038    -0.041
    68.440    -0.067     0.015    -0.089
    68.450    -0.053    -0.039    -0.110
    68.460    -0.029    -0.100    -0.103
    68.470    -0.013    -0.131    -0.089
    68.480    -0.026    -0.153    -0.095
    68.490    -0.043    -0.182    -0.105
    68.500    -0.041    -0.185    -0.094
    68.510    -0.040    -0.186    -0.078
    68.520    -0.053    -0.198    -0.074
    68.530    -0.069    -0.197    -0.067
    68.540    -0.090    -0.190    -0.034
    68.550    -0.116    -0.167    -0.002
    68.560    -0.111    -0.137     0.013
    68.570    -0.066    -0.140     0.046
    68.580    -0.037    -0.141     0.078
    68.590    -0.033    -0.107     0.092
    68.600    -0.018    -0.073     0.123
    68.610    -0.007    -0.050     0.154
    68.620    -0.015    -0.053     0.176
    68.630    -0.006    -0.066     0.222
    68.640     0.011    -0.048     0.263
    68.650    -0.008    -0.042     0.288
    68.660    -0.038    -0.052     0.311
    68.670    -0.050    -0.028     0.303
    68.680    -0.049     0.015     0.274
    68.690    -0.041     0.084     0.259
    68.700    -0.020     0.164     0.249
    68.710     0.010     0.183     0.224
    68.720     0.020     0.151     0.208
    68.730    -0.008     0.130     0.229
    68.740    -0.038     0.133     0.240
    68.750    -0.039     0.154     0.250
    68.760    -0.026     0.209     0.273
    68.770    -0.008     0.272     0.217
    68.780     0.019     0.286     0.106
    68.790     0.048     0.252     0.048
    68.800     0.071     0.202    -0.001
    68.810     0.080     0.180    -0.088
    68.820     0.077     0.205    -0.137
    68.830     0.085     0.204    -0.142
    68.840     0.105     0.123    -0.153
    68.850     0.102     0.029    -0.137
    68.860     0.069    -0.015    -0.103
    68.870     0.045    -0.027    -0.113
    68.880     0.048    -0.018    -0.131
    68.890     0.050    -0.004    -0.133
    68.900     0.034    -0.018    -0.152
    68.910     0.017    -0.045    -0.175
    68.920     0.010    -0.063    -0.193
    68.930     0.007    -0.057    -0.203
    68.940    -0.004     0.001    -0.195
    68.950    -0.030     0.064    -0.206
    68.960    -0.044     0.042    -0.246
    68.970    -0.026    -0.044    -0.255
    68.980     0.000    -0.105    -0.217
    68.990     0.007    -0.123    -0.192
    69.000    -0.007    -0.112    -0.199
    69.010    -0.032    -0.064    -0.194
    69.020    -0.043    -0.038    -0.175
    69.030    -0.037    -0.061    -0.173
    69.040    -0.035    -0.069    -0.175
    69.050    -0.024    -0.072    -0.164
    69.060     0.002    -0.081    -0.144
    69.070     0.019    -0.027    -0.104
    69.080     0.039     0.064    -0.086
    69.090     0.061     0.105    -0.126
    69.100     0.056     0.081    -0.153
    69.110     0.031     0.011    -0.149
    69.120     0.007    -0.063    -0.171
    69.130    -0.023    -0.092    -0.173
    69.140    -0.056    -0.074    -0.134
    69.150    -0.068    -0.048    -0.098
    69.160    -0.046    -0.040    -0.041
    69.170    -0.020    -0.042     0.033
    69.180    -0.010    -0.053     0.075
    69.190    -0.009    -0.078     0.095
    69.200    -0.011    -0.070     0.127
    69.210    -0.023    -0.023     0.159
    69.220    -0.032    -0.008     0.168
    69.230    -0.015    -0.025     0.148
    69.240     0.019    -0.040     0.113
    69.250     0.042    -0.064     0.074
    69.260     0.054    -0.073     0.047
    69.270     0.069    -0.062     0.022
    69.280     0.083    -0.072    -0.006
    69.290     0.099    -0.103    -0.016
    69.300     0.120    -0.119     0.013
    69.310     0.122    -0.083     0.080
    69.320     0.096    -0.035     0.127
    69.330     0.063    -0.047     0.117
    69.340     0.019    -0.072     0.103
    69.350    -0.037    -0.056     0.101
    69.360    -0.075    -0.027     0.113
    69.370    -0.076    -0.003     0.172
    69.380    -0.059     0.001     0.244
    69.390    -0.052    -0.011     0.278
    69.400    -0.069    -0.041     0.274
    69.410    -0.072    -0.105     0.250
    69.420    -0.036    -0.145     0.232
    69.430     0.002    -0.119     0.225
    69.440     0.020    -0.067     0.207
    69.450     0.036    -0.029     0.161
    69.460     0.026    -0.015     0.105
    69.470    -0.017    -0.017     0.072
    69.480    -0.055    -0.001     0.052
    69.490    -0.068     0.034     0.038
    69.500    -0.064     0.055     0.030
    69.510    -0.050     0.063     0.008
    69.520    -0.045     0.084    -0.025
    69.530    -0.048     0.085    -0.045
    69.540    -0.039     0.042    -0.050
    69.550    -0.029     0.017    -0.064
    69.560    -0.032     0.021    -0.093
    69.570    -0.016     0.005    -0.100
    69.580     0.031     0.003    -0.068
    69.590     0.075     0.026    -0.029
    69.600     0.093     0.022    -0.015
    69.610     0.081     0.003    -0.019
    69.620     0.052    -0.003    -0.028
    69.630     0.022    -0.002    -0.017
    69.640     0.014     0.025     0.032
    69.650     0.039     0.058     0.068
    69.660     0.071     0.043     0.044
    69.670     0.078     0.002     0.020
    69.680     0.071    -0.003     0.030
    69.690     0.071     0.030     0.017
    69.700     0.073     0.072    -0.007
    69.710     0.085     0.095    -0.005
    69.720     0.111     0.092    -0.011
    69.730     0.125     0.103    -0.029
    69.740     0.121     0.111    -0.051
    69.750     0.115     0.098    -0.088
    69.760     0.109     0.128    -0.124
    69.770     0.092     0.188    -0.149
    69.780     0.047     0.208    -0.159
    69.790    -0.014     0.207    -0.172
    69.800    -0.065     0.204    -0.183
    69.810    -0.096     0.189    -0.154
    69.820    -0.090     0.177    -0.115
    69.830    -0.056     0.180    -0.108
    69.840    -0.044     0.181    -0.100
    69.850    -0.047     0.148    -0.058
    69.860    -0.035     0.083    -0.031
    69.870    -0.033     0.040    -0.034
    69.880    -0.042     0.021    -0.018
    69.890    -0.047    -0.014     0.004
    69.900    -0.061    -0.032     0.006
    69.910    -0.080    -0.020     0.005
    69.920    -0.096    -0.043     0.009
    69.930    -0.125    -0.088     0.031
    69.940    -0.148    -0.104     0.065
    69.950    -0.129    -0.105     0.081
    69.960    -0.094    -0.100     0.070
    69.970    -0.081    -0.090     0.046
    69.980    -0.071    -0.104     0.043
    69.990    -0.035    -0.118     0.072
    70.000     0.002    -0.113     0.094
    70.010     0.021    -0.121     0.073
    70.020     0.024    -0.119     0.051
    70.030     0.014    -0.073     0.065
    70.040     0.003    -0.029     0.075
    70.050    -0.007    -0.024     0.042
    70.060    -0.025    -0.028    -0.007
    70.070    -0.047    -0.016    -0.035
    70.080    -0.061    -0.015    -0.039
    70.090    -0.060    -0.027    -0.033
    70.100    -0.045    -0.026    -0.007
    70.110    -0.027    -0.015     0.038
    70.120    -0.014    -0.007     0.065
    70.130    -0.005    -0.007     0.076
    70.140    -0.007    -0.006     0.092
    70.150    -0.014     0.006     0.094
    70.160    -0.015    -0.002     0.086
    70.170    -0.028    -0.042     0.085
    70.180    -0.057    -0.081     0.067
    70.190    -0.049    -0.081     0.040
    70.200    -0.006    -0.046     0.028
    70.210    -0.002    -0.024     0.003
    70.220    -0.030    -0.028    -0.036
    70.230    -0.020    -0.021    -0.043
    70.240     0.009     0.028    -0.023
    70.250     0.018     0.069    -0.018
    70.260     0.031     0.041    -0.035
    70.270     0.069    -0.007    -0.033
    70.280     0.093     0.000    -0.008
    70.290     0.084     0.034     0.008
    70.300     0.070     0.022     0.043
    70.310     0.073    -0.011     0.084
    70.320     0.071     0.000     0.081
    70.330     0.066     0.016     0.100
    70.340     0.087     0.014     0.148
    70.350     0.106     0.022     0.143
    70.360     0.088     0.004     0.112
    70.370     0.073    -0.034     0.090
    70.380     0.079    -0.043     0.066
    70.390     0.070    -0.033     0.093
    70.400     0.059    -0.013     0.137
    70.410     0.056     0.025     0.049
    70.420     0.045     0.050    -0.077
    70.430     0.041     0.026    -0.095
    70.440     0.032    -0.001    -0.116
    70.450    -0.017     0.016    -0.170
    70.460    -0.070     0.026    -0.176
    70.470    -0.086     0.021    -0.165
    70.480    -0.087     0.042    -0.163
    70.490    -0.095     0.062    -0.158
    70.500    -0.109     0.032    -0.154
    70.510    -0.128    -0.028    -0.142
    70.520    -0.121    -0.079    -0.116
    70.530    -0.082    -0.123    -0.071
    70.540    -0.046    -0.155    -0.039
    70.550    -0.015    -0.135    -0.043
    70.560     0.018    -0.092    -0.044
    70.570     0.028    -0.091    -0.048
    70.580     0.024    -0.102    -0.064
    70.590     0.047    -0.090    -0.032
    70.600     0.066    -0.083     0.016
    70.610     0.032    -0.073     0.025
    70.620    -0.013    -0.034     0.030
    70.630    -0.002     0.014     0.019
    70.640     0.030     0.051    -0.025
    70.650     0.028     0.073    -0.058
    70.660     0.018     0.056    -0.069
    70.670     0.042     0.028    -0.047
    70.680     0.067     0.039     0.010
    70.690     0.057     0.058     0.010
    70.700     0.016     0.057    -0.053
    70.710    -0.028     0.074    -0.055
    70.720    -0.036     0.104    -0.009
    70.730    -0.013     0.097     0.009
    70.740     0.010     0.061     0.016
    70.750     0.030     0.061    -0.002
    70.760     0.036     0.097    -0.056
    70.770     0.014     0.119    -0.119
    70.780    -0.008     0.119    -0.164
    70.790    -0.019     0.094    -0.165
    70.800    -0.029     0.056    -0.112
    70.810    -0.018     0.052    -0.052
    70.820     0.009     0.068    -0.023
    70.830     0.010     0.068     0.003
    70.840    -0.002     0.057     0.029
    70.850    -0.010     0.044     0.028
    70.860    -0.013     0.048     0.047
    70.870     0.008     0.068     0.089
    70.880     0.046     0.095     0.094
    70.890     0.046     0.127     0.066
    70.900     0.015     0.130     0.032
    70.910    -0.004     0.124     0.026
    70.920    -0.004     0.144     0.061
    70.930     0.006     0.138     0.072
    70.940     0.010     0.110     0.032
    70.950    -0.010     0.103     0.011
    70.960    -0.026     0.073     0.016
    70.970    -0.011     0.034     0.028
    70.980     0.005     0.033     0.067
    70.990    -0.005     0.020     0.094
    71.000    -0.021    -0.002     0.090
    71.010    -0.007     0.004     0.116
    71.020     0.031     0.002     0.152
    71.030     0.044    -0.033     0.141
    71.040     0.033    -0.072     0.104
    71.050     0.028    -0.096     0.078
    71.060     0.034    -0.107     0.062
    71.070     0.037    -0.109     0.030
    71.080     0.028    -0.109    -0.020
    71.090     0.019    -0.121    -0.042
    71.100     0.015    -0.133    -0.047
    71.110    -0.002    -0.134    -0.094
    71.120    -0.033    -0.128    -0.159
    71.130    -0.057    -0.131    -0.191
    71.140    -0.065    -0.143    -0.177
    71.150    -0.068    -0.143    -0.129
    71.160    -0.066    -0.130    -0.125
    71.170    -0.065    -0.117    -0.161
    71.180    -0.069    -0.112    -0.150
    71.190    -0.070    -0.134    -0.138
    71.200    -0.061    -0.180    -0.170
    71.210    -0.037    -0.210    -0.169
    71.220    -0.009    -0.217    -0.127
    71.230     0.005    -0.193    -0.116
    71.240     0.004    -0.140    -0.136
    71.250     0.005    -0.119    -0.146
    71.260     0.011    -0.137    -0.134
    71.270     0.030    -0.129    -0.120
    71.280     0.057    -0.099    -0.105
    71.290     0.070    -0.077    -0.078
    71.300     0.072    -0.069    -0.072
    71.310     0.063    -0.062    -0.067
    71.320     0.035    -0.027    -0.019
    71.330     0.012     0.032     0.032
    71.340     0.005     0.075     0.083
    71.350     0.005     0.101     0.154
    71.360     0.006     0.111     0.179
    71.370    -0.008     0.105     0.153
    71.380    -0.036     0.102     0.153
    71.390    -0.044     0.075     0.174
    71.400    -0.034     0.014     0.173
    71.410    -0.033    -0.013     0.169
    71.420    -0.037    -0.004     0.175
    71.430    -0.029    -0.013     0.164
    71.440    -0.015    -0.017     0.148
    71.450    -0.005    -0.018     0.159
    71.460     0.003    -0.036     0.163
    71.470     0.010    -0.040     0.148
    71.480     0.015    -0.037     0.162
    71.490     0.013    -0.049     0.188
    71.500     0.012    -0.050     0.175
    71.510     0.025    -0.046     0.132
    71.520     0.050    -0.053     0.080
    71.530     0.079    -0.069     0.042
    71.540     0.102    -0.109     0.060
    71.550     0.117    -0.129     0.120
    71.560     0.117    -0.088     0.149
    71.570     0.093    -0.048     0.121
    71.580     0.046    -0.030     0.097
    71.590     0.007     0.002     0.071
    71.600     0.014     0.026     0.002
    71.610     0.034     0.040    -0.042
    71.620     0.018     0.058    -0.031
    71.630    -0.007     0.061    -0.034
    71.640     0.006     0.061    -0.041
    71.650     0.015     0.063    -0.027
    71.660    -0.019     0.041    -0.029
    71.670    -0.036     0.031    -0.035
    71.680    -0.020     0.073    -0.026
    71.690    -0.042     0.144    -0.024
    71.700    -0.087     0.209    -0.026
    71.710    -0.085     0.217    -0.032
    71.720    -0.069     0.173    -0.039
    71.730    -0.059     0.148    -0.021
    71.740    -0.035     0.141     0.013
    71.750    -0.034     0.133     0.039
    71.760    -0.063     0.147     0.064
    71.770    -0.081     0.170     0.077
    71.780    -0.086     0.183     0.075
    71.790    -0.071     0.201     0.074
    71.800    -0.035     0.230     0.058
    71.810    -0.021     0.263     0.020
    71.820    -0.027     0.266    -0.037
    71.830    -0.027     0.234    -0.094
    71.840    -0.029     0.204    -0.100
    71.850    -0.020     0.170    -0.071
    71.860    -0.017     0.129    -0.070
    71.870    -0.046     0.107    -0.063
    71.880    -0.056     0.085    -0.035
    71.890    -0.033     0.060    -0.038
    71.900    -0.026     0.059    -0.067
    71.910    -0.037     0.055    -0.104
    71.920    -0.051     0.032    -0.129
    71.930    -0.048     0.041    -0.118
    71.940    -0.002     0.064    -0.129
    71.950     0.019     0.025    -0.158
    71.960     0.007    -0.021    -0.150
    71.970     0.063    -0.029    -0.133
    71.980     0.113    -0.063    -0.095
    71.990     0.097    -0.120    -0.025
    72.000     0.126    -0.131    -0.002
    72.010     0.145    -0.096    -0.015
    72.020     0.079    -0.086     0.005
    72.030     0.056    -0.115     0.003
    72.040     0.054    -0.144    -0.037
    72.050    -0.004    -0.162    -0.031
    72.060    -0.018    -0.132    -0.004
    72.070     0.004    -0.072    -0.013
    72.080    -0.022    -0.094    -0.018
    72.090    -0.031    -0.156    -0.030
    72.100    -0.003    -0.162    -0.064
    72.110     0.006    -0.164    -0.051
    72.120     0.017    -0.174    -0.021
    72.130     0.027    -0.161    -0.028
    72.140     0.011    -0.194    -0.012
    72.150     0.007    -0.257     0.018
    72.160     0.035    -0.256    -0.006
    72.170     0.049    -0.234    -0.042
    72.180     0.032    -0.240    -0.049
    72.190     0.014    -0.216    -0.039
    72.200     0.016    -0.179    -0.017
    72.210     0.020    -0.159     0.002
    72.220     0.019    -0.117     0.013
    72.230     0.034    -0.072     0.014
    72.240     0.048    -0.057    -0.002
    72.250     0.041    -0.031    -0.030
    72.260     0.020     0.011    -0.059
    72.270    -0.010     0.046    -0.065
    72.280    -0.040     0.075    -0.044
    72.290    -0.030     0.094    -0.045
    72.300     0.002     0.102    -0.078
    72.310     0.002     0.123    -0.103
    72.320    -0.015     0.178    -0.123
    72.330    -0.016     0.216    -0.125
    72.340    -0.011     0.193    -0.083
    72.350    -0.012     0.183    -0.046
    72.360    -0.010     0.229    -0.045
    72.370    -0.009     0.259    -0.027
    72.380    -0.007     0.259     0.006
    72.390     0.009     0.239     0.014
    72.400     0.021     0.197     0.012
    72.410     0.007     0.188     0.017
    72.420    -0.005     0.206     0.032
    72.430     0.005     0.224     0.066
    72.440     0.019     0.249     0.105
    72.450     0.026     0.246     0.124
    72.460     0.013     0.215     0.121
    72.470    -0.006     0.194     0.127
    72.480    -0.009     0.163     0.158
    72.490    -0.025     0.129     0.174
    72.500    -0.063     0.102     0.148
    72.510    -0.080     0.061     0.135
    72.520    -0.069     0.038     0.177
    72.530    -0.052     0.054     0.212
    72.540    -0.029     0.064     0.205
    72.550    -0.019     0.040     0.203
    72.560    -0.033    -0.012     0.200
    72.570    -0.052    -0.068     0.161
    72.580    -0.061    -0.101     0.122
    72.590    -0.060    -0.095     0.123
    72.600    -0.050    -0.081     0.109
    72.610    -0.043    -0.110     0.067
    72.620    -0.040    -0.160     0.057
    72.630    -0.035    -0.209     0.045
    72.640    -0.030    -0.258     0.010
    72.650    -0.031    -0.281     0.009
    72.660    -0.034    -0.283     0.012
    72.670    -0.032    -0.278    -0.017
    72.680    -0.017    -0.272    -0.028
    72.690     0.008    -0.274    -0.019
    72.700     0.016    -0.246    -0.035
    72.710    -0.001    -0.199    -0.062
    72.720    -0.002    -0.204    -0.065
    72.730     0.020    -0.231    -0.059
    72.740     0.027    -0.224    -0.046
    72.750     0.019    -0.204    -0.007
    72.760     0.015    -0.184     0.016
    72.770     0.017    -0.154    -0.002
    72.780     0.021    -0.129    -0.013
    72.790     0.025    -0.125    -0.012
    72.800     0.034    -0.124    -0.013
    72.810     0.055    -0.108     0.013
    72.820     0.077    -0.089     0.056
    72.830     0.086    -0.090     0.063
    72.840     0.079    -0.089     0.040
    72.850     0.054    -0.068     0.033
    72.860     0.025    -0.057     0.034
    72.870     0.001    -0.060     0.029
    72.880    -0.020    -0.014     0.028
    72.890    -0.025     0.063     0.014
    72.900    -0.005     0.063    -0.020
    72.910     0.000     0.037    -0.058
    72.920    -0.020     0.077    -0.117
    72.930    -0.016     0.082    -0.186
    72.940    -0.004     0.026    -0.221
    72.950    -0.023     0.023    -0.223
    72.960    -0.044     0.053    -0.234
    72.970    -0.041     0.049    -0.258
    72.980    -0.037     0.040    -0.276
    72.990    -0.046     0.040    -0.298
    73.000    -0.050     0.022    -0.292
    73.010    -0.036     0.019    -0.235
    73.020    -0.036     0.049    -0.186
    73.030    -0.065     0.054    -0.164
    73.040    -0.070     0.030    -0.140
    73.050    -0.030     0.041    -0.107
    73.060     0.006     0.075    -0.071
    73.070     0.007     0.098    -0.036
    73.080     0.002     0.141     0.016
    73.090     0.003     0.189     0.064
    73.100     0.001     0.168     0.064
    73.110    -0.004     0.114     0.072
    73.120    -0.013     0.107     0.125
    73.130    -0.025     0.109     0.145
    73.140    -0.028     0.083     0.106
    73.150    -0.026     0.078     0.074
    73.160    -0.031     0.106     0.051
    73.170    -0.033     0.109     0.010
    73.180    -0.034     0.083     0.001
    73.190    -0.037     0.074     0.024
    73.200    -0.032     0.053     0.039
    73.210    -0.012     0.005     0.060
    73.220     0.012    -0.014     0.083
    73.230     0.020    -0.016     0.092
    73.240     0.007    -0.029     0.114
    73.250    -0.006    -0.021     0.159
    73.260    -0.007    -0.011     0.196
    73.270    -0.010    -0.021     0.217
    73.280    -0.010    -0.021     0.239
    73.290     0.004    -0.021     0.233
    73.300     0.016    -0.012     0.167
    73.310     0.016     0.020     0.105
    73.320     0.023     0.030     0.094
    73.330     0.042     0.034     0.080
    73.340     0.065     0.068     0.052
    73.350     0.079     0.070     0.050
    73.360     0.066     0.022     0.048
    73.370     0.043     0.006     0.042
    73.380     0.050     0.035     0.049
    73.390     0.069     0.045     0.062
    73.400     0.074     0.046     0.071
    73.410     0.078     0.068     0.071
    73.420     0.091     0.086     0.081
    73.430     0.105     0.076     0.085
    73.440     0.106     0.059     0.056
    73.450     0.088     0.075     0.028
    73.460     0.062     0.093    -0.008
    73.470     0.042     0.066    -0.067
    73.480     0.032     0.061    -0.089
    73.490     0.038     0.094    -0.094
    73.500     0.049     0.067    -0.140
    73.510     0.045     0.008    -0.153
    73.520     0.026    -0.012    -0.106
    73.530     0.002    -0.031    -0.081
    73.540    -0.026    -0.060    -0.086
    73.550    -0.054    -0.071    -0.065
    73.560    -0.056    -0.068    -0.045
    73.570    -0.039    -0.071    -0.051
    73.580    -0.031    -0.081    -0.036
    73.590    -0.041    -0.077    -0.022
    73.600    -0.045    -0.070    -0.042
    73.610    -0.029    -0.082    -0.049
    73.620    -0.014    -0.111    -0.047
    73.630    -0.021    -0.129    -0.069
    73.640    -0.031    -0.111    -0.082
    73.650    -0.018    -0.084    -0.066
    73.660     0.009    -0.074    -0.063
    73.670     0.018    -0.083    -0.093
    73.680     0.007    -0.118    -0.124
    73.690     0.001    -0.155    -0.133
    73.700     0.009    -0.164    -0.139
    73.710     0.025    -0.159    -0.146
    73.720     0.038    -0.155    -0.146
    73.730     0.045    -0.159    -0.130
    73.740     0.059    -0.182    -0.099
    73.750     0.082    -0.186    -0.051
    73.760     0.091    -0.158    -0.014
    73.770     0.077    -0.144    -0.019
    73.780     0.055    -0.131    -0.026
    73.790     0.037    -0.076     0.008
    73.800     0.027    -0.024     0.037
    73.810     0.008    -0.016     0.038
    73.820    -0.023    -0.011     0.037
    73.830    -0.044     0.017     0.024
    73.840    -0.056     0.039    -0.003
    73.850    -0.061     0.046     0.001
    73.860    -0.047     0.058     0.034
    73.870    -0.034     0.070     0.045
    73.880    -0.042     0.079     0.036
    73.890    -0.037     0.111     0.048
    73.900    -0.007     0.131     0.071
    73.910     0.026     0.092     0.098
    73.920     0.048     0.071     0.125
    73.930     0.052     0.123     0.128
    73.940     0.043     0.171     0.115
    73.950     0.033     0.181     0.123
    73.960     0.027     0.179     0.126
    73.970     0.015     0.169     0.106
    73.980     0.006     0.169     0.126
    73.990     0.021     0.176     0.181
    74.000     0.044     0.151     0.181
    74.010     0.039     0.106     0.126
    74.020     0.000     0.082     0.097
    74.030    -0.036     0.088     0.111
    74.040    -0.037     0.105     0.089
    74.050    -0.017     0.117     0.037
    74.060    -0.003     0.150     0.025
    74.070    -0.007     0.181     0.009
    74.080    -0.020     0.153    -0.029
    74.090    -0.017     0.106    -0.028
    74.100    -0.003     0.086    -0.038
    74.110    -0.009     0.076    -0.083
    74.120    -0.036     0.075    -0.086
    74.130    -0.057     0.062    -0.058
    74.140    -0.052     0.032    -0.058
    74.150    -0.038     0.029    -0.058
    74.160    -0.042     0.044    -0.048
    74.170    -0.055     0.047    -0.054
    74.180    -0.033     0.039    -0.048
    74.190     0.024     0.003    -0.015
    74.200     0.043    -0.029    -0.009
    74.210     0.006    -0.027    -0.030
    74.220    -0.019    -0.029    -0.023
    74.230    -0.007    -0.039    -0.008
    74.240    -0.001    -0.061    -0.032
    74.250    -0.013    -0.119    -0.040
    74.260    -0.017    -0.158    -0.011
    74.270    -0.004    -0.149    -0.012
    74.280     0.010    -0.136    -0.053
    74.290     0.025    -0.142    -0.099
    74.300     0.038    -0.159    -0.125
    74.310     0.043    -0.179    -0.116
    74.320     0.045    -0.198    -0.102
    74.330     0.039    -0.213    -0.106
    74.340     0.024    -0.208    -0.127
    74.350     0.006    -0.187    -0.185
    74.360    -0.004    -0.180    -0.230
    74.370    -0.015    -0.178    -0.210
    74.380    -0.044    -0.124    -0.181
    74.390    -0.057    -0.059    -0.156
    74.400    -0.031    -0.061    -0.126
    74.410    -0.030    -0.072    -0.124
    74.420    -0.055    -0.051    -0.127
    74.430    -0.053    -0.041    -0.107
    74.440    -0.044    -0.028    -0.076
    74.450    -0.047    -0.020    -0.043
    74.460    -0.040    -0.037    -0.035
    74.470    -0.029    -0.028    -0.045
    74.480    -0.039    -0.005    -0.049
    74.490    -0.054    -0.006    -0.039
    74.500    -0.040     0.002    -0.006
    74.510    -0.009     0.036     0.008
    74.520     0.001     0.066    -0.012
    74.530     0.000     0.067    -0.003
    74.540    -0.002     0.043     0.023
    74.550    -0.012     0.031     0.021
    74.560    -0.009     0.031     0.021
    74.570     0.007     0.043     0.036
    74.580     0.020     0.085     0.051
    74.590     0.039     0.098     0.039
    74.600     0.046     0.041    -0.001
    74.610     0.028    -0.010     0.002
    74.620     0.022    -0.023     0.057
    74.630     0.037    -0.036     0.099
    74.640     0.019    -0.054     0.116
    74.650    -0.018    -0.071     0.132
    74.660     0.002    -0.086     0.159
    74.670     0.062    -0.095     0.197
    74.680     0.089    -0.085     0.194
    74.690     0.070    -0.058     0.154
    74.700     0.047    -0.038     0.149
    74.710     0.041    -0.034     0.165
    74.720     0.033    -0.039     0.166
    74.730     0.024    -0.059     0.176
    74.740     0.030    -0.062     0.190
    74.750     0.034    -0.028     0.183
    74.760     0.011    -0.004     0.163
    74.770    -0.020    -0.012     0.155
    74.780    -0.031    -0.004     0.168
    74.790    -0.032     0.028     0.154
    74.800    -0.050     0.046     0.087
    74.810    -0.072     0.053     0.036
    74.820    -0.078     0.063     0.037
    74.830    -0.063     0.053     0.031
    74.840    -0.044     0.039    -0.008
    74.850    -0.046     0.052    -0.044
    74.860    -0.061     0.067    -0.062
    74.870    -0.066     0.063    -0.076
    74.880    -0.060     0.061    -0.103
    74.890    -0.058     0.087    -0.105
    74.900    -0.066     0.119    -0.072
    74.910    -0.066     0.104    -0.054
    74.920    -0.055     0.057    -0.055
    74.930    -0.056     0.035    -0.054
    74.940    -0.069     0.035    -0.051
    74.950    -0.064     0.025    -0.023
    74.960    -0.037     0.008     0.027
    74.970    -0.006    -0.007     0.053
    74.980     0.003    -0.019     0.044
    74.990    -0.017    -0.027     0.045
    75.000    -0.018    -0.031     0.062
    75.010     0.012    -0.020     0.056
    75.020     0.017    -0.004     0.024
    75.030    -0.014    -0.019     0.006
    75.040    -0.031    -0.054     0.003
    75.050    -0.019    -0.051     0.005
    75.060    -0.022    -0.010     0.016
    75.070    -0.044     0.005     0.032
    75.080    -0.046    -0.004     0.054
    75.090    -0.023     0.006     0.077
    75.100     0.001     0.014     0.090
    75.110    -0.003     0.002     0.088
    75.120    -0.023     0.015     0.069
    75.130    -0.015     0.052     0.057
    75.140     0.008     0.056     0.069
    75.150     0.005     0.035     0.080
    75.160    -0.004     0.041     0.088
    75.170     0.005     0.064     0.104
    75.180     0.009     0.072     0.106
    75.190     0.001     0.063     0.074
    75.200     0.002     0.049     0.039
    75.210     0.006     0.053     0.021
    75.220     0.009     0.061     0.023
    75.230     0.016     0.066     0.056
    75.240     0.019     0.083     0.077
    75.250     0.009     0.081     0.071
    75.260     0.003     0.047     0.082
    75.270     0.014     0.035     0.085
    75.280     0.024     0.067     0.072
    75.290     0.014     0.108     0.082
    75.300     0.001     0.125     0.089
    75.310     0.011     0.143     0.059
    75.320     0.035     0.167     0.012
    75.330     0.062     0.143    -0.015
    75.340     0.076     0.105    -0.020
    75.350     0.078     0.102    -0.027
    75.360     0.089     0.081    -0.049
    75.370     0.104     0.066    -0.071
    75.380     0.103     0.093    -0.080
    75.390     0.096     0.077    -0.075
    75.400     0.094     0.022    -0.067
    75.410     0.095    -0.009    -0.069
    75.420     0.085    -0.030    -0.072
    75.430     0.062    -0.056    -0.061
    75.440     0.041    -0.078    -0.042
    75.450     0.029    -0.089    -0.026
    75.460     0.033    -0.102    -0.023
    75.470     0.042    -0.140    -0.048
    75.480     0.039    -0.184    -0.073
    75.490     0.030    -0.201    -0.081
    75.500     0.021    -0.205    -0.083
    75.510     0.008    -0.207    -0.078
    75.520     0.003    -0.197    -0.078
    75.530     0.010    -0.176    -0.090
    75.540     0.013    -0.174    -0.094
    75.550     0.003    -0.201    -0.102
    75.560    -0.015    -0.202    -0.112
    75.570    -0.037    -0.167    -0.097
    75.580    -0.053    -0.143    -0.099
    75.590    -0.042    -0.123    -0.146
    75.600    -0.024    -0.106    -0.162
    75.610    -0.021    -0.114    -0.133
    75.620    -0.022    -0.123    -0.140
    75.630    -0.032    -0.106    -0.157
    75.640    -0.044    -0.085    -0.148
    75.650    -0.033    -0.077    -0.161
    75.660    -0.024    -0.067    -0.178
    75.670    -0.025    -0.038    -0.169
    75.680    -0.011     0.004    -0.167
    75.690    -0.004     0.019    -0.164
    75.700     0.000    -0.016    -0.139
    75.710     0.018    -0.028    -0.117
    75.720     0.023     0.001    -0.094
    75.730     0.015     0.002    -0.056
    75.740     0.027    -0.004    -0.045
    75.750     0.052     0.014    -0.061
    75.760     0.061     0.021    -0.067
    75.770     0.051     0.030    -0.069
    75.780     0.051     0.058    -0.052
    75.790     0.058     0.076    -0.011
    75.800     0.045     0.090     0.000
    75.810     0.043     0.100    -0.025
    75.820     0.059     0.084    -0.023
    75.830     0.058     0.064     0.017
    75.840     0.049     0.073     0.044
    75.850     0.042     0.081     0.067
    75.860     0.023     0.073     0.105
    75.870     0.006     0.080     0.132
    75.880     0.004     0.079     0.135
    75.890    -0.011     0.058     0.132
    75.900    -0.042     0.063     0.121
    75.910    -0.062     0.070     0.101
    75.920    -0.061     0.061     0.092
    75.930    -0.053     0.093     0.077
    75.940    -0.062     0.133     0.035
    75.950    -0.090     0.119     0.013
    75.960    -0.106     0.106     0.041
    75.970    -0.103     0.136     0.061
    75.980    -0.096     0.172     0.041
    75.990    -0.092     0.183     0.032
    76.000    -0.086     0.160     0.053
    76.010    -0.080     0.126     0.060
    76.020    -0.078     0.116     0.054
    76.030    -0.064     0.102     0.055
    76.040    -0.036     0.071     0.061
    76.050    -0.017     0.052     0.067
    76.060    -0.015     0.040     0.052
    76.070    -0.017     0.023     0.040
    76.080     0.000     0.010     0.070
    76.090     0.024    -0.002     0.091
    76.100     0.037    -0.018     0.067
    76.110     0.042    -0.034     0.061
    76.120     0.037    -0.024     0.077
    76.130     0.033     0.001     0.079
    76.140     0.035    -0.006     0.073
    76.150     0.033    -0.016     0.050
    76.160     0.043     0.010     0.024
    76.170     0.063     0.032     0.022
    76.180     0.061     0.028     0.019
    76.190     0.043     0.033     0.009
    76.200     0.031     0.048     0.001
    76.210     0.021     0.050    -0.012
    76.220     0.006     0.060    -0.018
    76.230     0.005     0.082    -0.020
    76.240     0.025     0.066    -0.021
    76.250     0.035     0.024    -0.021
    76.260     0.019     0.024    -0.039
    76.270    -0.005     0.051    -0.067
    76.280    -0.013     0.053    -0.067
    76.290    -0.001     0.039    -0.054
    76.300     0.025     0.027    -0.072
    76.310     0.042    -0.005    -0.091
    76.320     0.040    -0.038    -0.077
    76.330     0.035    -0.033    -0.073
    76.340     0.030    -0.026    -0.084
    76.350     0.021    -0.050    -0.078
    76.360     0.017    -0.057    -0.075
    76.370     0.024    -0.054    -0.092
    76.380     0.030    -0.089    -0.093
    76.390     0.019    -0.120    -0.068
    76.400     0.002    -0.114    -0.062
    76.410     0.003    -0.117    -0.072
    76.420     0.002    -0.116    -0.056
    76.430    -0.013    -0.093    -0.042
    76.440    -0.016    -0.090    -0.053
    76.450    -0.022    -0.107    -0.043
    76.460    -0.048    -0.125    -0.006
    76.470    -0.062    -0.150     0.013
    76.480    -0.049    -0.160     0.011
    76.490    -0.035    -0.148     0.011
    76.500    -0.039    -0.136     0.013
    76.510    -0.052    -0.126     0.019
    76.520    -0.059    -0.106     0.014
    76.530    -0.059    -0.095    -0.014
    76.540    -0.054    -0.103    -0.031
    76.550    -0.045    -0.109    -0.041
    76.560    -0.044    -0.105    -0.061
    76.570    -0.069    -0.110    -0.048
    76.580    -0.102    -0.109    -0.016
    76.590    -0.104    -0.096    -0.005
    76.600    -0.081    -0.108     0.014
    76.610    -0.071    -0.126     0.031
    76.620    -0.079    -0.097     0.031
    76.630    -0.089    -0.042     0.046
    76.640    -0.086    -0.035     0.072
    76.650    -0.062    -0.068     0.068
    76.660    -0.045    -0.055     0.056
    76.670    -0.047     0.005     0.090
    76.680    -0.041     0.029     0.118
    76.690    -0.031     0.008     0.092
    76.700    -0.033    -0.006     0.091
    76.710    -0.035    -0.005     0.113
    76.720    -0.044     0.003     0.100
    76.730    -0.056     0.006     0.090
    76.740    -0.042    -0.025     0.097
    76.750    -0.008    -0.055     0.098
    76.760     0.002    -0.039     0.100
    76.770    -0.009    -0.028     0.101
    76.780     0.005    -0.046     0.104
    76.790     0.035    -0.036     0.095
    76.800     0.041    -0.007     0.051
    76.810     0.029    -0.012     0.023
    76.820     0.030    -0.014     0.049
    76.830     0.048     0.019     0.064
    76.840     0.057     0.028     0.037
    76.850     0.039     0.014     0.013
    76.860     0.025     0.016     0.011
    76.870     0.027     0.010     0.000
    76.880     0.025     0.018    -0.011
    76.890     0.026     0.064     0.008
    76.900     0.043     0.087     0.048
    76.910     0.061     0.088     0.070
    76.920     0.066     0.110     0.044
    76.930     0.077     0.136     0.016
    76.940     0.084     0.147     0.036
    76.950     0.074     0.147     0.034
    76.960     0.081     0.150    -0.020
    76.970     0.118     0.162    -0.054
    76.980     0.130     0.168    -0.048
    76.990     0.122     0.177    -0.037
    77.000     0.125     0.182    -0.039
    77.010     0.126     0.161    -0.049
    77.020     0.109     0.136    -0.059
    77.030     0.091     0.116    -0.069
    77.040     0.081     0.098    -0.081
    77.050     0.086     0.099    -0.088
    77.060     0.102     0.093    -0.067
    77.070     0.111     0.062    -0.017
    77.080     0.100     0.044     0.015
    77.090     0.073     0.031     0.009
    77.100     0.047    -0.010     0.006
    77.110     0.031    -0.027     0.012
    77.120     0.020     0.007     0.002
    77.130     0.006     0.034    -0.020
    77.140    -0.013     0.031    -0.034
    77.150    -0.028     0.032    -0.030
    77.160    -0.023     0.033    -0.024
    77.170    -0.011     0.028    -0.049
    77.180    -0.022     0.035    -0.094
    77.190    -0.041     0.028    -0.096
    77.200    -0.039    -0.008    -0.067
    77.210    -0.040    -0.042    -0.065
    77.220    -0.057    -0.066    -0.056
    77.230    -0.061    -0.081    -0.026
    77.240    -0.055    -0.085    -0.021
    77.250    -0.060    -0.095    -0.029
    77.260    -0.065    -0.110    -0.023
    77.270    -0.054    -0.110    -0.024
    77.280    -0.043    -0.101    -0.038
    77.290    -0.052    -0.086    -0.047
    77.300    -0.069    -0.045    -0.036
    77.310    -0.066    -0.012    -0.016
    77.320    -0.050    -0.035    -0.012
    77.330    -0.049    -0.050    -0.023
    77.340    -0.059    -0.014    -0.035
    77.350    -0.062     0.006    -0.034
    77.360    -0.044    -0.009    -0.025
    77.370    -0.019    -0.008    -0.032
    77.380    -0.029     0.000    -0.028
    77.390    -0.070    -0.013     0.000
    77.400    -0.085    -0.007     0.021
    77.410    -0.060     0.021     0.031
    77.420    -0.044     0.002     0.022
    77.430    -0.063    -0.045    -0.008
    77.440    -0.076    -0.046    -0.024
    77.450    -0.053    -0.016    -0.035
    77.460    -0.025    -0.007    -0.045
    77.470    -0.014    -0.012    -0.029
    77.480     0.012     0.007    -0.012
    77.490     0.036     0.012     0.002
    77.500     0.020    -0.027     0.035
    77.510     0.003    -0.029     0.058
    77.520     0.016    -0.005     0.043
    77.530     0.026    -0.016     0.038
    77.540     0.015     0.004     0.072
    77.550     0.003     0.043     0.102
    77.560     0.013     0.032     0.094
    77.570     0.019     0.016     0.067
    77.580    -0.012     0.033     0.043
    77.590    -0.028     0.050     0.024
    77.600    -0.009     0.041     0.005
    77.610     0.000     0.017    -0.007
    77.620     0.014     0.013    -0.004
    77.630     0.024     0.022     0.006
    77.640     0.005     0.020    -0.007
    77.650     0.001     0.030    -0.038
    77.660     0.005     0.038    -0.039
    77.670    -0.024     0.008    -0.036
    77.680    -0.031     0.002    -0.079
    77.690    -0.017     0.039    -0.096
    77.700    -0.032     0.019    -0.047
    77.710    -0.028    -0.012    -0.027
    77.720    -0.010     0.015    -0.047
    77.730    -0.027     0.003    -0.031
    77.740    -0.028    -0.033    -0.030
    77.750    -0.022    -0.013    -0.082
    77.760    -0.048    -0.014    -0.085
    77.770    -0.036    -0.038    -0.047
    77.780     0.009    -0.024    -0.061
    77.790     0.012    -0.027    -0.075
    77.800    -0.008    -0.046    -0.060
    77.810    -0.012    -0.036    -0.082
    77.820    -0.003    -0.041    -0.119
    77.830     0.014    -0.046    -0.126
    77.840     0.006    -0.007    -0.129
    77.850    -0.007     0.006    -0.122
    77.860     0.012    -0.030    -0.103
    77.870     0.036    -0.042    -0.093
    77.880     0.050    -0.027    -0.060
    77.890     0.055    -0.012    -0.026
    77.900     0.030     0.000    -0.022
    77.910     0.015    -0.009     0.009
    77.920     0.035    -0.048     0.060
    77.930     0.044    -0.072     0.070
    77.940     0.052    -0.053     0.066
    77.950     0.050    -0.032     0.078
    77.960     0.006    -0.023     0.091
    77.970    -0.007    -0.010     0.107
    77.980     0.038    -0.002     0.117
    77.990     0.078    -0.009     0.115
    78.000     0.091    -0.019     0.107
    78.010     0.074    -0.023     0.097
    78.020     0.043    -0.030     0.110
    78.030     0.046    -0.033     0.109
    78.040     0.052    -0.017     0.063
    78.050     0.030    -0.004     0.042
    78.060     0.020    -0.003     0.050
    78.070     0.031    -0.008     0.038
    78.080     0.038    -0.016     0.036
    78.090     0.024    -0.007     0.045
    78.100    -0.003     0.002     0.018
    78.110    -0.027    -0.010    -0.007
    78.120    -0.031    -0.006     0.014
    78.130    -0.012     0.021     0.031
    78.140     0.003     0.031     0.037
    78.150    -0.003     0.035     0.066
    78.160    -0.024     0.059     0.099
    78.170    -0.047     0.074     0.119
    78.180    -0.037     0.066     0.129
    78.190    -0.006     0.079     0.141
    78.200    -0.011     0.108     0.158
    78.210    -0.035     0.113     0.164
    78.220    -0.046     0.108     0.151
    78.230    -0.056     0.104     0.125
    78.240    -0.056     0.094     0.095
    78.250    -0.047     0.093     0.065
    78.260    -0.060     0.108     0.023
    78.270    -0.070     0.122    -0.019
    78.280    -0.067     0.125    -0.039
    78.290    -0.075     0.128    -0.034
    78.300    -0.076     0.123    -0.021
    78.310    -0.065     0.097    -0.016
    78.320    -0.063     0.075    -0.014
    78.330    -0.063     0.055    -0.015
    78.340    -0.068     0.021    -0.026
    78.350    -0.072     0.021    -0.015
    78.360    -0.053     0.047     0.009
    78.370    -0.033     0.037     0.012
    78.380    -0.028     0.027     0.018
    78.390    -0.017     0.032     0.038
    78.400    -0.005     0.008     0.046
    78.410    -0.007    -0.022     0.052
    78.420    -0.008    -0.035     0.057
    78.430    -0.004    -0.033     0.040
    78.440     0.009    -0.012     0.018
    78.450     0.041    -0.018     0.011
    78.460     0.078    -0.068     0.011
    78.470     0.097    -0.111     0.015
    78.480     0.086    -0.124     0.019
    78.490     0.063    -0.121     0.015
    78.500     0.054    -0.108     0.010
    78.510     0.059    -0.093     0.005
    78.520     0.075    -0.093    -0.016
    78.530     0.089    -0.126    -0.053
    78.540     0.083    -0.174    -0.081
    78.550     0.061    -0.175    -0.093
    78.560     0.039    -0.128    -0.095
    78.570     0.026    -0.104    -0.093
    78.580     0.028    -0.133    -0.112
    78.590     0.031    -0.167    -0.142
    78.600     0.029    -0.188    -0.157
    78.610     0.021    -0.201    -0.168
    78.620     0.007    -0.176    -0.173
    78.630     0.004    -0.132    -0.146
    78.640     0.013    -0.145    -0.103
    78.650     0.004    -0.177    -0.089
    78.660    -0.016    -0.151    -0.108
    78.670    -0.004    -0.108    -0.113
    78.680     0.021    -0.102    -0.105
    78.690     0.016    -0.097    -0.113
    78.700     0.005    -0.066    -0.103
    78.710     0.019    -0.048    -0.080
    78.720     0.033    -0.067    -0.096
    78.730     0.038    -0.076    -0.111
    78.740     0.036    -0.046    -0.091
    78.750     0.016    -0.006    -0.081
    78.760    -0.011     0.017    -0.080
    78.770    -0.018     0.029    -0.079
    78.780    -0.011     0.033    -0.074
    78.790     0.001     0.016    -0.041
    78.800     0.013    -0.002    -0.022
    78.810     0.014     0.012    -0.020
    78.820     0.020     0.027     0.015
    78.830     0.034     0.026     0.046
    78.840     0.028     0.059     0.049
    78.850     0.007     0.105     0.055
    78.860    -0.008     0.102     0.046
    78.870    -0.005     0.076     0.030
    78.880     0.014     0.063     0.057
    78.890     0.019     0.050     0.083
    78.900     0.012     0.055     0.074
    78.910     0.015     0.088     0.089
    78.920     0.018     0.115     0.109
    78.930     0.019     0.117     0.082
    78.940     0.021     0.098     0.074
    78.950     0.003     0.067     0.095
    78.960    -0.017     0.059     0.099
    78.970    -0.006     0.073     0.116
    78.980     0.013     0.068     0.139
    78.990     0.012     0.052     0.121
    79.000     0.011     0.057     0.099
    79.010     0.025     0.060     0.115
    79.020     0.053     0.047     0.134
    79.030     0.068     0.047     0.122
    79.040     0.044     0.057     0.115
    79.050     0.017     0.072     0.128
    79.060     0.018     0.099     0.125
    79.070     0.015     0.120     0.104
    79.080    -0.002     0.129     0.088
    79.090     0.009     0.138     0.079
    79.100     0.039     0.150     0.071
    79.110     0.040     0.169     0.061
    79.120     0.007     0.181     0.052
    79.130    -0.036     0.184     0.045
    79.140    -0.067     0.180     0.039
    79.150    -0.068     0.170     0.050
    79.160    -0.049     0.175     0.058
    79.170    -0.027     0.189     0.009
    79.180    -0.015     0.196    -0.047
    79.190    -0.031     0.200    -0.051
    79.200    -0.062     0.179    -0.056
    79.210    -0.075     0.154    -0.073
    79.220    -0.060     0.151    -0.078
    79.230    -0.033     0.111    -0.102
    79.240    -0.019     0.064    -0.118
    79.250    -0.020     0.055    -0.112
    79.260    -0.021     0.023    -0.132
    79.270    -0.022    -0.011    -0.157
    79.280    -0.038     0.004    -0.147
    79.290    -0.075     0.019    -0.125
    79.300    -0.071    -0.005    -0.089
    79.310    -0.007    -0.052    -0.054
    79.320     0.031    -0.065    -0.059
    79.330     0.025    -0.048    -0.060
    79.340     0.019    -0.055    -0.028
    79.350     0.008    -0.073    -0.017
    79.360    -0.002    -0.077    -0.019
    79.370     0.005    -0.075    -0.003
    79.380     0.010    -0.065    -0.007
    79.390     0.018    -0.066    -0.032
    79.400     0.046    -0.088    -0.037
    79.410     0.051    -0.108    -0.028
    79.420     0.019    -0.116    -0.030
    79.430    -0.004    -0.097    -0.053
    79.440    -0.006    -0.079    -0.083
    79.450    -0.006    -0.090    -0.097
    79.460    -0.003    -0.114    -0.086
    79.470     0.014    -0.142    -0.074
    79.480     0.019    -0.153    -0.058
    79.490    -0.002    -0.132    -0.014
    79.500    -0.016    -0.115     0.021
    79.510    -0.006    -0.116     0.009
    79.520     0.002    -0.106    -0.005
    79.530    -0.016    -0.080    -0.001
    79.540    -0.032    -0.087     0.010
    79.550    -0.009    -0.134     0.031
    79.560     0.023    -0.139     0.053
    79.570     0.025    -0.101     0.063
    79.580     0.005    -0.107     0.046
    79.590    -0.017    -0.122     0.004
    79.600    -0.026    -0.094    -0.011
    79.610    -0.016    -0.062     0.012
    79.620     0.000    -0.036     0.021
    79.630     0.015    -0.016     0.023
    79.640     0.022    -0.029     0.054
    79.650     0.005    -0.044     0.082
    79.660    -0.024    -0.053     0.095
    79.670    -0.048    -0.060     0.114
    79.680    -0.059    -0.023     0.126
    79.690    -0.043     0.026     0.125
    79.700    -0.007     0.026     0.133
    79.710     0.010     0.000     0.155
    79.720    -0.014    -0.015     0.171
    79.730    -0.057    -0.019     0.171
    79.740    -0.073    -0.014     0.154
    79.750    -0.054     0.010     0.132
    79.760    -0.029     0.024     0.142
    79.770    -0.010     0.002     0.153
    79.780    -0.009     0.007     0.105
    79.790    -0.025     0.059     0.060
    79.800    -0.027     0.073     0.060
    79.810     0.001     0.053     0.064
    79.820     0.023     0.061     0.059
    79.830     0.014     0.064     0.051
    79.840     0.005     0.050     0.025
    79.850     0.021     0.061    -0.021
    79.860     0.041     0.080    -0.051
    79.870     0.045     0.087    -0.051
    79.880     0.035     0.087    -0.054
    79.890     0.024     0.088    -0.085
    79.900     0.021     0.087    -0.111
    79.910     0.029     0.078    -0.113
    79.920     0.043     0.079    -0.113
    79.930     0.046     0.095    -0.105
    79.940     0.025     0.100    -0.091
    79.950    -0.003     0.088    -0.095
    79.960    -0.013     0.075    -0.094
    79.970    -0.008     0.072    -0.083
    79.980    -0.010     0.077    -0.074
    79.990    -0.011     0.056    -0.066
    80.000     0.005     0.014    -0.074
    80.010     0.007    -0.004    -0.064
    80.020     0.000    -0.016    -0.032
    80.030     0.013    -0.023    -0.034
    80.040     0.019    -0.011    -0.044
    80.050     0.006    -0.038    -0.036
    80.060     0.005    -0.108    -0.050
    80.070     0.010    -0.145    -0.052
    80.080     0.018    -0.142    -0.015
    80.090     0.021    -0.138     0.006
    80.100     0.014    -0.141     0.007
    80.110     0.015    -0.148     0.012
    80.120     0.019    -0.158     0.023
    80.130     0.007    -0.162     0.043
    80.140     0.005    -0.140     0.051
    80.150     0.025    -0.089     0.055
    80.160     0.037    -0.064     0.078
    80.170     0.019    -0.077     0.094
    80.180     0.000    -0.075     0.096
    80.190     0.002    -0.068     0.098
    80.200     0.004    -0.067     0.081
    80.210     0.000    -0.055     0.063
    80.220     0.013    -0.047     0.084
    80.230     0.031    -0.037     0.109
    80.240     0.025    -0.028     0.081
    80.250     0.002    -0.044     0.036
    80.260    -0.009    -0.040     0.023
    80.270     0.003    -0.007     0.023
    80.280     0.031    -0.002     0.014
    80.290     0.048     0.006     0.008
    80.300     0.049     0.039     0.015
    80.310     0.039     0.053     0.015
    80.320     0.025     0.052     0.001
    80.330     0.021     0.055    -0.017
    80.340     0.016     0.059    -0.047
    80.350     0.001     0.066    -0.069
    80.360     0.006     0.062    -0.057
    80.370     0.028     0.064    -0.042
    80.380     0.020     0.071    -0.045
    80.390    -0.015     0.039    -0.051
    80.400    -0.039     0.011    -0.056
    80.410    -0.031     0.021    -0.060
    80.420    -0.011     0.025    -0.060
    80.430    -0.009     0.019    -0.069
    80.440    -0.021     0.026    -0.080
    80.450    -0.023     0.032    -0.088
    80.460    -0.022     0.020    -0.094
    80.470    -0.023     0.008    -0.090
    80.480    -0.016     0.010    -0.092
    80.490    -0.008     0.028    -0.125
    80.500    -0.005     0.043    -0.159
    80.510     0.000     0.040    -0.153
    80.520    -0.002     0.030    -0.123
    80.530    -0.007     0.030    -0.121
    80.540    -0.006     0.031    -0.147
    80.550    -0.013     0.024    -0.157
    80.560    -0.020     0.022    -0.143
    80.570    -0.006     0.028    -0.131
    80.580     0.009     0.022    -0.138
    80.590     0.002     0.012    -0.147
    80.600    -0.004     0.022    -0.131
    80.610     0.010     0.020    -0.106
    80.620     0.021    -0.014    -0.078
    80.630     0.012    -0.035    -0.054
    80.640    -0.007    -0.036    -0.045
    80.650    -0.019    -0.035    -0.025
    80.660    -0.030    -0.017     0.010
    80.670    -0.047    -0.012     0.037
    80.680    -0.060    -0.038     0.064
    80.690    -0.058    -0.055     0.087
    80.700    -0.057    -0.058     0.104
    80.710    -0.065    -0.062     0.113
    80.720    -0.070    -0.055     0.095
    80.730    -0.068    -0.038     0.071
    80.740    -0.058    -0.030     0.071
    80.750    -0.056    -0.039     0.096
    80.760    -0.066    -0.039     0.117
    80.770    -0.064    -0.026     0.111
    80.780    -0.060    -0.015     0.107
    80.790    -0.075     0.003     0.114
    80.800    -0.074     0.009     0.111
    80.810    -0.040    -0.006     0.125
    80.820    -0.011    -0.011     0.150
    80.830    -0.019    -0.006     0.146
    80.840    -0.034     0.001     0.139
    80.850    -0.017     0.019     0.157
    80.860     0.017     0.041     0.152
    80.870     0.027     0.039     0.112
    80.880     0.014     0.021     0.102
    80.890     0.002     0.010     0.124
    80.900     0.005     0.022     0.126
    80.910     0.017     0.040     0.108
    80.920     0.021     0.048     0.100
    80.930     0.015     0.061     0.093
    80.940     0.021     0.052     0.085
    80.950     0.031     0.023     0.092
    80.960     0.023     0.035     0.086
    80.970     0.014     0.056     0.072
    80.980     0.019     0.044     0.065
    80.990     0.023     0.037     0.044
    81.000     0.020     0.027     0.031
    81.010     0.018     0.005     0.044
    81.020    -0.001     0.001     0.039
    81.030    -0.031    -0.007    -0.003
    81.040    -0.041    -0.022    -0.036
    81.050    -0.027    -0.016    -0.044
    81.060    -0.010    -0.013    -0.061
    81.070    -0.009    -0.017    -0.085
    81.080    -0.012    -0.002    -0.084
    81.090    -0.013    -0.005    -0.066
    81.100    -0.027    -0.023    -0.070
    81.110    -0.040    -0.014    -0.103
    81.120    -0.034     0.004    -0.116
    81.130    -0.025     0.004    -0.111
    81.140    -0.021    -0.013    -0.122
    81.150    -0.003    -0.034    -0.109
    81.160     0.025    -0.025    -0.089
    81.170     0.033    -0.003    -0.113
    81.180     0.027    -0.005    -0.128
    81.190     0.028    -0.002    -0.111
    81.200     0.028     0.023    -0.101
    81.210     0.024     0.040    -0.100
    81.220     0.026     0.042    -0.090
    81.230     0.030     0.033    -0.088
    81.240     0.035     0.045    -0.116
    81.250     0.034     0.101    -0.140
    81.260     0.035     0.120    -0.126
    81.270     0.043     0.075    -0.101
    81.280     0.047     0.038    -0.091
    81.290     0.052     0.014    -0.083
    81.300     0.066    -0.004    -0.072
    81.310     0.061     0.002    -0.063
    81.320     0.037     0.001    -0.053
    81.330     0.023    -0.005    -0.052
    81.340     0.029     0.001    -0.038
    81.350     0.045    -0.019    -0.001
    81.360     0.052    -0.034     0.014
    81.370     0.037    -0.001     0.025
    81.380     0.019     0.020     0.049
    81.390     0.014     0.014     0.040
    81.400     0.019     0.027     0.020
    81.410     0.027     0.035     0.046
    81.420     0.025     0.023     0.073
    81.430     0.011     0.021     0.068
    81.440     0.005     0.023     0.077
    81.450     0.012     0.027     0.094
    81.460     0.007     0.035     0.089
    81.470    -0.010     0.025     0.079
    81.480    -0.017     0.005     0.083
    81.490    -0.010    -0.011     0.098
    81.500    -0.003    -0.028     0.108
    81.510    -0.002    -0.014     0.090
    81.520     0.003     0.037     0.068
    81.530     0.016     0.058     0.067
    81.540     0.024     0.035     0.058
    81.550     0.028     0.013     0.053
    81.560     0.035     0.000     0.066
    81.570     0.034    -0.004     0.065
    81.580     0.027     0.009     0.054
    81.590     0.032     0.009     0.052
    81.600     0.038    -0.015     0.048
    81.610     0.035    -0.031     0.038
    81.620     0.037    -0.032     0.022
    81.630     0.036    -0.027     0.002
    81.640     0.020    -0.016    -0.001
    81.650     0.008    -0.020     0.016
    81.660     0.016    -0.032     0.015
    81.670     0.019    -0.032     0.006
    81.680    -0.003    -0.028     0.011
    81.690    -0.029    -0.022     0.010
    81.700    -0.032    -0.013     0.000
    81.710    -0.020    -0.013    -0.012
    81.720    -0.022    -0.005    -0.029
    81.730    -0.047     0.014    -0.046
    81.740    -0.059     0.023    -0.062
    81.750    -0.051     0.020    -0.077
    81.760    -0.048     0.022    -0.084
    81.770    -0.045     0.037    -0.087
    81.780    -0.033     0.063    -0.086
    81.790    -0.023     0.061    -0.078
    81.800    -0.013     0.006    -0.071
    81.810    -0.014    -0.030    -0.075
    81.820    -0.036    -0.018    -0.075
    81.830    -0.046    -0.004    -0.058
    81.840    -0.036     0.026    -0.046
    81.850    -0.029     0.040    -0.048
    81.860    -0.027    -0.021    -0.038
    81.870    -0.030    -0.086    -0.024
    81.880    -0.034    -0.102    -0.023
    81.890    -0.032    -0.110    -0.014
    81.900    -0.024    -0.109     0.002
    81.910    -0.001    -0.090     0.000
    81.920     0.028    -0.085     0.008
    81.930     0.030    -0.095     0.029
    81.940     0.014    -0.108     0.031
    81.950     0.007    -0.120     0.029
    81.960     0.013    -0.132     0.035
    81.970     0.018    -0.136     0.035
    81.980     0.019    -0.119     0.036
    81.990     0.018    -0.097     0.035
    82.000     0.016    -0.101     0.031
    82.010     0.012    -0.112     0.029
    82.020     0.002    -0.102     0.027
    82.030     0.004    -0.087     0.031
    82.040     0.027    -0.085     0.045
    82.050     0.037    -0.084     0.045
    82.060     0.020    -0.085     0.026
    82.070     0.005    -0.071     0.015
    82.080     0.015    -0.022     0.021
    82.090     0.039     0.006     0.033
    82.100     0.038    -0.006     0.038
    82.110     0.019    -0.011     0.038
    82.120     0.019    -0.007     0.036
    82.130     0.033    -0.005    -0.004
    82.140     0.034     0.005    -0.043
    82.150     0.031     0.026    -0.027
    82.160     0.035     0.049    -0.017
    82.170     0.039     0.043    -0.020
    82.180     0.043     0.009     0.004
    82.190     0.049    -0.003     0.007
    82.200     0.049     0.015    -0.012
    82.210     0.047     0.033    -0.012
    82.220     0.041     0.055    -0.018
    82.230     0.025     0.071    -0.027
    82.240     0.017     0.052    -0.024
    82.250     0.030     0.034    -0.030
    82.260     0.038     0.051    -0.042
    82.270     0.020     0.081    -0.049
    82.280    -0.005     0.110    -0.053
    82.290    -0.017     0.124    -0.054
    82.300    -0.021     0.112    -0.054
    82.310    -0.023     0.110    -0.061
    82.320    -0.018     0.131    -0.062
    82.330    -0.011     0.148    -0.046
    82.340    -0.012     0.164    -0.043
    82.350    -0.014     0.154    -0.050
    82.360    -0.009     0.101    -0.019
    82.370    -0.015     0.067     0.011
    82.380    -0.032     0.068     0.000
    82.390    -0.036     0.067     0.021
    82.400    -0.024     0.066     0.071
    82.410    -0.011     0.071     0.069
    82.420    -0.002     0.060     0.057
    82.430     0.013     0.045     0.073
    82.440     0.026     0.054     0.063
    82.450     0.015     0.067     0.048
    82.460    -0.005     0.066     0.048
    82.470    -0.015     0.061     0.027
    82.480    -0.011     0.043     0.010
    82.490     0.004     0.028     0.015
    82.500     0.018     0.048     0.015
    82.510     0.014     0.074     0.007
    82.520    -0.008     0.071     0.002
    82.530    -0.020     0.056     0.010
    82.540    -0.021     0.031     0.023
    82.550    -0.025    -0.013     0.016
    82.560    -0.029    -0.042    -0.005
    82.570    -0.028    -0.041    -0.024
    82.580    -0.035    -0.042    -0.030
    82.590    -0.042    -0.058    -0.020
    82.600    -0.038    -0.064    -0.020
    82.610    -0.031    -0.056    -0.036
    82.620    -0.024    -0.063    -0.033
    82.630    -0.012    -0.089    -0.021
    82.640    -0.002    -0.110    -0.030
    82.650     0.010    -0.123    -0.054
    82.660     0.013    -0.121    -0.063
    82.670    -0.002    -0.107    -0.050
    82.680    -0.020    -0.104    -0.049
    82.690    -0.037    -0.104    -0.069
    82.700    -0.044    -0.112    -0.071
    82.710    -0.024    -0.115    -0.054
    82.720    -0.002    -0.087    -0.064
    82.730    -0.002    -0.073    -0.095
    82.740    -0.008    -0.078    -0.103
    82.750    -0.010    -0.057    -0.098
    82.760    -0.023    -0.037    -0.097
    82.770    -0.040    -0.032    -0.089
    82.780    -0.052    -0.018    -0.069
    82.790    -0.051    -0.032    -0.050
    82.800    -0.037    -0.070    -0.044
    82.810    -0.041    -0.064    -0.037
    82.820    -0.066    -0.044    -0.022
    82.830    -0.079    -0.045    -0.024
    82.840    -0.074    -0.028    -0.027
    82.850    -0.070    -0.004    -0.002
    82.860    -0.069    -0.008     0.012
    82.870    -0.066    -0.012    -0.004
    82.880    -0.060    -0.003    -0.002
    82.890    -0.064     0.003     0.020
    82.900    -0.070     0.015     0.010
    82.910    -0.058     0.023    -0.010
    82.920    -0.045     0.020     0.011
    82.930    -0.044     0.027     0.035
    82.940    -0.034     0.026     0.025
    82.950    -0.019     0.008     0.004
    82.960    -0.019     0.013    -0.005
    82.970    -0.020     0.034     0.013
    82.980    -0.003     0.036     0.037
    82.990     0.019     0.047     0.035
    83.000     0.034     0.079     0.039
    83.010     0.039     0.082     0.056
    83.020     0.046     0.083     0.052
    83.030     0.058     0.109     0.051
    83.040     0.064     0.111     0.090
    83.050     0.063     0.108     0.124
    83.060     0.062     0.127     0.130
    83.070     0.063     0.123     0.138
    83.080     0.064     0.113     0.154
    83.090     0.067     0.129     0.161
    83.100     0.070     0.133     0.160
    83.110     0.057     0.117     0.145
    83.120     0.045     0.109     0.117
    83.130     0.057     0.111     0.114
    83.140     0.067     0.124     0.135
    83.150     0.055     0.136     0.133
    83.160     0.045     0.123     0.119
    83.170     0.039     0.098     0.120
    83.180     0.023     0.088     0.117
    83.190     0.022     0.101     0.111
    83.200     0.044     0.123     0.116
    83.210     0.057     0.131     0.126
    83.220     0.042     0.107     0.145
    83.230     0.025     0.070     0.156
    83.240     0.029     0.052     0.132
    83.250     0.046     0.042     0.111
    83.260     0.045     0.033     0.114
    83.270     0.024     0.034     0.099
    83.280     0.010     0.011     0.067
    83.290    -0.007    -0.021     0.053
    83.300    -0.033    -0.022     0.048
    83.310    -0.037    -0.023     0.040
    83.320    -0.015    -0.028     0.029
    83.330    -0.015    -0.022     0.016
    83.340    -0.041    -0.029    -0.004
    83.350    -0.063    -0.034    -0.018
    83.360    -0.061    -0.045    -0.024
    83.370    -0.048    -0.078    -0.037
    83.380    -0.044    -0.084    -0.037
    83.390    -0.032    -0.055    -0.024
    83.400    -0.011    -0.042    -0.036
    83.410    -0.005    -0.051    -0.063
    83.420    -0.013    -0.069    -0.048
    83.430    -0.019    -0.073    -0.026
    83.440    -0.018    -0.057    -0.061
    83.450    -0.008    -0.054    -0.093
    83.460    -0.002    -0.074    -0.092
    83.470    -0.012    -0.079    -0.105
    83.480    -0.023    -0.072    -0.109
    83.490    -0.016    -0.082    -0.083
    83.500    -0.005    -0.100    -0.084
    83.510    -0.007    -0.103    -0.110
    83.520    -0.004    -0.100    -0.129
    83.530     0.015    -0.095    -0.141
    83.540     0.036    -0.075    -0.159
    83.550     0.047    -0.053    -0.159
    83.560     0.043    -0.052    -0.108
    83.570     0.036    -0.047    -0.059
    83.580     0.035    -0.039    -0.057
    83.590     0.037    -0.065    -0.065
    83.600     0.052    -0.086    -0.071
    83.610     0.072    -0.053    -0.079
    83.620     0.074    -0.017    -0.059
    83.630     0.061    -0.024    -0.033
    83.640     0.046    -0.034    -0.031
    83.650     0.029    -0.029    -0.041
    83.660     0.021    -0.047    -0.051
    83.670     0.028    -0.065    -0.057
    83.680     0.034    -0.059    -0.058
    83.690     0.027    -0.070    -0.068
    83.700     0.011    -0.095    -0.075
    83.710     0.000    -0.090    -0.053
    83.720    -0.001    -0.072    -0.045
    83.730    -0.003    -0.067    -0.076
    83.740    -0.004    -0.070    -0.089
    83.750     0.000    -0.090    -0.082
    83.760    -0.008    -0.110    -0.098
    83.770    -0.028    -0.098    -0.111
    83.780    -0.039    -0.075    -0.091
    83.790    -0.037    -0.076    -0.067
    83.800    -0.024    -0.099    -0.061
    83.810    -0.012    -0.107    -0.060
    83.820    -0.015    -0.088    -0.041
    83.830    -0.019    -0.077    -0.013
    83.840    -0.025    -0.089     0.007
    83.850    -0.038    -0.098     0.014
    83.860    -0.032    -0.103     0.022
    83.870    -0.010    -0.099     0.036
    83.880    -0.009    -0.076     0.041
    83.890    -0.027    -0.047     0.042
    83.900    -0.033    -0.016     0.062
    83.910    -0.027    -0.001     0.068
    83.920    -0.035    -0.006     0.046
    83.930    -0.050    -0.006     0.056
    83.940    -0.041    -0.015     0.078
    83.950    -0.020    -0.021     0.039
    83.960    -0.013    -0.002     0.003
    83.970    -0.023     0.012     0.034
    83.980    -0.036     0.028     0.057
    83.990    -0.030     0.036     0.027
    84.000    -0.008     0.012     0.007
    84.010    -0.001    -0.003     0.006
    84.020     0.001    -0.005     0.011
    84.030     0.006    -0.008     0.039
    84.040    -0.004     0.025     0.059
    84.050    -0.002     0.059     0.053
    84.060     0.025     0.040     0.065
    84.070     0.038     0.032     0.079
    84.080     0.032     0.059     0.082
    84.090     0.042     0.051     0.099
    84.100     0.050     0.032     0.102
    84.110     0.033     0.055     0.091
    84.120     0.014     0.067     0.101
    84.130     0.014     0.063     0.113
    84.140     0.026     0.083     0.102
    84.150     0.045     0.082     0.083
    84.160     0.049     0.050     0.076
    84.170     0.028     0.048     0.069
    84.180     0.014     0.065     0.057
    84.190     0.003     0.085     0.051
    84.200    -0.019     0.117     0.033
    84.210    -0.019     0.124     0.009
    84.220     0.003     0.110     0.011
    84.230     0.004     0.107     0.019
    84.240    -0.014     0.098     0.021
    84.250    -0.017     0.080     0.025
    84.260    -0.028     0.081     0.007
    84.270    -0.055     0.087    -0.014
    84.280    -0.057     0.059    -0.003
    84.290    -0.033     0.033     0.009
    84.300    -0.024     0.067    -0.016
    84.310    -0.030     0.079    -0.026
    84.320    -0.036     0.034    -0.005
    84.330    -0.042     0.040    -0.026
    84.340    -0.035     0.063    -0.051
    84.350    -0.015     0.021    -0.018
    84.360    -0.003    -0.012    -0.001
    84.370     0.010     0.007    -0.015
    84.380     0.027     0.022    -0.003
    84.390     0.015     0.028    -0.011
    84.400    -0.008     0.023    -0.078
    84.410    -0.005     0.012    -0.115
    84.420     0.015     0.023    -0.099
    84.430     0.035     0.038    -0.098
    84.440     0.042     0.045    -0.097
    84.450     0.025     0.054    -0.084
    84.460     0.011     0.035    -0.118
    84.470     0.014    -0.009    -0.163
    84.480     0.013    -0.020    -0.152
    84.490     0.006     0.003    -0.136
    84.500     0.012     0.016    -0.145
    84.510     0.018    -0.008    -0.134
    84.520     0.015    -0.030    -0.123
    84.530     0.021    -0.030    -0.143
    84.540     0.034    -0.055    -0.147
    84.550     0.022    -0.085    -0.128
    84.560    -0.004    -0.072    -0.107
    84.570    -0.010    -0.054    -0.078
    84.580    -0.004    -0.052    -0.058
    84.590     0.004    -0.050    -0.058
    84.600     0.015    -0.056    -0.044
    84.610     0.008    -0.051    -0.037
    84.620    -0.018    -0.038    -0.053
    84.630    -0.031    -0.049    -0.047
    84.640    -0.026    -0.055    -0.028
    84.650    -0.012    -0.033    -0.041
    84.660     0.004    -0.017    -0.055
    84.670    -0.001    -0.011    -0.047
    84.680    -0.019     0.004    -0.042
    84.690    -0.019     0.014    -0.036
    84.700    -0.012     0.010    -0.017
    84.710    -0.016     0.020     0.007
    84.720    -0.018     0.037     0.031
    84.730    -0.021     0.033     0.043
    84.740    -0.036     0.032     0.040
    84.750    -0.050     0.042     0.052
    84.760    -0.040     0.038     0.068
    84.770    -0.021     0.026     0.059
    84.780    -0.005     0.018     0.066
    84.790     0.014     0.001     0.104
    84.800     0.019    -0.007     0.120
    84.810     0.000     0.000     0.122
    84.820    -0.011    -0.009     0.144
    84.830    -0.001    -0.027     0.152
    84.840     0.016    -0.036     0.136
    84.850     0.039    -0.047     0.137
    84.860     0.051    -0.048     0.155
    84.870     0.033    -0.033     0.169
    84.880     0.016    -0.050     0.193
    84.890     0.016    -0.080     0.210
    84.900     0.020    -0.063     0.194
    84.910     0.034    -0.049     0.194
    84.920     0.057    -0.071     0.212
    84.930     0.065    -0.069     0.201
    84.940     0.056    -0.052     0.195
    84.950     0.048    -0.068     0.201
    84.960     0.036    -0.084     0.176
    84.970     0.029    -0.066     0.147
    84.980     0.036    -0.058     0.133
    84.990     0.045    -0.071     0.108
    85.000     0.041    -0.060     0.083
    85.010     0.031    -0.042     0.084
    85.020     0.026    -0.040     0.081
    85.030     0.030    -0.033     0.050
    85.040     0.042    -0.034     0.030
    85.050     0.050    -0.054     0.019
    85.060     0.053    -0.052    -0.027
    85.070     0.054    -0.039    -0.064
    85.080     0.047    -0.052    -0.067
    85.090     0.038    -0.063    -0.085
    85.100     0.042    -0.054    -0.108
    85.110     0.049    -0.055    -0.111
    85.120     0.039    -0.059    -0.121
    85.130     0.029    -0.048    -0.127
    85.140     0.027    -0.055    -0.118
    85.150     0.016    -0.060    -0.120
    85.160     0.004    -0.033    -0.129
    85.170     0.009    -0.021    -0.135
    85.180     0.009    -0.022    -0.135
    85.190    -0.008     0.005    -0.135
    85.200    -0.021     0.028    -0.146
    85.210    -0.031     0.036    -0.156
    85.220    -0.043     0.050    -0.164
    85.230    -0.048     0.051    -0.171
    85.240    -0.048     0.065    -0.164
    85.250    -0.050     0.107    -0.159
    85.260    -0.058     0.122    -0.168
    85.270    -0.072     0.112    -0.183
    85.280    -0.079     0.106    -0.194
    85.290    -0.074     0.103    -0.176
    85.300    -0.076     0.121    -0.146
    85.310    -0.090     0.140    -0.128
    85.320    -0.095     0.124    -0.106
    85.330    -0.087     0.101    -0.092
    85.340    -0.074     0.099    -0.074
    85.350    -0.056     0.093    -0.038
    85.360    -0.044     0.078    -0.015
    85.370    -0.049     0.076    -0.005
    85.380    -0.053     0.076     0.016
    85.390    -0.053     0.066     0.043
    85.400    -0.051     0.067     0.054
    85.410    -0.053     0.070     0.060
    85.420    -0.066     0.058     0.090
    85.430    -0.064     0.044     0.113
    85.440    -0.042     0.032     0.113
    85.450    -0.029     0.019     0.121
    85.460    -0.033     0.013     0.139
    85.470    -0.036     0.008     0.153
    85.480    -0.033    -0.012     0.152
    85.490    -0.040    -0.014     0.130
    85.500    -0.038     0.007     0.117
    85.510    -0.014    -0.005     0.122
    85.520    -0.002    -0.033     0.118
    85.530    -0.004    -0.033     0.104
    85.540     0.004    -0.042     0.091
    85.550     0.002    -0.074     0.079
    85.560    -0.018    -0.067     0.076
    85.570    -0.019    -0.038     0.075
    85.580     0.003    -0.066     0.064
    85.590     0.021    -0.109     0.051
    85.600     0.026    -0.097     0.043
    85.610     0.018    -0.076     0.035
    85.620     0.006    -0.060     0.024
    85.630     0.006    -0.036     0.011
    85.640     0.021    -0.050     0.011
    85.650     0.037    -0.072     0.025
    85.660     0.040    -0.066     0.031
    85.670     0.038    -0.076     0.039
    85.680     0.037    -0.091     0.057
    85.690     0.027    -0.086     0.064
    85.700     0.018    -0.079     0.041
    85.710     0.019    -0.057     0.011
    85.720     0.021    -0.038    -0.009
    85.730     0.013    -0.049    -0.036
    85.740     0.005    -0.065    -0.063
    85.750     0.001    -0.071    -0.068
    85.760    -0.005    -0.069    -0.082
    85.770    -0.012    -0.061    -0.106
    85.780    -0.010    -0.049    -0.113
    85.790     0.001    -0.039    -0.129
    85.800     0.010    -0.046    -0.145
    85.810     0.006    -0.045    -0.143
    85.820    -0.009    -0.022    -0.147
    85.830    -0.009    -0.026    -0.142
    85.840     0.015    -0.044    -0.119
    85.850     0.039    -0.033    -0.114
    85.860     0.044    -0.033    -0.106
    85.870     0.036    -0.040    -0.068
    85.880     0.027    -0.024    -0.050
    85.890     0.022    -0.040    -0.053
    85.900     0.021    -0.067    -0.023
    85.910     0.022    -0.024     0.007
    85.920     0.029     0.031     0.002
    85.930     0.040     0.026     0.004
    85.940     0.033     0.005     0.022
    85.950     0.020     0.014     0.028
    85.960     0.024     0.031     0.042
    85.970     0.019     0.038     0.071
    85.980     0.001     0.056     0.078
    85.990     0.001     0.070     0.071
    86.000     0.008     0.063     0.072
    86.010     0.003     0.064     0.060
    86.020     0.002     0.073     0.043
    86.030     0.009     0.073     0.037
    86.040     0.014     0.071     0.028
    86.050     0.023     0.070     0.036
    86.060     0.035     0.078     0.057
    86.070     0.036     0.102     0.046
    86.080     0.021     0.123     0.027
    86.090    -0.004     0.126     0.028
    86.100    -0.024     0.115     0.024
    86.110    -0.012     0.111     0.027
    86.120     0.025     0.117     0.045
    86.130     0.038     0.116     0.036
    86.140     0.015     0.121     0.012
    86.150    -0.005     0.136     0.023
    86.160     0.007     0.140     0.036
    86.170     0.042     0.133     0.027
    86.180     0.059     0.124     0.035
    86.190     0.036     0.106     0.045
    86.200     0.017     0.092     0.028
    86.210     0.028     0.111     0.016
    86.220     0.028     0.132     0.012
    86.230    -0.002     0.113     0.006
    86.240    -0.025     0.091     0.013
    86.250    -0.019     0.104     0.008
    86.260    -0.008     0.119     0.001
    86.270    -0.014     0.113     0.021
    86.280    -0.023     0.124     0.019
    86.290    -0.020     0.140    -0.016
    86.300    -0.015     0.115    -0.025
    86.310    -0.018     0.090    -0.013
    86.320    -0.026     0.110    -0.008
    86.330    -0.023     0.116    -0.002
    86.340    -0.012     0.091     0.007
    86.350     0.001     0.069     0.009
    86.360     0.016     0.053     0.018
    86.370     0.022     0.051     0.008
    86.380     0.013     0.063    -0.034
    86.390    -0.005     0.066    -0.039
    86.400    -0.016     0.046    -0.013
    86.410    -0.011     0.013    -0.012
    86.420     0.006    -0.008    -0.010
    86.430     0.018    -0.018     0.002
    86.440     0.008    -0.032    -0.013
    86.450    -0.017    -0.031    -0.022
    86.460    -0.038    -0.024     0.006
    86.470    -0.031    -0.034     0.020
    86.480     0.008    -0.052     0.005
    86.490     0.034    -0.063     0.006
    86.500     0.030    -0.046     0.009
    86.510     0.028    -0.025     0.002
    86.520     0.030    -0.043     0.002
    86.530     0.017    -0.071    -0.005
    86.540    -0.002    -0.068    -0.004
    86.550    -0.011    -0.049     0.015
    86.560    -0.012    -0.039     0.017
    86.570    -0.001    -0.034     0.008
    86.580     0.028    -0.040    -0.004
    86.590     0.054    -0.071    -0.027
    86.600     0.055    -0.085    -0.031
    86.610     0.035    -0.064    -0.016
    86.620     0.015    -0.066    -0.005
    86.630     0.016    -0.094     0.004
    86.640     0.031    -0.093     0.005
    86.650     0.044    -0.075    -0.010
    86.660     0.051    -0.084    -0.021
    86.670     0.036    -0.104    -0.015
    86.680    -0.003    -0.094    -0.009
    86.690    -0.026    -0.081    -0.015
    86.700    -0.011    -0.089    -0.021
    86.710     0.010    -0.089    -0.025
    86.720     0.007    -0.070    -0.015
    86.730    -0.007    -0.052    -0.006
    86.740    -0.019    -0.037    -0.026
    86.750    -0.018    -0.036    -0.024
    86.760     0.011    -0.056     0.011
    86.770     0.037    -0.065     0.018
    86.780     0.014    -0.049     0.013
    86.790    -0.023    -0.045     0.026
    86.800    -0.018    -0.057     0.034
    86.810     0.009    -0.057     0.029
    86.820     0.010    -0.062     0.021
    86.830    -0.010    -0.061     0.024
    86.840    -0.014    -0.035     0.031
    86.850    -0.006    -0.026     0.027
    86.860    -0.007    -0.045     0.019
    86.870    -0.019    -0.056     0.012
    86.880    -0.027    -0.055     0.006
    86.890    -0.036    -0.046    -0.004
    86.900    -0.057    -0.026    -0.016
    86.910    -0.072    -0.002    -0.019
    86.920    -0.056    -0.005    -0.031
    86.930    -0.030    -0.037    -0.055
    86.940    -0.028    -0.052    -0.057
    86.950    -0.042    -0.035    -0.061
    86.960    -0.054    -0.012    -0.080
    86.970    -0.054     0.001    -0.077
    86.980    -0.042    -0.007    -0.061
    86.990    -0.022    -0.014    -0.060
    87.000    -0.005     0.009    -0.075
    87.010    -0.008     0.046    -0.086
    87.020    -0.020     0.058    -0.073
    87.030    -0.012     0.033    -0.055
    87.040    -0.006     0.013    -0.063
    87.050    -0.013     0.027    -0.080
    87.060    -0.012     0.054    -0.077
    87.070    -0.004     0.069    -0.062
    87.080     0.001     0.061    -0.053
    87.090     0.009     0.045    -0.061
    87.100     0.024     0.042    -0.068
    87.110     0.046     0.041    -0.064
    87.120     0.055     0.034    -0.053
    87.130     0.029     0.041    -0.033
    87.140     0.006     0.049    -0.011
    87.150     0.020     0.031    -0.015
    87.160     0.039     0.008    -0.034
    87.170     0.028    -0.006    -0.023
    87.180     0.001    -0.013     0.010
    87.190    -0.017    -0.001     0.019
    87.200    -0.025     0.009     0.016
    87.210    -0.023    -0.011     0.034
    87.220    -0.021    -0.034     0.050
    87.230    -0.028    -0.049     0.038
    87.240    -0.028    -0.071     0.028
    87.250    -0.022    -0.069     0.032
    87.260    -0.020    -0.050     0.024
    87.270    -0.023    -0.048     0.023
    87.280    -0.022    -0.044     0.052
    87.290    -0.012    -0.045     0.062
    87.300    -0.008    -0.067     0.054
    87.310    -0.012    -0.072     0.061
    87.320     0.002    -0.062     0.056
    87.330     0.024    -0.069     0.034
    87.340     0.022    -0.083     0.037
    87.350     0.005    -0.078     0.063
    87.360     0.005    -0.071     0.064
    87.370     0.013    -0.088     0.056
    87.380     0.023    -0.092     0.065
    87.390     0.035    -0.069     0.064
    87.400     0.036    -0.067     0.055
    87.410     0.022    -0.085     0.064
    87.420     0.019    -0.089     0.068
    87.430     0.036    -0.099     0.063
    87.440     0.051    -0.118     0.074
    87.450     0.040    -0.110     0.081
    87.460     0.015    -0.083     0.068
    87.470     0.017    -0.068     0.054
    87.480     0.033    -0.064     0.042
    87.490     0.037    -0.061     0.021
    87.500     0.034    -0.059    -0.001
    87.510     0.036    -0.047    -0.015
    87.520     0.037    -0.030    -0.018
    87.530     0.027    -0.024    -0.016
    87.540     0.013    -0.018    -0.017
    87.550     0.006    -0.008    -0.021
    87.560     0.009    -0.006    -0.034
    87.570     0.010    -0.004    -0.044
    87.580     0.002     0.019    -0.045
    87.590    -0.013     0.046    -0.045
    87.600    -0.021     0.037    -0.064
    87.610    -0.019     0.006    -0.096
    87.620    -0.010     0.002    -0.093
    87.630    -0.010     0.023    -0.071
    87.640    -0.024     0.041    -0.089
    87.650    -0.036     0.055    -0.116
    87.660    -0.036     0.051    -0.111
    87.670    -0.024     0.021    -0.098
    87.680    -0.016     0.004    -0.094
    87.690    -0.034     0.026    -0.090
    87.700    -0.059     0.047    -0.078
    87.710    -0.054     0.032    -0.062
    87.720    -0.037     0.015    -0.061
    87.730    -0.036     0.029    -0.064
    87.740    -0.039     0.050    -0.051
    87.750    -0.035     0.040    -0.035
    87.760    -0.034     0.017    -0.039
    87.770    -0.033     0.016    -0.037
    87.780    -0.027     0.028    -0.021
    87.790    -0.031     0.052    -0.013
    87.800    -0.038     0.079    -0.017
    87.810    -0.030     0.078    -0.021
    87.820    -0.016     0.063    -0.005
    87.830    -0.010     0.057     0.028
    87.840    -0.008     0.057     0.036
    87.850    -0.007     0.075     0.027
    87.860    -0.004     0.092     0.046
    87.870     0.010     0.077     0.073
    87.880     0.021     0.068     0.079
    87.890     0.014     0.075     0.089
    87.900     0.007     0.067     0.104
    87.910     0.012     0.058     0.109
    87.920     0.015     0.056     0.118
    87.930     0.020     0.052     0.138
    87.940     0.027     0.062     0.136
    87.950     0.025     0.080     0.124
    87.960     0.018     0.087     0.120
    87.970     0.019     0.086     0.114
    87.980     0.032     0.085     0.114
    87.990     0.035     0.086     0.109
    88.000     0.016     0.093     0.099
    88.010     0.004     0.097     0.107
    88.020     0.004     0.085     0.109
    88.030     0.006     0.062     0.105
    88.040     0.021     0.045     0.120
    88.050     0.032     0.061     0.121
    88.060     0.026     0.095     0.106
    88.070     0.015     0.092     0.113
    88.080    -0.007     0.062     0.110
    88.090    -0.029     0.049     0.081
    88.100    -0.021     0.040     0.079
    88.110     0.003     0.031     0.092
    88.120     0.011     0.039     0.073
    88.130     0.002     0.039     0.057
    88.140    -0.009     0.025     0.064
    88.150    -0.012     0.016     0.070
    88.160    -0.017     0.002     0.065
    88.170    -0.029    -0.007     0.041
    88.180    -0.033    -0.002     0.031
    88.190    -0.027    -0.008     0.044
    88.200    -0.021    -0.017     0.039
    88.210    -0.016    -0.005     0.028
    88.220    -0.005     0.000     0.035
    88.230    -0.007    -0.011     0.024
    88.240    -0.025    -0.009    -0.005
    88.250    -0.032    -0.009    -0.009
    88.260    -0.018    -0.012    -0.006
    88.270    -0.012    -0.010    -0.025
    88.280    -0.013    -0.023    -0.025
    88.290    -0.002    -0.028    -0.015
    88.300     0.013    -0.017    -0.040
    88.310     0.014    -0.033    -0.056
    88.320     0.008    -0.046    -0.034
    88.330     0.000    -0.039    -0.027
    88.340    -0.007    -0.051    -0.035
    88.350     0.000    -0.066    -0.030
    88.360     0.020    -0.066    -0.035
    88.370     0.039    -0.067    -0.042
    88.380     0.036    -0.068    -0.051
    88.390     0.017    -0.070    -0.071
    88.400     0.015    -0.072    -0.072
    88.410     0.032    -0.065    -0.061
    88.420     0.041    -0.056    -0.056
    88.430     0.034    -0.069    -0.054
    88.440     0.022    -0.090    -0.071
    88.450     0.013    -0.090    -0.087
    88.460     0.018    -0.085    -0.075
    88.470     0.031    -0.095    -0.065
    88.480     0.029    -0.087    -0.079
    88.490     0.008    -0.059    -0.090
    88.500    -0.013    -0.035    -0.082
    88.510    -0.008    -0.022    -0.054
    88.520     0.015    -0.027    -0.032
    88.530     0.025    -0.040    -0.050
    88.540     0.005    -0.038    -0.079
    88.550    -0.018    -0.023    -0.081
    88.560    -0.012    -0.006    -0.088
    88.570     0.001    -0.013    -0.103
    88.580    -0.003    -0.033    -0.090
    88.590    -0.009    -0.023    -0.072
    88.600    -0.011    -0.013    -0.078
    88.610    -0.017    -0.028    -0.077
    88.620    -0.020    -0.016    -0.072
    88.630    -0.014     0.003    -0.081
    88.640    -0.006    -0.008    -0.065
    88.650    -0.008     0.003    -0.058
    88.660    -0.017     0.034    -0.088
    88.670    -0.020     0.024    -0.082
    88.680    -0.016    -0.004    -0.051
    88.690    -0.010    -0.004    -0.051
    88.700    -0.012     0.013    -0.049
    88.710    -0.026     0.018    -0.036
    88.720    -0.039     0.012    -0.029
    88.730    -0.030     0.010    -0.025
    88.740    -0.012     0.002    -0.036
    88.750    -0.006    -0.008    -0.042
    88.760    -0.018    -0.004    -0.030
    88.770    -0.025     0.001    -0.035
    88.780    -0.002    -0.001    -0.043
    88.790     0.025    -0.012    -0.035
    88.800     0.022    -0.022    -0.053
    88.810     0.013    -0.025    -0.072
    88.820     0.013    -0.021    -0.042
    88.830     0.011     0.005    -0.021
    88.840     0.019     0.020    -0.029
    88.850     0.038    -0.013     0.000
    88.860     0.043    -0.032     0.027
    88.870     0.037    -0.017     0.000
    88.880     0.041    -0.017    -0.012
    88.890     0.047    -0.018     0.010
    88.900     0.041    -0.017     0.013
    88.910     0.023    -0.029     0.023
    88.920     0.014    -0.029     0.044
    88.930     0.023    -0.031     0.046
    88.940     0.030    -0.044     0.061
    88.950     0.018    -0.035     0.084
    88.960     0.005    -0.015     0.072
    88.970     0.005    -0.018     0.064
    88.980     0.005    -0.041     0.088
    88.990    -0.001    -0.065     0.108
    89.000    -0.005    -0.045     0.107
    89.010     0.000     0.003     0.090
    89.020     0.010     0.010     0.094
    89.030     0.012    -0.009     0.121
    89.040     0.001    -0.011     0.099
    89.050    -0.014     0.005     0.052
    89.060    -0.012     0.031     0.055
    89.070     0.010     0.049     0.066
    89.080     0.009     0.054     0.063
    89.090    -0.024     0.067     0.069
    89.100    -0.038     0.080     0.054
    89.110    -0.010     0.087     0.013
    89.120     0.013     0.085    -0.015
    89.130     0.005     0.065    -0.025
    89.140    -0.007     0.045    -0.028
    89.150    -0.020     0.045    -0.018
    89.160    -0.039     0.066    -0.019
    89.170    -0.027     0.070    -0.042
    89.180     0.001     0.028    -0.029
    89.190    -0.011    -0.001    -0.014
    89.200    -0.044     0.017    -0.055
    89.210    -0.047     0.038    -0.053
    89.220    -0.034     0.046    -0.015
    89.230    -0.037     0.042    -0.042
    89.240    -0.039     0.027    -0.066
    89.250    -0.022     0.024    -0.047
    89.260    -0.016     0.023    -0.048
    89.270    -0.031     0.016    -0.052
    89.280    -0.034     0.020    -0.044
    89.290    -0.019     0.017    -0.054
    89.300    -0.009    -0.004    -0.060
    89.310    -0.009    -0.009    -0.044
    89.320    -0.008     0.015    -0.026
    89.330     0.001     0.037    -0.027
    89.340     0.003     0.034    -0.036
    89.350    -0.008     0.018    -0.035
    89.360    -0.009     0.002    -0.041
    89.370    -0.007    -0.006    -0.052
    89.380    -0.011     0.006    -0.050
    89.390    -0.009     0.006    -0.063
    89.400    -0.002    -0.022    -0.074
    89.410    -0.006    -0.026    -0.055
    89.420    -0.014    -0.004    -0.044
    89.430    -0.012     0.001    -0.042
    89.440     0.005    -0.003    -0.031
    89.450     0.011    -0.006    -0.042
    89.460    -0.012    -0.025    -0.068
    89.470    -0.028    -0.034    -0.067
    89.480    -0.013    -0.019    -0.030
    89.490    -0.002    -0.010     0.009
    89.500    -0.007    -0.008     0.007
    89.510     0.007     0.000    -0.007
    89.520     0.028     0.014     0.001
    89.530     0.020     0.015     0.000
    89.540     0.003     0.009    -0.003
    89.550     0.003     0.028     0.020
    89.560     0.007     0.056     0.036
    89.570     0.006     0.062     0.034
    89.580     0.003     0.055     0.044
    89.590    -0.009     0.037     0.055
    89.600    -0.023     0.015     0.044
    89.610    -0.021     0.018     0.026
    89.620    -0.003     0.039     0.028
    89.630     0.016     0.057     0.034
    89.640     0.024     0.056     0.036
    89.650     0.019     0.051     0.047
    89.660     0.021     0.055     0.054
    89.670     0.032     0.046     0.046
    89.680     0.034     0.026     0.043
    89.690     0.032     0.019     0.061
    89.700     0.042     0.018     0.082
    89.710     0.055     0.017     0.083
    89.720     0.053     0.013     0.057
    89.730     0.044    -0.001     0.038
    89.740     0.045    -0.002     0.047
    89.750     0.054     0.012     0.049
    89.760     0.057     0.014     0.037
    89.770     0.055     0.001     0.032
    89.780     0.050    -0.014     0.030
    89.790     0.035    -0.013     0.047
    89.800     0.033    -0.018     0.071
    89.810     0.050    -0.045     0.058
    89.820     0.049    -0.049     0.040
    89.830     0.025    -0.025     0.050
    89.840     0.012    -0.018     0.068
    89.850     0.022    -0.021     0.078
    89.860     0.033    -0.012     0.072
    89.870     0.028    -0.019     0.058
    89.880     0.021    -0.050     0.053
    89.890     0.018    -0.056     0.058
    89.900     0.016    -0.026     0.073
    89.910     0.023    -0.018     0.077
    89.920     0.027    -0.030     0.062
    89.930     0.011    -0.021     0.054
    89.940    -0.004    -0.020     0.057
    89.950     0.002    -0.052     0.065
    89.960     0.010    -0.066     0.069
    89.970    -0.001    -0.052     0.043
    89.980    -0.024    -0.043     0.013
    89.990    -0.036    -0.031     0.008
