#Earthquake Information
#Origin Time(GMT+08): 2026/09/14-06:44:41
#EpicenterLongitude(E): 121.55
#EpicenterLatitude(N): 22.63
#Depth(km): 10.1
#Magnitude(Ml): 4.9

#Station Information
#StationCode: EHYH
#StationName: Wanrong
#StationLongitude(E): 121.345
#StationLatitude(N): 23.494
#InstrumentKind: FBA
#StartTime(GMT+08): 2026/09/14-06:44:30.000
#RecordLength(sec): 90
#SampleRate(Hz): 100
#AmplitudeUnit:  gal. DCoffset(corr)
#AmplitudeMAX. U:    0.553~   -0.622
#AmplitudeMAX. N:    0.817~   -0.747
#AmplitudeMAX. E:    0.724~   -0.991
#DataSequence: Time U(+); N(+); E(+)
#Data: 4F10.3 
     0.000     0.000     0.001    -0.001
     0.010    -0.001     0.001    -0.003
     0.020    -0.002     0.003    -0.007
     0.030    -0.004     0.000    -0.001
     0.040     0.001    -0.002     0.005
     0.050    -0.002    -0.001    -0.003
     0.060    -0.003    -0.002     0.003
     0.070     0.003    -0.001     0.001
     0.080     0.002     0.000    -0.002
     0.090     0.000     0.003     0.005
     0.100    -0.007     0.002    -0.001
     0.110    -0.005    -0.003    -0.005
     0.120     0.000    -0.002    -0.002
     0.130    -0.002     0.000     0.000
     0.140     0.000     0.000     0.004
     0.150     0.003     0.002     0.001
     0.160     0.003     0.000    -0.006
     0.170     0.001    -0.002    -0.005
     0.180    -0.004    -0.005    -0.002
     0.190    -0.004    -0.001     0.002
     0.200    -0.003     0.003     0.001
     0.210    -0.001    -0.003    -0.001
     0.220     0.002    -0.003     0.002
     0.230     0.004     0.003     0.002
     0.240     0.003     0.002     0.000
     0.250    -0.003     0.002     0.001
     0.260    -0.004     0.002     0.002
     0.270    -0.002    -0.003    -0.006
     0.280    -0.002     0.002    -0.006
     0.290    -0.002    -0.003    -0.001
     0.300    -0.001    -0.001     0.004
     0.310     0.000     0.009     0.005
     0.320    -0.001    -0.006    -0.007
     0.330     0.001     0.006     0.004
     0.340    -0.002     0.001    -0.002
     0.350    -0.003    -0.009    -0.006
     0.360     0.000     0.003     0.004
     0.370    -0.002    -0.009    -0.007
     0.380    -0.001     0.011     0.010
     0.390    -0.003     0.000    -0.002
     0.400     0.000    -0.011    -0.004
     0.410     0.004     0.003     0.007
     0.420    -0.003    -0.009    -0.005
     0.430    -0.002     0.012     0.015
     0.440    -0.004    -0.001    -0.007
     0.450    -0.008    -0.009    -0.015
     0.460     0.000     0.006     0.001
     0.470     0.000    -0.003    -0.002
     0.480     0.002     0.016     0.013
     0.490     0.002    -0.003    -0.007
     0.500    -0.003    -0.012    -0.009
     0.510     0.004     0.008     0.007
     0.520     0.004     0.008     0.007
     0.530     0.001     0.015     0.007
     0.540     0.000    -0.004    -0.007
     0.550    -0.002    -0.011    -0.008
     0.560     0.002     0.003     0.004
     0.570     0.001     0.006     0.009
     0.580     0.003     0.004     0.002
     0.590     0.001    -0.008    -0.006
     0.600    -0.009    -0.010    -0.008
     0.610    -0.002     0.002     0.002
     0.620     0.003     0.008     0.005
     0.630    -0.002     0.002     0.000
     0.640    -0.006    -0.002     0.001
     0.650    -0.010    -0.008    -0.007
     0.660     0.001    -0.003    -0.001
     0.670     0.008     0.008     0.005
     0.680     0.004     0.003     0.003
     0.690    -0.001     0.004     0.002
     0.700    -0.011     0.001    -0.010
     0.710    -0.002    -0.002     0.000
     0.720     0.004    -0.004     0.004
     0.730     0.002    -0.001     0.001
     0.740     0.002     0.006    -0.003
     0.750    -0.003    -0.005    -0.005
     0.760    -0.002    -0.004     0.005
     0.770    -0.001    -0.001     0.001
     0.780     0.001    -0.002     0.004
     0.790     0.000     0.002     0.002
     0.800    -0.005    -0.004    -0.004
     0.810    -0.002     0.000    -0.006
     0.820    -0.001     0.003    -0.003
     0.830    -0.003     0.001     0.008
     0.840    -0.004    -0.001     0.001
     0.850    -0.005    -0.003    -0.004
     0.860    -0.003     0.001    -0.005
     0.870     0.001    -0.003    -0.003
     0.880     0.000    -0.002    -0.001
     0.890    -0.003     0.000    -0.001
     0.900    -0.006    -0.007     0.003
     0.910    -0.003    -0.004     0.000
     0.920     0.003     0.000    -0.003
     0.930     0.003     0.003    -0.007
     0.940     0.001     0.002    -0.005
     0.950    -0.001     0.000     0.001
     0.960    -0.005    -0.002     0.000
     0.970    -0.001    -0.001     0.005
     0.980     0.005    -0.002     0.004
     0.990     0.002    -0.002     0.004
     1.000     0.002     0.003     0.007
     1.010     0.003     0.001    -0.006
     1.020    -0.004     0.002    -0.004
     1.030    -0.006     0.003    -0.005
     1.040    -0.003     0.001    -0.002
     1.050    -0.001    -0.006     0.004
     1.060    -0.002    -0.009    -0.004
     1.070    -0.001     0.002     0.000
     1.080     0.001    -0.004    -0.006
     1.090    -0.002    -0.005    -0.002
     1.100     0.000     0.002    -0.002
     1.110     0.000     0.009     0.000
     1.120    -0.003     0.002     0.007
     1.130    -0.002    -0.005    -0.007
     1.140    -0.002     0.004     0.003
     1.150     0.000    -0.008     0.002
     1.160     0.000     0.006     0.009
     1.170    -0.002    -0.001     0.001
     1.180     0.000    -0.011    -0.015
     1.190    -0.003     0.006     0.004
     1.200    -0.001    -0.008    -0.005
     1.210     0.004     0.011     0.008
     1.220     0.000     0.000    -0.002
     1.230     0.001    -0.007    -0.008
     1.240     0.000     0.011     0.011
     1.250     0.000    -0.006    -0.007
     1.260     0.001     0.011     0.010
     1.270    -0.002    -0.006    -0.006
     1.280    -0.002    -0.008    -0.006
     1.290     0.000     0.007     0.009
     1.300     0.002    -0.001    -0.004
     1.310     0.001     0.016     0.014
     1.320    -0.004    -0.009    -0.009
     1.330     0.000    -0.011    -0.003
     1.340     0.005     0.000     0.000
     1.350    -0.004     0.003    -0.008
     1.360    -0.006     0.010     0.006
     1.370     0.002    -0.012    -0.015
     1.380    -0.005    -0.002    -0.002
     1.390    -0.006    -0.003     0.001
     1.400     0.000     0.007     0.011
     1.410     0.009     0.009     0.009
     1.420     0.006    -0.018    -0.019
     1.430    -0.007    -0.002     0.000
     1.440     0.000     0.002     0.000
     1.450     0.002     0.012     0.012
     1.460     0.001     0.003     0.002
     1.470    -0.002    -0.009    -0.012
     1.480    -0.002     0.008     0.002
     1.490     0.006     0.000    -0.006
     1.500     0.001     0.011     0.014
     1.510     0.000    -0.005     0.000
     1.520    -0.003    -0.014    -0.006
     1.530    -0.003    -0.001     0.004
     1.540     0.003    -0.001     0.001
     1.550     0.005     0.007     0.012
     1.560     0.002    -0.009    -0.021
     1.570    -0.007    -0.002    -0.017
     1.580    -0.004     0.003     0.001
     1.590     0.000     0.007     0.012
     1.600     0.003     0.007     0.016
     1.610     0.002    -0.016    -0.011
     1.620    -0.004    -0.004    -0.004
     1.630    -0.002     0.000    -0.012
     1.640    -0.003     0.012     0.008
     1.650     0.005     0.007     0.011
     1.660    -0.002    -0.011    -0.010
     1.670    -0.011    -0.002    -0.004
     1.680    -0.002     0.000    -0.007
     1.690     0.004     0.006     0.011
     1.700     0.013    -0.007     0.001
     1.710     0.006    -0.008    -0.008
     1.720     0.001     0.003    -0.001
     1.730    -0.001     0.008     0.004
     1.740    -0.005     0.006     0.011
     1.750     0.001    -0.004    -0.008
     1.760    -0.005    -0.002    -0.005
     1.770     0.002    -0.004    -0.002
     1.780     0.002     0.005    -0.001
     1.790     0.002     0.000     0.005
     1.800     0.005    -0.002     0.004
     1.810    -0.009    -0.001     0.000
     1.820    -0.006    -0.005    -0.002
     1.830    -0.001     0.007     0.006
     1.840     0.001    -0.006    -0.005
     1.850    -0.001    -0.003    -0.003
     1.860    -0.003     0.000    -0.004
     1.870     0.003     0.001     0.003
     1.880     0.005     0.008     0.006
     1.890    -0.001    -0.007    -0.012
     1.900    -0.006    -0.005    -0.003
     1.910     0.001    -0.001     0.001
     1.920     0.001     0.002     0.003
     1.930     0.001    -0.002     0.003
     1.940     0.003     0.000     0.000
     1.950     0.004    -0.001    -0.001
     1.960     0.005    -0.003    -0.001
     1.970    -0.003     0.007     0.003
     1.980    -0.007    -0.004    -0.005
     1.990    -0.005    -0.001    -0.003
     2.000    -0.001    -0.005    -0.005
     2.010     0.000     0.000     0.007
     2.020     0.000     0.005     0.007
     2.030     0.004    -0.009     0.000
     2.040     0.001     0.002    -0.002
     2.050    -0.002     0.006    -0.006
     2.060     0.001     0.013     0.010
     2.070     0.003    -0.001    -0.003
     2.080     0.000    -0.009    -0.006
     2.090     0.001    -0.001    -0.004
     2.100    -0.001    -0.004    -0.004
     2.110     0.000     0.004     0.004
     2.120     0.003    -0.006    -0.006
     2.130    -0.001    -0.003     0.004
     2.140    -0.001    -0.001     0.001
     2.150    -0.004     0.004     0.004
     2.160     0.002     0.006     0.004
     2.170     0.006    -0.005    -0.005
     2.180     0.000     0.006    -0.001
     2.190     0.000    -0.001    -0.002
     2.200     0.000     0.002     0.007
     2.210     0.005     0.001    -0.005
     2.220     0.003    -0.006    -0.007
     2.230    -0.002     0.005     0.002
     2.240    -0.001     0.004     0.000
     2.250     0.000     0.004     0.003
     2.260    -0.001    -0.004    -0.003
     2.270    -0.003    -0.009     0.000
     2.280     0.001    -0.004     0.002
     2.290    -0.002    -0.001     0.002
     2.300     0.001    -0.001    -0.002
     2.310     0.004     0.000    -0.004
     2.320    -0.003     0.004    -0.001
     2.330    -0.004     0.008    -0.001
     2.340    -0.003     0.003     0.005
     2.350     0.001    -0.011     0.001
     2.360     0.000    -0.010    -0.007
     2.370    -0.005    -0.003    -0.003
     2.380    -0.004     0.006     0.004
     2.390     0.000     0.002    -0.004
     2.400     0.003    -0.008    -0.009
     2.410    -0.002     0.002    -0.004
     2.420    -0.006     0.002    -0.002
     2.430     0.001     0.005     0.003
     2.440     0.005    -0.002    -0.001
     2.450     0.007    -0.009    -0.003
     2.460     0.003     0.001     0.006
     2.470    -0.004     0.004     0.011
     2.480     0.001     0.004     0.002
     2.490     0.001    -0.006    -0.009
     2.500    -0.003    -0.001    -0.005
     2.510    -0.004     0.001     0.006
     2.520    -0.004    -0.005     0.005
     2.530     0.005    -0.001    -0.004
     2.540     0.000    -0.001    -0.005
     2.550    -0.003     0.002     0.001
     2.560     0.000     0.004     0.000
     2.570    -0.003     0.005    -0.002
     2.580     0.001     0.002     0.001
     2.590     0.000    -0.005     0.000
     2.600     0.000    -0.007    -0.002
     2.610     0.003    -0.001    -0.001
     2.620    -0.002    -0.001    -0.002
     2.630    -0.001    -0.008    -0.001
     2.640    -0.002     0.003    -0.002
     2.650    -0.001     0.010     0.000
     2.660     0.005     0.006     0.012
     2.670     0.003     0.003     0.005
     2.680     0.000    -0.004    -0.009
     2.690    -0.001    -0.006    -0.010
     2.700    -0.006    -0.001    -0.005
     2.710    -0.005     0.002     0.003
     2.720     0.003    -0.002     0.005
     2.730     0.007     0.002     0.005
     2.740     0.001     0.009     0.000
     2.750    -0.004     0.002    -0.004
     2.760    -0.002    -0.007    -0.002
     2.770     0.002    -0.002    -0.003
     2.780    -0.004     0.001     0.002
     2.790    -0.004    -0.001     0.007
     2.800     0.002     0.005     0.003
     2.810     0.002    -0.001    -0.002
     2.820     0.003    -0.003    -0.007
     2.830     0.001     0.002    -0.008
     2.840    -0.003    -0.002     0.001
     2.850     0.001     0.000     0.000
     2.860     0.003    -0.006    -0.003
     2.870     0.000    -0.009    -0.001
     2.880    -0.002     0.000     0.004
     2.890    -0.001     0.002     0.002
     2.900    -0.002     0.006    -0.004
     2.910    -0.004     0.006    -0.003
     2.920     0.002     0.003     0.002
     2.930     0.007     0.004     0.008
     2.940     0.004    -0.004     0.004
     2.950    -0.002    -0.005    -0.005
     2.960    -0.004    -0.002    -0.007
     2.970    -0.004     0.003     0.000
     2.980     0.002     0.010     0.003
     2.990     0.007     0.004     0.000
     3.000     0.004     0.000     0.000
     3.010     0.003    -0.003     0.000
     3.020     0.001    -0.003     0.001
     3.030     0.001    -0.004     0.002
     3.040     0.003    -0.005     0.001
     3.050     0.000     0.002     0.002
     3.060     0.000     0.003     0.002
     3.070     0.000     0.007     0.000
     3.080     0.002     0.004     0.001
     3.090     0.000    -0.009    -0.003
     3.100    -0.006    -0.008    -0.006
     3.110    -0.006     0.000    -0.001
     3.120    -0.002     0.001    -0.002
     3.130     0.003     0.001    -0.004
     3.140     0.003     0.001     0.003
     3.150     0.003     0.006     0.004
     3.160    -0.002     0.007     0.006
     3.170    -0.007     0.005    -0.002
     3.180    -0.004    -0.003    -0.007
     3.190     0.002    -0.007    -0.001
     3.200     0.009    -0.003     0.005
     3.210     0.003    -0.001     0.009
     3.220    -0.002     0.005    -0.001
     3.230    -0.001     0.000    -0.006
     3.240    -0.003     0.002    -0.007
     3.250    -0.001     0.007    -0.004
     3.260     0.002    -0.001     0.003
     3.270     0.002    -0.002     0.000
     3.280     0.001    -0.003     0.001
     3.290    -0.002    -0.001     0.002
     3.300    -0.003    -0.005    -0.002
     3.310    -0.002    -0.009    -0.003
     3.320    -0.005     0.003     0.004
     3.330     0.001     0.007     0.009
     3.340     0.002    -0.001     0.004
     3.350    -0.004     0.001    -0.002
     3.360    -0.001    -0.002    -0.004
     3.370    -0.004    -0.003    -0.003
     3.380    -0.004     0.007    -0.002
     3.390    -0.005     0.005     0.004
     3.400    -0.002     0.000     0.006
     3.410     0.007    -0.001    -0.002
     3.420     0.003     0.001    -0.005
     3.430     0.004    -0.003    -0.005
     3.440     0.002    -0.006    -0.003
     3.450    -0.002     0.002     0.008
     3.460    -0.004     0.001     0.011
     3.470    -0.001     0.008     0.003
     3.480     0.003     0.006    -0.005
     3.490    -0.003    -0.005    -0.010
     3.500    -0.002    -0.009    -0.006
     3.510    -0.002    -0.007     0.000
     3.520    -0.003     0.004     0.008
     3.530    -0.001     0.002     0.008
     3.540     0.002     0.001     0.002
     3.550     0.004     0.002     0.000
     3.560    -0.004    -0.004    -0.006
     3.570    -0.006    -0.001    -0.005
     3.580    -0.002     0.002     0.001
     3.590     0.001     0.002     0.004
     3.600     0.002     0.004    -0.001
     3.610    -0.001    -0.002    -0.004
     3.620     0.002    -0.004     0.003
     3.630     0.005    -0.002    -0.001
     3.640     0.001    -0.006    -0.004
     3.650    -0.002     0.003     0.000
     3.660     0.000     0.005    -0.002
     3.670     0.002     0.003    -0.005
     3.680     0.003     0.003    -0.001
     3.690     0.001    -0.002     0.005
     3.700     0.001     0.002     0.007
     3.710    -0.001    -0.004     0.002
     3.720    -0.004    -0.002    -0.002
     3.730     0.000     0.003     0.000
     3.740     0.002     0.002     0.001
     3.750    -0.003     0.002    -0.004
     3.760    -0.004    -0.002    -0.005
     3.770    -0.003     0.001    -0.001
     3.780    -0.001     0.000    -0.002
     3.790     0.004    -0.005    -0.004
     3.800     0.002    -0.002     0.001
     3.810    -0.001    -0.001     0.009
     3.820    -0.001     0.004     0.005
     3.830    -0.004     0.002    -0.003
     3.840    -0.005    -0.003    -0.002
     3.850    -0.003     0.005     0.003
     3.860     0.000    -0.002    -0.003
     3.870     0.000    -0.005    -0.005
     3.880    -0.003    -0.002     0.005
     3.890    -0.004    -0.002     0.002
     3.900     0.002     0.005     0.000
     3.910     0.006     0.004     0.002
     3.920     0.001     0.002    -0.002
     3.930     0.001     0.004    -0.006
     3.940     0.000     0.002    -0.004
     3.950     0.000    -0.002     0.004
     3.960    -0.001    -0.005     0.002
     3.970    -0.004    -0.001    -0.002
     3.980    -0.004     0.002    -0.002
     3.990    -0.003     0.001     0.003
     4.000     0.004     0.001     0.004
     4.010     0.004     0.006     0.001
     4.020     0.003     0.002     0.000
     4.030    -0.003    -0.006    -0.003
     4.040    -0.007    -0.002    -0.003
     4.050    -0.005    -0.001    -0.002
     4.060     0.000     0.001     0.005
     4.070     0.004     0.004     0.006
     4.080     0.002     0.002    -0.005
     4.090    -0.003     0.000    -0.001
     4.100    -0.004     0.000     0.003
     4.110     0.001    -0.002    -0.001
     4.120     0.002    -0.001     0.003
     4.130     0.002     0.002     0.003
     4.140     0.002    -0.001     0.001
     4.150    -0.006     0.000    -0.003
     4.160    -0.007     0.004    -0.006
     4.170     0.003     0.005     0.000
     4.180     0.006     0.004     0.000
     4.190    -0.001     0.002    -0.001
     4.200     0.000     0.001     0.002
     4.210     0.000    -0.003     0.002
     4.220     0.000    -0.003     0.001
     4.230     0.001    -0.001    -0.002
     4.240    -0.003    -0.002     0.001
     4.250    -0.001     0.002     0.007
     4.260    -0.004     0.004     0.002
     4.270    -0.004     0.001    -0.001
     4.280    -0.001     0.001     0.001
     4.290     0.002     0.003    -0.003
     4.300     0.003     0.001     0.002
     4.310     0.000    -0.001    -0.002
     4.320     0.001     0.003    -0.004
     4.330    -0.003     0.003     0.000
     4.340    -0.006    -0.002    -0.007
     4.350    -0.001    -0.003    -0.004
     4.360     0.003    -0.005     0.001
     4.370     0.002    -0.003     0.002
     4.380    -0.002     0.005     0.006
     4.390     0.001     0.006     0.003
     4.400    -0.002     0.000     0.001
     4.410    -0.001     0.001     0.002
     4.420     0.003     0.004    -0.002
     4.430     0.003     0.002    -0.002
     4.440     0.002     0.007     0.002
     4.450     0.000     0.007     0.000
     4.460     0.000    -0.001    -0.004
     4.470     0.000    -0.005    -0.004
     4.480    -0.001    -0.003    -0.001
     4.490    -0.003    -0.001     0.000
     4.500    -0.004     0.000     0.002
     4.510    -0.001     0.004     0.000
     4.520     0.000    -0.001    -0.003
     4.530     0.002    -0.001     0.003
     4.540     0.002     0.000     0.002
     4.550    -0.002    -0.001     0.000
     4.560    -0.005     0.003     0.003
     4.570    -0.005    -0.002     0.006
     4.580    -0.004     0.000     0.003
     4.590    -0.001     0.000    -0.003
     4.600     0.003     0.001    -0.004
     4.610     0.002     0.004    -0.002
     4.620     0.002     0.000     0.002
     4.630    -0.001     0.002    -0.001
     4.640    -0.003    -0.001    -0.005
     4.650     0.002     0.000    -0.001
     4.660     0.005     0.005     0.001
     4.670     0.004     0.004     0.000
     4.680    -0.003     0.000     0.002
     4.690    -0.005    -0.004    -0.003
     4.700    -0.001    -0.002    -0.001
     4.710     0.000    -0.001     0.003
     4.720     0.000    -0.002    -0.001
     4.730    -0.002    -0.006     0.001
     4.740    -0.003     0.000     0.004
     4.750    -0.003     0.003     0.000
     4.760    -0.001    -0.002    -0.006
     4.770    -0.002     0.004    -0.002
     4.780    -0.003     0.006     0.000
     4.790    -0.002    -0.003    -0.003
     4.800    -0.002    -0.004     0.001
     4.810     0.003     0.001    -0.001
     4.820     0.003     0.002    -0.003
     4.830    -0.002     0.004     0.002
     4.840    -0.003     0.002     0.004
     4.850     0.000    -0.003     0.003
     4.860     0.002     0.001    -0.002
     4.870     0.000     0.002     0.000
     4.880     0.002     0.003     0.004
     4.890     0.000     0.000    -0.001
     4.900    -0.001    -0.005    -0.004
     4.910     0.001     0.003    -0.001
     4.920     0.002     0.004     0.002
     4.930     0.002     0.004     0.003
     4.940    -0.002     0.006     0.003
     4.950    -0.002     0.003     0.003
     4.960     0.002     0.002    -0.001
     4.970     0.002    -0.002    -0.005
     4.980    -0.001    -0.001     0.000
     4.990    -0.005     0.002     0.004
     5.000    -0.005     0.000     0.001
     5.010    -0.006    -0.002    -0.003
     5.020    -0.002    -0.002    -0.005
     5.030     0.004     0.001     0.003
     5.040     0.001     0.002     0.000
     5.050     0.000    -0.005     0.000
     5.060    -0.001    -0.004     0.000
     5.070     0.001     0.002    -0.007
     5.080     0.003    -0.001    -0.002
     5.090    -0.001     0.001    -0.003
     5.100     0.001     0.006     0.005
     5.110     0.002     0.004     0.012
     5.120    -0.004     0.004     0.001
     5.130    -0.001    -0.001    -0.003
     5.140     0.002    -0.004    -0.002
     5.150     0.004     0.000     0.000
     5.160     0.005     0.002     0.001
     5.170     0.000     0.004    -0.002
     5.180    -0.001     0.005    -0.005
     5.190    -0.001     0.003     0.000
     5.200    -0.003     0.001     0.005
     5.210    -0.002    -0.002     0.000
     5.220    -0.001    -0.004    -0.006
     5.230    -0.002    -0.008    -0.006
     5.240     0.003     0.000    -0.001
     5.250     0.002     0.006     0.001
     5.260    -0.006     0.005    -0.002
     5.270    -0.006     0.001     0.002
     5.280     0.003    -0.006     0.003
     5.290     0.003    -0.004    -0.006
     5.300    -0.003    -0.005    -0.004
     5.310    -0.001    -0.001     0.004
     5.320    -0.001     0.004     0.003
     5.330     0.001     0.001     0.000
     5.340     0.000     0.004    -0.002
     5.350    -0.003     0.002    -0.002
     5.360     0.001     0.002     0.000
     5.370     0.003     0.007     0.001
     5.380     0.004     0.002     0.002
     5.390     0.000    -0.002     0.002
     5.400    -0.001    -0.002     0.002
     5.410    -0.001     0.000     0.000
     5.420    -0.001    -0.003     0.004
     5.430    -0.001    -0.006     0.003
     5.440    -0.005    -0.003    -0.009
     5.450    -0.003    -0.001    -0.008
     5.460     0.003     0.004    -0.002
     5.470     0.003     0.001     0.001
     5.480    -0.004    -0.003    -0.001
     5.490    -0.006    -0.002    -0.004
     5.500    -0.002    -0.008    -0.001
     5.510    -0.003    -0.005     0.001
     5.520    -0.001     0.001     0.004
     5.530    -0.001     0.003    -0.001
     5.540     0.000     0.005    -0.001
     5.550     0.004    -0.001     0.002
     5.560    -0.001    -0.002     0.003
     5.570    -0.003     0.001     0.005
     5.580     0.002     0.001     0.000
     5.590     0.002    -0.001    -0.002
     5.600    -0.001    -0.001    -0.002
     5.610    -0.004     0.004    -0.001
     5.620     0.000     0.003     0.001
     5.630     0.001     0.002    -0.001
     5.640    -0.004     0.002     0.001
     5.650     0.001    -0.003     0.002
     5.660     0.005    -0.002    -0.001
     5.670     0.005    -0.005    -0.002
     5.680     0.003     0.002     0.002
     5.690    -0.004     0.008     0.004
     5.700    -0.009    -0.002    -0.004
     5.710    -0.008    -0.006    -0.006
     5.720    -0.002    -0.002    -0.005
     5.730     0.003    -0.002    -0.003
     5.740     0.005    -0.001    -0.003
     5.750    -0.001    -0.003     0.000
     5.760    -0.004    -0.004     0.001
     5.770     0.000    -0.001    -0.002
     5.780     0.003     0.000    -0.001
     5.790     0.004     0.002     0.002
     5.800     0.005     0.006     0.006
     5.810    -0.001     0.005     0.000
     5.820    -0.003     0.001    -0.006
     5.830    -0.001    -0.002     0.001
     5.840    -0.004    -0.002     0.003
     5.850    -0.005     0.001     0.004
     5.860    -0.003    -0.003     0.002
     5.870    -0.003    -0.001    -0.002
     5.880     0.001     0.002    -0.003
     5.890     0.004     0.001    -0.003
     5.900     0.006    -0.002     0.000
     5.910     0.002     0.001     0.002
     5.920    -0.006     0.004     0.004
     5.930    -0.003    -0.002    -0.002
     5.940     0.003    -0.003    -0.003
     5.950     0.003    -0.002     0.000
     5.960     0.003     0.000     0.000
     5.970    -0.005     0.002     0.001
     5.980    -0.004    -0.002    -0.003
     5.990    -0.002     0.002    -0.001
     6.000     0.001     0.003    -0.001
     6.010     0.001     0.000    -0.002
     6.020    -0.003     0.001     0.001
     6.030    -0.001    -0.002    -0.002
     6.040    -0.004    -0.002    -0.001
     6.050    -0.002     0.001     0.004
     6.060     0.001     0.002    -0.002
     6.070    -0.003    -0.004     0.001
     6.080     0.002    -0.002     0.002
     6.090     0.004     0.002    -0.003
     6.100    -0.001     0.000    -0.003
     6.110     0.002     0.005     0.003
     6.120     0.004     0.005     0.006
     6.130    -0.001    -0.004    -0.002
     6.140    -0.002     0.000    -0.006
     6.150     0.001    -0.001    -0.005
     6.160     0.002    -0.007     0.001
     6.170     0.002     0.003     0.000
     6.180     0.000     0.001    -0.003
     6.190    -0.003    -0.002     0.000
     6.200     0.003     0.007     0.003
     6.210     0.003    -0.003     0.000
     6.220    -0.002    -0.004    -0.005
     6.230    -0.003     0.007     0.001
     6.240    -0.003    -0.004     0.004
     6.250    -0.003    -0.006     0.002
     6.260    -0.007    -0.001    -0.001
     6.270    -0.003    -0.001    -0.003
     6.280     0.003    -0.003     0.002
     6.290     0.005    -0.003     0.002
     6.300     0.004     0.002    -0.006
     6.310     0.005     0.003    -0.004
     6.320     0.003     0.003    -0.001
     6.330    -0.007    -0.002     0.000
     6.340    -0.004     0.001     0.005
     6.350     0.003     0.001     0.001
     6.360     0.005     0.000     0.003
     6.370     0.006     0.004     0.000
     6.380     0.003     0.000    -0.003
     6.390     0.003     0.002     0.003
     6.400    -0.003    -0.003    -0.003
     6.410    -0.004    -0.006    -0.005
     6.420    -0.002    -0.002     0.000
     6.430    -0.004    -0.005     0.001
     6.440    -0.005    -0.002    -0.001
     6.450    -0.007     0.000     0.000
     6.460    -0.004     0.001    -0.001
     6.470    -0.001     0.002    -0.006
     6.480     0.001    -0.003    -0.001
     6.490     0.001    -0.003     0.000
     6.500    -0.004     0.000    -0.001
     6.510     0.000     0.001     0.004
     6.520     0.003    -0.003     0.000
     6.530     0.000    -0.002    -0.001
     6.540    -0.002     0.000    -0.004
     6.550     0.003    -0.003    -0.005
     6.560     0.003     0.002     0.005
     6.570    -0.001     0.002     0.001
     6.580     0.001    -0.004    -0.001
     6.590    -0.006     0.002    -0.003
     6.600    -0.003     0.002    -0.001
     6.610     0.002     0.002     0.002
     6.620    -0.002     0.000    -0.005
     6.630     0.000    -0.006     0.000
     6.640    -0.003    -0.002    -0.002
     6.650     0.001     0.000     0.004
     6.660     0.005     0.002    -0.002
     6.670    -0.006    -0.002    -0.006
     6.680    -0.008    -0.005     0.009
     6.690     0.001     0.000     0.000
     6.700     0.005     0.001    -0.009
     6.710     0.003     0.001    -0.004
     6.720    -0.004    -0.004     0.004
     6.730    -0.006    -0.005     0.000
     6.740    -0.004     0.000    -0.001
     6.750     0.003     0.000    -0.002
     6.760     0.011     0.004    -0.006
     6.770     0.002     0.003     0.002
     6.780    -0.009     0.001     0.005
     6.790    -0.001     0.004     0.006
     6.800     0.005    -0.001    -0.003
     6.810     0.004    -0.003    -0.009
     6.820     0.004     0.002     0.000
     6.830     0.002     0.002     0.000
     6.840    -0.003    -0.005     0.009
     6.850    -0.001    -0.004     0.003
     6.860     0.002     0.002    -0.006
     6.870    -0.001    -0.003    -0.003
     6.880    -0.004     0.000    -0.001
     6.890     0.003     0.001     0.004
     6.900     0.005    -0.003    -0.009
     6.910    -0.003     0.000    -0.005
     6.920    -0.005    -0.001     0.008
     6.930     0.001     0.000     0.006
     6.940     0.002     0.002     0.001
     6.950     0.001     0.003    -0.010
     6.960     0.004    -0.003     0.002
     6.970    -0.001    -0.004     0.007
     6.980    -0.011     0.002     0.001
     6.990    -0.004    -0.003    -0.001
     7.000    -0.002     0.000    -0.007
     7.010    -0.003     0.000    -0.002
     7.020     0.007     0.003    -0.004
     7.030     0.009     0.003     0.004
     7.040     0.004    -0.006     0.007
     7.050    -0.004     0.001    -0.004
     7.060    -0.001    -0.001     0.003
     7.070    -0.001    -0.004    -0.001
     7.080    -0.002     0.002    -0.002
     7.090     0.004     0.004     0.002
     7.100     0.002     0.004     0.002
     7.110    -0.002    -0.003     0.010
     7.120    -0.004    -0.001     0.004
     7.130     0.001     0.001     0.001
     7.140    -0.001    -0.007    -0.008
     7.150    -0.003    -0.004    -0.008
     7.160     0.002    -0.002     0.001
     7.170     0.000     0.001    -0.005
     7.180     0.001     0.006     0.004
     7.190    -0.002     0.003     0.005
     7.200    -0.004    -0.002    -0.002
     7.210     0.001     0.000     0.003
     7.220     0.003     0.000     0.003
     7.230     0.004    -0.004     0.004
     7.240    -0.001     0.001     0.000
     7.250    -0.007     0.004     0.001
     7.260    -0.007     0.003     0.005
     7.270    -0.004     0.002    -0.008
     7.280     0.001    -0.001    -0.004
     7.290     0.005    -0.002     0.004
     7.300     0.006    -0.003     0.005
     7.310     0.004    -0.003     0.006
     7.320     0.000     0.003    -0.004
     7.330    -0.002     0.008    -0.001
     7.340    -0.005    -0.001     0.003
     7.350    -0.003    -0.007     0.001
     7.360     0.004    -0.003    -0.001
     7.370     0.004     0.001    -0.002
     7.380    -0.001     0.003     0.002
     7.390    -0.004     0.002     0.003
     7.400    -0.005    -0.002     0.000
     7.410    -0.007    -0.001    -0.002
     7.420    -0.003    -0.002    -0.001
     7.430     0.001    -0.003    -0.002
     7.440    -0.003     0.003    -0.005
     7.450     0.001     0.000    -0.005
     7.460     0.003    -0.002     0.004
     7.470     0.001    -0.002     0.006
     7.480     0.002    -0.003     0.000
     7.490    -0.002     0.000     0.000
     7.500    -0.005     0.003     0.000
     7.510    -0.002     0.003     0.000
     7.520     0.000    -0.001     0.001
     7.530     0.001     0.000     0.001
     7.540    -0.001     0.002     0.000
     7.550    -0.001     0.000    -0.002
     7.560     0.002    -0.003     0.000
     7.570     0.004    -0.001     0.004
     7.580     0.004    -0.001     0.000
     7.590     0.003     0.003    -0.001
     7.600    -0.002     0.003    -0.002
     7.610    -0.004    -0.004    -0.006
     7.620    -0.004    -0.001     0.003
     7.630    -0.005    -0.001     0.004
     7.640    -0.009    -0.001     0.000
     7.650    -0.003     0.004     0.001
     7.660     0.006    -0.001    -0.001
     7.670     0.007    -0.006     0.001
     7.680     0.003    -0.006    -0.002
     7.690    -0.004    -0.002    -0.001
     7.700    -0.003     0.001     0.000
     7.710     0.001     0.001     0.001
     7.720     0.003     0.004     0.003
     7.730     0.001     0.004     0.002
     7.740    -0.004     0.001     0.006
     7.750    -0.001    -0.002     0.003
     7.760     0.001    -0.006    -0.003
     7.770    -0.002    -0.006    -0.004
     7.780     0.000    -0.008    -0.003
     7.790    -0.001     0.001    -0.006
     7.800     0.002     0.012    -0.003
     7.810     0.003     0.002     0.004
     7.820    -0.003     0.000     0.008
     7.830    -0.004     0.003     0.012
     7.840    -0.003    -0.008     0.004
     7.850     0.001    -0.006    -0.003
     7.860     0.002    -0.006    -0.009
     7.870    -0.001    -0.005    -0.012
     7.880    -0.001     0.006    -0.001
     7.890     0.000     0.002     0.003
     7.900     0.001    -0.001     0.004
     7.910     0.001    -0.002     0.006
     7.920     0.005    -0.003     0.004
     7.930     0.007    -0.002     0.000
     7.940    -0.002    -0.001    -0.003
     7.950    -0.009     0.003     0.002
     7.960    -0.009     0.002     0.001
     7.970    -0.009     0.000    -0.006
     7.980    -0.005     0.000    -0.001
     7.990     0.002    -0.007     0.008
     8.000     0.010    -0.013     0.009
     8.010     0.007    -0.008     0.000
     8.020    -0.001     0.005    -0.009
     8.030    -0.003     0.011    -0.007
     8.040    -0.004     0.010    -0.003
     8.050    -0.002    -0.001    -0.003
     8.060     0.001    -0.004     0.002
     8.070     0.007    -0.001     0.005
     8.080     0.013    -0.004     0.005
     8.090     0.003     0.000     0.006
     8.100    -0.003    -0.003     0.001
     8.110    -0.003     0.002     0.001
     8.120    -0.008     0.005    -0.003
     8.130    -0.008    -0.008    -0.003
     8.140    -0.004    -0.001    -0.001
     8.150     0.001    -0.002    -0.005
     8.160     0.005    -0.006     0.002
     8.170     0.009    -0.003     0.002
     8.180     0.002     0.002     0.000
     8.190    -0.004     0.006     0.002
     8.200    -0.007    -0.004     0.001
     8.210    -0.010    -0.003     0.000
     8.220    -0.003    -0.003    -0.002
     8.230     0.004    -0.008    -0.005
     8.240     0.004    -0.002     0.000
     8.250     0.009     0.003     0.004
     8.260     0.006     0.004    -0.001
     8.270     0.001     0.000     0.000
     8.280    -0.002    -0.001    -0.002
     8.290    -0.003    -0.006    -0.002
     8.300     0.003     0.000     0.003
     8.310     0.005     0.005     0.002
     8.320     0.003     0.001     0.003
     8.330     0.001     0.007     0.002
     8.340     0.002    -0.002     0.000
     8.350    -0.004    -0.001    -0.001
     8.360    -0.009     0.003    -0.001
     8.370    -0.004    -0.007     0.000
     8.380    -0.002    -0.005    -0.004
     8.390     0.002    -0.007    -0.002
     8.400    -0.001    -0.004    -0.001
     8.410     0.000     0.004    -0.001
     8.420     0.001     0.000     0.002
     8.430    -0.002    -0.002     0.000
     8.440     0.001    -0.007    -0.001
     8.450    -0.002    -0.007    -0.002
     8.460     0.001     0.002     0.001
     8.470     0.002     0.002     0.002
     8.480    -0.002     0.003    -0.002
     8.490    -0.001     0.004     0.004
     8.500     0.000    -0.002     0.004
     8.510     0.002    -0.006     0.001
     8.520     0.001    -0.002     0.000
     8.530    -0.001    -0.001    -0.002
     8.540     0.002     0.000     0.002
     8.550     0.001     0.003     0.000
     8.560    -0.004    -0.001    -0.002
     8.570    -0.005    -0.002     0.001
     8.580     0.003    -0.002     0.001
     8.590     0.003    -0.005    -0.003
     8.600    -0.001    -0.002    -0.003
     8.610     0.002     0.002     0.002
     8.620     0.001     0.000    -0.001
     8.630    -0.005    -0.001    -0.002
     8.640    -0.001     0.002     0.001
     8.650     0.004     0.001     0.000
     8.660     0.000    -0.003    -0.003
     8.670    -0.002    -0.003    -0.003
     8.680     0.002     0.001     0.002
     8.690     0.004     0.000     0.003
     8.700     0.001    -0.002    -0.002
     8.710    -0.002    -0.001    -0.006
     8.720    -0.002     0.004     0.001
     8.730     0.001     0.000     0.003
     8.740     0.005    -0.005     0.000
     8.750     0.001     0.004     0.004
     8.760    -0.001     0.005     0.003
     8.770    -0.002     0.002     0.000
     8.780    -0.004     0.002     0.000
     8.790    -0.002    -0.001     0.000
     8.800     0.002    -0.001     0.001
     8.810     0.003     0.001    -0.001
     8.820     0.003    -0.003    -0.004
     8.830     0.003    -0.006    -0.003
     8.840    -0.003    -0.002    -0.002
     8.850     0.000    -0.004    -0.002
     8.860     0.004    -0.002     0.000
     8.870     0.002     0.002     0.003
     8.880     0.000     0.002     0.009
     8.890    -0.004     0.005     0.006
     8.900    -0.002    -0.002     0.004
     8.910     0.003    -0.003    -0.002
     8.920    -0.003     0.005    -0.008
     8.930    -0.006    -0.001     0.000
     8.940     0.000    -0.003    -0.001
     8.950     0.001    -0.002    -0.002
     8.960    -0.003    -0.005     0.000
     8.970     0.001    -0.001    -0.001
     8.980     0.004     0.002    -0.003
     8.990     0.004     0.000    -0.001
     9.000     0.005    -0.002    -0.003
     9.010     0.001     0.001    -0.001
     9.020     0.000     0.004     0.005
     9.030     0.001     0.001     0.003
     9.040    -0.002     0.004     0.004
     9.050    -0.001     0.003    -0.002
     9.060     0.001    -0.003    -0.003
     9.070     0.006    -0.004     0.002
     9.080     0.005    -0.004    -0.002
     9.090    -0.004     0.000    -0.003
     9.100    -0.004    -0.003    -0.001
     9.110    -0.004    -0.006     0.002
     9.120    -0.003    -0.003    -0.001
     9.130     0.001    -0.001    -0.004
     9.140    -0.001    -0.001    -0.001
     9.150     0.001     0.000    -0.002
     9.160     0.002     0.001     0.001
     9.170     0.001     0.001     0.000
     9.180     0.001     0.005    -0.001
     9.190     0.002     0.002     0.004
     9.200     0.001     0.001     0.000
     9.210     0.000     0.002     0.000
     9.220    -0.002    -0.004     0.002
     9.230     0.001     0.001     0.006
     9.240     0.006     0.005     0.005
     9.250     0.003     0.000     0.002
     9.260    -0.003    -0.001     0.001
     9.270    -0.002    -0.001    -0.007
     9.280     0.003    -0.002    -0.003
     9.290     0.001     0.000    -0.001
     9.300     0.001    -0.002    -0.003
     9.310     0.002     0.001     0.001
     9.320    -0.002     0.000     0.000
     9.330    -0.004    -0.001     0.000
     9.340    -0.005     0.002     0.001
     9.350    -0.005     0.001     0.002
     9.360    -0.002    -0.001     0.003
     9.370     0.002    -0.003     0.002
     9.380     0.000     0.003    -0.003
     9.390     0.001     0.004    -0.003
     9.400     0.001     0.002    -0.004
     9.410    -0.003     0.002    -0.005
     9.420     0.000     0.003    -0.001
     9.430    -0.002     0.002    -0.002
     9.440    -0.002    -0.005     0.002
     9.450    -0.001    -0.005     0.002
     9.460     0.001    -0.003     0.004
     9.470     0.001    -0.004     0.007
     9.480    -0.002     0.000    -0.002
     9.490     0.001     0.005    -0.004
     9.500     0.002     0.004    -0.003
     9.510     0.003     0.003    -0.005
     9.520    -0.003     0.006    -0.004
     9.530    -0.005     0.002    -0.006
     9.540    -0.001    -0.001    -0.006
     9.550     0.001    -0.002     0.002
     9.560     0.004    -0.003     0.006
     9.570     0.004     0.000     0.000
     9.580     0.001     0.001     0.004
     9.590    -0.001     0.004     0.003
     9.600    -0.001     0.002     0.001
     9.610    -0.001    -0.004     0.000
     9.620    -0.001     0.001    -0.006
     9.630     0.003     0.005     0.001
     9.640     0.000     0.000    -0.001
     9.650    -0.008    -0.001    -0.003
     9.660    -0.007     0.002     0.004
     9.670    -0.001     0.003     0.005
     9.680    -0.001     0.003     0.004
     9.690     0.002     0.002    -0.003
     9.700     0.003     0.001    -0.004
     9.710     0.003    -0.001    -0.005
     9.720     0.003     0.000    -0.007
     9.730     0.001    -0.006    -0.002
     9.740     0.000    -0.007    -0.001
     9.750    -0.004    -0.001     0.001
     9.760    -0.001    -0.005     0.005
     9.770     0.004     0.001     0.002
     9.780     0.002     0.009    -0.002
     9.790    -0.001     0.011    -0.002
     9.800    -0.004     0.009    -0.003
     9.810    -0.001     0.000    -0.001
     9.820     0.000     0.000     0.002
     9.830    -0.001    -0.002     0.000
     9.840    -0.001    -0.007     0.001
     9.850    -0.003    -0.007     0.001
     9.860    -0.001    -0.004    -0.002
     9.870     0.001     0.002     0.000
     9.880     0.002     0.002     0.003
     9.890     0.003     0.001     0.003
     9.900    -0.003     0.003     0.001
     9.910    -0.008    -0.001    -0.004
     9.920    -0.005    -0.006    -0.003
     9.930    -0.004    -0.008    -0.002
     9.940    -0.003     0.000    -0.001
     9.950     0.002     0.004     0.003
     9.960     0.001     0.006    -0.001
     9.970     0.005     0.009     0.000
     9.980     0.006     0.006    -0.001
     9.990     0.001     0.007     0.001
    10.000     0.004     0.001     0.004
    10.010     0.004    -0.003    -0.001
    10.020    -0.001     0.002     0.002
    10.030    -0.002    -0.003    -0.002
    10.040     0.001    -0.002    -0.006
    10.050     0.002     0.004     0.001
    10.060    -0.001     0.002     0.001
    10.070    -0.001     0.002     0.004
    10.080     0.000    -0.003     0.002
    10.090    -0.004    -0.007    -0.005
    10.100    -0.002     0.001     0.000
    10.110     0.004     0.002     0.003
    10.120    -0.003     0.000    -0.003
    10.130    -0.005     0.005    -0.004
    10.140    -0.001     0.001     0.001
    10.150     0.000    -0.002     0.005
    10.160    -0.001     0.004     0.000
    10.170    -0.002     0.002    -0.001
    10.180     0.002     0.002    -0.001
    10.190     0.000     0.003    -0.002
    10.200     0.003     0.000     0.000
    10.210     0.005     0.005     0.001
    10.220     0.003     0.002     0.006
    10.230    -0.001    -0.001     0.003
    10.240    -0.008    -0.002    -0.002
    10.250    -0.002    -0.002     0.000
    10.260     0.001     0.001     0.004
    10.270    -0.001    -0.005     0.004
    10.280    -0.002     0.002    -0.002
    10.290    -0.004     0.007    -0.002
    10.300    -0.004     0.001    -0.005
    10.310    -0.001     0.003    -0.007
    10.320     0.002     0.000    -0.004
    10.330    -0.001     0.001    -0.001
    10.340     0.002    -0.003     0.003
    10.350     0.002    -0.006    -0.002
    10.360    -0.001     0.002    -0.001
    10.370     0.002    -0.002     0.001
    10.380    -0.001    -0.004    -0.001
    10.390    -0.003    -0.001     0.003
    10.400    -0.001     0.003     0.001
    10.410     0.001     0.002     0.000
    10.420    -0.002     0.002     0.004
    10.430    -0.006     0.003     0.001
    10.440    -0.002     0.002    -0.004
    10.450    -0.001     0.002    -0.001
    10.460    -0.003    -0.005    -0.001
    10.470     0.001     0.000     0.000
    10.480     0.004     0.005     0.004
    10.490     0.005    -0.003     0.004
    10.500     0.000     0.001     0.000
    10.510    -0.007     0.000    -0.002
    10.520     0.001     0.002    -0.002
    10.530     0.004     0.007    -0.006
    10.540    -0.004    -0.001     0.003
    10.550    -0.009    -0.001     0.000
    10.560     0.000     0.002     0.001
    10.570     0.006     0.003     0.004
    10.580     0.003    -0.003    -0.007
    10.590     0.003     0.002     0.008
    10.600    -0.005     0.002     0.004
    10.610    -0.004    -0.001     0.005
    10.620    -0.002    -0.003     0.000
    10.630    -0.002    -0.009    -0.011
    10.640    -0.001     0.007     0.007
    10.650    -0.003    -0.004    -0.002
    10.660     0.002     0.000     0.005
    10.670    -0.001     0.004    -0.002
    10.680     0.001    -0.005    -0.004
    10.690     0.001     0.015     0.012
    10.700     0.001    -0.001    -0.001
    10.710     0.003     0.001    -0.004
    10.720    -0.005     0.001    -0.009
    10.730    -0.002    -0.004     0.007
    10.740     0.000     0.005     0.005
    10.750     0.003    -0.005     0.002
    10.760     0.004     0.000     0.002
    10.770    -0.002    -0.005    -0.008
    10.780     0.001     0.006     0.004
    10.790    -0.002     0.005     0.001
    10.800     0.000    -0.001     0.006
    10.810    -0.003     0.002     0.000
    10.820    -0.005    -0.004    -0.001
    10.830    -0.001     0.009     0.004
    10.840     0.002    -0.006    -0.001
    10.850     0.007    -0.009    -0.001
    10.860    -0.004     0.003    -0.007
    10.870    -0.010    -0.002     0.003
    10.880    -0.001     0.004     0.001
    10.890     0.006    -0.003     0.000
    10.900     0.005    -0.003    -0.003
    10.910    -0.005     0.005    -0.003
    10.920     0.001     0.003     0.005
    10.930     0.009     0.000     0.000
    10.940     0.004    -0.004     0.009
    10.950    -0.007    -0.004    -0.005
    10.960    -0.012    -0.004     0.005
    10.970     0.000     0.004     0.013
    10.980     0.009     0.002    -0.007
    10.990    -0.004    -0.001     0.005
    11.000    -0.006     0.004     0.001
    11.010     0.000     0.006     0.004
    11.020     0.004     0.011     0.001
    11.030     0.000    -0.008    -0.014
    11.040    -0.007    -0.010    -0.005
    11.050     0.001     0.011     0.010
    11.060     0.013     0.006     0.012
    11.070     0.014    -0.003    -0.010
    11.080    -0.004    -0.005    -0.010
    11.090    -0.018     0.000    -0.003
    11.100    -0.003     0.003     0.013
    11.110     0.016    -0.006     0.010
    11.120     0.005    -0.012    -0.009
    11.130    -0.015     0.007     0.004
    11.140    -0.006     0.008     0.007
    11.150     0.004    -0.004     0.007
    11.160    -0.002    -0.002    -0.008
    11.170    -0.009    -0.003    -0.011
    11.180    -0.004     0.012     0.010
    11.190     0.010     0.009     0.009
    11.200     0.004    -0.003    -0.004
    11.210    -0.004     0.001    -0.016
    11.220     0.001     0.008    -0.001
    11.230     0.010     0.005     0.013
    11.240     0.010    -0.006     0.005
    11.250    -0.003    -0.003    -0.006
    11.260    -0.005    -0.002    -0.005
    11.270     0.003     0.003     0.011
    11.280     0.001    -0.003     0.011
    11.290    -0.014    -0.011    -0.004
    11.300    -0.014    -0.004    -0.005
    11.310     0.004     0.003     0.005
    11.320     0.007     0.007     0.004
    11.330    -0.003     0.000    -0.007
    11.340    -0.008     0.004    -0.007
    11.350    -0.001     0.009     0.005
    11.360     0.010     0.000     0.006
    11.370     0.003    -0.002    -0.004
    11.380    -0.007    -0.007    -0.007
    11.390    -0.001    -0.011    -0.001
    11.400     0.008    -0.004     0.011
    11.410    -0.003     0.000     0.003
    11.420    -0.012     0.003    -0.002
    11.430    -0.005     0.007     0.007
    11.440     0.004     0.006     0.009
    11.450     0.004     0.006     0.004
    11.460    -0.007     0.006    -0.008
    11.470    -0.010     0.004    -0.005
    11.480     0.001    -0.001    -0.002
    11.490     0.005    -0.002    -0.003
    11.500     0.003     0.000    -0.003
    11.510     0.003    -0.001    -0.003
    11.520     0.004    -0.003     0.006
    11.530     0.006    -0.005     0.007
    11.540     0.000     0.001     0.003
    11.550    -0.009    -0.001     0.000
    11.560    -0.005    -0.005     0.003
    11.570     0.002     0.001     0.003
    11.580    -0.004     0.000     0.000
    11.590    -0.016    -0.001    -0.005
    11.600    -0.009    -0.001    -0.009
    11.610     0.005     0.004     0.006
    11.620     0.003     0.004     0.004
    11.630    -0.001     0.000     0.000
    11.640    -0.001     0.002     0.003
    11.650     0.002    -0.004    -0.001
    11.660     0.003     0.000     0.006
    11.670    -0.004     0.002     0.002
    11.680    -0.003    -0.001    -0.001
    11.690     0.006     0.001     0.001
    11.700     0.007     0.003     0.005
    11.710    -0.001     0.003     0.003
    11.720    -0.003     0.003    -0.004
    11.730    -0.001     0.005     0.003
    11.740    -0.004    -0.002     0.004
    11.750    -0.003    -0.007     0.002
    11.760    -0.007    -0.008    -0.001
    11.770    -0.010    -0.004     0.002
    11.780    -0.001    -0.001     0.002
    11.790    -0.003    -0.004    -0.004
    11.800     0.000     0.002     0.002
    11.810     0.009     0.008     0.004
    11.820     0.003     0.004    -0.001
    11.830     0.000     0.003     0.003
    11.840    -0.004     0.001     0.007
    11.850    -0.005    -0.002     0.006
    11.860     0.001    -0.003    -0.003
    11.870     0.002    -0.001    -0.002
    11.880     0.001     0.001     0.004
    11.890    -0.004    -0.004    -0.004
    11.900     0.002    -0.002    -0.005
    11.910     0.002     0.000     0.000
    11.920    -0.002    -0.004     0.003
    11.930     0.003    -0.001     0.004
    11.940     0.005     0.003     0.005
    11.950     0.007     0.002     0.001
    11.960    -0.001     0.004    -0.004
    11.970    -0.002     0.008     0.003
    11.980     0.003     0.004     0.004
    11.990    -0.005    -0.002     0.000
    12.000    -0.011    -0.002    -0.003
    12.010    -0.005    -0.002    -0.002
    12.020     0.003    -0.007    -0.002
    12.030    -0.002    -0.005    -0.004
    12.040    -0.002     0.001     0.005
    12.050     0.005     0.001     0.010
    12.060    -0.002    -0.002    -0.002
    12.070    -0.002     0.001    -0.007
    12.080     0.006     0.010     0.001
    12.090     0.005     0.002    -0.001
    12.100     0.000    -0.002    -0.003
    12.110    -0.002     0.008     0.001
    12.120     0.001    -0.001     0.005
    12.130    -0.003    -0.003     0.005
    12.140    -0.002     0.001     0.000
    12.150     0.006     0.000     0.003
    12.160     0.004     0.002     0.002
    12.170    -0.001    -0.002    -0.004
    12.180     0.002     0.004     0.000
    12.190     0.005     0.004     0.001
    12.200    -0.003     0.001    -0.001
    12.210    -0.004     0.007     0.002
    12.220     0.004     0.006     0.002
    12.230     0.002    -0.002     0.000
    12.240    -0.001    -0.005    -0.003
    12.250     0.001    -0.002    -0.001
    12.260     0.005    -0.008    -0.001
    12.270    -0.001    -0.011    -0.005
    12.280    -0.003    -0.002     0.001
    12.290     0.006     0.003     0.002
    12.300     0.001    -0.003    -0.003
    12.310    -0.005    -0.001     0.000
    12.320    -0.001     0.007     0.002
    12.330     0.000     0.005     0.003
    12.340    -0.004     0.002    -0.003
    12.350    -0.004     0.003    -0.001
    12.360     0.002     0.000     0.008
    12.370    -0.002    -0.005     0.004
    12.380    -0.004     0.001     0.002
    12.390     0.003     0.006    -0.002
    12.400     0.005    -0.005    -0.008
    12.410    -0.002    -0.002    -0.006
    12.420    -0.001     0.001    -0.002
    12.430     0.006    -0.008    -0.001
    12.440    -0.002    -0.006    -0.007
    12.450    -0.004     0.004    -0.001
    12.460     0.004     0.003     0.007
    12.470     0.002    -0.009     0.006
    12.480    -0.002     0.001     0.001
    12.490    -0.001     0.005     0.003
    12.500     0.000    -0.007     0.002
    12.510    -0.005    -0.004    -0.004
    12.520    -0.003     0.002     0.004
    12.530     0.006    -0.001     0.000
    12.540    -0.001    -0.007    -0.003
    12.550    -0.009     0.001     0.000
    12.560     0.001     0.001    -0.005
    12.570     0.002    -0.006    -0.003
    12.580    -0.004     0.005    -0.001
    12.590     0.003     0.007     0.004
    12.600     0.006    -0.002     0.006
    12.610    -0.001     0.002    -0.001
    12.620    -0.004     0.004     0.002
    12.630     0.001    -0.002     0.003
    12.640     0.003    -0.006     0.003
    12.650     0.000    -0.003     0.002
    12.660     0.005    -0.002    -0.002
    12.670     0.005    -0.008     0.000
    12.680    -0.001    -0.004    -0.002
    12.690    -0.001     0.002    -0.004
    12.700    -0.003     0.000    -0.004
    12.710    -0.006     0.000    -0.001
    12.720    -0.006     0.010     0.005
    12.730    -0.006     0.008     0.004
    12.740    -0.006     0.004     0.000
    12.750    -0.007     0.007    -0.001
    12.760     0.003     0.000    -0.003
    12.770     0.008    -0.005    -0.010
    12.780     0.007    -0.003    -0.004
    12.790     0.009    -0.001     0.000
    12.800     0.007    -0.008     0.000
    12.810     0.000    -0.009     0.002
    12.820    -0.001    -0.003     0.001
    12.830     0.002    -0.004     0.006
    12.840    -0.002    -0.008     0.005
    12.850    -0.009    -0.004     0.007
    12.860    -0.007     0.002     0.003
    12.870    -0.004    -0.001     0.000
    12.880    -0.008     0.002     0.001
    12.890    -0.003     0.005    -0.002
    12.900     0.001     0.001     0.004
    12.910    -0.005     0.002     0.000
    12.920    -0.001     0.006    -0.002
    12.930     0.004     0.007    -0.005
    12.940     0.006     0.004    -0.008
    12.950     0.007     0.003     0.000
    12.960     0.005     0.002    -0.003
    12.970     0.005    -0.004    -0.004
    12.980     0.002    -0.005    -0.001
    12.990    -0.001     0.000     0.002
    13.000     0.003    -0.006     0.003
    13.010     0.002    -0.006     0.005
    13.020    -0.001     0.003     0.009
    13.030    -0.002    -0.005     0.000
    13.040    -0.002    -0.008    -0.005
    13.050    -0.001    -0.004    -0.001
    13.060    -0.003    -0.003    -0.003
    13.070     0.000    -0.004     0.001
    13.080    -0.001    -0.005     0.003
    13.090    -0.004     0.003     0.003
    13.100    -0.001     0.007     0.000
    13.110    -0.001     0.007     0.000
    13.120     0.002     0.008     0.003
    13.130    -0.001     0.004    -0.004
    13.140    -0.001    -0.001    -0.002
    13.150     0.003     0.001    -0.001
    13.160     0.003     0.004    -0.005
    13.170     0.011    -0.006    -0.001
    13.180     0.008    -0.007     0.004
    13.190     0.001     0.003     0.005
    13.200     0.002    -0.001     0.001
    13.210     0.000    -0.009     0.002
    13.220    -0.005    -0.001     0.005
    13.230    -0.007     0.000     0.001
    13.240    -0.010    -0.010    -0.006
    13.250    -0.014    -0.004    -0.003
    13.260    -0.005     0.002    -0.003
    13.270     0.000     0.001    -0.007
    13.280     0.001     0.004    -0.001
    13.290     0.005     0.003    -0.003
    13.300     0.007     0.005    -0.006
    13.310     0.011    -0.001     0.001
    13.320     0.007     0.001     0.006
    13.330     0.000    -0.002     0.000
    13.340    -0.003    -0.010     0.002
    13.350    -0.002    -0.003     0.010
    13.360    -0.004    -0.003     0.000
    13.370    -0.005    -0.001    -0.002
    13.380    -0.002     0.002     0.003
    13.390    -0.004     0.005     0.002
    13.400     0.000     0.006    -0.003
    13.410     0.004     0.003    -0.006
    13.420     0.005     0.011     0.000
    13.430     0.007     0.000    -0.007
    13.440     0.006    -0.010    -0.007
    13.450     0.001    -0.004     0.004
    13.460    -0.002    -0.009     0.003
    13.470    -0.002    -0.009     0.003
    13.480    -0.009    -0.006     0.006
    13.490    -0.006    -0.005     0.011
    13.500    -0.007    -0.001     0.005
    13.510    -0.008     0.004    -0.007
    13.520     0.000     0.011    -0.008
    13.530     0.002     0.007    -0.008
    13.540     0.005     0.002    -0.006
    13.550     0.006     0.002    -0.001
    13.560     0.004    -0.002     0.000
    13.570     0.006    -0.005     0.000
    13.580     0.003    -0.006     0.003
    13.590    -0.001    -0.007     0.002
    13.600    -0.001    -0.005     0.000
    13.610     0.001    -0.001     0.001
    13.620    -0.003    -0.001     0.002
    13.630    -0.004     0.001     0.000
    13.640    -0.003     0.004     0.001
    13.650    -0.005     0.004     0.006
    13.660    -0.004    -0.003    -0.001
    13.670    -0.003    -0.002    -0.006
    13.680    -0.004     0.004    -0.003
    13.690    -0.001    -0.003    -0.002
    13.700     0.004    -0.001    -0.003
    13.710     0.006     0.006    -0.001
    13.720     0.002     0.004     0.007
    13.730     0.003     0.002     0.004
    13.740    -0.003    -0.005    -0.004
    13.750    -0.006    -0.005    -0.001
    13.760     0.001    -0.001    -0.001
    13.770     0.000    -0.006    -0.007
    13.780    -0.002    -0.003    -0.005
    13.790    -0.003     0.005     0.002
    13.800     0.002    -0.001     0.003
    13.810     0.003     0.000     0.002
    13.820     0.001     0.000     0.005
    13.830     0.003    -0.006     0.003
    13.840     0.001    -0.005    -0.003
    13.850    -0.003    -0.003    -0.001
    13.860    -0.006    -0.001     0.009
    13.870    -0.003     0.005     0.004
    13.880    -0.004     0.008    -0.004
    13.890    -0.004     0.005    -0.001
    13.900     0.003     0.003    -0.004
    13.910     0.004     0.000    -0.002
    13.920     0.002     0.002    -0.005
    13.930     0.003     0.000    -0.004
    13.940     0.005    -0.001    -0.002
    13.950     0.002     0.003    -0.006
    13.960     0.000     0.000     0.006
    13.970     0.003    -0.004     0.004
    13.980     0.003    -0.007     0.000
    13.990     0.000    -0.007     0.004
    14.000    -0.002    -0.006     0.002
    14.010    -0.006    -0.004     0.003
    14.020    -0.008    -0.002     0.000
    14.030    -0.003    -0.001     0.004
    14.040    -0.004     0.004     0.003
    14.050    -0.003     0.003    -0.003
    14.060     0.003     0.004    -0.003
    14.070     0.001     0.006    -0.009
    14.080     0.001     0.004    -0.007
    14.090     0.002     0.006    -0.006
    14.100     0.004     0.002    -0.005
    14.110     0.010    -0.001     0.004
    14.120     0.008    -0.003    -0.001
    14.130     0.005    -0.001     0.006
    14.140     0.006     0.002     0.006
    14.150     0.000    -0.005     0.002
    14.160    -0.006    -0.005     0.004
    14.170    -0.002    -0.002     0.000
    14.180    -0.004    -0.002     0.002
    14.190    -0.005    -0.001     0.000
    14.200    -0.001    -0.003     0.002
    14.210    -0.006     0.000    -0.003
    14.220    -0.005     0.003    -0.006
    14.230     0.001     0.005    -0.001
    14.240     0.003     0.001    -0.005
    14.250     0.001    -0.003     0.001
    14.260     0.000    -0.004    -0.001
    14.270     0.003    -0.007    -0.003
    14.280     0.003    -0.001     0.002
    14.290     0.006    -0.003     0.007
    14.300     0.007    -0.004     0.006
    14.310    -0.003     0.001     0.000
    14.320    -0.006     0.000     0.001
    14.330    -0.004    -0.003    -0.003
    14.340    -0.006    -0.001     0.000
    14.350    -0.001    -0.001     0.000
    14.360    -0.001    -0.002     0.000
    14.370    -0.005     0.001     0.002
    14.380    -0.004     0.003     0.000
    14.390     0.000     0.008     0.000
    14.400     0.003     0.007    -0.002
    14.410     0.004     0.001    -0.005
    14.420     0.008     0.001    -0.007
    14.430     0.008    -0.004    -0.004
    14.440     0.005    -0.012    -0.003
    14.450     0.000    -0.008    -0.001
    14.460    -0.004    -0.009     0.002
    14.470    -0.004    -0.009     0.000
    14.480    -0.002    -0.002     0.003
    14.490    -0.002     0.000     0.004
    14.500    -0.008     0.006     0.006
    14.510    -0.009     0.006     0.005
    14.520    -0.009     0.002    -0.003
    14.530    -0.010    -0.003    -0.005
    14.540    -0.003    -0.001    -0.002
    14.550     0.006     0.003    -0.001
    14.560     0.007     0.002    -0.005
    14.570     0.004     0.003    -0.004
    14.580     0.009     0.001     0.004
    14.590     0.011    -0.002     0.004
    14.600     0.004    -0.004     0.000
    14.610     0.000    -0.004    -0.001
    14.620    -0.001    -0.003     0.004
    14.630    -0.004    -0.013     0.000
    14.640    -0.006    -0.009    -0.002
    14.650    -0.008     0.003     0.002
    14.660    -0.006     0.005     0.000
    14.670     0.003     0.005     0.003
    14.680     0.003     0.000     0.000
    14.690    -0.002     0.001    -0.001
    14.700    -0.002     0.005     0.001
    14.710    -0.003     0.000    -0.001
    14.720     0.001     0.000    -0.001
    14.730    -0.001    -0.001    -0.002
    14.740    -0.003    -0.003    -0.003
    14.750     0.001    -0.005    -0.004
    14.760     0.004    -0.006    -0.005
    14.770     0.004    -0.004    -0.007
    14.780     0.004    -0.001    -0.002
    14.790     0.004     0.001     0.005
    14.800     0.003    -0.001     0.007
    14.810     0.001     0.001     0.003
    14.820    -0.003     0.008     0.000
    14.830    -0.003     0.001     0.002
    14.840    -0.004    -0.003     0.004
    14.850    -0.002     0.002     0.000
    14.860    -0.002    -0.005    -0.002
    14.870    -0.006    -0.002     0.002
    14.880     0.003     0.002    -0.001
    14.890     0.006    -0.002    -0.003
    14.900     0.004     0.000     0.000
    14.910     0.006     0.001    -0.002
    14.920     0.003     0.005    -0.004
    14.930     0.004     0.004    -0.003
    14.940     0.001    -0.002    -0.005
    14.950    -0.001    -0.005     0.000
    14.960    -0.001    -0.008     0.002
    14.970    -0.002    -0.006     0.002
    14.980    -0.001    -0.005     0.004
    14.990    -0.003    -0.004     0.006
    15.000    -0.001     0.001     0.003
    15.010     0.002     0.001     0.001
    15.020     0.000    -0.001     0.003
    15.030     0.001    -0.001    -0.001
    15.040     0.000     0.002    -0.003
    15.050    -0.003     0.000     0.001
    15.060    -0.005    -0.006     0.002
    15.070    -0.006     0.000    -0.003
    15.080     0.001     0.007    -0.004
    15.090     0.007     0.006     0.001
    15.100     0.011     0.000     0.000
    15.110     0.009     0.001    -0.003
    15.120     0.003     0.003    -0.004
    15.130     0.006    -0.005    -0.002
    15.140     0.004    -0.005    -0.001
    15.150     0.001    -0.001     0.001
    15.160     0.000    -0.003     0.006
    15.170    -0.006    -0.008     0.006
    15.180    -0.010    -0.009     0.004
    15.190    -0.005    -0.002     0.005
    15.200    -0.002     0.001     0.001
    15.210    -0.003    -0.005    -0.004
    15.220    -0.003     0.000    -0.004
    15.230    -0.004     0.006    -0.006
    15.240    -0.002     0.003    -0.004
    15.250     0.006     0.000    -0.004
    15.260     0.009     0.003    -0.002
    15.270     0.004     0.006     0.003
    15.280     0.001    -0.005     0.000
    15.290    -0.001    -0.011    -0.001
    15.300    -0.002    -0.006     0.001
    15.310     0.002    -0.005     0.002
    15.320     0.003     0.000     0.002
    15.330     0.003     0.001     0.001
    15.340     0.004     0.001     0.003
    15.350    -0.003     0.002    -0.002
    15.360    -0.011    -0.001    -0.003
    15.370    -0.007    -0.001     0.004
    15.380    -0.002     0.000     0.001
    15.390    -0.002     0.000    -0.003
    15.400    -0.001     0.002    -0.001
    15.410     0.000     0.003     0.003
    15.420     0.004     0.001     0.001
    15.430     0.003    -0.002    -0.007
    15.440    -0.001     0.000    -0.003
    15.450     0.007    -0.003     0.003
    15.460     0.010    -0.007     0.000
    15.470     0.004    -0.009    -0.004
    15.480    -0.001    -0.009     0.001
    15.490    -0.006     0.000     0.001
    15.500    -0.008     0.001    -0.005
    15.510    -0.004    -0.004    -0.002
    15.520    -0.001     0.000     0.003
    15.530    -0.001     0.001     0.005
    15.540     0.000    -0.004     0.002
    15.550    -0.002    -0.005    -0.002
    15.560    -0.002     0.002     0.001
    15.570     0.000     0.004     0.003
    15.580     0.003     0.002    -0.003
    15.590     0.004     0.004    -0.003
    15.600     0.001     0.001     0.001
    15.610     0.001    -0.005    -0.003
    15.620    -0.002     0.000    -0.004
    15.630    -0.003     0.002     0.006
    15.640     0.003    -0.004     0.006
    15.650     0.002    -0.005    -0.006
    15.660     0.000    -0.004    -0.001
    15.670    -0.002     0.001     0.005
    15.680    -0.004     0.004     0.000
    15.690    -0.006     0.003    -0.003
    15.700    -0.005    -0.001     0.000
    15.710     0.000    -0.003     0.005
    15.720    -0.003    -0.008    -0.007
    15.730    -0.003    -0.009    -0.009
    15.740     0.000    -0.003    -0.002
    15.750     0.004    -0.001     0.004
    15.760     0.004     0.006     0.005
    15.770    -0.002     0.006    -0.001
    15.780     0.002     0.007     0.004
    15.790     0.003     0.003    -0.002
    15.800     0.001    -0.005    -0.006
    15.810     0.003    -0.005    -0.002
    15.820     0.000    -0.007    -0.003
    15.830    -0.004    -0.005     0.000
    15.840    -0.002    -0.003     0.003
    15.850     0.001     0.000     0.005
    15.860     0.001     0.002     0.005
    15.870    -0.002     0.003     0.003
    15.880    -0.001     0.004    -0.001
    15.890    -0.002     0.003    -0.001
    15.900    -0.003     0.002     0.000
    15.910    -0.002    -0.007    -0.006
    15.920    -0.003    -0.008    -0.006
    15.930    -0.001    -0.002     0.001
    15.940    -0.001    -0.004    -0.001
    15.950     0.002     0.000    -0.001
    15.960     0.004     0.002     0.004
    15.970     0.003    -0.002     0.007
    15.980     0.002    -0.001     0.003
    15.990    -0.002    -0.003    -0.001
    16.000    -0.002    -0.002    -0.003
    16.010    -0.003    -0.001    -0.007
    16.020    -0.001    -0.005     0.000
    16.030     0.003     0.002     0.003
    16.040     0.001     0.000    -0.002
    16.050     0.001    -0.003     0.005
    16.060     0.001     0.001     0.004
    16.070    -0.003    -0.003     0.002
    16.080    -0.005    -0.001     0.004
    16.090    -0.005     0.000    -0.002
    16.100    -0.004     0.002    -0.001
    16.110     0.001     0.006    -0.003
    16.120     0.003     0.004    -0.001
    16.130     0.004     0.004     0.001
    16.140     0.007    -0.002    -0.001
    16.150     0.006    -0.007    -0.005
    16.160     0.003    -0.003    -0.009
    16.170     0.002    -0.006    -0.004
    16.180    -0.003    -0.008     0.002
    16.190    -0.001    -0.006     0.006
    16.200     0.001    -0.002     0.006
    16.210    -0.001     0.000     0.006
    16.220    -0.001    -0.002     0.001
    16.230    -0.004     0.002    -0.006
    16.240    -0.004     0.002    -0.002
    16.250    -0.002     0.000    -0.001
    16.260    -0.005     0.001     0.002
    16.270    -0.004     0.004     0.002
    16.280     0.003     0.003    -0.002
    16.290     0.002    -0.002    -0.001
    16.300     0.001     0.000    -0.001
    16.310     0.003    -0.003     0.000
    16.320     0.003    -0.004     0.002
    16.330     0.001    -0.001     0.000
    16.340    -0.002    -0.001    -0.005
    16.350     0.005     0.001     0.003
    16.360     0.004    -0.001     0.000
    16.370    -0.001     0.001    -0.003
    16.380    -0.004     0.002     0.000
    16.390    -0.007    -0.001     0.000
    16.400    -0.004    -0.005     0.006
    16.410    -0.003    -0.009     0.001
    16.420    -0.006    -0.005    -0.003
    16.430    -0.004    -0.004    -0.003
    16.440     0.002    -0.004     0.000
    16.450     0.001     0.002     0.004
    16.460    -0.003     0.004    -0.001
    16.470    -0.003     0.002     0.002
    16.480     0.001     0.001     0.001
    16.490     0.006    -0.003    -0.005
    16.500     0.000    -0.005    -0.006
    16.510    -0.003    -0.001     0.000
    16.520    -0.004    -0.002     0.004
    16.530    -0.004     0.000     0.001
    16.540    -0.002     0.007     0.003
    16.550     0.003     0.011     0.000
    16.560     0.008     0.007    -0.005
    16.570     0.003     0.001    -0.002
    16.580     0.004    -0.006    -0.002
    16.590     0.002    -0.008    -0.003
    16.600     0.000    -0.007     0.002
    16.610    -0.003    -0.011     0.005
    16.620    -0.003    -0.009     0.009
    16.630    -0.001    -0.002     0.010
    16.640    -0.007     0.002     0.000
    16.650    -0.004     0.007     0.002
    16.660    -0.003     0.005     0.000
    16.670    -0.004     0.003    -0.009
    16.680    -0.006     0.004    -0.004
    16.690    -0.005     0.002    -0.009
    16.700     0.000     0.001    -0.006
    16.710     0.004    -0.002    -0.003
    16.720     0.009    -0.001    -0.002
    16.730     0.006    -0.003     0.006
    16.740     0.003    -0.005     0.005
    16.750     0.003    -0.004     0.002
    16.760     0.001    -0.007     0.001
    16.770     0.002    -0.004     0.004
    16.780     0.000    -0.001     0.001
    16.790    -0.004     0.001    -0.004
    16.800    -0.005     0.005    -0.002
    16.810    -0.007     0.002    -0.001
    16.820    -0.005    -0.002     0.000
    16.830     0.001     0.002     0.004
    16.840     0.001     0.002     0.003
    16.850     0.000    -0.002     0.002
    16.860     0.002     0.003     0.001
    16.870     0.004     0.003    -0.007
    16.880     0.003     0.000    -0.006
    16.890     0.001     0.001    -0.001
    16.900     0.002    -0.003    -0.004
    16.910     0.001    -0.005     0.000
    16.920     0.004    -0.007     0.000
    16.930     0.003    -0.003     0.000
    16.940    -0.002    -0.004     0.003
    16.950    -0.003    -0.005     0.003
    16.960    -0.006     0.003     0.002
    16.970    -0.006     0.003     0.000
    16.980    -0.003     0.002    -0.002
    16.990    -0.001     0.004    -0.004
    17.000    -0.001     0.003     0.000
    17.010     0.006     0.001    -0.004
    17.020     0.005     0.002    -0.006
    17.030    -0.002     0.002     0.000
    17.040     0.003    -0.002    -0.003
    17.050     0.002    -0.003     0.001
    17.060    -0.003    -0.010     0.005
    17.070    -0.002    -0.004     0.003
    17.080    -0.004    -0.001    -0.001
    17.090    -0.002    -0.002     0.001
    17.100     0.001     0.000     0.000
    17.110    -0.003     0.000    -0.004
    17.120    -0.005     0.006    -0.001
    17.130    -0.005     0.003    -0.005
    17.140    -0.002    -0.001    -0.004
    17.150     0.001     0.001    -0.002
    17.160    -0.002     0.001    -0.001
    17.170    -0.001    -0.001     0.000
    17.180     0.004     0.000    -0.002
    17.190     0.006    -0.002    -0.001
    17.200     0.006    -0.003    -0.001
    17.210     0.006     0.003     0.001
    17.220     0.003     0.001    -0.001
    17.230    -0.002    -0.001    -0.001
    17.240    -0.001    -0.002    -0.001
    17.250    -0.001     0.002     0.001
    17.260    -0.003     0.002     0.001
    17.270    -0.005     0.000    -0.002
    17.280    -0.007     0.004     0.002
    17.290    -0.005     0.001    -0.001
    17.300    -0.005     0.002    -0.001
    17.310    -0.003     0.006     0.000
    17.320     0.003     0.006     0.000
    17.330     0.004     0.006     0.001
    17.340     0.004     0.002    -0.002
    17.350     0.004    -0.001     0.002
    17.360     0.003    -0.007    -0.002
    17.370     0.000    -0.007    -0.004
    17.380    -0.004    -0.010     0.001
    17.390     0.000    -0.005    -0.003
    17.400     0.000     0.002    -0.003
    17.410    -0.002    -0.006     0.002
    17.420    -0.001     0.003     0.004
    17.430    -0.004     0.005     0.002
    17.440    -0.005     0.001    -0.004
    17.450    -0.007     0.001    -0.006
    17.460    -0.001    -0.003    -0.003
    17.470     0.001     0.002     0.000
    17.480     0.000     0.001    -0.001
    17.490     0.004    -0.002     0.002
    17.500     0.005     0.002     0.000
    17.510     0.000    -0.001    -0.004
    17.520    -0.002     0.000    -0.002
    17.530     0.000     0.002     0.002
    17.540    -0.001    -0.002     0.006
    17.550     0.001    -0.003    -0.002
    17.560     0.000     0.000    -0.006
    17.570    -0.003    -0.002    -0.002
    17.580     0.004     0.001    -0.001
    17.590     0.004     0.000     0.002
    17.600    -0.001    -0.004    -0.002
    17.610    -0.002     0.005     0.000
    17.620    -0.003    -0.005     0.004
    17.630     0.001    -0.005    -0.002
    17.640     0.004     0.001    -0.003
    17.650    -0.001    -0.006     0.000
    17.660    -0.005     0.007    -0.002
    17.670    -0.005     0.000    -0.006
    17.680    -0.001    -0.003     0.003
    17.690     0.002     0.005     0.002
    17.700     0.000    -0.006    -0.003
    17.710    -0.001     0.000     0.001
    17.720     0.002     0.001     0.001
    17.730     0.001    -0.002    -0.001
    17.740    -0.001     0.005    -0.001
    17.750    -0.001     0.000     0.004
    17.760     0.001    -0.001    -0.003
    17.770    -0.002     0.004    -0.005
    17.780     0.000     0.001    -0.004
    17.790     0.007     0.000    -0.002
    17.800     0.008     0.002     0.006
    17.810     0.003    -0.001    -0.001
    17.820    -0.003    -0.003     0.001
    17.830    -0.002    -0.010     0.000
    17.840    -0.005    -0.006    -0.004
    17.850    -0.007     0.003     0.001
    17.860    -0.005    -0.002     0.004
    17.870    -0.004     0.001     0.004
    17.880    -0.005     0.000    -0.004
    17.890    -0.008    -0.004    -0.004
    17.900    -0.001     0.002    -0.004
    17.910     0.003     0.001    -0.006
    17.920     0.003    -0.002    -0.001
    17.930     0.007     0.002     0.002
    17.940     0.002     0.002     0.005
    17.950     0.003     0.001    -0.001
    17.960     0.003     0.000    -0.002
    17.970     0.003    -0.005     0.004
    17.980     0.003    -0.004    -0.001
    17.990    -0.004    -0.005    -0.004
    18.000    -0.002     0.000    -0.001
    18.010     0.000     0.006     0.004
    18.020    -0.002    -0.005     0.005
    18.030    -0.001    -0.001     0.002
    18.040    -0.004     0.003     0.002
    18.050    -0.003    -0.005    -0.001
    18.060    -0.002     0.002    -0.002
    18.070    -0.002     0.001     0.000
    18.080     0.000    -0.002     0.002
    18.090     0.001     0.002    -0.001
    18.100     0.003    -0.002    -0.005
    18.110     0.004    -0.001    -0.002
    18.120     0.006     0.000    -0.005
    18.130     0.000    -0.005     0.000
    18.140    -0.005    -0.005     0.002
    18.150    -0.001    -0.001    -0.007
    18.160     0.000    -0.002    -0.002
    18.170     0.000     0.002     0.000
    18.180     0.003     0.003     0.000
    18.190     0.003     0.001     0.002
    18.200     0.004     0.001    -0.003
    18.210     0.001    -0.003     0.002
    18.220    -0.003    -0.002     0.001
    18.230    -0.004    -0.004     0.003
    18.240    -0.004    -0.007     0.006
    18.250    -0.006    -0.002    -0.001
    18.260    -0.005    -0.001     0.002
    18.270     0.003    -0.001    -0.004
    18.280     0.003     0.004    -0.006
    18.290    -0.001     0.004     0.004
    18.300    -0.002    -0.003    -0.003
    18.310    -0.004     0.004    -0.007
    18.320    -0.001     0.003    -0.006
    18.330     0.001    -0.007    -0.003
    18.340     0.002    -0.003     0.002
    18.350     0.000    -0.005    -0.001
    18.360    -0.003    -0.006    -0.001
    18.370    -0.001    -0.005    -0.002
    18.380    -0.002    -0.002     0.004
    18.390    -0.002     0.001     0.002
    18.400    -0.002    -0.002    -0.001
    18.410    -0.006    -0.002     0.005
    18.420    -0.009     0.001    -0.002
    18.430    -0.004     0.002    -0.003
    18.440    -0.002     0.000    -0.007
    18.450     0.003     0.002    -0.006
    18.460     0.003    -0.002    -0.002
    18.470     0.003    -0.002    -0.009
    18.480     0.006     0.000    -0.003
    18.490     0.005    -0.006    -0.002
    18.500     0.004     0.001     0.005
    18.510    -0.002    -0.001     0.005
    18.520    -0.005     0.001     0.000
    18.530    -0.004     0.001     0.006
    18.540    -0.003    -0.006    -0.002
    18.550    -0.007     0.002     0.000
    18.560    -0.007    -0.007     0.001
    18.570    -0.001     0.000     0.000
    18.580     0.000     0.002     0.001
    18.590     0.004    -0.004    -0.003
    18.600    -0.001     0.005    -0.003
    18.610    -0.001    -0.002    -0.002
    18.620     0.002     0.000    -0.001
    18.630    -0.007     0.000    -0.008
    18.640    -0.005     0.002    -0.003
    18.650     0.002    -0.001    -0.002
    18.660     0.005    -0.001     0.000
    18.670     0.002     0.003     0.000
    18.680    -0.001    -0.004    -0.005
    18.690     0.000     0.002     0.001
    18.700     0.001    -0.002    -0.001
    18.710    -0.002     0.001     0.005
    18.720    -0.001     0.002     0.007
    18.730     0.001    -0.003     0.001
    18.740    -0.002     0.000     0.001
    18.750    -0.004    -0.007    -0.004
    18.760    -0.004    -0.001     0.003
    18.770    -0.002     0.005     0.003
    18.780     0.000     0.002     0.000
    18.790     0.002     0.007     0.002
    18.800     0.002     0.010    -0.001
    18.810     0.004     0.003    -0.002
    18.820     0.005     0.005    -0.006
    18.830     0.002    -0.005    -0.008
    18.840     0.000    -0.007    -0.006
    18.850     0.000    -0.003    -0.002
    18.860    -0.002    -0.013     0.003
    18.870    -0.004     0.001     0.004
    18.880    -0.002     0.002     0.002
    18.890    -0.003    -0.003     0.000
    18.900    -0.005     0.001     0.005
    18.910    -0.004    -0.002     0.004
    18.920    -0.005     0.005     0.000
    18.930    -0.004     0.001    -0.003
    18.940     0.000     0.000    -0.004
    18.950    -0.003     0.002    -0.001
    18.960    -0.002     0.002    -0.004
    18.970     0.005     0.002    -0.004
    18.980     0.005     0.000     0.001
    18.990     0.001     0.001    -0.002
    19.000    -0.002    -0.001    -0.004
    19.010    -0.002    -0.002    -0.006
    19.020    -0.004    -0.003     0.000
    19.030    -0.004     0.001     0.010
    19.040    -0.001     0.002     0.001
    19.050     0.003    -0.003     0.003
    19.060     0.000    -0.006     0.001
    19.070    -0.007    -0.005    -0.005
    19.080    -0.008    -0.003    -0.003
    19.090    -0.008     0.001    -0.002
    19.100    -0.004     0.004     0.007
    19.110     0.000    -0.004     0.002
    19.120    -0.001     0.004    -0.002
    19.130    -0.001     0.005    -0.001
    19.140     0.001    -0.001    -0.007
    19.150    -0.001     0.006    -0.002
    19.160     0.000    -0.001    -0.005
    19.170     0.002     0.001    -0.001
    19.180     0.003     0.001     0.000
    19.190     0.007    -0.007    -0.003
    19.200     0.005    -0.006     0.002
    19.210    -0.004    -0.002    -0.002
    19.220    -0.006    -0.002     0.004
    19.230    -0.006    -0.003     0.003
    19.240    -0.006     0.002     0.001
    19.250    -0.002     0.003     0.006
    19.260    -0.003     0.000     0.003
    19.270    -0.006    -0.005     0.000
    19.280    -0.005    -0.002    -0.009
    19.290    -0.004     0.003    -0.006
    19.300     0.003     0.006     0.003
    19.310     0.002     0.003     0.004
    19.320    -0.001     0.002     0.000
    19.330     0.003    -0.001    -0.009
    19.340     0.001    -0.003    -0.010
    19.350     0.001    -0.001    -0.007
    19.360     0.001    -0.004     0.005
    19.370    -0.003    -0.003     0.008
    19.380    -0.003    -0.009     0.006
    19.390    -0.003    -0.006     0.008
    19.400    -0.004    -0.002    -0.004
    19.410    -0.007    -0.004    -0.005
    19.420    -0.007     0.000     0.003
    19.430    -0.008     0.001     0.003
    19.440    -0.011     0.005     0.000
    19.450    -0.003     0.003    -0.002
    19.460     0.004     0.007    -0.004
    19.470     0.004     0.007    -0.005
    19.480     0.005     0.003    -0.008
    19.490     0.005     0.003    -0.007
    19.500     0.005    -0.002    -0.001
    19.510     0.008    -0.007    -0.002
    19.520     0.006    -0.012     0.005
    19.530     0.002    -0.010     0.005
    19.540    -0.007    -0.015    -0.003
    19.550    -0.017    -0.005     0.003
    19.560    -0.014     0.006     0.005
    19.570    -0.011     0.003     0.008
    19.580    -0.011     0.011     0.012
    19.590    -0.006     0.005    -0.001
    19.600    -0.003     0.003    -0.011
    19.610     0.002     0.001    -0.014
    19.620     0.005    -0.003    -0.010
    19.630     0.007     0.001    -0.002
    19.640     0.010    -0.006    -0.002
    19.650     0.007    -0.003    -0.002
    19.660     0.005    -0.001     0.004
    19.670     0.002    -0.003     0.009
    19.680    -0.002    -0.003     0.006
    19.690    -0.007    -0.002     0.000
    19.700    -0.014     0.002    -0.003
    19.710    -0.007     0.002    -0.004
    19.720    -0.002     0.003    -0.002
    19.730     0.001     0.000    -0.001
    19.740     0.004    -0.001     0.000
    19.750    -0.004    -0.003    -0.001
    19.760    -0.002    -0.006    -0.003
    19.770     0.003    -0.001     0.001
    19.780    -0.003    -0.005     0.006
    19.790    -0.008     0.000     0.004
    19.800    -0.007     0.002     0.001
    19.810    -0.007    -0.001    -0.003
    19.820    -0.004     0.006    -0.003
    19.830     0.003     0.001    -0.003
    19.840     0.002     0.002    -0.003
    19.850     0.005     0.006    -0.005
    19.860     0.004    -0.003    -0.009
    19.870     0.000    -0.004    -0.001
    19.880     0.003    -0.008     0.002
    19.890     0.001    -0.012     0.000
    19.900    -0.001    -0.005     0.004
    19.910    -0.006    -0.003     0.002
    19.920    -0.007     0.001     0.002
    19.930    -0.006     0.002     0.006
    19.940    -0.003     0.000     0.004
    19.950     0.000     0.005     0.002
    19.960    -0.002     0.003    -0.004
    19.970     0.000     0.001    -0.010
    19.980     0.002     0.004    -0.005
    19.990     0.001    -0.001    -0.004
    20.000     0.002    -0.003    -0.004
    20.010     0.003    -0.002    -0.001
    20.020     0.000    -0.006    -0.002
    20.030    -0.001    -0.005     0.003
    20.040     0.000    -0.004     0.007
    20.050     0.001    -0.002     0.005
    20.060     0.000     0.004     0.004
    20.070    -0.007     0.001     0.000
    20.080    -0.009     0.000     0.000
    20.090    -0.004    -0.004     0.005
    20.100    -0.003    -0.012    -0.002
    20.110    -0.005    -0.002    -0.006
    20.120    -0.002     0.002    -0.006
    20.130    -0.001    -0.002    -0.001
    20.140     0.002     0.001     0.000
    20.150     0.003     0.001    -0.011
    20.160     0.003     0.004    -0.003
    20.170     0.006     0.005     0.001
    20.180     0.003     0.001     0.005
    20.190     0.001    -0.004     0.007
    20.200    -0.005    -0.007     0.003
    20.210    -0.004    -0.006     0.001
    20.220    -0.001    -0.005    -0.004
    20.230    -0.003    -0.005    -0.002
    20.240    -0.002    -0.003     0.004
    20.250    -0.007     0.000     0.004
    20.260    -0.007     0.002     0.002
    20.270    -0.002     0.006    -0.001
    20.280    -0.001     0.003    -0.002
    20.290    -0.003    -0.002     0.004
    20.300    -0.004     0.000     0.001
    20.310     0.003     0.004    -0.008
    20.320     0.006     0.000    -0.009
    20.330     0.006     0.001    -0.005
    20.340     0.002     0.001     0.002
    20.350     0.000    -0.011     0.003
    20.360     0.001    -0.010     0.002
    20.370    -0.006    -0.009     0.003
    20.380    -0.002    -0.007     0.002
    20.390    -0.002     0.001     0.003
    20.400    -0.007     0.001     0.003
    20.410    -0.008     0.006     0.003
    20.420    -0.007     0.009     0.000
    20.430    -0.003     0.011    -0.007
    20.440    -0.001     0.006    -0.006
    20.450    -0.001    -0.004     0.001
    20.460     0.002    -0.007     0.004
    20.470     0.004    -0.005    -0.002
    20.480     0.005    -0.001    -0.003
    20.490     0.007     0.000     0.004
    20.500     0.005    -0.007     0.004
    20.510     0.002    -0.005     0.001
    20.520     0.003    -0.002    -0.001
    20.530    -0.005    -0.008    -0.001
    20.540    -0.012    -0.004    -0.002
    20.550    -0.009     0.001     0.004
    20.560    -0.009    -0.004     0.007
    20.570    -0.008     0.001     0.002
    20.580    -0.004     0.011    -0.002
    20.590     0.002     0.007    -0.008
    20.600     0.004     0.002     0.001
    20.610     0.000     0.004     0.005
    20.620     0.001    -0.006     0.001
    20.630     0.003    -0.008     0.001
    20.640     0.004    -0.006    -0.001
    20.650     0.002    -0.006     0.004
    20.660    -0.001     0.001     0.004
    20.670     0.002    -0.002     0.002
    20.680     0.004     0.002     0.001
    20.690     0.000     0.005     0.001
    20.700    -0.004    -0.002    -0.004
    20.710    -0.001     0.001    -0.004
    20.720    -0.004    -0.002    -0.002
    20.730    -0.005    -0.003     0.003
    20.740    -0.002    -0.001     0.003
    20.750    -0.004    -0.001    -0.001
    20.760    -0.001    -0.001     0.001
    20.770    -0.004    -0.002     0.000
    20.780    -0.002     0.000     0.006
    20.790     0.001    -0.004     0.001
    20.800    -0.003    -0.002    -0.005
    20.810    -0.006     0.004    -0.002
    20.820    -0.004    -0.001     0.003
    20.830     0.002    -0.006     0.008
    20.840     0.000    -0.001     0.002
    20.850     0.004     0.000    -0.002
    20.860     0.007    -0.002    -0.007
    20.870     0.002     0.000    -0.006
    20.880     0.000    -0.007     0.000
    20.890    -0.004    -0.008     0.001
    20.900    -0.001    -0.006     0.003
    20.910    -0.001    -0.007     0.006
    20.920    -0.008     0.003     0.002
    20.930    -0.005     0.003    -0.001
    20.940    -0.003     0.003     0.003
    20.950     0.000     0.007     0.001
    20.960     0.000     0.002    -0.002
    20.970    -0.001    -0.003    -0.001
    20.980     0.002    -0.005    -0.001
    20.990    -0.004    -0.006    -0.003
    21.000    -0.006    -0.007    -0.001
    21.010    -0.002     0.001     0.001
    21.020     0.003     0.002     0.001
    21.030     0.002    -0.004    -0.001
    21.040    -0.002    -0.001    -0.002
    21.050     0.003     0.001    -0.004
    21.060     0.002    -0.002    -0.003
    21.070    -0.002    -0.003     0.003
    21.080    -0.003     0.002     0.002
    21.090     0.000     0.002     0.003
    21.100     0.005    -0.005     0.005
    21.110     0.006    -0.006     0.001
    21.120     0.002    -0.006    -0.002
    21.130    -0.003    -0.001    -0.003
    21.140    -0.005    -0.006     0.002
    21.150    -0.007    -0.005     0.004
    21.160    -0.008     0.003     0.004
    21.170    -0.004     0.004     0.000
    21.180    -0.003     0.002    -0.006
    21.190    -0.004     0.001    -0.002
    21.200     0.000     0.010    -0.002
    21.210     0.007     0.005    -0.006
    21.220     0.009    -0.002    -0.004
    21.230     0.011    -0.003    -0.003
    21.240     0.009    -0.009    -0.002
    21.250     0.000    -0.008    -0.003
    21.260    -0.005    -0.013     0.001
    21.270    -0.003    -0.012     0.013
    21.280    -0.002    -0.006     0.011
    21.290    -0.005    -0.002     0.004
    21.300    -0.009     0.002    -0.003
    21.310    -0.010     0.001    -0.004
    21.320    -0.009     0.004    -0.001
    21.330    -0.008     0.002    -0.001
    21.340    -0.007     0.005     0.000
    21.350    -0.004     0.003    -0.003
    21.360    -0.002     0.000     0.001
    21.370     0.007     0.006     0.004
    21.380     0.013    -0.001    -0.003
    21.390     0.011    -0.002    -0.007
    21.400     0.007    -0.002    -0.011
    21.410     0.001    -0.008    -0.006
    21.420    -0.003    -0.005     0.002
    21.430    -0.005    -0.009     0.006
    21.440     0.001    -0.007     0.009
    21.450     0.001    -0.004     0.004
    21.460    -0.004    -0.002     0.002
    21.470    -0.005     0.004     0.002
    21.480    -0.004     0.004     0.000
    21.490    -0.004    -0.001     0.003
    21.500    -0.007    -0.003     0.003
    21.510    -0.006     0.002    -0.003
    21.520    -0.007     0.000    -0.005
    21.530    -0.007    -0.008     0.000
    21.540     0.002    -0.006    -0.002
    21.550     0.007     0.002    -0.004
    21.560     0.008     0.008    -0.002
    21.570     0.004     0.007    -0.005
    21.580     0.001     0.002    -0.003
    21.590     0.006    -0.006    -0.002
    21.600     0.003    -0.013     0.001
    21.610    -0.001    -0.011     0.007
    21.620     0.000    -0.006     0.005
    21.630    -0.004    -0.001     0.004
    21.640    -0.006     0.000     0.005
    21.650    -0.004    -0.001     0.008
    21.660    -0.004     0.004     0.006
    21.670    -0.004     0.003    -0.002
    21.680    -0.007     0.001    -0.003
    21.690    -0.010     0.001     0.001
    21.700    -0.009     0.000     0.002
    21.710    -0.001     0.001    -0.002
    21.720     0.005     0.004    -0.009
    21.730     0.007     0.005    -0.006
    21.740     0.009     0.003    -0.002
    21.750     0.009    -0.004    -0.007
    21.760     0.004    -0.011    -0.006
    21.770    -0.002    -0.010    -0.004
    21.780     0.000    -0.010     0.002
    21.790     0.000    -0.007     0.007
    21.800    -0.007    -0.007     0.007
    21.810    -0.007    -0.004     0.012
    21.820    -0.006     0.003     0.006
    21.830    -0.004     0.002    -0.005
    21.840    -0.006    -0.001    -0.005
    21.850    -0.008    -0.001    -0.001
    21.860    -0.008    -0.002     0.001
    21.870    -0.007    -0.002    -0.001
    21.880     0.003     0.005     0.003
    21.890     0.006     0.014     0.004
    21.900     0.005     0.013    -0.003
    21.910     0.007     0.003    -0.008
    21.920     0.007    -0.004    -0.007
    21.930     0.007    -0.005     0.000
    21.940     0.004    -0.008    -0.003
    21.950     0.002    -0.012     0.000
    21.960    -0.002    -0.009     0.009
    21.970    -0.002    -0.006     0.008
    21.980    -0.003    -0.003     0.004
    21.990    -0.007     0.003     0.005
    22.000    -0.006     0.003     0.006
    22.010    -0.010     0.004     0.000
    22.020    -0.009    -0.002    -0.003
    22.030    -0.008    -0.004     0.000
    22.040    -0.004     0.005     0.000
    22.050     0.001     0.000    -0.005
    22.060     0.004     0.002    -0.007
    22.070     0.012     0.009    -0.006
    22.080     0.011     0.005    -0.007
    22.090     0.009     0.001    -0.005
    22.100     0.007    -0.007    -0.001
    22.110     0.001    -0.012     0.003
    22.120    -0.005    -0.015     0.002
    22.130    -0.006    -0.017     0.004
    22.140    -0.004    -0.011     0.005
    22.150    -0.001     0.003     0.004
    22.160     0.000     0.007     0.009
    22.170    -0.004     0.008     0.010
    22.180    -0.007     0.005     0.003
    22.190    -0.013    -0.004    -0.004
    22.200    -0.011    -0.006    -0.005
    22.210    -0.004    -0.007    -0.005
    22.220    -0.003    -0.004    -0.004
    22.230     0.000     0.006    -0.007
    22.240     0.003     0.009    -0.009
    22.250     0.010     0.008    -0.005
    22.260     0.015     0.002    -0.003
    22.270     0.009    -0.004    -0.002
    22.280     0.005    -0.011    -0.001
    22.290    -0.003    -0.017     0.003
    22.300    -0.005    -0.013     0.003
    22.310    -0.007    -0.010     0.001
    22.320    -0.008    -0.001     0.008
    22.330    -0.004     0.007     0.011
    22.340    -0.006     0.008     0.010
    22.350    -0.006     0.006     0.005
    22.360    -0.007    -0.003    -0.002
    22.370    -0.007    -0.006    -0.005
    22.380    -0.003    -0.001    -0.003
    22.390     0.001    -0.001    -0.006
    22.400     0.001     0.007    -0.007
    22.410     0.007     0.006    -0.002
    22.420     0.012     0.000    -0.007
    22.430     0.007     0.002    -0.005
    22.440     0.009    -0.004     0.001
    22.450     0.004    -0.009     0.002
    22.460    -0.002    -0.010     0.007
    22.470    -0.003    -0.015    -0.001
    22.480    -0.007    -0.009    -0.002
    22.490    -0.007     0.001     0.003
    22.500    -0.009     0.002     0.004
    22.510    -0.011     0.000     0.005
    22.520    -0.010    -0.002     0.001
    22.530    -0.004    -0.006     0.003
    22.540     0.001    -0.004    -0.001
    22.550     0.001    -0.001    -0.004
    22.560    -0.005     0.003     0.000
    22.570    -0.009     0.011    -0.004
    22.580     0.003     0.012    -0.004
    22.590     0.014     0.004    -0.003
    22.600     0.018     0.001    -0.002
    22.610     0.013    -0.002     0.000
    22.620     0.005    -0.008     0.000
    22.630     0.002    -0.014    -0.001
    22.640    -0.005    -0.012     0.000
    22.650    -0.007    -0.008     0.003
    22.660    -0.007    -0.006     0.004
    22.670    -0.007     0.002     0.006
    22.680    -0.008     0.009     0.007
    22.690    -0.010     0.009     0.003
    22.700    -0.007     0.005     0.001
    22.710    -0.004    -0.001     0.000
    22.720    -0.001    -0.004     0.000
    22.730     0.003     0.000    -0.005
    22.740     0.007     0.001    -0.011
    22.750     0.010     0.004    -0.010
    22.760     0.010    -0.003    -0.008
    22.770     0.004    -0.012    -0.003
    22.780    -0.005    -0.008     0.006
    22.790     0.000    -0.010     0.008
    22.800     0.002    -0.011     0.006
    22.810    -0.003    -0.003     0.005
    22.820    -0.006     0.001     0.001
    22.830    -0.010     0.003     0.001
    22.840    -0.009     0.011    -0.001
    22.850    -0.005     0.011    -0.008
    22.860    -0.002     0.002     0.004
    22.870     0.004    -0.001     0.007
    22.880     0.006    -0.010    -0.003
    22.890    -0.003    -0.016    -0.006
    22.900    -0.010    -0.006    -0.007
    22.910    -0.004     0.000    -0.003
    22.920     0.002     0.005    -0.002
    22.930     0.003     0.009     0.001
    22.940     0.006     0.006     0.001
    22.950     0.007     0.001     0.000
    22.960     0.005    -0.007     0.000
    22.970    -0.004    -0.012    -0.003
    22.980    -0.005    -0.010    -0.001
    22.990    -0.003    -0.009    -0.003
    23.000    -0.008    -0.004     0.001
    23.010    -0.005     0.002     0.010
    23.020    -0.004     0.001     0.012
    23.030    -0.006     0.000     0.008
    23.040    -0.006     0.000     0.002
    23.050    -0.006     0.003    -0.002
    23.060     0.000     0.004    -0.004
    23.070     0.001     0.001    -0.013
    23.080     0.009    -0.001    -0.009
    23.090     0.013     0.002    -0.004
    23.100     0.006     0.002    -0.006
    23.110     0.006     0.002    -0.002
    23.120     0.005    -0.002     0.004
    23.130     0.003    -0.007     0.010
    23.140    -0.002    -0.008     0.006
    23.150    -0.009    -0.012     0.004
    23.160    -0.004    -0.010     0.001
    23.170    -0.002     0.000    -0.002
    23.180    -0.007     0.007    -0.001
    23.190    -0.009     0.009     0.005
    23.200    -0.011    -0.001     0.002
    23.210    -0.008    -0.005     0.001
    23.220    -0.003     0.000    -0.001
    23.230     0.005    -0.002    -0.003
    23.240     0.006     0.002     0.000
    23.250     0.001    -0.001    -0.008
    23.260    -0.006     0.002    -0.004
    23.270    -0.005    -0.001    -0.002
    23.280     0.006    -0.007     0.003
    23.290     0.009    -0.009    -0.003
    23.300     0.007    -0.015    -0.005
    23.310     0.004    -0.009    -0.002
    23.320     0.000    -0.008    -0.005
    23.330    -0.010     0.001    -0.002
    23.340    -0.007     0.004     0.007
    23.350    -0.006     0.006     0.015
    23.360    -0.007     0.009     0.010
    23.370    -0.009     0.007     0.009
    23.380    -0.006     0.004    -0.005
    23.390     0.003     0.001    -0.006
    23.400     0.001     0.002    -0.009
    23.410     0.005    -0.004    -0.012
    23.420     0.004    -0.001    -0.003
    23.430     0.012    -0.004    -0.013
    23.440     0.010    -0.007    -0.007
    23.450     0.000    -0.005     0.001
    23.460    -0.002    -0.003     0.013
    23.470    -0.006    -0.004     0.005
    23.480    -0.001    -0.014     0.002
    23.490    -0.004     0.000     0.004
    23.500    -0.003     0.003    -0.004
    23.510    -0.010     0.004     0.002
    23.520    -0.007     0.001    -0.005
    23.530    -0.005     0.001     0.004
    23.540    -0.008     0.001    -0.001
    23.550     0.009    -0.012     0.000
    23.560     0.006    -0.002    -0.001
    23.570     0.008     0.003    -0.007
    23.580    -0.001     0.006     0.001
    23.590    -0.008     0.005    -0.010
    23.600    -0.003     0.005     0.004
    23.610     0.003     0.002    -0.004
    23.620     0.010    -0.002     0.002
    23.630     0.000    -0.001     0.004
    23.640     0.005    -0.009    -0.002
    23.650     0.000    -0.007     0.002
    23.660     0.000    -0.012    -0.008
    23.670    -0.004    -0.006     0.008
    23.680    -0.009     0.000     0.004
    23.690    -0.003    -0.003     0.009
    23.700    -0.009     0.001    -0.001
    23.710    -0.001     0.003    -0.001
    23.720    -0.006     0.012     0.005
    23.730    -0.001     0.006    -0.008
    23.740    -0.003     0.002     0.000
    23.750    -0.007    -0.004    -0.014
    23.760     0.008    -0.005    -0.002
    23.770     0.009    -0.007    -0.004
    23.780     0.015    -0.006    -0.002
    23.790     0.004    -0.001     0.006
    23.800     0.004    -0.004     0.001
    23.810     0.001     0.002     0.006
    23.820    -0.008    -0.010    -0.003
    23.830    -0.010     0.001     0.011
    23.840    -0.012     0.011     0.003
    23.850    -0.005     0.005    -0.002
    23.860    -0.011     0.006    -0.005
    23.870     0.004    -0.002    -0.006
    23.880     0.003     0.007     0.000
    23.890     0.007     0.000    -0.008
    23.900     0.011    -0.007     0.002
    23.910     0.008    -0.006    -0.007
    23.920     0.007    -0.006    -0.003
    23.930    -0.002    -0.003     0.002
    23.940     0.002    -0.004     0.008
    23.950    -0.008    -0.004     0.007
    23.960    -0.005    -0.004     0.000
    23.970    -0.006     0.002     0.004
    23.980    -0.002     0.002     0.000
    23.990     0.000     0.006     0.000
    24.000    -0.005     0.004    -0.009
    24.010     0.002    -0.002    -0.003
    24.020    -0.004     0.001     0.001
    24.030    -0.002    -0.002     0.001
    24.040    -0.001    -0.001     0.003
    24.050     0.004    -0.002     0.001
    24.060     0.005    -0.006     0.005
    24.070    -0.002    -0.007    -0.006
    24.080    -0.006    -0.003    -0.004
    24.090    -0.007    -0.002     0.000
    24.100     0.005     0.001     0.004
    24.110     0.000     0.002     0.004
    24.120     0.000    -0.003     0.000
    24.130     0.003    -0.001     0.006
    24.140     0.001     0.002    -0.002
    24.150     0.000    -0.003    -0.004
    24.160    -0.007    -0.003    -0.006
    24.170     0.000     0.002     0.001
    24.180     0.000    -0.001     0.001
    24.190     0.003    -0.002    -0.006
    24.200     0.004    -0.003     0.000
    24.210    -0.002     0.000     0.001
    24.220    -0.003    -0.002     0.007
    24.230    -0.004    -0.003    -0.001
    24.240     0.001     0.005    -0.004
    24.250     0.002     0.002    -0.004
    24.260     0.002     0.001     0.000
    24.270     0.001     0.003     0.002
    24.280     0.003     0.002    -0.006
    24.290    -0.002     0.002    -0.001
    24.300    -0.004    -0.001     0.000
    24.310     0.001     0.000     0.003
    24.320     0.005    -0.004     0.008
    24.330     0.004    -0.008     0.003
    24.340    -0.006    -0.008     0.001
    24.350    -0.005    -0.006     0.008
    24.360    -0.002     0.000     0.007
    24.370    -0.002     0.000    -0.003
    24.380    -0.004     0.002    -0.006
    24.390    -0.006     0.002    -0.005
    24.400    -0.003     0.004    -0.008
    24.410     0.002     0.003    -0.007
    24.420     0.006     0.000    -0.003
    24.430     0.005     0.000     0.004
    24.440     0.001    -0.001     0.006
    24.450     0.001    -0.007    -0.005
    24.460     0.001    -0.008    -0.001
    24.470     0.002    -0.001     0.004
    24.480     0.003    -0.004     0.002
    24.490    -0.003    -0.004     0.001
    24.500    -0.005    -0.004     0.003
    24.510    -0.006    -0.002     0.003
    24.520    -0.004     0.005     0.001
    24.530     0.003     0.005    -0.003
    24.540     0.003     0.008     0.002
    24.550     0.006     0.006     0.000
    24.560     0.009     0.005    -0.013
    24.570     0.005     0.001    -0.009
    24.580    -0.002    -0.008     0.003
    24.590    -0.002    -0.008     0.011
    24.600    -0.003    -0.009     0.010
    24.610    -0.003    -0.005     0.006
    24.620     0.002     0.000     0.002
    24.630    -0.005     0.002    -0.001
    24.640    -0.004     0.008     0.006
    24.650    -0.002     0.005     0.000
    24.660    -0.002     0.005    -0.012
    24.670     0.007     0.001    -0.017
    24.680     0.004    -0.006    -0.009
    24.690    -0.002    -0.005     0.002
    24.700     0.003    -0.012     0.004
    24.710     0.004    -0.005     0.003
    24.720     0.004    -0.002    -0.002
    24.730     0.000    -0.001     0.002
    24.740    -0.003     0.002     0.006
    24.750     0.000    -0.002     0.005
    24.760    -0.002     0.002     0.002
    24.770    -0.004     0.001     0.001
    24.780     0.000     0.006     0.000
    24.790     0.003     0.005    -0.003
    24.800     0.003    -0.001    -0.004
    24.810     0.002     0.004    -0.003
    24.820     0.000     0.000     0.000
    24.830     0.000    -0.005     0.001
    24.840    -0.001    -0.010     0.002
    24.850    -0.006    -0.014    -0.001
    24.860    -0.007    -0.002     0.001
    24.870    -0.007     0.005     0.007
    24.880    -0.003     0.004    -0.001
    24.890     0.001     0.005    -0.002
    24.900     0.007     0.009    -0.004
    24.910     0.008     0.002    -0.010
    24.920     0.000    -0.005    -0.003
    24.930     0.002    -0.003     0.001
    24.940     0.006    -0.005     0.001
    24.950     0.007    -0.009     0.000
    24.960     0.000    -0.014     0.001
    24.970    -0.008    -0.004     0.009
    24.980    -0.011     0.004     0.013
    24.990    -0.007    -0.001     0.010
    25.000    -0.002    -0.002    -0.003
    25.010    -0.005     0.002    -0.003
    25.020     0.000     0.010     0.001
    25.030     0.007     0.011    -0.001
    25.040     0.003     0.010    -0.004
    25.050    -0.001     0.004    -0.011
    25.060     0.001    -0.001    -0.005
    25.070     0.005    -0.004     0.000
    25.080     0.007    -0.010     0.006
    25.090     0.008    -0.009     0.005
    25.100     0.005    -0.006     0.001
    25.110    -0.003    -0.006     0.008
    25.120    -0.006    -0.007     0.007
    25.130    -0.005    -0.001     0.004
    25.140    -0.006     0.005     0.002
    25.150    -0.008     0.004    -0.004
    25.160    -0.008     0.002    -0.002
    25.170    -0.008     0.002     0.002
    25.180    -0.003     0.002    -0.005
    25.190     0.002     0.003    -0.007
    25.200    -0.001     0.006    -0.010
    25.210     0.001     0.010     0.000
    25.220     0.010     0.002    -0.002
    25.230     0.011    -0.005    -0.004
    25.240     0.010    -0.004     0.007
    25.250     0.009    -0.009     0.005
    25.260    -0.001    -0.007     0.007
    25.270     0.000    -0.007     0.003
    25.280     0.000     0.002     0.005
    25.290    -0.003    -0.002    -0.004
    25.300    -0.010    -0.001     0.001
    25.310    -0.011    -0.002    -0.004
    25.320    -0.003    -0.002    -0.006
    25.330    -0.007     0.005    -0.005
    25.340     0.000     0.002     0.001
    25.350    -0.007     0.008     0.006
    25.360     0.001    -0.002     0.000
    25.370     0.003     0.008     0.006
    25.380     0.008    -0.001    -0.011
    25.390     0.006     0.002     0.004
    25.400     0.001     0.003     0.003
    25.410     0.007    -0.009     0.005
    25.420    -0.004    -0.008    -0.007
    25.430    -0.001    -0.011    -0.012
    25.440    -0.007    -0.002     0.005
    25.450     0.000    -0.007     0.001
    25.460    -0.003     0.003     0.013
    25.470    -0.004     0.003    -0.003
    25.480    -0.009     0.012     0.005
    25.490    -0.007     0.000     0.002
    25.500     0.000    -0.001     0.001
    25.510    -0.003     0.002    -0.004
    25.520     0.010    -0.001    -0.006
    25.530    -0.001     0.015    -0.001
    25.540     0.009    -0.001    -0.010
    25.550     0.006     0.012     0.005
    25.560     0.012    -0.002    -0.006
    25.570     0.014     0.001     0.006
    25.580     0.009    -0.010    -0.002
    25.590     0.011    -0.009     0.006
    25.600    -0.002    -0.004     0.006
    25.610    -0.005    -0.015    -0.003
    25.620    -0.024     0.003     0.011
    25.630    -0.016    -0.014    -0.002
    25.640    -0.020     0.009     0.013
    25.650    -0.009     0.000    -0.005
    25.660    -0.002     0.022     0.002
    25.670     0.000     0.020    -0.004
    25.680     0.009     0.005    -0.009
    25.690    -0.003     0.006    -0.008
    25.700     0.010    -0.018    -0.014
    25.710     0.010    -0.002     0.004
    25.720     0.019    -0.018    -0.006
    25.730     0.004     0.002     0.014
    25.740     0.000    -0.008     0.003
    25.750     0.001     0.004     0.010
    25.760    -0.005     0.006     0.000
    25.770     0.007     0.001    -0.001
    25.780    -0.008     0.008     0.004
    25.790    -0.003    -0.011    -0.010
    25.800    -0.011     0.010     0.007
    25.810    -0.003    -0.005    -0.011
    25.820     0.001     0.012     0.009
    25.830    -0.003     0.002    -0.002
    25.840     0.001     0.005     0.004
    25.850    -0.003     0.002     0.003
    25.860     0.005    -0.004    -0.002
    25.870    -0.004     0.008     0.004
    25.880     0.002    -0.010    -0.008
    25.890    -0.002     0.002     0.010
    25.900     0.001    -0.018    -0.005
    25.910     0.003     0.001     0.003
    25.920     0.000    -0.004    -0.013
    25.930     0.000     0.003    -0.006
    25.940    -0.006     0.008    -0.002
    25.950    -0.002     0.000    -0.004
    25.960    -0.004     0.008     0.004
    25.970     0.001    -0.007    -0.008
    25.980     0.002     0.008     0.008
    25.990     0.005    -0.006     0.001
    26.000    -0.001     0.003     0.009
    26.010    -0.005    -0.005     0.000
    26.020    -0.005     0.000    -0.001
    26.030    -0.005     0.000    -0.001
    26.040    -0.003     0.002     0.001
    26.050    -0.005     0.006     0.004
    26.060     0.002    -0.008    -0.009
    26.070    -0.001     0.008    -0.002
    26.080     0.000    -0.008    -0.005
    26.090    -0.001     0.006     0.005
    26.100     0.001    -0.004    -0.002
    26.110     0.005     0.003     0.002
    26.120     0.007     0.005    -0.004
    26.130     0.004    -0.010    -0.006
    26.140     0.001     0.000     0.000
    26.150    -0.001    -0.010     0.003
    26.160    -0.009    -0.003     0.006
    26.170    -0.011    -0.003     0.001
    26.180    -0.006     0.006     0.007
    26.190    -0.001     0.004    -0.003
    26.200    -0.001     0.006     0.000
    26.210    -0.002     0.004    -0.005
    26.220    -0.007     0.002     0.001
    26.230    -0.001     0.005     0.005
    26.240    -0.002     0.000    -0.005
    26.250     0.005     0.006     0.001
    26.260     0.009     0.004    -0.002
    26.270     0.007     0.004    -0.001
    26.280     0.006     0.003     0.000
    26.290     0.002    -0.001    -0.002
    26.300     0.004    -0.009    -0.001
    26.310    -0.004    -0.008     0.001
    26.320    -0.003    -0.007     0.000
    26.330    -0.009     0.002     0.003
    26.340    -0.006    -0.001     0.003
    26.350    -0.008     0.004    -0.003
    26.360    -0.004     0.007     0.005
    26.370     0.001     0.001     0.001
    26.380    -0.003     0.003    -0.003
    26.390    -0.003    -0.006     0.001
    26.400    -0.009     0.003    -0.003
    26.410     0.001     0.002     0.003
    26.420     0.001     0.001    -0.003
    26.430     0.006     0.002    -0.006
    26.440     0.004     0.006    -0.004
    26.450     0.005     0.006     0.000
    26.460     0.004    -0.005     0.003
    26.470     0.001    -0.007     0.002
    26.480     0.003    -0.007     0.007
    26.490    -0.001    -0.007     0.006
    26.500    -0.006    -0.005     0.004
    26.510    -0.010     0.003    -0.002
    26.520    -0.004     0.000    -0.005
    26.530    -0.007     0.008    -0.002
    26.540    -0.001     0.013     0.009
    26.550     0.000     0.002     0.003
    26.560     0.002    -0.005     0.002
    26.570    -0.003    -0.002    -0.006
    26.580     0.000     0.004     0.001
    26.590     0.006    -0.003     0.004
    26.600    -0.001     0.005    -0.006
    26.610     0.003     0.009    -0.001
    26.620     0.002     0.004    -0.009
    26.630     0.004    -0.003     0.000
    26.640     0.003    -0.007     0.005
    26.650    -0.003    -0.006     0.009
    26.660    -0.003    -0.009     0.001
    26.670    -0.004    -0.002    -0.004
    26.680     0.001     0.003     0.003
    26.690     0.003     0.008     0.002
    26.700     0.001     0.001    -0.003
    26.710    -0.003     0.002    -0.011
    26.720    -0.007    -0.003     0.000
    26.730    -0.005    -0.004     0.007
    26.740     0.001     0.004     0.007
    26.750     0.005     0.001     0.003
    26.760     0.005     0.008     0.002
    26.770     0.005     0.009    -0.001
    26.780     0.005     0.004    -0.011
    26.790     0.003    -0.004    -0.007
    26.800     0.001    -0.006    -0.001
    26.810    -0.001    -0.009     0.002
    26.820    -0.003    -0.010     0.004
    26.830    -0.004    -0.006     0.002
    26.840    -0.004    -0.004     0.009
    26.850    -0.006     0.009     0.008
    26.860    -0.010     0.007     0.003
    26.870    -0.007     0.004     0.005
    26.880    -0.005     0.005    -0.002
    26.890    -0.006     0.000    -0.006
    26.900     0.003     0.002    -0.004
    26.910     0.006     0.004    -0.002
    26.920     0.005     0.003     0.003
    26.930     0.003     0.002     0.000
    26.940     0.003     0.001    -0.002
    26.950     0.008    -0.001     0.003
    26.960     0.007    -0.005     0.005
    26.970     0.003    -0.002     0.004
    26.980     0.000    -0.005     0.002
    26.990    -0.001    -0.010    -0.002
    27.000    -0.007     0.001    -0.005
    27.010    -0.007     0.001    -0.002
    27.020    -0.008     0.000    -0.003
    27.030    -0.010     0.009     0.005
    27.040    -0.003     0.012     0.006
    27.050     0.001     0.007    -0.002
    27.060     0.010     0.000     0.000
    27.070     0.008     0.000    -0.003
    27.080     0.006    -0.004    -0.003
    27.090     0.005     0.000    -0.002
    27.100     0.000    -0.002    -0.003
    27.110    -0.003    -0.005     0.004
    27.120    -0.006    -0.001     0.005
    27.130    -0.002    -0.007     0.003
    27.140    -0.002    -0.001     0.003
    27.150    -0.003    -0.002    -0.002
    27.160    -0.006     0.001    -0.006
    27.170    -0.005     0.004     0.001
    27.180     0.000     0.004     0.002
    27.190    -0.003     0.002     0.002
    27.200    -0.002     0.000     0.003
    27.210     0.003     0.002    -0.002
    27.220     0.007     0.001     0.002
    27.230     0.006     0.005     0.003
    27.240     0.004     0.002    -0.003
    27.250     0.003     0.002    -0.006
    27.260     0.003     0.003    -0.003
    27.270    -0.003     0.002     0.002
    27.280    -0.002    -0.002     0.006
    27.290    -0.002    -0.003     0.003
    27.300     0.000     0.002     0.000
    27.310     0.004     0.002    -0.001
    27.320    -0.002     0.009    -0.005
    27.330    -0.002     0.003    -0.002
    27.340    -0.001     0.000    -0.005
    27.350     0.002    -0.002    -0.007
    27.360    -0.003    -0.005     0.000
    27.370    -0.006     0.000     0.007
    27.380    -0.003    -0.003     0.003
    27.390    -0.001     0.001     0.002
    27.400     0.003     0.004     0.002
    27.410    -0.001     0.004     0.001
    27.420     0.001     0.007     0.002
    27.430    -0.004     0.002    -0.006
    27.440    -0.005    -0.001    -0.005
    27.450    -0.001    -0.003    -0.002
    27.460     0.002    -0.005     0.002
    27.470     0.005     0.000    -0.001
    27.480     0.002     0.004    -0.006
    27.490     0.000     0.006     0.002
    27.500     0.002     0.006     0.006
    27.510     0.000     0.007     0.010
    27.520     0.000     0.008     0.004
    27.530    -0.003     0.002    -0.006
    27.540    -0.006    -0.002    -0.006
    27.550    -0.005    -0.006    -0.006
    27.560    -0.006     0.001     0.000
    27.570     0.000     0.006     0.000
    27.580     0.002     0.002    -0.007
    27.590     0.003     0.002     0.000
    27.600     0.006     0.000     0.004
    27.610     0.002    -0.002     0.002
    27.620     0.001    -0.004    -0.004
    27.630    -0.004    -0.001    -0.003
    27.640     0.002    -0.001     0.006
    27.650     0.001    -0.001    -0.001
    27.660    -0.003    -0.001    -0.007
    27.670    -0.002     0.003    -0.005
    27.680    -0.009     0.009    -0.001
    27.690    -0.005     0.002     0.006
    27.700     0.003     0.001     0.010
    27.710     0.011    -0.002     0.000
    27.720     0.008     0.007    -0.009
    27.730     0.004     0.011    -0.003
    27.740    -0.001     0.000    -0.004
    27.750    -0.001    -0.002     0.002
    27.760     0.011    -0.005     0.001
    27.770     0.011     0.000    -0.004
    27.780     0.009    -0.001     0.002
    27.790     0.003     0.001    -0.005
    27.800     0.000     0.006     0.000
    27.810     0.005     0.000    -0.002
    27.820     0.005     0.006    -0.002
    27.830     0.007     0.012     0.005
    27.840     0.011     0.004    -0.003
    27.850     0.006     0.001    -0.006
    27.860     0.003     0.001    -0.004
    27.870     0.007     0.001     0.002
    27.880     0.007     0.003     0.004
    27.890     0.001     0.003    -0.005
    27.900    -0.007     0.011    -0.012
    27.910    -0.003     0.012    -0.009
    27.920    -0.001     0.008     0.003
    27.930     0.000     0.008     0.014
    27.940    -0.001     0.002     0.006
    27.950    -0.009     0.002    -0.005
    27.960    -0.007     0.005    -0.006
    27.970    -0.008     0.004    -0.006
    27.980    -0.002     0.006     0.001
    27.990     0.001     0.009     0.000
    28.000    -0.004     0.010     0.000
    28.010    -0.003     0.006     0.001
    28.020    -0.003     0.002    -0.001
    28.030     0.004    -0.003    -0.001
    28.040     0.007    -0.009    -0.005
    28.050     0.004    -0.001    -0.001
    28.060     0.001     0.002     0.002
    28.070    -0.004     0.002     0.004
    28.080    -0.005     0.000     0.001
    28.090    -0.005     0.000     0.001
    28.100    -0.004     0.002     0.010
    28.110    -0.006    -0.009     0.006
    28.120    -0.006    -0.006    -0.002
    28.130     0.001    -0.001    -0.002
    28.140     0.008    -0.004     0.005
    28.150     0.006     0.002     0.013
    28.160     0.012     0.005     0.010
    28.170     0.022     0.006     0.002
    28.180     0.025    -0.001    -0.002
    28.190     0.021    -0.001     0.006
    28.200     0.009     0.002     0.005
    28.210    -0.005     0.001    -0.006
    28.220    -0.015     0.006    -0.004
    28.230    -0.017     0.004    -0.005
    28.240    -0.010     0.002     0.004
    28.250    -0.008     0.002     0.011
    28.260    -0.014     0.002     0.004
    28.270    -0.018     0.001     0.009
    28.280    -0.018     0.006     0.004
    28.290    -0.021     0.009    -0.002
    28.300    -0.017     0.011    -0.006
    28.310     0.001     0.011    -0.007
    28.320     0.015     0.007    -0.002
    28.330     0.020     0.008    -0.002
    28.340    -0.004     0.005    -0.008
    28.350    -0.037    -0.001    -0.017
    28.360    -0.046    -0.002    -0.015
    28.370    -0.033    -0.004    -0.007
    28.380    -0.002    -0.006    -0.004
    28.390     0.017    -0.003    -0.003
    28.400     0.013    -0.004    -0.004
    28.410    -0.003    -0.002    -0.005
    28.420    -0.028     0.001    -0.004
    28.430    -0.029     0.000    -0.003
    28.440    -0.004    -0.002    -0.004
    28.450     0.012    -0.014    -0.005
    28.460     0.021    -0.019     0.005
    28.470     0.008    -0.020     0.001
    28.480    -0.030    -0.014    -0.014
    28.490    -0.073    -0.007    -0.022
    28.500    -0.085    -0.014    -0.015
    28.510    -0.037    -0.020     0.008
    28.520     0.009    -0.018     0.020
    28.530     0.006    -0.014     0.014
    28.540    -0.029    -0.008    -0.007
    28.550    -0.059    -0.003    -0.021
    28.560    -0.057    -0.010    -0.014
    28.570    -0.025    -0.018     0.003
    28.580     0.026    -0.035     0.023
    28.590     0.068    -0.039     0.025
    28.600     0.082    -0.029     0.017
    28.610     0.061    -0.020     0.003
    28.620     0.018    -0.003    -0.011
    28.630    -0.013     0.000    -0.008
    28.640    -0.024    -0.007    -0.002
    28.650    -0.027    -0.014     0.003
    28.660    -0.028    -0.013     0.005
    28.670    -0.006    -0.005     0.004
    28.680     0.016    -0.008    -0.013
    28.690     0.002    -0.009    -0.026
    28.700    -0.031    -0.006    -0.015
    28.710    -0.042    -0.003     0.002
    28.720    -0.015     0.000     0.012
    28.730     0.022     0.003     0.016
    28.740     0.045     0.002     0.013
    28.750     0.042     0.005    -0.006
    28.760     0.017     0.006    -0.021
    28.770     0.018    -0.013    -0.008
    28.780     0.029    -0.017     0.008
    28.790     0.009     0.004     0.013
    28.800    -0.006     0.015     0.014
    28.810    -0.001     0.018     0.009
    28.820     0.006     0.020     0.003
    28.830    -0.019     0.019    -0.003
    28.840    -0.068     0.006    -0.005
    28.850    -0.039    -0.012     0.000
    28.860     0.079    -0.012     0.019
    28.870     0.168    -0.015     0.039
    28.880     0.142    -0.011     0.020
    28.890     0.022     0.011    -0.032
    28.900    -0.086     0.031    -0.064
    28.910    -0.104     0.040    -0.040
    28.920    -0.049     0.018     0.003
    28.930     0.014    -0.001     0.012
    28.940     0.064    -0.005     0.018
    28.950     0.095    -0.007     0.028
    28.960     0.074     0.009     0.024
    28.970    -0.008     0.037     0.018
    28.980    -0.081     0.054     0.004
    28.990    -0.041     0.038     0.016
    29.000     0.089     0.017     0.038
    29.010     0.153     0.020     0.034
    29.020     0.078     0.021     0.007
    29.030    -0.043     0.009    -0.040
    29.040    -0.102    -0.001    -0.069
    29.050    -0.081    -0.004    -0.034
    29.060    -0.027    -0.002     0.038
    29.070     0.013     0.013     0.060
    29.080     0.018     0.040     0.030
    29.090     0.024     0.051     0.011
    29.100     0.023     0.058    -0.002
    29.110    -0.007     0.053    -0.013
    29.120    -0.007     0.003    -0.005
    29.130     0.036    -0.037     0.014
    29.140     0.071    -0.031     0.013
    29.150     0.055     0.011    -0.002
    29.160     0.001     0.044    -0.032
    29.170    -0.030     0.048    -0.071
    29.180    -0.055     0.026    -0.065
    29.190    -0.108    -0.007    -0.012
    29.200    -0.134    -0.012     0.049
    29.210    -0.101     0.019     0.069
    29.220    -0.042     0.041     0.039
    29.230     0.006     0.017     0.009
    29.240    -0.005    -0.024    -0.019
    29.250    -0.036    -0.066    -0.038
    29.260    -0.011    -0.079    -0.027
    29.270     0.023    -0.047    -0.018
    29.280     0.014    -0.015    -0.014
    29.290    -0.030    -0.005    -0.010
    29.300    -0.044    -0.002    -0.028
    29.310     0.010     0.000    -0.053
    29.320     0.076    -0.023    -0.046
    29.330     0.095    -0.046    -0.010
    29.340     0.056    -0.042     0.018
    29.350     0.012    -0.020     0.035
    29.360     0.009     0.006     0.030
    29.370     0.012     0.007    -0.002
    29.380    -0.012    -0.006    -0.015
    29.390    -0.040    -0.031     0.001
    29.400    -0.051    -0.045     0.015
    29.410    -0.071    -0.024     0.019
    29.420    -0.109    -0.012     0.023
    29.430    -0.130    -0.012     0.006
    29.440    -0.100    -0.026    -0.021
    29.450    -0.029    -0.039    -0.010
    29.460     0.039    -0.034     0.023
    29.470     0.052    -0.015     0.034
    29.480     0.026     0.013     0.008
    29.490     0.015     0.020    -0.032
    29.500     0.027     0.004    -0.054
    29.510     0.045    -0.009    -0.045
    29.520     0.045    -0.023    -0.006
    29.530     0.042    -0.045     0.031
    29.540     0.070    -0.056     0.042
    29.550     0.114    -0.038     0.038
    29.560     0.132    -0.006     0.026
    29.570     0.084     0.025     0.010
    29.580    -0.002     0.041     0.005
    29.590    -0.048     0.054     0.009
    29.600    -0.045     0.071     0.012
    29.610    -0.035     0.057     0.007
    29.620    -0.047     0.034    -0.010
    29.630    -0.071     0.029    -0.029
    29.640    -0.090     0.021    -0.043
    29.650    -0.081    -0.009    -0.026
    29.660    -0.007    -0.026     0.010
    29.670     0.072    -0.012     0.025
    29.680     0.085     0.006     0.028
    29.690     0.061     0.005     0.016
    29.700     0.042    -0.003    -0.001
    29.710     0.012    -0.001    -0.014
    29.720    -0.009    -0.007    -0.012
    29.730    -0.011    -0.005    -0.002
    29.740    -0.022    -0.001     0.006
    29.750    -0.022    -0.012     0.031
    29.760    -0.002     0.013     0.046
    29.770     0.035     0.052     0.040
    29.780     0.070     0.071     0.042
    29.790     0.096     0.075     0.041
    29.800     0.095     0.056     0.012
    29.810     0.038     0.028    -0.023
    29.820    -0.010     0.002    -0.038
    29.830    -0.016    -0.015    -0.043
    29.840    -0.020    -0.035    -0.053
    29.850    -0.011    -0.056    -0.046
    29.860     0.003    -0.043    -0.013
    29.870    -0.047    -0.007     0.010
    29.880    -0.143     0.042     0.037
    29.890    -0.178     0.075     0.057
    29.900    -0.120     0.066     0.055
    29.910    -0.034     0.029     0.054
    29.920     0.024    -0.036     0.060
    29.930     0.025    -0.061     0.051
    29.940    -0.006    -0.029     0.010
    29.950    -0.005    -0.009    -0.025
    29.960     0.065    -0.018    -0.038
    29.970     0.162    -0.014    -0.058
    29.980     0.197     0.019    -0.071
    29.990     0.165     0.051    -0.057
    30.000     0.095     0.064    -0.039
    30.010     0.005     0.036    -0.026
    30.020    -0.056    -0.010    -0.018
    30.030    -0.058    -0.042    -0.026
    30.040    -0.044    -0.073    -0.023
    30.050    -0.055    -0.082    -0.007
    30.060    -0.081    -0.043    -0.012
    30.070    -0.108    -0.016    -0.034
    30.080    -0.124    -0.032    -0.038
    30.090    -0.109    -0.015    -0.010
    30.100    -0.056     0.014     0.022
    30.110    -0.023     0.008     0.035
    30.120    -0.008     0.017     0.043
    30.130     0.039     0.047     0.038
    30.140     0.102     0.060     0.022
    30.150     0.121     0.030     0.018
    30.160     0.066    -0.009     0.019
    30.170    -0.001    -0.036     0.008
    30.180    -0.017    -0.051    -0.007
    30.190     0.012    -0.036    -0.009
    30.200     0.040    -0.032    -0.024
    30.210     0.023    -0.048    -0.038
    30.220    -0.020    -0.040    -0.038
    30.230    -0.044    -0.025    -0.030
    30.240    -0.032    -0.016     0.008
    30.250    -0.006    -0.006     0.037
    30.260     0.006     0.021     0.031
    30.270    -0.008     0.044     0.014
    30.280    -0.027     0.043     0.009
    30.290    -0.042     0.054     0.005
    30.300    -0.055     0.065    -0.003
    30.310    -0.057     0.076    -0.006
    30.320    -0.021     0.074     0.012
    30.330     0.031     0.041     0.057
    30.340     0.033     0.026     0.086
    30.350     0.014     0.023     0.083
    30.360     0.029     0.006     0.064
    30.370     0.044    -0.010     0.034
    30.380     0.069    -0.020     0.017
    30.390     0.116    -0.016    -0.014
    30.400     0.096    -0.001    -0.061
    30.410     0.015     0.007    -0.076
    30.420    -0.042    -0.011    -0.083
    30.430    -0.050    -0.028    -0.089
    30.440    -0.036    -0.029    -0.074
    30.450    -0.027    -0.030    -0.039
    30.460    -0.045    -0.025    -0.003
    30.470    -0.102     0.016     0.019
    30.480    -0.120     0.057     0.046
    30.490    -0.050     0.042     0.050
    30.500     0.037     0.009     0.033
    30.510     0.099    -0.006     0.026
    30.520     0.143    -0.003     0.011
    30.530     0.154     0.006    -0.002
    30.540     0.093     0.000    -0.013
    30.550    -0.004    -0.009    -0.027
    30.560    -0.094    -0.017    -0.030
    30.570    -0.194    -0.015    -0.019
    30.580    -0.218    -0.022     0.001
    30.590    -0.122    -0.041     0.007
    30.600    -0.024    -0.027     0.006
    30.610     0.012     0.011     0.024
    30.620     0.014     0.031     0.025
    30.630     0.029     0.012    -0.010
    30.640     0.055    -0.017    -0.020
    30.650     0.063    -0.026     0.010
    30.660     0.055    -0.018     0.035
    30.670     0.015    -0.001     0.030
    30.680    -0.028     0.007    -0.004
    30.690    -0.046     0.001    -0.055
    30.700    -0.060    -0.015    -0.083
    30.710    -0.066    -0.034    -0.077
    30.720    -0.052    -0.039    -0.041
    30.730     0.007    -0.028     0.002
    30.740     0.087    -0.003     0.022
    30.750     0.108     0.004     0.026
    30.760     0.067    -0.022     0.006
    30.770     0.031    -0.054    -0.028
    30.780     0.005    -0.065    -0.047
    30.790    -0.059    -0.038    -0.016
    30.800    -0.132    -0.007     0.039
    30.810    -0.138     0.012     0.051
    30.820    -0.057     0.020     0.031
    30.830     0.041     0.007     0.018
    30.840     0.089    -0.004     0.022
    30.850     0.087     0.010     0.009
    30.860     0.049     0.022    -0.030
    30.870     0.021    -0.001    -0.043
    30.880     0.004    -0.018    -0.028
    30.890    -0.008    -0.011    -0.014
    30.900     0.019    -0.026    -0.017
    30.910     0.061    -0.055    -0.025
    30.920     0.076    -0.057    -0.026
    30.930     0.051    -0.017    -0.012
    30.940     0.010     0.037     0.031
    30.950    -0.026     0.082     0.057
    30.960    -0.036     0.088     0.072
    30.970    -0.001     0.052     0.085
    30.980     0.030     0.031     0.063
    30.990     0.014     0.037     0.049
    31.000    -0.034     0.040     0.038
    31.010    -0.075     0.024     0.000
    31.020    -0.082     0.000    -0.026
    31.030    -0.052    -0.009    -0.020
    31.040     0.021     0.010    -0.001
    31.050     0.088     0.039    -0.006
    31.060     0.106     0.040    -0.026
    31.070     0.103     0.001    -0.009
    31.080     0.094    -0.022     0.026
    31.090     0.068    -0.005     0.031
    31.100     0.018     0.026     0.004
    31.110    -0.042     0.035    -0.019
    31.120    -0.047     0.024    -0.014
    31.130     0.018     0.018     0.003
    31.140     0.049     0.014     0.007
    31.150     0.012     0.018     0.016
    31.160    -0.013     0.025     0.030
    31.170    -0.005     0.011     0.037
    31.180    -0.018    -0.005     0.043
    31.190    -0.044    -0.004     0.035
    31.200    -0.060     0.000     0.003
    31.210    -0.051    -0.012    -0.027
    31.220     0.005    -0.047    -0.017
    31.230     0.067    -0.067    -0.013
    31.240     0.109    -0.030    -0.044
    31.250     0.138     0.019    -0.065
    31.260     0.132     0.032    -0.072
    31.270     0.089     0.029    -0.052
    31.280     0.027     0.032    -0.009
    31.290    -0.057     0.033     0.019
    31.300    -0.118     0.022     0.052
    31.310    -0.102    -0.002     0.060
    31.320    -0.081    -0.019     0.037
    31.330    -0.132    -0.020     0.014
    31.340    -0.199    -0.009    -0.008
    31.350    -0.211     0.011    -0.028
    31.360    -0.166     0.027    -0.032
    31.370    -0.105     0.037     0.002
    31.380    -0.033     0.031     0.026
    31.390     0.010     0.014    -0.004
    31.400    -0.008    -0.006    -0.023
    31.410     0.000    -0.040     0.009
    31.420     0.049    -0.066     0.059
    31.430     0.082    -0.066     0.084
    31.440     0.115    -0.039     0.075
    31.450     0.142    -0.006     0.040
    31.460     0.138     0.013    -0.030
    31.470     0.104     0.031    -0.096
    31.480     0.054     0.033    -0.129
    31.490    -0.013     0.012    -0.122
    31.500    -0.098    -0.013    -0.066
    31.510    -0.142    -0.041    -0.002
    31.520    -0.101    -0.058     0.029
    31.530    -0.044    -0.062     0.019
    31.540    -0.028    -0.060     0.014
    31.550    -0.010    -0.050     0.036
    31.560     0.009    -0.033     0.039
    31.570     0.013    -0.027     0.017
    31.580     0.011    -0.025    -0.030
    31.590    -0.018    -0.018    -0.073
    31.600    -0.063    -0.031    -0.078
    31.610    -0.104    -0.051    -0.059
    31.620    -0.112    -0.061    -0.021
    31.630    -0.079    -0.064     0.017
    31.640    -0.021    -0.065     0.026
    31.650     0.036    -0.064     0.022
    31.660     0.056    -0.034     0.033
    31.670     0.063     0.032     0.028
    31.680     0.047     0.104    -0.026
    31.690     0.001     0.114    -0.065
    31.700     0.009     0.056    -0.034
    31.710     0.068     0.017     0.000
    31.720     0.085     0.026     0.006
    31.730     0.053     0.018     0.016
    31.740    -0.002    -0.017     0.006
    31.750    -0.057    -0.021    -0.015
    31.760    -0.072    -0.023    -0.011
    31.770    -0.048    -0.032    -0.004
    31.780    -0.036    -0.006    -0.004
    31.790    -0.067     0.018    -0.008
    31.800    -0.061     0.002    -0.001
    31.810     0.029    -0.010     0.003
    31.820     0.145    -0.007    -0.021
    31.830     0.210    -0.018    -0.022
    31.840     0.170    -0.019     0.004
    31.850     0.072     0.011     0.007
    31.860    -0.014     0.049    -0.002
    31.870    -0.035     0.060     0.022
    31.880     0.037     0.042     0.052
    31.890     0.142     0.022     0.044
    31.900     0.183     0.015     0.038
    31.910     0.138     0.035     0.047
    31.920     0.079     0.091     0.048
    31.930     0.042     0.139     0.039
    31.940     0.018     0.124     0.052
    31.950     0.016     0.058     0.077
    31.960     0.026     0.002     0.060
    31.970     0.002    -0.010     0.001
    31.980    -0.076    -0.020    -0.068
    31.990    -0.151    -0.029    -0.119
    32.000    -0.193    -0.010    -0.133
    32.010    -0.210     0.000    -0.087
    32.020    -0.203    -0.001    -0.015
    32.030    -0.165     0.010     0.039
    32.040    -0.081     0.044     0.077
    32.050    -0.021     0.072     0.089
    32.060    -0.025     0.045     0.095
    32.070    -0.023     0.008     0.075
    32.080     0.022     0.005     0.035
    32.090     0.098    -0.011     0.022
    32.100     0.151    -0.045     0.006
    32.110     0.143    -0.062    -0.034
    32.120     0.104    -0.061    -0.078
    32.130     0.047    -0.044    -0.093
    32.140    -0.007    -0.029    -0.083
    32.150    -0.019    -0.026    -0.077
    32.160    -0.003    -0.023    -0.061
    32.170     0.024    -0.016    -0.034
    32.180     0.049     0.003    -0.021
    32.190     0.051     0.030    -0.008
    32.200     0.022     0.055     0.024
    32.210    -0.055     0.068     0.058
    32.220    -0.126     0.059     0.088
    32.230    -0.129     0.032     0.100
    32.240    -0.100    -0.003     0.062
    32.250    -0.061    -0.036     0.014
    32.260    -0.009    -0.054     0.002
    32.270     0.009    -0.055     0.006
    32.280    -0.032    -0.050     0.006
    32.290    -0.108    -0.030    -0.009
    32.300    -0.188     0.005    -0.047
    32.310    -0.192     0.020    -0.060
    32.320    -0.087    -0.005    -0.014
    32.330     0.039    -0.064     0.035
    32.340     0.117    -0.101     0.041
    32.350     0.160    -0.070     0.029
    32.360     0.177    -0.019     0.030
    32.370     0.132     0.001     0.029
    32.380     0.064    -0.020     0.000
    32.390     0.046    -0.055    -0.031
    32.400     0.072    -0.057    -0.048
    32.410     0.113    -0.016    -0.055
    32.420     0.116     0.018    -0.053
    32.430     0.057     0.003    -0.058
    32.440    -0.036    -0.015    -0.062
    32.450    -0.144     0.002    -0.043
    32.460    -0.231     0.026    -0.020
    32.470    -0.232     0.017    -0.022
    32.480    -0.159    -0.006    -0.041
    32.490    -0.081     0.004    -0.065
    32.500    -0.033     0.008    -0.069
    32.510    -0.015    -0.001    -0.032
    32.520    -0.010     0.007     0.035
    32.530     0.018     0.001     0.085
    32.540     0.087    -0.017     0.089
    32.550     0.182     0.002     0.071
    32.560     0.264     0.045     0.056
    32.570     0.298     0.075     0.069
    32.580     0.281     0.100     0.093
    32.590     0.194     0.100     0.072
    32.600     0.066     0.054     0.045
    32.610    -0.043     0.021     0.047
    32.620    -0.140     0.019     0.017
    32.630    -0.205     0.010    -0.044
    32.640    -0.210    -0.021    -0.090
    32.650    -0.155    -0.041    -0.116
    32.660    -0.090    -0.024    -0.120
    32.670    -0.053    -0.006    -0.082
    32.680    -0.021     0.009    -0.044
    32.690     0.001     0.043    -0.027
    32.700     0.022     0.074     0.000
    32.710     0.080     0.087     0.019
    32.720     0.136     0.074     0.020
    32.730     0.138     0.043     0.028
    32.740     0.080     0.016     0.059
    32.750    -0.016    -0.001     0.071
    32.760    -0.075    -0.004     0.061
    32.770    -0.080    -0.020     0.056
    32.780    -0.083    -0.048     0.063
    32.790    -0.091    -0.080     0.071
    32.800    -0.068    -0.119     0.060
    32.810    -0.004    -0.122     0.037
    32.820     0.045    -0.104    -0.002
    32.830     0.057    -0.113    -0.034
    32.840     0.074    -0.113    -0.076
    32.850     0.091    -0.068    -0.122
    32.860     0.088    -0.021    -0.121
    32.870     0.029     0.033    -0.111
    32.880    -0.082     0.102    -0.111
    32.890    -0.156     0.120    -0.116
    32.900    -0.152     0.085    -0.079
    32.910    -0.095     0.048     0.003
    32.920    -0.042     0.029     0.074
    32.930    -0.020     0.006     0.122
    32.940    -0.011    -0.020     0.136
    32.950     0.012    -0.017     0.144
    32.960     0.038     0.003     0.136
    32.970     0.015     0.014     0.063
    32.980    -0.012     0.006    -0.041
    32.990     0.022    -0.016    -0.093
    33.000     0.090    -0.026    -0.084
    33.010     0.119    -0.026    -0.089
    33.020     0.084    -0.042    -0.115
    33.030     0.027    -0.038    -0.110
    33.040    -0.004    -0.010    -0.042
    33.050    -0.003     0.012     0.033
    33.060     0.023     0.029     0.049
    33.070     0.069     0.033     0.039
    33.080     0.086     0.035     0.040
    33.090     0.044     0.038     0.056
    33.100    -0.041     0.046     0.042
    33.110    -0.147     0.074     0.006
    33.120    -0.192     0.092    -0.001
    33.130    -0.113     0.079    -0.003
    33.140     0.017     0.041    -0.017
    33.150     0.086    -0.013    -0.016
    33.160     0.094    -0.023     0.012
    33.170     0.085     0.024     0.025
    33.180     0.077     0.061     0.041
    33.190     0.045     0.059     0.082
    33.200    -0.023     0.032     0.102
    33.210    -0.075     0.008     0.065
    33.220    -0.095    -0.003     0.011
    33.230    -0.095    -0.017    -0.023
    33.240    -0.099    -0.045    -0.062
    33.250    -0.104    -0.084    -0.091
    33.260    -0.066    -0.115    -0.084
    33.270    -0.012    -0.111    -0.062
    33.280     0.023    -0.064    -0.047
    33.290     0.022    -0.002    -0.039
    33.300    -0.012     0.041    -0.028
    33.310    -0.017     0.049    -0.014
    33.320    -0.012     0.027     0.025
    33.330    -0.028     0.010     0.073
    33.340    -0.020     0.003     0.079
    33.350     0.051    -0.017     0.049
    33.360     0.181    -0.043     0.028
    33.370     0.286    -0.040     0.045
    33.380     0.295     0.008     0.074
    33.390     0.218     0.045     0.070
    33.400     0.103     0.026     0.045
    33.410     0.003    -0.017     0.034
    33.420    -0.107    -0.038     0.041
    33.430    -0.233    -0.039     0.030
    33.440    -0.295    -0.048    -0.016
    33.450    -0.285    -0.059    -0.081
    33.460    -0.273    -0.033    -0.117
    33.470    -0.284     0.018    -0.100
    33.480    -0.272     0.075    -0.057
    33.490    -0.168     0.109    -0.034
    33.500    -0.003     0.061    -0.002
    33.510     0.151    -0.031     0.044
    33.520     0.252    -0.058     0.034
    33.530     0.273    -0.033    -0.018
    33.540     0.274    -0.013    -0.040
    33.550     0.254    -0.003    -0.017
    33.560     0.155    -0.008    -0.006
    33.570    -0.004    -0.004    -0.024
    33.580    -0.135    -0.009    -0.032
    33.590    -0.159    -0.014    -0.021
    33.600    -0.102     0.003    -0.012
    33.610    -0.030    -0.001    -0.001
    33.620    -0.010     0.007     0.021
    33.630    -0.004     0.027     0.068
    33.640     0.061     0.016     0.079
    33.650     0.105     0.002     0.014
    33.660     0.071    -0.008    -0.056
    33.670     0.014    -0.003    -0.084
    33.680     0.002     0.006    -0.075
    33.690     0.027    -0.003    -0.061
    33.700     0.007     0.015    -0.053
    33.710    -0.066     0.041    -0.034
    33.720    -0.140     0.041     0.002
    33.730    -0.145     0.005     0.056
    33.740    -0.097    -0.041     0.136
    33.750    -0.060    -0.069     0.167
    33.760    -0.015    -0.064     0.117
    33.770     0.073    -0.047     0.057
    33.780     0.186    -0.052     0.037
    33.790     0.232    -0.050     0.020
    33.800     0.169    -0.044    -0.012
    33.810     0.051    -0.020    -0.035
    33.820    -0.050     0.026    -0.043
    33.830    -0.091     0.054    -0.036
    33.840    -0.083     0.064    -0.054
    33.850    -0.077     0.088    -0.060
    33.860    -0.115     0.130    -0.047
    33.870    -0.197     0.143    -0.029
    33.880    -0.234     0.115    -0.015
    33.890    -0.198     0.073    -0.019
    33.900    -0.089     0.027    -0.010
    33.910     0.080     0.003     0.007
    33.920     0.183    -0.009     0.013
    33.930     0.166    -0.030     0.030
    33.940     0.038    -0.074     0.040
    33.950    -0.075    -0.124    -0.002
    33.960    -0.054    -0.112    -0.033
    33.970     0.063    -0.113    -0.027
    33.980     0.152    -0.118     0.002
    33.990     0.159    -0.060     0.038
    34.000     0.112     0.042     0.044
    34.010     0.066     0.102     0.027
    34.020     0.072     0.078     0.052
    34.030     0.086     0.040     0.075
    34.040     0.094     0.030     0.064
    34.050     0.055     0.036     0.033
    34.060    -0.006     0.045    -0.035
    34.070    -0.039     0.073    -0.091
    34.080    -0.008     0.008    -0.133
    34.090     0.029    -0.085    -0.123
    34.100     0.053    -0.119    -0.090
    34.110     0.107    -0.102    -0.039
    34.120     0.121    -0.054    -0.001
    34.130     0.105    -0.014     0.022
    34.140    -0.022     0.053     0.030
    34.150    -0.230     0.064     0.008
    34.160    -0.390     0.039     0.060
    34.170    -0.388    -0.009     0.063
    34.180    -0.272    -0.002     0.077
    34.190    -0.181     0.014     0.068
    34.200    -0.084    -0.005     0.038
    34.210     0.041    -0.010    -0.004
    34.220     0.223    -0.049    -0.072
    34.230     0.293    -0.011    -0.054
    34.240     0.275     0.061    -0.070
    34.250     0.265     0.141    -0.049
    34.260     0.252     0.159    -0.072
    34.270     0.206     0.107    -0.068
    34.280     0.022     0.029    -0.078
    34.290    -0.143    -0.056    -0.085
    34.300    -0.244    -0.091    -0.008
    34.310    -0.279    -0.121     0.032
    34.320    -0.316    -0.130     0.086
    34.330    -0.313    -0.117     0.044
    34.340    -0.182    -0.015     0.031
    34.350    -0.009     0.055     0.000
    34.360     0.147     0.078     0.014
    34.370     0.172     0.098     0.043
    34.380     0.147     0.078     0.057
    34.390     0.110     0.077     0.104
    34.400     0.137     0.028     0.075
    34.410     0.207    -0.017     0.107
    34.420     0.214    -0.048     0.066
    34.430     0.126    -0.027     0.064
    34.440    -0.054    -0.009     0.043
    34.450    -0.193    -0.009     0.021
    34.460    -0.275    -0.008     0.049
    34.470    -0.214    -0.027     0.061
    34.480    -0.128     0.022     0.081
    34.490    -0.055     0.044     0.010
    34.500     0.049     0.063     0.003
    34.510     0.128     0.051    -0.053
    34.520     0.177     0.065    -0.076
    34.530     0.115     0.103    -0.138
    34.540     0.074     0.107    -0.183
    34.550     0.041     0.138    -0.141
    34.560    -0.022     0.095    -0.126
    34.570    -0.141     0.023    -0.060
    34.580    -0.256    -0.085    -0.101
    34.590    -0.300    -0.125    -0.054
    34.600    -0.357    -0.106    -0.003
    34.610    -0.328    -0.098     0.100
    34.620    -0.267    -0.071     0.177
    34.630    -0.109    -0.077     0.151
    34.640     0.048    -0.040     0.185
    34.650     0.162    -0.053     0.098
    34.660     0.241    -0.070     0.036
    34.670     0.209    -0.071    -0.091
    34.680     0.252    -0.095    -0.155
    34.690     0.302    -0.088    -0.169
    34.700     0.374    -0.093    -0.179
    34.710     0.342    -0.048    -0.112
    34.720     0.214     0.003    -0.114
    34.730     0.055     0.064    -0.048
    34.740    -0.160     0.094    -0.023
    34.750    -0.243     0.077     0.070
    34.760    -0.297     0.052     0.096
    34.770    -0.244    -0.022     0.034
    34.780    -0.183    -0.062     0.041
    34.790    -0.081    -0.151    -0.024
    34.800     0.058    -0.193     0.001
    34.810     0.058    -0.177     0.011
    34.820     0.109    -0.197     0.027
    34.830     0.106    -0.132     0.014
    34.840     0.132    -0.048    -0.052
    34.850     0.140     0.064    -0.016
    34.860     0.108     0.161    -0.015
    34.870     0.135     0.219     0.050
    34.880     0.075     0.215     0.081
    34.890     0.019     0.136     0.096
    34.900    -0.080     0.130     0.124
    34.910    -0.077     0.110     0.076
    34.920     0.005     0.046     0.088
    34.930    -0.019    -0.033     0.012
    34.940    -0.046    -0.087    -0.023
    34.950    -0.116    -0.074    -0.053
    34.960    -0.128    -0.059    -0.115
    34.970    -0.124    -0.035    -0.072
    34.980    -0.093    -0.023    -0.086
    34.990     0.025    -0.012    -0.032
    35.000     0.073     0.033    -0.018
    35.010     0.177     0.052     0.013
    35.020     0.253     0.082     0.066
    35.030     0.250     0.117     0.032
    35.040     0.227     0.091     0.055
    35.050     0.092     0.074    -0.011
    35.060    -0.050     0.022    -0.002
    35.070    -0.224     0.000     0.007
    35.080    -0.270    -0.001    -0.020
    35.090    -0.207    -0.040    -0.016
    35.100    -0.189    -0.017    -0.063
    35.110    -0.160    -0.007    -0.007
    35.120    -0.187     0.059    -0.049
    35.130    -0.113     0.079    -0.069
    35.140    -0.007     0.058    -0.061
    35.150     0.133     0.041    -0.084
    35.160     0.316    -0.020    -0.032
    35.170     0.370     0.009    -0.065
    35.180     0.341    -0.029    -0.029
    35.190     0.131    -0.031    -0.023
    35.200    -0.040    -0.037    -0.031
    35.210    -0.136    -0.064     0.030
    35.220    -0.184    -0.025     0.088
    35.230    -0.136    -0.037     0.221
    35.240    -0.205     0.050     0.216
    35.250    -0.237     0.095     0.200
    35.260    -0.285     0.174     0.191
    35.270    -0.294     0.230     0.117
    35.280    -0.159     0.122     0.111
    35.290    -0.027     0.037     0.031
    35.300     0.160    -0.093     0.011
    35.310     0.250    -0.108    -0.013
    35.320     0.262    -0.115    -0.078
    35.330     0.202    -0.120    -0.120
    35.340     0.089    -0.058    -0.194
    35.350     0.064    -0.125    -0.129
    35.360     0.021    -0.124    -0.090
    35.370     0.042    -0.128    -0.046
    35.380     0.043    -0.099     0.000
    35.390    -0.004    -0.064    -0.003
    35.400    -0.035    -0.073     0.049
    35.410    -0.088     0.012    -0.011
    35.420    -0.030    -0.024     0.013
    35.430     0.003    -0.051     0.042
    35.440     0.038    -0.092    -0.028
    35.450     0.063    -0.086    -0.056
    35.460     0.020     0.032    -0.082
    35.470     0.059     0.051    -0.014
    35.480     0.053     0.101    -0.007
    35.490     0.038     0.042    -0.004
    35.500    -0.026     0.022     0.026
    35.510    -0.121     0.065     0.019
    35.520    -0.148     0.020     0.024
    35.530    -0.213     0.012    -0.061
    35.540    -0.190    -0.046    -0.056
    35.550    -0.134    -0.016     0.001
    35.560    -0.116    -0.010     0.095
    35.570    -0.141     0.001     0.200
    35.580    -0.213     0.093     0.156
    35.590    -0.182     0.068     0.086
    35.600    -0.106     0.029    -0.020
    35.610     0.039    -0.055    -0.083
    35.620     0.281    -0.097    -0.153
    35.630     0.469    -0.065    -0.226
    35.640     0.516    -0.003    -0.212
    35.650     0.400     0.124    -0.191
    35.660     0.244     0.178    -0.112
    35.670     0.122     0.182    -0.072
    35.680     0.012     0.159     0.015
    35.690    -0.064     0.075     0.089
    35.700    -0.180    -0.013     0.097
    35.710    -0.293    -0.057     0.161
    35.720    -0.310    -0.061     0.129
    35.730    -0.273    -0.075     0.097
    35.740    -0.158    -0.145     0.036
    35.750    -0.042    -0.161     0.001
    35.760     0.051    -0.083     0.013
    35.770     0.130    -0.023    -0.029
    35.780     0.124     0.071     0.013
    35.790     0.104     0.099     0.003
    35.800     0.053     0.070     0.026
    35.810     0.027     0.032     0.043
    35.820     0.025    -0.050     0.014
    35.830     0.003    -0.030     0.074
    35.840     0.033    -0.057     0.048
    35.850     0.078    -0.085     0.068
    35.860     0.158    -0.068     0.097
    35.870     0.161    -0.101     0.114
    35.880     0.091    -0.058     0.179
    35.890     0.059    -0.060     0.153
    35.900     0.019    -0.006     0.147
    35.910    -0.011     0.077     0.068
    35.920    -0.093     0.122    -0.057
    35.930    -0.144     0.201    -0.149
    35.940    -0.152     0.151    -0.197
    35.950    -0.196     0.160    -0.110
    35.960    -0.198     0.138    -0.064
    35.970    -0.181     0.084    -0.033
    35.980    -0.081     0.086    -0.004
    35.990     0.007     0.014     0.000
    36.000     0.041     0.029     0.006
    36.010     0.080     0.013    -0.068
    36.020     0.053     0.028    -0.085
    36.030     0.092     0.010    -0.058
    36.040     0.119    -0.088    -0.034
    36.050     0.114    -0.143    -0.020
    36.060     0.122    -0.245    -0.041
    36.070     0.077    -0.205    -0.006
    36.080     0.094    -0.135     0.013
    36.090     0.080    -0.052     0.013
    36.100     0.011     0.052     0.020
    36.110    -0.094     0.104     0.027
    36.120    -0.173     0.193     0.042
    36.130    -0.138     0.166    -0.005
    36.140    -0.145     0.134    -0.040
    36.150    -0.174     0.094    -0.049
    36.160    -0.218     0.069    -0.063
    36.170    -0.229     0.050    -0.072
    36.180    -0.167    -0.046    -0.079
    36.190    -0.120    -0.056    -0.047
    36.200    -0.040    -0.140    -0.025
    36.210     0.003    -0.196    -0.022
    36.220     0.017    -0.225    -0.032
    36.230     0.052    -0.289    -0.038
    36.240     0.120    -0.257    -0.044
    36.250     0.240    -0.262    -0.096
    36.260     0.304    -0.195    -0.104
    36.270     0.313    -0.143    -0.104
    36.280     0.229    -0.067    -0.123
    36.290     0.105     0.021    -0.086
    36.300     0.028    -0.023    -0.030
    36.310    -0.019     0.030     0.057
    36.320     0.004     0.046     0.121
    36.330    -0.018     0.104     0.144
    36.340    -0.090     0.171     0.166
    36.350    -0.156     0.157     0.171
    36.360    -0.191     0.199     0.141
    36.370    -0.151     0.144     0.069
    36.380    -0.100     0.136     0.060
    36.390    -0.028     0.113     0.083
    36.400    -0.013     0.089     0.070
    36.410    -0.053     0.127     0.059
    36.420    -0.080     0.103     0.012
    36.430    -0.101     0.116    -0.031
    36.440    -0.059     0.094    -0.049
    36.450    -0.005     0.101    -0.033
    36.460     0.061     0.059     0.003
    36.470     0.091    -0.008     0.011
    36.480     0.061    -0.012     0.026
    36.490     0.040    -0.073     0.025
    36.500     0.007    -0.067     0.002
    36.510     0.040    -0.101    -0.037
    36.520     0.114    -0.117    -0.076
    36.530     0.154    -0.054    -0.076
    36.540     0.129     0.003    -0.057
    36.550     0.057     0.050    -0.044
    36.560     0.040     0.012    -0.074
    36.570     0.037     0.007    -0.132
    36.580     0.081    -0.031    -0.148
    36.590     0.093    -0.022    -0.122
    36.600     0.016     0.054    -0.086
    36.610    -0.038     0.035    -0.025
    36.620    -0.124     0.041     0.052
    36.630    -0.178    -0.007     0.130
    36.640    -0.189    -0.021     0.212
    36.650    -0.159    -0.032     0.248
    36.660    -0.068    -0.072     0.233
    36.670    -0.056    -0.030     0.187
    36.680    -0.061    -0.083     0.108
    36.690    -0.046    -0.080     0.055
    36.700     0.019    -0.083     0.008
    36.710     0.146    -0.090    -0.023
    36.720     0.234    -0.016    -0.035
    36.730     0.319    -0.041    -0.104
    36.740     0.269     0.051    -0.133
    36.750     0.103     0.101    -0.140
    36.760    -0.035     0.079    -0.138
    36.770    -0.159     0.109    -0.110
    36.780    -0.175     0.064    -0.073
    36.790    -0.184     0.083    -0.002
    36.800    -0.207     0.053    -0.008
    36.810    -0.161     0.084     0.012
    36.820    -0.083     0.112     0.050
    36.830     0.006    -0.003     0.042
    36.840    -0.004    -0.010     0.047
    36.850     0.016    -0.020     0.035
    36.860     0.074     0.016     0.083
    36.870     0.085     0.054     0.131
    36.880     0.119     0.038     0.139
    36.890     0.136     0.027     0.059
    36.900     0.162    -0.066    -0.025
    36.910     0.127    -0.115    -0.019
    36.920     0.077    -0.150    -0.037
    36.930     0.035    -0.173    -0.051
    36.940    -0.010    -0.188    -0.060
    36.950     0.004    -0.193    -0.031
    36.960    -0.014    -0.147    -0.010
    36.970    -0.044    -0.116     0.004
    36.980    -0.147    -0.049    -0.016
    36.990    -0.257     0.003    -0.069
    37.000    -0.299     0.047    -0.051
    37.010    -0.285     0.057     0.017
    37.020    -0.155     0.041     0.128
    37.030    -0.011     0.019     0.127
    37.040     0.088    -0.031     0.097
    37.050     0.081    -0.028     0.096
    37.060     0.037    -0.044     0.070
    37.070     0.012    -0.031     0.031
    37.080    -0.039     0.003    -0.057
    37.090    -0.035     0.019    -0.060
    37.100     0.006     0.038    -0.052
    37.110     0.062     0.030    -0.019
    37.120     0.118     0.019     0.023
    37.130     0.140    -0.029     0.011
    37.140     0.126    -0.035    -0.015
    37.150     0.139    -0.003    -0.087
    37.160     0.201     0.039    -0.114
    37.170     0.253     0.111    -0.171
    37.180     0.272     0.121    -0.265
    37.190     0.204     0.116    -0.319
    37.200     0.100     0.081    -0.299
    37.210     0.033     0.036    -0.186
    37.220    -0.016     0.080    -0.085
    37.230    -0.051     0.125     0.002
    37.240    -0.046     0.158     0.070
    37.250    -0.012     0.173     0.115
    37.260    -0.040     0.151     0.140
    37.270    -0.110     0.141     0.135
    37.280    -0.152     0.125     0.125
    37.290    -0.169     0.113     0.112
    37.300    -0.184     0.041     0.124
    37.310    -0.215    -0.053     0.124
    37.320    -0.194    -0.091     0.077
    37.330    -0.093    -0.135     0.033
    37.340     0.057    -0.181     0.033
    37.350     0.187    -0.203     0.056
    37.360     0.206    -0.139     0.051
    37.370     0.152    -0.063     0.041
    37.380     0.057    -0.021     0.027
    37.390    -0.040     0.014     0.025
    37.400    -0.095     0.011     0.050
    37.410    -0.094     0.015     0.050
    37.420    -0.027    -0.022     0.060
    37.430    -0.005    -0.044     0.065
    37.440    -0.061    -0.057     0.029
    37.450    -0.138    -0.074     0.002
    37.460    -0.185    -0.042    -0.006
    37.470    -0.161    -0.026     0.004
    37.480    -0.109    -0.021     0.025
    37.490    -0.030    -0.086     0.044
    37.500     0.011    -0.048     0.044
    37.510     0.024     0.071     0.030
    37.520     0.052     0.109     0.018
    37.530     0.026     0.161     0.002
    37.540     0.020     0.138     0.018
    37.550     0.034     0.132     0.056
    37.560     0.069     0.124     0.032
    37.570     0.123     0.114    -0.017
    37.580     0.151     0.108    -0.043
    37.590     0.185     0.021    -0.054
    37.600     0.168     0.035    -0.048
    37.610     0.138     0.028    -0.063
    37.620     0.082    -0.015    -0.069
    37.630    -0.008    -0.071    -0.062
    37.640    -0.054    -0.170    -0.067
    37.650    -0.060    -0.147    -0.080
    37.660    -0.020    -0.126    -0.098
    37.670     0.009    -0.114    -0.063
    37.680     0.007    -0.100    -0.026
    37.690    -0.048    -0.086    -0.016
    37.700    -0.143    -0.034     0.021
    37.710    -0.177    -0.003     0.043
    37.720    -0.139     0.051     0.027
    37.730    -0.079     0.055     0.017
    37.740    -0.048     0.021     0.034
    37.750     0.004     0.011     0.038
    37.760     0.038     0.038     0.015
    37.770     0.010     0.070     0.003
    37.780    -0.020     0.073     0.027
    37.790    -0.028     0.086     0.043
    37.800    -0.006     0.047     0.009
    37.810    -0.008     0.022    -0.001
    37.820     0.005     0.008     0.000
    37.830     0.018    -0.007    -0.044
    37.840     0.011    -0.015    -0.101
    37.850     0.075    -0.084    -0.116
    37.860     0.123    -0.090    -0.084
    37.870     0.135    -0.073    -0.052
    37.880     0.149    -0.009     0.009
    37.890     0.158     0.049     0.052
    37.900     0.153     0.010     0.057
    37.910     0.078    -0.010     0.047
    37.920    -0.022    -0.097    -0.005
    37.930    -0.120    -0.127    -0.036
    37.940    -0.210    -0.108    -0.053
    37.950    -0.211    -0.115    -0.059
    37.960    -0.130    -0.070    -0.037
    37.970    -0.079    -0.041    -0.019
    37.980    -0.121     0.050    -0.002
    37.990    -0.141     0.092    -0.015
    38.000    -0.061     0.035    -0.059
    38.010     0.032    -0.006    -0.062
    38.020     0.050    -0.034    -0.008
    38.030     0.044    -0.011     0.020
    38.040     0.051    -0.003     0.012
    38.050     0.037    -0.059    -0.014
    38.060     0.022    -0.130    -0.011
    38.070    -0.026    -0.114    -0.004
    38.080    -0.054    -0.039    -0.031
    38.090    -0.054     0.038    -0.043
    38.100    -0.027     0.087    -0.053
    38.110     0.038     0.105    -0.005
    38.120     0.030     0.131     0.019
    38.130    -0.004     0.112     0.031
    38.140    -0.073     0.109     0.093
    38.150    -0.088     0.083     0.090
    38.160     0.029     0.030     0.083
    38.170     0.157    -0.022     0.084
    38.180     0.269    -0.107     0.141
    38.190     0.254    -0.090     0.156
    38.200     0.148    -0.067     0.075
    38.210     0.038    -0.056     0.027
    38.220    -0.010     0.003     0.012
    38.230     0.008     0.033     0.021
    38.240    -0.009     0.075    -0.015
    38.250    -0.038     0.081    -0.027
    38.260    -0.105     0.081    -0.060
    38.270    -0.138     0.082    -0.101
    38.280    -0.110     0.017    -0.082
    38.290    -0.094     0.005    -0.041
    38.300    -0.114     0.016     0.006
    38.310    -0.150     0.066    -0.011
    38.320    -0.116     0.114     0.004
    38.330    -0.027     0.058     0.048
    38.340     0.062     0.066     0.099
    38.350     0.111     0.072     0.118
    38.360     0.086     0.098     0.105
    38.370     0.030     0.104     0.064
    38.380    -0.004     0.010    -0.009
    38.390     0.001    -0.025     0.003
    38.400     0.057    -0.061    -0.011
    38.410     0.115    -0.045    -0.031
    38.420     0.134    -0.036    -0.038
    38.430     0.092    -0.036    -0.071
    38.440     0.031     0.004    -0.098
    38.450    -0.014     0.007    -0.160
    38.460    -0.072     0.001    -0.179
    38.470    -0.120    -0.059    -0.168
    38.480    -0.148    -0.109    -0.168
    38.490    -0.120    -0.155    -0.100
    38.500    -0.088    -0.159    -0.016
    38.510    -0.081    -0.113     0.049
    38.520    -0.097    -0.102     0.106
    38.530    -0.115    -0.107     0.112
    38.540    -0.102    -0.104     0.124
    38.550    -0.117    -0.088     0.116
    38.560    -0.100    -0.071     0.115
    38.570    -0.039    -0.004     0.103
    38.580     0.068     0.034     0.069
    38.590     0.137     0.057     0.050
    38.600     0.124     0.083    -0.061
    38.610     0.116     0.073    -0.129
    38.620     0.095     0.073    -0.168
    38.630     0.095     0.036    -0.140
    38.640     0.080     0.007    -0.071
    38.650     0.074    -0.025    -0.063
    38.660     0.063    -0.018    -0.024
    38.670     0.028     0.057    -0.032
    38.680     0.008     0.115     0.022
    38.690    -0.039     0.156     0.052
    38.700    -0.045     0.137     0.051
    38.710    -0.017     0.090     0.050
    38.720     0.073     0.075    -0.033
    38.730     0.154     0.066    -0.045
    38.740     0.153    -0.013    -0.062
    38.750     0.084    -0.104    -0.029
    38.760    -0.069    -0.125     0.015
    38.770    -0.190    -0.109     0.092
    38.780    -0.278    -0.089     0.183
    38.790    -0.235    -0.127     0.133
    38.800    -0.122    -0.140     0.081
    38.810    -0.085    -0.120     0.003
    38.820    -0.012    -0.109    -0.008
    38.830     0.081    -0.081    -0.037
    38.840     0.216    -0.068    -0.080
    38.850     0.290    -0.023     0.003
    38.860     0.314     0.016     0.020
    38.870     0.347     0.060     0.017
    38.880     0.288     0.099    -0.033
    38.890     0.200     0.094    -0.057
    38.900     0.010     0.145    -0.066
    38.910    -0.207     0.164    -0.122
    38.920    -0.324     0.160    -0.045
    38.930    -0.354     0.181     0.035
    38.940    -0.277     0.142     0.095
    38.950    -0.172     0.111     0.090
    38.960    -0.017     0.057     0.051
    38.970     0.065     0.032     0.097
    38.980     0.025     0.032     0.103
    38.990    -0.019    -0.044     0.116
    39.000    -0.109    -0.058     0.085
    39.010    -0.135    -0.104     0.074
    39.020    -0.067    -0.120     0.104
    39.030     0.060    -0.056     0.057
    39.040     0.203    -0.032     0.002
    39.050     0.212     0.031    -0.078
    39.060     0.174     0.027    -0.122
    39.070     0.111     0.083    -0.137
    39.080     0.049     0.144    -0.131
    39.090     0.064     0.105    -0.083
    39.100     0.055     0.070    -0.081
    39.110     0.029    -0.090    -0.109
    39.120    -0.058    -0.149    -0.116
    39.130    -0.180    -0.169    -0.065
    39.140    -0.248    -0.189    -0.006
    39.150    -0.313    -0.115     0.019
    39.160    -0.275    -0.153     0.029
    39.170    -0.164    -0.130     0.077
    39.180    -0.058    -0.074     0.130
    39.190     0.023    -0.018     0.085
    39.200     0.003     0.057     0.034
    39.210    -0.002     0.037    -0.012
    39.220     0.020     0.039    -0.047
    39.230     0.001     0.003    -0.037
    39.240     0.019    -0.023    -0.034
    39.250     0.045     0.027    -0.009
    39.260     0.056     0.064    -0.032
    39.270     0.040     0.077    -0.053
    39.280    -0.014     0.043    -0.032
    39.290    -0.065     0.045    -0.062
    39.300    -0.079     0.086    -0.087
    39.310    -0.016     0.069    -0.133
    39.320     0.070     0.054    -0.138
    39.330     0.097     0.080    -0.097
    39.340     0.081     0.085    -0.060
    39.350     0.046     0.087     0.018
    39.360     0.012     0.076     0.088
    39.370     0.009     0.030     0.178
    39.380     0.016    -0.012     0.184
    39.390    -0.022    -0.028     0.082
    39.400    -0.092    -0.001    -0.002
    39.410    -0.091    -0.037    -0.073
    39.420    -0.017    -0.123    -0.103
    39.430     0.002    -0.151    -0.139
    39.440    -0.040    -0.167    -0.104
    39.450    -0.036    -0.126    -0.003
    39.460     0.029    -0.056     0.041
    39.470     0.101    -0.027     0.109
    39.480     0.158    -0.007     0.147
    39.490     0.140     0.026     0.144
    39.500     0.060     0.078     0.114
    39.510     0.011     0.104     0.079
    39.520    -0.019     0.124     0.090
    39.530    -0.045     0.107     0.087
    39.540    -0.020     0.063     0.126
    39.550     0.056     0.050     0.159
    39.560     0.106     0.072     0.164
    39.570     0.119     0.131     0.204
    39.580     0.126     0.154     0.221
    39.590     0.091     0.192     0.231
    39.600     0.049     0.201     0.219
    39.610     0.033     0.095     0.171
    39.620     0.025    -0.004     0.093
    39.630     0.007    -0.073    -0.004
    39.640    -0.061    -0.146    -0.042
    39.650    -0.155    -0.213    -0.041
    39.660    -0.194    -0.206    -0.046
    39.670    -0.174    -0.099    -0.044
    39.680    -0.168     0.030    -0.024
    39.690    -0.148     0.095    -0.025
    39.700    -0.117     0.144    -0.055
    39.710    -0.065     0.184    -0.064
    39.720     0.007     0.150    -0.037
    39.730     0.010     0.124    -0.059
    39.740     0.059     0.081    -0.152
    39.750     0.185     0.059    -0.208
    39.760     0.323     0.071    -0.241
    39.770     0.391     0.062    -0.214
    39.780     0.259     0.031    -0.149
    39.790     0.092    -0.125    -0.105
    39.800    -0.052    -0.250     0.025
    39.810    -0.151    -0.347     0.167
    39.820    -0.153    -0.455     0.294
    39.830    -0.152    -0.459     0.344
    39.840    -0.102    -0.464     0.288
    39.850    -0.083    -0.396     0.186
    39.860    -0.055    -0.333     0.003
    39.870    -0.023    -0.246    -0.148
    39.880    -0.055    -0.080    -0.283
    39.890    -0.044     0.011    -0.376
    39.900    -0.077     0.107    -0.423
    39.910    -0.096     0.123    -0.412
    39.920    -0.128     0.120    -0.310
    39.930    -0.200     0.107    -0.246
    39.940    -0.193     0.064    -0.153
    39.950    -0.160     0.133    -0.049
    39.960    -0.074     0.148     0.092
    39.970     0.015     0.139     0.205
    39.980     0.096     0.149     0.190
    39.990     0.142     0.144     0.137
    40.000     0.148     0.173     0.094
    40.010     0.197     0.187     0.086
    40.020     0.240     0.222     0.050
    40.030     0.247     0.212     0.040
    40.040     0.200     0.146     0.057
    40.050     0.107     0.124     0.107
    40.060     0.035     0.097     0.174
    40.070     0.037     0.066     0.182
    40.080     0.078     0.021     0.108
    40.090     0.096    -0.007    -0.046
    40.100     0.087    -0.019    -0.176
    40.110     0.016    -0.030    -0.312
    40.120    -0.081    -0.008    -0.421
    40.130    -0.095    -0.086    -0.457
    40.140    -0.063    -0.210    -0.423
    40.150    -0.047    -0.315    -0.302
    40.160    -0.021    -0.366    -0.215
    40.170     0.018    -0.293    -0.143
    40.180     0.041    -0.181    -0.098
    40.190     0.023    -0.036    -0.074
    40.200     0.021     0.115     0.021
    40.210     0.057     0.255     0.114
    40.220     0.081     0.374     0.165
    40.230     0.101     0.407     0.159
    40.240     0.072     0.366     0.110
    40.250    -0.010     0.284     0.075
    40.260    -0.068     0.164     0.055
    40.270    -0.096     0.031     0.060
    40.280    -0.115    -0.036     0.067
    40.290    -0.140    -0.040     0.133
    40.300    -0.141    -0.048     0.257
    40.310    -0.144    -0.087     0.344
    40.320    -0.177    -0.167     0.433
    40.330    -0.183    -0.221     0.518
    40.340    -0.127    -0.218     0.578
    40.350    -0.023    -0.157     0.604
    40.360     0.076    -0.090     0.554
    40.370     0.119    -0.097     0.416
    40.380     0.081    -0.117     0.193
    40.390     0.026    -0.148     0.006
    40.400     0.014    -0.192    -0.113
    40.410     0.056    -0.235    -0.200
    40.420     0.124    -0.261    -0.229
    40.430     0.141    -0.248    -0.229
    40.440     0.116    -0.214    -0.151
    40.450     0.095    -0.110    -0.003
    40.460     0.079     0.043     0.131
    40.470     0.035     0.182     0.221
    40.480    -0.058     0.253     0.217
    40.490    -0.130     0.260     0.111
    40.500    -0.107     0.226    -0.087
    40.510    -0.038     0.134    -0.312
    40.520     0.022     0.028    -0.474
    40.530     0.074    -0.046    -0.581
    40.540     0.102    -0.033    -0.617
    40.550     0.094     0.044    -0.545
    40.560     0.053     0.127    -0.361
    40.570     0.023     0.188    -0.152
    40.580     0.040     0.210    -0.014
    40.590     0.071     0.235     0.067
    40.600     0.066     0.273     0.096
    40.610     0.017     0.295     0.073
    40.620     0.005     0.235    -0.009
    40.630     0.035     0.074    -0.098
    40.640     0.071    -0.089    -0.112
    40.650     0.089    -0.204    -0.075
    40.660     0.039    -0.298    -0.027
    40.670    -0.030    -0.391     0.049
    40.680    -0.060    -0.428     0.191
    40.690    -0.106    -0.368     0.348
    40.700    -0.209    -0.227     0.420
    40.710    -0.292    -0.027     0.387
    40.720    -0.275     0.178     0.249
    40.730    -0.184     0.351     0.072
    40.740    -0.066     0.441    -0.111
    40.750     0.021     0.452    -0.299
    40.760     0.041     0.439    -0.415
    40.770     0.031     0.373    -0.418
    40.780     0.051     0.227    -0.392
    40.790     0.091     0.037    -0.365
    40.800     0.092    -0.082    -0.255
    40.810     0.100    -0.139    -0.068
    40.820     0.105    -0.166     0.109
    40.830     0.055    -0.170     0.226
    40.840     0.008    -0.192     0.321
    40.850    -0.007    -0.187     0.387
    40.860     0.002    -0.191     0.402
    40.870     0.006    -0.238     0.369
    40.880     0.009    -0.341     0.229
    40.890     0.032    -0.457    -0.005
    40.900     0.068    -0.522    -0.215
    40.910     0.084    -0.520    -0.323
    40.920     0.043    -0.409    -0.321
    40.930    -0.001    -0.245    -0.260
    40.940     0.056    -0.036    -0.194
    40.950     0.211     0.209    -0.131
    40.960     0.331     0.410    -0.083
    40.970     0.289     0.622    -0.056
    40.980     0.129     0.787    -0.078
    40.990    -0.013     0.817    -0.105
    41.000    -0.066     0.692    -0.084
    41.010    -0.057     0.382    -0.043
    41.020    -0.059    -0.017    -0.021
    41.030    -0.075    -0.363    -0.042
    41.040    -0.140    -0.546    -0.030
    41.050    -0.235    -0.566     0.069
    41.060    -0.263    -0.453     0.175
    41.070    -0.247    -0.251     0.263
    41.080    -0.255    -0.089     0.335
    41.090    -0.250     0.029     0.361
    41.100    -0.177     0.142     0.278
    41.110    -0.065     0.212     0.120
    41.120     0.013     0.200    -0.013
    41.130     0.024     0.104    -0.132
    41.140     0.010    -0.052    -0.232
    41.150     0.045    -0.223    -0.257
    41.160     0.134    -0.311    -0.179
    41.170     0.204    -0.254    -0.045
    41.180     0.202    -0.084     0.102
    41.190     0.115     0.147     0.271
    41.200    -0.029     0.356     0.419
    41.210    -0.160     0.457     0.496
    41.220    -0.241     0.445     0.512
    41.230    -0.272     0.402     0.470
    41.240    -0.214     0.375     0.368
    41.250    -0.100     0.346     0.202
    41.260    -0.047     0.321     0.015
    41.270    -0.087     0.265    -0.131
    41.280    -0.104     0.119    -0.241
    41.290    -0.037    -0.105    -0.347
    41.300     0.045    -0.302    -0.425
    41.310     0.155    -0.415    -0.432
    41.320     0.271    -0.431    -0.412
    41.330     0.329    -0.362    -0.350
    41.340     0.349    -0.268    -0.219
    41.350     0.308    -0.175    -0.080
    41.360     0.211    -0.109    -0.006
    41.370     0.100    -0.053    -0.010
    41.380     0.050     0.008     0.007
    41.390     0.114     0.057     0.018
    41.400     0.192     0.085     0.013
    41.410     0.193     0.066     0.098
    41.420     0.117     0.005     0.272
    41.430    -0.009    -0.035     0.463
    41.440    -0.111    -0.045     0.591
    41.450    -0.140    -0.028     0.628
    41.460    -0.167     0.030     0.523
    41.470    -0.262     0.086     0.276
    41.480    -0.374     0.099    -0.006
    41.490    -0.444     0.075    -0.277
    41.500    -0.459     0.012    -0.481
    41.510    -0.447    -0.097    -0.566
    41.520    -0.408    -0.203    -0.548
    41.530    -0.285    -0.232    -0.410
    41.540    -0.091    -0.218    -0.172
    41.550     0.113    -0.249     0.054
    41.560     0.264    -0.265     0.160
    41.570     0.303    -0.164     0.116
    41.580     0.265     0.047    -0.003
    41.590     0.207     0.293    -0.159
    41.600     0.182     0.438    -0.342
    41.610     0.211     0.429    -0.475
    41.620     0.251     0.351    -0.474
    41.630     0.256     0.294    -0.305
    41.640     0.177     0.267    -0.003
    41.650     0.048     0.237     0.329
    41.660    -0.065     0.223     0.555
    41.670    -0.165     0.181     0.613
    41.680    -0.251     0.122     0.510
    41.690    -0.325     0.129     0.310
    41.700    -0.360     0.179     0.090
    41.710    -0.316     0.213    -0.137
    41.720    -0.201     0.160    -0.363
    41.730    -0.064     0.046    -0.529
    41.740     0.034    -0.054    -0.602
    41.750     0.064    -0.107    -0.617
    41.760     0.033    -0.138    -0.546
    41.770     0.010    -0.227    -0.370
    41.780     0.021    -0.322    -0.144
    41.790     0.041    -0.385     0.101
    41.800     0.100    -0.449     0.336
    41.810     0.192    -0.453     0.512
    41.820     0.261    -0.397     0.561
    41.830     0.240    -0.297     0.500
    41.840     0.163    -0.165     0.447
    41.850     0.113    -0.045     0.463
    41.860     0.109     0.048     0.540
    41.870     0.173     0.066     0.567
    41.880     0.197     0.081     0.444
    41.890     0.087     0.190     0.267
    41.900    -0.063     0.327     0.139
    41.910    -0.178     0.419     0.005
    41.920    -0.257     0.440    -0.186
    41.930    -0.341     0.382    -0.355
    41.940    -0.401     0.214    -0.452
    41.950    -0.342     0.016    -0.503
    41.960    -0.185    -0.125    -0.498
    41.970    -0.028    -0.262    -0.426
    41.980     0.074    -0.411    -0.335
    41.990     0.145    -0.547    -0.287
    42.000     0.235    -0.623    -0.203
    42.010     0.346    -0.660    -0.022
    42.020     0.405    -0.631     0.121
    42.030     0.379    -0.489     0.185
    42.040     0.349    -0.324     0.255
    42.050     0.310    -0.092     0.287
    42.060     0.142     0.249     0.172
    42.070    -0.115     0.527    -0.075
    42.080    -0.291     0.598    -0.374
    42.090    -0.320     0.523    -0.632
    42.100    -0.232     0.435    -0.758
    42.110    -0.075     0.314    -0.767
    42.120     0.071     0.171    -0.678
    42.130     0.122     0.071    -0.482
    42.140     0.058    -0.022    -0.224
    42.150    -0.106    -0.099     0.018
    42.160    -0.259    -0.107     0.143
    42.170    -0.248    -0.074     0.119
    42.180    -0.085    -0.080     0.087
    42.190     0.068    -0.130     0.176
    42.200     0.076    -0.142     0.330
    42.210    -0.041    -0.114     0.477
    42.220    -0.153    -0.114     0.602
    42.230    -0.178    -0.084     0.638
    42.240    -0.133    -0.008     0.551
    42.250    -0.058     0.029     0.396
    42.260     0.010     0.070     0.260
    42.270     0.056     0.209     0.190
    42.280     0.106     0.406     0.163
    42.290     0.175     0.550     0.139
    42.300     0.205     0.623     0.070
    42.310     0.174     0.567    -0.047
    42.320     0.119     0.340    -0.131
    42.330     0.068     0.040    -0.094
    42.340     0.073    -0.227     0.062
    42.350     0.114    -0.459     0.211
    42.360     0.076    -0.666     0.294
    42.370    -0.097    -0.731     0.316
    42.380    -0.272    -0.628     0.258
    42.390    -0.291    -0.459     0.099
    42.400    -0.198    -0.272    -0.135
    42.410    -0.101    -0.117    -0.365
    42.420     0.012    -0.002    -0.531
    42.430     0.123     0.142    -0.593
    42.440     0.194     0.247    -0.548
    42.450     0.187     0.277    -0.413
    42.460     0.111     0.235    -0.309
    42.470     0.030     0.160    -0.224
    42.480    -0.040     0.074    -0.072
    42.490    -0.042    -0.011     0.099
    42.500    -0.025    -0.027     0.252
    42.510    -0.027    -0.036     0.423
    42.520    -0.046    -0.023     0.600
    42.530    -0.110    -0.030     0.665
    42.540    -0.210    -0.057     0.603
    42.550    -0.237    -0.011     0.438
    42.560    -0.163     0.077     0.264
    42.570    -0.073     0.144     0.103
    42.580    -0.004     0.178    -0.066
    42.590    -0.005     0.210    -0.217
    42.600     0.027     0.211    -0.304
    42.610     0.105     0.176    -0.305
    42.620     0.158     0.065    -0.318
    42.630     0.154    -0.050    -0.345
    42.640     0.087    -0.113    -0.387
    42.650    -0.015    -0.119    -0.408
    42.660    -0.116    -0.154    -0.365
    42.670    -0.179    -0.239    -0.244
    42.680    -0.253    -0.258    -0.064
    42.690    -0.319    -0.287     0.162
    42.700    -0.327    -0.381     0.401
    42.710    -0.290    -0.442     0.540
    42.720    -0.205    -0.387     0.576
    42.730    -0.062    -0.286     0.511
    42.740     0.053    -0.132     0.377
    42.750     0.103     0.061     0.204
    42.760     0.116     0.203     0.037
    42.770     0.104     0.257    -0.068
    42.780     0.110     0.245    -0.140
    42.790     0.128     0.237    -0.188
    42.800     0.149     0.267    -0.229
    42.810     0.191     0.377    -0.233
    42.820     0.221     0.476    -0.193
    42.830     0.193     0.492    -0.157
    42.840     0.089     0.445    -0.143
    42.850    -0.060     0.381    -0.195
    42.860    -0.144     0.349    -0.263
    42.870    -0.142     0.297    -0.263
    42.880    -0.106     0.167    -0.224
    42.890    -0.062     0.030    -0.187
    42.900    -0.007    -0.071    -0.168
    42.910     0.027    -0.187    -0.160
    42.920     0.030    -0.344    -0.130
    42.930     0.057    -0.531    -0.073
    42.940     0.125    -0.600    -0.010
    42.950     0.214    -0.507     0.032
    42.960     0.317    -0.363     0.003
    42.970     0.402    -0.144    -0.103
    42.980     0.412     0.152    -0.211
    42.990     0.354     0.375    -0.251
    43.000     0.266     0.429    -0.231
    43.010     0.187     0.354    -0.166
    43.020     0.110     0.252    -0.025
    43.030     0.023     0.174     0.155
    43.040    -0.029     0.132     0.288
    43.050    -0.046     0.094     0.330
    43.060    -0.028     0.028     0.340
    43.070    -0.027     0.020     0.347
    43.080    -0.088     0.050     0.318
    43.090    -0.141     0.048     0.309
    43.100    -0.146    -0.005     0.320
    43.110    -0.152    -0.111     0.270
    43.120    -0.173    -0.213     0.160
    43.130    -0.187    -0.324     0.019
    43.140    -0.183    -0.427    -0.142
    43.150    -0.171    -0.476    -0.291
    43.160    -0.139    -0.457    -0.397
    43.170    -0.062    -0.363    -0.386
    43.180     0.004    -0.220    -0.251
    43.190     0.050    -0.081    -0.103
    43.200     0.124     0.005    -0.030
    43.210     0.209     0.059    -0.034
    43.220     0.261     0.103    -0.042
    43.230     0.239     0.100    -0.024
    43.240     0.162     0.049    -0.012
    43.250     0.080     0.029    -0.011
    43.260    -0.002     0.059     0.070
    43.270    -0.061     0.054     0.286
    43.280    -0.058     0.008     0.501
    43.290    -0.056     0.008     0.553
    43.300    -0.111     0.058     0.508
    43.310    -0.168     0.135     0.471
    43.320    -0.204     0.262     0.385
    43.330    -0.234     0.423     0.230
    43.340    -0.249     0.560     0.058
    43.350    -0.202     0.584    -0.072
    43.360    -0.119     0.488    -0.148
    43.370    -0.071     0.315    -0.225
    43.380     0.005     0.134    -0.356
    43.390     0.109     0.026    -0.508
    43.400     0.218    -0.076    -0.546
    43.410     0.343    -0.216    -0.427
    43.420     0.403    -0.362    -0.319
    43.430     0.357    -0.477    -0.299
    43.440     0.213    -0.525    -0.271
    43.450     0.041    -0.489    -0.158
    43.460    -0.090    -0.365     0.008
    43.470    -0.159    -0.218     0.181
    43.480    -0.171    -0.106     0.346
    43.490    -0.172    -0.044     0.466
    43.500    -0.198     0.040     0.560
    43.510    -0.244     0.159     0.593
    43.520    -0.299     0.255     0.645
    43.530    -0.330     0.280     0.724
    43.540    -0.294     0.257     0.723
    43.550    -0.241     0.233     0.624
    43.560    -0.188     0.194     0.459
    43.570    -0.136     0.198     0.308
    43.580    -0.030     0.170     0.088
    43.590     0.144     0.122    -0.141
    43.600     0.287     0.107    -0.353
    43.610     0.376     0.115    -0.580
    43.620     0.378     0.185    -0.810
    43.630     0.351     0.210    -0.991
    43.640     0.280     0.176    -0.980
    43.650     0.172     0.026    -0.896
    43.660     0.116    -0.192    -0.764
    43.670     0.051    -0.347    -0.619
    43.680     0.043    -0.492    -0.448
    43.690     0.033    -0.548    -0.175
    43.700    -0.010    -0.484     0.044
    43.710    -0.004    -0.345     0.259
    43.720    -0.085    -0.218     0.439
    43.730    -0.200    -0.194     0.537
    43.740    -0.281    -0.136     0.556
    43.750    -0.270    -0.096     0.474
    43.760    -0.195    -0.103     0.442
    43.770    -0.190    -0.053     0.378
    43.780    -0.154    -0.004     0.250
    43.790    -0.116     0.106     0.075
    43.800    -0.052     0.185    -0.183
    43.810     0.028     0.274    -0.383
    43.820     0.038     0.362    -0.506
    43.830     0.041     0.329    -0.529
    43.840    -0.047     0.287    -0.514
    43.850    -0.093     0.102    -0.512
    43.860    -0.032    -0.075    -0.495
    43.870     0.041    -0.175    -0.484
    43.880     0.124    -0.226    -0.375
    43.890     0.098    -0.132    -0.293
    43.900     0.045    -0.053    -0.252
    43.910     0.037     0.042    -0.163
    43.920     0.105     0.074    -0.010
    43.930     0.265     0.072     0.229
    43.940     0.369     0.101     0.402
    43.950     0.405     0.071     0.485
    43.960     0.355     0.098     0.477
    43.970     0.219     0.171     0.494
    43.980     0.061     0.220     0.545
    43.990    -0.111     0.198     0.546
    44.000    -0.209     0.070     0.515
    44.010    -0.199    -0.051     0.463
    44.020    -0.106    -0.151     0.446
    44.030     0.012    -0.235     0.374
    44.040     0.027    -0.234     0.265
    44.050    -0.036    -0.130     0.147
    44.060    -0.104     0.045     0.040
    44.070    -0.159     0.096    -0.062
    44.080    -0.201    -0.005    -0.172
    44.090    -0.219    -0.136    -0.151
    44.100    -0.150    -0.239    -0.067
    44.110    -0.062    -0.257     0.051
    44.120     0.007    -0.231     0.124
    44.130     0.052    -0.122     0.103
    44.140     0.029     0.029     0.060
    44.150     0.018     0.140    -0.064
    44.160     0.008     0.208    -0.201
    44.170    -0.040     0.245    -0.316
    44.180    -0.075     0.289    -0.335
    44.190    -0.081     0.300    -0.253
    44.200    -0.082     0.268    -0.163
    44.210    -0.160     0.243    -0.018
    44.220    -0.265     0.235     0.064
    44.230    -0.296     0.228     0.022
    44.240    -0.200     0.190    -0.062
    44.250    -0.026     0.055    -0.164
    44.260     0.110    -0.091    -0.217
    44.270     0.203    -0.156    -0.238
    44.280     0.200    -0.144    -0.209
    44.290     0.123    -0.062    -0.131
    44.300     0.087    -0.055    -0.114
    44.310     0.135    -0.134    -0.089
    44.320     0.222    -0.205     0.013
    44.330     0.260    -0.233     0.210
    44.340     0.247    -0.212     0.404
    44.350     0.200    -0.157     0.434
    44.360     0.165    -0.054     0.367
    44.370     0.151     0.018     0.222
    44.380     0.155     0.039     0.022
    44.390     0.213     0.029    -0.173
    44.400     0.241     0.011    -0.292
    44.410     0.197    -0.019    -0.231
    44.420     0.125    -0.063    -0.099
    44.430     0.026    -0.037     0.059
    44.440    -0.113    -0.009     0.260
    44.450    -0.285    -0.028     0.434
    44.460    -0.434    -0.084     0.445
    44.470    -0.492    -0.131     0.298
    44.480    -0.450    -0.085     0.219
    44.490    -0.364     0.003     0.226
    44.500    -0.289     0.101     0.293
    44.510    -0.182     0.115     0.351
    44.520    -0.044     0.054     0.301
    44.530     0.052     0.041     0.189
    44.540     0.067     0.038     0.001
    44.550     0.005     0.037    -0.155
    44.560    -0.038     0.050    -0.218
    44.570    -0.028     0.101    -0.252
    44.580     0.009     0.126    -0.236
    44.590     0.033     0.163    -0.217
    44.600     0.032     0.288    -0.276
    44.610     0.053     0.330    -0.436
    44.620     0.072     0.262    -0.619
    44.630     0.085     0.118    -0.713
    44.640     0.059    -0.013    -0.695
    44.650    -0.004    -0.078    -0.560
    44.660    -0.036    -0.109    -0.323
    44.670    -0.024    -0.124    -0.058
    44.680     0.009    -0.284     0.163
    44.690    -0.014    -0.515     0.309
    44.700    -0.047    -0.661     0.379
    44.710    -0.041    -0.709     0.400
    44.720    -0.006    -0.667     0.406
    44.730     0.052    -0.556     0.400
    44.740     0.082    -0.389     0.383
    44.750     0.111    -0.228     0.352
    44.760     0.125    -0.062     0.252
    44.770     0.084     0.129     0.048
    44.780     0.042     0.297    -0.204
    44.790     0.029     0.456    -0.416
    44.800     0.016     0.571    -0.552
    44.810    -0.031     0.626    -0.541
    44.820    -0.099     0.604    -0.397
    44.830    -0.135     0.488    -0.213
    44.840    -0.115     0.369    -0.054
    44.850    -0.023     0.255     0.032
    44.860     0.044     0.159     0.079
    44.870     0.025     0.050     0.061
    44.880    -0.028    -0.026     0.058
    44.890    -0.062    -0.073     0.084
    44.900    -0.013    -0.159     0.079
    44.910     0.103    -0.173     0.043
    44.920     0.273    -0.170    -0.017
    44.930     0.378    -0.103    -0.010
    44.940     0.418    -0.047     0.021
    44.950     0.377    -0.028     0.042
    44.960     0.224     0.004     0.022
    44.970     0.129     0.032     0.018
    44.980     0.088     0.102     0.027
    44.990     0.068     0.106     0.022
    45.000     0.027     0.099     0.050
    45.010    -0.005     0.083     0.040
    45.020    -0.097     0.085     0.069
    45.030    -0.257     0.058     0.153
    45.040    -0.333    -0.007     0.281
    45.050    -0.371    -0.021     0.365
    45.060    -0.367    -0.060     0.436
    45.070    -0.348    -0.104     0.508
    45.080    -0.285    -0.105     0.497
    45.090    -0.182    -0.017     0.478
    45.100    -0.092     0.043     0.420
    45.110    -0.012     0.074     0.343
    45.120     0.016     0.067     0.181
    45.130     0.005     0.031     0.003
    45.140    -0.036     0.012    -0.132
    45.150    -0.129    -0.017    -0.257
    45.160    -0.253    -0.033    -0.344
    45.170    -0.303    -0.073    -0.373
    45.180    -0.274    -0.136    -0.330
    45.190    -0.178    -0.190    -0.340
    45.200    -0.030    -0.108    -0.353
    45.210     0.115     0.031    -0.364
    45.220     0.270     0.118    -0.307
    45.230     0.425     0.086    -0.113
    45.240     0.542    -0.012     0.055
    45.250     0.553    -0.112     0.121
    45.260     0.444    -0.269     0.071
    45.270     0.291    -0.365    -0.029
    45.280     0.148    -0.405    -0.151
    45.290     0.012    -0.437    -0.279
    45.300    -0.090    -0.493    -0.351
    45.310    -0.122    -0.475    -0.315
    45.320    -0.121    -0.352    -0.193
    45.330    -0.137    -0.221    -0.026
    45.340    -0.205    -0.104     0.127
    45.350    -0.318     0.000     0.181
    45.360    -0.413     0.122     0.176
    45.370    -0.442     0.188     0.104
    45.380    -0.387     0.199    -0.096
    45.390    -0.279     0.195    -0.348
    45.400    -0.112     0.236    -0.484
    45.410     0.044     0.346    -0.471
    45.420     0.158     0.458    -0.325
    45.430     0.301     0.496    -0.110
    45.440     0.423     0.471     0.076
    45.450     0.464     0.418     0.224
    45.460     0.405     0.331     0.243
    45.470     0.336     0.256     0.202
    45.480     0.263     0.158     0.186
    45.490     0.184    -0.013     0.165
    45.500     0.074    -0.213     0.128
    45.510    -0.129    -0.346     0.082
    45.520    -0.294    -0.406     0.111
    45.530    -0.359    -0.437     0.146
    45.540    -0.316    -0.455     0.139
    45.550    -0.215    -0.428     0.109
    45.560    -0.097    -0.327     0.086
    45.570     0.044    -0.209     0.086
    45.580     0.203    -0.093     0.093
    45.590     0.371     0.027     0.125
    45.600     0.472     0.150     0.156
    45.610     0.482     0.202     0.164
    45.620     0.438     0.213     0.083
    45.630     0.352     0.233    -0.059
    45.640     0.204     0.214    -0.160
    45.650     0.039     0.184    -0.199
    45.660    -0.132     0.170    -0.193
    45.670    -0.280     0.188    -0.144
    45.680    -0.334     0.191    -0.003
    45.690    -0.290     0.161     0.195
    45.700    -0.219     0.137     0.326
    45.710    -0.193     0.107     0.334
    45.720    -0.183     0.085     0.245
    45.730    -0.139     0.075     0.126
    45.740     0.012    -0.001     0.004
    45.750     0.183    -0.145    -0.163
    45.760     0.236    -0.184    -0.332
    45.770     0.199    -0.057    -0.403
    45.780     0.184     0.104    -0.356
    45.790     0.228     0.165    -0.296
    45.800     0.245     0.125    -0.313
    45.810     0.193     0.041    -0.350
    45.820     0.087    -0.047    -0.370
    45.830    -0.005    -0.108    -0.354
    45.840    -0.081    -0.172    -0.311
    45.850    -0.205    -0.232    -0.182
    45.860    -0.378    -0.212     0.051
    45.870    -0.509    -0.142     0.273
    45.880    -0.509    -0.134     0.394
    45.890    -0.440    -0.148     0.370
    45.900    -0.359    -0.113     0.272
    45.910    -0.270    -0.029     0.131
    45.920    -0.160     0.083    -0.014
    45.930    -0.053     0.170    -0.102
    45.940     0.070     0.221    -0.138
    45.950     0.216     0.264    -0.166
    45.960     0.263     0.316    -0.239
    45.970     0.225     0.351    -0.275
    45.980     0.204     0.341    -0.219
    45.990     0.193     0.273    -0.129
    46.000     0.100     0.158    -0.047
    46.010    -0.032    -0.008     0.046
    46.020    -0.062    -0.207     0.144
    46.030     0.024    -0.360     0.227
    46.040     0.131    -0.400     0.293
    46.050     0.194    -0.316     0.354
    46.060     0.237    -0.225     0.384
    46.070     0.242    -0.144     0.360
    46.080     0.151    -0.035     0.314
    46.090    -0.037     0.034     0.217
    46.100    -0.208     0.019     0.061
    46.110    -0.250    -0.066    -0.094
    46.120    -0.180    -0.150    -0.177
    46.130    -0.067    -0.176    -0.198
    46.140     0.031    -0.125    -0.201
    46.150     0.136    -0.033    -0.222
    46.160     0.242     0.098    -0.267
    46.170     0.286     0.250    -0.254
    46.180     0.207     0.323    -0.175
    46.190     0.035     0.274    -0.059
    46.200    -0.163     0.147     0.039
    46.210    -0.347    -0.017     0.081
    46.220    -0.462    -0.164     0.092
    46.230    -0.456    -0.207     0.053
    46.240    -0.340    -0.183     0.014
    46.250    -0.255    -0.150    -0.017
    46.260    -0.256    -0.127    -0.044
    46.270    -0.224    -0.094    -0.006
    46.280    -0.092     0.043     0.073
    46.290     0.098     0.222     0.161
    46.300     0.276     0.311     0.187
    46.310     0.390     0.329     0.097
    46.320     0.443     0.327    -0.024
    46.330     0.450     0.297    -0.103
    46.340     0.429     0.228    -0.123
    46.350     0.404     0.130    -0.107
    46.360     0.353     0.071    -0.053
    46.370     0.296     0.048     0.086
    46.380     0.257     0.065     0.239
    46.390     0.205     0.121     0.326
    46.400     0.090     0.157     0.362
    46.410    -0.137     0.196     0.398
    46.420    -0.403     0.240     0.430
    46.430    -0.592     0.265     0.427
    46.440    -0.622     0.216     0.373
    46.450    -0.506     0.089     0.228
    46.460    -0.365    -0.064     0.016
    46.470    -0.268    -0.254    -0.202
    46.480    -0.230    -0.372    -0.372
    46.490    -0.213    -0.373    -0.477
    46.500    -0.164    -0.300    -0.522
    46.510    -0.023    -0.228    -0.472
    46.520     0.184    -0.224    -0.379
    46.530     0.358    -0.241    -0.304
    46.540     0.446    -0.235    -0.231
    46.550     0.420    -0.205    -0.154
    46.560     0.321    -0.227    -0.085
    46.570     0.195    -0.318    -0.055
    46.580     0.042    -0.386    -0.072
    46.590    -0.118    -0.393    -0.080
    46.600    -0.267    -0.371    -0.035
    46.610    -0.393    -0.309     0.034
    46.620    -0.469    -0.186     0.121
    46.630    -0.491    -0.040     0.214
    46.640    -0.472     0.121     0.223
    46.650    -0.406     0.320     0.186
    46.660    -0.269     0.502     0.174
    46.670    -0.093     0.589     0.164
    46.680     0.041     0.557     0.149
    46.690     0.115     0.405     0.108
    46.700     0.129     0.287     0.085
    46.710     0.101     0.276     0.080
    46.720     0.078     0.246     0.047
    46.730     0.103     0.157     0.006
    46.740     0.167     0.045    -0.034
    46.750     0.194    -0.046    -0.078
    46.760     0.190    -0.147    -0.108
    46.770     0.188    -0.261    -0.130
    46.780     0.179    -0.341    -0.129
    46.790     0.170    -0.386    -0.057
    46.800     0.180    -0.366     0.043
    46.810     0.221    -0.242     0.109
    46.820     0.240    -0.027     0.147
    46.830     0.178     0.223     0.161
    46.840     0.051     0.439     0.150
    46.850    -0.073     0.527     0.111
    46.860    -0.144     0.485     0.082
    46.870    -0.145     0.374     0.071
    46.880    -0.104     0.261     0.025
    46.890    -0.044     0.191    -0.067
    46.900     0.018     0.132    -0.187
    46.910     0.010     0.087    -0.280
    46.920    -0.090     0.035    -0.297
    46.930    -0.198    -0.041    -0.226
    46.940    -0.242    -0.114    -0.065
    46.950    -0.202    -0.155     0.126
    46.960    -0.085    -0.151     0.258
    46.970     0.035    -0.150     0.275
    46.980     0.102    -0.181     0.209
    46.990     0.144    -0.228     0.098
    47.000     0.182    -0.280    -0.027
    47.010     0.220    -0.309    -0.117
    47.020     0.258    -0.291    -0.166
    47.030     0.273    -0.238    -0.189
    47.040     0.241    -0.221    -0.173
    47.050     0.168    -0.273    -0.152
    47.060     0.078    -0.300    -0.192
    47.070    -0.011    -0.244    -0.254
    47.080    -0.068    -0.129    -0.261
    47.090    -0.038    -0.008    -0.190
    47.100     0.016     0.119    -0.067
    47.110     0.016     0.244     0.081
    47.120    -0.021     0.298     0.249
    47.130    -0.081     0.321     0.387
    47.140    -0.142     0.322     0.422
    47.150    -0.234     0.290     0.361
    47.160    -0.345     0.263     0.250
    47.170    -0.354     0.205     0.132
    47.180    -0.233     0.093     0.055
    47.190    -0.068    -0.025     0.006
    47.200     0.067    -0.115    -0.034
    47.210     0.136    -0.172    -0.058
    47.220     0.105    -0.180    -0.085
    47.230     0.022    -0.235    -0.086
    47.240    -0.003    -0.326    -0.092
    47.250     0.015    -0.343    -0.140
    47.260     0.017    -0.324    -0.182
    47.270     0.003    -0.281    -0.210
    47.280    -0.010    -0.227    -0.237
    47.290    -0.011    -0.153    -0.266
    47.300     0.007    -0.056    -0.249
    47.310     0.046     0.062    -0.163
    47.320     0.110     0.204    -0.070
    47.330     0.183     0.265    -0.018
    47.340     0.211     0.260     0.012
    47.350     0.146     0.281     0.071
    47.360     0.027     0.317     0.121
    47.370    -0.080     0.321     0.115
    47.380    -0.142     0.262     0.098
    47.390    -0.124     0.137     0.067
    47.400    -0.030    -0.017     0.000
    47.410     0.082    -0.133    -0.032
    47.420     0.163    -0.202     0.051
    47.430     0.198    -0.255     0.200
    47.440     0.184    -0.286     0.320
    47.450     0.126    -0.276     0.391
    47.460     0.052    -0.238     0.425
    47.470    -0.014    -0.206     0.439
    47.480    -0.058    -0.202     0.358
    47.490    -0.088    -0.187     0.171
    47.500    -0.118    -0.119     0.015
    47.510    -0.113    -0.039    -0.065
    47.520    -0.045     0.021    -0.090
    47.530     0.026     0.098    -0.091
    47.540     0.006     0.176    -0.087
    47.550    -0.087     0.190    -0.061
    47.560    -0.147     0.176    -0.037
    47.570    -0.135     0.191    -0.027
    47.580    -0.091     0.204    -0.017
    47.590    -0.051     0.166    -0.035
    47.600    -0.020     0.081    -0.120
    47.610    -0.016     0.013    -0.240
    47.620    -0.072    -0.047    -0.309
    47.630    -0.131    -0.177    -0.324
    47.640    -0.128    -0.385    -0.343
    47.650    -0.099    -0.616    -0.319
    47.660    -0.079    -0.747    -0.175
    47.670    -0.053    -0.690     0.030
    47.680     0.019    -0.470     0.153
    47.690     0.093    -0.182     0.165
    47.700     0.112     0.045     0.142
    47.710     0.093     0.198     0.141
    47.720     0.067     0.349     0.190
    47.730     0.079     0.514     0.238
    47.740     0.115     0.631     0.248
    47.750     0.100     0.669     0.238
    47.760     0.059     0.672     0.198
    47.770     0.049     0.619     0.114
    47.780     0.045     0.510    -0.003
    47.790     0.043     0.427    -0.096
    47.800     0.035     0.376    -0.140
    47.810     0.015     0.321    -0.110
    47.820    -0.004     0.230     0.001
    47.830    -0.055     0.111     0.093
    47.840    -0.123    -0.019     0.116
    47.850    -0.172    -0.192     0.084
    47.860    -0.169    -0.360     0.001
    47.870    -0.090    -0.430    -0.120
    47.880     0.035    -0.374    -0.220
    47.890     0.149    -0.252    -0.245
    47.900     0.243    -0.145    -0.166
    47.910     0.339    -0.056    -0.014
    47.920     0.369     0.063     0.139
    47.930     0.282     0.224     0.274
    47.940     0.161     0.363     0.334
    47.950     0.052     0.403     0.307
    47.960    -0.064     0.332     0.226
    47.970    -0.170     0.168     0.080
    47.980    -0.230    -0.025    -0.095
    47.990    -0.221    -0.117    -0.241
    48.000    -0.169    -0.072    -0.325
    48.010    -0.105     0.024    -0.372
    48.020    -0.074     0.104    -0.427
    48.030    -0.078     0.098    -0.490
    48.040    -0.059     0.015    -0.523
    48.050    -0.038    -0.061    -0.478
    48.060    -0.009    -0.128    -0.366
    48.070     0.046    -0.224    -0.212
    48.080     0.052    -0.344    -0.059
    48.090     0.018    -0.448     0.076
    48.100    -0.004    -0.524     0.200
    48.110     0.010    -0.559     0.280
    48.120     0.044    -0.556     0.322
    48.130     0.067    -0.534     0.385
    48.140     0.083    -0.455     0.464
    48.150     0.068    -0.282     0.534
    48.160     0.022    -0.072     0.569
    48.170    -0.007     0.082     0.528
    48.180    -0.015     0.193     0.419
    48.190    -0.008     0.294     0.261
    48.200     0.031     0.366     0.096
    48.210     0.095     0.422    -0.047
    48.220     0.159     0.448    -0.185
    48.230     0.169     0.449    -0.297
    48.240     0.106     0.471    -0.371
    48.250    -0.003     0.482    -0.438
    48.260    -0.158     0.452    -0.487
    48.270    -0.301     0.359    -0.487
    48.280    -0.362     0.204    -0.424
    48.290    -0.344     0.054    -0.291
    48.300    -0.261    -0.042    -0.102
    48.310    -0.140    -0.065     0.138
    48.320    -0.038    -0.099     0.377
    48.330     0.046    -0.208     0.498
    48.340     0.107    -0.309     0.480
    48.350     0.154    -0.342     0.396
    48.360     0.221    -0.268     0.272
    48.370     0.279    -0.135     0.107
    48.380     0.346    -0.009    -0.037
    48.390     0.396     0.109    -0.122
    48.400     0.346     0.185    -0.184
    48.410     0.205     0.182    -0.230
    48.420     0.025     0.043    -0.240
    48.430    -0.129    -0.166    -0.198
    48.440    -0.224    -0.312    -0.119
    48.450    -0.251    -0.366    -0.033
    48.460    -0.220    -0.307     0.057
    48.470    -0.185    -0.155     0.155
    48.480    -0.171     0.034     0.242
    48.490    -0.204     0.197     0.277
    48.500    -0.262     0.274     0.255
    48.510    -0.256     0.254     0.223
    48.520    -0.153     0.189     0.197
    48.530    -0.022     0.092     0.167
    48.540     0.072    -0.072     0.127
    48.550     0.122    -0.245     0.088
    48.560     0.137    -0.325     0.064
    48.570     0.131    -0.300     0.041
    48.580     0.118    -0.215    -0.018
    48.590     0.099    -0.111    -0.117
    48.600     0.081    -0.032    -0.214
    48.610     0.063     0.028    -0.279
    48.620     0.015     0.084    -0.276
    48.630    -0.033     0.088    -0.246
    48.640    -0.022     0.049    -0.260
    48.650     0.036     0.024    -0.263
    48.660     0.125     0.014    -0.213
    48.670     0.209     0.050    -0.122
    48.680     0.247     0.140    -0.008
    48.690     0.270     0.214     0.078
    48.700     0.251     0.214     0.088
    48.710     0.158     0.202     0.039
    48.720     0.051     0.239    -0.037
    48.730    -0.009     0.264    -0.135
    48.740    -0.005     0.226    -0.237
    48.750     0.000     0.117    -0.297
    48.760    -0.034     0.031    -0.257
    48.770    -0.065     0.022    -0.120
    48.780    -0.101     0.024     0.030
    48.790    -0.168    -0.016     0.119
    48.800    -0.219    -0.118     0.145
    48.810    -0.193    -0.189     0.129
    48.820    -0.126    -0.168     0.102
    48.830    -0.055    -0.082     0.090
    48.840     0.026    -0.006     0.064
    48.850     0.124     0.031     0.030
    48.860     0.213     0.037    -0.007
    48.870     0.257    -0.014    -0.076
    48.880     0.246    -0.069    -0.138
    48.890     0.141    -0.090    -0.160
    48.900    -0.009    -0.137    -0.130
    48.910    -0.132    -0.240    -0.057
    48.920    -0.245    -0.310    -0.008
    48.930    -0.353    -0.303    -0.002
    48.940    -0.436    -0.285    -0.008
    48.950    -0.462    -0.254    -0.034
    48.960    -0.446    -0.212    -0.088
    48.970    -0.373    -0.192    -0.114
    48.980    -0.210    -0.154    -0.077
    48.990     0.001    -0.071    -0.017
    49.000     0.218    -0.016     0.048
    49.010     0.362    -0.020     0.138
    49.020     0.415    -0.039     0.210
    49.030     0.417    -0.033     0.248
    49.040     0.369     0.006     0.287
    49.050     0.329     0.065     0.332
    49.060     0.277     0.124     0.356
    49.070     0.175     0.158     0.328
    49.080     0.063     0.206     0.270
    49.090    -0.031     0.293     0.222
    49.100    -0.063     0.368     0.190
    49.110    -0.055     0.374     0.129
    49.120    -0.087     0.332    -0.008
    49.130    -0.174     0.261    -0.147
    49.140    -0.265     0.164    -0.229
    49.150    -0.290     0.087    -0.302
    49.160    -0.250     0.022    -0.347
    49.170    -0.196    -0.045    -0.324
    49.180    -0.187    -0.062    -0.286
    49.190    -0.207    -0.046    -0.278
    49.200    -0.174    -0.045    -0.265
    49.210    -0.111    -0.078    -0.186
    49.220    -0.081    -0.149    -0.076
    49.230    -0.075    -0.246     0.008
    49.240    -0.069    -0.354     0.060
    49.250    -0.036    -0.451     0.124
    49.260     0.019    -0.527     0.231
    49.270     0.051    -0.517     0.317
    49.280     0.031    -0.386     0.384
    49.290    -0.002    -0.192     0.438
    49.300     0.019     0.012     0.441
    49.310     0.058     0.168     0.370
    49.320     0.045     0.254     0.231
    49.330    -0.035     0.322     0.095
    49.340    -0.149     0.390    -0.011
    49.350    -0.217     0.390    -0.094
    49.360    -0.205     0.322    -0.118
    49.370    -0.142     0.258    -0.041
    49.380    -0.063     0.194     0.087
    49.390    -0.003     0.147     0.170
    49.400     0.049     0.101     0.162
    49.410     0.110     0.007     0.088
    49.420     0.145    -0.089    -0.015
    49.430     0.160    -0.151    -0.151
    49.440     0.200    -0.206    -0.287
    49.450     0.265    -0.272    -0.380
    49.460     0.312    -0.298    -0.430
    49.470     0.276    -0.247    -0.457
    49.480     0.183    -0.151    -0.441
    49.490     0.112    -0.042    -0.387
    49.500     0.076     0.031    -0.333
    49.510     0.028     0.050    -0.290
    49.520    -0.015     0.085    -0.241
    49.530     0.014     0.164    -0.139
    49.540     0.060     0.231    -0.014
    49.550     0.054     0.241     0.050
    49.560     0.027     0.227     0.023
    49.570     0.009     0.242    -0.011
    49.580    -0.010     0.270     0.040
    49.590    -0.039     0.275     0.147
    49.600    -0.100     0.256     0.202
    49.610    -0.193     0.199     0.184
    49.620    -0.247     0.096     0.176
    49.630    -0.225    -0.008     0.164
    49.640    -0.168    -0.050     0.118
    49.650    -0.117    -0.050     0.099
    49.660    -0.080    -0.026     0.140
    49.670    -0.030     0.020     0.198
    49.680     0.032     0.073     0.223
    49.690     0.089     0.098     0.230
    49.700     0.125     0.083     0.231
    49.710     0.153     0.054     0.213
    49.720     0.198     0.019     0.177
    49.730     0.227     0.006     0.147
    49.740     0.225     0.010     0.088
    49.750     0.192    -0.001    -0.031
    49.760     0.129    -0.037    -0.163
    49.770     0.042    -0.100    -0.241
    49.780    -0.067    -0.167    -0.241
    49.790    -0.181    -0.223    -0.212
    49.800    -0.275    -0.283    -0.183
    49.810    -0.316    -0.334    -0.147
    49.820    -0.292    -0.338    -0.111
    49.830    -0.230    -0.274    -0.082
    49.840    -0.217    -0.169    -0.054
    49.850    -0.251    -0.097    -0.034
    49.860    -0.251    -0.068    -0.038
    49.870    -0.204    -0.073    -0.049
    49.880    -0.115    -0.088    -0.016
    49.890    -0.034    -0.078     0.027
    49.900     0.017    -0.039     0.019
    49.910     0.035     0.026    -0.002
    49.920     0.000     0.047    -0.007
    49.930    -0.043     0.022    -0.039
    49.940    -0.077     0.025    -0.135
    49.950    -0.091     0.054    -0.209
    49.960    -0.053     0.073    -0.184
    49.970     0.018     0.085    -0.116
    49.980     0.093     0.101    -0.086
    49.990     0.112     0.107    -0.088
    50.000     0.066     0.070    -0.031
    50.010     0.042    -0.019     0.036
    50.020     0.087    -0.101     0.054
    50.030     0.164    -0.105     0.087
    50.040     0.213    -0.009     0.134
    50.050     0.224     0.118     0.167
    50.060     0.220     0.224     0.184
    50.070     0.198     0.290     0.200
    50.080     0.148     0.288     0.207
    50.090     0.098     0.229     0.200
    50.100     0.064     0.136     0.190
    50.110     0.056     0.050     0.182
    50.120     0.097    -0.014     0.155
    50.130     0.139    -0.017     0.111
    50.140     0.124     0.037     0.099
    50.150     0.083     0.094     0.127
    50.160     0.054     0.143     0.148
    50.170     0.011     0.148     0.159
    50.180    -0.033     0.090     0.193
    50.190    -0.024     0.028     0.236
    50.200     0.035     0.010     0.258
    50.210     0.079    -0.009     0.252
    50.220     0.041    -0.064     0.199
    50.230    -0.051    -0.140     0.087
    50.240    -0.129    -0.199    -0.052
    50.250    -0.149    -0.204    -0.188
    50.260    -0.078    -0.174    -0.344
    50.270     0.041    -0.131    -0.497
    50.280     0.132    -0.058    -0.569
    50.290     0.116     0.012    -0.517
    50.300    -0.018     0.061    -0.384
    50.310    -0.165     0.098    -0.270
    50.320    -0.252     0.087    -0.191
    50.330    -0.272     0.019    -0.137
    50.340    -0.232    -0.034    -0.145
    50.350    -0.163    -0.027    -0.225
    50.360    -0.083    -0.019    -0.338
    50.370     0.003    -0.074    -0.415
    50.380     0.102    -0.139    -0.442
    50.390     0.193    -0.135    -0.417
    50.400     0.242    -0.086    -0.294
    50.410     0.248    -0.070    -0.117
    50.420     0.214    -0.093     0.035
    50.430     0.156    -0.125     0.157
    50.440     0.094    -0.125     0.281
    50.450     0.054    -0.066     0.418
    50.460     0.045    -0.004     0.525
    50.470     0.046     0.037     0.573
    50.480     0.041     0.100     0.561
    50.490     0.012     0.180     0.485
    50.500    -0.024     0.248     0.393
    50.510    -0.021     0.297     0.296
    50.520     0.027     0.297     0.167
    50.530     0.042     0.261     0.029
    50.540     0.000     0.214    -0.102
    50.550    -0.044     0.140    -0.205
    50.560    -0.072     0.023    -0.247
    50.570    -0.076    -0.134    -0.213
    50.580    -0.084    -0.238    -0.152
    50.590    -0.127    -0.280    -0.081
    50.600    -0.168    -0.336     0.034
    50.610    -0.153    -0.399     0.120
    50.620    -0.116    -0.406     0.094
    50.630    -0.151    -0.329    -0.024
    50.640    -0.226    -0.239    -0.137
    50.650    -0.266    -0.147    -0.203
    50.660    -0.256    -0.019    -0.249
    50.670    -0.216     0.099    -0.271
    50.680    -0.179     0.176    -0.250
    50.690    -0.122     0.222    -0.203
    50.700    -0.039     0.269    -0.145
    50.710     0.057     0.308    -0.029
    50.720     0.133     0.304     0.132
    50.730     0.145     0.278     0.263
    50.740     0.124     0.272     0.331
    50.750     0.088     0.290     0.354
    50.760     0.041     0.289     0.321
    50.770     0.019     0.229     0.227
    50.780     0.019     0.122     0.115
    50.790    -0.005     0.042     0.001
    50.800    -0.038    -0.015    -0.106
    50.810    -0.018    -0.084    -0.216
    50.820     0.019    -0.116    -0.296
    50.830     0.047    -0.137    -0.254
    50.840     0.090    -0.212    -0.145
    50.850     0.128    -0.307    -0.052
    50.860     0.146    -0.350     0.002
    50.870     0.152    -0.338     0.025
    50.880     0.147    -0.308     0.045
    50.890     0.101    -0.230     0.070
    50.900     0.029    -0.093     0.117
    50.910    -0.025     0.058     0.179
    50.920    -0.045     0.142     0.209
    50.930    -0.038     0.136     0.217
    50.940    -0.033     0.103     0.230
    50.950    -0.035     0.081     0.243
    50.960    -0.026     0.057     0.225
    50.970     0.010     0.003     0.177
    50.980     0.048    -0.051     0.122
    50.990     0.083    -0.055     0.045
    51.000     0.129     0.020    -0.051
    51.010     0.143     0.115    -0.168
    51.020     0.105     0.149    -0.282
    51.030     0.032     0.138    -0.333
    51.040    -0.022     0.084    -0.328
    51.050    -0.027    -0.006    -0.287
    51.060     0.006    -0.086    -0.214
    51.070     0.042    -0.109    -0.101
    51.080     0.037    -0.079     0.017
    51.090     0.043    -0.034     0.079
    51.100     0.070     0.047     0.092
    51.110     0.078     0.157     0.057
    51.120     0.053     0.219     0.013
    51.130     0.000     0.192    -0.028
    51.140    -0.032     0.116    -0.091
    51.150    -0.028     0.027    -0.148
    51.160    -0.009    -0.068    -0.180
    51.170     0.002    -0.144    -0.179
    51.180     0.012    -0.158    -0.145
    51.190     0.023    -0.109    -0.082
    51.200     0.022    -0.054     0.013
    51.210     0.013     0.010     0.102
    51.220    -0.009     0.092     0.167
    51.230    -0.047     0.165     0.202
    51.240    -0.068     0.200     0.155
    51.250    -0.074     0.188     0.060
    51.260    -0.071     0.146    -0.007
    51.270    -0.038     0.074    -0.053
    51.280     0.005     0.013    -0.092
    51.290     0.030    -0.016    -0.123
    51.300     0.025    -0.038    -0.143
    51.310    -0.032    -0.051    -0.147
    51.320    -0.095    -0.069    -0.108
    51.330    -0.101    -0.080    -0.024
    51.340    -0.049    -0.092     0.055
    51.350     0.025    -0.102     0.125
    51.360     0.068    -0.104     0.196
    51.370     0.095    -0.135     0.254
    51.380     0.118    -0.164     0.279
    51.390     0.104    -0.127     0.263
    51.400     0.062    -0.013     0.228
    51.410     0.055     0.097     0.193
    51.420     0.108     0.146     0.126
    51.430     0.157     0.171     0.030
    51.440     0.137     0.150    -0.019
    51.450     0.051     0.076    -0.020
    51.460    -0.032    -0.035     0.000
    51.470    -0.069    -0.182     0.067
    51.480    -0.082    -0.327     0.144
    51.490    -0.091    -0.414     0.206
    51.500    -0.100    -0.402     0.261
    51.510    -0.111    -0.321     0.280
    51.520    -0.127    -0.202     0.272
    51.530    -0.149    -0.086     0.228
    51.540    -0.184    -0.008     0.165
    51.550    -0.227     0.043     0.142
    51.560    -0.244     0.043     0.129
    51.570    -0.212    -0.004     0.077
    51.580    -0.127    -0.071    -0.009
    51.590    -0.036    -0.130    -0.057
    51.600     0.014    -0.166    -0.028
    51.610     0.008    -0.168     0.038
    51.620    -0.049    -0.097     0.112
    51.630    -0.095    -0.010     0.156
    51.640    -0.097     0.050     0.121
    51.650    -0.071     0.134     0.007
    51.660     0.009     0.202    -0.147
    51.670     0.118     0.259    -0.303
    51.680     0.194     0.341    -0.422
    51.690     0.203     0.358    -0.463
    51.700     0.167     0.299    -0.437
    51.710     0.119     0.236    -0.363
    51.720     0.053     0.140    -0.271
    51.730    -0.008     0.005    -0.218
    51.740    -0.065    -0.105    -0.184
    51.750    -0.113    -0.200    -0.116
    51.760    -0.120    -0.242    -0.044
    51.770    -0.090    -0.155     0.008
    51.780    -0.032     0.035     0.053
    51.790     0.059     0.230     0.102
    51.800     0.171     0.348     0.130
    51.810     0.242     0.356     0.092
    51.820     0.232     0.241     0.002
    51.830     0.197     0.087    -0.096
    51.840     0.193    -0.021    -0.163
    51.850     0.208    -0.041    -0.173
    51.860     0.176     0.035    -0.149
    51.870     0.078     0.116    -0.112
    51.880    -0.024     0.155    -0.040
    51.890    -0.088     0.170     0.045
    51.900    -0.125     0.121     0.107
    51.910    -0.136     0.015     0.145
    51.920    -0.120    -0.073     0.151
    51.930    -0.070    -0.137     0.118
    51.940    -0.003    -0.186     0.074
    51.950     0.034    -0.227     0.056
    51.960     0.038    -0.242     0.052
    51.970     0.006    -0.206     0.032
    51.980    -0.059    -0.159     0.010
    51.990    -0.111    -0.124    -0.010
    52.000    -0.126    -0.105    -0.046
    52.010    -0.110    -0.104    -0.074
    52.020    -0.081    -0.125    -0.068
    52.030    -0.077    -0.139    -0.029
    52.040    -0.109    -0.115     0.022
    52.050    -0.121    -0.081     0.074
    52.060    -0.100    -0.030     0.136
    52.070    -0.067     0.027     0.198
    52.080    -0.032     0.058     0.247
    52.090    -0.001     0.085     0.263
    52.100     0.034     0.157     0.258
    52.110     0.055     0.259     0.248
    52.120     0.054     0.300     0.202
    52.130     0.032     0.268     0.130
    52.140     0.014     0.180     0.059
    52.150     0.018     0.046    -0.030
    52.160    -0.002    -0.097    -0.126
    52.170    -0.031    -0.209    -0.195
    52.180    -0.029    -0.257    -0.240
    52.190     0.010    -0.252    -0.299
    52.200     0.051    -0.220    -0.357
    52.210     0.062    -0.172    -0.399
    52.220     0.049    -0.095    -0.418
    52.230     0.031    -0.008    -0.347
    52.240     0.005     0.036    -0.208
    52.250    -0.022     0.041    -0.079
    52.260    -0.025     0.061     0.019
    52.270    -0.004     0.107     0.100
    52.280     0.031     0.172     0.194
    52.290     0.025     0.266     0.247
    52.300    -0.055     0.329     0.231
    52.310    -0.155     0.283     0.218
    52.320    -0.232     0.146     0.234
    52.330    -0.244    -0.006     0.245
    52.340    -0.207    -0.132     0.233
    52.350    -0.168    -0.217     0.200
    52.360    -0.100    -0.228     0.130
    52.370    -0.027    -0.166     0.042
    52.380     0.038    -0.073    -0.023
    52.390     0.113     0.004    -0.071
    52.400     0.174     0.065    -0.123
    52.410     0.220     0.132    -0.175
    52.420     0.244     0.197    -0.192
    52.430     0.238     0.233    -0.148
    52.440     0.202     0.208    -0.083
    52.450     0.142     0.122    -0.058
    52.460     0.070    -0.002    -0.090
    52.470     0.001    -0.113    -0.149
    52.480    -0.053    -0.131    -0.177
    52.490    -0.095    -0.088    -0.153
    52.500    -0.121    -0.050    -0.159
    52.510    -0.127    -0.040    -0.212
    52.520    -0.117    -0.066    -0.249
    52.530    -0.086    -0.102    -0.255
    52.540    -0.025    -0.124    -0.214
    52.550     0.035    -0.111    -0.142
    52.560     0.079    -0.064    -0.021
    52.570     0.114    -0.028     0.159
    52.580     0.114    -0.028     0.313
    52.590     0.074    -0.042     0.376
    52.600     0.024    -0.046     0.369
    52.610    -0.003    -0.034     0.316
    52.620     0.005    -0.017     0.189
    52.630     0.022    -0.027     0.033
    52.640     0.016    -0.064    -0.092
    52.650    -0.005    -0.087    -0.156
    52.660    -0.017    -0.089    -0.154
    52.670    -0.017    -0.077    -0.124
    52.680    -0.037    -0.085    -0.038
    52.690    -0.049    -0.126     0.101
    52.700     0.000    -0.163     0.219
    52.710     0.064    -0.148     0.282
    52.720     0.098    -0.082     0.292
    52.730     0.130    -0.024     0.269
    52.740     0.151     0.016     0.218
    52.750     0.138     0.068     0.124
    52.760     0.103     0.124     0.004
    52.770     0.058     0.187    -0.093
    52.780     0.009     0.257    -0.136
    52.790    -0.041     0.298    -0.120
    52.800    -0.077     0.292    -0.055
    52.810    -0.092     0.223     0.023
    52.820    -0.085     0.140     0.077
    52.830    -0.045     0.081     0.068
    52.840     0.002     0.030    -0.023
    52.850     0.039     0.020    -0.111
    52.860     0.069     0.027    -0.145
    52.870     0.085    -0.006    -0.144
    52.880     0.065    -0.037    -0.120
    52.890     0.022    -0.049    -0.089
    52.900     0.016    -0.089    -0.070
    52.910     0.038    -0.105    -0.071
    52.920     0.046    -0.051    -0.081
    52.930     0.029     0.008    -0.101
    52.940    -0.006     0.028    -0.098
    52.950    -0.057     0.021    -0.065
    52.960    -0.113     0.022    -0.034
    52.970    -0.156     0.000     0.022
    52.980    -0.178    -0.066     0.098
    52.990    -0.158    -0.130     0.161
    53.000    -0.109    -0.177     0.182
    53.010    -0.067    -0.195     0.137
    53.020    -0.034    -0.147     0.059
    53.030     0.004    -0.040     0.002
    53.040     0.058     0.044    -0.025
    53.050     0.087     0.079    -0.050
    53.060     0.075     0.110    -0.066
    53.070     0.039     0.156    -0.038
    53.080    -0.001     0.190     0.035
    53.090    -0.029     0.170     0.098
    53.100    -0.076     0.082     0.092
    53.110    -0.155    -0.053     0.060
    53.120    -0.212    -0.175     0.052
    53.130    -0.188    -0.266     0.033
    53.140    -0.103    -0.301     0.005
    53.150    -0.031    -0.239    -0.017
    53.160     0.019    -0.095    -0.060
    53.170     0.059     0.073    -0.086
    53.180     0.085     0.192    -0.071
    53.190     0.102     0.244    -0.052
    53.200     0.112     0.265    -0.039
    53.210     0.129     0.241    -0.031
    53.220     0.145     0.158     0.006
    53.230     0.128     0.070     0.053
    53.240     0.082    -0.025     0.041
    53.250     0.011    -0.123    -0.013
    53.260    -0.067    -0.177    -0.042
    53.270    -0.113    -0.200    -0.055
    53.280    -0.131    -0.203    -0.083
    53.290    -0.113    -0.175    -0.092
    53.300    -0.061    -0.111    -0.064
    53.310    -0.013    -0.034    -0.031
    53.320     0.017     0.028    -0.005
    53.330     0.038     0.065     0.001
    53.340     0.051     0.080    -0.035
    53.350     0.050     0.072    -0.052
    53.360     0.053     0.034    -0.028
    53.370     0.058    -0.005    -0.026
    53.380     0.063    -0.005    -0.025
    53.390     0.065     0.012    -0.032
    53.400     0.025     0.004    -0.058
    53.410    -0.034    -0.024    -0.065
    53.420    -0.044    -0.069    -0.057
    53.430     0.015    -0.140    -0.043
    53.440     0.069    -0.196    -0.056
    53.450     0.071    -0.227    -0.072
    53.460     0.054    -0.254    -0.065
    53.470     0.057    -0.237    -0.040
    53.480     0.068    -0.174    -0.032
    53.490     0.043    -0.097    -0.071
    53.500    -0.013     0.023    -0.111
    53.510    -0.068     0.145    -0.139
    53.520    -0.096     0.207    -0.130
    53.530    -0.083     0.229    -0.062
    53.540    -0.068     0.203     0.005
    53.550    -0.075     0.134     0.036
    53.560    -0.072     0.068     0.087
    53.570    -0.030    -0.016     0.146
    53.580     0.012    -0.088     0.174
    53.590     0.009    -0.087     0.214
    53.600     0.005    -0.051     0.248
    53.610     0.022     0.034     0.233
    53.620     0.024     0.185     0.200
    53.630    -0.009     0.325     0.174
    53.640    -0.043     0.398     0.152
    53.650    -0.047     0.424     0.148
    53.660    -0.027     0.410     0.174
    53.670     0.002     0.324     0.199
    53.680     0.011     0.223     0.203
    53.690     0.008     0.143     0.165
    53.700     0.019     0.077     0.097
    53.710     0.014     0.043     0.048
    53.720    -0.023    -0.005     0.014
    53.730    -0.065    -0.085    -0.020
    53.740    -0.086    -0.135    -0.054
    53.750    -0.076    -0.127    -0.080
    53.760    -0.049    -0.101    -0.078
    53.770    -0.017    -0.061    -0.067
    53.780     0.012    -0.008    -0.069
    53.790     0.029     0.036    -0.101
    53.800     0.028     0.098    -0.135
    53.810     0.045     0.148    -0.139
    53.820     0.097     0.148    -0.126
    53.830     0.129     0.136    -0.082
    53.840     0.123     0.110    -0.035
    53.850     0.085     0.055    -0.026
    53.860     0.050     0.011    -0.026
    53.870     0.030    -0.013    -0.010
    53.880     0.018    -0.055     0.007
    53.890    -0.005    -0.109     0.013
    53.900    -0.061    -0.147    -0.003
    53.910    -0.088    -0.187    -0.054
    53.920    -0.059    -0.207    -0.115
    53.930     0.004    -0.196    -0.136
    53.940     0.077    -0.204    -0.125
    53.950     0.122    -0.232    -0.104
    53.960     0.132    -0.262    -0.088
    53.970     0.103    -0.298    -0.082
    53.980     0.074    -0.328    -0.063
    53.990     0.065    -0.326    -0.055
    54.000     0.041    -0.302    -0.076
    54.010    -0.010    -0.266    -0.110
    54.020    -0.063    -0.225    -0.162
    54.030    -0.092    -0.199    -0.236
    54.040    -0.101    -0.176    -0.283
    54.050    -0.089    -0.130    -0.269
    54.060    -0.075    -0.048    -0.222
    54.070    -0.068     0.050    -0.149
    54.080    -0.073     0.157    -0.044
    54.090    -0.098     0.259     0.061
    54.100    -0.123     0.327     0.118
    54.110    -0.140     0.378     0.120
    54.120    -0.128     0.382     0.096
    54.130    -0.074     0.345     0.059
    54.140    -0.017     0.288     0.026
    54.150     0.027     0.178     0.031
    54.160     0.047     0.056     0.061
    54.170     0.043    -0.036     0.088
    54.180     0.036    -0.102     0.109
    54.190     0.028    -0.149     0.129
    54.200     0.043    -0.175     0.163
    54.210     0.083    -0.169     0.185
    54.220     0.114    -0.125     0.195
    54.230     0.116    -0.036     0.215
    54.240     0.102     0.048     0.236
    54.250     0.094     0.099     0.246
    54.260     0.074     0.130     0.223
    54.270     0.038     0.130     0.201
    54.280     0.006     0.088     0.178
    54.290    -0.005     0.014     0.122
    54.300    -0.003    -0.048     0.057
    54.310    -0.003    -0.066     0.021
    54.320    -0.005    -0.038     0.032
    54.330    -0.002     0.016     0.047
    54.340    -0.004     0.045     0.042
    54.350    -0.018     0.056     0.028
    54.360    -0.030     0.066    -0.003
    54.370    -0.027     0.060    -0.044
    54.380    -0.016     0.048    -0.079
    54.390    -0.009     0.046    -0.098
    54.400    -0.010     0.048    -0.128
    54.410    -0.036     0.042    -0.156
    54.420    -0.059     0.028    -0.131
    54.430    -0.056     0.016    -0.079
    54.440    -0.042    -0.002    -0.033
    54.450    -0.024    -0.061     0.004
    54.460    -0.003    -0.125     0.038
    54.470     0.022    -0.133     0.084
    54.480     0.026    -0.116     0.131
    54.490     0.000    -0.102     0.155
    54.500    -0.016    -0.071     0.125
    54.510    -0.003    -0.040     0.028
    54.520     0.016     0.011    -0.075
    54.530     0.025     0.102    -0.150
    54.540     0.022     0.180    -0.225
    54.550     0.012     0.220    -0.287
    54.560     0.005     0.219    -0.316
    54.570    -0.003     0.167    -0.325
    54.580    -0.022     0.081    -0.340
    54.590    -0.036     0.014    -0.357
    54.600    -0.037    -0.015    -0.379
    54.610    -0.056    -0.029    -0.391
    54.620    -0.099    -0.019    -0.347
    54.630    -0.144     0.019    -0.271
    54.640    -0.158     0.065    -0.185
    54.650    -0.127     0.098    -0.073
    54.660    -0.086     0.109     0.036
    54.670    -0.048     0.109     0.128
    54.680    -0.005     0.054     0.205
    54.690     0.040    -0.054     0.256
    54.700     0.077    -0.152     0.288
    54.710     0.097    -0.189     0.322
    54.720     0.099    -0.174     0.348
    54.730     0.075    -0.164     0.373
    54.740     0.045    -0.154     0.375
    54.750     0.008    -0.132     0.322
    54.760    -0.057    -0.110     0.266
    54.770    -0.090    -0.071     0.238
    54.780    -0.060    -0.053     0.212
    54.790    -0.011    -0.072     0.159
    54.800     0.038    -0.101     0.099
    54.810     0.079    -0.153     0.055
    54.820     0.103    -0.207     0.002
    54.830     0.108    -0.248    -0.021
    54.840     0.119    -0.291     0.001
    54.850     0.120    -0.296     0.024
    54.860     0.063    -0.252     0.041
    54.870    -0.016    -0.195     0.049
    54.880    -0.076    -0.121     0.067
    54.890    -0.099    -0.046     0.071
    54.900    -0.088     0.015     0.045
    54.910    -0.085     0.066     0.021
    54.920    -0.079     0.110     0.016
    54.930    -0.053     0.150     0.023
    54.940    -0.022     0.201     0.019
    54.950     0.014     0.282     0.012
    54.960     0.035     0.362     0.015
    54.970     0.032     0.400     0.020
    54.980     0.022     0.414     0.006
    54.990     0.010     0.403    -0.023
    55.000    -0.001     0.372    -0.039
    55.010     0.008     0.360    -0.050
    55.020     0.042     0.320    -0.072
    55.030     0.086     0.243    -0.076
    55.040     0.117     0.168    -0.051
    55.050     0.137     0.073    -0.028
    55.060     0.148    -0.036    -0.021
    55.070     0.145    -0.136    -0.029
    55.080     0.150    -0.213    -0.023
    55.090     0.138    -0.255    -0.011
    55.100     0.097    -0.254    -0.006
    55.110     0.051    -0.202     0.020
    55.120     0.022    -0.117     0.069
    55.130     0.029    -0.027     0.133
    55.140     0.049     0.036     0.153
    55.150     0.057     0.044     0.096
    55.160     0.050     0.007     0.013
    55.170     0.032    -0.049    -0.063
    55.180     0.016    -0.113    -0.136
    55.190    -0.009    -0.163    -0.201
    55.200    -0.045    -0.172    -0.262
    55.210    -0.077    -0.144    -0.293
    55.220    -0.085    -0.105    -0.269
    55.230    -0.068    -0.060    -0.218
    55.240    -0.067    -0.028    -0.157
    55.250    -0.079    -0.030    -0.096
    55.260    -0.062    -0.025    -0.064
    55.270    -0.014     0.000    -0.050
    55.280     0.020     0.030    -0.014
    55.290     0.006     0.039     0.033
    55.300    -0.038    -0.002     0.064
    55.310    -0.068    -0.070     0.082
    55.320    -0.058    -0.120     0.113
    55.330    -0.038    -0.104     0.158
    55.340    -0.049    -0.046     0.192
    55.350    -0.074     0.008     0.196
    55.360    -0.114     0.050     0.176
    55.370    -0.159     0.066     0.156
    55.380    -0.178     0.078     0.146
    55.390    -0.165     0.111     0.127
    55.400    -0.105     0.158     0.097
    55.410    -0.021     0.212     0.056
    55.420     0.038     0.270     0.013
    55.430     0.064     0.307    -0.026
    55.440     0.059     0.289    -0.062
    55.450     0.032     0.226    -0.087
    55.460     0.009     0.135    -0.099
    55.470     0.010     0.012    -0.102
    55.480     0.019    -0.085    -0.106
    55.490     0.005    -0.112    -0.101
    55.500     0.002    -0.123    -0.082
    55.510     0.021    -0.154    -0.072
    55.520     0.020    -0.219    -0.083
    55.530     0.008    -0.297    -0.100
    55.540     0.017    -0.354    -0.111
    55.550     0.074    -0.394    -0.119
    55.560     0.155    -0.397    -0.114
    55.570     0.198    -0.346    -0.122
    55.580     0.191    -0.248    -0.149
    55.590     0.158    -0.135    -0.167
    55.600     0.135    -0.044    -0.166
    55.610     0.132     0.015    -0.162
    55.620     0.108     0.048    -0.185
    55.630     0.064     0.082    -0.195
    55.640     0.024     0.128    -0.136
    55.650     0.003     0.165    -0.050
    55.660    -0.014     0.179     0.023
    55.670    -0.064     0.176     0.065
    55.680    -0.135     0.190     0.073
    55.690    -0.186     0.220     0.072
    55.700    -0.223     0.245     0.082
    55.710    -0.242     0.269     0.104
    55.720    -0.226     0.268     0.127
    55.730    -0.172     0.230     0.154
    55.740    -0.086     0.134     0.159
    55.750     0.004     0.010     0.127
    55.760     0.055    -0.096     0.050
    55.770     0.065    -0.196    -0.067
    55.780     0.064    -0.267    -0.188
    55.790     0.064    -0.304    -0.264
    55.800     0.062    -0.310    -0.268
    55.810     0.049    -0.270    -0.233
    55.820     0.016    -0.192    -0.171
    55.830    -0.016    -0.106    -0.096
    55.840    -0.030    -0.061    -0.033
    55.850    -0.030    -0.054     0.034
    55.860    -0.021    -0.038     0.117
    55.870    -0.006    -0.007     0.222
    55.880     0.020     0.022     0.316
    55.890     0.063     0.047     0.344
    55.900     0.097     0.064     0.305
    55.910     0.100     0.092     0.225
    55.920     0.075     0.128     0.126
    55.930     0.052     0.137     0.030
    55.940     0.035     0.103    -0.048
    55.950    -0.003     0.043    -0.106
    55.960    -0.037     0.007    -0.137
    55.970    -0.036     0.003    -0.130
    55.980    -0.028     0.000    -0.067
    55.990    -0.049     0.009     0.022
    56.000    -0.113     0.017     0.105
    56.010    -0.161     0.012     0.180
    56.020    -0.163     0.020     0.223
    56.030    -0.132     0.028     0.256
    56.040    -0.055     0.027     0.270
    56.050     0.023     0.031     0.245
    56.060     0.071     0.026     0.202
    56.070     0.102     0.010     0.155
    56.080     0.111    -0.007     0.109
    56.090     0.107    -0.008     0.057
    56.100     0.106     0.012     0.033
    56.110     0.107     0.044     0.047
    56.120     0.100     0.094     0.049
    56.130     0.075     0.153     0.024
    56.140     0.030     0.193    -0.035
    56.150    -0.024     0.212    -0.107
    56.160    -0.076     0.219    -0.148
    56.170    -0.126     0.209    -0.165
    56.180    -0.159     0.181    -0.163
    56.190    -0.151     0.133    -0.125
    56.200    -0.087     0.066    -0.072
    56.210    -0.013     0.009    -0.026
    56.220     0.027    -0.027     0.020
    56.230     0.045    -0.042     0.058
    56.240     0.066    -0.040     0.104
    56.250     0.106    -0.031     0.151
    56.260     0.155    -0.012     0.171
    56.270     0.191     0.013     0.146
    56.280     0.218     0.051     0.050
    56.290     0.224     0.098    -0.100
    56.300     0.187     0.146    -0.232
    56.310     0.109     0.166    -0.294
    56.320     0.032     0.093    -0.314
    56.330    -0.025    -0.020    -0.330
    56.340    -0.085    -0.113    -0.319
    56.350    -0.132    -0.185    -0.247
    56.360    -0.143    -0.226    -0.173
    56.370    -0.122    -0.274    -0.136
    56.380    -0.085    -0.312    -0.116
    56.390    -0.062    -0.298    -0.105
    56.400    -0.041    -0.249    -0.066
    56.410    -0.012    -0.196    -0.002
    56.420     0.011    -0.168     0.063
    56.430     0.010    -0.161     0.119
    56.440    -0.019    -0.142     0.159
    56.450    -0.064    -0.109     0.189
    56.460    -0.113    -0.094     0.208
    56.470    -0.140    -0.105     0.211
    56.480    -0.133    -0.106     0.197
    56.490    -0.118    -0.062     0.167
    56.500    -0.099     0.007     0.125
    56.510    -0.051     0.054     0.072
    56.520     0.006     0.072    -0.029
    56.530     0.043     0.076    -0.139
    56.540     0.066     0.074    -0.208
    56.550     0.080     0.068    -0.245
    56.560     0.093     0.056    -0.236
    56.570     0.080     0.026    -0.189
    56.580     0.032    -0.022    -0.129
    56.590    -0.025    -0.071    -0.069
    56.600    -0.092    -0.113    -0.008
    56.610    -0.134    -0.147     0.057
    56.620    -0.140    -0.138     0.103
    56.630    -0.118    -0.090     0.112
    56.640    -0.052    -0.023     0.086
    56.650     0.017     0.068     0.054
    56.660     0.072     0.144     0.047
    56.670     0.105     0.165     0.052
    56.680     0.110     0.141     0.061
    56.690     0.107     0.119     0.070
    56.700     0.084     0.121     0.061
    56.710     0.054     0.129     0.031
    56.720     0.033     0.153    -0.020
    56.730     0.003     0.192    -0.054
    56.740    -0.026     0.226    -0.053
    56.750    -0.028     0.266    -0.021
    56.760     0.007     0.290     0.039
    56.770     0.066     0.273     0.097
    56.780     0.113     0.209     0.126
    56.790     0.128     0.097     0.117
    56.800     0.119    -0.022     0.088
    56.810     0.110    -0.139     0.057
    56.820     0.113    -0.219     0.008
    56.830     0.100    -0.237    -0.061
    56.840     0.058    -0.222    -0.127
    56.850     0.008    -0.181    -0.179
    56.860    -0.030    -0.125    -0.219
    56.870    -0.078    -0.077    -0.214
    56.880    -0.143    -0.060    -0.157
    56.890    -0.201    -0.073    -0.093
    56.900    -0.237    -0.087    -0.044
    56.910    -0.232    -0.082     0.008
    56.920    -0.170    -0.060     0.075
    56.930    -0.078    -0.027     0.122
    56.940    -0.005     0.025     0.126
    56.950     0.016     0.092     0.116
    56.960     0.010     0.173     0.091
    56.970     0.002     0.238     0.041
    56.980    -0.007     0.244    -0.016
    56.990    -0.014     0.205    -0.064
    57.000    -0.029     0.138    -0.097
    57.010    -0.033     0.059    -0.089
    57.020    -0.025    -0.018    -0.035
    57.030    -0.007    -0.079     0.027
    57.040     0.014    -0.117     0.059
    57.050     0.024    -0.117     0.071
    57.060     0.044    -0.070     0.086
    57.070     0.078     0.000     0.098
    57.080     0.125     0.068     0.092
    57.090     0.152     0.101     0.045
    57.100     0.126     0.074     0.011
    57.110     0.084     0.003     0.010
    57.120     0.044    -0.058     0.016
    57.130     0.015    -0.075     0.026
    57.140     0.002    -0.062     0.014
    57.150    -0.005    -0.044     0.000
    57.160    -0.030    -0.017     0.005
    57.170    -0.084     0.033     0.041
    57.180    -0.138     0.062     0.098
    57.190    -0.179     0.056     0.133
    57.200    -0.191     0.047     0.163
    57.210    -0.160     0.019     0.202
    57.220    -0.102    -0.013     0.201
    57.230    -0.054    -0.020     0.128
    57.240    -0.039     0.012     0.036
    57.250    -0.036     0.072    -0.032
    57.260    -0.017     0.100    -0.074
    57.270     0.016     0.074    -0.107
    57.280     0.036     0.027    -0.135
    57.290     0.028    -0.031    -0.142
    57.300     0.012    -0.100    -0.141
    57.310     0.004    -0.170    -0.143
    57.320    -0.001    -0.243    -0.142
    57.330    -0.011    -0.303    -0.129
    57.340    -0.016    -0.329    -0.114
    57.350    -0.004    -0.312    -0.105
    57.360     0.019    -0.247    -0.063
    57.370     0.041    -0.152    -0.010
    57.380     0.056    -0.063     0.016
    57.390     0.060    -0.005     0.042
    57.400     0.052     0.038     0.098
    57.410     0.060     0.066     0.174
    57.420     0.080     0.069     0.224
    57.430     0.096     0.078     0.261
    57.440     0.091     0.098     0.307
    57.450     0.039     0.119     0.324
    57.460    -0.046     0.136     0.289
    57.470    -0.120     0.147     0.206
    57.480    -0.148     0.163     0.114
    57.490    -0.130     0.163     0.025
    57.500    -0.075     0.125    -0.067
    57.510    -0.014     0.076    -0.135
    57.520     0.011     0.026    -0.161
    57.530     0.005    -0.045    -0.159
    57.540    -0.019    -0.130    -0.151
    57.550    -0.033    -0.191    -0.136
    57.560    -0.016    -0.197    -0.113
    57.570     0.029    -0.167    -0.110
    57.580     0.091    -0.120    -0.137
    57.590     0.137    -0.065    -0.170
    57.600     0.155    -0.014    -0.192
    57.610     0.152     0.034    -0.195
    57.620     0.136     0.062    -0.187
    57.630     0.120     0.066    -0.169
    57.640     0.116     0.061    -0.129
    57.650     0.128     0.068    -0.096
    57.660     0.156     0.116    -0.069
    57.670     0.169     0.199    -0.046
    57.680     0.139     0.290    -0.037
    57.690     0.080     0.341    -0.028
    57.700     0.018     0.321    -0.029
    57.710    -0.028     0.257    -0.036
    57.720    -0.059     0.168    -0.048
    57.730    -0.080     0.073    -0.060
    57.740    -0.098    -0.020    -0.058
    57.750    -0.127    -0.109    -0.049
    57.760    -0.150    -0.162    -0.031
    57.770    -0.163    -0.177    -0.024
    57.780    -0.177    -0.165    -0.020
    57.790    -0.159    -0.141     0.000
    57.800    -0.108    -0.113     0.017
    57.810    -0.064    -0.065     0.036
    57.820    -0.039    -0.040     0.058
    57.830    -0.033    -0.044     0.079
    57.840    -0.013    -0.059     0.095
    57.850     0.013    -0.083     0.101
    57.860     0.032    -0.093     0.124
    57.870     0.067    -0.085     0.145
    57.880     0.097    -0.063     0.155
    57.890     0.102    -0.040     0.151
    57.900     0.081    -0.012     0.116
    57.910     0.039     0.029     0.050
    57.920    -0.008     0.055    -0.049
    57.930    -0.047     0.074    -0.130
    57.940    -0.074     0.085    -0.170
    57.950    -0.075     0.074    -0.182
    57.960    -0.047     0.054    -0.160
    57.970    -0.025     0.018    -0.111
    57.980    -0.024    -0.036    -0.039
    57.990    -0.025    -0.085     0.032
    58.000    -0.004    -0.113     0.079
    58.010     0.035    -0.109     0.108
    58.020     0.058    -0.082     0.136
    58.030     0.048    -0.043     0.146
    58.040     0.017    -0.004     0.119
    58.050     0.002     0.061     0.085
    58.060     0.010     0.132     0.054
    58.070     0.031     0.145     0.013
    58.080     0.057     0.129    -0.027
    58.090     0.085     0.113    -0.040
    58.100     0.108     0.090    -0.013
    58.110     0.099     0.093     0.038
    58.120     0.065     0.093     0.098
    58.130     0.027     0.059     0.141
    58.140    -0.004     0.028     0.150
    58.150    -0.022     0.022     0.132
    58.160    -0.031     0.009     0.074
    58.170    -0.010    -0.007     0.014
    58.180     0.005    -0.004    -0.013
    58.190    -0.005    -0.031     0.005
    58.200    -0.018    -0.092     0.052
    58.210    -0.029    -0.182     0.066
    58.220    -0.004    -0.272     0.066
    58.230     0.024    -0.299     0.059
    58.240     0.038    -0.291    -0.004
    58.250     0.049    -0.246    -0.072
    58.260     0.035    -0.159    -0.084
    58.270     0.048    -0.105    -0.075
    58.280     0.065    -0.060    -0.054
    58.290     0.069    -0.034    -0.065
    58.300     0.128    -0.025    -0.080
    58.310     0.149    -0.001    -0.085
    58.320     0.143    -0.028    -0.112
    58.330     0.100    -0.018    -0.091
    58.340     0.004    -0.030    -0.096
    58.350    -0.062    -0.072    -0.071
    58.360    -0.150    -0.072    -0.032
    58.370    -0.178    -0.091    -0.013
    58.380    -0.196    -0.026     0.046
    58.390    -0.202     0.026     0.041
    58.400    -0.160     0.084     0.027
    58.410    -0.161     0.161    -0.010
    58.420    -0.125     0.169    -0.039
    58.430    -0.093     0.179    -0.030
    58.440    -0.057     0.119    -0.034
    58.450    -0.018     0.081    -0.009
    58.460    -0.020     0.074    -0.001
    58.470    -0.018     0.033     0.003
    58.480    -0.038     0.038     0.010
    58.490    -0.032     0.025     0.032
    58.500    -0.017     0.005     0.031
    58.510    -0.020     0.012    -0.013
    58.520    -0.018    -0.006    -0.040
    58.530    -0.038     0.000    -0.048
    58.540    -0.042     0.005    -0.040
    58.550    -0.036    -0.015    -0.051
    58.560    -0.028    -0.010    -0.042
    58.570     0.003    -0.003    -0.047
    58.580     0.024     0.019    -0.074
    58.590     0.021     0.041    -0.105
    58.600    -0.018     0.084    -0.135
    58.610    -0.070     0.131    -0.119
    58.620    -0.098     0.142    -0.122
    58.630    -0.088     0.135    -0.123
    58.640    -0.049     0.093    -0.132
    58.650    -0.020     0.055    -0.142
    58.660     0.003     0.020    -0.123
    58.670     0.044    -0.018    -0.114
    58.680     0.091    -0.043    -0.056
    58.690     0.132    -0.063     0.021
    58.700     0.154    -0.050     0.089
    58.710     0.142    -0.027     0.129
    58.720     0.094     0.001     0.118
    58.730     0.038     0.029     0.110
    58.740     0.011     0.024     0.088
    58.750     0.004     0.004     0.081
    58.760     0.010    -0.017     0.090
    58.770     0.020    -0.032     0.098
    58.780     0.020    -0.020     0.128
    58.790     0.006     0.010     0.126
    58.800    -0.013     0.027     0.116
    58.810    -0.026     0.031     0.091
    58.820    -0.028     0.032     0.042
    58.830     0.003     0.043     0.022
    58.840     0.032     0.055     0.012
    58.850     0.031     0.042     0.043
    58.860     0.021     0.033     0.087
    58.870     0.010     0.019     0.113
    58.880     0.010    -0.006     0.124
    58.890     0.007    -0.041     0.114
    58.900     0.023    -0.075     0.108
    58.910     0.066    -0.065     0.089
    58.920     0.099    -0.036     0.060
    58.930     0.114     0.003     0.041
    58.940     0.113     0.021     0.033
    58.950     0.119    -0.001     0.030
    58.960     0.115    -0.010     0.013
    58.970     0.101    -0.015    -0.001
    58.980     0.086    -0.031    -0.004
    58.990     0.064    -0.055    -0.024
    59.000     0.057    -0.084    -0.054
    59.010     0.047    -0.103    -0.092
    59.020     0.013    -0.103    -0.126
    59.030    -0.016    -0.081    -0.134
    59.040    -0.019    -0.055    -0.106
    59.050    -0.013    -0.032    -0.048
    59.060    -0.023    -0.005    -0.011
    59.070    -0.050     0.021     0.013
    59.080    -0.074     0.007     0.017
    59.090    -0.088    -0.014     0.013
    59.100    -0.090    -0.022     0.017
    59.110    -0.089    -0.038     0.022
    59.120    -0.090    -0.035     0.039
    59.130    -0.075    -0.033     0.001
    59.140    -0.052    -0.012    -0.060
    59.150    -0.036     0.030    -0.099
    59.160    -0.047     0.077    -0.127
    59.170    -0.074     0.121    -0.146
    59.180    -0.100     0.126    -0.177
    59.190    -0.131     0.115    -0.174
    59.200    -0.136     0.075    -0.122
    59.210    -0.104     0.021    -0.046
    59.220    -0.051    -0.014     0.022
    59.230    -0.012    -0.026     0.072
    59.240     0.007    -0.010     0.116
    59.250     0.029    -0.015     0.133
    59.260     0.032    -0.004     0.125
    59.270     0.022     0.014     0.099
    59.280     0.009     0.008     0.079
    59.290     0.006    -0.014     0.075
    59.300     0.028    -0.062     0.089
    59.310     0.051    -0.080     0.119
    59.320     0.061    -0.088     0.136
    59.330     0.037    -0.082     0.146
    59.340     0.011    -0.064     0.141
    59.350     0.004    -0.062     0.112
    59.360    -0.003    -0.030     0.056
    59.370    -0.008     0.000    -0.005
    59.380    -0.032     0.033    -0.031
    59.390    -0.057     0.060    -0.045
    59.400    -0.077     0.061    -0.031
    59.410    -0.096     0.047    -0.016
    59.420    -0.102     0.011    -0.035
    59.430    -0.103    -0.022    -0.064
    59.440    -0.075    -0.042    -0.099
    59.450    -0.037    -0.027    -0.115
    59.460    -0.012    -0.016    -0.115
    59.470    -0.017     0.009    -0.099
    59.480    -0.039     0.066    -0.078
    59.490    -0.017     0.113    -0.063
    59.500     0.037     0.151    -0.064
    59.510     0.093     0.122    -0.090
    59.520     0.118     0.064    -0.121
    59.530     0.110     0.017    -0.148
    59.540     0.095    -0.034    -0.129
    59.550     0.080    -0.067    -0.078
    59.560     0.078    -0.092    -0.028
    59.570     0.054    -0.095     0.025
    59.580     0.027    -0.089     0.097
    59.590     0.015    -0.075     0.173
    59.600     0.000    -0.067     0.195
    59.610    -0.019    -0.075     0.193
    59.620    -0.058    -0.075     0.171
    59.630    -0.079    -0.078     0.145
    59.640    -0.088    -0.065     0.103
    59.650    -0.100    -0.049     0.028
    59.660    -0.095    -0.039    -0.034
    59.670    -0.080    -0.023    -0.104
    59.680    -0.047    -0.021    -0.152
    59.690    -0.030    -0.017    -0.164
    59.700    -0.029    -0.024    -0.146
    59.710    -0.030    -0.034    -0.113
    59.720    -0.022    -0.049    -0.099
    59.730     0.017    -0.061    -0.086
    59.740     0.054    -0.014    -0.088
    59.750     0.075     0.057    -0.099
    59.760     0.076     0.118    -0.104
    59.770     0.062     0.139    -0.112
    59.780     0.045     0.127    -0.110
    59.790     0.021     0.116    -0.099
    59.800     0.008     0.080    -0.062
    59.810     0.006     0.042    -0.018
    59.820     0.007     0.012     0.026
    59.830     0.016    -0.009     0.081
    59.840     0.012    -0.023     0.124
    59.850    -0.003    -0.039     0.156
    59.860    -0.021    -0.040     0.168
    59.870    -0.041    -0.054     0.171
    59.880    -0.050    -0.078     0.182
    59.890    -0.040    -0.101     0.199
    59.900    -0.014    -0.116     0.211
    59.910     0.009    -0.109     0.227
    59.920     0.036    -0.101     0.250
    59.930     0.057    -0.073     0.248
    59.940     0.068    -0.047     0.230
    59.950     0.075    -0.033     0.212
    59.960     0.076     0.020     0.198
    59.970     0.084     0.091     0.193
    59.980     0.080     0.164     0.183
    59.990     0.049     0.202     0.174
    60.000     0.017     0.177     0.163
    60.010    -0.006     0.140     0.137
    60.020    -0.022     0.113     0.101
    60.030    -0.033     0.091     0.075
    60.040    -0.031     0.067     0.061
    60.050    -0.018     0.047     0.041
    60.060    -0.003     0.034     0.011
    60.070     0.017     0.025    -0.031
    60.080     0.019     0.032    -0.095
    60.090     0.014     0.039    -0.169
    60.100     0.018     0.041    -0.238
    60.110     0.021     0.041    -0.288
    60.120     0.016     0.046    -0.308
    60.130     0.003     0.039    -0.304
    60.140    -0.011     0.010    -0.300
    60.150    -0.030    -0.018    -0.284
    60.160    -0.045    -0.047    -0.214
    60.170    -0.037    -0.052    -0.126
    60.180    -0.031    -0.029    -0.056
    60.190    -0.049    -0.008    -0.015
    60.200    -0.070    -0.003     0.000
    60.210    -0.085    -0.021     0.000
    60.220    -0.098    -0.054    -0.025
    60.230    -0.100    -0.101    -0.035
    60.240    -0.089    -0.149    -0.035
    60.250    -0.066    -0.185    -0.028
    60.260    -0.043    -0.193     0.001
    60.270    -0.023    -0.175     0.028
    60.280    -0.012    -0.136     0.058
    60.290    -0.017    -0.094     0.073
    60.300    -0.018    -0.071     0.079
    60.310    -0.009    -0.063     0.081
    60.320    -0.001    -0.062     0.074
    60.330     0.003    -0.050     0.059
    60.340     0.007    -0.046     0.022
    60.350    -0.003    -0.057     0.008
    60.360    -0.024    -0.086     0.013
    60.370    -0.033    -0.119     0.033
    60.380    -0.041    -0.140     0.039
    60.390    -0.041    -0.156     0.036
    60.400    -0.033    -0.137     0.039
    60.410    -0.003    -0.090     0.030
    60.420     0.026    -0.025     0.014
    60.430     0.041     0.030    -0.025
    60.440     0.041     0.089    -0.043
    60.450     0.037     0.137    -0.063
    60.460     0.036     0.178    -0.063
    60.470     0.025     0.210    -0.067
    60.480     0.026     0.219    -0.081
    60.490     0.015     0.232    -0.083
    60.500     0.010     0.223    -0.094
    60.510     0.003     0.209    -0.093
    60.520    -0.010     0.154    -0.121
    60.530    -0.020     0.104    -0.121
    60.540    -0.023     0.082    -0.131
    60.550     0.000     0.071    -0.126
    60.560     0.007     0.064    -0.103
    60.570     0.015     0.036    -0.103
    60.580     0.022     0.005    -0.084
    60.590     0.037    -0.035    -0.081
    60.600     0.060    -0.024    -0.055
    60.610     0.074     0.000    -0.044
    60.620     0.097     0.023    -0.018
    60.630     0.114     0.024     0.006
    60.640     0.109     0.011     0.016
    60.650     0.082     0.002     0.050
    60.660     0.061    -0.010     0.060
    60.670     0.049     0.010     0.076
    60.680     0.046     0.023     0.077
    60.690     0.050     0.040     0.096
    60.700     0.051     0.051     0.117
    60.710     0.045     0.074     0.122
    60.720     0.036     0.091     0.117
    60.730     0.034     0.095     0.076
    60.740     0.045     0.115     0.031
    60.750     0.066     0.127    -0.015
    60.760     0.072     0.126    -0.035
    60.770     0.052     0.088    -0.043
    60.780     0.021     0.052    -0.039
    60.790    -0.003    -0.001    -0.025
    60.800    -0.022    -0.050    -0.009
    60.810    -0.047    -0.082     0.024
    60.820    -0.054    -0.119     0.049
    60.830    -0.059    -0.134     0.082
    60.840    -0.075    -0.149     0.106
    60.850    -0.086    -0.134     0.124
    60.860    -0.090    -0.109     0.135
    60.870    -0.071    -0.101     0.138
    60.880    -0.063    -0.074     0.123
    60.890    -0.053    -0.045     0.083
    60.900    -0.045    -0.002     0.037
    60.910    -0.046     0.024    -0.013
    60.920    -0.023     0.037    -0.045
    60.930    -0.008     0.055    -0.067
    60.940    -0.004     0.047    -0.061
    60.950    -0.018     0.021    -0.045
    60.960    -0.030    -0.013    -0.039
    60.970    -0.042    -0.043    -0.031
    60.980    -0.067    -0.078    -0.021
    60.990    -0.090    -0.108    -0.025
    61.000    -0.097    -0.123    -0.039
    61.010    -0.078    -0.131    -0.036
    61.020    -0.047    -0.129    -0.028
    61.030    -0.021    -0.116    -0.028
    61.040    -0.016    -0.100    -0.026
    61.050    -0.013    -0.088    -0.015
    61.060    -0.013    -0.069    -0.005
    61.070    -0.003    -0.059    -0.004
    61.080     0.014    -0.066    -0.008
    61.090     0.023    -0.078     0.000
    61.100     0.028    -0.067     0.007
    61.110     0.023    -0.036     0.009
    61.120     0.035    -0.007     0.020
    61.130     0.050     0.023     0.048
    61.140     0.062     0.035     0.067
    61.150     0.072     0.057     0.061
    61.160     0.057     0.087     0.041
    61.170     0.034     0.089     0.001
    61.180     0.019     0.074    -0.020
    61.190     0.014     0.045    -0.009
    61.200     0.010     0.034     0.037
    61.210     0.006     0.052     0.075
    61.220    -0.005     0.074     0.079
    61.230    -0.019     0.095     0.073
    61.240    -0.035     0.107     0.054
    61.250    -0.054     0.118     0.045
    61.260    -0.058     0.123     0.040
    61.270    -0.046     0.109     0.019
    61.280    -0.024     0.087    -0.040
    61.290    -0.005     0.061    -0.101
    61.300     0.009     0.027    -0.144
    61.310     0.018     0.002    -0.179
    61.320     0.022     0.006    -0.180
    61.330     0.031     0.033    -0.177
    61.340     0.047     0.079    -0.157
    61.350     0.068     0.115    -0.137
    61.360     0.081     0.118    -0.125
    61.370     0.066     0.111    -0.103
    61.380     0.022     0.088    -0.096
    61.390    -0.006     0.050    -0.096
    61.400    -0.012     0.010    -0.111
    61.410    -0.019    -0.036    -0.104
    61.420    -0.014    -0.073    -0.073
    61.430    -0.013    -0.090    -0.040
    61.440    -0.021    -0.093    -0.008
    61.450    -0.013    -0.086     0.021
    61.460     0.003    -0.072     0.053
    61.470     0.022    -0.068     0.082
    61.480     0.037    -0.080     0.126
    61.490     0.038    -0.081     0.166
    61.500     0.032    -0.059     0.178
    61.510     0.031    -0.038     0.162
    61.520     0.039    -0.030     0.141
    61.530     0.051    -0.014     0.132
    61.540     0.045     0.015     0.104
    61.550     0.022     0.061     0.082
    61.560     0.012     0.118     0.075
    61.570    -0.004     0.161     0.064
    61.580    -0.013     0.185     0.070
    61.590    -0.008     0.169     0.070
    61.600    -0.009     0.121     0.063
    61.610    -0.007     0.067     0.069
    61.620     0.007     0.012     0.093
    61.630     0.029    -0.028     0.114
    61.640     0.042    -0.061     0.125
    61.650     0.039    -0.071     0.136
    61.660     0.018    -0.070     0.127
    61.670    -0.011    -0.073     0.116
    61.680    -0.032    -0.068     0.121
    61.690    -0.046    -0.064     0.130
    61.700    -0.055    -0.052     0.130
    61.710    -0.063    -0.042     0.102
    61.720    -0.076    -0.050     0.066
    61.730    -0.082    -0.070     0.043
    61.740    -0.068    -0.092     0.007
    61.750    -0.042    -0.103    -0.033
    61.760    -0.014    -0.101    -0.052
    61.770     0.002    -0.088    -0.056
    61.780     0.003    -0.074    -0.060
    61.790    -0.006    -0.074    -0.076
    61.800    -0.014    -0.071    -0.084
    61.810    -0.024    -0.062    -0.079
    61.820    -0.041    -0.051    -0.091
    61.830    -0.036    -0.041    -0.114
    61.840    -0.011    -0.035    -0.123
    61.850     0.023    -0.026    -0.147
    61.860     0.048    -0.008    -0.179
    61.870     0.064     0.009    -0.205
    61.880     0.084     0.004    -0.231
    61.890     0.093    -0.028    -0.224
    61.900     0.095    -0.059    -0.189
    61.910     0.083    -0.073    -0.140
    61.920     0.057    -0.070    -0.090
    61.930     0.042    -0.048    -0.044
    61.940     0.051    -0.017    -0.006
    61.950     0.080     0.021     0.009
    61.960     0.100     0.056     0.020
    61.970     0.103     0.088     0.029
    61.980     0.090     0.130     0.035
    61.990     0.074     0.172     0.032
    62.000     0.076     0.189     0.023
    62.010     0.066     0.168     0.010
    62.020     0.053     0.138     0.001
    62.030     0.036     0.128    -0.001
    62.040     0.003     0.131    -0.005
    62.050    -0.025     0.138     0.014
    62.060    -0.049     0.138     0.043
    62.070    -0.072     0.118     0.074
    62.080    -0.090     0.087     0.102
    62.090    -0.087     0.046     0.100
    62.100    -0.072     0.002     0.075
    62.110    -0.061    -0.027     0.045
    62.120    -0.043    -0.039     0.004
    62.130    -0.029    -0.053    -0.038
    62.140    -0.012    -0.065    -0.066
    62.150     0.004    -0.070    -0.090
    62.160     0.009    -0.067    -0.087
    62.170     0.016    -0.063    -0.062
    62.180     0.007    -0.065    -0.035
    62.190    -0.032    -0.064    -0.015
    62.200    -0.078    -0.056     0.009
    62.210    -0.115    -0.061     0.029
    62.220    -0.138    -0.090     0.024
    62.230    -0.147    -0.114     0.018
    62.240    -0.128    -0.129     0.015
    62.250    -0.095    -0.123     0.014
    62.260    -0.067    -0.105     0.027
    62.270    -0.050    -0.098     0.046
    62.280    -0.048    -0.091     0.058
    62.290    -0.048    -0.083     0.063
    62.300    -0.049    -0.063     0.077
    62.310    -0.037    -0.041     0.101
    62.320    -0.016    -0.018     0.110
    62.330     0.006     0.006     0.103
    62.340     0.031     0.046     0.085
    62.350     0.053     0.096     0.058
    62.360     0.066     0.119     0.028
    62.370     0.066     0.128     0.008
    62.380     0.064     0.131    -0.004
    62.390     0.054     0.124    -0.022
    62.400     0.032     0.110    -0.041
    62.410     0.021     0.081    -0.064
    62.420     0.016     0.051    -0.069
    62.430     0.011     0.025    -0.053
    62.440     0.009     0.004    -0.047
    62.450     0.000    -0.014    -0.053
    62.460    -0.002    -0.025    -0.056
    62.470     0.013    -0.024    -0.059
    62.480     0.033    -0.011    -0.053
    62.490     0.047     0.020    -0.039
    62.500     0.056     0.033    -0.026
    62.510     0.062     0.017    -0.013
    62.520     0.065     0.001    -0.016
    62.530     0.073    -0.014    -0.017
    62.540     0.086    -0.024    -0.022
    62.550     0.102    -0.024    -0.044
    62.560     0.102    -0.019    -0.080
    62.570     0.081    -0.024    -0.139
    62.580     0.052    -0.033    -0.164
    62.590     0.022    -0.057    -0.157
    62.600     0.003    -0.095    -0.122
    62.610    -0.016    -0.098    -0.057
    62.620    -0.024    -0.090     0.000
    62.630    -0.021    -0.088     0.043
    62.640    -0.012    -0.090     0.075
    62.650     0.003    -0.090     0.095
    62.660     0.001    -0.079     0.107
    62.670    -0.003    -0.065     0.110
    62.680    -0.009    -0.040     0.099
    62.690    -0.020    -0.012     0.083
    62.700    -0.017     0.004     0.073
    62.710    -0.005     0.009     0.058
    62.720     0.010     0.010     0.033
    62.730     0.022     0.028     0.004
    62.740     0.018     0.056    -0.028
    62.750     0.006     0.079    -0.053
    62.760     0.001     0.084    -0.061
    62.770     0.011     0.084    -0.061
    62.780     0.021     0.097    -0.057
    62.790     0.025     0.099    -0.055
    62.800     0.022     0.077    -0.061
    62.810     0.007     0.051    -0.063
    62.820    -0.014     0.017    -0.056
    62.830    -0.042    -0.034    -0.054
    62.840    -0.067    -0.062    -0.044
    62.850    -0.072    -0.063    -0.033
    62.860    -0.057    -0.050    -0.020
    62.870    -0.048    -0.030    -0.001
    62.880    -0.054    -0.026     0.010
    62.890    -0.062    -0.021     0.020
    62.900    -0.068    -0.009     0.013
    62.910    -0.067     0.015     0.010
    62.920    -0.053     0.049     0.021
    62.930    -0.041     0.084     0.037
    62.940    -0.046     0.122     0.058
    62.950    -0.065     0.133     0.053
    62.960    -0.091     0.114     0.041
    62.970    -0.104     0.091     0.023
    62.980    -0.090     0.074     0.011
    62.990    -0.055     0.057     0.010
    63.000    -0.016     0.051     0.003
    63.010     0.017     0.054     0.000
    63.020     0.048     0.044    -0.005
    63.030     0.072     0.043    -0.004
    63.040     0.081     0.052    -0.002
    63.050     0.069     0.065     0.004
    63.060     0.047     0.081     0.026
    63.070     0.023     0.072     0.043
    63.080    -0.009     0.038     0.047
    63.090    -0.033    -0.012     0.047
    63.100    -0.034    -0.068     0.046
    63.110    -0.004    -0.124     0.039
    63.120     0.029    -0.159     0.012
    63.130     0.049    -0.151    -0.016
    63.140     0.065    -0.112    -0.031
    63.150     0.079    -0.075    -0.051
    63.160     0.091    -0.042    -0.069
    63.170     0.086    -0.013    -0.080
    63.180     0.074     0.001    -0.078
    63.190     0.056     0.017    -0.070
    63.200     0.037     0.034    -0.056
    63.210     0.030     0.035    -0.021
    63.220     0.025     0.031     0.004
    63.230     0.025     0.031     0.021
    63.240     0.024     0.033     0.040
    63.250     0.026     0.037     0.052
    63.260     0.026     0.042     0.059
    63.270     0.011     0.040     0.053
    63.280    -0.005     0.031     0.035
    63.290    -0.017     0.022     0.003
    63.300    -0.021     0.016    -0.036
    63.310    -0.013     0.003    -0.059
    63.320    -0.001    -0.018    -0.057
    63.330    -0.004    -0.041    -0.037
    63.340    -0.018    -0.070    -0.013
    63.350    -0.022    -0.109     0.022
    63.360    -0.023    -0.150     0.063
    63.370    -0.029    -0.181     0.111
    63.380    -0.029    -0.177     0.145
    63.390    -0.034    -0.147     0.156
    63.400    -0.044    -0.124     0.163
    63.410    -0.052    -0.100     0.161
    63.420    -0.058    -0.068     0.142
    63.430    -0.063    -0.038     0.127
    63.440    -0.067    -0.023     0.130
    63.450    -0.055    -0.023     0.130
    63.460    -0.044    -0.024     0.113
    63.470    -0.056    -0.038     0.063
    63.480    -0.069    -0.057    -0.003
    63.490    -0.072    -0.059    -0.067
    63.500    -0.050    -0.040    -0.120
    63.510    -0.023    -0.002    -0.139
    63.520    -0.007     0.041    -0.134
    63.530     0.034     0.076    -0.127
    63.540     0.084     0.092    -0.114
    63.550     0.125     0.098    -0.092
    63.560     0.152     0.093    -0.082
    63.570     0.158     0.085    -0.090
    63.580     0.156     0.085    -0.090
    63.590     0.127     0.078    -0.072
    63.600     0.080     0.061    -0.042
    63.610     0.030     0.050    -0.021
    63.620    -0.014     0.047    -0.004
    63.630    -0.036     0.059     0.028
    63.640    -0.044     0.058     0.048
    63.650    -0.025     0.036     0.053
    63.660    -0.001     0.035     0.046
    63.670     0.014     0.035     0.036
    63.680     0.021     0.029     0.030
    63.690     0.029    -0.009     0.009
    63.700     0.026    -0.062     0.010
    63.710     0.007    -0.098     0.014
    63.720    -0.011    -0.100     0.035
    63.730    -0.030    -0.082     0.043
    63.740    -0.039    -0.073     0.028
    63.750    -0.055    -0.054     0.018
    63.760    -0.052    -0.056    -0.008
    63.770    -0.047    -0.046    -0.023
    63.780    -0.030    -0.045    -0.056
    63.790    -0.008    -0.039    -0.066
    63.800     0.010    -0.031    -0.084
    63.810     0.043    -0.036    -0.084
    63.820     0.049    -0.025    -0.077
    63.830     0.082    -0.013    -0.076
    63.840     0.089     0.037    -0.032
    63.850     0.086     0.063    -0.022
    63.860     0.075     0.092     0.005
    63.870     0.038     0.094    -0.007
    63.880     0.033     0.075    -0.006
    63.890    -0.002     0.060     0.008
    63.900    -0.004     0.006    -0.003
    63.910    -0.011    -0.015     0.001
    63.920    -0.010    -0.042    -0.044
    63.930     0.020    -0.039    -0.041
    63.940     0.014    -0.034    -0.067
    63.950     0.046    -0.025    -0.070
    63.960     0.052     0.026    -0.058
    63.970     0.066     0.048    -0.060
    63.980     0.079     0.095    -0.018
    63.990     0.066     0.118    -0.059
    64.000     0.080     0.113    -0.058
    64.010     0.047     0.119    -0.044
    64.020     0.028     0.093    -0.018
    64.030    -0.009     0.105     0.024
    64.040    -0.051     0.104     0.030
    64.050    -0.062     0.060     0.071
    64.060    -0.093     0.030     0.081
    64.070    -0.083    -0.022     0.101
    64.080    -0.081    -0.012     0.123
    64.090    -0.066    -0.007     0.127
    64.100    -0.020     0.009     0.130
    64.110    -0.021     0.070     0.109
    64.120    -0.008     0.063     0.092
    64.130    -0.016     0.092     0.068
    64.140    -0.043     0.061     0.024
    64.150    -0.041     0.022    -0.004
    64.160    -0.060     0.021    -0.026
    64.170    -0.048    -0.031    -0.044
    64.180    -0.048    -0.011    -0.036
    64.190    -0.032    -0.036    -0.038
    64.200     0.007    -0.038    -0.029
    64.210    -0.007    -0.023    -0.032
    64.220     0.024    -0.060    -0.019
    64.230     0.007    -0.031     0.003
    64.240    -0.013    -0.058    -0.014
    64.250    -0.027    -0.034    -0.009
    64.260    -0.064    -0.014    -0.018
    64.270    -0.040    -0.036    -0.009
    64.280    -0.056    -0.006    -0.015
    64.290    -0.046    -0.026    -0.027
    64.300    -0.053    -0.003    -0.014
    64.310    -0.047    -0.009    -0.009
    64.320    -0.010    -0.016     0.024
    64.330    -0.013     0.000     0.036
    64.340     0.016    -0.019     0.061
    64.350     0.002    -0.005     0.042
    64.360    -0.003    -0.028     0.016
    64.370    -0.017    -0.042     0.004
    64.380    -0.036    -0.047    -0.015
    64.390    -0.036    -0.040     0.000
    64.400    -0.059    -0.024    -0.012
    64.410    -0.049    -0.039     0.011
    64.420    -0.039    -0.041    -0.001
    64.430    -0.024    -0.044    -0.007
    64.440    -0.016    -0.046    -0.002
    64.450    -0.021    -0.049    -0.010
    64.460    -0.022    -0.070     0.020
    64.470    -0.034    -0.088     0.013
    64.480    -0.032    -0.092     0.047
    64.490    -0.020    -0.095     0.047
    64.500    -0.012    -0.082     0.039
    64.510     0.002    -0.078     0.027
    64.520     0.006    -0.080    -0.034
    64.530     0.007    -0.079    -0.061
    64.540     0.026    -0.072    -0.114
    64.550     0.022    -0.041    -0.117
    64.560     0.021    -0.039    -0.121
    64.570     0.014    -0.036    -0.141
    64.580     0.002    -0.028    -0.134
    64.590     0.017    -0.039    -0.164
    64.600     0.022    -0.027    -0.148
    64.610     0.037     0.007    -0.143
    64.620     0.030     0.046    -0.122
    64.630     0.029     0.072    -0.075
    64.640     0.040     0.092    -0.038
    64.650     0.028     0.113     0.020
    64.660     0.028     0.116     0.039
    64.670     0.013     0.115     0.075
    64.680     0.003     0.117     0.101
    64.690    -0.018     0.115     0.089
    64.700    -0.038     0.122     0.089
    64.710    -0.046     0.123     0.049
    64.720    -0.068     0.109     0.025
    64.730    -0.069     0.079     0.011
    64.740    -0.079     0.041    -0.025
    64.750    -0.084     0.009    -0.034
    64.760    -0.076    -0.012    -0.030
    64.770    -0.073    -0.011     0.001
    64.780    -0.060    -0.017     0.041
    64.790    -0.052    -0.014     0.069
    64.800    -0.041    -0.003     0.091
    64.810    -0.031    -0.021     0.083
    64.820    -0.029    -0.032     0.079
    64.830    -0.016    -0.034     0.063
    64.840    -0.005    -0.011     0.029
    64.850     0.009     0.026     0.013
    64.860     0.035     0.062     0.002
    64.870     0.063     0.096    -0.002
    64.880     0.092     0.107    -0.004
    64.890     0.094     0.131     0.010
    64.900     0.078     0.136     0.029
    64.910     0.064     0.116     0.016
    64.920     0.052     0.086     0.017
    64.930     0.037     0.030     0.008
    64.940     0.022     0.000     0.008
    64.950     0.022    -0.039     0.014
    64.960     0.017    -0.070     0.018
    64.970     0.012    -0.073     0.038
    64.980     0.000    -0.068     0.034
    64.990    -0.021    -0.050     0.043
    65.000    -0.017    -0.061     0.024
    65.010     0.001    -0.056     0.006
    65.020     0.037    -0.055     0.011
    65.030     0.068    -0.059    -0.008
    65.040     0.074    -0.036    -0.003
    65.050     0.072    -0.021     0.013
    65.060     0.059     0.001     0.034
    65.070     0.043    -0.007     0.029
    65.080     0.011    -0.015     0.015
    65.090    -0.016    -0.030     0.013
    65.100    -0.027    -0.063     0.008
    65.110    -0.032    -0.071     0.009
    65.120    -0.028    -0.087    -0.014
    65.130    -0.026    -0.091    -0.028
    65.140    -0.016    -0.093    -0.049
    65.150    -0.009    -0.087    -0.062
    65.160     0.006    -0.065    -0.045
    65.170     0.023    -0.059    -0.033
    65.180     0.018    -0.048    -0.022
    65.190     0.023    -0.053    -0.018
    65.200     0.023    -0.048    -0.001
    65.210     0.027    -0.038     0.015
    65.220     0.048    -0.040     0.020
    65.230     0.068    -0.032     0.026
    65.240     0.084    -0.038     0.033
    65.250     0.071    -0.017     0.038
    65.260     0.056    -0.004     0.037
    65.270     0.034    -0.010     0.040
    65.280    -0.014    -0.017     0.053
    65.290    -0.049    -0.052     0.074
    65.300    -0.075    -0.063     0.070
    65.310    -0.088    -0.063     0.046
    65.320    -0.083    -0.055     0.019
    65.330    -0.062    -0.050    -0.006
    65.340    -0.044    -0.055    -0.032
    65.350    -0.026    -0.041    -0.053
    65.360    -0.003    -0.031    -0.061
    65.370     0.006    -0.003    -0.057
    65.380     0.014     0.009    -0.049
    65.390     0.010     0.027    -0.041
    65.400    -0.001     0.050    -0.019
    65.410    -0.011     0.055    -0.013
    65.420    -0.025     0.085    -0.027
    65.430    -0.018     0.104    -0.033
    65.440    -0.012     0.128    -0.013
    65.450    -0.010     0.149     0.017
    65.460    -0.013     0.156     0.028
    65.470    -0.019     0.155     0.036
    65.480    -0.007     0.135     0.038
    65.490     0.014     0.124     0.030
    65.500     0.042     0.114     0.007
    65.510     0.062     0.115    -0.031
    65.520     0.076     0.112    -0.060
    65.530     0.076     0.096    -0.092
    65.540     0.069     0.091    -0.103
    65.550     0.085     0.071    -0.095
    65.560     0.097     0.059    -0.085
    65.570     0.092     0.041    -0.069
    65.580     0.061     0.026    -0.059
    65.590     0.028     0.038    -0.051
    65.600     0.013     0.032    -0.041
    65.610    -0.008     0.018    -0.017
    65.620    -0.024     0.005     0.014
    65.630    -0.036     0.009     0.029
    65.640    -0.043     0.017     0.044
    65.650    -0.039     0.013     0.055
    65.660    -0.027     0.020     0.059
    65.670    -0.010     0.011     0.052
    65.680    -0.007     0.007     0.026
    65.690    -0.003    -0.007     0.017
    65.700     0.000    -0.037     0.005
    65.710    -0.008    -0.047    -0.009
    65.720    -0.021    -0.068    -0.006
    65.730    -0.045    -0.075     0.009
    65.740    -0.064    -0.071     0.033
    65.750    -0.072    -0.071     0.041
    65.760    -0.064    -0.061     0.055
    65.770    -0.028    -0.058     0.057
    65.780     0.011    -0.038     0.046
    65.790     0.039    -0.013     0.034
    65.800     0.051     0.005     0.011
    65.810     0.043     0.019     0.000
    65.820     0.031     0.027    -0.015
    65.830     0.023     0.024    -0.021
    65.840     0.026     0.012    -0.021
    65.850     0.030     0.012    -0.022
    65.860     0.025     0.008    -0.025
    65.870     0.015     0.018    -0.040
    65.880     0.009     0.033    -0.037
    65.890     0.016     0.030    -0.032
    65.900     0.010     0.023    -0.031
    65.910     0.005    -0.018    -0.036
    65.920     0.003    -0.059    -0.048
    65.930     0.000    -0.084    -0.049
    65.940     0.016    -0.112    -0.042
    65.950     0.025    -0.111    -0.035
    65.960     0.026    -0.096    -0.039
    65.970     0.017    -0.068    -0.038
    65.980     0.011    -0.042    -0.021
    65.990     0.015    -0.020    -0.006
    66.000     0.013    -0.014    -0.002
    66.010     0.009    -0.026    -0.001
    66.020    -0.004    -0.032    -0.007
    66.030    -0.008    -0.058     0.005
    66.040    -0.014    -0.075     0.007
    66.050    -0.024    -0.082     0.010
    66.060    -0.040    -0.083     0.030
    66.070    -0.050    -0.083     0.030
    66.080    -0.058    -0.067     0.041
    66.090    -0.068    -0.050     0.046
    66.100    -0.068    -0.041     0.065
    66.110    -0.074    -0.021     0.064
    66.120    -0.058    -0.014     0.055
    66.130    -0.048    -0.015     0.043
    66.140    -0.019    -0.040     0.018
    66.150     0.003    -0.051     0.004
    66.160     0.016    -0.043    -0.036
    66.170     0.016    -0.015    -0.033
    66.180    -0.010     0.009    -0.043
    66.190    -0.016     0.028    -0.035
    66.200    -0.037     0.028    -0.032
    66.210    -0.031     0.005    -0.017
    66.220    -0.032     0.017     0.033
    66.230    -0.014     0.016     0.044
    66.240     0.001     0.055     0.085
    66.250    -0.007     0.075     0.070
    66.260     0.000     0.095     0.094
    66.270    -0.023     0.118     0.097
    66.280    -0.004     0.105     0.087
    66.290    -0.009     0.118     0.096
    66.300     0.012     0.095     0.050
    66.310     0.036     0.104     0.066
    66.320     0.023     0.081     0.007
    66.330     0.036     0.064    -0.007
    66.340     0.005     0.053    -0.051
    66.350     0.009     0.020    -0.091
    66.360    -0.017     0.032    -0.082
    66.370    -0.019     0.001    -0.114
    66.380    -0.020     0.003    -0.065
    66.390    -0.045    -0.012    -0.091
    66.400    -0.028    -0.024    -0.065
    66.410    -0.053    -0.015    -0.076
    66.420    -0.020    -0.033    -0.068
    66.430    -0.012    -0.030    -0.017
    66.440     0.005    -0.034    -0.037
    66.450     0.020    -0.007     0.001
    66.460     0.016     0.002    -0.026
    66.470     0.049     0.009     0.016
    66.480     0.029     0.016    -0.002
    66.490     0.041     0.013    -0.028
    66.500     0.018     0.024    -0.034
    66.510     0.024     0.013    -0.084
    66.520     0.031     0.015    -0.073
    66.530     0.019    -0.005    -0.135
    66.540     0.017    -0.015    -0.102
    66.550    -0.037    -0.019    -0.087
    66.560    -0.043    -0.038    -0.048
    66.570    -0.070    -0.041     0.013
    66.580    -0.068    -0.054     0.021
    66.590    -0.080    -0.044     0.071
    66.600    -0.092    -0.039     0.040
    66.610    -0.062    -0.026     0.062
    66.620    -0.061    -0.010     0.032
    66.630    -0.026    -0.002     0.021
    66.640    -0.027     0.017     0.028
    66.650    -0.001     0.016     0.007
    66.660     0.020     0.024     0.051
    66.670     0.039     0.019     0.026
    66.680     0.058     0.030     0.064
    66.690     0.057     0.043     0.060
    66.700     0.074     0.051     0.053
    66.710     0.054     0.060     0.049
    66.720     0.061     0.053     0.006
    66.730     0.049     0.063     0.005
    66.740     0.061     0.041    -0.032
    66.750     0.074     0.030    -0.009
    66.760     0.077     0.015    -0.010
    66.770     0.092     0.019     0.016
    66.780     0.059     0.020     0.044
    66.790     0.053     0.009     0.065
    66.800     0.030     0.009     0.105
    66.810     0.019    -0.010     0.090
    66.820     0.006     0.008     0.110
    66.830     0.006    -0.008     0.100
    66.840     0.027    -0.013     0.114
    66.850     0.025    -0.022     0.093
    66.860     0.031    -0.037     0.066
    66.870     0.019    -0.034     0.048
    66.880     0.024    -0.048     0.007
    66.890     0.015    -0.040     0.019
    66.900     0.029    -0.044     0.006
    66.910     0.041    -0.027     0.021
    66.920     0.040    -0.027     0.019
    66.930     0.046    -0.021     0.034
    66.940     0.027    -0.031     0.040
    66.950     0.016    -0.047     0.030
    66.960    -0.016    -0.046     0.043
    66.970    -0.031    -0.056     0.022
    66.980    -0.054    -0.032     0.022
    66.990    -0.066    -0.028    -0.015
    67.000    -0.062     0.007    -0.023
    67.010    -0.069     0.021    -0.030
    67.020    -0.058     0.031    -0.052
    67.030    -0.062     0.044    -0.060
    67.040    -0.057     0.027    -0.079
    67.050    -0.055     0.050    -0.051
    67.060    -0.043     0.042    -0.045
    67.070    -0.028     0.048    -0.015
    67.080    -0.021     0.049     0.005
    67.090    -0.015     0.030     0.004
    67.100    -0.028     0.030     0.006
    67.110    -0.021    -0.001    -0.007
    67.120    -0.025    -0.017     0.009
    67.130    -0.028    -0.029    -0.003
    67.140    -0.031    -0.033    -0.012
    67.150    -0.021    -0.013    -0.020
    67.160     0.005     0.000    -0.030
    67.170     0.008     0.013    -0.037
    67.180     0.010     0.009    -0.060
    67.190    -0.011     0.026    -0.061
    67.200    -0.004     0.032    -0.070
    67.210     0.003     0.016    -0.077
    67.220    -0.001     0.016    -0.087
    67.230     0.011    -0.010    -0.100
    67.240     0.009    -0.026    -0.104
    67.250     0.018    -0.050    -0.119
    67.260     0.009    -0.044    -0.118
    67.270     0.007    -0.020    -0.109
    67.280     0.005     0.001    -0.090
    67.290    -0.004     0.033    -0.059
    67.300     0.006     0.030    -0.025
    67.310     0.022     0.040     0.015
    67.320     0.043     0.024     0.020
    67.330     0.043     0.024     0.009
    67.340     0.035     0.039    -0.008
    67.350     0.025     0.036    -0.019
    67.360     0.016     0.042    -0.011
    67.370     0.016     0.016     0.005
    67.380     0.023     0.013     0.041
    67.390     0.032     0.007     0.067
    67.400     0.032     0.005     0.094
    67.410     0.028     0.006     0.113
    67.420     0.023    -0.009     0.115
    67.430     0.022    -0.005     0.109
    67.440     0.020    -0.018     0.095
    67.450     0.019    -0.012     0.088
    67.460     0.020    -0.012     0.070
    67.470     0.019    -0.011     0.036
    67.480     0.016    -0.001    -0.005
    67.490     0.023    -0.013    -0.040
    67.500     0.016    -0.008    -0.062
    67.510    -0.008    -0.025    -0.072
    67.520    -0.030    -0.032    -0.070
    67.530    -0.043    -0.035    -0.061
    67.540    -0.040    -0.033    -0.035
    67.550    -0.039    -0.014    -0.003
    67.560    -0.031    -0.009     0.033
    67.570    -0.033     0.003     0.054
    67.580    -0.037    -0.007     0.070
    67.590    -0.037    -0.011     0.077
    67.600    -0.040    -0.018     0.070
    67.610    -0.027    -0.016     0.052
    67.620    -0.010    -0.004     0.018
    67.630     0.007    -0.001     0.001
    67.640     0.020     0.014    -0.032
    67.650     0.027     0.024    -0.047
    67.660     0.027     0.035    -0.056
    67.670     0.021     0.030    -0.049
    67.680     0.013     0.030    -0.034
    67.690     0.017     0.021    -0.021
    67.700     0.009     0.010     0.012
    67.710     0.005    -0.007     0.019
    67.720    -0.005    -0.029     0.045
    67.730    -0.014    -0.049     0.023
    67.740     0.000    -0.074     0.013
    67.750    -0.002    -0.101     0.001
    67.760     0.019    -0.126    -0.016
    67.770     0.022    -0.123    -0.016
    67.780     0.036    -0.127    -0.055
    67.790     0.045    -0.117    -0.056
    67.800     0.040    -0.114    -0.087
    67.810     0.041    -0.097    -0.081
    67.820     0.009    -0.078    -0.075
    67.830    -0.008    -0.070    -0.074
    67.840    -0.060    -0.036    -0.059
    67.850    -0.078    -0.022    -0.062
    67.860    -0.082     0.009    -0.013
    67.870    -0.078     0.029     0.000
    67.880    -0.045     0.053     0.044
    67.890    -0.050     0.071     0.053
    67.900    -0.034     0.075     0.056
    67.910    -0.051     0.088     0.060
    67.920    -0.046     0.077     0.020
    67.930    -0.041     0.074     0.028
    67.940    -0.045     0.046    -0.003
    67.950    -0.004     0.024     0.011
    67.960     0.001     0.034     0.013
    67.970     0.042     0.040     0.013
    67.980     0.048     0.063     0.041
    67.990     0.048     0.064     0.022
    68.000     0.062     0.059     0.050
    68.010     0.034     0.058     0.042
    68.020     0.058     0.025     0.051
    68.030     0.038     0.045     0.057
    68.040     0.034     0.031     0.027
    68.050     0.022     0.017     0.032
    68.060    -0.021     0.014    -0.008
    68.070    -0.013    -0.023    -0.008
    68.080    -0.036     0.002    -0.016
    68.090    -0.012    -0.019    -0.034
    68.100    -0.004     0.009    -0.028
    68.110     0.001     0.029    -0.054
    68.120     0.029     0.038    -0.027
    68.130     0.027     0.077    -0.026
    68.140     0.058     0.052     0.006
    68.150     0.045     0.065     0.033
    68.160     0.044     0.040     0.034
    68.170     0.042     0.025     0.043
    68.180     0.029     0.020     0.011
    68.190     0.036    -0.008     0.021
    68.200     0.025     0.002    -0.009
    68.210     0.027     0.000    -0.015
    68.220     0.023     0.010    -0.019
    68.230     0.025     0.029    -0.012
    68.240     0.021     0.025    -0.003
    68.250     0.016     0.036    -0.021
    68.260     0.014     0.026     0.012
    68.270     0.004     0.012     0.004
    68.280    -0.003     0.012     0.018
    68.290    -0.006    -0.030     0.004
    68.300    -0.002    -0.037     0.019
    68.310    -0.001    -0.050     0.046
    68.320    -0.004    -0.042     0.042
    68.330    -0.010    -0.042     0.070
    68.340    -0.006    -0.053     0.052
    68.350     0.006    -0.043     0.068
    68.360     0.021    -0.070     0.063
    68.370     0.023    -0.056     0.052
    68.380     0.011    -0.065     0.048
    68.390    -0.007    -0.051     0.026
    68.400    -0.028    -0.050     0.027
    68.410    -0.042    -0.059     0.016
    68.420    -0.055    -0.061     0.018
    68.430    -0.051    -0.081     0.004
    68.440    -0.040    -0.060    -0.011
    68.450    -0.038    -0.059    -0.024
    68.460    -0.036    -0.016    -0.037
    68.470    -0.037     0.003    -0.052
    68.480    -0.029     0.023    -0.049
    68.490    -0.035     0.052    -0.037
    68.500    -0.044     0.053    -0.025
    68.510    -0.041     0.070    -0.004
    68.520    -0.038     0.039    -0.008
    68.530    -0.027     0.030     0.008
    68.540    -0.033     0.011    -0.014
    68.550    -0.031     0.003    -0.020
    68.560    -0.026     0.019    -0.026
    68.570    -0.015     0.019    -0.043
    68.580    -0.003     0.054    -0.036
    68.590     0.008     0.063    -0.067
    68.600     0.018     0.076    -0.066
    68.610     0.012     0.078    -0.089
    68.620     0.016     0.058    -0.093
    68.630     0.005     0.055    -0.095
    68.640     0.008     0.017    -0.108
    68.650     0.001     0.000    -0.089
    68.660    -0.008    -0.020    -0.094
    68.670    -0.008    -0.036    -0.069
    68.680    -0.009    -0.026    -0.046
    68.690     0.010    -0.025    -0.010
    68.700     0.009     0.002     0.026
    68.710     0.016     0.002     0.043
    68.720     0.003     0.013     0.078
    68.730    -0.004     0.001     0.076
    68.740    -0.004    -0.022     0.072
    68.750    -0.005    -0.029     0.051
    68.760     0.011    -0.058     0.019
    68.770     0.016    -0.031     0.011
    68.780     0.035    -0.024    -0.010
    68.790     0.039     0.003    -0.014
    68.800     0.048     0.016    -0.021
    68.810     0.046     0.014    -0.020
    68.820     0.035     0.041    -0.004
    68.830     0.035     0.036     0.003
    68.840     0.015     0.053     0.012
    68.850     0.003     0.031    -0.007
    68.860    -0.016     0.025    -0.024
    68.870    -0.011     0.011    -0.042
    68.880     0.000    -0.017    -0.051
    68.890     0.010    -0.014    -0.035
    68.900     0.033    -0.047    -0.027
    68.910     0.038    -0.041     0.001
    68.920     0.054    -0.041     0.020
    68.930     0.050    -0.020     0.055
    68.940     0.040     0.012     0.088
    68.950     0.037     0.018     0.095
    68.960     0.027     0.035     0.087
    68.970     0.017     0.021     0.055
    68.980     0.003     0.024     0.044
    68.990    -0.001     0.011     0.027
    69.000    -0.002    -0.006     0.027
    69.010    -0.004    -0.009     0.029
    69.020    -0.003    -0.024     0.030
    69.030    -0.013    -0.007     0.037
    69.040    -0.017    -0.002     0.051
    69.050    -0.031     0.003     0.081
    69.060    -0.047     0.015     0.088
    69.070    -0.053     0.011     0.089
    69.080    -0.067     0.015     0.079
    69.090    -0.060     0.014     0.065
    69.100    -0.049     0.015     0.032
    69.110    -0.034     0.002     0.004
    69.120    -0.010    -0.029    -0.010
    69.130     0.010    -0.049    -0.022
    69.140     0.026    -0.044    -0.022
    69.150     0.035    -0.015    -0.014
    69.160     0.053     0.000    -0.003
    69.170     0.049     0.029    -0.002
    69.180     0.036     0.045     0.006
    69.190     0.014     0.045     0.008
    69.200    -0.020     0.050     0.004
    69.210    -0.031     0.028    -0.017
    69.220    -0.038     0.024    -0.049
    69.230    -0.034     0.005    -0.064
    69.240    -0.036     0.001    -0.085
    69.250    -0.038     0.021    -0.092
    69.260    -0.027     0.014    -0.086
    69.270    -0.028     0.008    -0.072
    69.280    -0.022    -0.017    -0.055
    69.290    -0.020    -0.034    -0.038
    69.300    -0.017    -0.053    -0.007
    69.310    -0.015    -0.072     0.007
    69.320    -0.024    -0.081     0.010
    69.330    -0.019    -0.102     0.003
    69.340    -0.003    -0.102    -0.001
    69.350     0.008    -0.093     0.000
    69.360     0.007    -0.082    -0.008
    69.370     0.000    -0.063    -0.003
    69.380    -0.008    -0.047    -0.007
    69.390    -0.014    -0.037    -0.019
    69.400    -0.017    -0.036    -0.021
    69.410    -0.022    -0.036    -0.032
    69.420    -0.017    -0.034    -0.035
    69.430    -0.006    -0.029    -0.050
    69.440     0.001    -0.011    -0.076
    69.450     0.010     0.006    -0.092
    69.460     0.016     0.028    -0.106
    69.470     0.018     0.031    -0.103
    69.480     0.014     0.020    -0.093
    69.490     0.006     0.029    -0.071
    69.500     0.004     0.023    -0.043
    69.510     0.004     0.033    -0.015
    69.520     0.013     0.030     0.016
    69.530     0.011     0.028     0.039
    69.540     0.009     0.038     0.059
    69.550     0.016     0.037     0.069
    69.560     0.018     0.064     0.082
    69.570     0.021     0.064     0.089
    69.580     0.015     0.073     0.082
    69.590     0.009     0.076     0.067
    69.600    -0.002     0.068     0.040
    69.610    -0.011     0.074     0.019
    69.620    -0.019     0.044    -0.007
    69.630    -0.039     0.025    -0.025
    69.640    -0.036    -0.004    -0.031
    69.650    -0.032    -0.018    -0.031
    69.660    -0.028    -0.023    -0.006
    69.670    -0.017    -0.042     0.011
    69.680    -0.013    -0.032     0.020
    69.690     0.001    -0.030     0.026
    69.700     0.004    -0.019     0.026
    69.710     0.008    -0.005     0.033
    69.720     0.012     0.002     0.026
    69.730     0.004    -0.002     0.018
    69.740    -0.002    -0.026     0.006
    69.750     0.001    -0.034    -0.009
    69.760     0.019    -0.031    -0.023
    69.770     0.020    -0.001    -0.036
    69.780     0.020     0.028    -0.035
    69.790     0.022     0.051    -0.041
    69.800     0.010     0.077    -0.047
    69.810     0.017     0.064    -0.034
    69.820     0.010     0.059    -0.003
    69.830     0.003     0.035     0.018
    69.840     0.004     0.006     0.017
    69.850     0.004    -0.001     0.017
    69.860     0.016    -0.022     0.018
    69.870     0.019    -0.012     0.018
    69.880     0.027    -0.009     0.020
    69.890     0.031     0.006     0.024
    69.900     0.047     0.013     0.039
    69.910     0.060     0.013     0.054
    69.920     0.048     0.039     0.069
    69.930     0.037     0.031     0.088
    69.940     0.007     0.039     0.093
    69.950    -0.015     0.029     0.089
    69.960    -0.029     0.018     0.081
    69.970    -0.040     0.016     0.078
    69.980    -0.050     0.002     0.061
    69.990    -0.074    -0.004     0.037
    70.000    -0.086    -0.034     0.020
    70.010    -0.090    -0.040     0.003
    70.020    -0.073    -0.051    -0.004
    70.030    -0.052    -0.054    -0.006
    70.040    -0.039    -0.036    -0.003
    70.050    -0.022    -0.029    -0.002
    70.060    -0.017    -0.008    -0.005
    70.070    -0.020    -0.021    -0.003
    70.080    -0.027    -0.027     0.002
    70.090    -0.031    -0.028     0.007
    70.100    -0.028    -0.040     0.002
    70.110    -0.016    -0.041    -0.009
    70.120     0.003    -0.061    -0.024
    70.130     0.008    -0.062    -0.035
    70.140     0.009    -0.061    -0.041
    70.150     0.007    -0.056    -0.051
    70.160    -0.002    -0.040    -0.057
    70.170     0.004    -0.029    -0.058
    70.180     0.012    -0.002    -0.047
    70.190     0.019     0.010    -0.025
    70.200     0.028     0.033    -0.005
    70.210     0.038     0.049     0.008
    70.220     0.047     0.060     0.033
    70.230     0.056     0.071     0.063
    70.240     0.065     0.064     0.090
    70.250     0.061     0.074     0.103
    70.260     0.063     0.071     0.096
    70.270     0.056     0.066     0.078
    70.280     0.042     0.051     0.049
    70.290     0.033     0.028     0.028
    70.300     0.022     0.022     0.006
    70.310     0.021     0.013    -0.005
    70.320     0.024     0.019    -0.013
    70.330     0.030     0.014    -0.032
    70.340     0.040     0.020    -0.048
    70.350     0.046     0.022    -0.060
    70.360     0.044     0.015    -0.061
    70.370     0.045     0.021    -0.066
    70.380     0.047     0.025    -0.072
    70.390     0.041     0.043    -0.073
    70.400     0.048     0.041    -0.059
    70.410     0.044     0.040    -0.040
    70.420     0.035     0.046    -0.024
    70.430     0.029     0.039    -0.005
    70.440     0.012     0.032    -0.003
    70.450    -0.001     0.014    -0.013
    70.460    -0.020     0.003    -0.028
    70.470    -0.034    -0.011    -0.037
    70.480    -0.031    -0.023    -0.040
    70.490    -0.019    -0.034    -0.053
    70.500    -0.009    -0.050    -0.056
    70.510     0.007    -0.065    -0.055
    70.520     0.020    -0.082    -0.045
    70.530     0.010    -0.084    -0.044
    70.540     0.004    -0.096    -0.043
    70.550    -0.005    -0.105    -0.040
    70.560    -0.009    -0.109    -0.047
    70.570    -0.008    -0.108    -0.049
    70.580    -0.007    -0.106    -0.061
    70.590    -0.007    -0.099    -0.063
    70.600    -0.022    -0.094    -0.081
    70.610    -0.026    -0.089    -0.073
    70.620    -0.042    -0.077    -0.065
    70.630    -0.050    -0.071    -0.054
    70.640    -0.064    -0.055    -0.022
    70.650    -0.061    -0.058    -0.018
    70.660    -0.055    -0.031     0.015
    70.670    -0.048    -0.011     0.018
    70.680    -0.027     0.019     0.039
    70.690    -0.025     0.054     0.030
    70.700     0.004     0.073     0.015
    70.710    -0.007     0.108     0.017
    70.720     0.003     0.097    -0.007
    70.730     0.002     0.105     0.025
    70.740    -0.014     0.076     0.010
    70.750    -0.001     0.062     0.038
    70.760    -0.035     0.062     0.044
    70.770    -0.022     0.029     0.036
    70.780    -0.039     0.038     0.059
    70.790    -0.049     0.016     0.034
    70.800    -0.031     0.023     0.042
    70.810    -0.045     0.040     0.014
    70.820     0.000     0.029     0.014
    70.830     0.032     0.047     0.021
    70.840     0.059     0.045     0.011
    70.850     0.085     0.046     0.025
    70.860     0.076     0.075     0.024
    70.870     0.082     0.074     0.023
    70.880     0.080     0.091     0.026
    70.890     0.071     0.099     0.049
    70.900     0.067     0.078     0.051
    70.910     0.042     0.095     0.064
    70.920     0.022     0.077     0.062
    70.930     0.011     0.074     0.061
    70.940    -0.014     0.056     0.051
    70.950    -0.004     0.030     0.019
    70.960    -0.002     0.027    -0.001
    70.970     0.000    -0.014    -0.043
    70.980     0.019    -0.022    -0.046
    70.990     0.019    -0.034    -0.052
    71.000     0.028    -0.048    -0.060
    71.010     0.021    -0.044    -0.043
    71.020     0.015    -0.061    -0.044
    71.030     0.019    -0.064    -0.035
    71.040     0.009    -0.067    -0.037
    71.050     0.006    -0.087    -0.033
    71.060    -0.009    -0.094    -0.015
    71.070    -0.029    -0.107    -0.011
    71.080    -0.041    -0.127     0.008
    71.090    -0.049    -0.128     0.016
    71.100    -0.051    -0.115     0.019
    71.110    -0.049    -0.079     0.024
    71.120    -0.049    -0.042     0.018
    71.130    -0.037    -0.009     0.038
    71.140    -0.033     0.018     0.025
    71.150    -0.037     0.039     0.016
    71.160    -0.037     0.041     0.024
    71.170    -0.038     0.029     0.005
    71.180    -0.040     0.019     0.011
    71.190    -0.047    -0.001    -0.014
    71.200    -0.037    -0.003    -0.034
    71.210    -0.029     0.000    -0.054
    71.220    -0.010    -0.004    -0.075
    71.230     0.011     0.001    -0.067
    71.240     0.007     0.003    -0.072
    71.250     0.005     0.016    -0.049
    71.260     0.007     0.010    -0.025
    71.270     0.016    -0.022    -0.015
    71.280     0.024    -0.014    -0.005
    71.290     0.031    -0.015    -0.015
    71.300     0.028    -0.039    -0.020
    71.310     0.024    -0.041    -0.014
    71.320     0.024    -0.061    -0.013
    71.330     0.012    -0.046    -0.010
    71.340     0.007    -0.030    -0.014
    71.350     0.004    -0.019    -0.016
    71.360     0.008     0.015    -0.010
    71.370    -0.001     0.027    -0.007
    71.380    -0.025     0.042     0.004
    71.390    -0.044     0.030    -0.010
    71.400    -0.056     0.015    -0.012
    71.410    -0.052     0.005    -0.007
    71.420    -0.049    -0.012    -0.005
    71.430    -0.049    -0.015     0.002
    71.440    -0.054    -0.009    -0.006
    71.450    -0.058    -0.009     0.006
    71.460    -0.059    -0.025     0.009
    71.470    -0.059    -0.029     0.022
    71.480    -0.050    -0.042     0.032
    71.490    -0.036    -0.032     0.042
    71.500    -0.023    -0.022     0.060
    71.510    -0.012    -0.021     0.065
    71.520    -0.004     0.016     0.078
    71.530     0.001     0.022     0.065
    71.540     0.000     0.027     0.065
    71.550    -0.004     0.043     0.061
    71.560     0.003     0.046     0.055
    71.570     0.017     0.063     0.054
    71.580     0.032     0.064     0.044
    71.590     0.040     0.068     0.049
    71.600     0.042     0.062     0.053
    71.610     0.048     0.047     0.055
    71.620     0.044     0.045     0.047
    71.630     0.036     0.026     0.036
    71.640     0.020     0.021     0.021
    71.650     0.004     0.009     0.015
    71.660    -0.011     0.001     0.005
    71.670    -0.011     0.011    -0.006
    71.680    -0.002     0.013    -0.007
    71.690    -0.003     0.030    -0.018
    71.700     0.001     0.037    -0.014
    71.710    -0.004     0.045    -0.012
    71.720    -0.003     0.034    -0.005
    71.730     0.002     0.011     0.011
    71.740     0.022    -0.008     0.017
    71.750     0.040    -0.018     0.021
    71.760     0.038    -0.005     0.016
    71.770     0.042    -0.010     0.003
    71.780     0.028     0.000    -0.014
    71.790     0.013     0.006    -0.033
    71.800    -0.004     0.004    -0.046
    71.810    -0.020     0.001    -0.047
    71.820    -0.015    -0.009    -0.041
    71.830    -0.006    -0.007    -0.038
    71.840     0.006    -0.011    -0.039
    71.850     0.015    -0.002    -0.029
    71.860     0.021     0.011    -0.025
    71.870     0.019     0.023    -0.015
    71.880     0.008     0.017     0.000
    71.890     0.007     0.000     0.009
    71.900     0.016     0.000     0.031
    71.910     0.026    -0.016     0.032
    71.920     0.027    -0.016     0.026
    71.930     0.012    -0.009     0.021
    71.940     0.005    -0.006     0.007
    71.950     0.002     0.000     0.006
    71.960     0.000    -0.018     0.004
    71.970    -0.010    -0.018     0.003
    71.980    -0.030    -0.023     0.010
    71.990    -0.039    -0.039     0.004
    72.000    -0.046    -0.046    -0.011
    72.010    -0.044    -0.054    -0.023
    72.020    -0.027    -0.039    -0.037
    72.030     0.003    -0.035    -0.053
    72.040     0.034    -0.022    -0.082
    72.050     0.053    -0.005    -0.104
    72.060     0.063    -0.005    -0.119
    72.070     0.053     0.002    -0.128
    72.080     0.037    -0.012    -0.121
    72.090     0.021    -0.020    -0.111
    72.100    -0.002    -0.029    -0.096
    72.110    -0.022    -0.021    -0.076
    72.120    -0.038    -0.005    -0.051
    72.130    -0.057    -0.011    -0.029
    72.140    -0.062    -0.003    -0.005
    72.150    -0.053    -0.007     0.014
    72.160    -0.037     0.004     0.030
    72.170    -0.012     0.017     0.051
    72.180     0.012     0.029     0.051
    72.190     0.035     0.052     0.050
    72.200     0.048     0.043     0.047
    72.210     0.044     0.047     0.031
    72.220     0.043     0.035     0.023
    72.230     0.047     0.017     0.024
    72.240     0.036     0.004     0.030
    72.250     0.014    -0.014     0.041
    72.260    -0.006    -0.013     0.046
    72.270    -0.016    -0.017     0.042
    72.280    -0.017    -0.019     0.055
    72.290    -0.017    -0.022     0.076
    72.300    -0.012    -0.029     0.079
    72.310    -0.009    -0.019     0.076
    72.320    -0.016    -0.015     0.073
    72.330    -0.015    -0.011     0.069
    72.340    -0.006    -0.007     0.066
    72.350     0.003    -0.014     0.049
    72.360     0.017    -0.003     0.026
    72.370     0.029     0.001     0.017
    72.380     0.035     0.006    -0.007
    72.390     0.032     0.021    -0.022
    72.400     0.018     0.016    -0.015
    72.410     0.007     0.018    -0.012
    72.420     0.000     0.015    -0.018
    72.430    -0.010     0.003    -0.033
    72.440    -0.003    -0.005    -0.050
    72.450     0.003    -0.011    -0.068
    72.460    -0.004    -0.007    -0.072
    72.470    -0.002    -0.001    -0.078
    72.480    -0.002     0.011    -0.076
    72.490    -0.002     0.018    -0.061
    72.500    -0.003     0.023    -0.040
    72.510    -0.005     0.028    -0.010
    72.520    -0.007     0.036     0.009
    72.530    -0.010     0.041     0.030
    72.540    -0.010     0.044     0.039
    72.550    -0.010     0.038     0.034
    72.560    -0.006     0.032     0.032
    72.570     0.003     0.047     0.016
    72.580     0.009     0.050     0.003
    72.590     0.003     0.054    -0.011
    72.600    -0.007     0.055    -0.031
    72.610    -0.023     0.035    -0.040
    72.620    -0.040     0.022    -0.033
    72.630    -0.048     0.003    -0.015
    72.640    -0.049    -0.013     0.000
    72.650    -0.035    -0.028     0.006
    72.660    -0.017    -0.041     0.013
    72.670    -0.003    -0.045     0.008
    72.680     0.010    -0.061    -0.007
    72.690     0.027    -0.068    -0.014
    72.700     0.043    -0.063    -0.008
    72.710     0.049    -0.049    -0.005
    72.720     0.049    -0.031     0.000
    72.730     0.043    -0.019     0.013
    72.740     0.035    -0.010     0.025
    72.750     0.024    -0.016     0.037
    72.760     0.007    -0.010     0.044
    72.770    -0.002    -0.008     0.051
    72.780    -0.015    -0.003     0.058
    72.790    -0.029     0.000     0.064
    72.800    -0.038    -0.014     0.062
    72.810    -0.047    -0.012     0.059
    72.820    -0.041    -0.017     0.054
    72.830    -0.034    -0.009     0.041
    72.840    -0.027     0.004     0.032
    72.850    -0.019     0.004     0.022
    72.860    -0.014     0.012     0.009
    72.870    -0.004     0.008     0.011
    72.880    -0.004     0.012     0.018
    72.890    -0.001     0.012     0.017
    72.900     0.001     0.005     0.017
    72.910     0.001     0.001     0.015
    72.920     0.003    -0.008     0.010
    72.930    -0.004    -0.012     0.007
    72.940    -0.002    -0.030     0.012
    72.950     0.002    -0.036     0.025
    72.960     0.003    -0.037     0.034
    72.970    -0.001    -0.034     0.032
    72.980    -0.011    -0.025     0.031
    72.990    -0.017    -0.029     0.035
    73.000    -0.022    -0.019     0.033
    73.010    -0.021    -0.017     0.027
    73.020    -0.017    -0.019     0.017
    73.030    -0.017    -0.009     0.010
    73.040    -0.013     0.002    -0.002
    73.050    -0.009     0.016    -0.019
    73.060    -0.004     0.023    -0.032
    73.070    -0.004     0.025    -0.056
    73.080    -0.010     0.021    -0.075
    73.090    -0.017     0.019    -0.089
    73.100    -0.012     0.012    -0.099
    73.110    -0.002    -0.007    -0.102
    73.120     0.004    -0.013    -0.111
    73.130     0.018    -0.019    -0.110
    73.140     0.020    -0.013    -0.095
    73.150     0.018    -0.007    -0.073
    73.160     0.022     0.002    -0.045
    73.170     0.019     0.011    -0.030
    73.180     0.015    -0.001    -0.013
    73.190     0.009    -0.009     0.003
    73.200     0.013    -0.021     0.003
    73.210     0.018    -0.019     0.015
    73.220     0.016    -0.005     0.024
    73.230     0.024     0.004     0.028
    73.240     0.025     0.010     0.029
    73.250     0.032     0.001     0.019
    73.260     0.032     0.004     0.017
    73.270     0.023     0.008     0.011
    73.280     0.027     0.013    -0.003
    73.290     0.027     0.020    -0.019
    73.300     0.026     0.017    -0.033
    73.310     0.024     0.016    -0.045
    73.320     0.017     0.003    -0.054
    73.330     0.010    -0.001    -0.051
    73.340     0.008    -0.005    -0.035
    73.350     0.011    -0.006    -0.011
    73.360     0.015    -0.004     0.005
    73.370     0.022    -0.009     0.017
    73.380     0.025    -0.002     0.027
    73.390     0.030    -0.002     0.026
    73.400     0.039     0.002     0.021
    73.410     0.042     0.012     0.016
    73.420     0.041     0.012     0.016
    73.430     0.039     0.015     0.015
    73.440     0.036     0.013     0.012
    73.450     0.030     0.008     0.012
    73.460     0.017     0.015     0.009
    73.470    -0.002     0.027     0.011
    73.480    -0.014     0.038     0.014
    73.490    -0.028     0.045     0.017
    73.500    -0.045     0.037     0.022
    73.510    -0.058     0.023     0.025
    73.520    -0.061     0.015     0.020
    73.530    -0.046     0.008     0.002
    73.540    -0.024     0.010    -0.007
    73.550    -0.009     0.017    -0.013
    73.560     0.005     0.023    -0.018
    73.570     0.016     0.031    -0.017
    73.580     0.022     0.028    -0.014
    73.590     0.027     0.027    -0.003
    73.600     0.040     0.026     0.002
    73.610     0.049     0.013     0.001
    73.620     0.053     0.014    -0.001
    73.630     0.045     0.019    -0.005
    73.640     0.023     0.014    -0.002
    73.650     0.003     0.007     0.008
    73.660    -0.015     0.001     0.019
    73.670    -0.023    -0.010     0.033
    73.680    -0.030    -0.021     0.042
    73.690    -0.038    -0.015     0.042
    73.700    -0.036    -0.007     0.032
    73.710    -0.036    -0.014     0.016
    73.720    -0.034    -0.017     0.002
    73.730    -0.027    -0.007    -0.010
    73.740    -0.021     0.006    -0.012
    73.750    -0.012     0.015    -0.014
    73.760    -0.010     0.013    -0.015
    73.770    -0.007     0.004    -0.011
    73.780    -0.005    -0.006    -0.002
    73.790    -0.017    -0.012     0.005
    73.800    -0.023    -0.015     0.008
    73.810    -0.026    -0.011     0.019
    73.820    -0.024     0.001     0.026
    73.830    -0.019     0.015     0.022
    73.840    -0.016     0.034     0.015
    73.850     0.001     0.053     0.013
    73.860     0.023     0.069     0.018
    73.870     0.037     0.085     0.017
    73.880     0.043     0.083     0.009
    73.890     0.048     0.070     0.003
    73.900     0.048     0.064    -0.005
    73.910     0.042     0.057    -0.011
    73.920     0.033     0.047    -0.010
    73.930     0.023     0.049    -0.010
    73.940     0.016     0.040    -0.014
    73.950     0.003     0.027    -0.009
    73.960    -0.009     0.018    -0.001
    73.970    -0.013     0.010    -0.003
    73.980    -0.018     0.018     0.002
    73.990    -0.019     0.019     0.010
    74.000    -0.020     0.015     0.018
    74.010    -0.030     0.012     0.024
    74.020    -0.039    -0.009     0.028
    74.030    -0.042    -0.024     0.032
    74.040    -0.044    -0.033     0.022
    74.050    -0.042    -0.045     0.011
    74.060    -0.040    -0.055    -0.006
    74.070    -0.035    -0.061    -0.021
    74.080    -0.033    -0.064    -0.035
    74.090    -0.032    -0.065    -0.055
    74.100    -0.025    -0.060    -0.063
    74.110    -0.016    -0.051    -0.064
    74.120    -0.018    -0.041    -0.056
    74.130    -0.024    -0.044    -0.046
    74.140    -0.023    -0.039    -0.042
    74.150    -0.025    -0.027    -0.045
    74.160    -0.024    -0.024    -0.048
    74.170    -0.019    -0.007    -0.048
    74.180    -0.006    -0.002    -0.054
    74.190     0.015    -0.013    -0.051
    74.200     0.024    -0.015    -0.040
    74.210     0.028    -0.023    -0.022
    74.220     0.023    -0.029    -0.002
    74.230     0.022    -0.030     0.004
    74.240     0.022    -0.032     0.018
    74.250     0.012    -0.033     0.032
    74.260     0.007    -0.035     0.029
    74.270    -0.002    -0.038     0.031
    74.280    -0.012    -0.041     0.036
    74.290    -0.022    -0.045     0.040
    74.300    -0.033    -0.043     0.039
    74.310    -0.032    -0.039     0.040
    74.320    -0.026    -0.049     0.045
    74.330    -0.024    -0.054     0.041
    74.340    -0.031    -0.051     0.036
    74.350    -0.030    -0.045     0.031
    74.360    -0.025    -0.034     0.017
    74.370    -0.027    -0.035     0.004
    74.380    -0.028    -0.028    -0.003
    74.390    -0.023    -0.017    -0.008
    74.400    -0.023    -0.011    -0.009
    74.410    -0.020     0.006    -0.005
    74.420    -0.013     0.010    -0.010
    74.430    -0.006     0.008    -0.021
    74.440     0.006     0.013    -0.034
    74.450     0.019     0.014    -0.045
    74.460     0.023     0.017    -0.052
    74.470     0.021     0.020    -0.063
    74.480     0.029     0.015    -0.069
    74.490     0.040     0.002    -0.066
    74.500     0.039    -0.002    -0.058
    74.510     0.030    -0.007    -0.040
    74.520     0.012    -0.010    -0.027
    74.530     0.001     0.002    -0.011
    74.540     0.001     0.015     0.006
    74.550     0.001     0.025     0.010
    74.560     0.004     0.046     0.013
    74.570     0.008     0.065     0.018
    74.580     0.009     0.068     0.025
    74.590     0.003     0.063     0.036
    74.600     0.005     0.052     0.033
    74.610     0.022     0.029     0.031
    74.620     0.031     0.019     0.028
    74.630     0.035     0.025     0.018
    74.640     0.040     0.020     0.013
    74.650     0.039     0.020     0.011
    74.660     0.035     0.014     0.012
    74.670     0.027    -0.006     0.014
    74.680     0.024    -0.010     0.025
    74.690     0.023    -0.006     0.031
    74.700     0.021    -0.012     0.035
    74.710     0.026    -0.006     0.045
    74.720     0.030     0.007     0.045
    74.730     0.022     0.010     0.041
    74.740     0.013     0.023     0.042
    74.750     0.009     0.038     0.046
    74.760     0.006     0.045     0.046
    74.770    -0.003     0.052     0.039
    74.780    -0.009     0.049     0.039
    74.790    -0.007     0.054     0.033
    74.800     0.000     0.060     0.021
    74.810     0.001     0.061     0.004
    74.820    -0.004     0.065    -0.009
    74.830    -0.007     0.067    -0.011
    74.840    -0.008     0.064    -0.021
    74.850    -0.012     0.050    -0.035
    74.860    -0.012     0.034    -0.035
    74.870    -0.004     0.023    -0.034
    74.880     0.002     0.006    -0.044
    74.890     0.002    -0.009    -0.053
    74.900    -0.003    -0.020    -0.062
    74.910    -0.009    -0.031    -0.070
    74.920    -0.006    -0.038    -0.081
    74.930    -0.001    -0.040    -0.082
    74.940     0.006    -0.040    -0.070
    74.950     0.010    -0.032    -0.061
    74.960     0.015    -0.025    -0.055
    74.970     0.020    -0.027    -0.046
    74.980     0.011    -0.023    -0.039
    74.990     0.001    -0.020    -0.034
    75.000    -0.007    -0.021    -0.022
    75.010    -0.014    -0.011    -0.019
    75.020    -0.017    -0.013    -0.009
    75.030    -0.017    -0.014    -0.004
    75.040    -0.013    -0.009    -0.011
    75.050    -0.005     0.000    -0.003
    75.060     0.005     0.015    -0.004
    75.070     0.014     0.012    -0.001
    75.080     0.020     0.010     0.013
    75.090     0.022     0.004     0.019
    75.100     0.025    -0.009     0.033
    75.110     0.017    -0.007     0.046
    75.120     0.004    -0.010     0.061
    75.130     0.000    -0.013     0.070
    75.140    -0.011    -0.012     0.058
    75.150    -0.014    -0.025     0.055
    75.160    -0.007    -0.024     0.051
    75.170    -0.006    -0.030     0.034
    75.180    -0.004    -0.038     0.033
    75.190    -0.013    -0.030     0.037
    75.200    -0.016    -0.036     0.042
    75.210    -0.010    -0.027     0.042
    75.220    -0.017    -0.023     0.023
    75.230    -0.016    -0.025     0.012
    75.240    -0.024     0.000    -0.008
    75.250    -0.030     0.002    -0.027
    75.260    -0.019     0.004    -0.015
    75.270    -0.012     0.006    -0.006
    75.280     0.000    -0.007     0.013
    75.290    -0.001    -0.001     0.025
    75.300    -0.006    -0.007     0.031
    75.310    -0.001    -0.009     0.044
    75.320    -0.010     0.007     0.033
    75.330    -0.020     0.014     0.025
    75.340    -0.014     0.023     0.014
    75.350    -0.006     0.021     0.007
    75.360     0.000     0.018     0.004
    75.370     0.001     0.020    -0.013
    75.380    -0.005     0.016    -0.016
    75.390     0.003     0.022    -0.011
    75.400     0.015     0.019    -0.013
    75.410     0.028     0.008    -0.013
    75.420     0.040     0.010    -0.010
    75.430     0.040     0.004    -0.019
    75.440     0.035     0.004    -0.015
    75.450     0.024     0.002    -0.025
    75.460     0.020    -0.004    -0.027
    75.470     0.013     0.004    -0.021
    75.480     0.003    -0.003    -0.025
    75.490    -0.001     0.005     0.000
    75.500     0.000     0.013     0.000
    75.510    -0.006     0.021     0.005
    75.520    -0.026     0.035     0.015
    75.530    -0.029     0.025     0.016
    75.540    -0.032     0.014     0.021
    75.550    -0.038     0.013     0.025
    75.560    -0.041     0.015     0.045
    75.570    -0.035     0.009     0.040
    75.580    -0.023     0.020     0.035
    75.590    -0.017     0.039     0.025
    75.600    -0.009     0.041     0.014
    75.610    -0.002     0.045     0.006
    75.620     0.006     0.057    -0.005
    75.630     0.000     0.066    -0.001
    75.640    -0.006     0.062    -0.001
    75.650    -0.011     0.068     0.010
    75.660    -0.009     0.066     0.009
    75.670     0.005     0.052     0.012
    75.680     0.009     0.039     0.009
    75.690     0.015     0.030     0.006
    75.700     0.017     0.024     0.006
    75.710     0.021     0.010    -0.017
    75.720     0.026     0.001    -0.029
    75.730     0.033    -0.016    -0.044
    75.740     0.038    -0.023    -0.047
    75.750     0.032    -0.025    -0.045
    75.760     0.027    -0.029    -0.044
    75.770     0.022    -0.026    -0.040
    75.780     0.013    -0.028    -0.055
    75.790    -0.001    -0.035    -0.060
    75.800    -0.015    -0.042    -0.060
    75.810    -0.028    -0.045    -0.070
    75.820    -0.038    -0.046    -0.078
    75.830    -0.038    -0.040    -0.080
    75.840    -0.035    -0.043    -0.080
    75.850    -0.025    -0.039    -0.076
    75.860    -0.016    -0.037    -0.072
    75.870    -0.006    -0.045    -0.065
    75.880     0.005    -0.034    -0.047
    75.890     0.016    -0.036    -0.029
    75.900     0.015    -0.030    -0.013
    75.910     0.000    -0.021     0.010
    75.920    -0.008    -0.030     0.031
    75.930    -0.012    -0.029     0.032
    75.940    -0.011    -0.038     0.041
    75.950    -0.010    -0.049     0.046
    75.960    -0.008    -0.043     0.040
    75.970    -0.011    -0.041     0.035
    75.980    -0.015    -0.046     0.022
    75.990    -0.007    -0.038     0.025
    76.000     0.004    -0.027     0.028
    76.010     0.017    -0.030     0.022
    76.020     0.026    -0.025     0.013
    76.030     0.024    -0.017     0.003
    76.040     0.024    -0.010     0.001
    76.050     0.026    -0.001     0.005
    76.060     0.021    -0.002     0.011
    76.070     0.019    -0.001     0.017
    76.080     0.011     0.003     0.023
    76.090     0.005     0.010     0.026
    76.100     0.015     0.018     0.031
    76.110     0.015     0.027     0.041
    76.120     0.016     0.025     0.051
    76.130     0.014     0.023     0.058
    76.140     0.009     0.030     0.062
    76.150     0.005     0.025     0.059
    76.160    -0.008     0.018     0.051
    76.170    -0.016     0.013     0.041
    76.180    -0.022     0.001     0.028
    76.190    -0.024    -0.001     0.017
    76.200    -0.018     0.005     0.005
    76.210    -0.004    -0.003    -0.006
    76.220     0.006    -0.009    -0.012
    76.230     0.015    -0.001    -0.009
    76.240     0.023     0.002    -0.004
    76.250     0.024     0.005     0.002
    76.260     0.029     0.007     0.010
    76.270     0.026     0.017     0.008
    76.280     0.019     0.021     0.008
    76.290     0.011     0.023     0.002
    76.300    -0.004     0.038    -0.006
    76.310    -0.009     0.043    -0.004
    76.320    -0.009     0.037    -0.011
    76.330    -0.009     0.030    -0.020
    76.340    -0.009     0.021    -0.027
    76.350    -0.008     0.019    -0.030
    76.360    -0.005     0.018    -0.024
    76.370    -0.011     0.019    -0.029
    76.380    -0.018     0.019    -0.034
    76.390    -0.017     0.015    -0.028
    76.400    -0.022     0.014    -0.025
    76.410    -0.019     0.011    -0.025
    76.420    -0.005     0.002    -0.018
    76.430     0.003    -0.005    -0.014
    76.440     0.009    -0.014    -0.007
    76.450     0.010    -0.017    -0.007
    76.460     0.008    -0.015    -0.006
    76.470     0.009    -0.011     0.009
    76.480     0.007    -0.002     0.013
    76.490     0.006    -0.001     0.024
    76.500     0.006    -0.004     0.045
    76.510    -0.005    -0.004     0.051
    76.520    -0.010    -0.009     0.059
    76.530    -0.007    -0.007     0.055
    76.540    -0.007    -0.001     0.047
    76.550    -0.004     0.005     0.048
    76.560    -0.007     0.013     0.035
    76.570    -0.005     0.021     0.030
    76.580     0.000     0.031     0.020
    76.590    -0.002     0.032     0.000
    76.600     0.004     0.023    -0.001
    76.610     0.004     0.012    -0.012
    76.620    -0.001    -0.003    -0.016
    76.630     0.002    -0.016    -0.009
    76.640    -0.005    -0.029    -0.022
    76.650    -0.010    -0.034    -0.013
    76.660    -0.009    -0.035     0.001
    76.670    -0.016    -0.041     0.001
    76.680    -0.027    -0.044     0.020
    76.690    -0.035    -0.048     0.018
    76.700    -0.037    -0.045     0.027
    76.710    -0.028    -0.036     0.042
    76.720    -0.018    -0.028     0.032
    76.730    -0.006    -0.014     0.041
    76.740     0.012     0.004     0.045
    76.750     0.021     0.019     0.041
    76.760     0.031     0.031     0.041
    76.770     0.035     0.028     0.028
    76.780     0.029     0.013     0.017
    76.790     0.023     0.006     0.013
    76.800     0.008    -0.005    -0.007
    76.810     0.001    -0.024    -0.016
    76.820    -0.006    -0.031    -0.020
    76.830    -0.013    -0.036    -0.029
    76.840    -0.011    -0.025    -0.013
    76.850    -0.015    -0.005    -0.008
    76.860    -0.013     0.001     0.001
    76.870    -0.010     0.019     0.014
    76.880    -0.001     0.033     0.010
    76.890     0.019     0.033     0.022
    76.900     0.031     0.043     0.022
    76.910     0.033     0.038     0.013
    76.920     0.032     0.032     0.013
    76.930     0.021     0.023     0.004
    76.940     0.003     0.003     0.002
    76.950    -0.001     0.001     0.009
    76.960    -0.005    -0.002     0.005
    76.970    -0.009    -0.003     0.014
    76.980    -0.012     0.009     0.020
    76.990    -0.023     0.010     0.018
    77.000    -0.024     0.016     0.023
    77.010    -0.028     0.016     0.001
    77.020    -0.022    -0.001    -0.006
    77.030    -0.006     0.001    -0.010
    77.040    -0.002    -0.003    -0.036
    77.050     0.008    -0.005    -0.043
    77.060     0.013     0.003    -0.058
    77.070     0.014    -0.006    -0.068
    77.080     0.016    -0.009    -0.063
    77.090     0.004    -0.006    -0.067
    77.100    -0.002    -0.014    -0.057
    77.110    -0.004    -0.021    -0.047
    77.120    -0.007    -0.025    -0.060
    77.130    -0.004    -0.022    -0.055
    77.140    -0.011    -0.015    -0.044
    77.150    -0.007    -0.017    -0.031
    77.160    -0.002    -0.007    -0.013
    77.170    -0.005     0.000    -0.012
    77.180     0.000    -0.006     0.000
    77.190    -0.004    -0.006    -0.001
    77.200     0.004    -0.013    -0.014
    77.210     0.020    -0.016    -0.018
    77.220     0.022    -0.004    -0.030
    77.230     0.027     0.003    -0.037
    77.240     0.031     0.002    -0.042
    77.250     0.026    -0.002    -0.049
    77.260     0.016    -0.010    -0.046
    77.270     0.009    -0.028    -0.036
    77.280     0.004    -0.049    -0.036
    77.290     0.006    -0.060    -0.026
    77.300     0.000    -0.054    -0.015
    77.310    -0.006    -0.046    -0.006
    77.320    -0.007    -0.032     0.016
    77.330    -0.009    -0.020     0.018
    77.340    -0.002    -0.016     0.031
    77.350    -0.002     0.000     0.036
    77.360     0.000     0.005     0.033
    77.370     0.006     0.006     0.046
    77.380     0.005     0.012     0.037
    77.390    -0.004     0.011     0.034
    77.400    -0.016     0.021     0.029
    77.410    -0.028     0.025     0.007
    77.420    -0.039     0.019    -0.005
    77.430    -0.039     0.015    -0.015
    77.440    -0.039     0.001    -0.022
    77.450    -0.036    -0.006    -0.017
    77.460    -0.034    -0.008    -0.012
    77.470    -0.024    -0.008    -0.005
    77.480    -0.010     0.004     0.004
    77.490    -0.008     0.011    -0.004
    77.500    -0.008     0.021     0.002
    77.510    -0.012     0.035     0.008
    77.520    -0.015     0.037     0.003
    77.530    -0.010     0.038     0.003
    77.540    -0.007     0.048    -0.010
    77.550     0.000     0.053    -0.013
    77.560     0.012     0.053    -0.016
    77.570     0.016     0.047    -0.031
    77.580     0.014     0.033    -0.029
    77.590     0.005     0.024    -0.034
    77.600     0.001    -0.001    -0.038
    77.610     0.006    -0.011    -0.025
    77.620     0.002    -0.012    -0.027
    77.630     0.004    -0.014    -0.015
    77.640     0.007     0.009    -0.003
    77.650     0.011     0.012    -0.008
    77.660     0.016     0.009     0.006
    77.670     0.016     0.016     0.014
    77.680     0.019     0.006     0.026
    77.690     0.023     0.007     0.036
    77.700     0.026     0.009     0.035
    77.710     0.019     0.008     0.042
    77.720     0.011     0.005     0.045
    77.730     0.002    -0.007     0.044
    77.740    -0.014    -0.013     0.051
    77.750    -0.024    -0.017     0.054
    77.760    -0.025    -0.021     0.053
    77.770    -0.028    -0.018     0.053
    77.780    -0.026    -0.018     0.045
    77.790    -0.026    -0.011     0.046
    77.800    -0.030    -0.004     0.037
    77.810    -0.024    -0.003     0.025
    77.820    -0.021    -0.001     0.023
    77.830    -0.013    -0.011     0.017
    77.840    -0.001    -0.017     0.010
    77.850     0.008    -0.018     0.003
    77.860     0.014    -0.010     0.004
    77.870     0.013    -0.001     0.002
    77.880     0.012     0.004     0.000
    77.890     0.007     0.015    -0.010
    77.900     0.005     0.014    -0.020
    77.910    -0.003     0.016    -0.031
    77.920    -0.001     0.019    -0.045
    77.930     0.007     0.019    -0.041
    77.940     0.013     0.022    -0.035
    77.950     0.017     0.018    -0.032
    77.960     0.013     0.019    -0.028
    77.970     0.019     0.022    -0.024
    77.980     0.016     0.029    -0.028
    77.990     0.011     0.036    -0.039
    78.000     0.009     0.032    -0.047
    78.010     0.006     0.022    -0.045
    78.020     0.010     0.011    -0.038
    78.030     0.014     0.002    -0.041
    78.040     0.021    -0.002    -0.026
    78.050     0.022    -0.002    -0.006
    78.060     0.024    -0.002     0.013
    78.070     0.019     0.004     0.029
    78.080     0.015     0.013     0.045
    78.090     0.007     0.011     0.056
    78.100     0.003     0.003     0.052
    78.110     0.016     0.003     0.051
    78.120     0.019     0.004     0.046
    78.130     0.022     0.004     0.049
    78.140     0.021     0.000     0.044
    78.150     0.018    -0.002     0.046
    78.160     0.014    -0.007     0.055
    78.170     0.005    -0.017     0.054
    78.180     0.002    -0.019     0.046
    78.190    -0.003    -0.016     0.027
    78.200    -0.012    -0.007     0.015
    78.210    -0.019     0.006     0.000
    78.220    -0.018     0.024    -0.006
    78.230    -0.007     0.026    -0.008
    78.240     0.003     0.016    -0.017
    78.250     0.006     0.006    -0.013
    78.260     0.017    -0.008    -0.010
    78.270     0.022    -0.004    -0.006
    78.280     0.022    -0.001     0.009
    78.290     0.020    -0.003     0.021
    78.300     0.008    -0.007     0.023
    78.310    -0.003    -0.007     0.026
    78.320    -0.016    -0.007     0.025
    78.330    -0.018    -0.009     0.022
    78.340    -0.015    -0.007     0.021
    78.350    -0.020    -0.009     0.014
    78.360    -0.019    -0.007     0.016
    78.370    -0.015    -0.014     0.011
    78.380    -0.021    -0.019    -0.006
    78.390    -0.026    -0.023    -0.016
    78.400    -0.024    -0.034    -0.024
    78.410    -0.022    -0.035    -0.026
    78.420    -0.010    -0.039    -0.018
    78.430    -0.004    -0.037    -0.010
    78.440    -0.011    -0.030    -0.006
    78.450    -0.016    -0.024    -0.006
    78.460    -0.017    -0.011     0.000
    78.470    -0.016    -0.005     0.004
    78.480    -0.013     0.001    -0.002
    78.490    -0.012     0.011    -0.013
    78.500    -0.010     0.009    -0.017
    78.510    -0.003     0.010    -0.017
    78.520     0.007     0.016    -0.029
    78.530     0.015     0.020    -0.035
    78.540     0.022     0.026    -0.041
    78.550     0.027     0.028    -0.056
    78.560     0.027     0.026    -0.067
    78.570     0.018     0.027    -0.076
    78.580     0.012     0.018    -0.072
    78.590     0.013     0.015    -0.064
    78.600     0.009     0.010    -0.058
    78.610     0.011    -0.006    -0.046
    78.620     0.012    -0.024    -0.038
    78.630     0.003    -0.044    -0.034
    78.640     0.000    -0.042    -0.029
    78.650     0.006    -0.048    -0.028
    78.660     0.016    -0.046    -0.028
    78.670     0.021    -0.033    -0.034
    78.680     0.022    -0.028    -0.048
    78.690     0.023    -0.002    -0.047
    78.700     0.023     0.008    -0.036
    78.710     0.023     0.013    -0.029
    78.720     0.010     0.014    -0.018
    78.730     0.001     0.004    -0.011
    78.740     0.005     0.004    -0.005
    78.750     0.007    -0.003    -0.002
    78.760     0.009     0.003     0.004
    78.770     0.002     0.007     0.006
    78.780    -0.011     0.001    -0.008
    78.790    -0.022     0.003    -0.019
    78.800    -0.030     0.009    -0.025
    78.810    -0.031     0.009    -0.031
    78.820    -0.030     0.000    -0.031
    78.830    -0.021    -0.003    -0.023
    78.840    -0.010    -0.006    -0.011
    78.850    -0.009     0.005    -0.002
    78.860    -0.005     0.018     0.009
    78.870    -0.001     0.013     0.020
    78.880     0.001     0.011     0.025
    78.890     0.000     0.006     0.034
    78.900     0.000     0.004     0.036
    78.910     0.009     0.002     0.033
    78.920     0.021    -0.006     0.032
    78.930     0.024    -0.003     0.020
    78.940     0.023    -0.009     0.016
    78.950     0.024    -0.004     0.009
    78.960     0.022     0.005    -0.001
    78.970     0.024     0.005    -0.002
    78.980     0.026     0.003    -0.005
    78.990     0.019    -0.001     0.000
    79.000     0.009     0.005     0.003
    79.010    -0.006     0.005     0.005
    79.020    -0.018     0.004     0.009
    79.030    -0.023    -0.010     0.008
    79.040    -0.031    -0.027     0.008
    79.050    -0.034    -0.027     0.011
    79.060    -0.042    -0.028     0.012
    79.070    -0.041    -0.011     0.019
    79.080    -0.034    -0.004     0.020
    79.090    -0.033     0.002     0.017
    79.100    -0.031     0.013     0.013
    79.110    -0.036     0.022     0.006
    79.120    -0.035     0.030     0.001
    79.130    -0.027     0.019     0.003
    79.140    -0.017     0.014     0.012
    79.150    -0.010     0.006     0.018
    79.160    -0.005     0.001     0.025
    79.170    -0.004     0.007     0.026
    79.180    -0.003     0.005     0.030
    79.190    -0.002    -0.004     0.033
    79.200    -0.002    -0.003     0.030
    79.210     0.002     0.012     0.034
    79.220     0.004     0.013     0.038
    79.230     0.008     0.017     0.044
    79.240     0.007     0.015     0.035
    79.250     0.004     0.013     0.034
    79.260     0.004     0.013     0.030
    79.270     0.001     0.017     0.022
    79.280    -0.005     0.035     0.028
    79.290    -0.005     0.033     0.018
    79.300    -0.002     0.030     0.015
    79.310    -0.003     0.026     0.000
    79.320     0.002     0.019    -0.007
    79.330     0.012     0.020    -0.017
    79.340     0.016     0.013    -0.037
    79.350     0.018     0.015    -0.040
    79.360     0.021     0.025    -0.044
    79.370     0.026     0.034    -0.034
    79.380     0.026     0.040    -0.028
    79.390     0.024     0.043    -0.021
    79.400     0.022     0.040    -0.012
    79.410     0.023     0.026    -0.008
    79.420     0.018     0.022    -0.007
    79.430     0.002     0.029    -0.011
    79.440    -0.004     0.025    -0.009
    79.450     0.005     0.012    -0.014
    79.460     0.008     0.003    -0.017
    79.470     0.010     0.006    -0.015
    79.480     0.009     0.017    -0.014
    79.490     0.007     0.020    -0.010
    79.500     0.004     0.019    -0.009
    79.510    -0.004     0.022     0.004
    79.520    -0.009     0.020     0.023
    79.530    -0.016     0.016     0.030
    79.540    -0.022     0.012     0.031
    79.550    -0.024    -0.005     0.031
    79.560    -0.023    -0.015     0.030
    79.570    -0.020    -0.017     0.025
    79.580    -0.020    -0.017     0.023
    79.590    -0.021    -0.018     0.032
    79.600    -0.017    -0.027     0.029
    79.610    -0.012    -0.022     0.025
    79.620    -0.006    -0.015     0.021
    79.630     0.007    -0.009     0.021
    79.640     0.013     0.001     0.021
    79.650     0.012     0.003     0.010
    79.660     0.013     0.004     0.007
    79.670     0.009    -0.004    -0.008
    79.680     0.008    -0.008    -0.023
    79.690     0.002    -0.020    -0.038
    79.700    -0.006    -0.033    -0.045
    79.710    -0.004    -0.040    -0.042
    79.720    -0.004    -0.046    -0.045
    79.730    -0.006    -0.040    -0.041
    79.740    -0.010    -0.039    -0.036
    79.750    -0.014    -0.038    -0.030
    79.760    -0.017    -0.041    -0.034
    79.770    -0.024    -0.048    -0.035
    79.780    -0.021    -0.053    -0.023
    79.790    -0.008    -0.060    -0.015
    79.800    -0.002    -0.060    -0.004
    79.810     0.000    -0.060     0.003
    79.820    -0.003    -0.060     0.005
    79.830    -0.004    -0.054     0.004
    79.840    -0.011    -0.045    -0.004
    79.850    -0.021    -0.034    -0.006
    79.860    -0.023    -0.018    -0.001
    79.870    -0.023    -0.008     0.002
    79.880    -0.017     0.001     0.011
    79.890    -0.014     0.007     0.015
    79.900    -0.006     0.003     0.021
    79.910     0.003     0.004     0.023
    79.920     0.002    -0.002     0.025
    79.930     0.004    -0.011     0.036
    79.940     0.000    -0.010     0.036
    79.950    -0.003    -0.018     0.036
    79.960    -0.002    -0.021     0.035
    79.970    -0.002    -0.019     0.034
    79.980     0.001    -0.018     0.037
    79.990     0.001    -0.003     0.026
    80.000     0.008     0.008     0.010
    80.010     0.016     0.026     0.005
    80.020     0.016     0.041     0.002
    80.030     0.028     0.038    -0.002
    80.040     0.026     0.042     0.005
    80.050     0.025     0.031    -0.007
    80.060     0.035     0.040     0.005
    80.070     0.020     0.043     0.011
    80.080     0.027     0.032     0.006
    80.090     0.014     0.058     0.022
    80.100     0.016     0.048     0.000
    80.110     0.026     0.058     0.018
    80.120     0.007     0.060     0.007
    80.130     0.026     0.045     0.008
    80.140    -0.001     0.059     0.017
    80.150     0.006     0.029    -0.003
    80.160     0.006     0.048     0.013
    80.170    -0.011     0.035    -0.024
    80.180     0.016     0.022    -0.016
    80.190    -0.003     0.034    -0.032
    80.200     0.012    -0.004    -0.042
    80.210     0.013     0.006    -0.024
    80.220     0.004    -0.001    -0.044
    80.230     0.016    -0.005    -0.022
    80.240     0.008     0.011    -0.027
    80.250     0.012     0.000    -0.021
    80.260     0.008     0.005    -0.019
    80.270     0.004     0.009    -0.021
    80.280     0.006     0.008    -0.031
    80.290     0.000     0.015    -0.043
    80.300    -0.004    -0.001    -0.035
    80.310     0.002    -0.006    -0.033
    80.320    -0.002    -0.001    -0.019
    80.330    -0.001     0.000    -0.021
    80.340     0.000     0.013    -0.009
    80.350    -0.004     0.005    -0.015
    80.360    -0.002     0.003    -0.006
    80.370    -0.014    -0.008    -0.010
    80.380    -0.010    -0.016    -0.019
    80.390    -0.010    -0.019    -0.003
    80.400    -0.011    -0.027    -0.014
    80.410    -0.002    -0.028     0.000
    80.420    -0.006    -0.037    -0.008
    80.430    -0.004    -0.027    -0.009
    80.440    -0.003    -0.037    -0.011
    80.450     0.004    -0.037    -0.025
    80.460     0.004    -0.027    -0.010
    80.470     0.002    -0.030    -0.015
    80.480     0.005    -0.023    -0.008
    80.490     0.002    -0.023    -0.005
    80.500    -0.002    -0.016    -0.012
    80.510    -0.003    -0.016     0.004
    80.520     0.000    -0.016     0.008
    80.530    -0.008    -0.009     0.007
    80.540    -0.006    -0.011     0.017
    80.550    -0.006    -0.011     0.003
    80.560    -0.008    -0.005    -0.005
    80.570    -0.011    -0.007    -0.002
    80.580    -0.015    -0.011     0.002
    80.590    -0.005    -0.005     0.014
    80.600    -0.007    -0.002     0.006
    80.610    -0.003     0.001     0.009
    80.620     0.005     0.001     0.019
    80.630     0.013    -0.002     0.022
    80.640     0.008     0.015     0.016
    80.650     0.006     0.006    -0.001
    80.660     0.014     0.006     0.005
    80.670     0.003     0.023     0.015
    80.680    -0.005     0.007     0.019
    80.690    -0.006     0.016     0.027
    80.700     0.002     0.015     0.025
    80.710    -0.004     0.022     0.029
    80.720     0.004     0.033     0.037
    80.730     0.016     0.026     0.049
    80.740     0.007     0.034     0.058
    80.750     0.001     0.023     0.046
    80.760     0.008     0.023     0.039
    80.770     0.017     0.022     0.031
    80.780     0.011     0.020     0.025
    80.790     0.012     0.019     0.014
    80.800     0.009     0.021     0.000
    80.810     0.006     0.020    -0.009
    80.820     0.004     0.009    -0.027
    80.830    -0.003     0.013    -0.028
    80.840     0.000    -0.004    -0.034
    80.850    -0.008    -0.009    -0.041
    80.860    -0.005    -0.012    -0.041
    80.870    -0.001    -0.018    -0.038
    80.880    -0.004    -0.015    -0.029
    80.890    -0.001    -0.028    -0.038
    80.900    -0.006    -0.022    -0.037
    80.910    -0.007    -0.033    -0.032
    80.920    -0.004    -0.036    -0.024
    80.930     0.003    -0.026    -0.022
    80.940     0.010    -0.033    -0.021
    80.950     0.009    -0.026    -0.009
    80.960     0.014    -0.023    -0.012
    80.970     0.009    -0.010    -0.009
    80.980     0.003    -0.017    -0.011
    80.990    -0.005    -0.027    -0.015
    81.000    -0.020    -0.017    -0.016
    81.010    -0.019    -0.026    -0.010
    81.020    -0.025    -0.014    -0.010
    81.030    -0.028    -0.012    -0.011
    81.040    -0.030    -0.014    -0.009
    81.050    -0.033    -0.004    -0.017
    81.060    -0.020    -0.003    -0.003
    81.070    -0.019     0.007    -0.007
    81.080    -0.013     0.003    -0.005
    81.090    -0.005     0.013    -0.004
    81.100     0.000     0.012    -0.009
    81.110     0.004     0.005     0.007
    81.120     0.009     0.012    -0.002
    81.130     0.018    -0.009    -0.010
    81.140     0.019    -0.012    -0.015
    81.150     0.031    -0.013    -0.015
    81.160     0.033    -0.013    -0.005
    81.170     0.027    -0.011     0.001
    81.180     0.018    -0.016     0.004
    81.190     0.016    -0.012     0.012
    81.200     0.031    -0.011     0.023
    81.210     0.030     0.003     0.027
    81.220     0.027     0.006     0.029
    81.230     0.019     0.018     0.022
    81.240     0.016     0.026     0.023
    81.250     0.015     0.015     0.021
    81.260     0.008     0.020     0.008
    81.270     0.001     0.004     0.009
    81.280    -0.008    -0.009     0.001
    81.290    -0.009    -0.015    -0.002
    81.300    -0.009    -0.016    -0.010
    81.310    -0.013    -0.008    -0.014
    81.320    -0.017    -0.011    -0.001
    81.330    -0.016     0.002     0.007
    81.340    -0.009     0.018     0.026
    81.350    -0.004     0.023     0.035
    81.360    -0.004     0.027     0.048
    81.370    -0.008     0.022     0.052
    81.380    -0.004     0.024     0.044
    81.390     0.007     0.030     0.047
    81.400     0.016     0.038     0.046
    81.410     0.018     0.044     0.042
    81.420     0.020     0.043     0.024
    81.430     0.021     0.050     0.014
    81.440     0.020     0.047     0.010
    81.450     0.016     0.041    -0.006
    81.460     0.007     0.034    -0.011
    81.470     0.002     0.028    -0.011
    81.480    -0.003     0.032    -0.012
    81.490    -0.012     0.024    -0.009
    81.500    -0.020     0.017    -0.008
    81.510    -0.018     0.007    -0.005
    81.520    -0.018    -0.002     0.012
    81.530    -0.017    -0.011     0.015
    81.540    -0.011    -0.015     0.013
    81.550    -0.015    -0.009     0.021
    81.560    -0.012    -0.013     0.023
    81.570    -0.012    -0.007     0.026
    81.580    -0.011    -0.003     0.022
    81.590    -0.007    -0.013     0.020
    81.600    -0.009    -0.032     0.018
    81.610    -0.004    -0.035     0.018
    81.620    -0.004    -0.033     0.010
    81.630    -0.004    -0.042    -0.011
    81.640    -0.004    -0.045    -0.009
    81.650    -0.008    -0.046    -0.005
    81.660    -0.002    -0.034    -0.012
    81.670     0.003    -0.031    -0.032
    81.680    -0.008    -0.022    -0.049
    81.690    -0.007    -0.019    -0.037
    81.700     0.009    -0.025    -0.029
    81.710     0.009     0.000    -0.034
    81.720    -0.002     0.014    -0.030
    81.730    -0.012     0.010    -0.027
    81.740    -0.010    -0.007    -0.033
    81.750    -0.007    -0.017    -0.028
    81.760    -0.019    -0.003    -0.011
    81.770    -0.029    -0.010    -0.002
    81.780    -0.019    -0.012    -0.007
    81.790    -0.005     0.012    -0.018
    81.800    -0.009     0.023    -0.007
    81.810    -0.019     0.023     0.013
    81.820    -0.025     0.016     0.009
    81.830    -0.009     0.021     0.006
    81.840     0.005     0.038     0.008
    81.850     0.009     0.043     0.010
    81.860     0.007     0.038     0.005
    81.870     0.000     0.022    -0.009
    81.880     0.008     0.011    -0.010
    81.890     0.011     0.013    -0.007
    81.900     0.009     0.012    -0.012
    81.910     0.005     0.000    -0.014
    81.920     0.011    -0.004    -0.009
    81.930     0.018     0.015    -0.012
    81.940     0.002     0.027    -0.010
    81.950     0.001     0.022    -0.005
    81.960     0.008     0.010    -0.001
    81.970     0.011     0.015     0.007
    81.980     0.012     0.016     0.008
    81.990     0.009     0.008     0.009
    82.000     0.016     0.003     0.003
    82.010     0.019    -0.008     0.008
    82.020     0.007    -0.006     0.027
    82.030     0.007    -0.013     0.033
    82.040     0.019    -0.016     0.031
    82.050     0.024    -0.007     0.014
    82.060     0.025     0.000     0.009
    82.070     0.024     0.010     0.011
    82.080     0.020     0.006    -0.001
    82.090     0.016     0.006    -0.013
    82.100     0.013     0.007    -0.016
    82.110     0.010     0.008    -0.024
    82.120     0.019     0.001    -0.043
    82.130     0.023    -0.008    -0.034
    82.140     0.010     0.002    -0.017
    82.150     0.001    -0.002    -0.007
    82.160    -0.002    -0.009    -0.010
    82.170    -0.002    -0.009    -0.025
    82.180    -0.002    -0.016    -0.017
    82.190    -0.001    -0.016    -0.006
    82.200    -0.005    -0.017     0.000
    82.210    -0.005    -0.011     0.004
    82.220    -0.004    -0.009     0.015
    82.230    -0.010    -0.017     0.021
    82.240    -0.008    -0.016     0.025
    82.250    -0.006    -0.015     0.033
    82.260    -0.009    -0.013     0.036
    82.270    -0.017    -0.012     0.039
    82.280    -0.026    -0.006     0.038
    82.290    -0.022    -0.010     0.032
    82.300    -0.022    -0.016     0.027
    82.310    -0.026    -0.002     0.024
    82.320    -0.024    -0.001     0.014
    82.330    -0.018     0.004     0.005
    82.340    -0.017     0.006    -0.001
    82.350    -0.029     0.003    -0.013
    82.360    -0.034     0.003    -0.009
    82.370    -0.028    -0.004    -0.008
    82.380    -0.026    -0.009    -0.009
    82.390    -0.022    -0.024    -0.004
    82.400    -0.013    -0.030     0.001
    82.410    -0.004    -0.028     0.004
    82.420     0.009    -0.020     0.004
    82.430     0.018    -0.011     0.007
    82.440     0.017    -0.015     0.009
    82.450     0.011    -0.011     0.007
    82.460     0.005    -0.017     0.004
    82.470    -0.001    -0.024    -0.001
    82.480    -0.002    -0.024    -0.003
    82.490    -0.002    -0.028    -0.014
    82.500    -0.004    -0.023    -0.027
    82.510    -0.007    -0.016    -0.024
    82.520    -0.009    -0.011    -0.023
    82.530    -0.006    -0.010    -0.023
    82.540     0.000     0.004    -0.022
    82.550     0.011     0.015    -0.025
    82.560     0.014     0.021    -0.017
    82.570     0.014     0.040    -0.014
    82.580     0.022     0.042    -0.010
    82.590     0.023     0.050    -0.001
    82.600     0.020     0.055    -0.002
    82.610     0.018     0.050    -0.004
    82.620     0.016     0.055     0.002
    82.630     0.014     0.047     0.007
    82.640     0.006     0.037     0.013
    82.650    -0.003     0.024     0.014
    82.660    -0.004     0.021     0.017
    82.670    -0.003     0.023     0.017
    82.680     0.001     0.012     0.011
    82.690     0.003     0.017     0.004
    82.700     0.002     0.013    -0.010
    82.710     0.005     0.012    -0.010
    82.720     0.001     0.010    -0.012
    82.730     0.001    -0.003    -0.015
    82.740    -0.001    -0.005    -0.005
    82.750    -0.004    -0.013    -0.002
    82.760     0.002    -0.019    -0.003
    82.770    -0.007    -0.018    -0.006
    82.780    -0.011    -0.018    -0.006
    82.790    -0.013    -0.013    -0.005
    82.800    -0.019    -0.009    -0.012
    82.810    -0.012    -0.019    -0.009
    82.820    -0.006    -0.030    -0.006
    82.830    -0.002    -0.034    -0.010
    82.840     0.003    -0.042    -0.006
    82.850     0.001    -0.037    -0.001
    82.860    -0.001    -0.030     0.001
    82.870    -0.004    -0.024     0.004
    82.880    -0.009    -0.010     0.007
    82.890    -0.012    -0.005     0.012
    82.900    -0.020     0.004     0.012
    82.910    -0.020     0.005     0.017
    82.920    -0.016     0.005     0.009
    82.930    -0.024     0.000    -0.001
    82.940    -0.019    -0.005     0.009
    82.950    -0.017    -0.004     0.007
    82.960    -0.020    -0.017     0.004
    82.970    -0.014    -0.020     0.006
    82.980    -0.013    -0.023     0.006
    82.990    -0.014    -0.025     0.007
    83.000    -0.009    -0.016     0.009
    83.010    -0.002    -0.013     0.015
    83.020    -0.005    -0.012     0.008
    83.030    -0.004    -0.014     0.000
    83.040     0.005    -0.010     0.001
    83.050     0.009    -0.009    -0.006
    83.060     0.016    -0.007    -0.013
    83.070     0.016     0.005    -0.015
    83.080     0.008     0.009    -0.025
    83.090     0.003     0.014    -0.019
    83.100     0.007     0.026    -0.013
    83.110     0.004     0.032    -0.017
    83.120     0.003     0.031    -0.010
    83.130     0.011     0.026    -0.011
    83.140     0.012     0.025    -0.010
    83.150     0.013     0.024    -0.007
    83.160     0.016     0.025    -0.006
    83.170     0.016     0.026    -0.001
    83.180     0.009     0.032    -0.006
    83.190     0.008     0.038     0.003
    83.200     0.015     0.040     0.012
    83.210     0.016     0.041     0.011
    83.220     0.016     0.041     0.020
    83.230     0.012     0.033     0.016
    83.240     0.009     0.026     0.018
    83.250     0.009     0.018     0.014
    83.260     0.007     0.002     0.004
    83.270     0.007    -0.003     0.000
    83.280     0.011    -0.004    -0.004
    83.290     0.007    -0.005    -0.003
    83.300     0.005    -0.005     0.002
    83.310     0.009    -0.002     0.017
    83.320     0.017     0.003     0.022
    83.330     0.018     0.003     0.021
    83.340     0.010     0.003     0.012
    83.350     0.011     0.008     0.013
    83.360     0.002     0.010     0.006
    83.370    -0.002     0.002     0.000
    83.380    -0.004     0.003     0.001
    83.390    -0.001     0.000    -0.006
    83.400    -0.003     0.004     0.004
    83.410    -0.004     0.001    -0.007
    83.420     0.003     0.005     0.006
    83.430    -0.004     0.006     0.011
    83.440     0.007    -0.002     0.010
    83.450     0.001     0.010     0.030
    83.460     0.005    -0.003     0.028
    83.470     0.009     0.002     0.044
    83.480     0.005     0.005     0.032
    83.490     0.021     0.001     0.030
    83.500     0.009     0.020     0.028
    83.510     0.023     0.012     0.011
    83.520     0.022     0.016     0.015
    83.530     0.021     0.013     0.004
    83.540     0.031     0.004     0.007
    83.550     0.005     0.010     0.001
    83.560     0.011    -0.008    -0.004
    83.570     0.009    -0.012    -0.004
    83.580     0.003    -0.023    -0.007
    83.590     0.004    -0.031    -0.007
    83.600    -0.014    -0.019    -0.012
    83.610    -0.011    -0.032    -0.018
    83.620    -0.014    -0.030    -0.025
    83.630    -0.017    -0.032    -0.024
    83.640    -0.006    -0.037    -0.021
    83.650    -0.010    -0.019    -0.019
    83.660    -0.004    -0.020    -0.023
    83.670     0.006    -0.001    -0.025
    83.680     0.002     0.006    -0.023
    83.690     0.012     0.003    -0.018
    83.700     0.009     0.012    -0.014
    83.710     0.004    -0.006    -0.014
    83.720     0.002    -0.013    -0.011
    83.730    -0.008    -0.022    -0.008
    83.740     0.002    -0.032    -0.004
    83.750    -0.001    -0.025    -0.010
    83.760    -0.003    -0.020    -0.013
    83.770    -0.006    -0.021    -0.009
    83.780    -0.018    -0.015    -0.008
    83.790    -0.016    -0.009    -0.005
    83.800    -0.020    -0.018    -0.003
    83.810    -0.022    -0.013    -0.006
    83.820    -0.016    -0.013     0.004
    83.830    -0.012    -0.018     0.008
    83.840    -0.007    -0.007     0.004
    83.850    -0.007    -0.012     0.009
    83.860    -0.009    -0.003     0.001
    83.870    -0.008     0.006    -0.001
    83.880    -0.015     0.002    -0.006
    83.890    -0.016     0.009    -0.010
    83.900    -0.018     0.009    -0.006
    83.910    -0.018     0.008    -0.015
    83.920    -0.015     0.007    -0.007
    83.930    -0.020     0.002    -0.014
    83.940    -0.009     0.003    -0.015
    83.950    -0.007     0.004    -0.014
    83.960     0.002    -0.004    -0.025
    83.970     0.009    -0.001    -0.015
    83.980     0.000     0.007    -0.025
    83.990     0.012     0.012    -0.018
    84.000    -0.001     0.024    -0.011
    84.010     0.004     0.014    -0.012
    84.020     0.009     0.023     0.001
    84.030    -0.001     0.014    -0.013
    84.040     0.017     0.010     0.004
    84.050     0.007     0.028     0.003
    84.060     0.019     0.002    -0.003
    84.070     0.020     0.023     0.016
    84.080     0.013     0.019    -0.003
    84.090     0.020     0.006     0.008
    84.100     0.005     0.031     0.009
    84.110     0.014     0.013     0.004
    84.120     0.009     0.025     0.016
    84.130     0.010     0.022     0.014
    84.140     0.013     0.007     0.024
    84.150     0.009     0.015     0.021
    84.160     0.018     0.008     0.018
    84.170     0.011     0.008     0.017
    84.180     0.010     0.012     0.018
    84.190     0.009     0.014     0.025
    84.200     0.008     0.021     0.019
    84.210     0.010     0.029     0.017
    84.220     0.015     0.023     0.014
    84.230     0.014     0.027     0.013
    84.240     0.016     0.034     0.013
    84.250     0.017     0.025     0.004
    84.260     0.012     0.027    -0.001
    84.270     0.012     0.017    -0.001
    84.280     0.007     0.007    -0.004
    84.290     0.007     0.012    -0.002
    84.300     0.003     0.005    -0.010
    84.310     0.003     0.003    -0.009
    84.320     0.000    -0.005    -0.004
    84.330    -0.009    -0.010    -0.009
    84.340    -0.006    -0.004     0.003
    84.350    -0.012    -0.014     0.004
    84.360    -0.007    -0.011     0.007
    84.370     0.000    -0.015     0.014
    84.380     0.001    -0.021     0.007
    84.390     0.008    -0.011     0.011
    84.400     0.011    -0.009     0.008
    84.410     0.016    -0.002    -0.002
    84.420     0.013    -0.007    -0.005
    84.430     0.009    -0.008    -0.012
    84.440     0.008    -0.014    -0.007
    84.450    -0.002    -0.022    -0.010
    84.460    -0.011    -0.022    -0.020
    84.470    -0.021    -0.032    -0.015
    84.480    -0.019    -0.036    -0.013
    84.490    -0.016    -0.044    -0.015
    84.500    -0.024    -0.043    -0.019
    84.510    -0.023    -0.046    -0.018
    84.520    -0.022    -0.051    -0.014
    84.530    -0.020    -0.044    -0.012
    84.540    -0.018    -0.043    -0.006
    84.550    -0.021    -0.040     0.009
    84.560    -0.019    -0.052     0.017
    84.570    -0.023    -0.049     0.017
    84.580    -0.024    -0.040     0.019
    84.590    -0.017    -0.041     0.022
    84.600    -0.021    -0.026     0.019
    84.610    -0.022    -0.023     0.019
    84.620    -0.023    -0.011     0.026
    84.630    -0.019    -0.012     0.015
    84.640    -0.012    -0.003     0.014
    84.650    -0.012     0.009     0.009
    84.660    -0.001    -0.003     0.003
    84.670    -0.003     0.009     0.006
    84.680    -0.003     0.005    -0.011
    84.690    -0.004     0.006    -0.001
    84.700     0.000     0.000    -0.003
    84.710     0.009    -0.002    -0.004
    84.720     0.005     0.004     0.010
    84.730     0.017     0.003     0.016
    84.740     0.012     0.022     0.018
    84.750     0.014     0.015     0.008
    84.760     0.017     0.024     0.022
    84.770     0.012     0.020     0.024
    84.780     0.004     0.028     0.025
    84.790    -0.009     0.038     0.022
    84.800    -0.002     0.022     0.019
    84.810    -0.003     0.042     0.012
    84.820     0.000     0.028    -0.003
    84.830    -0.004     0.035     0.006
    84.840     0.000     0.038    -0.001
    84.850     0.006     0.030     0.000
    84.860     0.000     0.040    -0.003
    84.870     0.016     0.026    -0.004
    84.880     0.013     0.028    -0.005
    84.890     0.021     0.018    -0.015
    84.900     0.019     0.011    -0.009
    84.910     0.015    -0.001    -0.023
    84.920     0.028    -0.006    -0.015
    84.930     0.020     0.000    -0.019
    84.940     0.030    -0.009    -0.024
    84.950     0.021     0.009    -0.019
    84.960     0.015     0.005    -0.030
    84.970     0.019     0.002    -0.017
    84.980     0.007     0.013    -0.021
    84.990     0.007     0.006    -0.012
    85.000    -0.004     0.023     0.001
    85.010    -0.004     0.008     0.000
    85.020     0.002    -0.003     0.013
    85.030     0.002     0.012     0.012
    85.040     0.001    -0.008     0.022
    85.050     0.000     0.002     0.029
    85.060    -0.007     0.003     0.015
    85.070    -0.013    -0.010     0.015
    85.080    -0.011    -0.004     0.009
    85.090    -0.014    -0.022     0.000
    85.100    -0.012    -0.017     0.003
    85.110    -0.014    -0.017    -0.002
    85.120    -0.008    -0.020     0.005
    85.130    -0.001    -0.011     0.003
    85.140    -0.001    -0.017    -0.004
    85.150    -0.003    -0.005     0.004
    85.160    -0.010    -0.006    -0.003
    85.170    -0.008    -0.007    -0.003
    85.180    -0.004    -0.006    -0.001
    85.190     0.005    -0.005    -0.007
    85.200     0.007     0.005     0.000
    85.210     0.006     0.005     0.004
    85.220     0.000     0.001     0.000
    85.230    -0.011    -0.013    -0.002
    85.240    -0.009    -0.007    -0.007
    85.250    -0.012    -0.018    -0.005
    85.260    -0.013    -0.019     0.004
    85.270    -0.012    -0.008    -0.001
    85.280    -0.016    -0.017    -0.002
    85.290    -0.016    -0.011     0.003
    85.300    -0.014    -0.022     0.000
    85.310    -0.014    -0.015     0.004
    85.320    -0.008    -0.015     0.004
    85.330     0.002    -0.024    -0.003
    85.340     0.005    -0.005    -0.008
    85.350     0.008     0.001    -0.008
    85.360     0.009     0.015    -0.005
    85.370     0.002     0.023    -0.010
    85.380    -0.010     0.030    -0.015
    85.390    -0.013     0.035    -0.016
    85.400    -0.013     0.036    -0.021
    85.410    -0.020     0.038    -0.028
    85.420    -0.025     0.037    -0.026
    85.430    -0.020     0.037    -0.020
    85.440    -0.017     0.020    -0.029
    85.450    -0.017     0.026    -0.027
    85.460    -0.003     0.020    -0.024
    85.470     0.007     0.001    -0.025
    85.480     0.009     0.012    -0.022
    85.490     0.019     0.009    -0.024
    85.500     0.024     0.012    -0.017
    85.510     0.032     0.016    -0.022
    85.520     0.033     0.013    -0.021
    85.530     0.034     0.015    -0.018
    85.540     0.039     0.013    -0.008
    85.550     0.027     0.013    -0.004
    85.560     0.026     0.015    -0.005
    85.570     0.026     0.022     0.013
    85.580     0.024     0.004     0.005
    85.590     0.018     0.008     0.016
    85.600     0.002     0.012     0.027
    85.610     0.009    -0.009     0.016
    85.620     0.001     0.007     0.028
    85.630    -0.005    -0.007     0.024
    85.640     0.002    -0.013     0.028
    85.650    -0.008    -0.004     0.025
    85.660     0.005    -0.019     0.017
    85.670     0.003     0.001     0.023
    85.680     0.006    -0.012     0.017
    85.690     0.015    -0.009     0.020
    85.700    -0.002     0.004     0.012
    85.710     0.006    -0.016     0.014
    85.720    -0.001    -0.007     0.016
    85.730    -0.009    -0.017     0.008
    85.740    -0.003    -0.010     0.018
    85.750    -0.009    -0.004     0.006
    85.760    -0.003    -0.010     0.006
    85.770    -0.007     0.004     0.003
    85.780    -0.002    -0.010    -0.002
    85.790     0.005    -0.001     0.005
    85.800    -0.001    -0.001    -0.011
    85.810     0.001     0.000    -0.009
    85.820     0.002     0.014    -0.011
    85.830    -0.001     0.000    -0.014
    85.840    -0.004     0.000    -0.018
    85.850    -0.008     0.003    -0.017
    85.860    -0.010    -0.006    -0.012
    85.870    -0.006     0.001    -0.004
    85.880    -0.011     0.010     0.004
    85.890    -0.007    -0.006     0.003
    85.900    -0.005     0.002     0.023
    85.910    -0.009    -0.006     0.019
    85.920    -0.009    -0.014     0.027
    85.930    -0.004    -0.004     0.029
    85.940     0.004    -0.019     0.020
    85.950    -0.003    -0.006     0.030
    85.960     0.002    -0.006     0.024
    85.970    -0.001    -0.012     0.030
    85.980    -0.004     0.003     0.027
    85.990     0.003    -0.002     0.022
    86.000    -0.001    -0.003     0.021
    86.010    -0.002     0.012     0.008
    86.020    -0.005     0.007     0.002
    86.030     0.000     0.001    -0.003
    86.040     0.003     0.000    -0.020
    86.050     0.002    -0.005    -0.033
    86.060     0.002     0.001    -0.032
    86.070     0.001    -0.004    -0.036
    86.080    -0.005    -0.003    -0.046
    86.090    -0.013    -0.005    -0.050
    86.100    -0.007     0.006    -0.045
    86.110    -0.003     0.006    -0.044
    86.120    -0.001     0.011    -0.039
    86.130    -0.001     0.026    -0.038
    86.140    -0.004     0.013    -0.033
    86.150    -0.002     0.020    -0.031
    86.160    -0.001     0.007    -0.034
    86.170     0.000     0.004    -0.020
    86.180     0.007    -0.003    -0.020
    86.190     0.001    -0.016    -0.014
    86.200    -0.002     0.001    -0.001
    86.210     0.002    -0.016     0.000
    86.220    -0.006    -0.017     0.012
    86.230    -0.009    -0.014     0.016
    86.240    -0.007    -0.024     0.024
    86.250    -0.004    -0.019     0.032
    86.260     0.000    -0.011     0.025
    86.270     0.000    -0.004     0.025
    86.280     0.009    -0.004     0.021
    86.290     0.015     0.001     0.011
    86.300     0.013     0.003     0.000
    86.310     0.018     0.006    -0.003
    86.320     0.021     0.002    -0.003
    86.330     0.023     0.007    -0.007
    86.340     0.021     0.012    -0.007
    86.350     0.025    -0.006    -0.009
    86.360     0.024     0.001    -0.006
    86.370     0.019     0.002    -0.005
    86.380     0.017    -0.004     0.004
    86.390     0.015    -0.004     0.011
    86.400     0.008    -0.015     0.005
    86.410    -0.006    -0.015     0.014
    86.420    -0.002    -0.024     0.012
    86.430     0.002    -0.024     0.010
    86.440    -0.004    -0.023     0.016
    86.450     0.002    -0.025     0.012
    86.460     0.001    -0.019     0.017
    86.470    -0.002    -0.021     0.015
    86.480     0.000    -0.016     0.015
    86.490    -0.003    -0.016     0.026
    86.500     0.001     0.000     0.030
    86.510    -0.002     0.010     0.030
    86.520    -0.008     0.007     0.036
    86.530    -0.007     0.018     0.036
    86.540    -0.013     0.016     0.038
    86.550    -0.011     0.023     0.035
    86.560    -0.004     0.019     0.026
    86.570    -0.006     0.017     0.025
    86.580     0.005     0.027     0.020
    86.590     0.015     0.020     0.013
    86.600     0.015     0.022     0.003
    86.610     0.019     0.018     0.002
    86.620     0.014     0.018     0.003
    86.630     0.015     0.021    -0.005
    86.640     0.016     0.019     0.004
    86.650     0.007     0.009     0.004
    86.660     0.007     0.000     0.003
    86.670     0.000     0.001     0.003
    86.680    -0.003    -0.005    -0.001
    86.690     0.002     0.007     0.004
    86.700     0.001     0.001     0.000
    86.710     0.003    -0.002     0.003
    86.720    -0.003     0.010     0.009
    86.730    -0.004    -0.009     0.009
    86.740    -0.007    -0.009     0.008
    86.750    -0.009    -0.018     0.008
    86.760    -0.005    -0.024     0.011
    86.770    -0.005    -0.016     0.007
    86.780    -0.003    -0.023     0.005
    86.790    -0.004    -0.009     0.005
    86.800     0.000    -0.008     0.005
    86.810     0.001    -0.005     0.013
    86.820    -0.002     0.010     0.017
    86.830     0.001    -0.001     0.016
    86.840    -0.005     0.000     0.018
    86.850    -0.009     0.000     0.011
    86.860    -0.010    -0.003     0.008
    86.870    -0.013    -0.002     0.008
    86.880    -0.016     0.004     0.007
    86.890    -0.015     0.000     0.002
    86.900    -0.011    -0.010    -0.008
    86.910    -0.009     0.000    -0.013
    86.920    -0.006    -0.007    -0.019
    86.930    -0.004     0.003    -0.021
    86.940     0.001     0.007    -0.022
    86.950     0.001     0.009    -0.024
    86.960     0.007     0.021    -0.032
    86.970     0.014     0.018    -0.028
    86.980     0.012     0.026    -0.024
    86.990     0.012     0.021    -0.018
    87.000    -0.002     0.026    -0.020
    87.010     0.002     0.021    -0.026
    87.020    -0.003     0.016    -0.020
    87.030    -0.003     0.011    -0.027
    87.040     0.008     0.003    -0.023
    87.050     0.001     0.008    -0.032
    87.060     0.010     0.007    -0.023
    87.070     0.009     0.016    -0.020
    87.080     0.013     0.014    -0.024
    87.090     0.011     0.019    -0.009
    87.100     0.011     0.017    -0.016
    87.110     0.016     0.016    -0.005
    87.120     0.008     0.011    -0.013
    87.130     0.006     0.014    -0.002
    87.140    -0.001     0.019     0.002
    87.150     0.005     0.011    -0.002
    87.160    -0.007     0.028     0.001
    87.170     0.000     0.015    -0.015
    87.180     0.004     0.022     0.007
    87.190    -0.002     0.017    -0.001
    87.200     0.016     0.008     0.006
    87.210     0.006     0.020     0.007
    87.220     0.018     0.004     0.003
    87.230     0.013     0.011     0.012
    87.240     0.014     0.005    -0.007
    87.250     0.027     0.007     0.011
    87.260     0.018     0.011     0.006
    87.270     0.029     0.000     0.009
    87.280     0.012     0.007     0.006
    87.290     0.007     0.002     0.003
    87.300     0.005    -0.002     0.012
    87.310    -0.006    -0.010    -0.005
    87.320     0.003    -0.018     0.006
    87.330    -0.009    -0.013    -0.011
    87.340     0.002    -0.022    -0.016
    87.350    -0.007    -0.010    -0.014
    87.360    -0.016    -0.006    -0.026
    87.370    -0.003    -0.012    -0.019
    87.380    -0.022     0.007    -0.027
    87.390    -0.013    -0.009    -0.020
    87.400    -0.015     0.003    -0.014
    87.410    -0.022    -0.003    -0.012
    87.420    -0.010    -0.019     0.002
    87.430    -0.024     0.001    -0.001
    87.440    -0.013    -0.026    -0.002
    87.450    -0.012     0.000     0.003
    87.460    -0.018    -0.008    -0.001
    87.470    -0.004    -0.019     0.002
    87.480    -0.022     0.006    -0.002
    87.490    -0.013    -0.020    -0.009
    87.500    -0.009     0.011    -0.011
    87.510    -0.018     0.001    -0.013
    87.520    -0.005    -0.008    -0.012
    87.530    -0.017     0.013    -0.017
    87.540    -0.012    -0.010    -0.025
    87.550    -0.016     0.014    -0.024
    87.560    -0.022     0.005    -0.022
    87.570    -0.012    -0.005    -0.032
    87.580    -0.019     0.012    -0.025
    87.590    -0.014    -0.002    -0.017
    87.600    -0.014     0.006    -0.012
    87.610    -0.013     0.008     0.000
    87.620    -0.004    -0.004     0.007
    87.630     0.002     0.000     0.019
    87.640     0.002    -0.002     0.018
    87.650     0.006    -0.010     0.021
    87.660     0.013    -0.004     0.018
    87.670     0.008    -0.010     0.017
    87.680     0.007    -0.011     0.021
    87.690     0.008    -0.002     0.009
    87.700     0.011    -0.010     0.017
    87.710     0.006    -0.007     0.013
    87.720     0.006    -0.013     0.013
    87.730     0.009    -0.012     0.022
    87.740     0.000    -0.011     0.011
    87.750     0.001    -0.018     0.024
    87.760     0.001    -0.008     0.028
    87.770     0.000    -0.019     0.017
    87.780     0.006    -0.013     0.024
    87.790     0.003    -0.011     0.012
    87.800     0.002    -0.021     0.015
    87.810     0.005    -0.010     0.019
    87.820     0.003    -0.014     0.006
    87.830     0.004    -0.012     0.009
    87.840     0.000    -0.015     0.004
    87.850    -0.007    -0.015     0.003
    87.860    -0.006    -0.007    -0.006
    87.870    -0.009    -0.011    -0.001
    87.880    -0.010    -0.009     0.003
    87.890    -0.012     0.000    -0.011
    87.900    -0.017     0.004     0.003
    87.910    -0.010     0.003    -0.002
    87.920    -0.008     0.008    -0.005
    87.930    -0.006     0.009    -0.005
    87.940     0.000     0.000    -0.014
    87.950     0.003     0.006    -0.005
    87.960     0.004     0.007    -0.006
    87.970     0.004     0.010    -0.003
    87.980     0.011     0.020     0.003
    87.990     0.013     0.013     0.000
    88.000     0.010     0.021     0.000
    88.010     0.009     0.029     0.003
    88.020     0.008     0.021     0.001
    88.030     0.006     0.030    -0.002
    88.040     0.002     0.025     0.009
    88.050     0.001     0.013     0.011
    88.060     0.000     0.021     0.004
    88.070     0.000     0.012     0.010
    88.080     0.010     0.011     0.005
    88.090     0.017     0.020    -0.002
    88.100     0.016     0.010    -0.006
    88.110     0.016     0.020    -0.010
    88.120     0.023     0.017    -0.007
    88.130     0.018     0.003    -0.012
    88.140     0.013     0.015    -0.018
    88.150     0.020     0.004    -0.015
    88.160     0.018    -0.003    -0.014
    88.170     0.012     0.000    -0.009
    88.180     0.010    -0.011    -0.004
    88.190     0.012    -0.017    -0.003
    88.200     0.012    -0.016     0.003
    88.210     0.013    -0.013     0.005
    88.220     0.019    -0.016     0.011
    88.230     0.021    -0.010     0.010
    88.240     0.022    -0.003     0.016
    88.250     0.018     0.001     0.025
    88.260     0.017     0.001     0.022
    88.270     0.014    -0.003     0.020
    88.280     0.003     0.001     0.018
    88.290     0.006    -0.004     0.018
    88.300     0.003    -0.009     0.009
    88.310    -0.004     0.001     0.006
    88.320    -0.001     0.004     0.010
    88.330    -0.005    -0.003     0.003
    88.340    -0.011     0.001    -0.002
    88.350    -0.009     0.007    -0.004
    88.360    -0.009     0.005    -0.005
    88.370    -0.008     0.004    -0.006
    88.380     0.000     0.002    -0.012
    88.390    -0.001     0.005    -0.015
    88.400     0.001     0.004    -0.015
    88.410     0.009     0.001    -0.014
    88.420     0.012     0.010    -0.013
    88.430     0.020     0.002    -0.010
    88.440     0.026     0.002     0.004
    88.450     0.021     0.013     0.013
    88.460     0.022     0.011     0.013
    88.470     0.017     0.014     0.015
    88.480     0.009     0.017     0.016
    88.490     0.013     0.021     0.013
    88.500     0.011     0.021     0.010
    88.510     0.009     0.019     0.004
    88.520     0.010     0.024    -0.003
    88.530     0.004     0.019    -0.005
    88.540     0.003     0.013    -0.007
    88.550     0.005     0.015     0.001
    88.560     0.004     0.004     0.002
    88.570     0.007     0.002     0.001
    88.580     0.011     0.003     0.010
    88.590     0.012     0.004    -0.001
    88.600     0.010     0.011     0.004
    88.610     0.008    -0.001     0.018
    88.620     0.010    -0.003     0.017
    88.630     0.008    -0.004     0.020
    88.640     0.004    -0.012     0.019
    88.650     0.010    -0.011     0.013
    88.660     0.010    -0.017     0.005
    88.670     0.004    -0.015    -0.002
    88.680     0.004    -0.006    -0.002
    88.690     0.001    -0.010     0.001
    88.700    -0.003    -0.007    -0.007
    88.710    -0.010    -0.003    -0.004
    88.720    -0.012    -0.009    -0.003
    88.730    -0.010    -0.008    -0.014
    88.740    -0.019    -0.007    -0.015
    88.750    -0.018    -0.015    -0.015
    88.760    -0.015    -0.014    -0.012
    88.770    -0.025    -0.017    -0.015
    88.780    -0.023    -0.017    -0.015
    88.790    -0.020    -0.014    -0.010
    88.800    -0.019    -0.019    -0.012
    88.810    -0.024    -0.012    -0.008
    88.820    -0.023    -0.017    -0.004
    88.830    -0.021    -0.021    -0.007
    88.840    -0.026    -0.010    -0.013
    88.850    -0.015    -0.015    -0.015
    88.860    -0.006    -0.007    -0.013
    88.870    -0.004    -0.004    -0.013
    88.880    -0.001    -0.007    -0.017
    88.890    -0.002     0.007    -0.020
    88.900    -0.004     0.005    -0.027
    88.910    -0.007     0.013    -0.025
    88.920    -0.006     0.017    -0.018
    88.930     0.002     0.008    -0.019
    88.940     0.003     0.017    -0.013
    88.950    -0.002     0.019    -0.010
    88.960     0.002     0.016    -0.006
    88.970    -0.004     0.010    -0.008
    88.980    -0.009     0.004    -0.007
    88.990    -0.011     0.006     0.001
    89.000    -0.017    -0.008    -0.001
    89.010    -0.013    -0.013    -0.002
    89.020    -0.016    -0.007    -0.008
    89.030    -0.015    -0.023    -0.008
    89.040    -0.011    -0.021    -0.005
    89.050    -0.017    -0.011    -0.006
    89.060    -0.005    -0.011    -0.004
    89.070    -0.003    -0.003    -0.003
    89.080    -0.011    -0.002    -0.005
    89.090     0.000     0.005    -0.007
    89.100     0.002     0.007    -0.008
    89.110     0.003     0.006    -0.001
    89.120     0.001     0.014     0.008
    89.130     0.003     0.012     0.010
    89.140     0.015     0.015     0.013
    89.150     0.009     0.013     0.012
    89.160     0.012     0.014     0.010
    89.170     0.008     0.016     0.012
    89.180     0.002     0.010     0.009
    89.190     0.017     0.009     0.006
    89.200     0.007    -0.001    -0.002
    89.210     0.013     0.004    -0.007
    89.220     0.015     0.008    -0.005
    89.230     0.009    -0.005    -0.013
    89.240     0.017    -0.001    -0.009
    89.250     0.009     0.000    -0.004
    89.260     0.020    -0.003    -0.005
    89.270     0.019     0.003    -0.003
    89.280     0.012     0.003    -0.012
    89.290     0.022     0.013     0.001
    89.300     0.011     0.009     0.002
    89.310     0.014     0.002     0.000
    89.320     0.009     0.016     0.015
    89.330     0.003     0.005     0.012
    89.340     0.015     0.002     0.018
    89.350     0.005     0.007     0.013
    89.360     0.005     0.002     0.016
    89.370     0.002     0.008     0.015
    89.380    -0.010    -0.005    -0.005
    89.390    -0.004     0.000     0.007
    89.400    -0.009    -0.007     0.005
    89.410    -0.001    -0.024     0.000
    89.420    -0.001    -0.011     0.009
    89.430    -0.004    -0.029    -0.004
    89.440     0.011    -0.022    -0.003
    89.450     0.005    -0.012    -0.010
    89.460     0.014    -0.026    -0.012
    89.470     0.017    -0.008     0.004
    89.480     0.014    -0.018    -0.006
    89.490     0.006    -0.008    -0.006
    89.500    -0.007     0.000    -0.006
    89.510     0.005    -0.023    -0.008
    89.520    -0.007    -0.010    -0.001
    89.530    -0.013    -0.023    -0.008
    89.540    -0.017    -0.019    -0.006
    89.550    -0.030     0.003    -0.001
    89.560    -0.018     0.000     0.002
    89.570    -0.028     0.018     0.004
    89.580    -0.022     0.007     0.007
    89.590    -0.020     0.014     0.015
    89.600    -0.032     0.023     0.006
    89.610    -0.017     0.012     0.004
    89.620    -0.019     0.028     0.008
    89.630    -0.008     0.014     0.000
    89.640    -0.002     0.012    -0.004
    89.650    -0.006     0.020    -0.013
    89.660     0.003     0.014    -0.012
    89.670    -0.011     0.020    -0.009
    89.680    -0.004     0.002    -0.016
    89.690    -0.003    -0.004    -0.011
    89.700    -0.010    -0.009    -0.011
    89.710    -0.007    -0.009    -0.010
    89.720    -0.017    -0.006    -0.001
    89.730    -0.002    -0.014    -0.006
    89.740    -0.004    -0.004    -0.010
    89.750    -0.005    -0.009    -0.006
    89.760     0.004    -0.007    -0.001
    89.770    -0.002     0.004    -0.003
    89.780     0.004    -0.005    -0.010
    89.790    -0.006     0.005    -0.006
    89.800     0.002     0.008    -0.007
    89.810     0.011     0.009    -0.013
    89.820     0.003     0.017    -0.012
    89.830     0.014     0.015    -0.003
    89.840     0.004     0.016     0.005
    89.850     0.000     0.009     0.002
    89.860     0.003     0.013     0.010
    89.870     0.000     0.015     0.014
    89.880     0.006     0.004     0.008
    89.890    -0.004     0.010     0.007
    89.900     0.003     0.003     0.009
    89.910     0.003     0.003     0.011
    89.920    -0.004     0.002     0.008
    89.930     0.007     0.000     0.012
    89.940     0.002     0.010     0.016
    89.950     0.005     0.000     0.008
    89.960     0.002     0.010     0.009
    89.970     0.003     0.013     0.009
    89.980     0.009     0.009     0.003
    89.990    -0.001     0.023     0.001
