#Earthquake Information
#Origin Time(GMT+08): 2026/09/14-06:44:41
#EpicenterLongitude(E): 121.55
#EpicenterLatitude(N): 22.63
#Depth(km): 10.1
#Magnitude(Ml): 4.9

#Station Information
#StationCode: EYL
#StationName: Yanliao
#StationLongitude(E): 121.602
#StationLatitude(N): 23.904
#InstrumentKind: FBA
#StartTime(GMT+08): 2026/09/14-06:44:30.000
#RecordLength(sec): 90
#SampleRate(Hz): 100
#AmplitudeUnit:  gal. DCoffset(corr)
#AmplitudeMAX. U:    0.416~   -0.434
#AmplitudeMAX. N:    1.229~   -1.006
#AmplitudeMAX. E:    0.855~   -0.805
#DataSequence: Time U(+); N(+); E(+)
#Data: 4F10.3 
     0.000     0.002    -0.001     0.008
     0.010    -0.003    -0.001     0.004
     0.020    -0.003    -0.002     0.014
     0.030     0.002     0.000     0.019
     0.040     0.003     0.003     0.018
     0.050    -0.001    -0.003     0.018
     0.060    -0.001    -0.003     0.015
     0.070    -0.002     0.001     0.011
     0.080    -0.001    -0.002     0.009
     0.090    -0.001     0.002     0.009
     0.100     0.000     0.005     0.012
     0.110     0.006     0.002     0.013
     0.120     0.006     0.003     0.012
     0.130     0.001     0.001     0.017
     0.140    -0.001     0.004     0.021
     0.150    -0.001     0.009     0.019
     0.160     0.000     0.001     0.013
     0.170    -0.003    -0.003     0.009
     0.180     0.000    -0.003     0.011
     0.190     0.005     0.000     0.018
     0.200     0.002     0.005     0.018
     0.210     0.001     0.002     0.013
     0.220     0.000    -0.001     0.010
     0.230    -0.002    -0.001     0.014
     0.240    -0.002     0.002     0.015
     0.250    -0.001     0.001     0.006
     0.260     0.002    -0.004     0.006
     0.270     0.000    -0.002     0.017
     0.280    -0.002    -0.001     0.019
     0.290    -0.003     0.003     0.019
     0.300    -0.002     0.007     0.022
     0.310     0.001     0.003     0.014
     0.320     0.002    -0.003     0.005
     0.330     0.002    -0.006     0.007
     0.340     0.001    -0.002     0.014
     0.350    -0.001     0.002     0.020
     0.360     0.000     0.003     0.017
     0.370     0.001     0.004     0.011
     0.380    -0.001     0.002     0.008
     0.390    -0.002     0.003     0.012
     0.400     0.000     0.005     0.019
     0.410     0.000     0.002     0.015
     0.420    -0.001    -0.002     0.014
     0.430    -0.002    -0.004     0.014
     0.440     0.001    -0.003     0.008
     0.450     0.001     0.000     0.007
     0.460    -0.002     0.000     0.013
     0.470    -0.002     0.002     0.015
     0.480     0.000     0.004     0.015
     0.490     0.005     0.002     0.012
     0.500     0.006     0.000     0.014
     0.510     0.002     0.000     0.017
     0.520     0.000    -0.002     0.011
     0.530    -0.003    -0.003     0.008
     0.540    -0.003     0.002     0.012
     0.550     0.001     0.000     0.016
     0.560     0.002    -0.006     0.014
     0.570     0.002    -0.004     0.012
     0.580     0.002    -0.003     0.014
     0.590    -0.001     0.004     0.013
     0.600    -0.001     0.009     0.011
     0.610     0.001     0.004     0.011
     0.620     0.002    -0.003     0.009
     0.630     0.001    -0.003     0.017
     0.640     0.001     0.001     0.023
     0.650     0.002     0.004     0.016
     0.660     0.001     0.001     0.013
     0.670    -0.002    -0.001     0.015
     0.680    -0.002     0.004     0.017
     0.690     0.000     0.005     0.016
     0.700     0.000     0.001     0.012
     0.710    -0.001    -0.005     0.012
     0.720    -0.002    -0.007     0.015
     0.730     0.000    -0.001     0.017
     0.740     0.002     0.000     0.015
     0.750     0.002     0.001     0.011
     0.760     0.003     0.005     0.007
     0.770     0.004     0.004     0.006
     0.780     0.003     0.001     0.011
     0.790    -0.002     0.001     0.019
     0.800     0.000     0.002     0.019
     0.810     0.001    -0.005     0.014
     0.820     0.000    -0.012     0.013
     0.830     0.001    -0.009     0.016
     0.840     0.001     0.001     0.016
     0.850     0.001     0.007     0.016
     0.860     0.001     0.012     0.007
     0.870     0.001     0.010     0.005
     0.880     0.000     0.003     0.015
     0.890    -0.002    -0.001     0.019
     0.900    -0.002    -0.006     0.022
     0.910     0.001    -0.009     0.020
     0.920     0.001    -0.009     0.011
     0.930     0.004     0.000     0.006
     0.940     0.002     0.007     0.007
     0.950     0.000     0.004     0.008
     0.960    -0.004     0.001     0.015
     0.970    -0.007    -0.004     0.021
     0.980    -0.005    -0.009     0.023
     0.990    -0.003    -0.008     0.022
     1.000    -0.002    -0.007     0.018
     1.010     0.001    -0.005     0.010
     1.020     0.007     0.003     0.008
     1.030     0.006     0.007     0.012
     1.040     0.000     0.005     0.012
     1.050    -0.004     0.000     0.008
     1.060    -0.003     0.001     0.003
     1.070     0.002     0.006     0.003
     1.080     0.004     0.001     0.008
     1.090     0.001     0.000     0.013
     1.100     0.002    -0.003     0.014
     1.110     0.002    -0.005     0.013
     1.120     0.003     0.000     0.011
     1.130     0.002     0.002     0.015
     1.140     0.002     0.004     0.016
     1.150     0.001     0.006     0.014
     1.160    -0.002     0.003     0.017
     1.170    -0.001     0.001     0.017
     1.180    -0.003    -0.002     0.017
     1.190    -0.002    -0.003     0.015
     1.200     0.005     0.000     0.003
     1.210     0.002     0.000     0.002
     1.220    -0.002     0.001     0.013
     1.230    -0.001    -0.001     0.016
     1.240     0.001    -0.003     0.014
     1.250     0.004     0.003     0.014
     1.260     0.003     0.008     0.015
     1.270    -0.003     0.008     0.013
     1.280    -0.003     0.005     0.009
     1.290     0.002    -0.007     0.007
     1.300    -0.001    -0.013     0.011
     1.310    -0.004    -0.008     0.021
     1.320    -0.001    -0.005     0.024
     1.330    -0.002    -0.003     0.020
     1.340    -0.002     0.006     0.016
     1.350     0.000     0.011     0.015
     1.360    -0.002     0.004     0.015
     1.370    -0.002     0.005     0.015
     1.380    -0.001     0.003     0.013
     1.390     0.003    -0.008    -0.002
     1.400     0.002    -0.011    -0.011
     1.410     0.000    -0.002    -0.008
     1.420     0.008     0.010    -0.010
     1.430     0.009     0.013     0.007
     1.440     0.000     0.005     0.034
     1.450    -0.003     0.001     0.032
     1.460     0.000    -0.003     0.017
     1.470    -0.002    -0.010     0.013
     1.480    -0.005    -0.002     0.017
     1.490    -0.005     0.001     0.016
     1.500    -0.006    -0.002     0.010
     1.510    -0.002     0.003     0.014
     1.520     0.001     0.000     0.027
     1.530     0.004     0.000     0.031
     1.540     0.007     0.001     0.025
     1.550     0.005     0.002     0.016
     1.560    -0.002     0.001     0.005
     1.570    -0.004    -0.002     0.002
     1.580    -0.003     0.001     0.007
     1.590    -0.002    -0.006     0.007
     1.600     0.001    -0.007     0.007
     1.610     0.002     0.001     0.007
     1.620     0.001     0.008     0.009
     1.630     0.003     0.016     0.015
     1.640     0.001     0.013     0.019
     1.650    -0.003     0.004     0.028
     1.660     0.003    -0.005     0.028
     1.670     0.005    -0.008     0.017
     1.680     0.002    -0.003     0.006
     1.690     0.001    -0.001    -0.001
     1.700    -0.002     0.001     0.006
     1.710    -0.001     0.003     0.015
     1.720    -0.002     0.001     0.018
     1.730    -0.005    -0.004     0.015
     1.740    -0.002     0.000     0.013
     1.750    -0.002     0.001     0.016
     1.760     0.002    -0.006     0.018
     1.770     0.003    -0.008     0.020
     1.780     0.000    -0.011     0.014
     1.790     0.002    -0.009     0.008
     1.800     0.003    -0.001     0.009
     1.810     0.001     0.005     0.008
     1.820     0.001     0.005     0.012
     1.830     0.001     0.002     0.014
     1.840     0.000     0.005     0.016
     1.850    -0.002     0.008     0.019
     1.860     0.001     0.002     0.014
     1.870     0.003     0.001     0.015
     1.880    -0.002     0.001     0.016
     1.890    -0.003    -0.003     0.012
     1.900    -0.001    -0.008     0.014
     1.910     0.000    -0.006     0.015
     1.920     0.002    -0.002     0.013
     1.930     0.005     0.002     0.004
     1.940     0.002     0.005     0.008
     1.950    -0.004     0.003     0.013
     1.960    -0.003     0.001     0.011
     1.970    -0.001     0.003     0.009
     1.980    -0.002     0.004     0.006
     1.990    -0.001     0.002     0.012
     2.000     0.002    -0.001     0.010
     2.010     0.004     0.001     0.020
     2.020     0.004     0.000     0.022
     2.030     0.003    -0.005     0.012
     2.040     0.001    -0.002     0.014
     2.050    -0.002    -0.001     0.009
     2.060    -0.004     0.003     0.015
     2.070    -0.001     0.009     0.019
     2.080     0.003     0.007     0.014
     2.090     0.000     0.001     0.011
     2.100     0.001    -0.004     0.000
     2.110     0.006     0.001    -0.002
     2.120     0.006     0.003     0.003
     2.130     0.003     0.000     0.014
     2.140     0.000     0.002     0.022
     2.150     0.001     0.002     0.015
     2.160     0.002     0.003     0.008
     2.170    -0.001     0.004     0.008
     2.180     0.000     0.006     0.009
     2.190     0.001     0.004     0.008
     2.200     0.002    -0.003     0.012
     2.210     0.005    -0.004     0.016
     2.220     0.005    -0.003     0.018
     2.230     0.004    -0.001     0.021
     2.240     0.002     0.002     0.018
     2.250    -0.001     0.001     0.015
     2.260    -0.005     0.000     0.017
     2.270    -0.006    -0.004     0.022
     2.280    -0.004    -0.004     0.020
     2.290    -0.002    -0.001     0.012
     2.300     0.003     0.001     0.005
     2.310     0.002     0.004     0.001
     2.320     0.001     0.002     0.009
     2.330     0.003     0.000     0.019
     2.340     0.003     0.005     0.019
     2.350     0.004     0.009     0.015
     2.360     0.002     0.006     0.011
     2.370     0.001    -0.002     0.005
     2.380     0.001    -0.006     0.007
     2.390     0.000    -0.003     0.009
     2.400    -0.002     0.000     0.012
     2.410    -0.003    -0.002     0.021
     2.420     0.003    -0.003     0.022
     2.430     0.008    -0.001     0.016
     2.440     0.003    -0.001     0.016
     2.450     0.001     0.002     0.018
     2.460     0.002     0.004     0.015
     2.470    -0.003    -0.002     0.010
     2.480    -0.004    -0.007     0.013
     2.490     0.002    -0.004     0.016
     2.500     0.002    -0.002     0.015
     2.510     0.000    -0.003     0.011
     2.520     0.000     0.004     0.014
     2.530    -0.001     0.010     0.018
     2.540     0.001     0.007     0.025
     2.550    -0.002    -0.004     0.026
     2.560    -0.001    -0.009     0.016
     2.570     0.001    -0.003     0.012
     2.580    -0.002     0.005     0.008
     2.590     0.000     0.007     0.013
     2.600    -0.004    -0.004     0.020
     2.610    -0.003    -0.013     0.018
     2.620     0.001    -0.010     0.017
     2.630     0.002    -0.001     0.015
     2.640     0.006     0.006     0.016
     2.650     0.003     0.006     0.014
     2.660     0.001     0.003     0.009
     2.670    -0.003     0.004     0.009
     2.680    -0.006     0.001     0.008
     2.690     0.002    -0.003     0.010
     2.700     0.006    -0.004     0.016
     2.710     0.004    -0.004     0.022
     2.720     0.000    -0.003     0.021
     2.730    -0.001     0.001     0.013
     2.740     0.001     0.006     0.010
     2.750     0.003     0.001     0.016
     2.760     0.003    -0.005     0.020
     2.770     0.001    -0.002     0.012
     2.780    -0.001     0.004     0.003
     2.790    -0.002     0.002     0.002
     2.800    -0.002    -0.006     0.011
     2.810    -0.003    -0.010     0.019
     2.820    -0.005    -0.010     0.013
     2.830    -0.002     0.000     0.007
     2.840     0.001     0.009     0.010
     2.850     0.003     0.005     0.016
     2.860     0.004    -0.004     0.014
     2.870     0.003    -0.005     0.017
     2.880    -0.001     0.001     0.018
     2.890    -0.002     0.002     0.013
     2.900    -0.001     0.001     0.012
     2.910    -0.001     0.001     0.004
     2.920     0.004     0.001     0.002
     2.930     0.003     0.000     0.012
     2.940     0.002    -0.004     0.018
     2.950     0.005    -0.007     0.009
     2.960     0.000    -0.002     0.006
     2.970     0.000     0.001     0.016
     2.980     0.002     0.001     0.011
     2.990     0.004     0.001     0.000
     3.000     0.003     0.000     0.003
     3.010    -0.002     0.007     0.015
     3.020    -0.001     0.008     0.021
     3.030     0.004    -0.003     0.013
     3.040     0.007    -0.009     0.008
     3.050     0.001     0.001     0.011
     3.060     0.002     0.012     0.022
     3.070     0.007     0.007     0.024
     3.080     0.004    -0.007     0.015
     3.090     0.001    -0.012     0.005
     3.100    -0.003    -0.011    -0.003
     3.110    -0.001    -0.004     0.008
     3.120     0.002     0.004     0.024
     3.130    -0.001    -0.001     0.018
     3.140    -0.002    -0.004     0.012
     3.150    -0.001     0.001     0.017
     3.160     0.001     0.007     0.023
     3.170     0.001     0.007     0.027
     3.180     0.002     0.002     0.017
     3.190     0.003     0.000    -0.002
     3.200     0.002    -0.007    -0.007
     3.210     0.002    -0.005     0.014
     3.220     0.003     0.003     0.021
     3.230     0.004    -0.004     0.006
     3.240     0.003    -0.009     0.005
     3.250     0.004    -0.001     0.016
     3.260     0.005     0.004     0.024
     3.270     0.002     0.003     0.022
     3.280     0.000     0.000     0.011
     3.290     0.002    -0.001     0.004
     3.300    -0.001     0.000     0.014
     3.310    -0.005     0.000     0.024
     3.320    -0.004    -0.001     0.023
     3.330    -0.007     0.003     0.016
     3.340    -0.006     0.001     0.010
     3.350     0.001    -0.003     0.016
     3.360     0.006     0.001     0.019
     3.370     0.006    -0.002     0.013
     3.380     0.006    -0.006     0.000
     3.390     0.003    -0.004     0.005
     3.400     0.004    -0.005     0.020
     3.410     0.007    -0.005     0.017
     3.420    -0.002    -0.003     0.013
     3.430    -0.010    -0.004     0.010
     3.440    -0.006    -0.002     0.016
     3.450     0.000    -0.006     0.020
     3.460     0.000    -0.008     0.013
     3.470     0.000    -0.004     0.013
     3.480     0.001    -0.004     0.021
     3.490     0.001    -0.001     0.022
     3.500     0.003     0.007     0.019
     3.510     0.000     0.009     0.019
     3.520    -0.003    -0.001     0.011
     3.530    -0.001    -0.003     0.003
     3.540     0.001    -0.006     0.008
     3.550     0.000    -0.010     0.008
     3.560     0.003    -0.002     0.001
     3.570     0.005    -0.011     0.008
     3.580     0.004    -0.011     0.020
     3.590     0.006     0.009     0.025
     3.600     0.002     0.013     0.015
     3.610    -0.003     0.003     0.012
     3.620    -0.003    -0.002     0.023
     3.630     0.001     0.002     0.021
     3.640     0.001     0.000     0.011
     3.650     0.000    -0.003    -0.001
     3.660     0.002    -0.002     0.002
     3.670    -0.003    -0.002     0.016
     3.680    -0.002     0.004     0.020
     3.690     0.000     0.013     0.011
     3.700     0.000     0.012     0.002
     3.710     0.002     0.001     0.012
     3.720     0.004    -0.003     0.019
     3.730     0.000    -0.004     0.013
     3.740    -0.003    -0.008     0.011
     3.750     0.001    -0.007     0.016
     3.760     0.002    -0.004     0.019
     3.770     0.003    -0.006     0.016
     3.780     0.002    -0.005     0.008
     3.790     0.004     0.004    -0.004
     3.800     0.005     0.009     0.000
     3.810     0.008     0.004     0.008
     3.820     0.009    -0.005     0.009
     3.830     0.000    -0.008     0.008
     3.840    -0.004    -0.008     0.007
     3.850    -0.004     0.000     0.020
     3.860    -0.004     0.005     0.031
     3.870    -0.006     0.000     0.018
     3.880    -0.002    -0.003     0.001
     3.890     0.001     0.002     0.009
     3.900    -0.002     0.009     0.023
     3.910     0.006     0.003     0.017
     3.920     0.009    -0.008     0.009
     3.930     0.005    -0.011     0.008
     3.940     0.004    -0.003     0.010
     3.950     0.001     0.009     0.017
     3.960    -0.002     0.006     0.020
     3.970    -0.005    -0.001     0.016
     3.980    -0.002    -0.006     0.012
     3.990     0.000    -0.009     0.008
     4.000    -0.001    -0.004     0.001
     4.010     0.006    -0.003     0.002
     4.020     0.006    -0.005     0.015
     4.030     0.002     0.003     0.026
     4.040     0.002     0.007     0.028
     4.050    -0.001     0.000     0.019
     4.060    -0.002    -0.005     0.015
     4.070     0.000    -0.001     0.021
     4.080     0.001     0.001     0.012
     4.090     0.003    -0.003     0.009
     4.100     0.004    -0.004     0.009
     4.110     0.002    -0.003     0.002
     4.120     0.002    -0.003     0.013
     4.130     0.000    -0.004     0.017
     4.140    -0.003     0.003     0.017
     4.150    -0.002     0.010     0.017
     4.160    -0.006     0.001     0.016
     4.170    -0.004    -0.007     0.019
     4.180     0.001    -0.003     0.005
     4.190     0.004     0.003     0.007
     4.200     0.004     0.003     0.013
     4.210    -0.002    -0.001     0.008
     4.220    -0.002    -0.006     0.015
     4.230    -0.003    -0.005     0.018
     4.240    -0.001     0.002     0.018
     4.250     0.001    -0.001     0.015
     4.260     0.002    -0.009     0.008
     4.270     0.003    -0.005     0.004
     4.280     0.002     0.003     0.008
     4.290     0.005     0.007     0.017
     4.300     0.004     0.010     0.021
     4.310     0.001     0.003     0.021
     4.320     0.000    -0.009     0.015
     4.330    -0.003    -0.011     0.009
     4.340    -0.003    -0.009     0.009
     4.350    -0.003    -0.004     0.014
     4.360    -0.001     0.002     0.016
     4.370     0.002     0.005     0.011
     4.380     0.002     0.003     0.011
     4.390     0.002     0.000     0.013
     4.400     0.001     0.004     0.016
     4.410    -0.001     0.008     0.018
     4.420    -0.003     0.004     0.015
     4.430    -0.003    -0.002     0.008
     4.440    -0.003    -0.003     0.007
     4.450    -0.005    -0.005     0.010
     4.460    -0.006    -0.010     0.016
     4.470    -0.002    -0.007     0.021
     4.480     0.005    -0.001     0.014
     4.490     0.009     0.000     0.011
     4.500     0.007    -0.003     0.014
     4.510     0.004    -0.004     0.010
     4.520     0.001    -0.001     0.008
     4.530     0.001     0.004     0.010
     4.540    -0.001     0.006     0.016
     4.550    -0.002     0.003     0.018
     4.560    -0.004    -0.002     0.015
     4.570    -0.004    -0.002     0.015
     4.580    -0.002     0.004     0.015
     4.590     0.003     0.003     0.014
     4.600     0.007     0.000     0.009
     4.610     0.002    -0.001     0.006
     4.620    -0.002     0.000     0.012
     4.630    -0.001     0.003     0.014
     4.640     0.001     0.000     0.014
     4.650     0.002    -0.001     0.016
     4.660     0.002    -0.002     0.012
     4.670     0.003    -0.004     0.005
     4.680     0.000     0.001     0.012
     4.690     0.001     0.005     0.017
     4.700     0.005     0.003     0.012
     4.710     0.003     0.000     0.013
     4.720     0.002    -0.003     0.013
     4.730     0.000    -0.002     0.011
     4.740     0.000     0.003     0.009
     4.750    -0.001     0.007     0.011
     4.760    -0.003     0.002     0.015
     4.770    -0.001    -0.004     0.015
     4.780     0.002    -0.007     0.015
     4.790     0.002    -0.006     0.010
     4.800     0.002    -0.001     0.009
     4.810     0.000     0.001     0.015
     4.820     0.006     0.000     0.012
     4.830     0.004     0.000     0.013
     4.840    -0.002     0.000     0.018
     4.850     0.002     0.001     0.019
     4.860     0.002     0.002     0.018
     4.870     0.000     0.006     0.011
     4.880    -0.002     0.001     0.006
     4.890    -0.004    -0.010     0.007
     4.900    -0.003    -0.009     0.013
     4.910    -0.001    -0.006     0.016
     4.920     0.001    -0.004     0.012
     4.930     0.002     0.003     0.008
     4.940     0.003     0.007     0.010
     4.950     0.003     0.003     0.018
     4.960     0.003     0.000     0.021
     4.970     0.003    -0.001     0.015
     4.980     0.003    -0.008     0.009
     4.990    -0.001    -0.009     0.012
     5.000    -0.001    -0.003     0.016
     5.010    -0.001    -0.001     0.013
     5.020     0.002     0.003     0.007
     5.030     0.005     0.006     0.013
     5.040     0.002     0.003     0.019
     5.050    -0.001     0.003     0.013
     5.060    -0.001     0.002     0.011
     5.070     0.000    -0.001     0.010
     5.080     0.000    -0.004     0.012
     5.090     0.003    -0.007     0.013
     5.100     0.001    -0.007     0.013
     5.110    -0.004    -0.003     0.010
     5.120    -0.002     0.003     0.016
     5.130     0.000     0.004     0.017
     5.140    -0.002    -0.002     0.008
     5.150    -0.001    -0.003     0.012
     5.160    -0.004    -0.005     0.015
     5.170    -0.002    -0.008     0.016
     5.180     0.003    -0.004     0.012
     5.190     0.003     0.000     0.014
     5.200     0.002     0.001     0.018
     5.210     0.000     0.006     0.010
     5.220    -0.001     0.008     0.013
     5.230    -0.002     0.001     0.014
     5.240     0.001    -0.003     0.014
     5.250     0.006    -0.005     0.010
     5.260     0.000    -0.004     0.006
     5.270    -0.002     0.000     0.012
     5.280     0.000     0.003     0.009
     5.290    -0.001     0.003     0.014
     5.300     0.001    -0.001     0.016
     5.310     0.000    -0.002     0.005
     5.320     0.000    -0.001     0.008
     5.330     0.002     0.005     0.012
     5.340     0.000     0.006     0.014
     5.350     0.000     0.003     0.014
     5.360     0.000    -0.001     0.016
     5.370     0.003    -0.004     0.020
     5.380     0.001     0.001     0.019
     5.390     0.000     0.003     0.019
     5.400     0.001     0.001     0.012
     5.410    -0.002    -0.003     0.007
     5.420     0.002    -0.002     0.006
     5.430     0.004    -0.002     0.007
     5.440     0.003    -0.002     0.013
     5.450     0.004     0.005     0.013
     5.460     0.003     0.008     0.016
     5.470     0.001     0.007     0.018
     5.480     0.001     0.001     0.009
     5.490     0.000    -0.003     0.012
     5.500    -0.002    -0.003     0.016
     5.510    -0.002    -0.001     0.013
     5.520     0.000     0.002     0.008
     5.530     0.003     0.003     0.004
     5.540     0.004     0.003     0.010
     5.550     0.005     0.002     0.019
     5.560     0.005    -0.004     0.016
     5.570    -0.002    -0.008     0.010
     5.580    -0.002    -0.004     0.012
     5.590     0.001    -0.003     0.010
     5.600     0.001    -0.004     0.007
     5.610    -0.001     0.000     0.009
     5.620     0.001    -0.001     0.017
     5.630     0.005    -0.002     0.014
     5.640     0.001     0.002     0.009
     5.650     0.003     0.005     0.012
     5.660     0.001     0.000     0.015
     5.670     0.000    -0.004     0.015
     5.680     0.003     0.001     0.013
     5.690     0.001     0.001     0.006
     5.700     0.001    -0.003     0.007
     5.710    -0.001    -0.006     0.012
     5.720     0.000    -0.007     0.011
     5.730     0.003    -0.002     0.011
     5.740     0.001     0.002     0.014
     5.750     0.003     0.001     0.013
     5.760     0.005    -0.002     0.014
     5.770     0.003    -0.002     0.012
     5.780     0.002     0.004     0.013
     5.790    -0.002     0.004     0.015
     5.800     0.000    -0.003     0.008
     5.810     0.001    -0.007     0.010
     5.820     0.000    -0.005     0.014
     5.830     0.004     0.001     0.010
     5.840     0.003     0.007     0.011
     5.850     0.002     0.003     0.013
     5.860     0.000    -0.002     0.012
     5.870    -0.001    -0.005     0.012
     5.880    -0.001    -0.007     0.015
     5.890     0.001    -0.002     0.014
     5.900     0.000     0.000     0.013
     5.910     0.000     0.000     0.013
     5.920     0.003     0.000     0.011
     5.930     0.001     0.001     0.011
     5.940     0.002     0.001     0.013
     5.950     0.001    -0.001     0.019
     5.960    -0.001    -0.003     0.019
     5.970     0.002    -0.001     0.016
     5.980     0.000    -0.001     0.012
     5.990    -0.003    -0.003     0.011
     6.000     0.000    -0.004     0.014
     6.010     0.001    -0.004     0.015
     6.020    -0.001    -0.004     0.014
     6.030     0.005    -0.004     0.009
     6.040     0.004     0.001     0.012
     6.050    -0.001     0.004     0.014
     6.060     0.000     0.001     0.009
     6.070    -0.001    -0.002     0.011
     6.080     0.002    -0.005     0.011
     6.090     0.002    -0.009     0.007
     6.100     0.000    -0.006     0.009
     6.110     0.000    -0.001     0.012
     6.120    -0.002     0.000     0.013
     6.130     0.001     0.000     0.012
     6.140     0.001    -0.004     0.011
     6.150     0.001     0.000     0.013
     6.160     0.003     0.002     0.013
     6.170     0.003     0.004     0.013
     6.180     0.002     0.007     0.016
     6.190    -0.002     0.001     0.013
     6.200    -0.002    -0.003     0.008
     6.210    -0.002    -0.004     0.011
     6.220     0.000    -0.006     0.009
     6.230     0.001    -0.002     0.007
     6.240     0.000     0.003     0.010
     6.250     0.003    -0.001     0.011
     6.260     0.003    -0.003     0.012
     6.270     0.001    -0.004     0.014
     6.280     0.000    -0.003     0.012
     6.290    -0.002     0.002     0.012
     6.300    -0.001     0.002     0.013
     6.310     0.002     0.001     0.013
     6.320     0.003    -0.005     0.010
     6.330     0.001    -0.007     0.008
     6.340    -0.001     0.002     0.011
     6.350    -0.001     0.003     0.012
     6.360    -0.001     0.001     0.016
     6.370    -0.001    -0.001     0.013
     6.380    -0.001     0.000     0.010
     6.390    -0.002     0.001     0.014
     6.400    -0.003    -0.001     0.013
     6.410     0.001     0.000     0.015
     6.420     0.001    -0.002     0.015
     6.430     0.000    -0.005     0.013
     6.440     0.000    -0.005     0.012
     6.450     0.002    -0.003     0.011
     6.460     0.004     0.001     0.016
     6.470     0.002     0.000     0.016
     6.480    -0.001     0.001     0.014
     6.490    -0.002     0.002     0.011
     6.500     0.000    -0.003     0.010
     6.510    -0.002    -0.003     0.013
     6.520    -0.002     0.001     0.014
     6.530     0.000     0.000     0.017
     6.540    -0.002    -0.003     0.010
     6.550     0.002     0.000     0.011
     6.560     0.001     0.001     0.010
     6.570    -0.001     0.001     0.008
     6.580     0.002     0.000     0.014
     6.590    -0.001    -0.003     0.008
     6.600    -0.002    -0.002     0.009
     6.610    -0.003     0.001     0.018
     6.620    -0.002     0.000     0.015
     6.630     0.000    -0.005     0.007
     6.640    -0.002    -0.004     0.011
     6.650    -0.001    -0.005     0.015
     6.660     0.002    -0.005     0.010
     6.670     0.002     0.000     0.014
     6.680     0.001     0.001     0.010
     6.690     0.001     0.002     0.009
     6.700    -0.001     0.003     0.016
     6.710    -0.001     0.003     0.015
     6.720    -0.001     0.001     0.012
     6.730    -0.001     0.000     0.014
     6.740     0.002     0.002     0.011
     6.750     0.000    -0.002     0.010
     6.760    -0.002    -0.006     0.014
     6.770     0.001    -0.002     0.015
     6.780     0.001     0.001     0.016
     6.790     0.000    -0.002     0.013
     6.800     0.002    -0.003     0.013
     6.810     0.001    -0.003     0.015
     6.820    -0.001    -0.004     0.011
     6.830     0.002    -0.001     0.011
     6.840    -0.001    -0.001     0.012
     6.850    -0.003    -0.005     0.011
     6.860     0.002    -0.002     0.014
     6.870     0.003     0.002     0.014
     6.880    -0.002     0.002     0.012
     6.890    -0.001     0.001     0.012
     6.900     0.002     0.000     0.013
     6.910     0.000    -0.001     0.011
     6.920     0.001     0.000     0.008
     6.930     0.001     0.000     0.009
     6.940    -0.001    -0.001     0.010
     6.950     0.001    -0.002     0.011
     6.960     0.002    -0.005     0.008
     6.970     0.002    -0.003     0.007
     6.980     0.001     0.001     0.010
     6.990    -0.001     0.001     0.010
     7.000    -0.002     0.001     0.012
     7.010    -0.001     0.000     0.015
     7.020     0.002    -0.004     0.014
     7.030     0.002    -0.004     0.014
     7.040     0.000     0.000     0.016
     7.050     0.000     0.003     0.016
     7.060     0.000     0.003     0.014
     7.070     0.001     0.001     0.011
     7.080     0.002     0.001     0.007
     7.090     0.000     0.000     0.007
     7.100     0.000     0.002     0.010
     7.110     0.001     0.004     0.010
     7.120    -0.001     0.001     0.011
     7.130     0.000    -0.002     0.011
     7.140     0.000    -0.004     0.012
     7.150     0.001    -0.005     0.015
     7.160     0.004    -0.006     0.011
     7.170     0.001    -0.005     0.009
     7.180    -0.001    -0.002     0.009
     7.190     0.000    -0.001     0.014
     7.200     0.000     0.001     0.018
     7.210    -0.001     0.001     0.014
     7.220     0.000    -0.003     0.012
     7.230     0.000     0.000     0.013
     7.240    -0.001     0.001     0.012
     7.250     0.000     0.000     0.013
     7.260     0.000     0.000     0.013
     7.270     0.002    -0.001     0.009
     7.280     0.002    -0.001     0.012
     7.290     0.000    -0.003     0.012
     7.300    -0.002     0.000     0.011
     7.310    -0.001     0.003     0.016
     7.320    -0.001    -0.003     0.012
     7.330    -0.003    -0.003     0.007
     7.340    -0.001    -0.002     0.011
     7.350     0.002    -0.003     0.013
     7.360     0.002    -0.001     0.014
     7.370     0.001    -0.004     0.015
     7.380    -0.001    -0.003     0.011
     7.390     0.002     0.000     0.013
     7.400     0.001    -0.001     0.012
     7.410    -0.001     0.000     0.010
     7.420     0.000     0.001     0.014
     7.430     0.001    -0.001     0.011
     7.440    -0.001    -0.002     0.011
     7.450    -0.002    -0.002     0.012
     7.460     0.000    -0.002     0.010
     7.470     0.002    -0.002     0.009
     7.480     0.002    -0.004     0.008
     7.490     0.002    -0.002     0.010
     7.500     0.000     0.001     0.014
     7.510    -0.001     0.001     0.014
     7.520    -0.002    -0.004     0.013
     7.530    -0.002    -0.004     0.013
     7.540     0.002     0.001     0.012
     7.550     0.000    -0.001     0.009
     7.560    -0.001    -0.005     0.011
     7.570     0.001    -0.004     0.013
     7.580    -0.001    -0.002     0.014
     7.590     0.001     0.000     0.012
     7.600    -0.001    -0.002     0.011
     7.610    -0.002    -0.001     0.014
     7.620     0.000     0.001     0.013
     7.630    -0.001     0.002     0.011
     7.640    -0.002     0.001     0.010
     7.650    -0.001     0.000     0.009
     7.660     0.001    -0.004     0.012
     7.670     0.002    -0.005     0.011
     7.680     0.002     0.001     0.009
     7.690     0.000     0.000     0.010
     7.700     0.000    -0.004     0.009
     7.710     0.002     0.000     0.006
     7.720     0.001     0.001     0.008
     7.730    -0.002    -0.002     0.010
     7.740    -0.002    -0.005     0.008
     7.750    -0.001    -0.002     0.011
     7.760     0.001    -0.001     0.012
     7.770     0.002     0.001     0.008
     7.780     0.001     0.003     0.008
     7.790     0.002    -0.001     0.008
     7.800     0.003     0.000     0.010
     7.810     0.000     0.001     0.013
     7.820     0.002     0.003     0.010
     7.830     0.001     0.003     0.011
     7.840    -0.001     0.000     0.013
     7.850     0.001     0.000     0.013
     7.860    -0.002     0.002     0.010
     7.870     0.000     0.004     0.008
     7.880     0.002    -0.001     0.005
     7.890    -0.001    -0.006     0.004
     7.900     0.001    -0.003     0.007
     7.910    -0.001    -0.003     0.010
     7.920    -0.002    -0.003     0.010
     7.930    -0.002    -0.002     0.013
     7.940    -0.002    -0.001     0.015
     7.950     0.000     0.000     0.015
     7.960     0.000    -0.001     0.012
     7.970    -0.001    -0.003     0.008
     7.980    -0.001    -0.003     0.008
     7.990     0.000    -0.002     0.013
     8.000     0.004     0.001     0.014
     8.010     0.001     0.000     0.010
     8.020     0.000    -0.002     0.011
     8.030    -0.002    -0.002     0.013
     8.040    -0.002    -0.001     0.011
     8.050     0.000    -0.001     0.009
     8.060    -0.001    -0.003     0.006
     8.070     0.001    -0.006     0.010
     8.080    -0.001    -0.008     0.012
     8.090    -0.002    -0.007     0.009
     8.100     0.003    -0.004     0.011
     8.110     0.001    -0.002     0.012
     8.120     0.000     0.000     0.014
     8.130     0.000     0.002     0.016
     8.140    -0.001     0.001     0.013
     8.150    -0.002    -0.002     0.012
     8.160    -0.001    -0.003     0.014
     8.170     0.000    -0.002     0.010
     8.180     0.000    -0.001     0.012
     8.190     0.002    -0.004     0.013
     8.200     0.002    -0.005     0.010
     8.210     0.001    -0.001     0.016
     8.220     0.000     0.001     0.015
     8.230     0.002     0.001     0.010
     8.240     0.002     0.001     0.009
     8.250     0.001    -0.001     0.008
     8.260    -0.001    -0.005     0.009
     8.270     0.000    -0.006     0.010
     8.280     0.003    -0.006     0.012
     8.290     0.001    -0.003     0.012
     8.300     0.001    -0.001     0.010
     8.310     0.001    -0.004     0.010
     8.320     0.001    -0.004     0.010
     8.330     0.003    -0.002     0.013
     8.340     0.000    -0.002     0.009
     8.350    -0.004     0.000     0.008
     8.360    -0.004     0.000     0.013
     8.370     0.001    -0.001     0.013
     8.380     0.001    -0.001     0.012
     8.390     0.001    -0.003     0.009
     8.400     0.003    -0.003     0.007
     8.410     0.001    -0.001     0.008
     8.420     0.000    -0.001     0.009
     8.430     0.000    -0.005     0.011
     8.440     0.001    -0.006     0.013
     8.450     0.001    -0.003     0.011
     8.460    -0.001    -0.004     0.010
     8.470     0.000    -0.006     0.008
     8.480     0.000    -0.004     0.004
     8.490     0.000    -0.004     0.005
     8.500     0.000    -0.005     0.009
     8.510     0.000    -0.004     0.010
     8.520     0.002    -0.005     0.012
     8.530     0.001    -0.007     0.017
     8.540     0.001    -0.001     0.015
     8.550    -0.001     0.004     0.008
     8.560    -0.002     0.001     0.008
     8.570    -0.002     0.003     0.007
     8.580     0.000     0.005     0.007
     8.590     0.002     0.001     0.009
     8.600     0.001    -0.001     0.008
     8.610     0.003    -0.004     0.006
     8.620     0.003    -0.004     0.005
     8.630     0.000    -0.004     0.005
     8.640     0.003    -0.003     0.008
     8.650     0.002     0.001     0.009
     8.660    -0.001    -0.003     0.006
     8.670    -0.001    -0.001     0.009
     8.680    -0.003     0.002     0.011
     8.690    -0.002    -0.003     0.009
     8.700     0.000    -0.004     0.011
     8.710     0.003    -0.001     0.008
     8.720     0.004     0.003     0.008
     8.730     0.002     0.002     0.012
     8.740     0.001     0.001     0.015
     8.750     0.000     0.003     0.017
     8.760     0.003     0.002     0.012
     8.770     0.000     0.002     0.010
     8.780    -0.002     0.001     0.010
     8.790     0.004    -0.002     0.007
     8.800     0.002    -0.007     0.007
     8.810     0.000    -0.006     0.010
     8.820     0.002    -0.001     0.011
     8.830     0.004    -0.003     0.009
     8.840     0.004    -0.001     0.010
     8.850     0.001     0.001     0.010
     8.860    -0.001    -0.003     0.011
     8.870    -0.004    -0.004     0.015
     8.880    -0.001    -0.001     0.017
     8.890     0.001    -0.003     0.008
     8.900     0.001    -0.001     0.005
     8.910     0.002     0.003     0.011
     8.920     0.001     0.002     0.010
     8.930     0.002    -0.003     0.015
     8.940     0.000    -0.005     0.016
     8.950     0.000    -0.001     0.013
     8.960    -0.001    -0.003     0.012
     8.970    -0.003    -0.002     0.009
     8.980     0.002    -0.001     0.012
     8.990     0.000    -0.004     0.010
     9.000    -0.002    -0.003     0.013
     9.010     0.000     0.000     0.013
     9.020     0.001    -0.004     0.007
     9.030     0.003    -0.004     0.008
     9.040     0.003     0.001     0.008
     9.050    -0.001     0.000     0.007
     9.060    -0.001    -0.002     0.006
     9.070     0.002    -0.001     0.007
     9.080     0.000     0.000     0.010
     9.090    -0.002     0.001     0.013
     9.100     0.000     0.001     0.015
     9.110    -0.002     0.001     0.015
     9.120    -0.002     0.001     0.013
     9.130     0.002     0.002     0.008
     9.140     0.000     0.001     0.008
     9.150    -0.002    -0.004     0.011
     9.160     0.000    -0.006     0.012
     9.170     0.001    -0.010     0.014
     9.180     0.001    -0.008     0.014
     9.190     0.000     0.001     0.012
     9.200    -0.001     0.001     0.010
     9.210    -0.002     0.002     0.010
     9.220    -0.001     0.005     0.010
     9.230     0.000    -0.002     0.008
     9.240     0.001    -0.004     0.006
     9.250     0.000    -0.001     0.010
     9.260    -0.002    -0.002     0.013
     9.270    -0.001    -0.001     0.012
     9.280    -0.001     0.001     0.014
     9.290    -0.001     0.002     0.011
     9.300    -0.001     0.000     0.008
     9.310    -0.002    -0.003     0.010
     9.320    -0.001     0.000     0.004
     9.330     0.001     0.001     0.002
     9.340     0.001    -0.001     0.005
     9.350    -0.001    -0.003     0.006
     9.360    -0.002    -0.006     0.005
     9.370     0.000    -0.004     0.010
     9.380     0.000    -0.002     0.013
     9.390     0.001    -0.004     0.010
     9.400     0.000    -0.004     0.015
     9.410     0.000    -0.003     0.013
     9.420     0.000    -0.002     0.008
     9.430    -0.002     0.001     0.006
     9.440     0.000     0.003     0.008
     9.450     0.000     0.000     0.012
     9.460     0.001    -0.002     0.010
     9.470     0.003     0.002     0.009
     9.480     0.000     0.002     0.010
     9.490     0.000     0.003     0.009
     9.500     0.000     0.005     0.008
     9.510    -0.001    -0.002     0.007
     9.520     0.000    -0.006     0.005
     9.530     0.000    -0.005     0.005
     9.540     0.000    -0.004     0.011
     9.550    -0.001    -0.001     0.008
     9.560     0.000     0.002     0.008
     9.570     0.002     0.003     0.008
     9.580     0.002     0.003     0.008
     9.590     0.001     0.001     0.011
     9.600     0.001     0.000     0.008
     9.610     0.000    -0.002     0.007
     9.620    -0.002    -0.001     0.007
     9.630     0.000    -0.001     0.006
     9.640     0.000    -0.002     0.011
     9.650     0.000    -0.002     0.010
     9.660     0.000    -0.002     0.003
     9.670    -0.001     0.000     0.009
     9.680     0.000     0.002     0.012
     9.690     0.001     0.001     0.012
     9.700    -0.001    -0.003     0.011
     9.710    -0.002    -0.005     0.009
     9.720    -0.001    -0.009     0.010
     9.730     0.001    -0.007     0.007
     9.740     0.001     0.001     0.009
     9.750     0.001    -0.003     0.010
     9.760     0.000    -0.007     0.009
     9.770    -0.002    -0.003     0.010
     9.780    -0.002    -0.001     0.008
     9.790    -0.002     0.000     0.009
     9.800    -0.002     0.001     0.012
     9.810    -0.002     0.001     0.013
     9.820    -0.002     0.000     0.012
     9.830     0.001    -0.001     0.010
     9.840     0.002     0.003     0.009
     9.850     0.004     0.004     0.010
     9.860     0.003    -0.001     0.009
     9.870    -0.002    -0.002     0.009
     9.880     0.000    -0.003     0.011
     9.890     0.001    -0.001     0.009
     9.900     0.000    -0.001     0.010
     9.910     0.001    -0.003     0.008
     9.920    -0.002    -0.002     0.007
     9.930    -0.001    -0.003     0.006
     9.940    -0.001    -0.003     0.004
     9.950     0.000    -0.004     0.004
     9.960     0.000    -0.002     0.007
     9.970     0.002     0.000     0.015
     9.980     0.001    -0.001     0.011
     9.990    -0.002     0.001     0.004
    10.000    -0.001     0.000     0.009
    10.010    -0.003     0.002     0.010
    10.020    -0.003     0.002     0.011
    10.030     0.000    -0.002     0.011
    10.040     0.000     0.001     0.008
    10.050     0.002     0.000     0.006
    10.060     0.001     0.000     0.006
    10.070    -0.001     0.006     0.008
    10.080     0.002     0.004     0.005
    10.090     0.001     0.000     0.003
    10.100    -0.001    -0.004     0.005
    10.110    -0.002    -0.007     0.009
    10.120    -0.002    -0.004     0.013
    10.130     0.000    -0.003     0.010
    10.140     0.001    -0.002     0.010
    10.150    -0.001    -0.002     0.011
    10.160    -0.002    -0.004     0.012
    10.170    -0.001    -0.002     0.015
    10.180    -0.001    -0.001     0.012
    10.190     0.001     0.002     0.013
    10.200    -0.001     0.006     0.014
    10.210    -0.001     0.007     0.008
    10.220     0.001     0.001     0.005
    10.230    -0.001    -0.003     0.008
    10.240     0.000    -0.004     0.010
    10.250     0.002    -0.007     0.006
    10.260     0.002    -0.007     0.004
    10.270     0.003    -0.006     0.004
    10.280     0.003    -0.002     0.008
    10.290     0.001     0.001     0.011
    10.300     0.001     0.000     0.009
    10.310    -0.005    -0.001     0.011
    10.320    -0.005    -0.006     0.011
    10.330    -0.001    -0.007     0.011
    10.340     0.000    -0.004     0.011
    10.350     0.001     0.001     0.008
    10.360     0.001     0.004     0.005
    10.370     0.001     0.000     0.004
    10.380    -0.001     0.002     0.008
    10.390    -0.001     0.004     0.007
    10.400    -0.001    -0.001     0.006
    10.410    -0.002     0.001     0.011
    10.420     0.001     0.001     0.010
    10.430     0.001    -0.001     0.006
    10.440     0.000    -0.001     0.005
    10.450     0.001    -0.004     0.005
    10.460     0.000    -0.003     0.007
    10.470    -0.001     0.000     0.009
    10.480    -0.001    -0.002     0.008
    10.490    -0.002    -0.003     0.007
    10.500     0.000    -0.004     0.008
    10.510     0.000    -0.005     0.007
    10.520    -0.002    -0.004     0.009
    10.530    -0.003    -0.003     0.016
    10.540    -0.002    -0.001     0.013
    10.550    -0.001    -0.002     0.010
    10.560    -0.001    -0.001     0.011
    10.570     0.002     0.000     0.010
    10.580     0.001    -0.002     0.008
    10.590    -0.001    -0.002     0.006
    10.600    -0.001    -0.002     0.006
    10.610    -0.002    -0.002     0.005
    10.620    -0.002    -0.005     0.003
    10.630     0.001    -0.005     0.007
    10.640    -0.001    -0.004     0.010
    10.650    -0.002    -0.005     0.009
    10.660    -0.001    -0.003     0.005
    10.670    -0.001    -0.001     0.007
    10.680     0.000    -0.002     0.008
    10.690     0.002    -0.001     0.006
    10.700     0.003    -0.004     0.006
    10.710    -0.002    -0.008     0.008
    10.720    -0.005    -0.004     0.012
    10.730     0.000    -0.002     0.014
    10.740    -0.001    -0.002     0.014
    10.750    -0.002     0.002     0.012
    10.760     0.001     0.004     0.008
    10.770    -0.001     0.001     0.008
    10.780     0.002    -0.002     0.004
    10.790     0.002    -0.002    -0.001
    10.800     0.001    -0.002     0.002
    10.810     0.001    -0.002     0.007
    10.820    -0.001    -0.002     0.011
    10.830     0.000    -0.002     0.010
    10.840    -0.001    -0.001     0.008
    10.850    -0.001     0.000     0.006
    10.860     0.001     0.000     0.008
    10.870     0.001    -0.003     0.010
    10.880    -0.002    -0.005     0.008
    10.890    -0.002    -0.004     0.009
    10.900    -0.001    -0.002     0.009
    10.910    -0.001     0.000     0.008
    10.920     0.001     0.002     0.007
    10.930     0.000     0.001     0.004
    10.940     0.001     0.003     0.004
    10.950    -0.001     0.003     0.006
    10.960    -0.003    -0.005     0.007
    10.970     0.000    -0.006     0.007
    10.980     0.002    -0.005     0.007
    10.990     0.002    -0.001     0.005
    11.000     0.002     0.002     0.004
    11.010     0.001     0.000     0.005
    11.020    -0.002    -0.001     0.003
    11.030    -0.002    -0.002     0.007
    11.040    -0.001    -0.002     0.008
    11.050    -0.001    -0.003     0.008
    11.060     0.002    -0.002     0.007
    11.070     0.000    -0.003     0.006
    11.080     0.000    -0.002     0.007
    11.090     0.001     0.003     0.006
    11.100     0.001     0.004     0.012
    11.110     0.002     0.001     0.013
    11.120    -0.001     0.000     0.011
    11.130    -0.002     0.001     0.011
    11.140    -0.002     0.002     0.006
    11.150     0.000     0.003     0.012
    11.160     0.000    -0.001     0.011
    11.170     0.001    -0.002     0.007
    11.180     0.002    -0.003     0.009
    11.190     0.001    -0.002     0.007
    11.200     0.001     0.000     0.007
    11.210    -0.001     0.000     0.008
    11.220    -0.001    -0.002     0.011
    11.230     0.001    -0.006     0.005
    11.240    -0.001    -0.003     0.005
    11.250    -0.002    -0.002     0.010
    11.260     0.000    -0.003     0.010
    11.270    -0.003    -0.002     0.013
    11.280    -0.001     0.000     0.011
    11.290     0.001     0.004     0.011
    11.300     0.001     0.003     0.007
    11.310     0.003     0.000     0.004
    11.320     0.000    -0.002     0.009
    11.330    -0.001    -0.002     0.006
    11.340     0.001     0.001     0.001
    11.350     0.002     0.004     0.003
    11.360     0.001     0.005     0.007
    11.370     0.000     0.001     0.008
    11.380    -0.001    -0.006     0.005
    11.390    -0.002    -0.008     0.001
    11.400     0.001    -0.004     0.002
    11.410     0.002    -0.001     0.010
    11.420     0.000    -0.004     0.012
    11.430    -0.003    -0.006     0.009
    11.440    -0.004    -0.002     0.006
    11.450    -0.002     0.000     0.007
    11.460    -0.002     0.001     0.013
    11.470    -0.002    -0.001     0.014
    11.480    -0.002    -0.002     0.011
    11.490    -0.001     0.001     0.005
    11.500     0.001     0.000     0.002
    11.510     0.000     0.000     0.004
    11.520     0.003    -0.003     0.005
    11.530     0.001    -0.004     0.007
    11.540    -0.002    -0.001     0.009
    11.550     0.002     0.001     0.007
    11.560     0.003     0.003     0.005
    11.570     0.000    -0.001     0.005
    11.580    -0.002    -0.006     0.003
    11.590    -0.002    -0.009     0.003
    11.600    -0.002    -0.010     0.005
    11.610     0.003    -0.005     0.005
    11.620     0.004    -0.003     0.008
    11.630    -0.002    -0.003     0.013
    11.640    -0.002    -0.001     0.014
    11.650    -0.002    -0.001     0.008
    11.660     0.000    -0.002     0.004
    11.670     0.000    -0.003     0.003
    11.680     0.003    -0.001     0.005
    11.690     0.002     0.000     0.010
    11.700    -0.004     0.000     0.007
    11.710     0.000     0.001     0.003
    11.720     0.001     0.003     0.003
    11.730     0.001    -0.001     0.006
    11.740     0.000    -0.004     0.008
    11.750    -0.001    -0.002     0.004
    11.760     0.000    -0.003     0.003
    11.770     0.000    -0.002     0.004
    11.780     0.000    -0.002     0.010
    11.790     0.001    -0.005     0.008
    11.800     0.002    -0.002    -0.001
    11.810    -0.001     0.002     0.006
    11.820    -0.002     0.004     0.009
    11.830     0.001     0.006     0.010
    11.840     0.003     0.002     0.007
    11.850    -0.001    -0.002     0.003
    11.860    -0.002     0.001     0.004
    11.870    -0.001     0.001     0.008
    11.880    -0.003    -0.001     0.011
    11.890     0.000     0.000     0.004
    11.900     0.003     0.002     0.002
    11.910     0.003     0.003    -0.002
    11.920     0.002     0.003     0.001
    11.930     0.000     0.002     0.006
    11.940     0.002    -0.003     0.008
    11.950     0.000    -0.007     0.010
    11.960     0.000    -0.008     0.009
    11.970     0.001    -0.010     0.006
    11.980     0.001    -0.008    -0.004
    11.990     0.001    -0.003     0.002
    12.000    -0.002     0.001     0.008
    12.010     0.000     0.006     0.010
    12.020     0.001     0.006     0.015
    12.030     0.002     0.001     0.010
    12.040     0.001    -0.004     0.006
    12.050     0.001    -0.003     0.008
    12.060     0.001     0.002     0.012
    12.070    -0.002    -0.001     0.007
    12.080    -0.002    -0.004    -0.001
    12.090     0.003     0.000     0.000
    12.100     0.002     0.004     0.008
    12.110    -0.002     0.002     0.014
    12.120    -0.001    -0.003     0.009
    12.130    -0.001    -0.007     0.000
    12.140    -0.002    -0.012     0.000
    12.150    -0.001    -0.010     0.009
    12.160     0.003    -0.003     0.012
    12.170     0.002     0.004     0.008
    12.180    -0.004     0.008     0.003
    12.190     0.000     0.007     0.004
    12.200     0.002     0.003     0.009
    12.210     0.000    -0.007     0.012
    12.220    -0.001    -0.011     0.008
    12.230    -0.002    -0.008     0.000
    12.240     0.001     0.001     0.004
    12.250    -0.001     0.003     0.012
    12.260    -0.002     0.003     0.010
    12.270     0.000     0.005     0.009
    12.280    -0.002     0.001     0.008
    12.290    -0.003    -0.001     0.004
    12.300    -0.002    -0.003     0.003
    12.310    -0.002    -0.005     0.004
    12.320     0.000    -0.003     0.005
    12.330     0.001    -0.008     0.006
    12.340     0.000    -0.008     0.009
    12.350    -0.001    -0.002     0.007
    12.360    -0.001     0.003     0.000
    12.370    -0.001     0.001     0.000
    12.380    -0.001    -0.001     0.006
    12.390     0.001    -0.001     0.008
    12.400    -0.002     0.001     0.005
    12.410    -0.005    -0.002     0.002
    12.420    -0.002    -0.008     0.005
    12.430     0.000    -0.003     0.018
    12.440     0.001    -0.002     0.017
    12.450     0.001     0.002     0.007
    12.460    -0.001     0.007     0.002
    12.470    -0.001     0.003    -0.002
    12.480     0.000     0.000     0.005
    12.490    -0.004    -0.003     0.007
    12.500    -0.004    -0.004     0.003
    12.510    -0.003    -0.009    -0.001
    12.520    -0.002    -0.016     0.004
    12.530    -0.002    -0.017     0.010
    12.540    -0.004    -0.008     0.004
    12.550    -0.003     0.005     0.003
    12.560    -0.002     0.009     0.004
    12.570     0.002     0.009     0.002
    12.580     0.007     0.006     0.002
    12.590     0.005     0.002     0.005
    12.600     0.005     0.002     0.010
    12.610     0.004     0.000     0.008
    12.620     0.002    -0.002     0.009
    12.630     0.001    -0.002     0.009
    12.640    -0.001     0.001     0.004
    12.650    -0.003     0.002     0.004
    12.660    -0.004     0.001     0.006
    12.670    -0.004    -0.005     0.003
    12.680    -0.004    -0.013    -0.004
    12.690    -0.002    -0.014    -0.004
    12.700     0.000    -0.013     0.001
    12.710    -0.001    -0.006     0.007
    12.720     0.001     0.001     0.008
    12.730     0.001     0.004     0.004
    12.740     0.002     0.006     0.003
    12.750     0.006     0.004     0.004
    12.760     0.007     0.006     0.005
    12.770     0.008     0.011     0.006
    12.780     0.003     0.008     0.005
    12.790    -0.005    -0.002     0.006
    12.800    -0.006    -0.003     0.013
    12.810    -0.006    -0.002     0.011
    12.820    -0.008    -0.003     0.004
    12.830    -0.007    -0.005     0.001
    12.840    -0.005    -0.007    -0.002
    12.850    -0.001    -0.010    -0.002
    12.860     0.004    -0.010    -0.001
    12.870     0.004    -0.007     0.001
    12.880     0.005    -0.001     0.002
    12.890     0.005     0.005     0.006
    12.900     0.003     0.007     0.009
    12.910     0.001     0.012     0.009
    12.920    -0.002     0.009     0.007
    12.930    -0.004    -0.001     0.005
    12.940    -0.004    -0.006     0.005
    12.950    -0.003    -0.008     0.010
    12.960    -0.003    -0.009     0.011
    12.970    -0.004    -0.007     0.006
    12.980    -0.006    -0.001     0.002
    12.990     0.000     0.003     0.004
    13.000     0.004     0.001     0.007
    13.010     0.003    -0.001     0.001
    13.020     0.006     0.000    -0.002
    13.030     0.004     0.001     0.001
    13.040     0.003     0.004     0.005
    13.050    -0.001     0.003     0.009
    13.060    -0.004    -0.003     0.008
    13.070     0.000    -0.007     0.012
    13.080     0.000    -0.006     0.011
    13.090    -0.001     0.001     0.005
    13.100    -0.003     0.003     0.006
    13.110    -0.005     0.000     0.010
    13.120    -0.004     0.001     0.013
    13.130    -0.002     0.005     0.011
    13.140     0.001     0.004     0.004
    13.150     0.001     0.000    -0.003
    13.160     0.003     0.000    -0.001
    13.170     0.007    -0.002     0.000
    13.180     0.003    -0.001    -0.003
    13.190    -0.003     0.000    -0.002
    13.200    -0.002     0.001     0.003
    13.210    -0.001     0.003     0.010
    13.220     0.000    -0.001     0.015
    13.230     0.001    -0.004     0.014
    13.240    -0.004    -0.003     0.009
    13.250    -0.007    -0.003     0.007
    13.260    -0.007    -0.007     0.003
    13.270    -0.002    -0.008     0.000
    13.280     0.003    -0.006    -0.002
    13.290     0.000     0.001     0.003
    13.300     0.000     0.003     0.006
    13.310     0.003     0.004     0.008
    13.320     0.001     0.003     0.012
    13.330     0.001    -0.005    -0.005
    13.340    -0.002    -0.003    -0.007
    13.350    -0.002    -0.002    -0.001
    13.360     0.003    -0.006    -0.002
    13.370     0.001    -0.005     0.008
    13.380    -0.002    -0.004     0.006
    13.390    -0.003     0.002     0.008
    13.400    -0.005     0.001     0.012
    13.410    -0.001    -0.005     0.004
    13.420    -0.001    -0.006     0.004
    13.430    -0.001    -0.005    -0.002
    13.440     0.001    -0.002    -0.003
    13.450     0.001    -0.006    -0.001
    13.460     0.001    -0.006    -0.001
    13.470     0.000     0.003     0.009
    13.480    -0.001     0.007     0.011
    13.490    -0.003     0.006     0.007
    13.500    -0.002     0.002     0.008
    13.510     0.000    -0.004     0.007
    13.520     0.001    -0.009    -0.007
    13.530     0.003    -0.002    -0.013
    13.540     0.002     0.005     0.002
    13.550    -0.003     0.002     0.006
    13.560    -0.005    -0.005    -0.001
    13.570    -0.002    -0.012     0.002
    13.580    -0.001    -0.013     0.007
    13.590     0.001     0.000     0.014
    13.600     0.001     0.010     0.016
    13.610    -0.006     0.009     0.004
    13.620    -0.007     0.008    -0.007
    13.630     0.001     0.000    -0.010
    13.640     0.008    -0.004     0.000
    13.650     0.009    -0.008     0.016
    13.660     0.004    -0.020     0.020
    13.670    -0.001    -0.020     0.004
    13.680     0.001    -0.006    -0.008
    13.690    -0.002     0.011    -0.011
    13.700     0.000     0.017    -0.012
    13.710     0.000     0.010     0.004
    13.720    -0.007    -0.010     0.018
    13.730     0.001    -0.010     0.016
    13.740     0.004     0.001     0.008
    13.750    -0.003     0.004     0.007
    13.760    -0.006     0.004     0.013
    13.770    -0.009    -0.003     0.009
    13.780    -0.009    -0.007    -0.001
    13.790    -0.003    -0.008    -0.010
    13.800     0.010    -0.006    -0.002
    13.810     0.020    -0.005     0.008
    13.820     0.015    -0.008     0.008
    13.830    -0.002     0.000     0.012
    13.840    -0.015     0.004     0.005
    13.850    -0.011     0.003    -0.013
    13.860    -0.003    -0.001    -0.013
    13.870     0.001    -0.012    -0.003
    13.880     0.004    -0.010    -0.004
    13.890     0.003    -0.001     0.003
    13.900     0.004     0.005     0.016
    13.910     0.004     0.011     0.032
    13.920    -0.002     0.005     0.042
    13.930    -0.002     0.003     0.021
    13.940     0.000     0.009    -0.012
    13.950    -0.004     0.010    -0.025
    13.960    -0.007     0.012    -0.008
    13.970    -0.004     0.005     0.009
    13.980    -0.001    -0.018     0.003
    13.990    -0.008    -0.036    -0.012
    14.000    -0.009    -0.026    -0.006
    14.010     0.003    -0.001     0.010
    14.020     0.009     0.013     0.016
    14.030     0.008     0.012     0.011
    14.040     0.009     0.003     0.001
    14.050     0.005    -0.004    -0.002
    14.060     0.000    -0.007     0.008
    14.070    -0.003    -0.001     0.022
    14.080    -0.003     0.008     0.017
    14.090    -0.001     0.003     0.004
    14.100    -0.003    -0.007    -0.006
    14.110    -0.007     0.002    -0.010
    14.120    -0.008     0.013    -0.005
    14.130    -0.008     0.012     0.006
    14.140    -0.004     0.001     0.019
    14.150     0.003    -0.013     0.009
    14.160     0.008    -0.017    -0.012
    14.170     0.004    -0.012    -0.011
    14.180    -0.005    -0.003     0.009
    14.190    -0.005     0.006     0.015
    14.200     0.002     0.007     0.001
    14.210     0.005    -0.002    -0.005
    14.220     0.005    -0.004     0.001
    14.230     0.009    -0.004     0.007
    14.240     0.009    -0.009     0.004
    14.250    -0.001     0.000     0.002
    14.260    -0.011     0.007    -0.003
    14.270    -0.014     0.008     0.001
    14.280    -0.011     0.011     0.012
    14.290    -0.002     0.008     0.003
    14.300     0.003    -0.002    -0.003
    14.310     0.004    -0.009     0.004
    14.320     0.006    -0.004     0.008
    14.330    -0.002    -0.006     0.008
    14.340    -0.006    -0.016     0.005
    14.350     0.003    -0.005     0.002
    14.360     0.005     0.005     0.001
    14.370     0.000     0.003     0.003
    14.380    -0.003     0.003    -0.002
    14.390    -0.002     0.010    -0.011
    14.400    -0.003     0.005    -0.003
    14.410    -0.009    -0.007     0.005
    14.420    -0.003    -0.005     0.012
    14.430    -0.001    -0.011     0.012
    14.440     0.001    -0.012    -0.001
    14.450     0.008     0.009     0.001
    14.460     0.002     0.014     0.005
    14.470     0.001     0.003     0.005
    14.480     0.002    -0.004     0.005
    14.490     0.001    -0.009    -0.004
    14.500     0.001    -0.014    -0.007
    14.510     0.000    -0.011    -0.003
    14.520     0.002    -0.002     0.005
    14.530     0.001     0.003     0.011
    14.540    -0.003     0.002     0.009
    14.550    -0.004     0.001     0.004
    14.560    -0.003    -0.001    -0.002
    14.570    -0.006     0.000    -0.001
    14.580    -0.002     0.000     0.000
    14.590     0.001    -0.007     0.005
    14.600    -0.002    -0.012     0.004
    14.610     0.003    -0.010    -0.004
    14.620     0.003    -0.005    -0.002
    14.630     0.000     0.005     0.002
    14.640     0.005     0.005     0.006
    14.650     0.005    -0.006     0.008
    14.660     0.005    -0.005    -0.001
    14.670     0.005     0.001     0.000
    14.680    -0.002     0.001     0.011
    14.690    -0.006     0.002     0.015
    14.700    -0.005     0.000     0.005
    14.710    -0.005    -0.004    -0.003
    14.720    -0.004    -0.005    -0.001
    14.730    -0.001    -0.002    -0.002
    14.740     0.001    -0.003    -0.004
    14.750     0.002    -0.008    -0.001
    14.760     0.004    -0.005     0.009
    14.770     0.002    -0.004     0.013
    14.780     0.001    -0.006     0.011
    14.790    -0.002    -0.001     0.005
    14.800    -0.004    -0.001    -0.005
    14.810    -0.003    -0.002    -0.005
    14.820     0.001     0.000    -0.002
    14.830     0.004     0.000    -0.002
    14.840     0.002     0.001     0.000
    14.850    -0.003     0.000    -0.001
    14.860    -0.002    -0.002     0.010
    14.870     0.002     0.001     0.016
    14.880     0.002    -0.004    -0.001
    14.890    -0.004    -0.008    -0.005
    14.900    -0.007    -0.004    -0.003
    14.910    -0.001     0.000    -0.006
    14.920     0.004     0.001     0.002
    14.930     0.004    -0.002     0.002
    14.940     0.002     0.001     0.002
    14.950     0.001    -0.003     0.005
    14.960    -0.001    -0.010    -0.002
    14.970    -0.003    -0.003     0.000
    14.980    -0.006     0.001     0.007
    14.990    -0.005     0.004     0.012
    15.000     0.001     0.001     0.006
    15.010     0.002    -0.004    -0.004
    15.020     0.000    -0.004    -0.002
    15.030     0.000    -0.002     0.001
    15.040     0.000     0.004     0.000
    15.050    -0.002     0.000     0.002
    15.060     0.001    -0.006     0.004
    15.070     0.004     0.000     0.000
    15.080     0.000     0.001    -0.003
    15.090    -0.002    -0.006     0.001
    15.100     0.001    -0.005     0.005
    15.110     0.003     0.000     0.006
    15.120     0.002    -0.004     0.008
    15.130     0.001    -0.005     0.000
    15.140     0.003     0.001    -0.008
    15.150     0.000     0.004     0.001
    15.160    -0.002    -0.001     0.008
    15.170    -0.006    -0.003     0.014
    15.180    -0.006    -0.004     0.007
    15.190     0.000    -0.006    -0.003
    15.200     0.000     0.000     0.000
    15.210     0.003     0.003     0.001
    15.220     0.004     0.001     0.001
    15.230     0.002     0.009     0.005
    15.240    -0.003     0.009     0.008
    15.250    -0.006    -0.007    -0.003
    15.260    -0.001    -0.013    -0.012
    15.270    -0.002    -0.009    -0.004
    15.280    -0.003    -0.006     0.001
    15.290    -0.003    -0.006     0.003
    15.300    -0.002    -0.007     0.002
    15.310     0.002     0.000     0.005
    15.320     0.004    -0.001     0.003
    15.330     0.005    -0.001     0.003
    15.340     0.003     0.004     0.004
    15.350     0.001     0.004     0.000
    15.360    -0.002     0.002     0.003
    15.370    -0.004    -0.005     0.004
    15.380    -0.003    -0.007     0.000
    15.390    -0.002    -0.004    -0.003
    15.400    -0.002    -0.003    -0.010
    15.410    -0.002     0.002    -0.007
    15.420     0.000     0.002     0.003
    15.430     0.001    -0.002     0.002
    15.440    -0.001     0.001    -0.001
    15.450     0.000     0.001    -0.003
    15.460     0.005    -0.001    -0.004
    15.470     0.004     0.000     0.000
    15.480    -0.002     0.000     0.002
    15.490    -0.005    -0.002     0.000
    15.500    -0.004    -0.003     0.004
    15.510    -0.004     0.000     0.008
    15.520    -0.002     0.000     0.004
    15.530    -0.003     0.001    -0.002
    15.540    -0.005     0.002     0.000
    15.550     0.001     0.005     0.003
    15.560     0.005     0.001    -0.002
    15.570     0.000    -0.011    -0.002
    15.580    -0.002    -0.008     0.002
    15.590     0.000     0.000     0.003
    15.600    -0.002     0.001     0.001
    15.610    -0.003     0.001     0.000
    15.620    -0.002     0.000    -0.001
    15.630     0.001    -0.002    -0.002
    15.640     0.004    -0.005    -0.001
    15.650     0.003    -0.002    -0.002
    15.660     0.000    -0.002    -0.002
    15.670    -0.001    -0.007     0.003
    15.680    -0.001    -0.006     0.011
    15.690    -0.003     0.003     0.011
    15.700    -0.006     0.008     0.002
    15.710    -0.006     0.002    -0.007
    15.720    -0.002    -0.008    -0.010
    15.730     0.002    -0.008    -0.003
    15.740     0.005     0.001     0.000
    15.750     0.000     0.000    -0.002
    15.760    -0.006    -0.003    -0.003
    15.770     0.001     0.006    -0.005
    15.780     0.005     0.008     0.001
    15.790     0.001     0.008     0.000
    15.800    -0.003     0.000    -0.002
    15.810    -0.008    -0.008    -0.002
    15.820    -0.006    -0.003    -0.007
    15.830    -0.004    -0.001     0.001
    15.840    -0.002    -0.001     0.010
    15.850     0.002    -0.006     0.001
    15.860     0.000    -0.007    -0.006
    15.870    -0.001     0.001    -0.004
    15.880    -0.001     0.004     0.007
    15.890     0.001     0.005     0.014
    15.900     0.004     0.002     0.003
    15.910     0.001     0.000    -0.005
    15.920     0.000     0.003    -0.007
    15.930     0.002     0.005    -0.007
    15.940     0.004     0.002    -0.001
    15.950     0.003    -0.005    -0.002
    15.960    -0.002    -0.008    -0.003
    15.970    -0.001     0.000     0.004
    15.980     0.000     0.004     0.010
    15.990    -0.001    -0.001     0.005
    16.000    -0.001    -0.001     0.002
    16.010    -0.002    -0.002     0.003
    16.020    -0.001    -0.003    -0.002
    16.030    -0.003    -0.001    -0.001
    16.040    -0.004     0.002    -0.002
    16.050    -0.002     0.003    -0.001
    16.060    -0.002    -0.004     0.002
    16.070     0.001    -0.005     0.003
    16.080     0.004    -0.005     0.002
    16.090     0.002    -0.003    -0.003
    16.100    -0.001     0.000    -0.005
    16.110     0.000    -0.004    -0.004
    16.120     0.003    -0.004    -0.002
    16.130     0.001     0.001     0.001
    16.140    -0.001     0.005     0.005
    16.150    -0.002     0.004     0.008
    16.160     0.000     0.001     0.000
    16.170     0.000     0.000    -0.001
    16.180    -0.002     0.002     0.002
    16.190     0.000     0.006     0.001
    16.200    -0.002     0.000     0.004
    16.210    -0.004    -0.008     0.000
    16.220     0.000    -0.002    -0.007
    16.230     0.001     0.004    -0.008
    16.240     0.001     0.002    -0.001
    16.250     0.001     0.004     0.001
    16.260    -0.003     0.006    -0.004
    16.270    -0.004     0.001    -0.003
    16.280    -0.005     0.000     0.002
    16.290    -0.003     0.002     0.003
    16.300     0.002     0.002    -0.003
    16.310     0.002    -0.005    -0.007
    16.320    -0.001    -0.008    -0.004
    16.330    -0.002    -0.004     0.002
    16.340    -0.001     0.001     0.007
    16.350    -0.004     0.006     0.004
    16.360    -0.004     0.007    -0.001
    16.370    -0.002     0.002    -0.004
    16.380    -0.001    -0.002    -0.004
    16.390     0.001    -0.002     0.000
    16.400    -0.001    -0.004    -0.005
    16.410     0.001    -0.004    -0.002
    16.420     0.002     0.004     0.004
    16.430     0.001     0.000     0.000
    16.440     0.001    -0.006    -0.006
    16.450    -0.001     0.001    -0.002
    16.460    -0.003     0.007     0.000
    16.470     0.000     0.006    -0.007
    16.480     0.002     0.001     0.000
    16.490    -0.001     0.000     0.002
    16.500    -0.001     0.003     0.001
    16.510     0.000     0.000     0.003
    16.520     0.001    -0.002    -0.004
    16.530     0.001    -0.003    -0.001
    16.540    -0.002    -0.005    -0.002
    16.550    -0.002    -0.001    -0.007
    16.560    -0.002     0.000    -0.004
    16.570    -0.003     0.000    -0.001
    16.580    -0.001    -0.001    -0.002
    16.590    -0.002    -0.002    -0.005
    16.600    -0.002    -0.002    -0.006
    16.610     0.003    -0.004    -0.005
    16.620     0.001    -0.004     0.009
    16.630     0.000     0.000     0.009
    16.640     0.001    -0.003    -0.008
    16.650    -0.002    -0.003    -0.005
    16.660    -0.003     0.003     0.000
    16.670     0.000    -0.001    -0.001
    16.680     0.002    -0.003    -0.004
    16.690     0.003     0.001    -0.009
    16.700     0.001     0.003    -0.007
    16.710     0.001     0.006    -0.003
    16.720     0.003     0.008    -0.001
    16.730    -0.002     0.005     0.000
    16.740    -0.005    -0.004    -0.001
    16.750    -0.002    -0.011     0.000
    16.760    -0.001    -0.009    -0.003
    16.770     0.001    -0.006    -0.005
    16.780     0.002    -0.001    -0.005
    16.790     0.000     0.002    -0.004
    16.800     0.001     0.003     0.000
    16.810     0.002     0.004     0.005
    16.820     0.004     0.003     0.005
    16.830     0.003     0.000     0.006
    16.840    -0.002    -0.003     0.007
    16.850     0.000    -0.001    -0.002
    16.860    -0.003     0.000    -0.008
    16.870    -0.005    -0.002    -0.005
    16.880    -0.002     0.000     0.003
    16.890     0.000     0.001     0.006
    16.900     0.002    -0.001    -0.004
    16.910     0.003    -0.005    -0.004
    16.920     0.005    -0.004     0.003
    16.930     0.005    -0.001     0.003
    16.940     0.000     0.002    -0.001
    16.950    -0.004     0.005     0.000
    16.960    -0.005     0.000    -0.001
    16.970     0.004    -0.005    -0.006
    16.980     0.007    -0.005    -0.004
    16.990     0.002    -0.003    -0.005
    17.000    -0.001     0.001    -0.004
    17.010    -0.004     0.001     0.000
    17.020    -0.002    -0.005    -0.001
    17.030    -0.002    -0.006     0.001
    17.040    -0.001    -0.001     0.005
    17.050    -0.001     0.004     0.003
    17.060    -0.001     0.007    -0.003
    17.070     0.003     0.003    -0.006
    17.080     0.003    -0.003    -0.003
    17.090     0.003    -0.003     0.000
    17.100     0.001     0.000    -0.005
    17.110    -0.004    -0.002    -0.007
    17.120    -0.003    -0.001    -0.005
    17.130     0.003     0.001    -0.005
    17.140     0.003    -0.001    -0.002
    17.150     0.002     0.001     0.003
    17.160    -0.001     0.002    -0.001
    17.170    -0.004    -0.001    -0.010
    17.180     0.000     0.001    -0.005
    17.190     0.002     0.003     0.005
    17.200     0.000    -0.001     0.005
    17.210    -0.003    -0.005     0.001
    17.220    -0.003    -0.003    -0.004
    17.230     0.000     0.003    -0.004
    17.240     0.003     0.007    -0.002
    17.250     0.003     0.006    -0.002
    17.260    -0.002     0.004    -0.001
    17.270    -0.003     0.000    -0.005
    17.280    -0.001    -0.012    -0.006
    17.290     0.002    -0.011    -0.002
    17.300     0.003    -0.001    -0.003
    17.310    -0.002     0.002    -0.004
    17.320    -0.003     0.000    -0.006
    17.330    -0.001    -0.001    -0.003
    17.340     0.001     0.002     0.002
    17.350    -0.001     0.004     0.002
    17.360    -0.002     0.006     0.000
    17.370     0.001     0.000    -0.005
    17.380     0.002    -0.008    -0.010
    17.390     0.003    -0.005    -0.011
    17.400     0.000     0.000    -0.005
    17.410     0.000     0.002     0.002
    17.420     0.000     0.001     0.000
    17.430     0.000    -0.002    -0.006
    17.440    -0.002    -0.004    -0.008
    17.450    -0.002    -0.002    -0.006
    17.460     0.001     0.004    -0.002
    17.470     0.003     0.003    -0.002
    17.480     0.001     0.002    -0.004
    17.490     0.000     0.003     0.001
    17.500     0.001     0.000     0.000
    17.510     0.001     0.001    -0.007
    17.520    -0.002    -0.001    -0.008
    17.530     0.000    -0.003    -0.006
    17.540     0.000     0.000    -0.002
    17.550    -0.001     0.001    -0.001
    17.560    -0.001     0.003    -0.003
    17.570    -0.004     0.001    -0.001
    17.580    -0.002     0.000     0.002
    17.590     0.004     0.001     0.000
    17.600     0.004     0.000    -0.003
    17.610    -0.002    -0.001    -0.004
    17.620    -0.002     0.001    -0.005
    17.630     0.002    -0.001    -0.005
    17.640     0.001     0.001    -0.004
    17.650    -0.001     0.004    -0.002
    17.660    -0.002     0.003    -0.002
    17.670    -0.002     0.005    -0.003
    17.680     0.000    -0.001    -0.005
    17.690    -0.001    -0.008    -0.004
    17.700     0.000    -0.006    -0.006
    17.710     0.002    -0.006    -0.008
    17.720    -0.002     0.001    -0.003
    17.730     0.000     0.003    -0.002
    17.740     0.001     0.001    -0.002
    17.750     0.000     0.002     0.001
    17.760    -0.002    -0.001     0.001
    17.770    -0.002    -0.001    -0.005
    17.780     0.000    -0.001    -0.005
    17.790     0.000     0.002     0.004
    17.800    -0.001     0.005     0.002
    17.810    -0.002     0.001    -0.002
    17.820    -0.004    -0.002    -0.001
    17.830    -0.003    -0.004    -0.004
    17.840     0.002    -0.001    -0.005
    17.850     0.000     0.002    -0.002
    17.860    -0.001     0.003     0.001
    17.870     0.000     0.001     0.001
    17.880    -0.001    -0.004    -0.003
    17.890     0.002    -0.003    -0.007
    17.900     0.003     0.001    -0.003
    17.910    -0.001     0.001     0.004
    17.920    -0.003    -0.001     0.005
    17.930    -0.002    -0.001     0.000
    17.940    -0.002    -0.003    -0.005
    17.950    -0.002    -0.002    -0.006
    17.960     0.000    -0.002    -0.004
    17.970     0.002    -0.002    -0.010
    17.980    -0.001    -0.001    -0.010
    17.990    -0.004    -0.001    -0.005
    18.000     0.000     0.002     0.004
    18.010     0.003     0.002     0.007
    18.020     0.000    -0.001    -0.003
    18.030     0.002     0.002    -0.005
    18.040     0.001     0.003    -0.004
    18.050    -0.002     0.003    -0.008
    18.060    -0.001     0.001    -0.005
    18.070     0.000    -0.005    -0.009
    18.080     0.000    -0.005    -0.009
    18.090     0.000    -0.003    -0.002
    18.100     0.000    -0.004     0.001
    18.110     0.001     0.001     0.000
    18.120     0.000     0.005    -0.005
    18.130    -0.002     0.003    -0.010
    18.140    -0.002    -0.001    -0.008
    18.150    -0.002    -0.005    -0.006
    18.160     0.002     0.001    -0.006
    18.170     0.003     0.005    -0.002
    18.180     0.002     0.001     0.002
    18.190     0.000    -0.003     0.006
    18.200    -0.002    -0.005     0.002
    18.210    -0.001     0.001    -0.007
    18.220    -0.003     0.006    -0.011
    18.230    -0.002     0.002    -0.009
    18.240     0.005     0.001    -0.008
    18.250     0.004    -0.003    -0.010
    18.260     0.003    -0.004    -0.011
    18.270     0.002    -0.002    -0.004
    18.280     0.000     0.001     0.005
    18.290    -0.001     0.002     0.007
    18.300    -0.003    -0.001    -0.001
    18.310    -0.003    -0.005    -0.009
    18.320    -0.001    -0.004    -0.013
    18.330     0.002    -0.001    -0.014
    18.340     0.003     0.001    -0.005
    18.350     0.002     0.002     0.001
    18.360     0.002     0.000     0.003
    18.370     0.000     0.000    -0.001
    18.380    -0.002    -0.003    -0.010
    18.390    -0.003    -0.005    -0.006
    18.400    -0.002    -0.003    -0.003
    18.410     0.000     0.000    -0.006
    18.420     0.001     0.002    -0.009
    18.430     0.003     0.001    -0.007
    18.440     0.001     0.002     0.000
    18.450     0.000     0.001     0.003
    18.460    -0.001     0.001     0.001
    18.470    -0.002     0.005    -0.004
    18.480     0.000     0.004    -0.010
    18.490     0.001     0.001    -0.009
    18.500     0.002    -0.004    -0.003
    18.510     0.002    -0.004     0.000
    18.520    -0.003     0.000     0.000
    18.530    -0.004     0.003    -0.004
    18.540    -0.002     0.004    -0.004
    18.550     0.000     0.002    -0.001
    18.560     0.004     0.001    -0.002
    18.570     0.002    -0.002    -0.004
    18.580    -0.002    -0.002    -0.003
    18.590    -0.002    -0.001     0.001
    18.600    -0.001    -0.001     0.003
    18.610     0.002     0.001    -0.002
    18.620     0.002     0.000    -0.006
    18.630     0.000     0.003    -0.010
    18.640    -0.001     0.002    -0.007
    18.650    -0.002    -0.003    -0.006
    18.660    -0.002    -0.001    -0.005
    18.670    -0.001    -0.003     0.001
    18.680    -0.001    -0.001    -0.003
    18.690    -0.003     0.001    -0.004
    18.700    -0.002    -0.002    -0.002
    18.710     0.001     0.003    -0.002
    18.720     0.000     0.003     0.002
    18.730     0.001    -0.002    -0.001
    18.740     0.000    -0.003    -0.003
    18.750    -0.001    -0.003    -0.002
    18.760     0.001    -0.005    -0.006
    18.770     0.002     0.000    -0.009
    18.780    -0.002     0.006    -0.006
    18.790    -0.005     0.004    -0.006
    18.800    -0.001     0.001    -0.005
    18.810    -0.001     0.001     0.000
    18.820    -0.002    -0.001    -0.001
    18.830    -0.001    -0.001     0.000
    18.840     0.001     0.005    -0.001
    18.850     0.002     0.008    -0.005
    18.860     0.001     0.004    -0.006
    18.870     0.001    -0.002    -0.007
    18.880     0.002    -0.004    -0.007
    18.890     0.000    -0.001    -0.004
    18.900     0.000     0.002    -0.002
    18.910    -0.002     0.006    -0.005
    18.920    -0.002     0.006    -0.006
    18.930     0.001     0.004    -0.002
    18.940     0.002     0.000    -0.005
    18.950     0.001    -0.002    -0.007
    18.960    -0.001     0.000    -0.008
    18.970    -0.001    -0.001    -0.009
    18.980    -0.002     0.005    -0.001
    18.990    -0.001     0.005    -0.001
    19.000     0.001     0.001    -0.003
    19.010    -0.001     0.001    -0.008
    19.020     0.000     0.001    -0.012
    19.030    -0.001     0.002    -0.009
    19.040    -0.003     0.002    -0.005
    19.050     0.000    -0.002    -0.005
    19.060     0.000    -0.005    -0.009
    19.070     0.001    -0.001    -0.011
    19.080     0.003     0.005    -0.008
    19.090    -0.001     0.006    -0.007
    19.100    -0.002     0.004    -0.011
    19.110    -0.002     0.002    -0.005
    19.120    -0.001     0.002    -0.004
    19.130    -0.001    -0.001    -0.007
    19.140     0.000     0.000    -0.002
    19.150     0.003     0.002    -0.003
    19.160     0.003    -0.001    -0.004
    19.170     0.001    -0.002    -0.007
    19.180    -0.001    -0.001    -0.012
    19.190    -0.002     0.002    -0.009
    19.200    -0.002     0.004    -0.007
    19.210    -0.001     0.005    -0.008
    19.220     0.001     0.003    -0.008
    19.230    -0.002    -0.002    -0.008
    19.240    -0.001    -0.001    -0.007
    19.250     0.001     0.003    -0.001
    19.260     0.003     0.001    -0.002
    19.270     0.004     0.002    -0.005
    19.280     0.002     0.003    -0.003
    19.290     0.003    -0.001    -0.008
    19.300     0.001    -0.001    -0.011
    19.310    -0.003     0.001    -0.009
    19.320    -0.002     0.005    -0.008
    19.330    -0.003     0.003    -0.005
    19.340    -0.002     0.001    -0.004
    19.350    -0.002     0.000    -0.004
    19.360    -0.001     0.000    -0.003
    19.370     0.000     0.002     0.000
    19.380     0.001     0.002     0.000
    19.390     0.004     0.000    -0.003
    19.400     0.000    -0.003    -0.003
    19.410     0.000    -0.004    -0.005
    19.420     0.002     0.002    -0.007
    19.430    -0.001     0.004    -0.005
    19.440     0.000     0.002    -0.004
    19.450     0.000     0.004    -0.004
    19.460    -0.001     0.004    -0.002
    19.470     0.000     0.003    -0.002
    19.480    -0.002     0.001    -0.002
    19.490    -0.002    -0.002    -0.001
    19.500    -0.002    -0.002    -0.003
    19.510    -0.001    -0.002    -0.004
    19.520     0.000    -0.002    -0.006
    19.530    -0.001     0.001    -0.008
    19.540     0.001     0.001    -0.007
    19.550     0.000    -0.001    -0.008
    19.560     0.001     0.000    -0.006
    19.570     0.000    -0.001    -0.001
    19.580    -0.002     0.001    -0.004
    19.590    -0.002     0.002    -0.008
    19.600    -0.001    -0.004    -0.008
    19.610    -0.003    -0.006    -0.008
    19.620    -0.003    -0.001    -0.003
    19.630    -0.001     0.001    -0.003
    19.640    -0.002     0.000    -0.005
    19.650    -0.005    -0.004    -0.004
    19.660    -0.003    -0.006    -0.004
    19.670     0.000    -0.003    -0.005
    19.680     0.000     0.000    -0.007
    19.690     0.001     0.005    -0.007
    19.700     0.001     0.005    -0.006
    19.710    -0.001     0.003    -0.004
    19.720    -0.001     0.002    -0.001
    19.730     0.000    -0.001    -0.002
    19.740     0.000     0.000    -0.005
    19.750    -0.001     0.001    -0.007
    19.760    -0.002    -0.001    -0.011
    19.770     0.001     0.001    -0.011
    19.780     0.000     0.001    -0.003
    19.790    -0.003    -0.003    -0.002
    19.800    -0.002    -0.002    -0.003
    19.810    -0.001     0.001    -0.002
    19.820     0.001     0.000    -0.005
    19.830    -0.002    -0.002    -0.004
    19.840    -0.005     0.001    -0.005
    19.850    -0.001     0.002    -0.008
    19.860     0.000     0.001    -0.007
    19.870    -0.001     0.001    -0.005
    19.880     0.003     0.003    -0.005
    19.890     0.003     0.002    -0.007
    19.900     0.001     0.001    -0.007
    19.910    -0.001     0.004    -0.006
    19.920    -0.001     0.002    -0.007
    19.930     0.003     0.002    -0.007
    19.940     0.002     0.001    -0.005
    19.950    -0.002     0.001    -0.008
    19.960     0.000     0.002    -0.010
    19.970     0.002     0.002    -0.009
    19.980     0.003     0.001    -0.007
    19.990     0.003     0.001    -0.003
    20.000     0.000     0.003    -0.005
    20.010     0.000     0.005    -0.008
    20.020    -0.001     0.004    -0.003
    20.030    -0.003    -0.002    -0.002
    20.040    -0.002    -0.008    -0.003
    20.050     0.001     0.000    -0.008
    20.060     0.000     0.002    -0.013
    20.070    -0.002    -0.001    -0.005
    20.080     0.000     0.003    -0.007
    20.090     0.004     0.004    -0.015
    20.100     0.000     0.005    -0.006
    20.110    -0.001     0.007    -0.001
    20.120     0.000     0.005    -0.001
    20.130    -0.001     0.001    -0.008
    20.140    -0.002    -0.002    -0.015
    20.150     0.000    -0.004    -0.011
    20.160     0.004    -0.006    -0.004
    20.170     0.000    -0.001     0.001
    20.180    -0.002     0.004     0.002
    20.190    -0.002     0.002    -0.005
    20.200     0.001     0.002    -0.007
    20.210     0.003     0.002    -0.005
    20.220     0.000    -0.002    -0.011
    20.230     0.001     0.001    -0.006
    20.240    -0.003     0.000     0.001
    20.250    -0.001     0.001     0.002
    20.260     0.005     0.006     0.001
    20.270     0.001     0.005    -0.010
    20.280     0.000    -0.001    -0.016
    20.290    -0.002    -0.008    -0.010
    20.300     0.000    -0.001    -0.005
    20.310     0.003     0.007    -0.003
    20.320    -0.002     0.006    -0.007
    20.330    -0.001     0.000    -0.005
    20.340     0.001    -0.004    -0.007
    20.350     0.000    -0.001    -0.007
    20.360    -0.004    -0.001    -0.004
    20.370    -0.004    -0.002    -0.006
    20.380    -0.001     0.001    -0.001
    20.390     0.001     0.003    -0.002
    20.400     0.001     0.004    -0.007
    20.410    -0.001     0.001    -0.006
    20.420     0.001     0.001    -0.006
    20.430     0.000     0.001    -0.004
    20.440    -0.005    -0.001    -0.006
    20.450    -0.003     0.001    -0.008
    20.460    -0.001     0.003    -0.004
    20.470     0.000     0.003    -0.002
    20.480     0.000    -0.003    -0.003
    20.490    -0.001    -0.004    -0.009
    20.500     0.002    -0.003    -0.016
    20.510     0.001    -0.002    -0.013
    20.520    -0.001     0.001    -0.005
    20.530    -0.001     0.002     0.002
    20.540     0.000     0.000     0.000
    20.550     0.001    -0.002    -0.009
    20.560     0.000     0.000    -0.014
    20.570    -0.001     0.002    -0.014
    20.580    -0.001     0.002    -0.008
    20.590     0.000     0.001    -0.003
    20.600     0.000    -0.002    -0.006
    20.610    -0.002     0.000    -0.008
    20.620    -0.001     0.001    -0.005
    20.630    -0.001     0.000    -0.005
    20.640     0.002     0.001    -0.005
    20.650     0.002     0.004    -0.005
    20.660     0.001     0.004    -0.009
    20.670     0.003     0.004    -0.008
    20.680     0.000     0.002    -0.009
    20.690    -0.002     0.002    -0.007
    20.700    -0.003     0.001    -0.005
    20.710    -0.001    -0.003    -0.008
    20.720     0.001    -0.001    -0.008
    20.730     0.001     0.003    -0.009
    20.740     0.001     0.003    -0.004
    20.750     0.000     0.001     0.001
    20.760    -0.001    -0.001    -0.001
    20.770    -0.003    -0.002    -0.004
    20.780    -0.003     0.000    -0.007
    20.790     0.000     0.008    -0.011
    20.800     0.003     0.009    -0.012
    20.810     0.002     0.003    -0.010
    20.820     0.004     0.002    -0.011
    20.830     0.005     0.001    -0.011
    20.840     0.001    -0.002    -0.011
    20.850     0.000     0.001    -0.009
    20.860    -0.003     0.003    -0.006
    20.870    -0.003     0.002    -0.002
    20.880    -0.001     0.003    -0.002
    20.890     0.001     0.002    -0.005
    20.900     0.003    -0.004    -0.009
    20.910     0.002    -0.005    -0.007
    20.920     0.005    -0.002    -0.006
    20.930     0.003     0.000    -0.004
    20.940    -0.001     0.001    -0.001
    20.950     0.001     0.000    -0.003
    20.960     0.003     0.002    -0.005
    20.970     0.003     0.001    -0.010
    20.980     0.000    -0.001    -0.012
    20.990    -0.002     0.001    -0.010
    21.000    -0.002     0.000    -0.010
    21.010     0.000     0.000    -0.009
    21.020     0.002    -0.003    -0.006
    21.030     0.003    -0.005    -0.003
    21.040     0.000     0.000    -0.004
    21.050    -0.001     0.004    -0.003
    21.060     0.000     0.005    -0.003
    21.070     0.002     0.002    -0.004
    21.080     0.002    -0.006    -0.005
    21.090     0.000    -0.005    -0.006
    21.100     0.000     0.001    -0.008
    21.110     0.002     0.003    -0.012
    21.120     0.001     0.002    -0.012
    21.130     0.001     0.000    -0.010
    21.140     0.001    -0.004    -0.010
    21.150    -0.001    -0.001    -0.006
    21.160    -0.001     0.006    -0.002
    21.170     0.000     0.002    -0.003
    21.180    -0.002    -0.001    -0.005
    21.190    -0.001    -0.001    -0.008
    21.200     0.000     0.000    -0.007
    21.210     0.001     0.003    -0.007
    21.220     0.000     0.002    -0.009
    21.230     0.002    -0.003    -0.008
    21.240     0.003    -0.005    -0.007
    21.250     0.000     0.000    -0.002
    21.260    -0.001     0.005     0.000
    21.270    -0.004     0.002    -0.005
    21.280    -0.003     0.001    -0.006
    21.290    -0.002     0.000    -0.007
    21.300    -0.001    -0.001    -0.010
    21.310     0.000    -0.001    -0.011
    21.320    -0.002    -0.001    -0.011
    21.330     0.000     0.001    -0.006
    21.340    -0.002     0.001    -0.003
    21.350    -0.002    -0.001    -0.001
    21.360     0.000     0.000    -0.002
    21.370     0.001     0.001    -0.007
    21.380     0.001     0.004    -0.009
    21.390     0.000     0.006    -0.007
    21.400    -0.002     0.001    -0.007
    21.410    -0.001    -0.001    -0.012
    21.420     0.001    -0.003    -0.009
    21.430    -0.001     0.000    -0.007
    21.440     0.000     0.005    -0.008
    21.450     0.002     0.003    -0.008
    21.460    -0.001     0.002    -0.007
    21.470     0.000     0.000    -0.006
    21.480    -0.002    -0.003    -0.006
    21.490    -0.002    -0.002    -0.004
    21.500     0.000     0.000    -0.008
    21.510     0.000     0.001    -0.013
    21.520    -0.001     0.003    -0.015
    21.530    -0.001     0.006    -0.013
    21.540     0.000     0.003    -0.005
    21.550     0.000     0.000    -0.002
    21.560     0.000    -0.001    -0.006
    21.570     0.000     0.003    -0.010
    21.580     0.000     0.007    -0.012
    21.590     0.001     0.003    -0.009
    21.600     0.001     0.002    -0.008
    21.610     0.001     0.002    -0.008
    21.620     0.000     0.002    -0.012
    21.630     0.002     0.004    -0.014
    21.640     0.002     0.003    -0.009
    21.650     0.001     0.004    -0.004
    21.660     0.000     0.001    -0.002
    21.670    -0.002    -0.001    -0.005
    21.680    -0.003     0.002    -0.007
    21.690    -0.001     0.002    -0.005
    21.700     0.000     0.003    -0.005
    21.710     0.001     0.000    -0.003
    21.720     0.000    -0.001    -0.006
    21.730     0.002     0.003    -0.010
    21.740     0.002     0.006    -0.013
    21.750     0.000     0.002    -0.012
    21.760    -0.003    -0.004    -0.008
    21.770    -0.002    -0.004    -0.004
    21.780    -0.001    -0.001    -0.004
    21.790    -0.002    -0.001    -0.006
    21.800    -0.002    -0.001    -0.008
    21.810     0.001    -0.004    -0.008
    21.820     0.001    -0.005    -0.006
    21.830     0.001     0.001    -0.005
    21.840     0.002     0.005    -0.002
    21.850     0.000     0.002    -0.004
    21.860    -0.002    -0.004    -0.010
    21.870    -0.001    -0.004    -0.012
    21.880    -0.001     0.001    -0.010
    21.890     0.000     0.000    -0.006
    21.900     0.002    -0.002    -0.007
    21.910    -0.001    -0.004    -0.012
    21.920     0.000    -0.005    -0.013
    21.930     0.001     0.001    -0.009
    21.940     0.001     0.001    -0.002
    21.950     0.000     0.003    -0.002
    21.960    -0.002     0.003    -0.005
    21.970    -0.003     0.000    -0.008
    21.980    -0.002     0.002    -0.012
    21.990     0.001     0.002    -0.010
    22.000     0.000     0.002    -0.006
    22.010    -0.002     0.002    -0.004
    22.020    -0.002     0.001    -0.005
    22.030     0.002    -0.001    -0.010
    22.040     0.004     0.001    -0.012
    22.050     0.002     0.001    -0.010
    22.060     0.000     0.000    -0.007
    22.070    -0.002     0.000    -0.006
    22.080    -0.003    -0.001    -0.007
    22.090    -0.001     0.003    -0.010
    22.100     0.001     0.003    -0.009
    22.110     0.000     0.001    -0.006
    22.120    -0.001    -0.003    -0.008
    22.130     0.000    -0.007    -0.009
    22.140     0.001     0.000    -0.010
    22.150     0.001     0.003    -0.009
    22.160     0.001     0.004    -0.005
    22.170     0.001     0.003    -0.004
    22.180     0.001     0.000    -0.006
    22.190     0.003     0.000    -0.009
    22.200     0.003    -0.001    -0.015
    22.210     0.001     0.003    -0.013
    22.220     0.003     0.001    -0.010
    22.230     0.003    -0.002    -0.010
    22.240     0.001     0.000    -0.008
    22.250    -0.002    -0.004    -0.006
    22.260    -0.003    -0.003    -0.009
    22.270    -0.001     0.001    -0.009
    22.280     0.001     0.002    -0.008
    22.290     0.001     0.000    -0.008
    22.300     0.000     0.000    -0.007
    22.310     0.001     0.002    -0.010
    22.320     0.000     0.005    -0.012
    22.330     0.002     0.003    -0.008
    22.340     0.002    -0.001    -0.009
    22.350     0.000    -0.002    -0.009
    22.360     0.000     0.001    -0.008
    22.370    -0.001     0.001    -0.012
    22.380     0.000     0.000    -0.009
    22.390     0.001     0.002    -0.006
    22.400     0.001     0.004    -0.006
    22.410    -0.002     0.001    -0.007
    22.420    -0.003    -0.001    -0.010
    22.430    -0.001    -0.001    -0.009
    22.440     0.003     0.001    -0.011
    22.450     0.002     0.004    -0.013
    22.460    -0.001     0.003    -0.012
    22.470     0.002     0.002    -0.012
    22.480     0.003     0.000    -0.011
    22.490     0.001     0.001    -0.010
    22.500     0.002     0.003    -0.009
    22.510    -0.001     0.004    -0.009
    22.520    -0.002     0.004    -0.008
    22.530    -0.002     0.002    -0.004
    22.540     0.000     0.000    -0.008
    22.550     0.002    -0.002    -0.010
    22.560     0.004    -0.001    -0.009
    22.570     0.004     0.003    -0.005
    22.580    -0.001     0.000    -0.003
    22.590    -0.002     0.000    -0.007
    22.600     0.000     0.003    -0.006
    22.610     0.000     0.002    -0.010
    22.620     0.000     0.001    -0.010
    22.630    -0.001     0.000    -0.010
    22.640     0.001    -0.001    -0.012
    22.650     0.000    -0.002    -0.006
    22.660    -0.001    -0.002    -0.005
    22.670     0.004     0.003    -0.003
    22.680     0.001     0.002    -0.006
    22.690    -0.002    -0.003    -0.011
    22.700     0.001    -0.002    -0.003
    22.710     0.000    -0.004    -0.004
    22.720    -0.002    -0.002    -0.006
    22.730     0.000     0.003    -0.006
    22.740    -0.003     0.005    -0.007
    22.750    -0.001     0.004    -0.009
    22.760     0.002    -0.001    -0.008
    22.770     0.002    -0.003    -0.006
    22.780     0.001    -0.001    -0.005
    22.790    -0.001     0.002    -0.006
    22.800     0.000     0.001    -0.006
    22.810     0.001    -0.003    -0.008
    22.820     0.002    -0.002    -0.011
    22.830     0.001     0.001    -0.010
    22.840    -0.001     0.001    -0.009
    22.850    -0.002     0.000    -0.009
    22.860    -0.002     0.000    -0.007
    22.870     0.000     0.002    -0.008
    22.880     0.001     0.006    -0.010
    22.890     0.000     0.001    -0.009
    22.900    -0.001    -0.002    -0.007
    22.910    -0.001     0.004    -0.007
    22.920    -0.001     0.002    -0.009
    22.930    -0.002     0.000    -0.008
    22.940    -0.001     0.001    -0.006
    22.950     0.003     0.001    -0.006
    22.960     0.002    -0.003    -0.007
    22.970     0.001     0.001    -0.012
    22.980     0.001     0.006    -0.014
    22.990    -0.002     0.002    -0.012
    23.000    -0.002     0.002    -0.012
    23.010     0.002     0.004    -0.010
    23.020    -0.001     0.002    -0.008
    23.030     0.000     0.003    -0.009
    23.040     0.000     0.000    -0.011
    23.050    -0.002    -0.004    -0.012
    23.060    -0.001    -0.003    -0.011
    23.070     0.001    -0.003    -0.008
    23.080     0.001     0.000    -0.007
    23.090     0.001     0.001    -0.013
    23.100     0.001     0.001    -0.013
    23.110    -0.002     0.006    -0.012
    23.120     0.000     0.004    -0.013
    23.130     0.000     0.001    -0.008
    23.140    -0.003     0.001    -0.008
    23.150     0.002    -0.002    -0.009
    23.160     0.004    -0.001    -0.007
    23.170     0.002    -0.002    -0.009
    23.180     0.001    -0.002    -0.013
    23.190     0.002    -0.001    -0.015
    23.200     0.003    -0.001    -0.011
    23.210     0.003     0.003    -0.007
    23.220     0.000     0.009    -0.005
    23.230    -0.001     0.009    -0.005
    23.240     0.000     0.006    -0.006
    23.250     0.000    -0.001    -0.009
    23.260     0.002    -0.005    -0.010
    23.270     0.002    -0.002    -0.007
    23.280    -0.002    -0.002    -0.011
    23.290    -0.002    -0.001    -0.012
    23.300     0.000     0.001    -0.008
    23.310     0.001     0.002    -0.005
    23.320    -0.001     0.001    -0.003
    23.330    -0.001     0.001    -0.006
    23.340    -0.001     0.003    -0.012
    23.350    -0.001    -0.001    -0.013
    23.360     0.000    -0.005    -0.013
    23.370     0.000     0.000    -0.012
    23.380     0.000     0.002    -0.010
    23.390     0.000     0.002    -0.008
    23.400     0.002     0.005    -0.004
    23.410     0.001     0.004    -0.006
    23.420     0.001     0.001    -0.008
    23.430     0.000     0.000    -0.008
    23.440    -0.002    -0.001    -0.013
    23.450    -0.001    -0.003    -0.013
    23.460     0.000    -0.001    -0.008
    23.470     0.002     0.001    -0.009
    23.480     0.001     0.001    -0.013
    23.490    -0.002     0.000    -0.010
    23.500     0.000     0.001    -0.006
    23.510    -0.001     0.001    -0.006
    23.520    -0.002     0.000    -0.004
    23.530    -0.001    -0.001    -0.004
    23.540    -0.001    -0.003    -0.005
    23.550    -0.002    -0.004    -0.009
    23.560    -0.001     0.000    -0.007
    23.570    -0.002     0.004    -0.007
    23.580    -0.001     0.006    -0.008
    23.590    -0.001     0.004    -0.005
    23.600     0.000     0.003    -0.005
    23.610     0.002     0.002    -0.005
    23.620    -0.001    -0.002    -0.008
    23.630    -0.002    -0.003    -0.011
    23.640     0.000     0.001    -0.010
    23.650     0.000     0.000    -0.008
    23.660    -0.002    -0.005    -0.007
    23.670    -0.004    -0.004    -0.007
    23.680    -0.002    -0.002    -0.005
    23.690    -0.002    -0.003    -0.008
    23.700     0.000     0.000    -0.010
    23.710    -0.001     0.002    -0.010
    23.720    -0.001    -0.001    -0.009
    23.730     0.002    -0.002    -0.009
    23.740     0.003    -0.003    -0.011
    23.750     0.003    -0.002    -0.013
    23.760     0.001    -0.002    -0.014
    23.770     0.004     0.000    -0.014
    23.780     0.002     0.005    -0.015
    23.790    -0.001     0.003    -0.014
    23.800    -0.001    -0.002    -0.011
    23.810     0.000    -0.002    -0.008
    23.820    -0.001     0.000    -0.005
    23.830    -0.004     0.001    -0.005
    23.840    -0.005     0.000    -0.003
    23.850    -0.003     0.002    -0.008
    23.860     0.000     0.001    -0.011
    23.870     0.001    -0.001    -0.012
    23.880     0.001     0.003    -0.013
    23.890     0.002     0.003    -0.010
    23.900     0.004     0.003    -0.012
    23.910     0.003     0.002    -0.011
    23.920     0.002     0.001    -0.008
    23.930     0.003     0.001    -0.008
    23.940     0.000     0.001    -0.010
    23.950    -0.001     0.001    -0.013
    23.960    -0.003    -0.003    -0.011
    23.970    -0.003    -0.004    -0.006
    23.980     0.002     0.001    -0.005
    23.990     0.001     0.003    -0.008
    24.000     0.002     0.003    -0.012
    24.010     0.004     0.001    -0.014
    24.020     0.003     0.001    -0.015
    24.030     0.003     0.004    -0.012
    24.040     0.000     0.005    -0.009
    24.050    -0.001     0.003    -0.009
    24.060     0.001     0.003    -0.007
    24.070     0.002     0.003    -0.010
    24.080     0.002     0.002    -0.014
    24.090    -0.001     0.001    -0.010
    24.100    -0.001    -0.003    -0.013
    24.110     0.001    -0.001    -0.014
    24.120     0.001    -0.001    -0.008
    24.130     0.001    -0.002    -0.009
    24.140     0.001     0.004    -0.007
    24.150     0.001     0.006    -0.008
    24.160    -0.001     0.002    -0.010
    24.170     0.001     0.001    -0.005
    24.180     0.002     0.002    -0.009
    24.190     0.002    -0.003    -0.011
    24.200     0.001    -0.007    -0.012
    24.210     0.001     0.001    -0.012
    24.220     0.001     0.004    -0.003
    24.230     0.000     0.003    -0.004
    24.240     0.000     0.005    -0.005
    24.250     0.001     0.003    -0.006
    24.260     0.003     0.001    -0.013
    24.270     0.000    -0.002    -0.013
    24.280    -0.002    -0.001    -0.013
    24.290     0.003     0.002    -0.010
    24.300     0.002    -0.002    -0.006
    24.310     0.001    -0.001    -0.009
    24.320     0.003     0.000    -0.011
    24.330    -0.001     0.001    -0.010
    24.340    -0.002     0.003    -0.006
    24.350     0.000     0.000    -0.009
    24.360    -0.001    -0.003    -0.009
    24.370     0.002    -0.002    -0.007
    24.380     0.004     0.001    -0.010
    24.390     0.001     0.000    -0.012
    24.400     0.000    -0.001    -0.014
    24.410     0.000     0.001    -0.014
    24.420     0.001     0.003    -0.013
    24.430    -0.001     0.003    -0.010
    24.440    -0.002     0.001    -0.006
    24.450    -0.002     0.000    -0.006
    24.460    -0.003    -0.003    -0.006
    24.470    -0.002    -0.001    -0.006
    24.480    -0.001     0.001    -0.009
    24.490     0.001    -0.002    -0.010
    24.500    -0.001    -0.003    -0.008
    24.510     0.000    -0.001    -0.012
    24.520     0.001     0.001    -0.010
    24.530    -0.001     0.001    -0.006
    24.540    -0.001     0.001    -0.007
    24.550    -0.003     0.001    -0.007
    24.560     0.000     0.000    -0.007
    24.570     0.001    -0.001    -0.010
    24.580    -0.001     0.000    -0.012
    24.590     0.001    -0.002    -0.010
    24.600     0.000    -0.004    -0.009
    24.610     0.001    -0.001    -0.006
    24.620     0.001    -0.001    -0.005
    24.630    -0.002    -0.003    -0.007
    24.640    -0.002    -0.003    -0.008
    24.650     0.000     0.000    -0.012
    24.660     0.000     0.001    -0.012
    24.670    -0.001    -0.002    -0.011
    24.680     0.001     0.001    -0.007
    24.690     0.002     0.002    -0.008
    24.700     0.000    -0.001    -0.009
    24.710    -0.001     0.000    -0.007
    24.720     0.002     0.001    -0.013
    24.730     0.005     0.003    -0.013
    24.740     0.003     0.004    -0.014
    24.750     0.001     0.002    -0.014
    24.760     0.000     0.005    -0.009
    24.770    -0.001     0.000    -0.004
    24.780    -0.001    -0.001    -0.006
    24.790     0.001     0.001    -0.010
    24.800     0.002     0.000    -0.013
    24.810     0.001     0.001    -0.015
    24.820     0.000     0.000    -0.009
    24.830     0.001    -0.003    -0.013
    24.840     0.001    -0.002    -0.016
    24.850     0.001     0.003    -0.008
    24.860     0.001     0.006    -0.005
    24.870    -0.001     0.006    -0.007
    24.880    -0.001     0.005    -0.006
    24.890     0.002     0.001    -0.008
    24.900     0.003     0.000    -0.015
    24.910    -0.001    -0.003    -0.012
    24.920     0.001     0.000    -0.008
    24.930     0.002     0.001    -0.012
    24.940    -0.002     0.001    -0.010
    24.950    -0.001     0.001    -0.009
    24.960     0.001    -0.004    -0.007
    24.970    -0.001    -0.003    -0.005
    24.980     0.001    -0.001    -0.011
    24.990     0.000    -0.002    -0.013
    25.000    -0.001     0.000    -0.012
    25.010     0.003    -0.001    -0.007
    25.020     0.002    -0.003    -0.006
    25.030     0.005    -0.004    -0.011
    25.040     0.004    -0.001    -0.010
    25.050    -0.002     0.003    -0.009
    25.060     0.000     0.004    -0.013
    25.070     0.001     0.001    -0.010
    25.080    -0.001    -0.001    -0.006
    25.090    -0.002    -0.004    -0.009
    25.100    -0.002    -0.004    -0.010
    25.110    -0.001    -0.001    -0.007
    25.120     0.003     0.000    -0.006
    25.130     0.003     0.000    -0.010
    25.140    -0.001     0.002    -0.007
    25.150    -0.003     0.002    -0.004
    25.160    -0.004    -0.002    -0.008
    25.170    -0.002    -0.004    -0.008
    25.180     0.002    -0.004    -0.009
    25.190     0.003     0.000    -0.011
    25.200     0.002     0.003    -0.010
    25.210     0.000     0.008    -0.008
    25.220     0.001     0.005    -0.010
    25.230     0.001    -0.002    -0.015
    25.240     0.000     0.003    -0.014
    25.250    -0.002     0.002    -0.011
    25.260    -0.002     0.000    -0.008
    25.270     0.001    -0.002    -0.007
    25.280    -0.001     0.001    -0.007
    25.290    -0.004     0.005    -0.005
    25.300    -0.003    -0.001    -0.005
    25.310     0.001     0.000    -0.009
    25.320     0.002    -0.003    -0.012
    25.330     0.002    -0.007    -0.013
    25.340     0.002    -0.003    -0.013
    25.350    -0.001     0.003    -0.010
    25.360     0.000     0.002    -0.012
    25.370     0.000     0.000    -0.010
    25.380     0.000     0.005    -0.011
    25.390     0.002     0.004    -0.013
    25.400    -0.001    -0.001    -0.012
    25.410    -0.003    -0.002    -0.010
    25.420    -0.002     0.001    -0.006
    25.430     0.000    -0.004    -0.008
    25.440     0.000    -0.009    -0.010
    25.450     0.000    -0.002    -0.012
    25.460     0.000     0.004    -0.013
    25.470    -0.001     0.011    -0.006
    25.480    -0.003     0.008    -0.004
    25.490    -0.001    -0.006    -0.010
    25.500    -0.001    -0.011    -0.013
    25.510    -0.002    -0.003    -0.014
    25.520     0.001     0.013    -0.014
    25.530    -0.002     0.016    -0.012
    25.540    -0.004     0.008    -0.008
    25.550     0.000    -0.004    -0.006
    25.560     0.004    -0.013    -0.013
    25.570     0.006    -0.007    -0.014
    25.580     0.000     0.003    -0.007
    25.590    -0.002     0.007    -0.004
    25.600    -0.003     0.004    -0.004
    25.610    -0.002     0.004    -0.012
    25.620     0.000     0.011    -0.020
    25.630     0.004     0.007    -0.017
    25.640     0.004    -0.002    -0.010
    25.650     0.000    -0.010    -0.008
    25.660    -0.001    -0.004    -0.012
    25.670     0.000     0.005    -0.011
    25.680     0.001     0.004    -0.011
    25.690     0.003    -0.002    -0.004
    25.700     0.003    -0.004     0.000
    25.710    -0.001     0.005    -0.007
    25.720    -0.002     0.013    -0.014
    25.730     0.001     0.008    -0.014
    25.740     0.003    -0.002    -0.009
    25.750     0.001    -0.006    -0.008
    25.760     0.001    -0.002    -0.014
    25.770    -0.002     0.003    -0.010
    25.780    -0.004     0.001     0.001
    25.790     0.000    -0.003     0.008
    25.800     0.001    -0.007    -0.003
    25.810     0.000    -0.013    -0.018
    25.820    -0.002    -0.010    -0.022
    25.830    -0.001    -0.004    -0.016
    25.840    -0.001     0.001    -0.005
    25.850    -0.003     0.008    -0.001
    25.860    -0.005     0.006    -0.001
    25.870    -0.001     0.001    -0.009
    25.880     0.007     0.005    -0.018
    25.890     0.006     0.005    -0.013
    25.900    -0.001    -0.004    -0.005
    25.910    -0.005    -0.011    -0.005
    25.920    -0.002    -0.012    -0.010
    25.930     0.004    -0.007    -0.008
    25.940     0.005     0.002    -0.008
    25.950     0.002     0.006    -0.006
    25.960    -0.001     0.001    -0.005
    25.970    -0.002    -0.008    -0.015
    25.980    -0.003    -0.008    -0.020
    25.990    -0.002    -0.003    -0.012
    26.000     0.004    -0.001    -0.007
    26.010     0.002    -0.004    -0.008
    26.020    -0.003    -0.004    -0.007
    26.030    -0.003    -0.001    -0.005
    26.040    -0.001     0.001    -0.003
    26.050     0.004     0.005    -0.002
    26.060     0.006     0.003    -0.008
    26.070     0.005     0.000    -0.010
    26.080     0.004     0.002    -0.006
    26.090     0.002     0.003    -0.006
    26.100    -0.004     0.000    -0.001
    26.110    -0.003     0.002    -0.005
    26.120    -0.004     0.003    -0.016
    26.130    -0.006    -0.002    -0.015
    26.140     0.004    -0.003    -0.015
    26.150     0.006    -0.004    -0.015
    26.160     0.000    -0.004    -0.014
    26.170    -0.002    -0.001    -0.014
    26.180    -0.003     0.001    -0.011
    26.190     0.002    -0.002    -0.004
    26.200     0.003    -0.006    -0.003
    26.210    -0.004    -0.002    -0.005
    26.220    -0.002     0.001    -0.004
    26.230     0.002     0.001    -0.009
    26.240     0.000     0.003    -0.009
    26.250     0.002    -0.001    -0.009
    26.260     0.001    -0.003    -0.010
    26.270     0.000    -0.004    -0.011
    26.280     0.004    -0.007    -0.018
    26.290    -0.001     0.001    -0.021
    26.300    -0.003     0.005    -0.020
    26.310    -0.004     0.000    -0.015
    26.320    -0.007    -0.001    -0.006
    26.330    -0.003    -0.007    -0.003
    26.340     0.001    -0.010    -0.009
    26.350     0.003    -0.007    -0.013
    26.360     0.003    -0.003    -0.009
    26.370     0.004     0.003    -0.002
    26.380     0.003     0.004    -0.004
    26.390     0.003     0.002    -0.009
    26.400     0.005     0.001    -0.015
    26.410     0.003     0.002    -0.021
    26.420     0.004     0.010    -0.016
    26.430     0.002     0.017    -0.009
    26.440    -0.005     0.013    -0.002
    26.450    -0.006    -0.004     0.000
    26.460     0.001    -0.019    -0.007
    26.470     0.003    -0.022    -0.010
    26.480    -0.001    -0.013    -0.013
    26.490    -0.001    -0.002    -0.017
    26.500    -0.004     0.008    -0.016
    26.510    -0.004     0.015    -0.011
    26.520     0.001     0.006     0.000
    26.530     0.005    -0.004     0.004
    26.540     0.011    -0.006    -0.007
    26.550     0.005    -0.006    -0.014
    26.560    -0.002    -0.001    -0.016
    26.570    -0.001     0.000    -0.017
    26.580    -0.002     0.001    -0.013
    26.590     0.001     0.003    -0.009
    26.600     0.002    -0.001    -0.011
    26.610    -0.001     0.000    -0.011
    26.620    -0.003    -0.003    -0.008
    26.630    -0.002    -0.009    -0.005
    26.640     0.001    -0.009    -0.006
    26.650     0.000    -0.009    -0.009
    26.660     0.000    -0.007    -0.005
    26.670    -0.001     0.000    -0.003
    26.680     0.002     0.008    -0.007
    26.690     0.003     0.011    -0.011
    26.700     0.001     0.003    -0.013
    26.710    -0.001    -0.007    -0.013
    26.720    -0.004    -0.012    -0.014
    26.730    -0.002    -0.006    -0.010
    26.740     0.001     0.003    -0.003
    26.750     0.004     0.008    -0.002
    26.760     0.003     0.007    -0.005
    26.770     0.000    -0.001    -0.011
    26.780    -0.002    -0.010    -0.014
    26.790    -0.005    -0.011    -0.009
    26.800    -0.002    -0.011    -0.006
    26.810    -0.003    -0.007    -0.004
    26.820    -0.001     0.005     0.000
    26.830     0.002     0.010    -0.003
    26.840    -0.002     0.008    -0.007
    26.850    -0.002     0.000    -0.011
    26.860     0.002    -0.008    -0.017
    26.870     0.005    -0.009    -0.018
    26.880     0.006    -0.006    -0.017
    26.890     0.003     0.001    -0.010
    26.900     0.002     0.008    -0.001
    26.910    -0.001     0.008     0.001
    26.920    -0.007     0.001    -0.006
    26.930    -0.003    -0.011    -0.018
    26.940     0.001    -0.011    -0.020
    26.950     0.000    -0.005    -0.013
    26.960    -0.002     0.002    -0.006
    26.970    -0.001     0.001    -0.005
    26.980     0.002    -0.003    -0.005
    26.990     0.003    -0.003    -0.009
    27.000     0.005    -0.003    -0.014
    27.010     0.007     0.000    -0.015
    27.020     0.003     0.001    -0.016
    27.030    -0.005     0.004    -0.014
    27.040    -0.001     0.008    -0.011
    27.050     0.002     0.008    -0.007
    27.060    -0.003     0.002    -0.006
    27.070    -0.002    -0.011    -0.013
    27.080     0.000    -0.015    -0.019
    27.090     0.003    -0.011    -0.016
    27.100     0.001    -0.001    -0.007
    27.110    -0.002     0.003    -0.001
    27.120    -0.001     0.008     0.005
    27.130     0.000     0.014     0.004
    27.140     0.003     0.004    -0.013
    27.150     0.005    -0.009    -0.023
    27.160     0.003    -0.009    -0.021
    27.170     0.001    -0.005    -0.019
    27.180    -0.002    -0.003    -0.015
    27.190    -0.004     0.004    -0.009
    27.200     0.000     0.011    -0.005
    27.210     0.002     0.006    -0.005
    27.220     0.002    -0.001    -0.004
    27.230     0.002    -0.005    -0.014
    27.240    -0.001    -0.006    -0.019
    27.250    -0.004     0.004    -0.009
    27.260     0.001     0.008    -0.007
    27.270     0.003     0.002    -0.009
    27.280     0.001    -0.003    -0.009
    27.290     0.006    -0.010    -0.017
    27.300     0.005    -0.007    -0.015
    27.310    -0.003    -0.005    -0.006
    27.320    -0.004    -0.001    -0.004
    27.330     0.000     0.007     0.000
    27.340    -0.003     0.005    -0.009
    27.350     0.001     0.000    -0.024
    27.360     0.005    -0.001    -0.023
    27.370     0.003     0.007    -0.011
    27.380     0.002     0.007    -0.002
    27.390     0.000     0.000    -0.001
    27.400     0.000     0.002    -0.004
    27.410     0.002    -0.003    -0.011
    27.420     0.003    -0.006    -0.013
    27.430     0.001     0.001    -0.005
    27.440     0.003     0.007    -0.001
    27.450     0.002     0.001    -0.003
    27.460    -0.005    -0.010    -0.008
    27.470     0.000    -0.001    -0.011
    27.480     0.004     0.004    -0.011
    27.490    -0.003    -0.001    -0.011
    27.500    -0.006     0.000    -0.010
    27.510    -0.008     0.000    -0.006
    27.520    -0.004    -0.003    -0.006
    27.530     0.001    -0.006    -0.006
    27.540    -0.001    -0.006     0.003
    27.550     0.004    -0.004     0.003
    27.560     0.009     0.001    -0.011
    27.570     0.010     0.012    -0.016
    27.580     0.008     0.014    -0.014
    27.590     0.005     0.006    -0.013
    27.600    -0.002    -0.003    -0.013
    27.610    -0.010    -0.006    -0.012
    27.620    -0.008    -0.006    -0.014
    27.630    -0.006    -0.006    -0.014
    27.640    -0.003    -0.009    -0.004
    27.650    -0.001    -0.012     0.003
    27.660    -0.002    -0.007     0.001
    27.670     0.003     0.001    -0.008
    27.680     0.008     0.009    -0.013
    27.690     0.009     0.006    -0.003
    27.700     0.004    -0.002     0.003
    27.710    -0.001     0.003    -0.001
    27.720    -0.002     0.007    -0.007
    27.730    -0.002     0.008    -0.013
    27.740    -0.001     0.003    -0.013
    27.750     0.000    -0.008    -0.015
    27.760    -0.002    -0.009    -0.017
    27.770     0.000    -0.004    -0.020
    27.780     0.002    -0.001    -0.016
    27.790    -0.002    -0.002    -0.013
    27.800    -0.003     0.000    -0.001
    27.810    -0.006     0.004     0.008
    27.820    -0.007     0.002    -0.003
    27.830    -0.002    -0.003    -0.007
    27.840     0.002    -0.009    -0.011
    27.850     0.009    -0.008    -0.019
    27.860     0.005     0.003    -0.020
    27.870     0.002     0.013    -0.016
    27.880     0.007     0.012    -0.008
    27.890     0.002     0.005    -0.006
    27.900    -0.001    -0.002    -0.003
    27.910    -0.004    -0.006    -0.004
    27.920    -0.006    -0.007    -0.011
    27.930    -0.002    -0.005    -0.015
    27.940     0.000    -0.003    -0.016
    27.950    -0.002    -0.005    -0.015
    27.960    -0.006    -0.006    -0.015
    27.970    -0.006     0.000    -0.011
    27.980    -0.001    -0.002    -0.004
    27.990     0.004    -0.001    -0.002
    28.000     0.008     0.002    -0.007
    28.010     0.005     0.000    -0.011
    28.020     0.004     0.006    -0.016
    28.030     0.003     0.012    -0.022
    28.040     0.000     0.005    -0.016
    28.050    -0.001    -0.002    -0.010
    28.060     0.000    -0.004    -0.007
    28.070    -0.001    -0.002    -0.010
    28.080    -0.002    -0.007    -0.014
    28.090     0.001    -0.004    -0.012
    28.100     0.001     0.006    -0.004
    28.110    -0.002     0.004     0.002
    28.120    -0.001     0.001    -0.005
    28.130     0.001     0.002    -0.013
    28.140     0.003     0.001    -0.016
    28.150     0.002     0.000    -0.015
    28.160    -0.003     0.003    -0.006
    28.170    -0.004    -0.001    -0.004
    28.180    -0.002    -0.005    -0.008
    28.190    -0.001    -0.003    -0.014
    28.200     0.002    -0.002    -0.017
    28.210     0.003     0.001    -0.011
    28.220     0.004     0.001    -0.008
    28.230     0.004     0.004    -0.003
    28.240     0.000     0.000    -0.002
    28.250    -0.001    -0.001    -0.007
    28.260     0.000     0.005    -0.007
    28.270    -0.001     0.004    -0.008
    28.280    -0.001     0.003    -0.010
    28.290     0.000    -0.002    -0.010
    28.300     0.000    -0.001    -0.010
    28.310     0.002     0.003    -0.007
    28.320     0.001     0.003    -0.008
    28.330    -0.003     0.002    -0.007
    28.340    -0.004    -0.005    -0.006
    28.350    -0.003    -0.007    -0.005
    28.360    -0.001    -0.002    -0.002
    28.370     0.002     0.002    -0.005
    28.380     0.003     0.003    -0.011
    28.390     0.001    -0.002    -0.013
    28.400    -0.002    -0.002    -0.010
    28.410    -0.003     0.001    -0.008
    28.420    -0.002     0.001    -0.007
    28.430     0.000     0.001    -0.007
    28.440     0.000     0.000    -0.008
    28.450    -0.002     0.003    -0.003
    28.460    -0.003     0.003    -0.001
    28.470    -0.003    -0.004    -0.003
    28.480     0.000    -0.006    -0.008
    28.490     0.001    -0.007    -0.013
    28.500    -0.002    -0.003    -0.009
    28.510    -0.001     0.004    -0.008
    28.520     0.002     0.005    -0.012
    28.530     0.002     0.001    -0.012
    28.540     0.001    -0.005    -0.009
    28.550    -0.002    -0.002    -0.007
    28.560    -0.002     0.003    -0.008
    28.570    -0.003    -0.001    -0.009
    28.580    -0.001    -0.005    -0.013
    28.590     0.003    -0.005    -0.016
    28.600     0.000    -0.002    -0.012
    28.610    -0.001    -0.001    -0.004
    28.620    -0.003    -0.001    -0.005
    28.630    -0.002    -0.002    -0.010
    28.640    -0.001    -0.004    -0.007
    28.650    -0.002    -0.001    -0.007
    28.660     0.000     0.003    -0.008
    28.670     0.000     0.003    -0.011
    28.680    -0.001    -0.002    -0.012
    28.690    -0.004    -0.002    -0.009
    28.700    -0.002    -0.001    -0.010
    28.710    -0.001    -0.003    -0.010
    28.720     0.001     0.000    -0.010
    28.730     0.001     0.002    -0.012
    28.740     0.000     0.002    -0.012
    28.750    -0.001     0.000    -0.011
    28.760    -0.001     0.000    -0.012
    28.770     0.001     0.000    -0.010
    28.780    -0.001    -0.002    -0.009
    28.790     0.001     0.002    -0.013
    28.800     0.003    -0.001    -0.013
    28.810     0.004    -0.006    -0.013
    28.820     0.005    -0.001    -0.010
    28.830    -0.001     0.003    -0.003
    28.840     0.000    -0.001    -0.006
    28.850     0.001    -0.001    -0.012
    28.860     0.003     0.002    -0.014
    28.870     0.002     0.002    -0.014
    28.880    -0.002     0.004    -0.010
    28.890    -0.002     0.002    -0.011
    28.900    -0.003    -0.004    -0.012
    28.910    -0.001    -0.004    -0.005
    28.920     0.003    -0.002    -0.002
    28.930     0.003    -0.003    -0.004
    28.940     0.002    -0.002    -0.009
    28.950     0.003    -0.001    -0.010
    28.960     0.000    -0.003    -0.009
    28.970    -0.002     0.000    -0.008
    28.980     0.001     0.001    -0.010
    28.990    -0.003     0.002    -0.010
    29.000    -0.003     0.003    -0.008
    29.010     0.001    -0.001    -0.013
    29.020     0.001    -0.001    -0.011
    29.030     0.002     0.000    -0.009
    29.040    -0.001     0.002    -0.005
    29.050     0.000     0.001    -0.004
    29.060     0.005     0.000    -0.008
    29.070     0.003     0.005    -0.003
    29.080     0.001     0.006    -0.004
    29.090    -0.001     0.006    -0.009
    29.100    -0.001     0.001    -0.013
    29.110     0.001    -0.004    -0.013
    29.120     0.001    -0.003    -0.010
    29.130     0.000    -0.005    -0.012
    29.140    -0.003    -0.005    -0.006
    29.150    -0.002     0.001    -0.004
    29.160     0.001     0.001    -0.007
    29.170     0.002    -0.006    -0.008
    29.180     0.001     0.000    -0.007
    29.190     0.000     0.002    -0.005
    29.200     0.001    -0.003    -0.006
    29.210     0.003    -0.002    -0.009
    29.220     0.004    -0.002    -0.014
    29.230     0.001    -0.001    -0.014
    29.240    -0.005     0.000    -0.009
    29.250    -0.003     0.001    -0.009
    29.260     0.000     0.003    -0.009
    29.270     0.002     0.002    -0.008
    29.280     0.004     0.002    -0.012
    29.290     0.000    -0.001    -0.009
    29.300     0.000    -0.003    -0.002
    29.310     0.001     0.001    -0.003
    29.320     0.000     0.004    -0.005
    29.330     0.002     0.001    -0.004
    29.340     0.002    -0.001    -0.007
    29.350     0.000     0.000    -0.013
    29.360    -0.002    -0.001    -0.013
    29.370    -0.001    -0.001    -0.008
    29.380     0.003     0.001    -0.007
    29.390     0.000     0.000    -0.006
    29.400    -0.002    -0.003    -0.005
    29.410     0.001     0.000    -0.009
    29.420     0.001     0.006    -0.011
    29.430     0.002     0.004    -0.009
    29.440     0.001     0.000    -0.010
    29.450    -0.002    -0.001    -0.011
    29.460    -0.003    -0.002    -0.006
    29.470     0.000    -0.005    -0.003
    29.480     0.004    -0.006    -0.008
    29.490     0.003    -0.001    -0.011
    29.500    -0.003     0.002    -0.009
    29.510    -0.003     0.002    -0.009
    29.520     0.000     0.003    -0.008
    29.530    -0.001     0.004    -0.005
    29.540     0.000     0.000    -0.005
    29.550     0.003    -0.002    -0.012
    29.560     0.003     0.002    -0.014
    29.570     0.002     0.002    -0.012
    29.580     0.000    -0.001    -0.011
    29.590    -0.002     0.000    -0.009
    29.600    -0.003    -0.001    -0.007
    29.610    -0.001    -0.006    -0.008
    29.620     0.000    -0.004    -0.013
    29.630     0.000     0.000    -0.017
    29.640     0.001     0.000    -0.015
    29.650    -0.002     0.002    -0.009
    29.660     0.001     0.002    -0.006
    29.670     0.002     0.004    -0.008
    29.680     0.002     0.003    -0.005
    29.690     0.003     0.002    -0.003
    29.700    -0.001     0.004    -0.007
    29.710    -0.001     0.002    -0.012
    29.720    -0.002     0.002    -0.010
    29.730    -0.002     0.002    -0.010
    29.740     0.001     0.001    -0.014
    29.750     0.002    -0.001    -0.012
    29.760     0.003     0.001    -0.009
    29.770     0.002     0.002    -0.006
    29.780     0.002    -0.002    -0.005
    29.790    -0.002    -0.002    -0.009
    29.800    -0.003     0.001    -0.011
    29.810    -0.004     0.000    -0.011
    29.820    -0.001     0.000    -0.015
    29.830     0.003     0.004    -0.011
    29.840     0.002     0.005    -0.007
    29.850     0.002     0.000    -0.009
    29.860     0.004    -0.003    -0.009
    29.870     0.004    -0.002    -0.008
    29.880     0.003    -0.002    -0.009
    29.890     0.000     0.000    -0.010
    29.900    -0.001     0.003    -0.009
    29.910     0.000     0.005    -0.009
    29.920     0.000     0.003    -0.005
    29.930     0.000    -0.001    -0.005
    29.940     0.000    -0.005    -0.007
    29.950    -0.001    -0.008    -0.010
    29.960    -0.001    -0.002    -0.013
    29.970     0.000     0.001    -0.010
    29.980     0.000     0.000    -0.011
    29.990     0.001     0.000    -0.006
    30.000     0.001    -0.005    -0.004
    30.010     0.002    -0.002    -0.008
    30.020     0.003     0.000    -0.008
    30.030    -0.001     0.004    -0.010
    30.040    -0.001     0.006    -0.007
    30.050     0.001    -0.001    -0.010
    30.060     0.000     0.000    -0.012
    30.070    -0.002     0.001    -0.009
    30.080    -0.003     0.000    -0.011
    30.090    -0.001     0.005    -0.010
    30.100     0.002     0.004    -0.013
    30.110     0.001    -0.002    -0.013
    30.120    -0.002    -0.002    -0.006
    30.130    -0.001     0.001    -0.005
    30.140     0.002    -0.001    -0.007
    30.150     0.000     0.003    -0.006
    30.160     0.001     0.004    -0.008
    30.170     0.003     0.002    -0.013
    30.180     0.002     0.003    -0.010
    30.190     0.002    -0.002    -0.005
    30.200     0.000    -0.002    -0.007
    30.210    -0.003     0.001    -0.005
    30.220    -0.002     0.001    -0.011
    30.230    -0.001    -0.002    -0.014
    30.240     0.000    -0.006    -0.009
    30.250     0.003    -0.003    -0.005
    30.260     0.001     0.003    -0.006
    30.270    -0.001     0.004    -0.009
    30.280    -0.001    -0.002    -0.004
    30.290     0.002    -0.006    -0.006
    30.300     0.003    -0.004    -0.009
    30.310    -0.002    -0.005    -0.011
    30.320    -0.002     0.000    -0.011
    30.330    -0.001     0.004    -0.004
    30.340     0.001    -0.002    -0.006
    30.350    -0.002    -0.004    -0.006
    30.360    -0.002    -0.001    -0.012
    30.370     0.003     0.001    -0.016
    30.380     0.000     0.006    -0.008
    30.390     0.001     0.006    -0.003
    30.400     0.002     0.004    -0.003
    30.410    -0.003    -0.002    -0.008
    30.420    -0.003    -0.004    -0.012
    30.430    -0.001     0.000    -0.011
    30.440     0.004     0.001    -0.009
    30.450     0.006     0.004    -0.012
    30.460    -0.001     0.006    -0.013
    30.470    -0.004     0.002    -0.009
    30.480    -0.003     0.000    -0.003
    30.490     0.000    -0.001    -0.005
    30.500     0.004     0.002    -0.010
    30.510     0.004     0.001    -0.012
    30.520     0.002     0.001    -0.014
    30.530    -0.001     0.005    -0.006
    30.540     0.002     0.000    -0.008
    30.550     0.002    -0.002    -0.008
    30.560    -0.002     0.003    -0.006
    30.570     0.002     0.008    -0.011
    30.580     0.000     0.006    -0.007
    30.590     0.000     0.001    -0.013
    30.600    -0.001    -0.003    -0.013
    30.610    -0.002    -0.004    -0.005
    30.620     0.004    -0.003    -0.005
    30.630     0.002     0.001    -0.003
    30.640    -0.002     0.006    -0.005
    30.650     0.000     0.002    -0.009
    30.660     0.002     0.001    -0.021
    30.670     0.004     0.007    -0.020
    30.680    -0.005    -0.004    -0.009
    30.690    -0.002    -0.012    -0.009
    30.700     0.007    -0.007    -0.005
    30.710     0.003     0.000    -0.010
    30.720     0.001     0.005    -0.008
    30.730    -0.002     0.008     0.000
    30.740     0.000     0.009    -0.006
    30.750     0.001     0.002    -0.006
    30.760    -0.004    -0.003    -0.006
    30.770     0.002     0.000    -0.010
    30.780     0.008     0.005    -0.008
    30.790     0.003     0.000    -0.007
    30.800    -0.003    -0.010    -0.015
    30.810    -0.002    -0.004    -0.010
    30.820     0.000    -0.007     0.002
    30.830     0.003    -0.015    -0.007
    30.840     0.006    -0.004    -0.016
    30.850     0.002     0.010    -0.007
    30.860    -0.001     0.009    -0.006
    30.870     0.002     0.006    -0.014
    30.880     0.004     0.011    -0.002
    30.890     0.001    -0.004    -0.002
    30.900     0.000    -0.021    -0.027
    30.910     0.002    -0.007    -0.026
    30.920    -0.002     0.012    -0.006
    30.930    -0.005     0.016     0.005
    30.940    -0.004     0.006     0.000
    30.950    -0.003     0.004    -0.009
    30.960     0.002    -0.002    -0.012
    30.970     0.005    -0.014    -0.010
    30.980     0.006    -0.004    -0.004
    30.990     0.006     0.004    -0.015
    31.000     0.000    -0.003    -0.026
    31.010    -0.003     0.002    -0.002
    31.020     0.000     0.011     0.013
    31.030     0.004     0.000    -0.009
    31.040    -0.001    -0.009    -0.025
    31.050    -0.005    -0.005    -0.017
    31.060     0.003     0.001    -0.009
    31.070     0.009     0.004    -0.004
    31.080     0.002     0.004    -0.004
    31.090    -0.004     0.005    -0.009
    31.100    -0.004     0.002    -0.005
    31.110    -0.002     0.002    -0.003
    31.120     0.003     0.002    -0.004
    31.130     0.003     0.000    -0.018
    31.140     0.001    -0.002    -0.027
    31.150    -0.001    -0.004    -0.005
    31.160    -0.001     0.003     0.004
    31.170     0.003     0.009     0.005
    31.180    -0.002     0.008     0.003
    31.190    -0.001     0.002    -0.010
    31.200     0.005    -0.003    -0.010
    31.210    -0.002    -0.002    -0.010
    31.220    -0.003    -0.001    -0.015
    31.230    -0.002    -0.001    -0.010
    31.240    -0.003     0.002     0.001
    31.250     0.002    -0.002    -0.002
    31.260     0.005    -0.004    -0.015
    31.270     0.005     0.000    -0.019
    31.280     0.005     0.000    -0.013
    31.290    -0.001     0.010     0.004
    31.300    -0.002     0.014     0.008
    31.310    -0.004     0.001    -0.009
    31.320    -0.005    -0.006    -0.014
    31.330    -0.003    -0.003    -0.006
    31.340    -0.003     0.007    -0.002
    31.350     0.001     0.010    -0.004
    31.360     0.004     0.001    -0.007
    31.370     0.007    -0.005    -0.006
    31.380     0.005    -0.003    -0.005
    31.390    -0.001     0.003    -0.005
    31.400    -0.002     0.006    -0.007
    31.410    -0.003     0.000    -0.015
    31.420     0.003    -0.008    -0.021
    31.430     0.005    -0.011    -0.016
    31.440    -0.002    -0.002    -0.011
    31.450    -0.005     0.009    -0.009
    31.460    -0.004     0.013    -0.008
    31.470     0.000     0.008    -0.003
    31.480     0.002    -0.003    -0.007
    31.490     0.005    -0.007    -0.012
    31.500     0.003     0.001    -0.007
    31.510     0.000     0.011    -0.005
    31.520     0.000     0.007    -0.007
    31.530    -0.004    -0.004    -0.010
    31.540    -0.003    -0.005    -0.009
    31.550    -0.004    -0.004    -0.003
    31.560    -0.003    -0.006    -0.003
    31.570     0.002    -0.009    -0.007
    31.580     0.001    -0.008    -0.010
    31.590     0.000    -0.004    -0.015
    31.600     0.001     0.001    -0.011
    31.610    -0.001     0.005    -0.005
    31.620    -0.002     0.001    -0.011
    31.630    -0.002     0.001    -0.008
    31.640    -0.002     0.000    -0.008
    31.650     0.000     0.004    -0.009
    31.660    -0.001     0.005    -0.002
    31.670     0.001     0.001    -0.002
    31.680     0.003     0.003    -0.001
    31.690    -0.001     0.000    -0.011
    31.700    -0.003    -0.001    -0.019
    31.710     0.000     0.006    -0.014
    31.720     0.004     0.005    -0.012
    31.730     0.005     0.001    -0.007
    31.740     0.003     0.000    -0.014
    31.750     0.001     0.002    -0.011
    31.760     0.000     0.007    -0.001
    31.770    -0.002     0.005    -0.002
    31.780    -0.003    -0.003    -0.007
    31.790    -0.002    -0.006    -0.017
    31.800     0.001     0.000    -0.015
    31.810     0.001     0.003    -0.003
    31.820    -0.002     0.007    -0.001
    31.830    -0.004     0.005    -0.003
    31.840    -0.005     0.003    -0.012
    31.850    -0.001     0.003    -0.014
    31.860     0.004    -0.003    -0.004
    31.870     0.004    -0.002    -0.004
    31.880     0.002     0.008    -0.010
    31.890    -0.002     0.006    -0.011
    31.900    -0.003    -0.005    -0.014
    31.910     0.000    -0.005    -0.007
    31.920    -0.001     0.000     0.004
    31.930    -0.005     0.001    -0.005
    31.940    -0.001     0.001    -0.011
    31.950     0.003     0.001    -0.004
    31.960     0.005     0.002    -0.003
    31.970     0.004     0.000    -0.011
    31.980     0.000     0.000    -0.012
    31.990     0.000     0.001    -0.006
    32.000     0.001    -0.001    -0.006
    32.010     0.003     0.001    -0.006
    32.020     0.001     0.004    -0.009
    32.030    -0.002     0.006    -0.012
    32.040    -0.002     0.007    -0.010
    32.050    -0.001     0.002    -0.010
    32.060     0.002    -0.003    -0.011
    32.070     0.003    -0.001    -0.008
    32.080     0.001     0.003    -0.005
    32.090     0.001     0.003    -0.008
    32.100     0.000     0.001    -0.012
    32.110    -0.001     0.000    -0.006
    32.120    -0.002     0.002    -0.002
    32.130     0.001     0.002    -0.004
    32.140     0.003    -0.003    -0.009
    32.150     0.003    -0.001    -0.007
    32.160     0.005     0.000    -0.010
    32.170    -0.001     0.002    -0.009
    32.180    -0.003     0.004    -0.008
    32.190    -0.001     0.001    -0.009
    32.200    -0.002     0.003    -0.002
    32.210     0.000    -0.001    -0.007
    32.220     0.003     0.000    -0.011
    32.230     0.004     0.004    -0.004
    32.240     0.001    -0.001    -0.002
    32.250     0.000    -0.002    -0.003
    32.260    -0.001    -0.001    -0.005
    32.270    -0.002    -0.001    -0.007
    32.280    -0.002     0.001    -0.008
    32.290     0.001     0.002    -0.009
    32.300     0.003     0.004    -0.010
    32.310     0.000     0.004    -0.007
    32.320     0.000     0.000    -0.002
    32.330     0.001     0.000    -0.004
    32.340     0.001     0.001    -0.007
    32.350     0.002    -0.002    -0.009
    32.360     0.000    -0.001    -0.010
    32.370    -0.001     0.001    -0.005
    32.380     0.001     0.005    -0.005
    32.390     0.000     0.004    -0.006
    32.400    -0.002    -0.003    -0.002
    32.410     0.002    -0.004    -0.011
    32.420     0.004    -0.002    -0.021
    32.430     0.001     0.002    -0.014
    32.440     0.000     0.008     0.000
    32.450    -0.002     0.008     0.008
    32.460    -0.002     0.001    -0.003
    32.470    -0.004    -0.005    -0.014
    32.480    -0.003    -0.006    -0.021
    32.490     0.002    -0.003    -0.016
    32.500    -0.001     0.001    -0.008
    32.510    -0.003     0.011    -0.002
    32.520    -0.004     0.011     0.001
    32.530    -0.001    -0.001    -0.002
    32.540     0.005    -0.007    -0.008
    32.550     0.004    -0.002    -0.018
    32.560     0.002     0.001    -0.021
    32.570    -0.004    -0.002    -0.013
    32.580    -0.004     0.006    -0.007
    32.590    -0.001     0.010    -0.001
    32.600    -0.004    -0.005     0.001
    32.610     0.002    -0.010    -0.008
    32.620     0.008    -0.004    -0.018
    32.630     0.002     0.004    -0.012
    32.640    -0.003     0.012    -0.002
    32.650    -0.005     0.008    -0.007
    32.660    -0.002    -0.003    -0.009
    32.670     0.002    -0.012    -0.005
    32.680     0.003    -0.008    -0.006
    32.690     0.004     0.004    -0.009
    32.700     0.000     0.010    -0.013
    32.710    -0.004     0.013    -0.011
    32.720    -0.002     0.004    -0.007
    32.730    -0.001    -0.009    -0.008
    32.740     0.001    -0.010    -0.010
    32.750     0.000    -0.006    -0.007
    32.760     0.001    -0.001    -0.002
    32.770     0.006     0.005    -0.011
    32.780     0.002     0.009    -0.018
    32.790    -0.004     0.003    -0.013
    32.800    -0.005     0.000    -0.004
    32.810    -0.002     0.002     0.004
    32.820     0.001     0.000    -0.003
    32.830     0.004    -0.002    -0.011
    32.840     0.003    -0.004    -0.016
    32.850     0.002     0.001    -0.016
    32.860    -0.001     0.005    -0.012
    32.870    -0.002     0.006    -0.009
    32.880    -0.002     0.007    -0.002
    32.890    -0.002    -0.002    -0.006
    32.900     0.002    -0.008    -0.007
    32.910     0.005    -0.002    -0.006
    32.920     0.006     0.000    -0.011
    32.930     0.002    -0.004    -0.013
    32.940    -0.003    -0.001    -0.016
    32.950    -0.001     0.001    -0.014
    32.960    -0.002     0.004    -0.006
    32.970     0.000     0.005     0.000
    32.980     0.003     0.004    -0.003
    32.990     0.005     0.002    -0.012
    33.000     0.004    -0.004    -0.010
    33.010    -0.002    -0.004    -0.004
    33.020    -0.003    -0.003    -0.006
    33.030    -0.005    -0.003    -0.006
    33.040    -0.002     0.002    -0.010
    33.050     0.003     0.004    -0.010
    33.060     0.002     0.004    -0.002
    33.070     0.001     0.003    -0.005
    33.080     0.002     0.000    -0.010
    33.090     0.003    -0.005    -0.012
    33.100    -0.001    -0.003    -0.008
    33.110    -0.002     0.004    -0.007
    33.120     0.001     0.004    -0.010
    33.130    -0.003     0.004    -0.003
    33.140    -0.002     0.004     0.001
    33.150     0.000     0.000    -0.003
    33.160     0.003    -0.007    -0.013
    33.170     0.001    -0.008    -0.009
    33.180    -0.002    -0.006    -0.007
    33.190    -0.001    -0.006    -0.008
    33.200    -0.003     0.000     0.001
    33.210     0.000     0.004    -0.004
    33.220     0.001     0.005    -0.005
    33.230    -0.001     0.005    -0.004
    33.240     0.002     0.001    -0.009
    33.250     0.003    -0.003    -0.014
    33.260     0.001    -0.004    -0.016
    33.270     0.002     0.000    -0.008
    33.280     0.001     0.000    -0.005
    33.290     0.002     0.002    -0.003
    33.300     0.003     0.006    -0.008
    33.310     0.002     0.006    -0.012
    33.320     0.004     0.005    -0.009
    33.330     0.003    -0.001    -0.011
    33.340     0.003    -0.003    -0.011
    33.350     0.003    -0.003    -0.017
    33.360     0.002    -0.002    -0.010
    33.370     0.005     0.000    -0.002
    33.380     0.007    -0.004    -0.012
    33.390     0.005     0.000    -0.008
    33.400     0.001     0.006    -0.005
    33.410     0.003     0.010    -0.009
    33.420     0.005     0.011    -0.011
    33.430     0.002     0.002    -0.012
    33.440     0.003    -0.002    -0.011
    33.450     0.007    -0.003    -0.007
    33.460     0.010    -0.001    -0.003
    33.470     0.015     0.009    -0.010
    33.480     0.013     0.012    -0.004
    33.490     0.011     0.009    -0.002
    33.500     0.010     0.004    -0.007
    33.510     0.008     0.001    -0.010
    33.520     0.009    -0.001    -0.011
    33.530     0.008    -0.001    -0.008
    33.540     0.010     0.003    -0.012
    33.550     0.014     0.006    -0.011
    33.560     0.016     0.011    -0.009
    33.570     0.019     0.014    -0.010
    33.580     0.018     0.014    -0.007
    33.590     0.014     0.010    -0.005
    33.600     0.009     0.005    -0.007
    33.610     0.007     0.004    -0.008
    33.620     0.010     0.005    -0.010
    33.630     0.009     0.009    -0.013
    33.640     0.007     0.012    -0.008
    33.650     0.008     0.013    -0.005
    33.660     0.009     0.013    -0.005
    33.670     0.008     0.010    -0.005
    33.680     0.009     0.008    -0.009
    33.690     0.005     0.005    -0.006
    33.700    -0.004     0.006    -0.002
    33.710    -0.015     0.012    -0.003
    33.720    -0.026     0.012    -0.008
    33.730    -0.034     0.011    -0.012
    33.740    -0.046     0.006    -0.011
    33.750    -0.056    -0.002    -0.014
    33.760    -0.064    -0.005    -0.018
    33.770    -0.064    -0.007    -0.015
    33.780    -0.058    -0.014    -0.017
    33.790    -0.058    -0.022    -0.012
    33.800    -0.060    -0.018    -0.002
    33.810    -0.065    -0.013    -0.001
    33.820    -0.067    -0.016    -0.007
    33.830    -0.071    -0.020    -0.017
    33.840    -0.082    -0.022    -0.020
    33.850    -0.082    -0.027    -0.023
    33.860    -0.070    -0.036    -0.030
    33.870    -0.042    -0.040    -0.030
    33.880    -0.010    -0.046    -0.023
    33.890     0.007    -0.050    -0.009
    33.900     0.008    -0.042     0.002
    33.910     0.004    -0.035     0.004
    33.920     0.008    -0.034     0.007
    33.930     0.032    -0.036     0.006
    33.940     0.056    -0.034     0.008
    33.950     0.058    -0.031     0.008
    33.960     0.063    -0.031     0.012
    33.970     0.092    -0.026     0.018
    33.980     0.147    -0.026     0.014
    33.990     0.193    -0.026     0.020
    34.000     0.200    -0.012     0.035
    34.010     0.178     0.013     0.041
    34.020     0.139     0.037     0.039
    34.030     0.098     0.048     0.025
    34.040     0.060     0.056     0.008
    34.050     0.029     0.058    -0.006
    34.060     0.022     0.058    -0.014
    34.070     0.042     0.056    -0.019
    34.080     0.067     0.048    -0.024
    34.090     0.056     0.048    -0.018
    34.100     0.004     0.063    -0.004
    34.110    -0.053     0.084     0.001
    34.120    -0.075     0.091    -0.010
    34.130    -0.071     0.084    -0.030
    34.140    -0.086     0.078    -0.045
    34.150    -0.124     0.078    -0.058
    34.160    -0.166     0.071    -0.070
    34.170    -0.166     0.050    -0.085
    34.180    -0.108     0.017    -0.094
    34.190    -0.033    -0.017    -0.074
    34.200    -0.003    -0.027    -0.041
    34.210    -0.055    -0.016    -0.009
    34.220    -0.137    -0.015     0.006
    34.230    -0.143    -0.034     0.008
    34.240    -0.042    -0.052     0.011
    34.250     0.074    -0.059     0.020
    34.260     0.109    -0.055     0.041
    34.270     0.057    -0.038     0.051
    34.280    -0.020    -0.032     0.045
    34.290    -0.057    -0.056     0.036
    34.300    -0.030    -0.087     0.029
    34.310     0.013    -0.092     0.030
    34.320     0.025    -0.067     0.029
    34.330     0.005    -0.035     0.030
    34.340    -0.039    -0.017     0.031
    34.350    -0.090    -0.015     0.020
    34.360    -0.109    -0.022     0.010
    34.370    -0.060    -0.015     0.010
    34.380     0.015    -0.002    -0.001
    34.390     0.050    -0.005     0.000
    34.400     0.042    -0.011     0.022
    34.410     0.020    -0.006     0.018
    34.420    -0.005    -0.002    -0.021
    34.430    -0.018    -0.012    -0.067
    34.440     0.010    -0.020    -0.096
    34.450     0.068    -0.016    -0.085
    34.460     0.101    -0.012    -0.066
    34.470     0.070    -0.013    -0.071
    34.480     0.011    -0.014    -0.073
    34.490     0.025    -0.014    -0.062
    34.500     0.121    -0.019    -0.042
    34.510     0.193    -0.024    -0.025
    34.520     0.168    -0.022    -0.018
    34.530     0.068     0.002    -0.019
    34.540    -0.043     0.049    -0.036
    34.550    -0.126     0.080    -0.062
    34.560    -0.124     0.079    -0.091
    34.570    -0.012     0.071    -0.117
    34.580     0.132     0.066    -0.114
    34.590     0.190     0.053    -0.079
    34.600     0.126     0.032    -0.012
    34.610     0.036     0.031     0.061
    34.620     0.025     0.056     0.111
    34.630     0.078     0.087     0.122
    34.640     0.113     0.100     0.101
    34.650     0.083     0.098     0.086
    34.660    -0.022     0.104     0.084
    34.670    -0.139     0.083     0.057
    34.680    -0.172     0.025     0.006
    34.690    -0.100    -0.038    -0.034
    34.700    -0.001    -0.075    -0.026
    34.710     0.023    -0.078     0.033
    34.720    -0.042    -0.059     0.080
    34.730    -0.149    -0.041     0.087
    34.740    -0.232    -0.034     0.088
    34.750    -0.219    -0.015     0.078
    34.760    -0.120     0.017     0.046
    34.770    -0.011     0.039     0.014
    34.780     0.055     0.026    -0.003
    34.790     0.066    -0.004    -0.006
    34.800     0.026    -0.023    -0.015
    34.810    -0.013    -0.032    -0.041
    34.820    -0.012    -0.023    -0.049
    34.830     0.006    -0.008    -0.025
    34.840     0.002    -0.010     0.001
    34.850    -0.032    -0.021    -0.004
    34.860    -0.044    -0.015    -0.034
    34.870    -0.017     0.003    -0.057
    34.880     0.009    -0.003    -0.049
    34.890     0.013    -0.033    -0.021
    34.900     0.011    -0.063     0.013
    34.910     0.019    -0.098     0.034
    34.920     0.032    -0.149     0.030
    34.930     0.047    -0.176     0.031
    34.940     0.080    -0.145     0.038
    34.950     0.094    -0.074     0.025
    34.960     0.026     0.003    -0.016
    34.970    -0.078     0.050    -0.067
    34.980    -0.120     0.050    -0.107
    34.990    -0.066     0.012    -0.113
    35.000     0.027    -0.015    -0.083
    35.010     0.073     0.010    -0.037
    35.020     0.045     0.058     0.003
    35.030    -0.027     0.081     0.010
    35.040    -0.085     0.073    -0.004
    35.050    -0.090     0.055    -0.020
    35.060    -0.025     0.053    -0.041
    35.070     0.073     0.088    -0.072
    35.080     0.138     0.133    -0.105
    35.090     0.117     0.148    -0.150
    35.100     0.028     0.132    -0.212
    35.110    -0.058     0.100    -0.263
    35.120    -0.064     0.042    -0.280
    35.130     0.021    -0.041    -0.223
    35.140     0.102    -0.104    -0.117
    35.150     0.089    -0.107    -0.017
    35.160    -0.016    -0.057     0.064
    35.170    -0.124    -0.006     0.130
    35.180    -0.149    -0.016     0.200
    35.190    -0.080    -0.071     0.260
    35.200     0.031    -0.101     0.291
    35.210     0.113    -0.068     0.286
    35.220     0.096    -0.013     0.235
    35.230    -0.017    -0.003     0.166
    35.240    -0.136    -0.018     0.101
    35.250    -0.163    -0.013     0.026
    35.260    -0.079     0.003    -0.042
    35.270     0.035     0.003    -0.067
    35.280     0.092    -0.018    -0.027
    35.290     0.100    -0.023     0.053
    35.300     0.089     0.020     0.086
    35.310     0.084     0.096     0.050
    35.320     0.086     0.142    -0.014
    35.330     0.073     0.114    -0.072
    35.340     0.044     0.036    -0.099
    35.350     0.024    -0.051    -0.103
    35.360     0.036    -0.112    -0.107
    35.370     0.070    -0.133    -0.097
    35.380     0.092    -0.119    -0.039
    35.390     0.084    -0.078     0.054
    35.400     0.033    -0.027     0.115
    35.410    -0.048     0.010     0.128
    35.420    -0.104     0.035     0.102
    35.430    -0.113     0.055     0.051
    35.440    -0.099     0.060     0.019
    35.450    -0.075     0.048    -0.010
    35.460    -0.045     0.038    -0.049
    35.470    -0.034     0.034    -0.105
    35.480    -0.071     0.031    -0.156
    35.490    -0.139     0.031    -0.158
    35.500    -0.180     0.039    -0.132
    35.510    -0.157     0.052    -0.098
    35.520    -0.096     0.057    -0.083
    35.530    -0.037     0.051    -0.082
    35.540     0.005     0.039    -0.065
    35.550     0.046     0.019    -0.044
    35.560     0.095    -0.024    -0.022
    35.570     0.142    -0.075    -0.010
    35.580     0.185    -0.114     0.019
    35.590     0.201    -0.121     0.065
    35.600     0.145    -0.093     0.089
    35.610     0.014    -0.053     0.081
    35.620    -0.132    -0.044     0.031
    35.630    -0.197    -0.060    -0.035
    35.640    -0.146    -0.064    -0.087
    35.650    -0.038    -0.057    -0.111
    35.660     0.040    -0.028    -0.093
    35.670     0.058     0.031    -0.040
    35.680     0.054     0.100     0.029
    35.690     0.060     0.143     0.065
    35.700     0.071     0.155     0.057
    35.710     0.095     0.173     0.055
    35.720     0.129     0.188     0.087
    35.730     0.148     0.192     0.109
    35.740     0.135     0.162     0.062
    35.750     0.093     0.097    -0.044
    35.760     0.037     0.037    -0.145
    35.770    -0.037    -0.010    -0.211
    35.780    -0.100    -0.045    -0.237
    35.790    -0.117    -0.071    -0.224
    35.800    -0.090    -0.096    -0.174
    35.810    -0.034    -0.111    -0.079
    35.820    -0.006    -0.108     0.017
    35.830    -0.042    -0.092     0.070
    35.840    -0.111    -0.080     0.085
    35.850    -0.145    -0.090     0.082
    35.860    -0.090    -0.117     0.091
    35.870     0.022    -0.138     0.139
    35.880     0.110    -0.140     0.198
    35.890     0.123    -0.119     0.217
    35.900     0.063    -0.068     0.185
    35.910    -0.006    -0.004     0.128
    35.920    -0.021     0.044     0.080
    35.930     0.016     0.069     0.059
    35.940     0.048     0.081     0.066
    35.950     0.017     0.084     0.076
    35.960    -0.049     0.073     0.065
    35.970    -0.078     0.047     0.042
    35.980    -0.058     0.006     0.024
    35.990    -0.027    -0.048     0.017
    36.000    -0.023    -0.095     0.024
    36.010    -0.039    -0.102     0.023
    36.020    -0.065    -0.083    -0.008
    36.030    -0.092    -0.056    -0.055
    36.040    -0.107    -0.007    -0.088
    36.050    -0.108     0.055    -0.096
    36.060    -0.071     0.087    -0.096
    36.070    -0.012     0.068    -0.114
    36.080     0.037     0.018    -0.116
    36.090     0.081    -0.025    -0.084
    36.100     0.108    -0.020    -0.034
    36.110     0.092     0.024    -0.002
    36.120     0.035     0.052     0.009
    36.130    -0.019     0.050     0.018
    36.140    -0.015     0.045     0.005
    36.150     0.045     0.071    -0.026
    36.160     0.104     0.118    -0.075
    36.170     0.116     0.157    -0.121
    36.180     0.096     0.175    -0.140
    36.190     0.073     0.159    -0.160
    36.200     0.072     0.113    -0.185
    36.210     0.102     0.054    -0.187
    36.220     0.152     0.013    -0.143
    36.230     0.178     0.017    -0.051
    36.240     0.131     0.045     0.041
    36.250     0.036     0.057     0.098
    36.260    -0.054     0.023     0.117
    36.270    -0.109    -0.053     0.113
    36.280    -0.134    -0.130     0.101
    36.290    -0.148    -0.165     0.066
    36.300    -0.146    -0.137     0.012
    36.310    -0.110    -0.085    -0.041
    36.320    -0.057    -0.062    -0.072
    36.330    -0.019    -0.079    -0.068
    36.340    -0.006    -0.106    -0.011
    36.350     0.000    -0.095     0.071
    36.360    -0.019    -0.051     0.122
    36.370    -0.086    -0.004     0.135
    36.380    -0.140     0.018     0.111
    36.390    -0.122     0.012     0.066
    36.400    -0.050    -0.003     0.025
    36.410     0.033    -0.017    -0.010
    36.420     0.091    -0.007    -0.035
    36.430     0.101     0.025    -0.048
    36.440     0.057     0.042    -0.041
    36.450    -0.010     0.024    -0.021
    36.460    -0.042    -0.005    -0.005
    36.470    -0.012    -0.022    -0.004
    36.480     0.039    -0.036    -0.016
    36.490     0.055    -0.054    -0.037
    36.500     0.036    -0.081    -0.055
    36.510     0.026    -0.105    -0.056
    36.520     0.046    -0.098    -0.048
    36.530     0.077    -0.060    -0.038
    36.540     0.076    -0.008    -0.017
    36.550     0.019     0.033     0.016
    36.560    -0.077     0.051     0.043
    36.570    -0.167     0.058     0.059
    36.580    -0.191     0.045     0.048
    36.590    -0.120     0.019     0.022
    36.600    -0.007    -0.003     0.010
    36.610     0.073    -0.010     0.017
    36.620     0.096    -0.006     0.052
    36.630     0.089     0.004     0.095
    36.640     0.052     0.035     0.134
    36.650     0.000     0.074     0.152
    36.660    -0.028     0.111     0.120
    36.670    -0.031     0.135     0.051
    36.680    -0.027     0.115    -0.031
    36.690    -0.026     0.057    -0.104
    36.700    -0.006    -0.005    -0.156
    36.710     0.030    -0.038    -0.188
    36.720     0.040    -0.044    -0.185
    36.730     0.001    -0.024    -0.152
    36.740    -0.054     0.018    -0.119
    36.750    -0.072     0.052    -0.097
    36.760    -0.041     0.059    -0.088
    36.770     0.021     0.043    -0.079
    36.780     0.063     0.031    -0.056
    36.790     0.047     0.036    -0.022
    36.800     0.000     0.045     0.012
    36.810     0.000     0.031     0.039
    36.820     0.071    -0.014     0.077
    36.830     0.141    -0.063     0.130
    36.840     0.136    -0.072     0.170
    36.850     0.045    -0.021     0.176
    36.860    -0.088     0.030     0.121
    36.870    -0.191     0.019     0.029
    36.880    -0.193    -0.051    -0.018
    36.890    -0.070    -0.122    -0.030
    36.900     0.073    -0.143    -0.045
    36.910     0.095    -0.125    -0.055
    36.920     0.004    -0.085    -0.055
    36.930    -0.090    -0.028    -0.031
    36.940    -0.112     0.024    -0.015
    36.950    -0.063     0.050    -0.017
    36.960     0.015     0.062    -0.017
    36.970     0.074     0.075    -0.031
    36.980     0.082     0.074    -0.072
    36.990     0.072     0.060    -0.146
    37.000     0.084     0.038    -0.236
    37.010     0.121     0.014    -0.284
    37.020     0.152     0.005    -0.243
    37.030     0.148     0.020    -0.133
    37.040     0.099     0.047     0.000
    37.050     0.011     0.047     0.108
    37.060    -0.083     0.016     0.161
    37.070    -0.148    -0.007     0.171
    37.080    -0.163    -0.022     0.161
    37.090    -0.152    -0.052     0.156
    37.100    -0.144    -0.094     0.151
    37.110    -0.130    -0.104     0.158
    37.120    -0.083    -0.076     0.165
    37.130    -0.002    -0.041     0.137
    37.140     0.044    -0.017     0.091
    37.150     0.030    -0.006     0.055
    37.160    -0.007    -0.002     0.039
    37.170    -0.034    -0.005     0.005
    37.180    -0.019    -0.025    -0.073
    37.190     0.048    -0.047    -0.137
    37.200     0.140    -0.043    -0.149
    37.210     0.192    -0.018    -0.134
    37.220     0.134    -0.003    -0.110
    37.230     0.004    -0.014    -0.090
    37.240    -0.070    -0.020    -0.053
    37.250    -0.026    -0.001     0.021
    37.260     0.080     0.046     0.082
    37.270     0.138     0.110     0.099
    37.280     0.087     0.149     0.074
    37.290    -0.021     0.136     0.031
    37.300    -0.097     0.060    -0.011
    37.310    -0.098    -0.046    -0.060
    37.320    -0.049    -0.110    -0.083
    37.330     0.005    -0.096    -0.054
    37.340     0.017    -0.012    -0.005
    37.350    -0.033     0.080     0.033
    37.360    -0.106     0.129     0.062
    37.370    -0.136     0.137     0.083
    37.380    -0.103     0.129     0.085
    37.390    -0.021     0.121     0.060
    37.400     0.069     0.091     0.018
    37.410     0.135     0.032    -0.034
    37.420     0.155    -0.032    -0.084
    37.430     0.130    -0.067    -0.137
    37.440     0.103    -0.054    -0.187
    37.450     0.086    -0.009    -0.216
    37.460     0.054     0.038    -0.223
    37.470     0.006     0.050    -0.203
    37.480    -0.022     0.020    -0.158
    37.490    -0.009    -0.033    -0.080
    37.500    -0.002    -0.105     0.009
    37.510    -0.032    -0.159     0.069
    37.520    -0.080    -0.161     0.104
    37.530    -0.123    -0.134     0.115
    37.540    -0.149    -0.114     0.121
    37.550    -0.149    -0.112     0.144
    37.560    -0.111    -0.096     0.174
    37.570    -0.045    -0.042     0.177
    37.580     0.005     0.037     0.140
    37.590     0.014     0.104     0.092
    37.600     0.038     0.126     0.047
    37.610     0.106     0.110     0.019
    37.620     0.148     0.072     0.013
    37.630     0.094     0.037     0.016
    37.640    -0.029     0.010     0.011
    37.650    -0.141    -0.001    -0.021
    37.660    -0.193     0.006    -0.062
    37.670    -0.180    -0.009    -0.084
    37.680    -0.124    -0.047    -0.079
    37.690    -0.054    -0.071    -0.079
    37.700     0.006    -0.070    -0.106
    37.710     0.047    -0.071    -0.150
    37.720     0.083    -0.085    -0.185
    37.730     0.116    -0.092    -0.178
    37.740     0.117    -0.083    -0.134
    37.750     0.102    -0.058    -0.077
    37.760     0.116    -0.031    -0.024
    37.770     0.141    -0.010     0.027
    37.780     0.117     0.000     0.085
    37.790     0.048     0.011     0.118
    37.800    -0.002     0.041     0.114
    37.810    -0.005     0.093     0.081
    37.820     0.011     0.152     0.040
    37.830     0.000     0.201     0.010
    37.840    -0.038     0.229    -0.023
    37.850    -0.070     0.223    -0.039
    37.860    -0.082     0.183    -0.021
    37.870    -0.065     0.137     0.001
    37.880    -0.025     0.113     0.021
    37.890     0.008     0.099     0.029
    37.900     0.005     0.062     0.011
    37.910    -0.027    -0.011    -0.023
    37.920    -0.042    -0.098    -0.055
    37.930    -0.013    -0.161    -0.059
    37.940     0.031    -0.194    -0.030
    37.950     0.029    -0.213     0.010
    37.960    -0.020    -0.211     0.039
    37.970    -0.062    -0.171     0.061
    37.980    -0.067    -0.107     0.078
    37.990    -0.062    -0.045     0.078
    38.000    -0.083     0.004     0.080
    38.010    -0.123     0.027     0.072
    38.020    -0.148     0.015     0.061
    38.030    -0.129    -0.024     0.066
    38.040    -0.057    -0.056     0.080
    38.050     0.048    -0.037     0.086
    38.060     0.122     0.025     0.064
    38.070     0.111     0.080     0.053
    38.080     0.040     0.096     0.055
    38.090    -0.006     0.082     0.032
    38.100     0.009     0.054    -0.010
    38.110     0.036     0.021    -0.070
    38.120     0.037    -0.014    -0.124
    38.130     0.034    -0.050    -0.163
    38.140     0.046    -0.083    -0.192
    38.150     0.069    -0.124    -0.196
    38.160     0.085    -0.163    -0.153
    38.170     0.091    -0.166    -0.058
    38.180     0.076    -0.122     0.037
    38.190     0.017    -0.056     0.080
    38.200    -0.048    -0.013     0.067
    38.210    -0.050     0.006     0.041
    38.220     0.019     0.026     0.039
    38.230     0.087     0.057     0.051
    38.240     0.084     0.114     0.042
    38.250     0.018     0.190     0.003
    38.260    -0.041     0.253    -0.038
    38.270    -0.062     0.269    -0.075
    38.280    -0.063     0.226    -0.102
    38.290    -0.053     0.160    -0.097
    38.300    -0.023     0.103    -0.078
    38.310     0.026     0.069    -0.060
    38.320     0.070     0.035    -0.055
    38.330     0.081    -0.023    -0.063
    38.340     0.054    -0.080    -0.046
    38.350    -0.012    -0.119    -0.005
    38.360    -0.088    -0.125     0.029
    38.370    -0.125    -0.091     0.025
    38.380    -0.102    -0.051     0.004
    38.390    -0.043    -0.018     0.009
    38.400     0.017     0.013     0.037
    38.410     0.074     0.025     0.062
    38.420     0.107     0.016     0.040
    38.430     0.081     0.014    -0.004
    38.440     0.004     0.017    -0.023
    38.450    -0.073     0.015    -0.014
    38.460    -0.128    -0.006    -0.015
    38.470    -0.150    -0.041    -0.035
    38.480    -0.123    -0.083    -0.048
    38.490    -0.061    -0.129    -0.069
    38.500     0.007    -0.165    -0.071
    38.510     0.061    -0.193    -0.049
    38.520     0.097    -0.184    -0.034
    38.530     0.108    -0.103     0.006
    38.540     0.097     0.011     0.051
    38.550     0.093     0.094     0.098
    38.560     0.109     0.121     0.142
    38.570     0.133     0.101     0.156
    38.580     0.142     0.066     0.164
    38.590     0.122     0.036     0.148
    38.600     0.065     0.010     0.085
    38.610    -0.030    -0.022    -0.002
    38.620    -0.108    -0.047    -0.086
    38.630    -0.127    -0.035    -0.131
    38.640    -0.099     0.007    -0.131
    38.650    -0.070     0.054    -0.093
    38.660    -0.087     0.103    -0.044
    38.670    -0.136     0.132    -0.007
    38.680    -0.161     0.124     0.011
    38.690    -0.102     0.086     0.008
    38.700     0.019     0.056     0.011
    38.710     0.104     0.048     0.027
    38.720     0.109     0.047     0.032
    38.730     0.057     0.050     0.012
    38.740    -0.001     0.039    -0.026
    38.750    -0.052    -0.006    -0.069
    38.760    -0.089    -0.059    -0.107
    38.770    -0.080    -0.082    -0.115
    38.780    -0.047    -0.073    -0.095
    38.790    -0.041    -0.054    -0.063
    38.800    -0.057    -0.027    -0.023
    38.810    -0.051     0.013     0.030
    38.820    -0.012     0.023     0.081
    38.830     0.030    -0.027     0.107
    38.840     0.050    -0.097     0.133
    38.850     0.063    -0.132     0.150
    38.860     0.092    -0.104     0.123
    38.870     0.126    -0.028     0.050
    38.880     0.142     0.070    -0.028
    38.890     0.138     0.159    -0.080
    38.900     0.107     0.193    -0.104
    38.910     0.052     0.157    -0.112
    38.920    -0.001     0.072    -0.103
    38.930    -0.035    -0.019    -0.043
    38.940    -0.060    -0.066     0.048
    38.950    -0.089    -0.066     0.135
    38.960    -0.115    -0.042     0.201
    38.970    -0.125    -0.028     0.225
    38.980    -0.107    -0.053     0.214
    38.990    -0.058    -0.100     0.172
    39.000     0.014    -0.133     0.098
    39.010     0.078    -0.128     0.004
    39.020     0.114    -0.083    -0.088
    39.030     0.102    -0.033    -0.165
    39.040     0.039     0.008    -0.204
    39.050    -0.019     0.039    -0.217
    39.060    -0.056     0.065    -0.236
    39.070    -0.102     0.087    -0.246
    39.080    -0.132     0.103    -0.223
    39.090    -0.114     0.114    -0.152
    39.100    -0.053     0.105    -0.052
    39.110     0.018     0.076     0.047
    39.120     0.056     0.036     0.115
    39.130     0.076    -0.004     0.141
    39.140     0.102    -0.050     0.121
    39.150     0.150    -0.108     0.061
    39.160     0.197    -0.144    -0.004
    39.170     0.203    -0.126    -0.055
    39.180     0.165    -0.031    -0.070
    39.190     0.096     0.099    -0.052
    39.200     0.016     0.188    -0.042
    39.210    -0.055     0.184    -0.037
    39.220    -0.098     0.104    -0.026
    39.230    -0.114     0.013    -0.006
    39.240    -0.121    -0.064     0.021
    39.250    -0.108    -0.108     0.043
    39.260    -0.076    -0.106     0.046
    39.270    -0.043    -0.067     0.033
    39.280    -0.017    -0.008     0.023
    39.290    -0.001     0.036     0.014
    39.300    -0.002     0.044     0.019
    39.310    -0.024     0.024     0.047
    39.320    -0.040     0.005     0.056
    39.330    -0.024     0.001     0.016
    39.340     0.023    -0.005    -0.051
    39.350     0.061    -0.027    -0.100
    39.360     0.033    -0.065    -0.104
    39.370    -0.044    -0.090    -0.078
    39.380    -0.109    -0.097    -0.064
    39.390    -0.127    -0.100    -0.071
    39.400    -0.086    -0.083    -0.063
    39.410    -0.016    -0.034    -0.024
    39.420     0.047     0.038     0.025
    39.430     0.054     0.101     0.058
    39.440    -0.015     0.120     0.061
    39.450    -0.100     0.104     0.040
    39.460    -0.121     0.071     0.015
    39.470    -0.058     0.039     0.002
    39.480     0.017     0.012     0.011
    39.490     0.037     0.007     0.047
    39.500    -0.003     0.028     0.094
    39.510    -0.083     0.049     0.112
    39.520    -0.160     0.057     0.099
    39.530    -0.196     0.036     0.080
    39.540    -0.159    -0.019     0.070
    39.550    -0.047    -0.072     0.074
    39.560     0.081    -0.099     0.071
    39.570     0.159    -0.101     0.049
    39.580     0.159    -0.076     0.021
    39.590     0.112    -0.026    -0.015
    39.600     0.073     0.026    -0.047
    39.610     0.083     0.055    -0.051
    39.620     0.120     0.046    -0.050
    39.630     0.139     0.013    -0.049
    39.640     0.124    -0.022    -0.054
    39.650     0.070    -0.052    -0.079
    39.660    -0.014    -0.084    -0.098
    39.670    -0.084    -0.135    -0.088
    39.680    -0.079    -0.174    -0.052
    39.690    -0.005    -0.161    -0.014
    39.700     0.059    -0.119     0.015
    39.710     0.070    -0.061     0.031
    39.720     0.047     0.015     0.027
    39.730     0.034     0.091     0.020
    39.740     0.027     0.140     0.002
    39.750     0.006     0.131    -0.048
    39.760    -0.001     0.075    -0.094
    39.770     0.027     0.007    -0.113
    39.780     0.069    -0.043    -0.114
    39.790     0.072    -0.045    -0.090
    39.800     0.035     0.001    -0.037
    39.810     0.022     0.080     0.018
    39.820     0.049     0.163     0.032
    39.830     0.076     0.212     0.000
    39.840     0.042     0.215    -0.053
    39.850    -0.048     0.193    -0.113
    39.860    -0.135     0.148    -0.143
    39.870    -0.178     0.062    -0.142
    39.880    -0.155    -0.053    -0.107
    39.890    -0.079    -0.152    -0.030
    39.900    -0.009    -0.186     0.051
    39.910    -0.004    -0.163     0.121
    39.920    -0.062    -0.113     0.161
    39.930    -0.096    -0.050     0.175
    39.940    -0.049     0.015     0.177
    39.950     0.041     0.074     0.163
    39.960     0.095     0.108     0.135
    39.970     0.075     0.103     0.096
    39.980     0.015     0.083     0.065
    39.990    -0.032     0.070     0.046
    40.000    -0.037     0.064     0.026
    40.010    -0.011     0.064     0.013
    40.020     0.026     0.068     0.009
    40.030     0.044     0.062     0.007
    40.040     0.028     0.029     0.011
    40.050    -0.002    -0.027     0.022
    40.060    -0.028    -0.081     0.027
    40.070    -0.041    -0.103     0.027
    40.080    -0.054    -0.082     0.031
    40.090    -0.063    -0.049     0.033
    40.100    -0.057    -0.033     0.032
    40.110    -0.040    -0.051     0.017
    40.120    -0.026    -0.092    -0.004
    40.130    -0.012    -0.130    -0.013
    40.140     0.025    -0.152    -0.027
    40.150     0.069    -0.147    -0.042
    40.160     0.099    -0.125    -0.055
    40.170     0.104    -0.103    -0.077
    40.180     0.075    -0.072    -0.096
    40.190     0.034    -0.033    -0.126
    40.200     0.013     0.012    -0.179
    40.210     0.043     0.068    -0.217
    40.220     0.099     0.109    -0.214
    40.230     0.120     0.117    -0.161
    40.240     0.098     0.096    -0.088
    40.250     0.065     0.071    -0.029
    40.260     0.029     0.067    -0.004
    40.270    -0.022     0.082    -0.010
    40.280    -0.094     0.095    -0.023
    40.290    -0.147     0.083    -0.034
    40.300    -0.155     0.042    -0.040
    40.310    -0.143    -0.011    -0.021
    40.320    -0.106    -0.036     0.025
    40.330    -0.040    -0.020     0.089
    40.340     0.020    -0.002     0.142
    40.350     0.021    -0.018     0.173
    40.360    -0.023    -0.052     0.164
    40.370    -0.052    -0.069     0.101
    40.380    -0.047    -0.065     0.028
    40.390    -0.027    -0.057    -0.028
    40.400    -0.005    -0.048    -0.048
    40.410     0.023    -0.034    -0.024
    40.420     0.046    -0.012    -0.006
    40.430     0.038     0.008    -0.019
    40.440    -0.002     0.016    -0.034
    40.450    -0.040     0.015    -0.030
    40.460    -0.038     0.024    -0.027
    40.470    -0.019     0.046    -0.027
    40.480    -0.003     0.069    -0.035
    40.490     0.018     0.081    -0.051
    40.500     0.021     0.084    -0.042
    40.510     0.002     0.076    -0.020
    40.520    -0.002     0.039     0.015
    40.530     0.038    -0.013     0.071
    40.540     0.100    -0.056     0.146
    40.550     0.117    -0.076     0.205
    40.560     0.076    -0.077     0.211
    40.570     0.006    -0.068     0.177
    40.580    -0.064    -0.064     0.099
    40.590    -0.119    -0.068    -0.002
    40.600    -0.155    -0.067    -0.097
    40.610    -0.160    -0.057    -0.160
    40.620    -0.122    -0.032    -0.168
    40.630    -0.054     0.002    -0.143
    40.640     0.010     0.039    -0.100
    40.650     0.052     0.079    -0.052
    40.660     0.088     0.097    -0.008
    40.670     0.106     0.075     0.018
    40.680     0.101     0.020     0.027
    40.690     0.089    -0.029     0.036
    40.700     0.082    -0.031     0.046
    40.710     0.076    -0.007     0.044
    40.720     0.075    -0.003     0.029
    40.730     0.068    -0.026     0.006
    40.740     0.045    -0.052    -0.010
    40.750     0.022    -0.046    -0.001
    40.760     0.017    -0.010     0.011
    40.770     0.015     0.031     0.023
    40.780    -0.011     0.060     0.038
    40.790    -0.045     0.076     0.043
    40.800    -0.050     0.087     0.044
    40.810    -0.019     0.090     0.016
    40.820     0.025     0.085    -0.020
    40.830     0.047     0.080    -0.035
    40.840     0.041     0.077    -0.034
    40.850     0.019     0.059    -0.036
    40.860    -0.009     0.016    -0.055
    40.870    -0.028    -0.029    -0.073
    40.880    -0.034    -0.038    -0.090
    40.890    -0.016     0.002    -0.095
    40.900     0.018     0.051    -0.083
    40.910     0.027     0.057    -0.076
    40.920     0.011     0.024    -0.075
    40.930    -0.010    -0.013    -0.075
    40.940    -0.041    -0.042    -0.079
    40.950    -0.091    -0.077    -0.078
    40.960    -0.139    -0.134    -0.050
    40.970    -0.148    -0.193    -0.007
    40.980    -0.115    -0.216     0.013
    40.990    -0.076    -0.185     0.013
    41.000    -0.064    -0.111     0.011
    41.010    -0.067    -0.028     0.011
    41.020    -0.052     0.038     0.011
    41.030     0.004     0.071     0.010
    41.040     0.077     0.062     0.001
    41.050     0.120     0.037     0.006
    41.060     0.116     0.032     0.044
    41.070     0.070     0.048     0.076
    41.080     0.019     0.064     0.093
    41.090     0.004     0.063     0.096
    41.100     0.035     0.052     0.086
    41.110     0.087     0.061     0.065
    41.120     0.109     0.095     0.023
    41.130     0.076     0.124    -0.011
    41.140     0.013     0.124    -0.028
    41.150    -0.017     0.085    -0.037
    41.160    -0.001     0.027    -0.043
    41.170     0.029    -0.026    -0.037
    41.180     0.053    -0.065     0.006
    41.190     0.055    -0.091     0.071
    41.200     0.025    -0.115     0.117
    41.210    -0.028    -0.117     0.139
    41.220    -0.078    -0.112     0.130
    41.230    -0.085    -0.114     0.074
    41.240    -0.054    -0.080     0.010
    41.250    -0.040    -0.040    -0.048
    41.260    -0.080    -0.027    -0.112
    41.270    -0.143    -0.031    -0.175
    41.280    -0.175    -0.014    -0.204
    41.290    -0.149     0.036    -0.179
    41.300    -0.067     0.066    -0.126
    41.310     0.031     0.077    -0.065
    41.320     0.106     0.096    -0.026
    41.330     0.124     0.136     0.002
    41.340     0.090     0.153     0.044
    41.350     0.049     0.113     0.092
    41.360     0.036     0.047     0.124
    41.370     0.061    -0.022     0.113
    41.380     0.078    -0.073     0.097
    41.390     0.060    -0.112     0.091
    41.400     0.020    -0.150     0.097
    41.410    -0.016    -0.168     0.109
    41.420    -0.019    -0.153     0.087
    41.430     0.001    -0.118     0.040
    41.440     0.009    -0.067    -0.019
    41.450    -0.007     0.021    -0.070
    41.460    -0.040     0.116    -0.094
    41.470    -0.076     0.158    -0.112
    41.480    -0.084     0.143    -0.122
    41.490    -0.030     0.119    -0.135
    41.500     0.045     0.103    -0.142
    41.510     0.081     0.080    -0.105
    41.520     0.086     0.059    -0.021
    41.530     0.066     0.021     0.076
    41.540     0.018    -0.038     0.130
    41.550    -0.039    -0.076     0.132
    41.560    -0.070    -0.063     0.113
    41.570    -0.072    -0.011     0.086
    41.580    -0.073     0.028     0.050
    41.590    -0.080     0.027    -0.003
    41.600    -0.071     0.002    -0.048
    41.610    -0.041    -0.005    -0.061
    41.620    -0.013     0.014    -0.046
    41.630     0.002     0.049    -0.051
    41.640     0.029     0.086    -0.105
    41.650     0.073     0.090    -0.159
    41.660     0.113     0.052    -0.191
    41.670     0.123    -0.008    -0.182
    41.680     0.092    -0.055    -0.127
    41.690     0.048    -0.066    -0.070
    41.700     0.015    -0.055    -0.018
    41.710     0.011    -0.055     0.033
    41.720     0.041    -0.074     0.089
    41.730     0.062    -0.106     0.142
    41.740     0.045    -0.117     0.183
    41.750     0.000    -0.085     0.214
    41.760    -0.041    -0.030     0.217
    41.770    -0.057     0.023     0.207
    41.780    -0.050     0.045     0.180
    41.790    -0.039     0.042     0.130
    41.800    -0.050     0.025     0.086
    41.810    -0.092     0.014     0.047
    41.820    -0.138     0.018     0.013
    41.830    -0.152    -0.003    -0.034
    41.840    -0.111    -0.025    -0.100
    41.850    -0.051    -0.026    -0.150
    41.860    -0.007    -0.012    -0.186
    41.870     0.020     0.005    -0.199
    41.880     0.038     0.016    -0.173
    41.890     0.044     0.028    -0.132
    41.900     0.012     0.030    -0.101
    41.910    -0.043     0.033    -0.089
    41.920    -0.088     0.038    -0.076
    41.930    -0.104     0.012    -0.054
    41.940    -0.072    -0.039    -0.041
    41.950    -0.002    -0.075    -0.051
    41.960     0.070    -0.086    -0.083
    41.970     0.109    -0.074    -0.106
    41.980     0.128    -0.050    -0.115
    41.990     0.161    -0.036    -0.110
    42.000     0.195    -0.025    -0.073
    42.010     0.183     0.001    -0.018
    42.020     0.110     0.046     0.027
    42.030     0.014     0.091     0.050
    42.040    -0.059     0.106     0.031
    42.050    -0.104     0.084     0.002
    42.060    -0.111     0.039     0.012
    42.070    -0.059     0.007     0.041
    42.080     0.000    -0.020     0.083
    42.090     0.008    -0.062     0.136
    42.100    -0.028    -0.092     0.179
    42.110    -0.066    -0.087     0.194
    42.120    -0.072    -0.045     0.174
    42.130    -0.051     0.010     0.125
    42.140    -0.027     0.043     0.073
    42.150    -0.018     0.059     0.036
    42.160    -0.015     0.078     0.016
    42.170    -0.015     0.093    -0.007
    42.180    -0.027     0.092    -0.036
    42.190    -0.030     0.069    -0.035
    42.200    -0.009     0.048     0.009
    42.210     0.029     0.050     0.041
    42.220     0.040     0.047     0.025
    42.230     0.012     0.010     0.000
    42.240     0.001    -0.034     0.002
    42.250     0.023    -0.065     0.030
    42.260     0.046    -0.078     0.052
    42.270     0.059    -0.073     0.039
    42.280     0.070    -0.045     0.020
    42.290     0.090    -0.022     0.035
    42.300     0.102    -0.034     0.073
    42.310     0.089    -0.057     0.097
    42.320     0.047    -0.063     0.110
    42.330    -0.003    -0.025     0.110
    42.340    -0.041     0.041     0.080
    42.350    -0.060     0.077     0.025
    42.360    -0.049     0.065    -0.032
    42.370    -0.002     0.022    -0.062
    42.380     0.048    -0.013    -0.069
    42.390     0.053    -0.032    -0.072
    42.400     0.022    -0.052    -0.087
    42.410    -0.010    -0.053    -0.089
    42.420    -0.043    -0.045    -0.074
    42.430    -0.084    -0.029    -0.082
    42.440    -0.126     0.007    -0.106
    42.450    -0.146     0.040    -0.148
    42.460    -0.136     0.060    -0.179
    42.470    -0.106     0.049    -0.178
    42.480    -0.073     0.015    -0.166
    42.490    -0.041    -0.012    -0.130
    42.500    -0.006    -0.030    -0.086
    42.510     0.019    -0.038    -0.047
    42.520     0.033    -0.036    -0.016
    42.530     0.052    -0.032    -0.019
    42.540     0.076    -0.028    -0.053
    42.550     0.096    -0.023    -0.097
    42.560     0.123    -0.013    -0.128
    42.570     0.157     0.008    -0.118
    42.580     0.176     0.032    -0.066
    42.590     0.156     0.048    -0.008
    42.600     0.111     0.047     0.031
    42.610     0.069     0.033     0.043
    42.620     0.047     0.018     0.029
    42.630     0.029     0.003     0.012
    42.640     0.003    -0.010    -0.002
    42.650    -0.030    -0.021    -0.009
    42.660    -0.055    -0.029    -0.005
    42.670    -0.076    -0.034     0.013
    42.680    -0.105    -0.033     0.051
    42.690    -0.115    -0.008     0.115
    42.700    -0.089     0.037     0.179
    42.710    -0.044     0.076     0.205
    42.720    -0.018     0.095     0.206
    42.730    -0.031     0.086     0.195
    42.740    -0.060     0.053     0.172
    42.750    -0.099    -0.003     0.125
    42.760    -0.121    -0.067     0.056
    42.770    -0.095    -0.105     0.000
    42.780    -0.033    -0.096    -0.021
    42.790     0.022    -0.052    -0.011
    42.800     0.030    -0.016    -0.009
    42.810     0.006    -0.014    -0.040
    42.820    -0.008    -0.026    -0.078
    42.830     0.009    -0.018    -0.105
    42.840     0.051     0.020    -0.114
    42.850     0.101     0.059    -0.112
    42.860     0.142     0.066    -0.086
    42.870     0.142     0.046    -0.023
    42.880     0.084     0.005     0.049
    42.890     0.007    -0.050     0.110
    42.900    -0.044    -0.096     0.143
    42.910    -0.054    -0.124     0.146
    42.920    -0.037    -0.127     0.121
    42.930    -0.020    -0.107     0.091
    42.940    -0.026    -0.080     0.067
    42.950    -0.067    -0.049     0.052
    42.960    -0.127    -0.020     0.070
    42.970    -0.163     0.009     0.092
    42.980    -0.140     0.045     0.106
    42.990    -0.076     0.076     0.099
    43.000    -0.027     0.099     0.062
    43.010    -0.020     0.124     0.027
    43.020    -0.036     0.141    -0.020
    43.030    -0.043     0.148    -0.064
    43.040    -0.019     0.127    -0.095
    43.050     0.036     0.059    -0.117
    43.060     0.086    -0.019    -0.126
    43.070     0.106    -0.075    -0.147
    43.080     0.095    -0.100    -0.172
    43.090     0.068    -0.093    -0.210
    43.100     0.039    -0.082    -0.242
    43.110     0.023    -0.076    -0.233
    43.120     0.046    -0.064    -0.198
    43.130     0.081    -0.036    -0.145
    43.140     0.091     0.002    -0.084
    43.150     0.065     0.037    -0.020
    43.160     0.024     0.064     0.020
    43.170     0.011     0.070     0.029
    43.180     0.023     0.045     0.025
    43.190     0.038    -0.004     0.010
    43.200     0.049    -0.050     0.012
    43.210     0.066    -0.057     0.028
    43.220     0.089    -0.010     0.040
    43.230     0.091     0.076     0.039
    43.240     0.083     0.163     0.026
    43.250     0.069     0.221     0.016
    43.260     0.043     0.224     0.007
    43.270     0.019     0.156     0.010
    43.280     0.008     0.051     0.002
    43.290     0.012    -0.032    -0.015
    43.300     0.019    -0.067    -0.024
    43.310     0.002    -0.067    -0.041
    43.320    -0.051    -0.068    -0.044
    43.330    -0.111    -0.105    -0.035
    43.340    -0.142    -0.172    -0.025
    43.350    -0.141    -0.239    -0.001
    43.360    -0.133    -0.282     0.031
    43.370    -0.127    -0.281     0.065
    43.380    -0.117    -0.214     0.096
    43.390    -0.093    -0.102     0.120
    43.400    -0.047     0.004     0.146
    43.410     0.023     0.078     0.165
    43.420     0.088     0.124     0.169
    43.430     0.096     0.151     0.165
    43.440     0.042     0.174     0.154
    43.450    -0.008     0.201     0.148
    43.460    -0.024     0.205     0.157
    43.470    -0.032     0.167     0.133
    43.480    -0.062     0.103     0.082
    43.490    -0.095     0.040     0.005
    43.500    -0.090    -0.006    -0.092
    43.510    -0.069    -0.057    -0.153
    43.520    -0.056    -0.101    -0.170
    43.530    -0.039    -0.110    -0.127
    43.540    -0.023    -0.081    -0.058
    43.550    -0.004    -0.049    -0.033
    43.560     0.010    -0.060    -0.041
    43.570     0.037    -0.088    -0.084
    43.580     0.085    -0.098    -0.126
    43.590     0.099    -0.076    -0.136
    43.600     0.063    -0.030    -0.157
    43.610     0.015     0.024    -0.172
    43.620    -0.005     0.071    -0.161
    43.630     0.023     0.092    -0.129
    43.640     0.058     0.088    -0.085
    43.650     0.070     0.081    -0.035
    43.660     0.075     0.097     0.032
    43.670     0.068     0.117     0.095
    43.680     0.051     0.125     0.143
    43.690     0.039     0.087     0.158
    43.700     0.038     0.014     0.110
    43.710     0.047    -0.035     0.060
    43.720     0.043    -0.077     0.018
    43.730     0.029    -0.105    -0.054
    43.740     0.013    -0.113    -0.115
    43.750    -0.018    -0.095    -0.141
    43.760    -0.046    -0.059    -0.141
    43.770    -0.077    -0.022    -0.111
    43.780    -0.094     0.015    -0.058
    43.790    -0.085     0.015    -0.006
    43.800    -0.076    -0.016     0.043
    43.810    -0.080    -0.055     0.092
    43.820    -0.103    -0.090     0.130
    43.830    -0.113    -0.107     0.163
    43.840    -0.100    -0.102     0.194
    43.850    -0.071    -0.074     0.206
    43.860    -0.024    -0.027     0.196
    43.870     0.021     0.024     0.158
    43.880     0.044     0.057     0.085
    43.890     0.048     0.059    -0.008
    43.900     0.056     0.042    -0.107
    43.910     0.071     0.024    -0.183
    43.920     0.075     0.002    -0.201
    43.930     0.067    -0.022    -0.162
    43.940     0.046    -0.039    -0.081
    43.950     0.026    -0.041     0.007
    43.960     0.037    -0.037     0.047
    43.970     0.078    -0.036     0.053
    43.980     0.132    -0.038     0.066
    43.990     0.167    -0.021     0.086
    44.000     0.151     0.032     0.108
    44.010     0.099     0.106     0.088
    44.020     0.058     0.178     0.027
    44.030     0.035     0.197    -0.024
    44.040     0.016     0.133    -0.054
    44.050    -0.003     0.039    -0.071
    44.060    -0.049    -0.030    -0.073
    44.070    -0.126    -0.070    -0.062
    44.080    -0.189    -0.086    -0.058
    44.090    -0.202    -0.081    -0.064
    44.100    -0.178    -0.077    -0.070
    44.110    -0.148    -0.073    -0.069
    44.120    -0.117    -0.056    -0.041
    44.130    -0.082    -0.020     0.022
    44.140    -0.031     0.030     0.095
    44.150     0.045     0.084     0.142
    44.160     0.116     0.140     0.140
    44.170     0.141     0.176     0.098
    44.180     0.116     0.172     0.022
    44.190     0.067     0.116    -0.072
    44.200     0.040     0.018    -0.163
    44.210     0.062    -0.084    -0.214
    44.220     0.106    -0.155    -0.211
    44.230     0.117    -0.169    -0.174
    44.240     0.068    -0.145    -0.137
    44.250    -0.024    -0.121    -0.109
    44.260    -0.121    -0.103    -0.065
    44.270    -0.192    -0.098    -0.009
    44.280    -0.209    -0.090     0.019
    44.290    -0.163    -0.062     0.028
    44.300    -0.082    -0.026     0.035
    44.310     0.008    -0.001     0.037
    44.320     0.079     0.014     0.058
    44.330     0.110     0.053     0.098
    44.340     0.102     0.103     0.129
    44.350     0.065     0.145     0.159
    44.360     0.042     0.176     0.184
    44.370     0.043     0.180     0.172
    44.380     0.045     0.160     0.133
    44.390     0.035     0.127     0.087
    44.400    -0.002     0.089     0.046
    44.410    -0.045     0.041     0.024
    44.420    -0.059    -0.016     0.004
    44.430    -0.039    -0.067    -0.024
    44.440    -0.015    -0.106    -0.055
    44.450    -0.010    -0.129    -0.067
    44.460    -0.026    -0.127    -0.058
    44.470    -0.073    -0.103    -0.041
    44.480    -0.130    -0.070    -0.021
    44.490    -0.150    -0.032     0.000
    44.500    -0.097     0.012     0.018
    44.510    -0.010     0.045     0.009
    44.520     0.032     0.067    -0.003
    44.530     0.002     0.093    -0.017
    44.540    -0.048     0.114    -0.051
    44.550    -0.054     0.118    -0.086
    44.560    -0.006     0.089    -0.096
    44.570     0.086     0.035    -0.070
    44.580     0.167    -0.011    -0.026
    44.590     0.183    -0.034     0.019
    44.600     0.134    -0.051     0.035
    44.610     0.054    -0.071     0.041
    44.620     0.010    -0.089     0.070
    44.630     0.029    -0.114     0.093
    44.640     0.075    -0.138     0.091
    44.650     0.092    -0.146     0.061
    44.660     0.064    -0.134     0.032
    44.670     0.018    -0.089    -0.001
    44.680    -0.025    -0.012    -0.051
    44.690    -0.049     0.082    -0.085
    44.700    -0.056     0.164    -0.089
    44.710    -0.057     0.211    -0.065
    44.720    -0.067     0.201    -0.035
    44.730    -0.092     0.131    -0.019
    44.740    -0.099     0.037    -0.007
    44.750    -0.076    -0.047    -0.009
    44.760    -0.031    -0.114    -0.019
    44.770     0.015    -0.163    -0.028
    44.780     0.043    -0.194    -0.044
    44.790     0.063    -0.208    -0.037
    44.800     0.077    -0.201    -0.007
    44.810     0.080    -0.168     0.021
    44.820     0.067    -0.103     0.038
    44.830     0.047    -0.016     0.035
    44.840     0.036     0.062     0.015
    44.850     0.016     0.119    -0.023
    44.860    -0.020     0.144    -0.083
    44.870    -0.049     0.131    -0.140
    44.880    -0.063     0.093    -0.167
    44.890    -0.058     0.056    -0.156
    44.900    -0.042     0.039    -0.114
    44.910    -0.027     0.044    -0.045
    44.920    -0.011     0.073     0.043
    44.930    -0.004     0.094     0.119
    44.940     0.001     0.087     0.156
    44.950     0.027     0.069     0.165
    44.960     0.081     0.046     0.158
    44.970     0.143     0.038     0.138
    44.980     0.157     0.043     0.115
    44.990     0.102     0.042     0.092
    45.000     0.006     0.028     0.053
    45.010    -0.091    -0.015     0.011
    45.020    -0.141    -0.075    -0.027
    45.030    -0.132    -0.129    -0.056
    45.040    -0.080    -0.157    -0.048
    45.050    -0.035    -0.148    -0.009
    45.060    -0.032    -0.108     0.042
    45.070    -0.068    -0.061     0.076
    45.080    -0.134    -0.031     0.085
    45.090    -0.172    -0.016     0.087
    45.100    -0.142     0.002     0.094
    45.110    -0.066     0.020     0.103
    45.120     0.015     0.029     0.107
    45.130     0.063     0.040     0.099
    45.140     0.072     0.053     0.064
    45.150     0.045     0.062     0.009
    45.160     0.008     0.065    -0.065
    45.170     0.010     0.048    -0.133
    45.180     0.043     0.010    -0.173
    45.190     0.068    -0.029    -0.192
    45.200     0.057    -0.062    -0.194
    45.210     0.033    -0.082    -0.206
    45.220     0.034    -0.090    -0.225
    45.230     0.050    -0.091    -0.237
    45.240     0.055    -0.084    -0.223
    45.250     0.050    -0.063    -0.178
    45.260     0.060    -0.012    -0.126
    45.270     0.087     0.051    -0.067
    45.280     0.111     0.099    -0.014
    45.290     0.105     0.140     0.035
    45.300     0.057     0.172     0.076
    45.310    -0.026     0.175     0.107
    45.320    -0.106     0.140     0.132
    45.330    -0.129     0.074     0.156
    45.340    -0.088    -0.006     0.186
    45.350    -0.026    -0.067     0.202
    45.360     0.004    -0.098     0.193
    45.370    -0.009    -0.113     0.176
    45.380    -0.041    -0.120     0.152
    45.390    -0.070    -0.129     0.117
    45.400    -0.076    -0.125     0.068
    45.410    -0.064    -0.101    -0.008
    45.420    -0.054    -0.064    -0.092
    45.430    -0.057    -0.019    -0.155
    45.440    -0.059     0.021    -0.213
    45.450    -0.039     0.040    -0.251
    45.460     0.006     0.042    -0.241
    45.470     0.064     0.035    -0.184
    45.480     0.099     0.019    -0.085
    45.490     0.096     0.009     0.029
    45.500     0.073     0.017     0.117
    45.510     0.040     0.024     0.149
    45.520     0.007     0.016     0.144
    45.530    -0.001    -0.007     0.147
    45.540     0.012    -0.036     0.163
    45.550     0.011    -0.066     0.166
    45.560     0.001    -0.086     0.141
    45.570    -0.002    -0.077     0.094
    45.580     0.008    -0.043     0.034
    45.590     0.030     0.000    -0.017
    45.600     0.060     0.048    -0.048
    45.610     0.084     0.087    -0.069
    45.620     0.084     0.098    -0.074
    45.630     0.074     0.098    -0.064
    45.640     0.073     0.099    -0.061
    45.650     0.075     0.103    -0.081
    45.660     0.050     0.106    -0.108
    45.670    -0.008     0.104    -0.136
    45.680    -0.067     0.105    -0.147
    45.690    -0.107     0.102    -0.126
    45.700    -0.131     0.084    -0.077
    45.710    -0.134     0.039    -0.002
    45.720    -0.106    -0.019     0.062
    45.730    -0.052    -0.077     0.101
    45.740    -0.016    -0.138     0.125
    45.750    -0.009    -0.189     0.141
    45.760    -0.002    -0.206     0.165
    45.770     0.003    -0.175     0.175
    45.780    -0.020    -0.119     0.142
    45.790    -0.066    -0.061     0.063
    45.800    -0.087    -0.013    -0.028
    45.810    -0.047     0.003    -0.117
    45.820     0.029    -0.009    -0.200
    45.830     0.089    -0.025    -0.249
    45.840     0.113    -0.017    -0.257
    45.850     0.100     0.024    -0.221
    45.860     0.064     0.069    -0.149
    45.870     0.026     0.096    -0.071
    45.880     0.006     0.099     0.025
    45.890    -0.001     0.089     0.110
    45.900    -0.007     0.085     0.133
    45.910    -0.025     0.078     0.112
    45.920    -0.052     0.055     0.066
    45.930    -0.050     0.022     0.020
    45.940    -0.025    -0.014    -0.017
    45.950    -0.011    -0.036    -0.053
    45.960    -0.025    -0.045    -0.063
    45.970    -0.060    -0.062    -0.050
    45.980    -0.070    -0.083    -0.031
    45.990    -0.047    -0.112    -0.006
    46.000    -0.029    -0.137     0.008
    46.010    -0.022    -0.132     0.019
    46.020    -0.019    -0.102     0.040
    46.030    -0.003    -0.055     0.058
    46.040     0.033    -0.010     0.074
    46.050     0.075     0.024     0.087
    46.060     0.104     0.073     0.107
    46.070     0.095     0.129     0.124
    46.080     0.049     0.172     0.135
    46.090     0.017     0.206     0.137
    46.100     0.029     0.218     0.129
    46.110     0.057     0.191     0.121
    46.120     0.047     0.131     0.096
    46.130    -0.006     0.050     0.063
    46.140    -0.049    -0.035     0.026
    46.150    -0.037    -0.119    -0.020
    46.160    -0.004    -0.199    -0.066
    46.170     0.001    -0.253    -0.107
    46.180    -0.029    -0.267    -0.143
    46.190    -0.066    -0.241    -0.163
    46.200    -0.075    -0.190    -0.159
    46.210    -0.071    -0.134    -0.136
    46.220    -0.045    -0.077    -0.076
    46.230    -0.002    -0.011    -0.011
    46.240     0.012     0.049     0.020
    46.250    -0.003     0.078     0.030
    46.260    -0.003     0.086     0.025
    46.270     0.040     0.084     0.005
    46.280     0.087     0.068    -0.035
    46.290     0.087     0.073    -0.071
    46.300     0.062     0.113    -0.109
    46.310     0.034     0.173    -0.153
    46.320    -0.002     0.220    -0.176
    46.330    -0.040     0.221    -0.194
    46.340    -0.051     0.187    -0.187
    46.350    -0.023     0.142    -0.139
    46.360     0.025     0.094    -0.070
    46.370     0.039     0.035     0.002
    46.380     0.003    -0.029     0.070
    46.390    -0.038    -0.079     0.131
    46.400    -0.055    -0.112     0.173
    46.410    -0.036    -0.123     0.195
    46.420     0.001    -0.122     0.218
    46.430     0.040    -0.106     0.240
    46.440     0.062    -0.076     0.227
    46.450     0.045    -0.062     0.172
    46.460     0.005    -0.074     0.101
    46.470    -0.029    -0.087     0.040
    46.480    -0.052    -0.091    -0.006
    46.490    -0.071    -0.090    -0.035
    46.500    -0.093    -0.093    -0.044
    46.510    -0.108    -0.110    -0.043
    46.520    -0.106    -0.129    -0.011
    46.530    -0.072    -0.120     0.031
    46.540    -0.024    -0.095     0.047
    46.550     0.016    -0.087     0.052
    46.560     0.036    -0.087     0.056
    46.570     0.035    -0.075     0.059
    46.580     0.020    -0.027     0.042
    46.590     0.001     0.048     0.011
    46.600     0.008     0.120    -0.018
    46.610     0.055     0.173    -0.054
    46.620     0.115     0.184    -0.094
    46.630     0.167     0.162    -0.120
    46.640     0.196     0.140    -0.117
    46.650     0.190     0.122    -0.100
    46.660     0.150     0.118    -0.083
    46.670     0.108     0.139    -0.062
    46.680     0.085     0.167    -0.036
    46.690     0.067     0.168    -0.016
    46.700     0.026     0.130    -0.013
    46.710    -0.034     0.074    -0.031
    46.720    -0.077     0.018    -0.072
    46.730    -0.083    -0.031    -0.121
    46.740    -0.064    -0.072    -0.148
    46.750    -0.034    -0.099    -0.131
    46.760    -0.011    -0.103    -0.074
    46.770    -0.025    -0.087    -0.013
    46.780    -0.074    -0.068     0.039
    46.790    -0.118    -0.049     0.081
    46.800    -0.120    -0.037     0.092
    46.810    -0.072    -0.030     0.078
    46.820    -0.016    -0.037     0.056
    46.830     0.001    -0.066     0.050
    46.840    -0.028    -0.099     0.050
    46.850    -0.068    -0.113     0.023
    46.860    -0.085    -0.100    -0.023
    46.870    -0.076    -0.073    -0.057
    46.880    -0.040    -0.034    -0.057
    46.890    -0.001     0.016    -0.037
    46.900     0.003     0.056    -0.019
    46.910    -0.011     0.077     0.008
    46.920    -0.004     0.071     0.048
    46.930     0.029     0.048     0.087
    46.940     0.050     0.032     0.099
    46.950     0.032     0.029     0.089
    46.960    -0.013     0.029     0.081
    46.970    -0.052     0.007     0.068
    46.980    -0.054    -0.029     0.049
    46.990    -0.021    -0.050     0.027
    47.000     0.033    -0.045     0.010
    47.010     0.073    -0.023     0.007
    47.020     0.082     0.001     0.015
    47.030     0.066     0.022     0.032
    47.040     0.040     0.038     0.043
    47.050     0.019     0.052     0.050
    47.060    -0.012     0.048     0.058
    47.070    -0.029     0.041     0.070
    47.080    -0.019     0.025     0.083
    47.090    -0.005    -0.013     0.079
    47.100     0.001    -0.053     0.061
    47.110    -0.012    -0.083     0.035
    47.120    -0.029    -0.095    -0.009
    47.130    -0.033    -0.085    -0.051
    47.140    -0.016    -0.064    -0.057
    47.150     0.016    -0.041    -0.035
    47.160     0.042    -0.024     0.000
    47.170     0.044    -0.006     0.018
    47.180     0.026     0.015     0.002
    47.190     0.025     0.029    -0.010
    47.200     0.037     0.033    -0.011
    47.210     0.043     0.029     0.005
    47.220     0.031     0.015     0.014
    47.230     0.021     0.006    -0.004
    47.240     0.040     0.002    -0.037
    47.250     0.062    -0.008    -0.086
    47.260     0.053    -0.019    -0.117
    47.270     0.017    -0.038    -0.124
    47.280    -0.012    -0.038    -0.127
    47.290    -0.013    -0.011    -0.138
    47.300     0.002     0.030    -0.146
    47.310     0.040     0.092    -0.133
    47.320     0.082     0.141    -0.117
    47.330     0.075     0.149    -0.094
    47.340    -0.012     0.110    -0.061
    47.350    -0.125     0.034    -0.011
    47.360    -0.185    -0.033     0.047
    47.370    -0.158    -0.056     0.076
    47.380    -0.079    -0.043     0.082
    47.390    -0.008    -0.013     0.086
    47.400     0.030     0.011     0.096
    47.410     0.019     0.014     0.101
    47.420    -0.021    -0.017     0.083
    47.430    -0.029    -0.064     0.070
    47.440     0.013    -0.086     0.074
    47.450     0.063    -0.068     0.077
    47.460     0.069    -0.020     0.069
    47.470     0.025     0.035     0.035
    47.480    -0.030     0.063    -0.010
    47.490    -0.050     0.053    -0.053
    47.500    -0.027     0.031    -0.091
    47.510     0.011     0.023    -0.111
    47.520     0.041     0.022    -0.105
    47.530     0.040     0.009    -0.063
    47.540     0.011    -0.030    -0.006
    47.550     0.003    -0.072     0.041
    47.560     0.037    -0.082     0.050
    47.570     0.065    -0.051     0.022
    47.580     0.044     0.007    -0.006
    47.590    -0.023     0.060    -0.022
    47.600    -0.084     0.085    -0.022
    47.610    -0.110     0.072    -0.029
    47.620    -0.114     0.033    -0.049
    47.630    -0.095    -0.020    -0.052
    47.640    -0.064    -0.067    -0.039
    47.650    -0.035    -0.095    -0.022
    47.660    -0.028    -0.104    -0.010
    47.670    -0.054    -0.097     0.006
    47.680    -0.076    -0.069     0.029
    47.690    -0.067    -0.024     0.057
    47.700    -0.034     0.021     0.081
    47.710     0.007     0.048     0.085
    47.720     0.036     0.048     0.081
    47.730     0.038     0.036     0.080
    47.740     0.019     0.005     0.077
    47.750     0.006    -0.050     0.082
    47.760     0.025    -0.109     0.091
    47.770     0.069    -0.150     0.093
    47.780     0.110    -0.150     0.091
    47.790     0.116    -0.105     0.070
    47.800     0.079    -0.031     0.042
    47.810     0.030     0.058     0.005
    47.820     0.011     0.124    -0.049
    47.830     0.026     0.134    -0.101
    47.840     0.045     0.101    -0.151
    47.850     0.050     0.060    -0.177
    47.860     0.034     0.042    -0.155
    47.870     0.018     0.069    -0.082
    47.880     0.016     0.111    -0.004
    47.890     0.015     0.140     0.059
    47.900     0.020     0.145     0.087
    47.910     0.022     0.116     0.083
    47.920     0.006     0.070     0.079
    47.930    -0.016     0.017     0.051
    47.940    -0.031    -0.022     0.003
    47.950    -0.030    -0.035    -0.067
    47.960    -0.021    -0.033    -0.141
    47.970    -0.027    -0.033    -0.187
    47.980    -0.035    -0.047    -0.222
    47.990    -0.043    -0.074    -0.227
    48.000    -0.033    -0.112    -0.188
    48.010     0.005    -0.130    -0.115
    48.020     0.029    -0.120    -0.026
    48.030     0.036    -0.091     0.043
    48.040     0.033    -0.047     0.090
    48.050     0.020    -0.017     0.115
    48.060    -0.009    -0.006     0.128
    48.070    -0.057     0.001     0.160
    48.080    -0.105     0.026     0.189
    48.090    -0.130     0.066     0.196
    48.100    -0.106     0.088     0.182
    48.110    -0.037     0.087     0.135
    48.120     0.024     0.064     0.081
    48.130     0.025     0.024     0.034
    48.140    -0.021    -0.024    -0.011
    48.150    -0.063    -0.071    -0.047
    48.160    -0.070    -0.103    -0.074
    48.170    -0.045    -0.117    -0.067
    48.180    -0.017    -0.100    -0.041
    48.190    -0.008    -0.052    -0.026
    48.200    -0.025    -0.013    -0.036
    48.210    -0.039    -0.003    -0.081
    48.220     0.001    -0.015    -0.097
    48.230     0.091    -0.034    -0.058
    48.240     0.168    -0.027     0.013
    48.250     0.174     0.011     0.080
    48.260     0.123     0.051     0.110
    48.270     0.078     0.074     0.096
    48.280     0.065     0.064     0.020
    48.290     0.059     0.033    -0.073
    48.300     0.043     0.014    -0.130
    48.310     0.024     0.017    -0.150
    48.320    -0.001     0.032    -0.142
    48.330    -0.027     0.044    -0.146
    48.340    -0.011     0.047    -0.164
    48.350     0.050     0.038    -0.191
    48.360     0.109     0.013    -0.188
    48.370     0.133    -0.014    -0.132
    48.380     0.128    -0.018    -0.065
    48.390     0.106    -0.006     0.007
    48.400     0.064     0.001     0.077
    48.410     0.003    -0.004     0.133
    48.420    -0.054    -0.015     0.178
    48.430    -0.075    -0.005     0.206
    48.440    -0.067     0.031     0.204
    48.450    -0.064     0.065     0.183
    48.460    -0.078     0.090     0.166
    48.470    -0.105     0.110     0.177
    48.480    -0.134     0.110     0.184
    48.490    -0.156     0.078     0.151
    48.500    -0.153     0.024     0.111
    48.510    -0.120    -0.034     0.074
    48.520    -0.090    -0.074     0.058
    48.530    -0.085    -0.082     0.061
    48.540    -0.075    -0.075     0.040
    48.550    -0.029    -0.073    -0.009
    48.560     0.022    -0.082    -0.062
    48.570     0.017    -0.091    -0.091
    48.580    -0.041    -0.083    -0.109
    48.590    -0.079    -0.058    -0.124
    48.600    -0.055    -0.029    -0.119
    48.610     0.003    -0.009    -0.117
    48.620     0.049    -0.008    -0.114
    48.630     0.054    -0.012    -0.097
    48.640     0.024    -0.001    -0.087
    48.650    -0.013     0.005    -0.073
    48.660    -0.025     0.008    -0.047
    48.670     0.024     0.028    -0.020
    48.680     0.109     0.061     0.010
    48.690     0.154     0.088     0.022
    48.700     0.122     0.092     0.030
    48.710     0.057     0.082     0.055
    48.720     0.040     0.068     0.045
    48.730     0.071     0.056     0.004
    48.740     0.086     0.044    -0.043
    48.750     0.074     0.025    -0.079
    48.760     0.056     0.004    -0.071
    48.770     0.051    -0.009    -0.041
    48.780     0.041    -0.014    -0.035
    48.790     0.029    -0.001    -0.047
    48.800     0.026     0.033    -0.040
    48.810     0.022     0.065    -0.039
    48.820     0.023     0.054    -0.056
    48.830     0.039     0.000    -0.074
    48.840     0.081    -0.045    -0.094
    48.850     0.119    -0.051    -0.106
    48.860     0.096    -0.028    -0.093
    48.870    -0.003    -0.007    -0.061
    48.880    -0.110    -0.017    -0.027
    48.890    -0.162    -0.051     0.025
    48.900    -0.157    -0.094     0.079
    48.910    -0.122    -0.128     0.127
    48.920    -0.095    -0.128     0.188
    48.930    -0.102    -0.101     0.229
    48.940    -0.124    -0.067     0.246
    48.950    -0.127    -0.037     0.235
    48.960    -0.095    -0.015     0.206
    48.970    -0.036    -0.002     0.191
    48.980     0.012     0.007     0.173
    48.990     0.009     0.011     0.158
    49.000    -0.010     0.014     0.125
    49.010     0.010     0.013     0.062
    49.020     0.046     0.018     0.001
    49.030     0.059     0.032    -0.056
    49.040     0.048     0.035    -0.103
    49.050     0.045     0.018    -0.133
    49.060     0.065    -0.025    -0.138
    49.070     0.095    -0.079    -0.113
    49.080     0.117    -0.112    -0.069
    49.090     0.108    -0.099    -0.018
    49.100     0.054    -0.043     0.006
    49.110    -0.032     0.027    -0.010
    49.120    -0.112     0.088    -0.057
    49.130    -0.146     0.131    -0.112
    49.140    -0.141     0.148    -0.134
    49.150    -0.119     0.138    -0.119
    49.160    -0.102     0.108    -0.086
    49.170    -0.097     0.067    -0.045
    49.180    -0.099     0.025    -0.006
    49.190    -0.080     0.005     0.019
    49.200    -0.023     0.008     0.025
    49.210     0.043     0.013     0.010
    49.220     0.098     0.023    -0.016
    49.230     0.126     0.043    -0.057
    49.240     0.132     0.066    -0.102
    49.250     0.123     0.072    -0.127
    49.260     0.089     0.052    -0.133
    49.270     0.065     0.013    -0.128
    49.280     0.071    -0.031    -0.115
    49.290     0.068    -0.071    -0.107
    49.300     0.010    -0.099    -0.096
    49.310    -0.093    -0.101    -0.058
    49.320    -0.167    -0.086     0.001
    49.330    -0.161    -0.067     0.059
    49.340    -0.101    -0.065     0.109
    49.350    -0.034    -0.085     0.154
    49.360     0.014    -0.097     0.193
    49.370     0.027    -0.092     0.229
    49.380     0.018    -0.078     0.237
    49.390     0.024    -0.050     0.199
    49.400     0.064    -0.011     0.126
    49.410     0.112     0.021     0.042
    49.420     0.121     0.039    -0.016
    49.430     0.091     0.052    -0.029
    49.440     0.046     0.059    -0.015
    49.450     0.018     0.059     0.000
    49.460     0.017     0.040     0.015
    49.470     0.009     0.009     0.037
    49.480    -0.017    -0.018     0.046
    49.490    -0.055    -0.015     0.023
    49.500    -0.089     0.025    -0.006
    49.510    -0.109     0.060    -0.045
    49.520    -0.119     0.073    -0.089
    49.530    -0.117     0.080    -0.096
    49.540    -0.108     0.082    -0.094
    49.550    -0.080     0.076    -0.103
    49.560    -0.023     0.053    -0.112
    49.570     0.043     0.017    -0.125
    49.580     0.069    -0.017    -0.127
    49.590     0.042    -0.034    -0.108
    49.600    -0.001    -0.018    -0.070
    49.610    -0.002     0.011    -0.040
    49.620     0.036     0.023    -0.004
    49.630     0.053     0.005     0.058
    49.640     0.013    -0.026     0.130
    49.650    -0.069    -0.048     0.198
    49.660    -0.144    -0.064     0.193
    49.670    -0.154    -0.082     0.113
    49.680    -0.077    -0.106     0.031
    49.690     0.060    -0.113    -0.010
    49.700     0.170    -0.085     0.010
    49.710     0.185    -0.025     0.044
    49.720     0.113     0.049     0.053
    49.730     0.027     0.099     0.041
    49.740     0.001     0.099     0.009
    49.750     0.019     0.032    -0.022
    49.760     0.031    -0.068    -0.060
    49.770     0.017    -0.159    -0.100
    49.780    -0.009    -0.223    -0.136
    49.790    -0.016    -0.239    -0.164
    49.800     0.011    -0.218    -0.158
    49.810     0.068    -0.162    -0.119
    49.820     0.118    -0.065    -0.047
    49.830     0.121     0.053     0.029
    49.840     0.092     0.157     0.061
    49.850     0.074     0.219     0.053
    49.860     0.065     0.241     0.035
    49.870     0.051     0.235     0.018
    49.880     0.018     0.216     0.007
    49.890    -0.040     0.192    -0.008
    49.900    -0.092     0.140    -0.032
    49.910    -0.120     0.044    -0.037
    49.920    -0.125    -0.067    -0.021
    49.930    -0.121    -0.147     0.008
    49.940    -0.117    -0.171     0.051
    49.950    -0.105    -0.146     0.072
    49.960    -0.092    -0.102     0.062
    49.970    -0.074    -0.073     0.043
    49.980    -0.045    -0.046     0.027
    49.990    -0.019    -0.002     0.031
    50.000     0.007     0.047     0.048
    50.010     0.024     0.076     0.056
    50.020     0.030     0.082     0.065
    50.030     0.050     0.076     0.081
    50.040     0.072     0.046     0.087
    50.050     0.100     0.004     0.074
    50.060     0.130    -0.025     0.047
    50.070     0.142    -0.010     0.021
    50.080     0.135     0.055    -0.012
    50.090     0.102     0.138    -0.030
    50.100     0.050     0.216    -0.017
    50.110    -0.020     0.253     0.009
    50.120    -0.087     0.234     0.035
    50.130    -0.106     0.171     0.028
    50.140    -0.074     0.045    -0.001
    50.150    -0.021    -0.140    -0.034
    50.160     0.019    -0.326    -0.067
    50.170     0.031    -0.447    -0.086
    50.180     0.025    -0.484    -0.120
    50.190     0.009    -0.469    -0.160
    50.200    -0.001    -0.444    -0.184
    50.210     0.017    -0.412    -0.186
    50.220     0.048    -0.362    -0.177
    50.230     0.066    -0.284    -0.161
    50.240     0.064    -0.161    -0.125
    50.250     0.042    -0.001    -0.072
    50.260     0.021     0.190     0.004
    50.270    -0.007     0.384     0.074
    50.280    -0.040     0.535     0.143
    50.290    -0.070     0.615     0.209
    50.300    -0.091     0.600     0.231
    50.310    -0.089     0.511     0.205
    50.320    -0.075     0.392     0.142
    50.330    -0.053     0.273     0.083
    50.340    -0.036     0.179     0.039
    50.350    -0.052     0.000    -0.012
    50.360    -0.081     0.096    -0.069
    50.370    -0.082     0.066    -0.123
    50.380    -0.042     0.005    -0.165
    50.390    -0.005    -0.089    -0.189
    50.400    -0.011    -0.182    -0.189
    50.410    -0.040    -0.240    -0.154
    50.420    -0.057    -0.269    -0.072
    50.430    -0.043    -0.294     0.017
    50.440    -0.009    -0.317     0.097
    50.450     0.032    -0.312     0.175
    50.460     0.087    -0.260     0.241
    50.470     0.120    -0.161     0.296
    50.480     0.103    -0.032     0.336
    50.490     0.064     0.135     0.378
    50.500     0.028     0.335     0.413
    50.510     0.005     0.494     0.403
    50.520    -0.023     0.540     0.335
    50.530    -0.053     0.471     0.214
    50.540    -0.067     0.326     0.073
    50.550    -0.062     0.148    -0.060
    50.560    -0.054    -0.033    -0.184
    50.570    -0.064    -0.209    -0.268
    50.580    -0.072    -0.360    -0.288
    50.590    -0.062    -0.461    -0.280
    50.600    -0.048    -0.499    -0.273
    50.610    -0.051    -0.489    -0.253
    50.620    -0.066    -0.440    -0.227
    50.630    -0.067    -0.349    -0.216
    50.640    -0.054    -0.233    -0.228
    50.650    -0.038    -0.111    -0.262
    50.660    -0.028    -0.005    -0.295
    50.670    -0.014     0.074    -0.310
    50.680     0.017     0.139    -0.315
    50.690     0.049     0.185    -0.296
    50.700     0.073     0.206    -0.252
    50.710     0.096     0.212    -0.191
    50.720     0.118     0.215    -0.133
    50.730     0.121     0.242    -0.105
    50.740     0.104     0.299    -0.116
    50.750     0.074     0.381    -0.137
    50.760     0.047     0.462    -0.128
    50.770     0.037     0.490    -0.092
    50.780     0.038     0.439    -0.037
    50.790     0.078     0.315     0.047
    50.800     0.145     0.143     0.141
    50.810     0.189    -0.042     0.221
    50.820     0.168    -0.195     0.299
    50.830     0.086    -0.280     0.368
    50.840    -0.012    -0.305     0.408
    50.850    -0.104    -0.308     0.424
    50.860    -0.181    -0.319     0.416
    50.870    -0.221    -0.350     0.404
    50.880    -0.214    -0.384     0.390
    50.890    -0.168    -0.383     0.350
    50.900    -0.123    -0.331     0.307
    50.910    -0.118    -0.251     0.262
    50.920    -0.133    -0.186     0.223
    50.930    -0.131    -0.160     0.197
    50.940    -0.106    -0.154     0.157
    50.950    -0.067    -0.148     0.112
    50.960    -0.006    -0.099     0.084
    50.970     0.062     0.026     0.088
    50.980     0.104     0.172     0.106
    50.990     0.122     0.255     0.131
    51.000     0.145     0.231     0.141
    51.010     0.180     0.101     0.097
    51.020     0.208    -0.092     0.019
    51.030     0.215    -0.262    -0.067
    51.040     0.191    -0.337    -0.153
    51.050     0.152    -0.295    -0.235
    51.060     0.118    -0.147    -0.318
    51.070     0.087     0.049    -0.382
    51.080     0.072     0.210    -0.410
    51.090     0.072     0.297    -0.412
    51.100     0.066     0.315    -0.415
    51.110     0.028     0.288    -0.402
    51.120    -0.036     0.251    -0.363
    51.130    -0.094     0.207    -0.315
    51.140    -0.152     0.165    -0.263
    51.150    -0.196     0.139    -0.216
    51.160    -0.214     0.112    -0.172
    51.170    -0.201     0.082    -0.112
    51.180    -0.157     0.059    -0.041
    51.190    -0.101     0.053     0.057
    51.200    -0.059     0.040     0.198
    51.210    -0.038    -0.003     0.342
    51.220    -0.020    -0.069     0.433
    51.230     0.005    -0.155     0.393
    51.240     0.041    -0.252     0.224
    51.250     0.097    -0.328     0.011
    51.260     0.159    -0.328    -0.176
    51.270     0.202    -0.217    -0.264
    51.280     0.194    -0.022    -0.260
    51.290     0.138     0.186    -0.219
    51.300     0.071     0.326    -0.185
    51.310     0.015     0.368    -0.193
    51.320    -0.014     0.358    -0.222
    51.330    -0.044     0.348    -0.260
    51.340    -0.086     0.380    -0.268
    51.350    -0.101     0.458    -0.212
    51.360    -0.085     0.543    -0.116
    51.370    -0.056     0.572     0.012
    51.380    -0.041     0.492     0.137
    51.390    -0.040     0.314     0.226
    51.400    -0.038     0.085     0.277
    51.410    -0.043    -0.137     0.293
    51.420    -0.050    -0.294     0.270
    51.430    -0.062    -0.351     0.212
    51.440    -0.079    -0.332     0.130
    51.450    -0.092    -0.294     0.034
    51.460    -0.088    -0.288    -0.031
    51.470    -0.056    -0.325    -0.040
    51.480    -0.007    -0.354     0.020
    51.490     0.029    -0.305     0.150
    51.500     0.026    -0.152     0.304
    51.510    -0.010     0.038     0.425
    51.520    -0.050     0.181     0.497
    51.530    -0.076     0.238     0.520
    51.540    -0.100     0.194     0.495
    51.550    -0.138     0.072     0.437
    51.560    -0.170    -0.092     0.341
    51.570    -0.175    -0.267     0.226
    51.580    -0.148    -0.422     0.148
    51.590    -0.108    -0.538     0.156
    51.600    -0.071    -0.608     0.218
    51.610    -0.037    -0.651     0.263
    51.620    -0.002    -0.674     0.237
    51.630     0.053    -0.641     0.119
    51.640     0.134    -0.508    -0.035
    51.650     0.215    -0.282    -0.194
    51.660     0.253    -0.041    -0.345
    51.670     0.245     0.156    -0.477
    51.680     0.237     0.305    -0.581
    51.690     0.252     0.398    -0.638
    51.700     0.265     0.436    -0.675
    51.710     0.247     0.436    -0.701
    51.720     0.210     0.391    -0.707
    51.730     0.173     0.318    -0.671
    51.740     0.143     0.255    -0.585
    51.750     0.108     0.226    -0.459
    51.760     0.069     0.245    -0.298
    51.770     0.036     0.304    -0.146
    51.780    -0.014     0.365    -0.048
    51.790    -0.098     0.360    -0.034
    51.800    -0.192     0.279    -0.061
    51.810    -0.247     0.157    -0.055
    51.820    -0.246     0.042     0.007
    51.830    -0.214    -0.042     0.134
    51.840    -0.168    -0.075     0.310
    51.850    -0.106    -0.055     0.484
    51.860    -0.035    -0.028     0.589
    51.870     0.027    -0.033     0.567
    51.880     0.066    -0.065     0.437
    51.890     0.079    -0.109     0.265
    51.900     0.082    -0.146     0.102
    51.910     0.075    -0.133     0.012
    51.920     0.051    -0.056     0.008
    51.930     0.021     0.041     0.048
    51.940    -0.003     0.114     0.083
    51.950    -0.014     0.104     0.063
    51.960    -0.025    -0.033     0.021
    51.970    -0.052    -0.270     0.013
    51.980    -0.090    -0.518     0.067
    51.990    -0.131    -0.674     0.163
    52.000    -0.174    -0.685     0.248
    52.010    -0.230    -0.555     0.305
    52.020    -0.281    -0.341     0.335
    52.030    -0.285    -0.118     0.331
    52.040    -0.224     0.047     0.287
    52.050    -0.112     0.140     0.207
    52.060     0.021     0.208     0.103
    52.070     0.148     0.295    -0.012
    52.080     0.245     0.388    -0.111
    52.090     0.316     0.442    -0.172
    52.100     0.376     0.431    -0.206
    52.110     0.414     0.347    -0.221
    52.120     0.416     0.223    -0.200
    52.130     0.367     0.102    -0.169
    52.140     0.275     0.020    -0.166
    52.150     0.173     0.009    -0.217
    52.160     0.086     0.068    -0.320
    52.170     0.037     0.173    -0.444
    52.180     0.013     0.261    -0.544
    52.190    -0.005     0.273    -0.559
    52.200    -0.033     0.202    -0.482
    52.210    -0.084     0.087    -0.354
    52.220    -0.147    -0.008    -0.220
    52.230    -0.204    -0.044    -0.084
    52.240    -0.246    -0.041     0.066
    52.250    -0.280    -0.043     0.224
    52.260    -0.329    -0.084     0.377
    52.270    -0.394    -0.177     0.484
    52.280    -0.434    -0.318     0.519
    52.290    -0.405    -0.481     0.494
    52.300    -0.311    -0.605     0.433
    52.310    -0.195    -0.622     0.361
    52.320    -0.088    -0.503     0.288
    52.330    -0.004    -0.280     0.227
    52.340     0.053    -0.019     0.169
    52.350     0.095     0.211     0.111
    52.360     0.155     0.390     0.072
    52.370     0.240     0.541     0.042
    52.380     0.306     0.650     0.012
    52.390     0.310     0.688    -0.057
    52.400     0.249     0.650    -0.169
    52.410     0.162     0.544    -0.294
    52.420     0.091     0.376    -0.411
    52.430     0.049     0.157    -0.456
    52.440     0.023    -0.077    -0.397
    52.450    -0.002    -0.269    -0.251
    52.460    -0.020    -0.380    -0.065
    52.470    -0.022    -0.390     0.071
    52.480     0.000    -0.318     0.124
    52.490     0.048    -0.194     0.122
    52.500     0.097    -0.033     0.092
    52.510     0.115     0.117     0.048
    52.520     0.081     0.194     0.002
    52.530     0.000     0.178    -0.029
    52.540    -0.102     0.070    -0.042
    52.550    -0.201    -0.098    -0.042
    52.560    -0.256    -0.285    -0.033
    52.570    -0.228    -0.444    -0.015
    52.580    -0.132    -0.529    -0.017
    52.590    -0.036    -0.531    -0.055
    52.600     0.012    -0.453    -0.127
    52.610     0.033    -0.289    -0.227
    52.620     0.055    -0.078    -0.336
    52.630     0.082     0.103    -0.427
    52.640     0.130     0.210    -0.452
    52.650     0.190     0.250    -0.410
    52.660     0.227     0.219    -0.322
    52.670     0.225     0.131    -0.163
    52.680     0.187     0.023     0.051
    52.690     0.136    -0.078     0.272
    52.700     0.071    -0.157     0.481
    52.710    -0.019    -0.203     0.655
    52.720    -0.126    -0.203     0.757
    52.730    -0.223    -0.145     0.770
    52.740    -0.273    -0.041     0.700
    52.750    -0.262     0.090     0.556
    52.760    -0.216     0.226     0.369
    52.770    -0.159     0.339     0.186
    52.780    -0.114     0.416     0.030
    52.790    -0.090     0.440    -0.088
    52.800    -0.074     0.382    -0.159
    52.810    -0.053     0.245    -0.196
    52.820    -0.037     0.070    -0.218
    52.830    -0.041    -0.097    -0.242
    52.840    -0.066    -0.221    -0.251
    52.850    -0.080    -0.269    -0.232
    52.860    -0.054    -0.228    -0.192
    52.870     0.005    -0.139    -0.132
    52.880     0.069    -0.039    -0.067
    52.890     0.099     0.057    -0.020
    52.900     0.092     0.126    -0.007
    52.910     0.082     0.152    -0.009
    52.920     0.098     0.131    -0.001
    52.930     0.143     0.082     0.043
    52.940     0.188     0.030     0.135
    52.950     0.209     0.007     0.208
    52.960     0.181     0.034     0.208
    52.970     0.111     0.101     0.135
    52.980     0.045     0.189     0.029
    52.990     0.024     0.290    -0.067
    53.000     0.061     0.405    -0.152
    53.010     0.123     0.519    -0.223
    53.020     0.183     0.602    -0.274
    53.030     0.241     0.612    -0.325
    53.040     0.284     0.510    -0.384
    53.050     0.290     0.305    -0.421
    53.060     0.249     0.045    -0.429
    53.070     0.173    -0.196    -0.437
    53.080     0.076    -0.356    -0.450
    53.090    -0.016    -0.437    -0.480
    53.100    -0.087    -0.452    -0.520
    53.110    -0.129    -0.425    -0.512
    53.120    -0.160    -0.405    -0.430
    53.130    -0.203    -0.420    -0.281
    53.140    -0.244    -0.456    -0.080
    53.150    -0.273    -0.480     0.155
    53.160    -0.298    -0.472     0.407
    53.170    -0.327    -0.418     0.635
    53.180    -0.353    -0.312     0.793
    53.190    -0.331    -0.173     0.855
    53.200    -0.228    -0.029     0.848
    53.210    -0.068     0.098     0.791
    53.220     0.089     0.208     0.699
    53.230     0.177     0.309     0.603
    53.240     0.175     0.401     0.504
    53.250     0.125     0.461     0.388
    53.260     0.067     0.433     0.253
    53.270     0.020     0.281     0.100
    53.280    -0.013     0.023    -0.056
    53.290    -0.034    -0.289    -0.188
    53.300    -0.055    -0.600    -0.270
    53.310    -0.080    -0.860    -0.295
    53.320    -0.100    -1.006    -0.259
    53.330    -0.115    -0.992    -0.154
    53.340    -0.131    -0.840    -0.009
    53.350    -0.150    -0.586     0.130
    53.360    -0.159    -0.265     0.235
    53.370    -0.136     0.063     0.273
    53.380    -0.066     0.363     0.228
    53.390     0.038     0.629     0.119
    53.400     0.129     0.838    -0.039
    53.410     0.167     0.951    -0.226
    53.420     0.171     0.942    -0.421
    53.430     0.169     0.794    -0.608
    53.440     0.168     0.507    -0.752
    53.450     0.177     0.132    -0.805
    53.460     0.198    -0.241    -0.763
    53.470     0.208    -0.530    -0.659
    53.480     0.162    -0.708    -0.541
    53.490     0.064    -0.792    -0.434
    53.500    -0.031    -0.777    -0.327
    53.510    -0.064    -0.658    -0.202
    53.520    -0.026    -0.436    -0.048
    53.530     0.029    -0.098     0.147
    53.540     0.070     0.332     0.380
    53.550     0.085     0.761     0.613
    53.560     0.072     1.084     0.780
    53.570     0.051     1.229     0.842
    53.580     0.039     1.185     0.803
    53.590     0.035     1.003     0.676
    53.600    -0.007     0.757     0.484
    53.610    -0.121     0.515     0.290
    53.620    -0.270     0.311     0.134
    53.630    -0.379     0.151     0.026
    53.640    -0.415     0.026    -0.038
    53.650    -0.371    -0.085    -0.076
    53.660    -0.275    -0.205    -0.100
    53.670    -0.185    -0.321    -0.109
    53.680    -0.135    -0.410    -0.098
    53.690    -0.114    -0.489    -0.085
    53.700    -0.084    -0.573    -0.091
    53.710    -0.007    -0.678    -0.127
    53.720     0.103    -0.809    -0.191
    53.730     0.204    -0.931    -0.264
    53.740     0.277    -0.984    -0.308
    53.750     0.313    -0.900    -0.284
    53.760     0.302    -0.676    -0.206
    53.770     0.250    -0.363    -0.104
    53.780     0.173    -0.004     0.005
    53.790     0.090     0.346     0.105
    53.800     0.012     0.613     0.177
    53.810    -0.067     0.776     0.197
    53.820    -0.123     0.839     0.178
    53.830    -0.150     0.789     0.168
    53.840    -0.143     0.638     0.195
    53.850    -0.093     0.429     0.266
    53.860    -0.014     0.202     0.330
    53.870     0.066    -0.029     0.347
    53.880     0.115    -0.218     0.329
    53.890     0.129    -0.313     0.262
    53.900     0.096    -0.308     0.142
    53.910     0.024    -0.230     0.002
    53.920    -0.045    -0.118    -0.141
    53.930    -0.078    -0.011    -0.274
    53.940    -0.073     0.049    -0.392
    53.950    -0.050     0.066    -0.509
    53.960    -0.016     0.052    -0.602
    53.970     0.018     0.002    -0.652
    53.980     0.051    -0.055    -0.630
    53.990     0.087    -0.077    -0.520
    54.000     0.129    -0.056    -0.359
    54.010     0.181    -0.012    -0.178
    54.020     0.234     0.049    -0.020
    54.030     0.259     0.128     0.073
    54.040     0.235     0.233     0.088
    54.050     0.180     0.363     0.042
    54.060     0.113     0.477    -0.012
    54.070     0.051     0.534    -0.020
    54.080     0.011     0.502     0.008
    54.090    -0.011     0.395     0.039
    54.100    -0.027     0.235     0.049
    54.110    -0.054     0.052     0.032
    54.120    -0.093    -0.103     0.039
    54.130    -0.150    -0.207     0.089
    54.140    -0.208    -0.241     0.159
    54.150    -0.258    -0.227     0.229
    54.160    -0.300    -0.203     0.292
    54.170    -0.312    -0.187     0.349
    54.180    -0.295    -0.200     0.378
    54.190    -0.250    -0.242     0.359
    54.200    -0.188    -0.310     0.293
    54.210    -0.148    -0.409     0.209
    54.220    -0.117    -0.527     0.130
    54.230    -0.072    -0.620     0.054
    54.240    -0.007    -0.658     0.006
    54.250     0.061    -0.624    -0.003
    54.260     0.100    -0.511     0.034
    54.270     0.115    -0.348     0.120
    54.280     0.110    -0.174     0.217
    54.290     0.103    -0.012     0.266
    54.300     0.113     0.112     0.236
    54.310     0.142     0.187     0.153
    54.320     0.186     0.227     0.030
    54.330     0.210     0.242    -0.094
    54.340     0.203     0.242    -0.178
    54.350     0.170     0.223    -0.203
    54.360     0.115     0.189    -0.157
    54.370     0.063     0.143    -0.076
    54.380     0.032     0.081    -0.004
    54.390     0.016     0.022     0.024
    54.400     0.000    -0.038    -0.015
    54.410    -0.024    -0.101    -0.131
    54.420    -0.048    -0.158    -0.296
    54.430    -0.080    -0.190    -0.443
    54.440    -0.111    -0.185    -0.542
    54.450    -0.118    -0.140    -0.569
    54.460    -0.105    -0.039    -0.517
    54.470    -0.079     0.094    -0.422
    54.480    -0.043     0.238    -0.317
    54.490    -0.010     0.391    -0.207
    54.500     0.004     0.525    -0.096
    54.510    -0.001     0.600     0.010
    54.520    -0.012     0.609     0.110
    54.530    -0.025     0.565     0.184
    54.540    -0.025     0.500     0.240
    54.550     0.005     0.448     0.300
    54.560     0.056     0.409     0.349
    54.570     0.102     0.360     0.393
    54.580     0.124     0.273     0.436
    54.590     0.125     0.151     0.466
    54.600     0.111     0.017     0.467
    54.610     0.070    -0.112     0.407
    54.620     0.011    -0.216     0.285
    54.630    -0.039    -0.264     0.133
    54.640    -0.060    -0.262    -0.038
    54.650    -0.054    -0.242    -0.192
    54.660    -0.039    -0.217    -0.287
    54.670    -0.016    -0.191    -0.318
    54.680     0.024    -0.157    -0.290
    54.690     0.060    -0.115    -0.217
    54.700     0.064    -0.069    -0.146
    54.710     0.038    -0.024    -0.089
    54.720    -0.004    -0.001    -0.052
    54.730    -0.046    -0.014    -0.056
    54.740    -0.078    -0.078    -0.090
    54.750    -0.079    -0.188    -0.107
    54.760    -0.039    -0.299    -0.073
    54.770     0.007    -0.375     0.007
    54.780     0.015    -0.395     0.125
    54.790    -0.010    -0.369     0.244
    54.800    -0.025    -0.312     0.292
    54.810    -0.007    -0.229     0.255
    54.820     0.015    -0.120     0.165
    54.830     0.009     0.016     0.060
    54.840    -0.039     0.174    -0.016
    54.850    -0.124     0.310    -0.092
    54.860    -0.215     0.363    -0.198
    54.870    -0.274     0.305    -0.304
    54.880    -0.264     0.159    -0.367
    54.890    -0.197    -0.020    -0.344
    54.900    -0.108    -0.194    -0.244
    54.910    -0.019    -0.330    -0.101
    54.920     0.049    -0.410     0.067
    54.930     0.107    -0.425     0.239
    54.940     0.169    -0.352     0.386
    54.950     0.219    -0.198     0.468
    54.960     0.221     0.022     0.490
    54.970     0.178     0.283     0.443
    54.980     0.126     0.541     0.315
    54.990     0.084     0.742     0.139
    55.000     0.064     0.816    -0.033
    55.010     0.046     0.760    -0.166
    55.020     0.028     0.622    -0.240
    55.030     0.025     0.434    -0.258
    55.040     0.031     0.218    -0.254
    55.050     0.037    -0.010    -0.243
    55.060     0.044    -0.227    -0.210
    55.070     0.058    -0.396    -0.156
    55.080     0.067    -0.507    -0.107
    55.090     0.055    -0.555    -0.083
    55.100     0.032    -0.544    -0.083
    55.110     0.019    -0.493    -0.096
    55.120     0.024    -0.414    -0.107
    55.130     0.030    -0.323    -0.101
    55.140     0.022    -0.236    -0.066
    55.150    -0.010    -0.145    -0.014
    55.160    -0.081    -0.059     0.046
    55.170    -0.188     0.004     0.099
    55.180    -0.301     0.036     0.127
    55.190    -0.372     0.045     0.125
    55.200    -0.362     0.039     0.066
    55.210    -0.280     0.023    -0.032
    55.220    -0.166     0.015    -0.093
    55.230    -0.071     0.022    -0.092
    55.240    -0.016     0.034    -0.065
    55.250     0.011     0.050    -0.031
    55.260     0.036     0.068     0.007
    55.270     0.074     0.075     0.053
    55.280     0.113     0.074     0.126
    55.290     0.142     0.082     0.206
    55.300     0.156     0.097     0.279
    55.310     0.173     0.126     0.343
    55.320     0.211     0.167     0.380
    55.330     0.256     0.207     0.386
    55.340     0.304     0.234     0.333
    55.350     0.329     0.241     0.206
    55.360     0.297     0.231     0.032
    55.370     0.213     0.216    -0.144
    55.380     0.094     0.216    -0.266
    55.390    -0.031     0.230    -0.308
    55.400    -0.132     0.253    -0.284
    55.410    -0.202     0.267    -0.211
    55.420    -0.255     0.255    -0.127
    55.430    -0.300     0.210    -0.066
    55.440    -0.335     0.116    -0.041
    55.450    -0.333    -0.003    -0.036
    55.460    -0.270    -0.103    -0.034
    55.470    -0.163    -0.167    -0.015
    55.480    -0.045    -0.177     0.045
    55.490     0.061    -0.159     0.118
    55.500     0.135    -0.166     0.165
    55.510     0.166    -0.211     0.172
    55.520     0.158    -0.270     0.144
    55.530     0.138    -0.314     0.106
    55.540     0.125    -0.337     0.051
    55.550     0.109    -0.356     0.005
    55.560     0.098    -0.380    -0.013
    55.570     0.100    -0.407    -0.043
    55.580     0.107    -0.428    -0.087
    55.590     0.107    -0.431    -0.138
    55.600     0.092    -0.411    -0.183
    55.610     0.076    -0.346    -0.203
    55.620     0.074    -0.219    -0.192
    55.630     0.093    -0.031    -0.170
    55.640     0.109     0.203    -0.169
    55.650     0.098     0.423    -0.188
    55.660     0.057     0.591    -0.222
    55.670    -0.004     0.681    -0.245
    55.680    -0.058     0.648    -0.261
    55.690    -0.078     0.498    -0.289
    55.700    -0.055     0.288    -0.323
    55.710    -0.026     0.075    -0.344
    55.720    -0.021    -0.091    -0.321
    55.730    -0.050    -0.178    -0.247
    55.740    -0.121    -0.196    -0.126
    55.750    -0.201    -0.185     0.035
    55.760    -0.262    -0.161     0.185
    55.770    -0.297    -0.146     0.298
    55.780    -0.309    -0.150     0.377
    55.790    -0.297    -0.165     0.441
    55.800    -0.251    -0.179     0.522
    55.810    -0.176    -0.166     0.616
    55.820    -0.090    -0.104     0.708
    55.830    -0.013     0.020     0.776
    55.840     0.049     0.186     0.780
    55.850     0.105     0.359     0.702
    55.860     0.164     0.504     0.553
    55.870     0.220     0.591     0.362
    55.880     0.248     0.608     0.161
    55.890     0.241     0.558    -0.032
    55.900     0.200     0.439    -0.188
    55.910     0.147     0.257    -0.294
    55.920     0.103     0.036    -0.376
    55.930     0.053    -0.192    -0.430
    55.940    -0.001    -0.384    -0.452
    55.950    -0.059    -0.499    -0.439
    55.960    -0.117    -0.532    -0.392
    55.970    -0.158    -0.496    -0.343
    55.980    -0.162    -0.412    -0.291
    55.990    -0.139    -0.319    -0.241
    56.000    -0.112    -0.255    -0.190
    56.010    -0.078    -0.209    -0.150
    56.020    -0.027    -0.142    -0.128
    56.030     0.040    -0.032    -0.100
    56.040     0.112     0.118    -0.090
    56.050     0.174     0.264    -0.090
    56.060     0.209     0.343    -0.093
    56.070     0.208     0.331    -0.118
    56.080     0.180     0.244    -0.145
    56.090     0.143     0.107    -0.184
    56.100     0.103    -0.038    -0.223
    56.110     0.047    -0.160    -0.220
    56.120    -0.014    -0.243    -0.175
    56.130    -0.055    -0.267    -0.093
    56.140    -0.073    -0.228     0.021
    56.150    -0.086    -0.142     0.138
    56.160    -0.097    -0.019     0.242
    56.170    -0.084     0.114     0.322
    56.180    -0.043     0.227     0.360
    56.190     0.003     0.315     0.367
    56.200     0.026     0.381     0.346
    56.210     0.018     0.414     0.305
    56.220    -0.011     0.390     0.267
    56.230    -0.018     0.289     0.230
    56.240     0.004     0.127     0.213
    56.250     0.030    -0.051     0.234
    56.260     0.051    -0.190     0.256
    56.270     0.037    -0.268     0.256
    56.280    -0.015    -0.307     0.223
    56.290    -0.069    -0.314     0.152
    56.300    -0.077    -0.284     0.074
    56.310    -0.036    -0.209    -0.003
    56.320     0.012    -0.098    -0.065
    56.330     0.045     0.026    -0.099
    56.340     0.063     0.148    -0.129
    56.350     0.077     0.253    -0.170
    56.360     0.086     0.325    -0.218
    56.370     0.096     0.362    -0.260
    56.380     0.109     0.363    -0.302
    56.390     0.099     0.314    -0.353
    56.400     0.064     0.196    -0.413
    56.410     0.010     0.017    -0.463
    56.420    -0.047    -0.197    -0.480
    56.430    -0.081    -0.407    -0.449
    56.440    -0.108    -0.601    -0.372
    56.450    -0.125    -0.739    -0.262
    56.460    -0.123    -0.785    -0.132
    56.470    -0.119    -0.736    -0.024
    56.480    -0.124    -0.598     0.037
    56.490    -0.131    -0.391     0.054
    56.500    -0.139    -0.141     0.059
    56.510    -0.140     0.110     0.096
    56.520    -0.130     0.323     0.162
    56.530    -0.103     0.469     0.251
    56.540    -0.056     0.528     0.355
    56.550    -0.009     0.509     0.440
    56.560     0.028     0.453     0.493
    56.570     0.058     0.387     0.507
    56.580     0.095     0.306     0.469
    56.590     0.143     0.218     0.394
    56.600     0.164     0.125     0.297
    56.610     0.135     0.043     0.210
    56.620     0.062    -0.024     0.149
    56.630    -0.015    -0.112     0.100
    56.640    -0.053    -0.229     0.061
    56.650    -0.047    -0.347     0.019
    56.660    -0.005    -0.427    -0.038
    56.670     0.039    -0.442    -0.088
    56.680     0.052    -0.392    -0.107
    56.690     0.041    -0.313    -0.086
    56.700     0.022    -0.259    -0.063
    56.710     0.035    -0.248    -0.085
    56.720     0.080    -0.274    -0.154
    56.730     0.113    -0.317    -0.243
    56.740     0.111    -0.337    -0.305
    56.750     0.066    -0.308    -0.333
    56.760    -0.006    -0.236    -0.331
    56.770    -0.062    -0.135    -0.300
    56.780    -0.075    -0.011    -0.241
    56.790    -0.053     0.137    -0.173
    56.800    -0.011     0.314    -0.115
    56.810     0.040     0.491    -0.076
    56.820     0.107     0.640    -0.069
    56.830     0.197     0.725    -0.076
    56.840     0.286     0.736    -0.075
    56.850     0.334     0.700    -0.059
    56.860     0.320     0.641    -0.024
    56.870     0.239     0.587     0.030
    56.880     0.115     0.538     0.097
    56.890    -0.007     0.481     0.146
    56.900    -0.095     0.423     0.161
    56.910    -0.145     0.351     0.132
    56.920    -0.190     0.263     0.037
    56.930    -0.224     0.165    -0.103
    56.940    -0.220     0.059    -0.235
    56.950    -0.178    -0.037    -0.323
    56.960    -0.102    -0.102    -0.338
    56.970    -0.033    -0.134    -0.261
    56.980    -0.012    -0.154    -0.117
    56.990    -0.040    -0.179     0.049
    57.000    -0.091    -0.223     0.209
    57.010    -0.133    -0.294     0.336
    57.020    -0.149    -0.353     0.420
    57.030    -0.145    -0.375     0.476
    57.040    -0.150    -0.367     0.492
    57.050    -0.179    -0.325     0.473
    57.060    -0.214    -0.287     0.439
    57.070    -0.238    -0.288     0.389
    57.080    -0.227    -0.318     0.332
    57.090    -0.171    -0.349     0.275
    57.100    -0.105    -0.356     0.195
    57.110    -0.052    -0.322     0.081
    57.120    -0.017    -0.234    -0.046
    57.130     0.013    -0.104    -0.169
    57.140     0.054     0.025    -0.259
    57.150     0.113     0.109    -0.288
    57.160     0.190     0.141    -0.258
    57.170     0.263     0.122    -0.193
    57.180     0.294     0.073    -0.129
    57.190     0.277     0.036    -0.088
    57.200     0.230     0.017    -0.065
    57.210     0.188     0.004    -0.064
    57.220     0.165    -0.004    -0.081
    57.230     0.162    -0.005    -0.086
    57.240     0.169     0.005    -0.082
    57.250     0.158     0.030    -0.065
    57.260     0.103     0.046    -0.032
    57.270    -0.017     0.031    -0.021
    57.280    -0.157    -0.027    -0.046
    57.290    -0.255    -0.133    -0.108
    57.300    -0.278    -0.265    -0.179
    57.310    -0.236    -0.396    -0.236
    57.320    -0.168    -0.501    -0.270
    57.330    -0.105    -0.536    -0.265
    57.340    -0.076    -0.483    -0.238
    57.350    -0.081    -0.357    -0.181
    57.360    -0.087    -0.181    -0.088
    57.370    -0.056     0.025     0.003
    57.380     0.010     0.254     0.065
    57.390     0.059     0.480     0.088
    57.400     0.078     0.679     0.079
    57.410     0.071     0.828     0.081
    57.420     0.055     0.904     0.104
    57.430     0.052     0.905     0.129
    57.440     0.077     0.837     0.147
    57.450     0.130     0.698     0.124
    57.460     0.173     0.499     0.057
    57.470     0.175     0.277    -0.026
    57.480     0.134     0.075    -0.116
    57.490     0.063    -0.055    -0.192
    57.500    -0.019    -0.091    -0.217
    57.510    -0.103    -0.063    -0.182
    57.520    -0.168    -0.024    -0.116
    57.530    -0.186    -0.017    -0.021
    57.540    -0.168    -0.071     0.091
    57.550    -0.136    -0.200     0.186
    57.560    -0.119    -0.365     0.266
    57.570    -0.109    -0.506     0.322
    57.580    -0.087    -0.598     0.330
    57.590    -0.051    -0.629     0.292
    57.600    -0.007    -0.594     0.220
    57.610     0.032    -0.502     0.117
    57.620     0.059    -0.379    -0.006
    57.630     0.067    -0.251    -0.114
    57.640     0.050    -0.152    -0.184
    57.650     0.011    -0.110    -0.206
    57.660    -0.036    -0.100    -0.185
    57.670    -0.067    -0.101    -0.159
    57.680    -0.066    -0.104    -0.138
    57.690    -0.029    -0.103    -0.123
    57.700     0.038    -0.085    -0.093
    57.710     0.118    -0.042    -0.041
    57.720     0.189     0.025     0.009
    57.730     0.229     0.105     0.064
    57.740     0.224     0.178     0.125
    57.750     0.190     0.246     0.160
    57.760     0.142     0.322     0.149
    57.770     0.089     0.389     0.094
    57.780     0.029     0.442     0.024
    57.790    -0.024     0.470    -0.040
    57.800    -0.052     0.453    -0.099
    57.810    -0.064     0.388    -0.150
    57.820    -0.079     0.280    -0.169
    57.830    -0.105     0.151    -0.128
    57.840    -0.134     0.018    -0.036
    57.850    -0.156    -0.109     0.070
    57.860    -0.159    -0.218     0.152
    57.870    -0.136    -0.298     0.185
    57.880    -0.081    -0.345     0.170
    57.890    -0.001    -0.351     0.122
    57.900     0.073    -0.322     0.064
    57.910     0.122    -0.253     0.050
    57.920     0.151    -0.152     0.109
    57.930     0.173    -0.033     0.219
    57.940     0.186     0.090     0.324
    57.950     0.181     0.194     0.369
    57.960     0.150     0.280     0.355
    57.970     0.087     0.345     0.274
    57.980    -0.008     0.403     0.132
    57.990    -0.120     0.446    -0.027
    58.000    -0.212     0.457    -0.169
    58.010    -0.261     0.446    -0.269
    58.020    -0.272     0.389    -0.336
    58.030    -0.262     0.270    -0.374
    58.040    -0.248     0.098    -0.374
    58.050    -0.216    -0.093    -0.330
    58.060    -0.167    -0.258    -0.256
    58.070    -0.116    -0.365    -0.185
    58.080    -0.065    -0.393    -0.117
    58.090    -0.020    -0.352    -0.065
    58.100     0.016    -0.274    -0.041
    58.110     0.026    -0.185    -0.039
    58.120     0.002    -0.113    -0.055
    58.130    -0.042    -0.078    -0.045
    58.140    -0.085    -0.081     0.005
    58.150    -0.098    -0.114     0.076
    58.160    -0.082    -0.160     0.154
    58.170    -0.034    -0.191     0.216
    58.180     0.051    -0.180     0.240
    58.190     0.152    -0.124     0.209
    58.200     0.231    -0.037     0.140
    58.210     0.262     0.055     0.063
    58.220     0.254     0.119     0.006
    58.230     0.226     0.136    -0.025
    58.240     0.194     0.106    -0.042
    58.250     0.152     0.048    -0.031
    58.260     0.093    -0.010    -0.001
    58.270     0.038    -0.043     0.037
    58.280    -0.014    -0.041     0.079
    58.290    -0.054    -0.009     0.110
    58.300    -0.067     0.040     0.122
    58.310    -0.054     0.086     0.114
    58.320    -0.021     0.122     0.095
    58.330     0.000     0.137     0.071
    58.340     0.000     0.131     0.040
    58.350    -0.011     0.112     0.004
    58.360    -0.021     0.093    -0.046
    58.370    -0.016     0.075    -0.129
    58.380    -0.001     0.057    -0.220
    58.390     0.004     0.043    -0.291
    58.400    -0.001     0.036    -0.325
    58.410    -0.018     0.037    -0.295
    58.420    -0.044     0.044    -0.213
    58.430    -0.061     0.047    -0.101
    58.440    -0.060     0.038     0.022
    58.450    -0.031     0.019     0.131
    58.460     0.020    -0.011     0.208
    58.470     0.071    -0.041     0.243
    58.480     0.107    -0.052     0.248
    58.490     0.107    -0.032     0.241
    58.500     0.075     0.024     0.212
    58.510     0.028     0.090     0.163
    58.520    -0.013     0.129     0.092
    58.530    -0.034     0.116     0.012
    58.540    -0.046     0.049    -0.053
    58.550    -0.056    -0.046    -0.099
    58.560    -0.059    -0.126    -0.116
    58.570    -0.053    -0.163    -0.105
    58.580    -0.039    -0.175    -0.072
    58.590    -0.027    -0.173    -0.019
    58.600    -0.022    -0.168     0.032
    58.610    -0.037    -0.154     0.088
    58.620    -0.076    -0.136     0.164
    58.630    -0.132    -0.123     0.255
    58.640    -0.176    -0.102     0.344
    58.650    -0.199    -0.085     0.413
    58.660    -0.198    -0.096     0.427
    58.670    -0.174    -0.128     0.375
    58.680    -0.127    -0.172     0.285
    58.690    -0.041    -0.205     0.170
    58.700     0.069    -0.196     0.020
    58.710     0.170    -0.132    -0.151
    58.720     0.251    -0.024    -0.320
    58.730     0.304     0.094    -0.478
    58.740     0.320     0.191    -0.610
    58.750     0.290     0.244    -0.700
    58.760     0.220     0.235    -0.727
    58.770     0.134     0.176    -0.691
    58.780     0.051     0.085    -0.601
    58.790    -0.021    -0.028    -0.461
    58.800    -0.075    -0.147    -0.297
    58.810    -0.094    -0.246    -0.132
    58.820    -0.077    -0.296     0.002
    58.830    -0.039    -0.289     0.091
    58.840     0.001    -0.228     0.137
    58.850     0.037    -0.123     0.133
    58.860     0.070    -0.007     0.105
    58.870     0.095     0.097     0.059
    58.880     0.117     0.181    -0.003
    58.890     0.124     0.247    -0.056
    58.900     0.109     0.306    -0.084
    58.910     0.075     0.368    -0.082
    58.920     0.018     0.421    -0.069
    58.930    -0.042     0.452    -0.056
    58.940    -0.087     0.453    -0.027
    58.950    -0.111     0.421     0.026
    58.960    -0.111     0.357     0.101
    58.970    -0.104     0.268     0.187
    58.980    -0.099     0.164     0.263
    58.990    -0.091     0.055     0.316
    59.000    -0.067    -0.043     0.338
    59.010    -0.012    -0.114     0.330
    59.020     0.046    -0.146     0.318
    59.030     0.073    -0.134     0.303
    59.040     0.066    -0.076     0.284
    59.050     0.032     0.000     0.280
    59.060    -0.004     0.051     0.281
    59.070    -0.020     0.060     0.284
    59.080    -0.031     0.025     0.274
    59.090    -0.052    -0.031     0.242
    59.100    -0.082    -0.081     0.207
    59.110    -0.123    -0.128     0.171
    59.120    -0.158    -0.160     0.145
    59.130    -0.169    -0.165     0.129
    59.140    -0.167    -0.161     0.095
    59.150    -0.163    -0.156     0.045
    59.160    -0.159    -0.150    -0.005
    59.170    -0.160    -0.134    -0.038
    59.180    -0.165    -0.114    -0.080
    59.190    -0.181    -0.115    -0.140
    59.200    -0.200    -0.149    -0.171
    59.210    -0.198    -0.229    -0.174
    59.220    -0.163    -0.335    -0.154
    59.230    -0.100    -0.432    -0.119
    59.240    -0.028    -0.489    -0.083
    59.250     0.034    -0.474    -0.046
    59.260     0.090    -0.406    -0.023
    59.270     0.145    -0.308    -0.017
    59.280     0.208    -0.196    -0.018
    59.290     0.268    -0.075    -0.036
    59.300     0.309     0.077    -0.085
    59.310     0.327     0.266    -0.164
    59.320     0.323     0.463    -0.262
    59.330     0.304     0.630    -0.351
    59.340     0.287     0.729    -0.387
    59.350     0.276     0.738    -0.361
    59.360     0.257     0.659    -0.304
    59.370     0.217     0.509    -0.242
    59.380     0.155     0.313    -0.178
    59.390     0.083     0.128    -0.117
    59.400     0.012    -0.013    -0.082
    59.410    -0.057    -0.130    -0.085
    59.420    -0.124    -0.250    -0.099
    59.430    -0.192    -0.374    -0.107
    59.440    -0.246    -0.481    -0.087
    59.450    -0.275    -0.549    -0.044
    59.460    -0.282    -0.584    -0.008
    59.470    -0.263    -0.600     0.043
    59.480    -0.217    -0.608     0.094
    59.490    -0.147    -0.611     0.123
    59.500    -0.071    -0.598     0.135
    59.510    -0.001    -0.547     0.135
    59.520     0.058    -0.433     0.145
    59.530     0.095    -0.252     0.167
    59.540     0.104    -0.031     0.192
    59.550     0.078     0.196     0.212
    59.560     0.035     0.412     0.225
    59.570     0.000     0.598     0.217
    59.580    -0.025     0.732     0.189
    59.590    -0.048     0.809     0.168
    59.600    -0.073     0.822     0.159
    59.610    -0.094     0.782     0.174
    59.620    -0.101     0.697     0.195
    59.630    -0.097     0.549     0.181
    59.640    -0.080     0.365     0.127
    59.650    -0.048     0.182     0.048
    59.660    -0.008     0.025    -0.046
    59.670     0.029    -0.078    -0.154
    59.680     0.052    -0.122    -0.244
    59.690     0.075    -0.127    -0.305
    59.700     0.111    -0.117    -0.333
    59.710     0.144    -0.118    -0.337
    59.720     0.159    -0.149    -0.326
    59.730     0.161    -0.194    -0.273
    59.740     0.162    -0.244    -0.198
    59.750     0.163    -0.281    -0.106
    59.760     0.170    -0.280     0.000
    59.770     0.177    -0.235     0.097
    59.780     0.176    -0.141     0.186
    59.790     0.159    -0.036     0.246
    59.800     0.123     0.052     0.263
    59.810     0.086     0.127     0.243
    59.820     0.063     0.191     0.197
    59.830     0.058     0.240     0.137
    59.840     0.054     0.260     0.061
    59.850     0.036     0.244    -0.030
    59.860    -0.001     0.182    -0.118
    59.870    -0.053     0.078    -0.191
    59.880    -0.099    -0.034    -0.224
    59.890    -0.130    -0.134    -0.201
    59.900    -0.150    -0.222    -0.143
    59.910    -0.165    -0.287    -0.075
    59.920    -0.189    -0.316    -0.028
    59.930    -0.233    -0.311    -0.008
    59.940    -0.292    -0.285    -0.002
    59.950    -0.327    -0.257     0.001
    59.960    -0.315    -0.235     0.040
    59.970    -0.270    -0.236     0.109
    59.980    -0.208    -0.240     0.205
    59.990    -0.145    -0.219     0.336
    60.000    -0.084    -0.188     0.467
    60.010    -0.030    -0.160     0.552
    60.020     0.018    -0.137     0.580
    60.030     0.062    -0.115     0.539
    60.040     0.096    -0.075     0.435
    60.050     0.111    -0.008     0.291
    60.060     0.102     0.081     0.146
    60.070     0.083     0.182     0.027
    60.080     0.070     0.281    -0.068
    60.090     0.063     0.355    -0.124
    60.100     0.053     0.386    -0.132
    60.110     0.030     0.357    -0.121
    60.120     0.014     0.285    -0.107
    60.130     0.025     0.206    -0.118
    60.140     0.056     0.156    -0.166
    60.150     0.098     0.158    -0.231
    60.160     0.136     0.198    -0.288
    60.170     0.168     0.261    -0.330
    60.180     0.193     0.315    -0.342
    60.190     0.205     0.338    -0.322
    60.200     0.199     0.313    -0.275
    60.210     0.170     0.222    -0.198
    60.220     0.136     0.091    -0.121
    60.230     0.095    -0.056    -0.055
    60.240     0.052    -0.203    -0.038
    60.250     0.025    -0.324    -0.085
    60.260     0.022    -0.395    -0.150
    60.270     0.039    -0.415    -0.226
    60.280     0.054    -0.384    -0.296
    60.290     0.064    -0.298    -0.328
    60.300     0.070    -0.169    -0.325
    60.310     0.072    -0.038    -0.279
    60.320     0.061     0.057    -0.197
    60.330     0.029     0.102    -0.120
    60.340    -0.014     0.103    -0.052
    60.350    -0.060     0.079    -0.012
    60.360    -0.096     0.051    -0.005
    60.370    -0.111     0.033     0.010
    60.380    -0.109     0.024     0.037
    60.390    -0.098     0.012     0.072
    60.400    -0.094    -0.005     0.111
    60.410    -0.106    -0.029     0.168
    60.420    -0.125    -0.054     0.242
    60.430    -0.141    -0.081     0.315
    60.440    -0.151    -0.113     0.373
    60.450    -0.171    -0.142     0.385
    60.460    -0.209    -0.164     0.364
    60.470    -0.238    -0.158     0.321
    60.480    -0.235    -0.121     0.273
    60.490    -0.191    -0.060     0.239
    60.500    -0.122     0.017     0.225
    60.510    -0.052     0.094     0.239
    60.520     0.006     0.150     0.252
    60.530     0.043     0.183     0.251
    60.540     0.070     0.186     0.223
    60.550     0.090     0.162     0.165
    60.560     0.111     0.132     0.093
    60.570     0.131     0.116     0.011
    60.580     0.140     0.118    -0.062
    60.590     0.140     0.128    -0.137
    60.600     0.128     0.132    -0.203
    60.610     0.099     0.117    -0.233
    60.620     0.050     0.081    -0.230
    60.630    -0.008     0.031    -0.185
    60.640    -0.062    -0.025    -0.116
    60.650    -0.100    -0.074    -0.029
    60.660    -0.107    -0.118     0.064
    60.670    -0.076    -0.160     0.116
    60.680    -0.021    -0.201     0.134
    60.690     0.038    -0.233     0.121
    60.700     0.087    -0.226     0.096
    60.710     0.115    -0.172     0.072
    60.720     0.118    -0.091     0.023
    60.730     0.099    -0.009    -0.045
    60.740     0.064     0.055    -0.116
    60.750     0.026     0.094    -0.179
    60.760     0.001     0.101    -0.226
    60.770    -0.009     0.067    -0.255
    60.780    -0.006     0.010    -0.250
    60.790     0.011    -0.043    -0.192
    60.800     0.034    -0.068    -0.084
    60.810     0.053    -0.057     0.043
    60.820     0.045    -0.022     0.169
    60.830     0.005     0.018     0.275
    60.840    -0.033     0.041     0.333
    60.850    -0.059     0.050     0.322
    60.860    -0.076     0.051     0.248
    60.870    -0.093     0.053     0.140
    60.880    -0.101     0.066     0.009
    60.890    -0.102     0.072    -0.121
    60.900    -0.102     0.048    -0.235
    60.910    -0.091    -0.007    -0.327
    60.920    -0.063    -0.070    -0.386
    60.930    -0.024    -0.119    -0.400
    60.940     0.006    -0.150    -0.365
    60.950     0.017    -0.158    -0.303
    60.960     0.018    -0.136    -0.215
    60.970     0.019    -0.093    -0.126
    60.980     0.023    -0.037    -0.048
    60.990     0.028     0.040     0.018
    61.000     0.039     0.124     0.060
    61.010     0.053     0.201     0.095
    61.020     0.070     0.260     0.111
    61.030     0.087     0.290     0.105
    61.040     0.091     0.286     0.101
    61.050     0.099     0.244     0.096
    61.060     0.113     0.183     0.080
    61.070     0.120     0.115     0.040
    61.080     0.109     0.039    -0.023
    61.090     0.075    -0.013    -0.102
    61.100     0.027    -0.034    -0.171
    61.110    -0.018    -0.046    -0.214
    61.120    -0.063    -0.077    -0.233
    61.130    -0.089    -0.128    -0.206
    61.140    -0.091    -0.188    -0.140
    61.150    -0.076    -0.247    -0.060
    61.160    -0.065    -0.280     0.034
    61.170    -0.071    -0.273     0.126
    61.180    -0.070    -0.223     0.218
    61.190    -0.051    -0.152     0.299
    61.200    -0.027    -0.090     0.336
    61.210    -0.014    -0.046     0.327
    61.220    -0.026    -0.010     0.297
    61.230    -0.058     0.033     0.274
    61.240    -0.099     0.071     0.244
    61.250    -0.141     0.082     0.210
    61.260    -0.165     0.062     0.189
    61.270    -0.156     0.020     0.185
    61.280    -0.118    -0.032     0.201
    61.290    -0.074    -0.076     0.220
    61.300    -0.030    -0.098     0.236
    61.310     0.006    -0.084     0.239
    61.320     0.030    -0.026     0.207
    61.330     0.040     0.054     0.144
    61.340     0.035     0.130     0.055
    61.350     0.032     0.190    -0.032
    61.360     0.036     0.242    -0.094
    61.370     0.049     0.294    -0.138
    61.380     0.076     0.343    -0.169
    61.390     0.102     0.380    -0.195
    61.400     0.120     0.407    -0.216
    61.410     0.126     0.396    -0.235
    61.420     0.129     0.331    -0.265
    61.430     0.140     0.229    -0.309
    61.440     0.143     0.112    -0.357
    61.450     0.141     0.020    -0.388
    61.460     0.141    -0.039    -0.421
    61.470     0.159    -0.083    -0.463
    61.480     0.189    -0.131    -0.490
    61.490     0.208    -0.182    -0.493
    61.500     0.200    -0.203    -0.464
    61.510     0.156    -0.192    -0.409
    61.520     0.080    -0.159    -0.333
    61.530    -0.009    -0.114    -0.241
    61.540    -0.085    -0.074    -0.137
    61.550    -0.132    -0.039    -0.027
    61.560    -0.159    -0.022     0.069
    61.570    -0.189    -0.027     0.154
    61.580    -0.216    -0.054     0.216
    61.590    -0.223    -0.100     0.267
    61.600    -0.210    -0.150     0.303
    61.610    -0.180    -0.193     0.315
    61.620    -0.152    -0.220     0.344
    61.630    -0.135    -0.230     0.376
    61.640    -0.132    -0.232     0.409
    61.650    -0.144    -0.234     0.430
    61.660    -0.151    -0.227     0.434
    61.670    -0.140    -0.207     0.433
    61.680    -0.119    -0.184     0.408
    61.690    -0.086    -0.168     0.370
    61.700    -0.044    -0.184     0.310
    61.710     0.005    -0.237     0.231
    61.720     0.062    -0.301     0.149
    61.730     0.120    -0.335     0.058
    61.740     0.175    -0.323    -0.028
    61.750     0.202    -0.275    -0.103
    61.760     0.201    -0.190    -0.160
    61.770     0.177    -0.079    -0.193
    61.780     0.133     0.029    -0.201
    61.790     0.078     0.135    -0.185
    61.800     0.012     0.248    -0.141
    61.810    -0.049     0.351    -0.077
    61.820    -0.093     0.419    -0.011
    61.830    -0.120     0.432     0.052
    61.840    -0.129     0.386     0.098
    61.850    -0.109     0.288     0.122
    61.860    -0.063     0.159     0.111
    61.870    -0.003     0.029     0.061
    61.880     0.061    -0.062    -0.004
    61.890     0.103    -0.096    -0.070
    61.900     0.117    -0.083    -0.127
    61.910     0.109    -0.029    -0.181
    61.920     0.093     0.049    -0.235
    61.930     0.096     0.131    -0.287
    61.940     0.127     0.202    -0.339
    61.950     0.174     0.255    -0.379
    61.960     0.213     0.287    -0.398
    61.970     0.232     0.293    -0.382
    61.980     0.230     0.273    -0.332
    61.990     0.202     0.235    -0.252
    62.000     0.144     0.194    -0.147
    62.010     0.062     0.164    -0.050
    62.020    -0.024     0.162     0.037
    62.030    -0.096     0.198     0.110
    62.040    -0.148     0.256     0.165
    62.050    -0.183     0.306     0.221
    62.060    -0.207     0.324     0.276
    62.070    -0.219     0.291     0.326
    62.080    -0.216     0.201     0.368
    62.090    -0.189     0.071     0.386
    62.100    -0.135    -0.066     0.373
    62.110    -0.080    -0.199     0.316
    62.120    -0.037    -0.316     0.227
    62.130    -0.010    -0.413     0.122
    62.140     0.002    -0.493     0.004
    62.150     0.002    -0.542    -0.085
    62.160    -0.020    -0.546    -0.125
    62.170    -0.052    -0.501    -0.111
    62.180    -0.095    -0.413    -0.052
    62.190    -0.143    -0.311     0.037
    62.200    -0.182    -0.219     0.136
    62.210    -0.206    -0.157     0.215
    62.220    -0.206    -0.127     0.265
    62.230    -0.180    -0.120     0.281
    62.240    -0.129    -0.115     0.261
    62.250    -0.067    -0.086     0.218
    62.260    -0.002    -0.016     0.168
    62.270     0.067     0.094     0.120
    62.280     0.138     0.232     0.066
    62.290     0.200     0.359     0.011
    62.300     0.236     0.445    -0.050
    62.310     0.249     0.479    -0.121
    62.320     0.235     0.464    -0.207
    62.330     0.189     0.403    -0.291
    62.340     0.128     0.306    -0.353
    62.350     0.074     0.190    -0.404
    62.360     0.031     0.055    -0.441
    62.370    -0.003    -0.091    -0.455
    62.380    -0.024    -0.224    -0.455
    62.390    -0.036    -0.325    -0.450
    62.400    -0.036    -0.376    -0.447
    62.410    -0.026    -0.362    -0.451
    62.420    -0.019    -0.282    -0.450
    62.430    -0.012    -0.154    -0.427
    62.440     0.008    -0.011    -0.388
    62.450     0.041     0.113    -0.311
    62.460     0.082     0.195    -0.199
    62.470     0.123     0.222    -0.074
    62.480     0.140     0.214     0.056
    62.490     0.124     0.182     0.154
    62.500     0.094     0.124     0.215
    62.510     0.063     0.051     0.242
    62.520     0.050    -0.028     0.244
    62.530     0.049    -0.101     0.238
    62.540     0.044    -0.141     0.224
    62.550     0.022    -0.132     0.234
    62.560    -0.029    -0.081     0.259
    62.570    -0.093    -0.014     0.284
    62.580    -0.163     0.030     0.297
    62.590    -0.215     0.034     0.274
    62.600    -0.231     0.006     0.242
    62.610    -0.216    -0.045     0.209
    62.620    -0.178    -0.094     0.200
    62.630    -0.140    -0.130     0.224
    62.640    -0.089    -0.146     0.258
    62.650    -0.048    -0.116     0.323
    62.660    -0.033    -0.052     0.397
    62.670    -0.031     0.034     0.461
    62.680    -0.038     0.137     0.499
    62.690    -0.046     0.227     0.489
    62.700    -0.063     0.268     0.445
    62.710    -0.074     0.262     0.360
    62.720    -0.069     0.225     0.256
    62.730    -0.061     0.154     0.153
    62.740    -0.056     0.062     0.048
    62.750    -0.049    -0.039    -0.043
    62.760    -0.028    -0.126    -0.120
    62.770     0.013    -0.186    -0.197
    62.780     0.061    -0.221    -0.280
    62.790     0.099    -0.229    -0.357
    62.800     0.129    -0.211    -0.432
    62.810     0.149    -0.172    -0.497
    62.820     0.156    -0.118    -0.533
    62.830     0.156    -0.056    -0.535
    62.840     0.142     0.007    -0.493
    62.850     0.119     0.075    -0.417
    62.860     0.088     0.153    -0.323
    62.870     0.059     0.227    -0.217
    62.880     0.033     0.271    -0.108
    62.890     0.005     0.277    -0.025
    62.900    -0.021     0.248     0.024
    62.910    -0.045     0.183     0.041
    62.920    -0.063     0.102     0.030
    62.930    -0.070     0.034    -0.001
    62.940    -0.061    -0.024    -0.025
    62.950    -0.034    -0.075    -0.032
    62.960    -0.007    -0.110    -0.038
    62.970     0.012    -0.146    -0.034
    62.980     0.023    -0.201    -0.026
    62.990     0.031    -0.259    -0.032
    63.000     0.041    -0.295    -0.042
    63.010     0.042    -0.298    -0.058
    63.020     0.037    -0.254    -0.083
    63.030     0.024    -0.183    -0.099
    63.040     0.000    -0.111    -0.127
    63.050    -0.025    -0.041    -0.169
    63.060    -0.053     0.018    -0.165
    63.070    -0.066     0.063    -0.102
    63.080    -0.060     0.091     0.020
    63.090    -0.057     0.094     0.190
    63.100    -0.054     0.071     0.352
    63.110    -0.050     0.024     0.484
    63.120    -0.047    -0.035     0.557
    63.130    -0.049    -0.086     0.560
    63.140    -0.050    -0.116     0.501
    63.150    -0.033    -0.115     0.406
    63.160    -0.002    -0.076     0.315
    63.170     0.029    -0.014     0.230
    63.180     0.044     0.058     0.164
    63.190     0.045     0.120     0.114
    63.200     0.039     0.153     0.071
    63.210     0.026     0.144     0.031
    63.220     0.008     0.089    -0.002
    63.230    -0.014     0.014    -0.031
    63.240    -0.025    -0.061    -0.071
    63.250    -0.031    -0.112    -0.112
    63.260    -0.038    -0.127    -0.135
    63.270    -0.041    -0.113    -0.141
    63.280    -0.048    -0.070    -0.137
    63.290    -0.060    -0.009    -0.131
    63.300    -0.075     0.054    -0.125
    63.310    -0.085     0.102    -0.117
    63.320    -0.067     0.147    -0.107
    63.330    -0.021     0.199    -0.106
    63.340     0.039     0.245    -0.124
    63.350     0.089     0.268    -0.155
    63.360     0.124     0.254    -0.189
    63.370     0.151     0.211    -0.218
    63.380     0.169     0.144    -0.243
    63.390     0.178     0.081    -0.240
    63.400     0.166     0.056    -0.187
    63.410     0.135     0.073    -0.123
    63.420     0.100     0.125    -0.059
    63.430     0.074     0.187     0.006
    63.440     0.068     0.224     0.054
    63.450     0.086     0.218     0.089
    63.460     0.109     0.165     0.095
    63.470     0.112     0.081     0.075
    63.480     0.084    -0.024     0.051
    63.490     0.028    -0.127     0.041
    63.500    -0.028    -0.200     0.044
    63.510    -0.082    -0.254     0.042
    63.520    -0.129    -0.299     0.026
    63.530    -0.155    -0.338    -0.004
    63.540    -0.173    -0.363    -0.033
    63.550    -0.189    -0.374    -0.052
    63.560    -0.199    -0.355    -0.048
    63.570    -0.194    -0.284    -0.023
    63.580    -0.171    -0.193     0.013
    63.590    -0.128    -0.100     0.062
    63.600    -0.065    -0.014     0.107
    63.610     0.006     0.054     0.152
    63.620     0.079     0.110     0.195
    63.630     0.155     0.148     0.218
    63.640     0.215     0.159     0.228
    63.650     0.244     0.142     0.212
    63.660     0.245     0.092     0.175
    63.670     0.220     0.017     0.120
    63.680     0.167    -0.053     0.054
    63.690     0.093    -0.103     0.001
    63.700     0.022    -0.119    -0.034
    63.710    -0.038    -0.086    -0.058
    63.720    -0.091    -0.018    -0.082
    63.730    -0.128     0.068    -0.103
    63.740    -0.136     0.154    -0.124
    63.750    -0.105     0.209    -0.147
    63.760    -0.050     0.207    -0.155
    63.770     0.013     0.163    -0.140
    63.780     0.060     0.099    -0.114
    63.790     0.067     0.031    -0.083
    63.800     0.049    -0.014    -0.041
    63.810     0.011    -0.037    -0.008
    63.820    -0.026    -0.051     0.024
    63.830    -0.039    -0.055     0.067
    63.840    -0.030    -0.046     0.090
    63.850    -0.010    -0.024     0.074
    63.860     0.011    -0.010     0.023
    63.870     0.020    -0.017    -0.045
    63.880     0.018    -0.043    -0.111
    63.890     0.013    -0.091    -0.154
    63.900     0.006    -0.138    -0.166
    63.910     0.005    -0.164    -0.154
    63.920    -0.002    -0.164    -0.119
    63.930    -0.017    -0.146    -0.078
    63.940    -0.044    -0.125    -0.040
    63.950    -0.083    -0.090    -0.002
    63.960    -0.117    -0.052     0.039
    63.970    -0.147    -0.023     0.078
    63.980    -0.171     0.001     0.105
    63.990    -0.184     0.018     0.127
    64.000    -0.180     0.038     0.135
    64.010    -0.159     0.059     0.129
    64.020    -0.127     0.073     0.125
    64.030    -0.070     0.087     0.125
    64.040    -0.001     0.102     0.132
    64.050     0.063     0.103     0.130
    64.060     0.116     0.093     0.105
    64.070     0.146     0.076     0.073
    64.080     0.159     0.067     0.046
    64.090     0.164     0.076     0.017
    64.100     0.143     0.067    -0.017
    64.110     0.099     0.030    -0.044
    64.120     0.050    -0.023    -0.035
    64.130     0.004    -0.092     0.008
    64.140    -0.037    -0.163     0.056
    64.150    -0.073    -0.221     0.104
    64.160    -0.100    -0.256     0.146
    64.170    -0.104    -0.261     0.175
    64.180    -0.090    -0.236     0.195
    64.190    -0.072    -0.196     0.201
    64.200    -0.046    -0.146     0.166
    64.210    -0.023    -0.090     0.111
    64.220    -0.006    -0.026     0.062
    64.230     0.003     0.043     0.007
    64.240    -0.001     0.108    -0.046
    64.250    -0.017     0.158    -0.083
    64.260    -0.036     0.176    -0.109
    64.270    -0.042     0.165    -0.139
    64.280    -0.012     0.137    -0.188
    64.290     0.048     0.108    -0.242
    64.300     0.115     0.096    -0.288
    64.310     0.175     0.111    -0.314
    64.320     0.204     0.161    -0.321
    64.330     0.213     0.217    -0.326
    64.340     0.221     0.260    -0.322
    64.350     0.228     0.286    -0.294
    64.360     0.227     0.304    -0.222
    64.370     0.194     0.322    -0.135
    64.380     0.125     0.330    -0.063
    64.390     0.047     0.326    -0.005
    64.400    -0.021     0.293     0.030
    64.410    -0.070     0.229     0.041
    64.420    -0.098     0.146     0.045
    64.430    -0.111     0.059     0.060
    64.440    -0.116    -0.027     0.081
    64.450    -0.109    -0.111     0.111
    64.460    -0.086    -0.180     0.142
    64.470    -0.051    -0.227     0.177
    64.480    -0.015    -0.248     0.212
    64.490    -0.005    -0.245     0.227
    64.500    -0.035    -0.232     0.230
    64.510    -0.087    -0.212     0.211
    64.520    -0.123    -0.186     0.173
    64.530    -0.132    -0.159     0.138
    64.540    -0.131    -0.135     0.129
    64.550    -0.137    -0.111     0.146
    64.560    -0.142    -0.102     0.170
    64.570    -0.145    -0.120     0.195
    64.580    -0.147    -0.153     0.209
    64.590    -0.134    -0.191     0.203
    64.600    -0.115    -0.219     0.172
    64.610    -0.096    -0.220     0.117
    64.620    -0.076    -0.211     0.060
    64.630    -0.055    -0.210     0.004
    64.640    -0.016    -0.213    -0.059
    64.650     0.039    -0.198    -0.116
    64.660     0.088    -0.161    -0.162
    64.670     0.123    -0.105    -0.195
    64.680     0.136    -0.026    -0.202
    64.690     0.133     0.073    -0.196
    64.700     0.121     0.175    -0.169
    64.710     0.100     0.256    -0.130
    64.720     0.083     0.312    -0.097
    64.730     0.072     0.327    -0.048
    64.740     0.066     0.298    -0.006
    64.750     0.076     0.250     0.010
    64.760     0.097     0.199     0.023
    64.770     0.117     0.152     0.027
    64.780     0.119     0.105     0.011
    64.790     0.101     0.076    -0.025
    64.800     0.068     0.064    -0.069
    64.810     0.031     0.059    -0.111
    64.820     0.002     0.078    -0.149
    64.830    -0.013     0.114    -0.170
    64.840    -0.015     0.151    -0.191
    64.850    -0.010     0.181    -0.207
    64.860     0.000     0.182    -0.212
    64.870     0.006     0.142    -0.216
    64.880     0.009     0.075    -0.208
    64.890     0.007     0.011    -0.172
    64.900    -0.003    -0.037    -0.113
    64.910    -0.023    -0.072    -0.047
    64.920    -0.048    -0.094     0.037
    64.930    -0.075    -0.109     0.122
    64.940    -0.097    -0.115     0.197
    64.950    -0.107    -0.103     0.260
    64.960    -0.113    -0.078     0.302
    64.970    -0.110    -0.039     0.311
    64.980    -0.093     0.012     0.286
    64.990    -0.063     0.053     0.240
    65.000    -0.024     0.071     0.175
    65.010     0.011     0.052     0.104
    65.020     0.045     0.017     0.024
    65.030     0.075    -0.024    -0.060
    65.040     0.092    -0.081    -0.129
    65.050     0.103    -0.138    -0.181
    65.060     0.103    -0.187    -0.199
    65.070     0.090    -0.222    -0.183
    65.080     0.061    -0.242    -0.145
    65.090     0.020    -0.257    -0.079
    65.100    -0.016    -0.278     0.015
    65.110    -0.054    -0.303     0.106
    65.120    -0.078    -0.306     0.182
    65.130    -0.080    -0.282     0.231
    65.140    -0.079    -0.242     0.240
    65.150    -0.075    -0.183     0.228
    65.160    -0.066    -0.107     0.197
    65.170    -0.051    -0.027     0.142
    65.180    -0.037     0.059     0.079
    65.190    -0.024     0.133     0.019
    65.200    -0.013     0.176    -0.043
    65.210    -0.015     0.196    -0.096
    65.220    -0.018     0.193    -0.122
    65.230    -0.022     0.166    -0.107
    65.240    -0.026     0.000    -0.070
    65.250    -0.032     0.083    -0.020
    65.260    -0.039     0.055     0.026
    65.270    -0.035     0.030     0.051
    65.280    -0.020     0.022     0.068
    65.290     0.000     0.037     0.081
    65.300     0.012     0.084     0.099
    65.310     0.019     0.154     0.107
    65.320     0.031     0.224     0.108
    65.330     0.052     0.278     0.107
    65.340     0.084     0.293     0.086
    65.350     0.115     0.275     0.053
    65.360     0.136     0.238     0.010
    65.370     0.136     0.180    -0.049
    65.380     0.109     0.108    -0.116
    65.390     0.076     0.038    -0.194
    65.400     0.058    -0.022    -0.281
    65.410     0.054    -0.056    -0.365
    65.420     0.054    -0.062    -0.428
    65.430     0.056    -0.064    -0.451
    65.440     0.053    -0.075    -0.425
    65.450     0.047    -0.091    -0.344
    65.460     0.039    -0.105    -0.216
    65.470     0.020    -0.108    -0.056
    65.480    -0.014    -0.103     0.115
    65.490    -0.055    -0.090     0.255
    65.500    -0.083    -0.074     0.345
    65.510    -0.090    -0.062     0.375
    65.520    -0.077    -0.050     0.353
    65.530    -0.038    -0.036     0.295
    65.540     0.011    -0.011     0.213
    65.550     0.059     0.028     0.125
    65.560     0.096     0.072     0.046
    65.570     0.118     0.110    -0.007
    65.580     0.117     0.129    -0.019
    65.590     0.101     0.124     0.014
    65.600     0.075     0.081     0.065
    65.610     0.033     0.009     0.106
    65.620    -0.014    -0.070     0.113
    65.630    -0.058    -0.147     0.080
    65.640    -0.090    -0.203     0.015
    65.650    -0.112    -0.228    -0.071
    65.660    -0.127    -0.221    -0.138
    65.670    -0.144    -0.190    -0.181
    65.680    -0.170    -0.149    -0.210
    65.690    -0.189    -0.097    -0.205
    65.700    -0.195    -0.052    -0.165
    65.710    -0.185    -0.026    -0.098
    65.720    -0.163    -0.007    -0.007
    65.730    -0.143     0.001     0.086
    65.740    -0.127     0.002     0.146
    65.750    -0.121     0.001     0.168
    65.760    -0.111     0.007     0.153
    65.770    -0.082     0.015     0.092
    65.780    -0.041     0.023     0.018
    65.790     0.013     0.040    -0.058
    65.800     0.068     0.055    -0.131
    65.810     0.102     0.082    -0.181
    65.820     0.123     0.099    -0.212
    65.830     0.131     0.082    -0.219
    65.840     0.136     0.036    -0.205
    65.850     0.137    -0.024    -0.171
    65.860     0.126    -0.071    -0.121
    65.870     0.116    -0.107    -0.057
    65.880     0.094    -0.129     0.026
    65.890     0.060    -0.132     0.120
    65.900     0.031    -0.119     0.215
    65.910     0.010    -0.083     0.292
    65.920    -0.005    -0.041     0.337
    65.930    -0.014    -0.004     0.345
    65.940    -0.023     0.025     0.321
    65.950    -0.033     0.040     0.260
    65.960    -0.027     0.056     0.170
    65.970    -0.010     0.065     0.074
    65.980     0.010     0.055    -0.024
    65.990     0.027     0.032    -0.097
    66.000     0.030    -0.003    -0.141
    66.010     0.025    -0.049    -0.161
    66.020     0.016    -0.093    -0.155
    66.030     0.019    -0.123    -0.123
    66.040     0.035    -0.125    -0.071
    66.050     0.048    -0.087    -0.014
    66.060     0.059    -0.011     0.046
    66.070     0.060     0.095     0.091
    66.080     0.041     0.215     0.115
    66.090     0.010     0.328     0.124
    66.100    -0.026     0.404     0.110
    66.110    -0.064     0.422     0.082
    66.120    -0.092     0.394     0.055
    66.130    -0.101     0.332     0.027
    66.140    -0.101     0.254     0.002
    66.150    -0.092     0.170    -0.030
    66.160    -0.075     0.086    -0.074
    66.170    -0.057     0.009    -0.119
    66.180    -0.030    -0.054    -0.171
    66.190     0.000    -0.101    -0.225
    66.200     0.020    -0.127    -0.268
    66.210     0.030    -0.118    -0.294
    66.220     0.029    -0.077    -0.297
    66.230     0.023    -0.021    -0.283
    66.240     0.024     0.024    -0.257
    66.250     0.028     0.048    -0.211
    66.260     0.043     0.052    -0.164
    66.270     0.060     0.036    -0.122
    66.280     0.066     0.016    -0.078
    66.290     0.072     0.003    -0.040
    66.300     0.076     0.005     0.006
    66.310     0.067     0.022     0.054
    66.320     0.046     0.050     0.089
    66.330     0.015     0.063     0.105
    66.340    -0.017     0.048     0.101
    66.350    -0.036     0.018     0.086
    66.360    -0.036    -0.029     0.061
    66.370    -0.019    -0.077     0.044
    66.380     0.003    -0.105     0.039
    66.390     0.019    -0.104     0.043
    66.400     0.021    -0.077     0.058
    66.410     0.016    -0.047     0.073
    66.420     0.012    -0.030     0.086
    66.430     0.006    -0.034     0.085
    66.440    -0.002    -0.053     0.069
    66.450    -0.015    -0.084     0.050
    66.460    -0.036    -0.119     0.021
    66.470    -0.055    -0.155     0.002
    66.480    -0.061    -0.196    -0.003
    66.490    -0.058    -0.229    -0.005
    66.500    -0.055    -0.236     0.011
    66.510    -0.054    -0.217     0.037
    66.520    -0.058    -0.180     0.072
    66.530    -0.068    -0.133     0.123
    66.540    -0.065    -0.069     0.181
    66.550    -0.048     0.004     0.245
    66.560    -0.033     0.087     0.299
    66.570    -0.027     0.167     0.339
    66.580    -0.028     0.219     0.347
    66.590    -0.027     0.245     0.325
    66.600    -0.014     0.249     0.286
    66.610     0.007     0.228     0.217
    66.620     0.028     0.195     0.144
    66.630     0.054     0.151     0.071
    66.640     0.078     0.088    -0.013
    66.650     0.092     0.024    -0.096
    66.660     0.098    -0.046    -0.179
    66.670     0.100    -0.112    -0.244
    66.680     0.099    -0.169    -0.289
    66.690     0.089    -0.220    -0.320
    66.700     0.064    -0.246    -0.324
    66.710     0.030    -0.241    -0.307
    66.720    -0.003    -0.200    -0.265
    66.730    -0.038    -0.136    -0.203
    66.740    -0.071    -0.068    -0.123
    66.750    -0.099    -0.009    -0.029
    66.760    -0.112     0.032     0.058
    66.770    -0.109     0.057     0.136
    66.780    -0.095     0.071     0.180
    66.790    -0.070     0.071     0.169
    66.800    -0.040     0.064     0.116
    66.810    -0.012     0.061     0.047
    66.820     0.011     0.068    -0.016
    66.830     0.035     0.090    -0.058
    66.840     0.059     0.117    -0.076
    66.850     0.085     0.148    -0.090
    66.860     0.100     0.186    -0.097
    66.870     0.097     0.221    -0.102
    66.880     0.088     0.241    -0.110
    66.890     0.069     0.233    -0.102
    66.900     0.054     0.189    -0.072
    66.910     0.046     0.109    -0.032
    66.920     0.036     0.004     0.020
    66.930     0.024    -0.096     0.082
    66.940     0.008    -0.180     0.134
    66.950    -0.015    -0.239     0.164
    66.960    -0.034    -0.256     0.185
    66.970    -0.039    -0.242     0.200
    66.980    -0.040    -0.208     0.196
    66.990    -0.046    -0.161     0.175
    67.000    -0.057    -0.101     0.138
    67.010    -0.068    -0.032     0.077
    67.020    -0.075     0.036     0.018
    67.030    -0.088     0.108    -0.030
    67.040    -0.095     0.176    -0.066
    67.050    -0.094     0.230    -0.067
    67.060    -0.088     0.257    -0.031
    67.070    -0.075     0.239     0.039
    67.080    -0.071     0.189     0.115
    67.090    -0.063     0.126     0.175
    67.100    -0.057     0.058     0.207
    67.110    -0.060    -0.005     0.195
    67.120    -0.054    -0.056     0.164
    67.130    -0.047    -0.089     0.118
    67.140    -0.030    -0.100     0.058
    67.150    -0.009    -0.095     0.008
    67.160     0.013    -0.083    -0.024
    67.170     0.037    -0.082    -0.041
    67.180     0.048    -0.088    -0.061
    67.190     0.054    -0.090    -0.094
    67.200     0.055    -0.087    -0.136
    67.210     0.054    -0.069    -0.178
    67.220     0.059    -0.038    -0.214
    67.230     0.059    -0.004    -0.232
    67.240     0.068     0.036    -0.236
    67.250     0.077     0.074    -0.226
    67.260     0.075     0.103    -0.205
    67.270     0.073     0.116    -0.187
    67.280     0.074     0.108    -0.164
    67.290     0.077     0.076    -0.151
    67.300     0.082     0.022    -0.138
    67.310     0.087    -0.024    -0.111
    67.320     0.093    -0.044    -0.093
    67.330     0.093    -0.043    -0.076
    67.340     0.089    -0.026    -0.069
    67.350     0.080    -0.001    -0.074
    67.360     0.065     0.024    -0.077
    67.370     0.039     0.038    -0.085
    67.380     0.011     0.039    -0.085
    67.390    -0.007     0.027    -0.071
    67.400    -0.020    -0.015    -0.054
    67.410    -0.034    -0.062    -0.041
    67.420    -0.050    -0.108    -0.026
    67.430    -0.075    -0.164    -0.001
    67.440    -0.100    -0.206     0.030
    67.450    -0.122    -0.222     0.080
    67.460    -0.138    -0.205     0.150
    67.470    -0.145    -0.165     0.221
    67.480    -0.153    -0.111     0.284
    67.490    -0.162    -0.058     0.327
    67.500    -0.160    -0.022     0.339
    67.510    -0.136    -0.001     0.328
    67.520    -0.100    -0.001     0.305
    67.530    -0.057    -0.014     0.279
    67.540    -0.011    -0.023     0.271
    67.550     0.027    -0.033     0.248
    67.560     0.063    -0.047     0.206
    67.570     0.088    -0.064     0.160
    67.580     0.106    -0.088     0.095
    67.590     0.128    -0.105     0.036
    67.600     0.136    -0.112    -0.010
    67.610     0.135    -0.104    -0.067
    67.620     0.123    -0.075    -0.133
    67.630     0.107    -0.039    -0.197
    67.640     0.098     0.003    -0.248
    67.650     0.089     0.039    -0.279
    67.660     0.081     0.059    -0.280
    67.670     0.068     0.080    -0.252
    67.680     0.047     0.098    -0.212
    67.690     0.031     0.113    -0.168
    67.700     0.027     0.124    -0.132
    67.710     0.028     0.126    -0.118
    67.720     0.030     0.134    -0.098
    67.730     0.025     0.146    -0.071
    67.740     0.014     0.161    -0.048
    67.750    -0.002     0.175    -0.019
    67.760    -0.020     0.176     0.002
    67.770    -0.027     0.172     0.012
    67.780    -0.026     0.168     0.016
    67.790    -0.020     0.157     0.007
    67.800    -0.012     0.125    -0.003
    67.810    -0.007     0.075    -0.021
    67.820    -0.007     0.020    -0.046
    67.830    -0.002    -0.026    -0.066
    67.840     0.010    -0.054    -0.078
    67.850     0.023    -0.066    -0.068
    67.860     0.031    -0.067    -0.041
    67.870     0.019    -0.058     0.001
    67.880    -0.004    -0.039     0.054
    67.890    -0.041    -0.015     0.103
    67.900    -0.081     0.009     0.154
    67.910    -0.114     0.026     0.204
    67.920    -0.146     0.023     0.243
    67.930    -0.166    -0.004     0.268
    67.940    -0.169    -0.042     0.279
    67.950    -0.153    -0.081     0.268
    67.960    -0.124    -0.104     0.240
    67.970    -0.085    -0.096     0.208
    67.980    -0.041    -0.057     0.150
    67.990    -0.001    -0.002     0.088
    68.000     0.040     0.052     0.032
    68.010     0.077     0.082    -0.026
    68.020     0.101     0.078    -0.070
    68.030     0.110     0.050    -0.120
    68.040     0.111     0.003    -0.169
    68.050     0.103    -0.053    -0.201
    68.060     0.086    -0.099    -0.221
    68.070     0.067    -0.120    -0.219
    68.080     0.042    -0.122    -0.211
    68.090     0.021    -0.112    -0.187
    68.100     0.011    -0.095    -0.149
    68.110     0.004    -0.078    -0.108
    68.120     0.002    -0.051    -0.052
    68.130    -0.003    -0.017    -0.002
    68.140    -0.004     0.018     0.030
    68.150    -0.007     0.052     0.044
    68.160    -0.021     0.076     0.048
    68.170    -0.028     0.095     0.053
    68.180    -0.029     0.114     0.060
    68.190    -0.021     0.125     0.076
    68.200    -0.010     0.129     0.094
    68.210     0.004     0.118     0.109
    68.220     0.022     0.082     0.106
    68.230     0.037     0.023     0.089
    68.240     0.043    -0.044     0.067
    68.250     0.029    -0.100     0.046
    68.260     0.001    -0.141     0.034
    68.270    -0.033    -0.170     0.023
    68.280    -0.070    -0.200     0.007
    68.290    -0.097    -0.232    -0.013
    68.300    -0.109    -0.257    -0.026
    68.310    -0.106    -0.276    -0.037
    68.320    -0.099    -0.277    -0.041
    68.330    -0.096    -0.255    -0.023
    68.340    -0.087    -0.213    -0.004
    68.350    -0.063    -0.159     0.021
    68.360    -0.032    -0.107     0.039
    68.370    -0.006    -0.056     0.045
    68.380     0.011    -0.003     0.054
    68.390     0.017     0.063     0.053
    68.400     0.020     0.145     0.041
    68.410     0.024     0.231     0.032
    68.420     0.043     0.298     0.028
    68.430     0.082     0.347     0.025
    68.440     0.118     0.374     0.027
    68.450     0.140     0.377     0.029
    68.460     0.149     0.358     0.021
    68.470     0.155     0.316    -0.002
    68.480     0.165     0.262    -0.036
    68.490     0.162     0.197    -0.079
    68.500     0.140     0.131    -0.131
    68.510     0.097     0.078    -0.173
    68.520     0.046     0.037    -0.200
    68.530     0.003     0.006    -0.210
    68.540    -0.030    -0.025    -0.206
    68.550    -0.048    -0.048    -0.203
    68.560    -0.054    -0.067    -0.188
    68.570    -0.054    -0.090    -0.172
    68.580    -0.047    -0.113    -0.153
    68.590    -0.038    -0.143    -0.122
    68.600    -0.034    -0.164    -0.092
    68.610    -0.032    -0.167    -0.051
    68.620    -0.033    -0.165    -0.007
    68.630    -0.036    -0.164     0.047
    68.640    -0.033    -0.149     0.116
    68.650    -0.023    -0.109     0.175
    68.660    -0.012    -0.059     0.229
    68.670    -0.006    -0.003     0.275
    68.680    -0.011     0.061     0.308
    68.690    -0.023     0.114     0.325
    68.700    -0.040     0.142     0.312
    68.710    -0.054     0.148     0.275
    68.720    -0.062     0.128     0.222
    68.730    -0.067     0.092     0.154
    68.740    -0.065     0.064     0.088
    68.750    -0.041     0.051     0.035
    68.760    -0.004     0.038    -0.023
    68.770     0.026     0.029    -0.078
    68.780     0.047     0.023    -0.116
    68.790     0.062     0.013    -0.140
    68.800     0.066     0.000    -0.141
    68.810     0.061    -0.027    -0.130
    68.820     0.048    -0.057    -0.108
    68.830     0.030    -0.085    -0.069
    68.840     0.003    -0.097    -0.026
    68.850    -0.024    -0.091     0.021
    68.860    -0.041    -0.082     0.065
    68.870    -0.045    -0.071     0.090
    68.880    -0.018    -0.056     0.100
    68.890     0.026    -0.037     0.091
    68.900     0.065    -0.007     0.061
    68.910     0.086     0.031     0.028
    68.920     0.083     0.060    -0.006
    68.930     0.080     0.078    -0.048
    68.940     0.069     0.070    -0.097
    68.950     0.050     0.048    -0.132
    68.960     0.042     0.026    -0.152
    68.970     0.035     0.001    -0.165
    68.980     0.029    -0.026    -0.166
    68.990     0.025    -0.060    -0.162
    69.000     0.014    -0.086    -0.146
    69.010    -0.009    -0.113    -0.122
    69.020    -0.039    -0.136    -0.083
    69.030    -0.072    -0.149    -0.038
    69.040    -0.105    -0.158     0.007
    69.050    -0.124    -0.149     0.052
    69.060    -0.129    -0.122     0.081
    69.070    -0.132    -0.074     0.109
    69.080    -0.138    -0.027     0.116
    69.090    -0.142     0.015     0.113
    69.100    -0.133     0.048     0.120
    69.110    -0.116     0.050     0.108
    69.120    -0.092     0.031     0.089
    69.130    -0.052     0.007     0.074
    69.140    -0.006    -0.006     0.068
    69.150     0.038    -0.022     0.060
    69.160     0.073    -0.042     0.045
    69.170     0.099    -0.045     0.042
    69.180     0.101    -0.060     0.032
    69.190     0.087    -0.084     0.016
    69.200     0.073    -0.067     0.031
    69.210     0.045    -0.024     0.054
    69.220     0.013     0.013     0.048
    69.230    -0.003     0.048     0.010
    69.240    -0.007     0.096    -0.030
    69.250    -0.014     0.127    -0.045
    69.260    -0.013     0.120    -0.051
    69.270     0.002     0.116    -0.063
    69.280     0.010     0.113    -0.077
    69.290     0.017     0.104    -0.083
    69.300     0.036     0.110    -0.056
    69.310     0.059     0.125    -0.032
    69.320     0.076     0.132    -0.051
    69.330     0.081     0.127    -0.071
    69.340     0.076     0.122    -0.072
    69.350     0.063     0.107    -0.057
    69.360     0.038     0.082    -0.031
    69.370     0.008     0.068    -0.015
    69.380    -0.014     0.067    -0.004
    69.390    -0.025     0.063     0.005
    69.400    -0.018     0.058     0.013
    69.410    -0.010     0.051     0.008
    69.420    -0.012     0.027    -0.013
    69.430    -0.005    -0.008    -0.023
    69.440     0.014    -0.034    -0.027
    69.450     0.037    -0.048    -0.019
    69.460     0.055    -0.051    -0.003
    69.470     0.062    -0.038     0.008
    69.480     0.063    -0.014     0.026
    69.490     0.066     0.007     0.041
    69.500     0.074     0.017     0.050
    69.510     0.079     0.005     0.054
    69.520     0.065    -0.023     0.055
    69.530     0.030    -0.054     0.071
    69.540    -0.017    -0.085     0.095
    69.550    -0.059    -0.108     0.128
    69.560    -0.077    -0.139     0.163
    69.570    -0.084    -0.176     0.175
    69.580    -0.083    -0.196     0.160
    69.590    -0.077    -0.192     0.137
    69.600    -0.081    -0.164     0.108
    69.610    -0.080    -0.128     0.070
    69.620    -0.077    -0.099     0.033
    69.630    -0.072    -0.081     0.009
    69.640    -0.058    -0.066    -0.006
    69.650    -0.049    -0.054    -0.008
    69.660    -0.050    -0.036    -0.010
    69.670    -0.061    -0.010    -0.010
    69.680    -0.070     0.023    -0.001
    69.690    -0.067     0.070     0.003
    69.700    -0.049     0.107    -0.001
    69.710    -0.015     0.129    -0.022
    69.720     0.024     0.143    -0.046
    69.730     0.060     0.147    -0.061
    69.740     0.079     0.147    -0.075
    69.750     0.072     0.146    -0.088
    69.760     0.058     0.141    -0.104
    69.770     0.046     0.130    -0.116
    69.780     0.044     0.118    -0.125
    69.790     0.058     0.097    -0.136
    69.800     0.069     0.054    -0.161
    69.810     0.067     0.004    -0.183
    69.820     0.060    -0.038    -0.184
    69.830     0.060    -0.071    -0.177
    69.840     0.061    -0.095    -0.153
    69.850     0.058    -0.115    -0.099
    69.860     0.048    -0.131    -0.029
    69.870     0.031    -0.125     0.030
    69.880     0.003    -0.092     0.082
    69.890    -0.036    -0.050     0.120
    69.900    -0.062     0.001     0.129
    69.910    -0.076     0.058     0.147
    69.920    -0.082     0.099     0.166
    69.930    -0.085     0.107     0.169
    69.940    -0.091     0.078     0.164
    69.950    -0.094     0.028     0.138
    69.960    -0.095    -0.039     0.099
    69.970    -0.085    -0.111     0.056
    69.980    -0.059    -0.168     0.016
    69.990    -0.024    -0.208    -0.023
    70.000     0.015    -0.231    -0.054
    70.010     0.032    -0.235    -0.070
    70.020     0.028    -0.223    -0.083
    70.030     0.013    -0.190    -0.081
    70.040    -0.003    -0.132    -0.067
    70.050    -0.021    -0.071    -0.065
    70.060    -0.033    -0.025    -0.068
    70.070    -0.035     0.013    -0.071
    70.080    -0.034     0.046    -0.054
    70.090    -0.028     0.076    -0.031
    70.100    -0.026     0.114    -0.004
    70.110    -0.028     0.160     0.045
    70.120    -0.028     0.204     0.085
    70.130    -0.023     0.237     0.114
    70.140    -0.016     0.254     0.137
    70.150    -0.010     0.254     0.156
    70.160    -0.005     0.237     0.176
    70.170    -0.006     0.202     0.178
    70.180    -0.008     0.170     0.174
    70.190    -0.012     0.141     0.157
    70.200    -0.015     0.109     0.125
    70.210    -0.013     0.079     0.082
    70.220    -0.017     0.053     0.032
    70.230    -0.022     0.037    -0.002
    70.240    -0.021     0.026    -0.033
    70.250    -0.008     0.020    -0.055
    70.260     0.017     0.004    -0.074
    70.270     0.041    -0.014    -0.106
    70.280     0.059    -0.026    -0.136
    70.290     0.068    -0.037    -0.155
    70.300     0.068    -0.043    -0.150
    70.310     0.048    -0.058    -0.125
    70.320     0.009    -0.077    -0.086
    70.330    -0.022    -0.089    -0.040
    70.340    -0.036    -0.105    -0.002
    70.350    -0.036    -0.122     0.030
    70.360    -0.033    -0.141     0.060
    70.370    -0.044    -0.159     0.083
    70.380    -0.058    -0.160     0.099
    70.390    -0.067    -0.145     0.100
    70.400    -0.073    -0.124     0.094
    70.410    -0.056    -0.110     0.088
    70.420    -0.025    -0.094     0.069
    70.430     0.010    -0.058     0.044
    70.440     0.037    -0.018     0.016
    70.450     0.044     0.003    -0.015
    70.460     0.040     0.004    -0.031
    70.470     0.024    -0.012    -0.056
    70.480    -0.004    -0.041    -0.098
    70.490    -0.026    -0.059    -0.135
    70.500    -0.034    -0.061    -0.159
    70.510    -0.033    -0.053    -0.161
    70.520    -0.025    -0.041    -0.155
    70.530    -0.008    -0.021    -0.140
    70.540     0.007     0.007    -0.114
    70.550     0.021     0.019    -0.094
    70.560     0.042     0.024    -0.072
    70.570     0.062     0.038    -0.049
    70.580     0.077     0.059    -0.042
    70.590     0.083     0.082    -0.040
    70.600     0.082     0.101    -0.034
    70.610     0.083     0.114    -0.026
    70.620     0.085     0.119    -0.024
    70.630     0.084     0.117    -0.020
    70.640     0.076     0.121    -0.012
    70.650     0.063     0.000     0.001
    70.660     0.055     0.122     0.014
    70.670     0.050     0.117     0.015
    70.680     0.051     0.106     0.008
    70.690     0.057     0.087    -0.013
    70.700     0.062     0.072    -0.044
    70.710     0.060     0.071    -0.060
    70.720     0.045     0.065    -0.057
    70.730     0.028     0.051    -0.039
    70.740     0.003     0.026    -0.017
    70.750    -0.028    -0.011    -0.003
    70.760    -0.045    -0.040     0.014
    70.770    -0.051    -0.058     0.029
    70.780    -0.051    -0.053     0.043
    70.790    -0.050    -0.031     0.070
    70.800    -0.054    -0.010     0.093
    70.810    -0.063     0.012     0.110
    70.820    -0.066     0.017     0.114
    70.830    -0.061     0.014     0.102
    70.840    -0.052     0.015     0.087
    70.850    -0.042     0.006     0.073
    70.860    -0.035    -0.019     0.057
    70.870    -0.037    -0.049     0.041
    70.880    -0.044    -0.071     0.050
    70.890    -0.038    -0.098     0.060
    70.900    -0.025    -0.127     0.050
    70.910    -0.016    -0.143     0.040
    70.920    -0.013    -0.142     0.032
    70.930    -0.018    -0.122     0.024
    70.940    -0.027    -0.088     0.012
    70.950    -0.039    -0.048    -0.016
    70.960    -0.049    -0.004    -0.055
    70.970    -0.049     0.040    -0.087
    70.980    -0.046     0.088    -0.090
    70.990    -0.031     0.130    -0.073
    71.000    -0.013     0.158    -0.054
    71.010     0.003     0.163    -0.031
    71.020     0.027     0.151    -0.010
    71.030     0.043     0.126    -0.004
    71.040     0.051     0.095    -0.010
    71.050     0.057     0.067    -0.017
    71.060     0.055     0.049    -0.027
    71.070     0.054     0.042    -0.034
    71.080     0.040     0.036    -0.037
    71.090     0.023     0.035    -0.039
    71.100     0.015     0.040    -0.040
    71.110     0.010     0.054    -0.048
    71.120     0.008     0.069    -0.054
    71.130    -0.009     0.072    -0.054
    71.140    -0.033     0.061    -0.047
    71.150    -0.049     0.035    -0.023
    71.160    -0.055     0.007     0.003
    71.170    -0.051    -0.022     0.019
    71.180    -0.041    -0.058     0.043
    71.190    -0.027    -0.082     0.076
    71.200    -0.018    -0.102     0.110
    71.210    -0.015    -0.116     0.136
    71.220    -0.014    -0.118     0.150
    71.230    -0.011    -0.114     0.147
    71.240    -0.011    -0.099     0.135
    71.250    -0.022    -0.087     0.123
    71.260    -0.040    -0.068     0.105
    71.270    -0.053    -0.042     0.097
    71.280    -0.055    -0.027     0.088
    71.290    -0.041    -0.016     0.071
    71.300    -0.011    -0.021     0.059
    71.310     0.025    -0.044     0.039
    71.320     0.059    -0.070     0.029
    71.330     0.077    -0.102     0.024
    71.340     0.079    -0.130     0.005
    71.350     0.071    -0.149    -0.011
    71.360     0.050    -0.158    -0.018
    71.370     0.039    -0.152    -0.014
    71.380     0.044    -0.132    -0.002
    71.390     0.050    -0.099     0.006
    71.400     0.052    -0.057     0.010
    71.410     0.044    -0.014     0.015
    71.420     0.032     0.024     0.010
    71.430     0.022     0.060    -0.002
    71.440     0.018     0.086    -0.025
    71.450     0.020     0.100    -0.047
    71.460     0.017     0.106    -0.053
    71.470     0.011     0.100    -0.066
    71.480     0.006     0.082    -0.074
    71.490    -0.002     0.050    -0.069
    71.500    -0.002     0.016    -0.075
    71.510     0.006    -0.015    -0.080
    71.520     0.015    -0.038    -0.081
    71.530     0.024    -0.039    -0.082
    71.540     0.028    -0.028    -0.072
    71.550     0.021    -0.011    -0.056
    71.560     0.012     0.018    -0.041
    71.570     0.009     0.056    -0.034
    71.580    -0.002     0.093    -0.043
    71.590    -0.017     0.131    -0.049
    71.600    -0.028     0.167    -0.062
    71.610    -0.037     0.198    -0.083
    71.620    -0.046     0.216    -0.098
    71.630    -0.047     0.224    -0.109
    71.640    -0.040     0.219    -0.109
    71.650    -0.030     0.192    -0.107
    71.660    -0.019     0.160    -0.101
    71.670    -0.011     0.128    -0.083
    71.680    -0.003     0.095    -0.066
    71.690    -0.001     0.065    -0.047
    71.700    -0.010     0.038    -0.014
    71.710    -0.022     0.011     0.027
    71.720    -0.029    -0.026     0.062
    71.730    -0.024    -0.053     0.096
    71.740    -0.019    -0.079     0.115
    71.750    -0.021    -0.101     0.123
    71.760    -0.035    -0.107     0.124
    71.770    -0.058    -0.101     0.114
    71.780    -0.075    -0.078     0.109
    71.790    -0.076    -0.059     0.088
    71.800    -0.061    -0.038     0.067
    71.810    -0.044    -0.010     0.070
    71.820    -0.028     0.010     0.073
    71.830    -0.010     0.031     0.079
    71.840     0.012     0.037     0.080
    71.850     0.035     0.019     0.077
    71.860     0.050    -0.007     0.074
    71.870     0.061    -0.035     0.061
    71.880     0.060    -0.062     0.043
    71.890     0.056    -0.080     0.026
    71.900     0.056    -0.100     0.012
    71.910     0.062    -0.128     0.006
    71.920     0.077    -0.156     0.006
    71.930     0.084    -0.174     0.008
    71.940     0.077    -0.171     0.008
    71.950     0.062    -0.150     0.009
    71.960     0.042    -0.125     0.013
    71.970     0.027    -0.089     0.008
    71.980     0.015    -0.055     0.005
    71.990     0.005    -0.019     0.008
    72.000     0.002     0.018     0.017
    72.010    -0.002     0.050     0.036
    72.020    -0.006     0.076     0.054
    72.030    -0.007     0.085     0.054
    72.040    -0.001     0.085     0.038
    72.050     0.015     0.076     0.009
    72.060     0.029     0.053    -0.033
    72.070     0.032     0.031    -0.075
    72.080     0.030     0.010    -0.106
    72.090     0.026    -0.005    -0.125
    72.100     0.022    -0.011    -0.127
    72.110     0.014    -0.016    -0.117
    72.120     0.000    -0.014    -0.106
    72.130    -0.020    -0.009    -0.102
    72.140    -0.049    -0.008    -0.093
    72.150    -0.080    -0.015    -0.070
    72.160    -0.101    -0.035    -0.023
    72.170    -0.105    -0.054     0.026
    72.180    -0.092    -0.066     0.066
    72.190    -0.076    -0.075     0.104
    72.200    -0.062    -0.072     0.142
    72.210    -0.052    -0.063     0.182
    72.220    -0.048    -0.052     0.196
    72.230    -0.040    -0.038     0.184
    72.240    -0.027    -0.018     0.156
    72.250    -0.007     0.007     0.118
    72.260     0.010     0.028     0.082
    72.270     0.013     0.051     0.040
    72.280     0.014     0.077     0.009
    72.290     0.011     0.090    -0.015
    72.300     0.013     0.094    -0.043
    72.310     0.017     0.086    -0.050
    72.320     0.017     0.061    -0.046
    72.330     0.023     0.030    -0.040
    72.340     0.020    -0.001    -0.029
    72.350     0.015    -0.039    -0.015
    72.360     0.016    -0.077    -0.006
    72.370     0.025    -0.105     0.007
    72.380     0.042    -0.118     0.020
    72.390     0.053    -0.114     0.027
    72.400     0.056    -0.087     0.040
    72.410     0.051    -0.034     0.046
    72.420     0.035     0.021     0.043
    72.430     0.015     0.074     0.033
    72.440    -0.001     0.120     0.007
    72.450    -0.012     0.152    -0.030
    72.460    -0.029     0.166    -0.075
    72.470    -0.047     0.154    -0.117
    72.480    -0.055     0.120    -0.148
    72.490    -0.049     0.067    -0.159
    72.500    -0.030     0.009    -0.141
    72.510     0.002    -0.035    -0.110
    72.520     0.035    -0.060    -0.064
    72.530     0.049    -0.063    -0.020
    72.540     0.049    -0.043     0.011
    72.550     0.036    -0.016     0.024
    72.560     0.019     0.010     0.008
    72.570     0.018     0.034    -0.013
    72.580     0.027     0.051    -0.037
    72.590     0.039     0.065    -0.059
    72.600     0.043     0.068    -0.070
    72.610     0.035     0.054    -0.083
    72.620     0.016     0.031    -0.087
    72.630    -0.004     0.003    -0.070
    72.640    -0.015    -0.025    -0.041
    72.650    -0.019    -0.045    -0.017
    72.660    -0.012    -0.051     0.007
    72.670    -0.012    -0.045     0.026
    72.680    -0.019    -0.038     0.033
    72.690    -0.023    -0.032     0.043
    72.700    -0.029    -0.028     0.052
    72.710    -0.027    -0.026     0.063
    72.720    -0.017    -0.017     0.084
    72.730    -0.010    -0.006     0.099
    72.740    -0.005     0.005     0.108
    72.750    -0.003     0.013     0.094
    72.760     0.000     0.018     0.056
    72.770     0.004     0.023     0.019
    72.780     0.011     0.018    -0.019
    72.790     0.018     0.010    -0.046
    72.800     0.018     0.003    -0.053
    72.810     0.013    -0.005    -0.052
    72.820     0.001    -0.014    -0.048
    72.830    -0.008    -0.024    -0.044
    72.840    -0.005    -0.037    -0.041
    72.850     0.006    -0.055    -0.037
    72.860     0.019    -0.072    -0.023
    72.870     0.026    -0.078     0.001
    72.880     0.026    -0.071     0.026
    72.890     0.019    -0.055     0.046
    72.900     0.009    -0.035     0.065
    72.910     0.009    -0.015     0.075
    72.920     0.012    -0.001     0.080
    72.930     0.015     0.000     0.081
    72.940     0.010    -0.002     0.080
    72.950     0.001    -0.008     0.083
    72.960    -0.001    -0.028     0.080
    72.970     0.006    -0.045     0.082
    72.980     0.027    -0.054     0.086
    72.990     0.047    -0.053     0.078
    73.000     0.056    -0.046     0.066
    73.010     0.058    -0.046     0.051
    73.020     0.057    -0.057     0.029
    73.030     0.053    -0.077     0.000
    73.040     0.042    -0.086    -0.029
    73.050     0.031    -0.076    -0.056
    73.060     0.019    -0.050    -0.073
    73.070    -0.001    -0.019    -0.084
    73.080    -0.027     0.004    -0.094
    73.090    -0.052     0.012    -0.093
    73.100    -0.063     0.011    -0.084
    73.110    -0.061     0.009    -0.068
    73.120    -0.056     0.008    -0.060
    73.130    -0.048     0.014    -0.044
    73.140    -0.034     0.027    -0.034
    73.150    -0.016     0.040    -0.048
    73.160    -0.002     0.063    -0.057
    73.170     0.005     0.100    -0.061
    73.180     0.010     0.142    -0.059
    73.190     0.010     0.185    -0.055
    73.200     0.004     0.220    -0.044
    73.210    -0.009     0.246    -0.015
    73.220    -0.024     0.254     0.000
    73.230    -0.030     0.254     0.013
    73.240    -0.031     0.255     0.023
    73.250    -0.028     0.239     0.020
    73.260    -0.020     0.212     0.026
    73.270    -0.009     0.183     0.042
    73.280     0.003     0.155     0.070
    73.290     0.011     0.134     0.101
    73.300     0.014     0.114     0.139
    73.310     0.017     0.095     0.169
    73.320     0.020     0.070     0.174
    73.330     0.020     0.047     0.174
    73.340     0.014     0.017     0.152
    73.350     0.006    -0.019     0.108
    73.360    -0.004    -0.055     0.060
    73.370    -0.016    -0.096     0.013
    73.380    -0.030    -0.131    -0.017
    73.390    -0.045    -0.159    -0.034
    73.400    -0.050    -0.177    -0.041
    73.410    -0.052    -0.188    -0.039
    73.420    -0.058    -0.203    -0.030
    73.430    -0.064    -0.212    -0.006
    73.440    -0.067    -0.219     0.028
    73.450    -0.063    -0.217     0.049
    73.460    -0.058    -0.198     0.062
    73.470    -0.047    -0.183     0.065
    73.480    -0.024    -0.178     0.057
    73.490     0.003    -0.181     0.051
    73.500     0.024    -0.183     0.046
    73.510     0.033    -0.175     0.043
    73.520     0.036    -0.155     0.035
    73.530     0.040    -0.126     0.020
    73.540     0.045    -0.087     0.005
    73.550     0.048    -0.037    -0.018
    73.560     0.050     0.015    -0.047
    73.570     0.055     0.068    -0.083
    73.580     0.056     0.106    -0.125
    73.590     0.053     0.119    -0.169
    73.600     0.051     0.109    -0.206
    73.610     0.050     0.085    -0.225
    73.620     0.057     0.060    -0.214
    73.630     0.060     0.031    -0.183
    73.640     0.051     0.013    -0.127
    73.650     0.035     0.019    -0.053
    73.660     0.010     0.034     0.008
    73.670    -0.019     0.060     0.057
    73.680    -0.037     0.092     0.088
    73.690    -0.046     0.118     0.095
    73.700    -0.050     0.136     0.092
    73.710    -0.057     0.147     0.081
    73.720    -0.065     0.142     0.059
    73.730    -0.067     0.129     0.034
    73.740    -0.074     0.115     0.018
    73.750    -0.076     0.096     0.007
    73.760    -0.070     0.075     0.003
    73.770    -0.057     0.052     0.007
    73.780    -0.040     0.032     0.012
    73.790    -0.028     0.018     0.019
    73.800    -0.016     0.012     0.034
    73.810    -0.006     0.012     0.036
    73.820     0.004     0.011     0.030
    73.830     0.011     0.008     0.021
    73.840     0.013    -0.001     0.008
    73.850     0.015    -0.018     0.003
    73.860     0.013    -0.032    -0.004
    73.870     0.011    -0.041    -0.009
    73.880     0.011    -0.047    -0.013
    73.890     0.015    -0.045    -0.023
    73.900     0.026    -0.035    -0.029
    73.910     0.033    -0.020    -0.033
    73.920     0.036    -0.013    -0.031
    73.930     0.030    -0.018    -0.022
    73.940     0.020    -0.025    -0.010
    73.950     0.011    -0.035     0.003
    73.960    -0.006    -0.045     0.002
    73.970    -0.020    -0.056    -0.007
    73.980    -0.029    -0.073    -0.016
    73.990    -0.028    -0.085    -0.033
    74.000    -0.015    -0.097    -0.051
    74.010    -0.006    -0.106    -0.062
    74.020    -0.003    -0.112    -0.063
    74.030    -0.001    -0.114    -0.064
    74.040     0.001    -0.104    -0.071
    74.050     0.001    -0.092    -0.083
    74.060     0.004    -0.079    -0.098
    74.070     0.014    -0.060    -0.104
    74.080     0.023    -0.046    -0.099
    74.090     0.024    -0.037    -0.080
    74.100     0.019    -0.034    -0.047
    74.110     0.006    -0.035    -0.010
    74.120    -0.010    -0.033     0.035
    74.130    -0.020    -0.027     0.073
    74.140    -0.027    -0.013     0.102
    74.150    -0.037     0.009     0.130
    74.160    -0.044     0.031     0.146
    74.170    -0.047     0.053     0.148
    74.180    -0.048     0.069     0.130
    74.190    -0.042     0.077     0.101
    74.200    -0.029     0.075     0.066
    74.210    -0.009     0.060     0.023
    74.220     0.006     0.041    -0.009
    74.230     0.010     0.025    -0.036
    74.240     0.009     0.019    -0.053
    74.250     0.005     0.018    -0.056
    74.260     0.004     0.007    -0.063
    74.270     0.006    -0.003    -0.066
    74.280     0.013    -0.004    -0.059
    74.290     0.021     0.005    -0.037
    74.300     0.020     0.024    -0.017
    74.310     0.013     0.040     0.001
    74.320    -0.003     0.057     0.031
    74.330    -0.016     0.062     0.065
    74.340    -0.023     0.055     0.093
    74.350    -0.027     0.039     0.103
    74.360    -0.023     0.014     0.105
    74.370    -0.018    -0.001     0.101
    74.380    -0.008    -0.002     0.087
    74.390    -0.002     0.007     0.060
    74.400     0.001     0.027     0.022
    74.410     0.010     0.050    -0.007
    74.420     0.008     0.065    -0.022
    74.430     0.007     0.061    -0.027
    74.440     0.012     0.044    -0.028
    74.450     0.023     0.026    -0.020
    74.460     0.039     0.013    -0.016
    74.470     0.047     0.001    -0.011
    74.480     0.042    -0.017    -0.004
    74.490     0.033    -0.033    -0.013
    74.500     0.022    -0.056    -0.018
    74.510     0.012    -0.082    -0.016
    74.520     0.006    -0.097    -0.018
    74.530    -0.002    -0.107    -0.020
    74.540    -0.008    -0.102    -0.025
    74.550    -0.006    -0.080    -0.037
    74.560     0.002    -0.050    -0.051
    74.570     0.010    -0.018    -0.059
    74.580     0.014     0.010    -0.061
    74.590     0.009     0.040    -0.064
    74.600     0.002     0.060    -0.065
    74.610    -0.004     0.066    -0.057
    74.620    -0.010     0.059    -0.042
    74.630    -0.005     0.046    -0.025
    74.640     0.001     0.038    -0.013
    74.650     0.004     0.033    -0.001
    74.660     0.011     0.030     0.012
    74.670     0.017     0.033     0.014
    74.680     0.031     0.040     0.010
    74.690     0.049     0.049     0.003
    74.700     0.059     0.051    -0.018
    74.710     0.057     0.045    -0.037
    74.720     0.048     0.036    -0.048
    74.730     0.039     0.032    -0.055
    74.740     0.029     0.028    -0.058
    74.750     0.017     0.023    -0.056
    74.760     0.005     0.029    -0.052
    74.770     0.000     0.048    -0.038
    74.780    -0.003     0.073    -0.026
    74.790    -0.010     0.094    -0.016
    74.800    -0.020     0.111     0.001
    74.810    -0.029     0.127     0.014
    74.820    -0.035     0.131     0.024
    74.830    -0.041     0.113     0.031
    74.840    -0.043     0.079     0.035
    74.850    -0.045     0.035     0.030
    74.860    -0.047    -0.011     0.016
    74.870    -0.047    -0.047    -0.003
    74.880    -0.044    -0.077    -0.026
    74.890    -0.041    -0.093    -0.040
    74.900    -0.038    -0.095    -0.049
    74.910    -0.034    -0.079    -0.056
    74.920    -0.034    -0.049    -0.050
    74.930    -0.036    -0.012    -0.039
    74.940    -0.039     0.030    -0.021
    74.950    -0.040     0.065     0.010
    74.960    -0.034     0.083     0.043
    74.970    -0.026     0.085     0.072
    74.980    -0.017     0.067     0.112
    74.990    -0.010     0.031     0.146
    75.000    -0.002    -0.002     0.175
    75.010     0.008    -0.032     0.196
    75.020     0.021    -0.061     0.192
    75.030     0.027    -0.081     0.168
    75.040     0.024    -0.089     0.128
    75.050     0.019    -0.090     0.076
    75.060     0.009    -0.094     0.016
    75.070     0.004    -0.102    -0.036
    75.080    -0.004    -0.119    -0.074
    75.090    -0.004    -0.137    -0.092
    75.100     0.006    -0.153    -0.084
    75.110     0.009    -0.171    -0.062
    75.120     0.009    -0.190    -0.023
    75.130     0.008    -0.203     0.016
    75.140     0.014    -0.199     0.045
    75.150     0.023    -0.183     0.061
    75.160     0.026    -0.156     0.068
    75.170     0.027    -0.105     0.078
    75.180     0.026    -0.045     0.073
    75.190     0.022     0.012     0.056
    75.200     0.015     0.065     0.040
    75.210     0.012     0.101     0.040
    75.220     0.010     0.118     0.043
    75.230     0.004     0.117     0.031
    75.240     0.004     0.098     0.009
    75.250     0.003     0.066    -0.018
    75.260     0.006     0.035    -0.032
    75.270     0.013     0.022    -0.034
    75.280     0.010     0.016    -0.042
    75.290     0.009     0.018    -0.044
    75.300     0.012     0.033    -0.043
    75.310     0.011     0.046    -0.034
    75.320     0.007     0.055    -0.020
    75.330    -0.003     0.061    -0.007
    75.340    -0.022     0.061     0.001
    75.350    -0.041     0.056     0.010
    75.360    -0.061     0.046     0.020
    75.370    -0.079     0.036     0.015
    75.380    -0.087     0.027     0.003
    75.390    -0.084     0.016    -0.006
    75.400    -0.075     0.011    -0.019
    75.410    -0.065     0.015    -0.026
    75.420    -0.052     0.018    -0.029
    75.430    -0.041     0.021    -0.026
    75.440    -0.026     0.026    -0.015
    75.450    -0.002     0.026    -0.008
    75.460     0.016     0.021    -0.009
    75.470     0.035     0.021    -0.018
    75.480     0.049     0.027    -0.033
    75.490     0.054     0.023    -0.052
    75.500     0.054     0.023    -0.066
    75.510     0.058     0.020    -0.068
    75.520     0.063    -0.001    -0.060
    75.530     0.056    -0.023    -0.045
    75.540     0.045    -0.034    -0.029
    75.550     0.035    -0.032    -0.009
    75.560     0.023    -0.030     0.003
    75.570     0.019    -0.022     0.022
    75.580     0.019    -0.005     0.039
    75.590     0.024     0.015     0.045
    75.600     0.028     0.043     0.050
    75.610     0.029     0.062     0.042
    75.620     0.025     0.070     0.032
    75.630     0.020     0.070     0.021
    75.640     0.012     0.064    -0.002
    75.650    -0.004     0.050    -0.031
    75.660    -0.017     0.031    -0.057
    75.670    -0.025     0.016    -0.083
    75.680    -0.034     0.001    -0.107
    75.690    -0.039    -0.011    -0.117
    75.700    -0.038    -0.022    -0.112
    75.710    -0.030    -0.035    -0.087
    75.720    -0.021    -0.047    -0.049
    75.730    -0.011    -0.054    -0.016
    75.740     0.004    -0.051     0.011
    75.750     0.017    -0.043     0.035
    75.760     0.030    -0.029     0.056
    75.770     0.033    -0.006     0.061
    75.780     0.029     0.021     0.070
    75.790     0.019     0.043     0.081
    75.800     0.005     0.052     0.081
    75.810    -0.003     0.051     0.089
    75.820    -0.012     0.041     0.085
    75.830    -0.015     0.021     0.066
    75.840    -0.011     0.002     0.041
    75.850    -0.004    -0.015     0.012
    75.860    -0.003    -0.026    -0.017
    75.870    -0.011    -0.034    -0.034
    75.880    -0.021    -0.044    -0.032
    75.890    -0.026    -0.048    -0.018
    75.900    -0.023    -0.054    -0.003
    75.910    -0.012    -0.071     0.004
    75.920    -0.007    -0.083     0.021
    75.930    -0.001    -0.075     0.040
    75.940     0.009    -0.060     0.052
    75.950     0.018    -0.050     0.062
    75.960     0.031    -0.041     0.063
    75.970     0.035    -0.040     0.064
    75.980     0.031    -0.043     0.061
    75.990     0.024    -0.043     0.059
    76.000     0.005    -0.050     0.053
    76.010    -0.010    -0.058     0.045
    76.020    -0.021    -0.062     0.048
    76.030    -0.026    -0.064     0.039
    76.040    -0.022    -0.059     0.019
    76.050    -0.017    -0.049     0.004
    76.060    -0.009    -0.030    -0.015
    76.070    -0.007    -0.001    -0.034
    76.080    -0.008     0.030    -0.046
    76.090    -0.012     0.059    -0.061
    76.100    -0.017     0.084    -0.066
    76.110    -0.010     0.093    -0.066
    76.120     0.003     0.088    -0.080
    76.130     0.017     0.074    -0.091
    76.140     0.026     0.060    -0.100
    76.150     0.034     0.048    -0.105
    76.160     0.037     0.021    -0.090
    76.170     0.033    -0.005    -0.073
    76.180     0.038    -0.021    -0.067
    76.190     0.040    -0.036    -0.065
    76.200     0.040    -0.029    -0.052
    76.210     0.039    -0.002    -0.037
    76.220     0.031     0.022    -0.034
    76.230     0.020     0.043    -0.022
    76.240     0.013     0.068     0.009
    76.250     0.002     0.093     0.045
    76.260    -0.017     0.108     0.081
    76.270    -0.035     0.118     0.107
    76.280    -0.042     0.112     0.115
    76.290    -0.045     0.071     0.109
    76.300    -0.042     0.034     0.100
    76.310    -0.031     0.009     0.092
    76.320    -0.023    -0.023     0.074
    76.330    -0.017    -0.034     0.067
    76.340    -0.010    -0.038     0.064
    76.350    -0.008    -0.064     0.051
    76.360    -0.004    -0.077     0.047
    76.370     0.000    -0.072     0.042
    76.380    -0.004    -0.096     0.018
    76.390    -0.017    -0.139     0.017
    76.400    -0.030    -0.152     0.061
    76.410    -0.035    -0.140     0.071
    76.420    -0.039    -0.124     0.054
    76.430    -0.038    -0.111     0.065
    76.440    -0.034    -0.110     0.074
    76.450    -0.024    -0.085     0.063
    76.460    -0.015    -0.029     0.052
    76.470    -0.018     0.012     0.048
    76.480    -0.003     0.028     0.026
    76.490     0.025     0.036    -0.007
    76.500     0.035     0.050    -0.027
    76.510     0.035     0.063    -0.037
    76.520     0.042     0.062    -0.037
    76.530     0.051     0.059    -0.047
    76.540     0.053     0.049    -0.060
    76.550     0.047     0.035    -0.070
    76.560     0.043     0.023    -0.084
    76.570     0.041     0.015    -0.098
    76.580     0.028     0.014    -0.107
    76.590     0.007     0.010    -0.104
    76.600    -0.014     0.011    -0.102
    76.610    -0.020     0.024    -0.102
    76.620    -0.030     0.029    -0.101
    76.630    -0.041     0.032    -0.094
    76.640    -0.024     0.044    -0.074
    76.650     0.001     0.048    -0.069
    76.660     0.013     0.035    -0.069
    76.670     0.015     0.022    -0.070
    76.680     0.023     0.026    -0.073
    76.690     0.031     0.045    -0.077
    76.700     0.035     0.055    -0.095
    76.710     0.042     0.053    -0.107
    76.720     0.046     0.048    -0.096
    76.730     0.057     0.042    -0.066
    76.740     0.068     0.039    -0.028
    76.750     0.065     0.028     0.008
    76.760     0.050     0.012     0.040
    76.770     0.026    -0.010     0.078
    76.780     0.001    -0.037     0.105
    76.790    -0.015    -0.050     0.108
    76.800    -0.026    -0.062     0.108
    76.810    -0.049    -0.073     0.108
    76.820    -0.068    -0.057     0.105
    76.830    -0.079    -0.022     0.097
    76.840    -0.083     0.019     0.090
    76.850    -0.082     0.053     0.100
    76.860    -0.072     0.081     0.101
    76.870    -0.050     0.092     0.070
    76.880    -0.031     0.082     0.033
    76.890    -0.020     0.079     0.034
    76.900    -0.005     0.070     0.037
    76.910     0.007     0.047     0.012
    76.920     0.013     0.016    -0.010
    76.930     0.014    -0.034    -0.019
    76.940     0.020    -0.085    -0.013
    76.950     0.033    -0.107     0.008
    76.960     0.036    -0.091     0.016
    76.970     0.036    -0.062    -0.002
    76.980     0.034    -0.047    -0.009
    76.990     0.018    -0.035     0.002
    77.000     0.001    -0.012    -0.001
    77.010    -0.015     0.010     0.001
    77.020    -0.029     0.021     0.006
    77.030    -0.032     0.031     0.015
    77.040    -0.027     0.026     0.030
    77.050    -0.029     0.008     0.026
    77.060    -0.036     0.002     0.009
    77.070    -0.034     0.006    -0.008
    77.080    -0.027    -0.001    -0.006
    77.090    -0.022    -0.023     0.014
    77.100    -0.018    -0.037     0.029
    77.110    -0.018    -0.050     0.033
    77.120    -0.010    -0.069     0.026
    77.130    -0.002    -0.083     0.016
    77.140    -0.001    -0.091     0.014
    77.150    -0.003    -0.073     0.016
    77.160    -0.011    -0.033     0.018
    77.170    -0.015    -0.008     0.018
    77.180    -0.004    -0.003     0.006
    77.190     0.014    -0.010    -0.018
    77.200     0.028    -0.013    -0.050
    77.210     0.032    -0.001    -0.078
    77.220     0.037     0.015    -0.089
    77.230     0.047     0.027    -0.090
    77.240     0.056     0.043    -0.073
    77.250     0.058     0.071    -0.046
    77.260     0.052     0.102    -0.033
    77.270     0.036     0.125    -0.032
    77.280     0.019     0.129    -0.043
    77.290     0.013     0.122    -0.059
    77.300     0.004     0.111    -0.065
    77.310    -0.015     0.083    -0.043
    77.320    -0.035     0.043    -0.016
    77.330    -0.046     0.007    -0.006
    77.340    -0.052    -0.019     0.003
    77.350    -0.056    -0.040     0.011
    77.360    -0.053    -0.063     0.011
    77.370    -0.043    -0.078     0.007
    77.380    -0.026    -0.078     0.002
    77.390    -0.012    -0.071     0.010
    77.400     0.001    -0.071     0.024
    77.410     0.011    -0.073     0.038
    77.420     0.007    -0.070     0.062
    77.430    -0.009    -0.055     0.096
    77.440    -0.028    -0.020     0.132
    77.450    -0.039     0.010     0.157
    77.460    -0.040     0.023     0.175
    77.470    -0.040     0.015     0.184
    77.480    -0.041     0.002     0.178
    77.490    -0.042     0.005     0.164
    77.500    -0.048     0.015     0.154
    77.510    -0.048     0.025     0.132
    77.520    -0.034     0.029     0.096
    77.530    -0.022     0.026     0.063
    77.540    -0.005     0.021     0.029
    77.550    -0.002     0.020     0.006
    77.560    -0.005     0.034    -0.014
    77.570    -0.003     0.047    -0.038
    77.580    -0.009     0.050    -0.061
    77.590    -0.008     0.050    -0.079
    77.600    -0.003     0.042    -0.099
    77.610     0.002     0.020    -0.120
    77.620     0.005    -0.006    -0.125
    77.630     0.001    -0.029    -0.126
    77.640    -0.002    -0.052    -0.119
    77.650    -0.002    -0.068    -0.105
    77.660     0.008    -0.069    -0.089
    77.670     0.022    -0.068    -0.063
    77.680     0.036    -0.058    -0.043
    77.690     0.050    -0.033    -0.023
    77.700     0.049    -0.002    -0.002
    77.710     0.046     0.023     0.002
    77.720     0.051     0.046    -0.008
    77.730     0.052     0.064    -0.021
    77.740     0.048     0.067    -0.030
    77.750     0.045     0.059    -0.033
    77.760     0.034     0.041    -0.024
    77.770     0.019     0.017    -0.004
    77.780     0.015    -0.009     0.014
    77.790     0.010    -0.026     0.027
    77.800    -0.002    -0.029     0.051
    77.810    -0.011    -0.041     0.067
    77.820    -0.016    -0.059     0.069
    77.830    -0.023    -0.074     0.075
    77.840    -0.033    -0.085     0.073
    77.850    -0.041    -0.084     0.067
    77.860    -0.045    -0.075     0.059
    77.870    -0.043    -0.058     0.049
    77.880    -0.032    -0.041     0.042
    77.890    -0.020    -0.037     0.027
    77.900    -0.010    -0.031     0.011
    77.910     0.000    -0.017     0.004
    77.920     0.010    -0.005     0.003
    77.930     0.015     0.006     0.008
    77.940     0.023     0.011     0.016
    77.950     0.034     0.009     0.020
    77.960     0.037     0.009     0.012
    77.970     0.035     0.013     0.009
    77.980     0.036     0.023     0.004
    77.990     0.037     0.033    -0.013
    78.000     0.034     0.037    -0.032
    78.010     0.029     0.038    -0.049
    78.020     0.026     0.035    -0.060
    78.030     0.032     0.029    -0.069
    78.040     0.036     0.023    -0.075
    78.050     0.030     0.012    -0.076
    78.060     0.024     0.003    -0.073
    78.070     0.013     0.001    -0.064
    78.080     0.004    -0.007    -0.057
    78.090    -0.005    -0.012    -0.052
    78.100    -0.013    -0.011    -0.043
    78.110    -0.019    -0.006    -0.029
    78.120    -0.026     0.002    -0.010
    78.130    -0.032     0.014     0.007
    78.140    -0.043     0.027     0.012
    78.150    -0.045     0.034     0.016
    78.160    -0.040     0.034     0.027
    78.170    -0.030     0.032     0.029
    78.180    -0.019     0.026     0.034
    78.190    -0.015     0.026     0.039
    78.200    -0.006     0.030     0.037
    78.210     0.004     0.028     0.043
    78.220     0.010     0.022     0.040
    78.230     0.019     0.006     0.027
    78.240     0.025    -0.018     0.017
    78.250     0.028    -0.032     0.004
    78.260     0.029    -0.041     0.001
    78.270     0.029    -0.049    -0.005
    78.280     0.032    -0.056    -0.018
    78.290     0.032    -0.065    -0.030
    78.300     0.030    -0.072    -0.045
    78.310     0.030    -0.069    -0.046
    78.320     0.027    -0.050    -0.039
    78.330     0.025    -0.028    -0.037
    78.340     0.023    -0.005    -0.038
    78.350     0.020     0.024    -0.040
    78.360     0.023     0.042    -0.043
    78.370     0.028     0.048    -0.052
    78.380     0.031     0.058    -0.051
    78.390     0.023     0.067    -0.034
    78.400     0.012     0.080    -0.012
    78.410     0.008     0.087     0.011
    78.420     0.003     0.082     0.033
    78.430     0.001     0.070     0.058
    78.440    -0.005     0.043     0.080
    78.450    -0.018     0.012     0.092
    78.460    -0.034    -0.018     0.098
    78.470    -0.041    -0.060     0.097
    78.480    -0.040    -0.097     0.091
    78.490    -0.031    -0.118     0.075
    78.500    -0.023    -0.132     0.058
    78.510    -0.023    -0.136     0.044
    78.520    -0.016    -0.126     0.031
    78.530    -0.011    -0.115     0.024
    78.540    -0.007    -0.098     0.021
    78.550    -0.003    -0.067     0.028
    78.560    -0.009    -0.029     0.039
    78.570    -0.015     0.003     0.044
    78.580    -0.025     0.025     0.045
    78.590    -0.035     0.040     0.046
    78.600    -0.037     0.039     0.041
    78.610    -0.027     0.026     0.038
    78.620    -0.013     0.021     0.037
    78.630    -0.003     0.011     0.029
    78.640     0.002    -0.004     0.031
    78.650     0.005    -0.012     0.038
    78.660     0.008    -0.018     0.040
    78.670     0.015    -0.023     0.036
    78.680     0.021    -0.028     0.022
    78.690     0.024    -0.022     0.007
    78.700     0.024    -0.011    -0.015
    78.710     0.017    -0.005    -0.041
    78.720     0.003     0.007    -0.065
    78.730    -0.004     0.019    -0.086
    78.740    -0.003     0.025    -0.100
    78.750    -0.001     0.038    -0.093
    78.760     0.001     0.046    -0.088
    78.770     0.001     0.048    -0.081
    78.780    -0.001     0.052    -0.067
    78.790    -0.001     0.051    -0.059
    78.800    -0.004     0.054    -0.032
    78.810    -0.007     0.064    -0.012
    78.820    -0.008     0.074    -0.003
    78.830    -0.016     0.075     0.006
    78.840    -0.023     0.059     0.002
    78.850    -0.025     0.031     0.007
    78.860    -0.028     0.008     0.016
    78.870    -0.031    -0.012     0.033
    78.880    -0.035    -0.033     0.056
    78.890    -0.037    -0.044     0.072
    78.900    -0.039    -0.045     0.090
    78.910    -0.036    -0.037     0.092
    78.920    -0.026    -0.026     0.079
    78.930    -0.010    -0.013     0.057
    78.940     0.010     0.005     0.025
    78.950     0.023     0.025    -0.010
    78.960     0.035     0.053    -0.036
    78.970     0.042     0.078    -0.046
    78.980     0.042     0.092    -0.046
    78.990     0.035     0.096    -0.041
    79.000     0.027     0.094    -0.034
    79.010     0.017     0.079    -0.022
    79.020     0.008     0.057    -0.013
    79.030     0.004     0.032    -0.007
    79.040    -0.002     0.009     0.004
    79.050    -0.009    -0.003     0.011
    79.060    -0.014     0.000     0.013
    79.070    -0.014     0.003     0.019
    79.080    -0.015    -0.001     0.027
    79.090    -0.015    -0.003     0.033
    79.100    -0.008    -0.002     0.029
    79.110    -0.006     0.001     0.027
    79.120    -0.002     0.006     0.014
    79.130     0.003     0.005    -0.018
    79.140     0.005    -0.004    -0.046
    79.150     0.011    -0.021    -0.075
    79.160     0.013    -0.032    -0.099
    79.170     0.013    -0.037    -0.116
    79.180     0.017    -0.035    -0.118
    79.190     0.021    -0.021    -0.095
    79.200     0.023    -0.007    -0.064
    79.210     0.018     0.001    -0.027
    79.220     0.015    -0.001    -0.001
    79.230     0.016    -0.007     0.013
    79.240     0.018    -0.017     0.016
    79.250     0.025    -0.032     0.008
    79.260     0.024    -0.039     0.006
    79.270     0.020    -0.040    -0.005
    79.280     0.016    -0.034    -0.017
    79.290     0.008    -0.020    -0.023
    79.300     0.005    -0.011    -0.034
    79.310     0.005    -0.010    -0.050
    79.320     0.013    -0.005    -0.065
    79.330     0.021     0.005    -0.062
    79.340     0.022     0.017    -0.047
    79.350     0.020     0.022    -0.034
    79.360     0.010     0.027    -0.016
    79.370     0.004     0.029    -0.004
    79.380    -0.001     0.025     0.009
    79.390    -0.008     0.022     0.031
    79.400    -0.008     0.014     0.058
    79.410    -0.007     0.009     0.095
    79.420    -0.007    -0.002     0.126
    79.430    -0.010    -0.014     0.142
    79.440    -0.021    -0.018     0.153
    79.450    -0.030    -0.022     0.149
    79.460    -0.039    -0.022     0.132
    79.470    -0.047    -0.025     0.108
    79.480    -0.052    -0.034     0.074
    79.490    -0.053    -0.036     0.052
    79.500    -0.044    -0.030     0.050
    79.510    -0.034    -0.026     0.045
    79.520    -0.019    -0.020     0.038
    79.530    -0.004    -0.014     0.029
    79.540     0.009    -0.011     0.015
    79.550     0.024    -0.001     0.006
    79.560     0.038     0.007    -0.005
    79.570     0.049     0.013    -0.015
    79.580     0.053     0.019    -0.025
    79.590     0.056     0.025    -0.035
    79.600     0.050     0.029    -0.035
    79.610     0.038     0.024    -0.032
    79.620     0.028     0.022    -0.025
    79.630     0.022     0.025    -0.016
    79.640     0.021     0.033    -0.008
    79.650     0.017     0.047    -0.009
    79.660     0.010     0.055    -0.014
    79.670     0.001     0.065    -0.030
    79.680     0.001     0.072    -0.054
    79.690     0.001     0.069    -0.073
    79.700    -0.002     0.058    -0.094
    79.710     0.002     0.047    -0.106
    79.720     0.005     0.031    -0.111
    79.730     0.012     0.016    -0.106
    79.740     0.019     0.011    -0.102
    79.750     0.022    -0.001    -0.096
    79.760     0.027    -0.017    -0.075
    79.770     0.026    -0.033    -0.057
    79.780     0.022    -0.045    -0.041
    79.790     0.015    -0.047    -0.022
    79.800     0.013    -0.043    -0.002
    79.810     0.012    -0.026     0.012
    79.820     0.008     0.001     0.026
    79.830     0.010     0.028     0.040
    79.840     0.005     0.047     0.044
    79.850    -0.004     0.057     0.049
    79.860    -0.008     0.061     0.052
    79.870    -0.015     0.055     0.062
    79.880    -0.023     0.039     0.077
    79.890    -0.027     0.020     0.086
    79.900    -0.026    -0.007     0.096
    79.910    -0.031    -0.036     0.099
    79.920    -0.040    -0.057     0.098
    79.930    -0.037    -0.070     0.101
    79.940    -0.036    -0.078     0.101
    79.950    -0.040    -0.077     0.099
    79.960    -0.047    -0.070     0.102
    79.970    -0.052    -0.061     0.097
    79.980    -0.053    -0.052     0.081
    79.990    -0.052    -0.052     0.071
    80.000    -0.045    -0.064     0.052
    80.010    -0.037    -0.080     0.030
    80.020    -0.028    -0.094     0.013
    80.030    -0.021    -0.109    -0.009
    80.040    -0.017    -0.114    -0.028
    80.050    -0.009    -0.106    -0.032
    80.060     0.003    -0.095    -0.023
    80.070     0.017    -0.074    -0.018
    80.080     0.030    -0.051    -0.013
    80.090     0.035    -0.025     0.001
    80.100     0.033     0.002     0.011
    80.110     0.022     0.024     0.013
    80.120     0.008     0.041     0.017
    80.130     0.002     0.040     0.026
    80.140     0.001     0.030     0.028
    80.150     0.004     0.019     0.033
    80.160     0.008     0.006     0.045
    80.170     0.011    -0.002     0.044
    80.180     0.012    -0.005     0.030
    80.190     0.012    -0.004     0.021
    80.200     0.020    -0.004     0.007
    80.210     0.030     0.000    -0.010
    80.220     0.043     0.010    -0.027
    80.230     0.051     0.018    -0.044
    80.240     0.050     0.024    -0.047
    80.250     0.046     0.030    -0.049
    80.260     0.039     0.030    -0.052
    80.270     0.034     0.031    -0.044
    80.280     0.028     0.033    -0.038
    80.290     0.021     0.035    -0.031
    80.300     0.014     0.045    -0.028
    80.310     0.006     0.055    -0.032
    80.320    -0.003     0.056    -0.037
    80.330    -0.010     0.045    -0.047
    80.340    -0.020     0.026    -0.056
    80.350    -0.027     0.002    -0.070
    80.360    -0.026    -0.018    -0.074
    80.370    -0.026    -0.028    -0.061
    80.380    -0.023    -0.029    -0.054
    80.390    -0.020    -0.021    -0.034
    80.400    -0.014    -0.010    -0.019
    80.410    -0.001     0.000    -0.015
    80.420     0.009     0.007    -0.012
    80.430     0.021     0.013    -0.017
    80.440     0.031     0.019    -0.014
    80.450     0.034     0.024    -0.011
    80.460     0.036     0.038     0.004
    80.470     0.036     0.055     0.026
    80.480     0.030     0.071     0.031
    80.490     0.020     0.085     0.039
    80.500     0.010     0.084     0.047
    80.510     0.007     0.071     0.044
    80.520     0.004     0.054     0.039
    80.530     0.001     0.035     0.029
    80.540    -0.005     0.018     0.019
    80.550    -0.015    -0.005     0.014
    80.560    -0.018    -0.026     0.007
    80.570    -0.013    -0.040     0.004
    80.580    -0.008    -0.046    -0.003
    80.590     0.001    -0.043    -0.004
    80.600     0.006    -0.041    -0.004
    80.610     0.001    -0.031    -0.003
    80.620    -0.014    -0.016     0.009
    80.630    -0.032    -0.010     0.019
    80.640    -0.043    -0.005     0.024
    80.650    -0.043    -0.011     0.023
    80.660    -0.039    -0.026     0.024
    80.670    -0.038    -0.039     0.029
    80.680    -0.041    -0.048     0.024
    80.690    -0.047    -0.051     0.026
    80.700    -0.051    -0.052     0.031
    80.710    -0.048    -0.050     0.029
    80.720    -0.043    -0.049     0.022
    80.730    -0.031    -0.053     0.014
    80.740    -0.020    -0.053     0.017
    80.750    -0.012    -0.042     0.014
    80.760    -0.006    -0.028     0.003
    80.770    -0.002    -0.014    -0.002
    80.780     0.009    -0.004    -0.008
    80.790     0.018     0.000    -0.002
    80.800     0.025     0.004     0.012
    80.810     0.024     0.010     0.020
    80.820     0.017     0.016     0.028
    80.830     0.015     0.021     0.033
    80.840     0.014     0.018     0.032
    80.850     0.015     0.006     0.018
    80.860     0.014    -0.005     0.010
    80.870     0.017    -0.014     0.005
    80.880     0.019    -0.025    -0.006
    80.890     0.012    -0.031    -0.005
    80.900     0.006    -0.032    -0.002
    80.910    -0.001    -0.031     0.005
    80.920    -0.004    -0.024     0.013
    80.930    -0.001    -0.018     0.006
    80.940    -0.002    -0.010    -0.001
    80.950    -0.007    -0.003     0.000
    80.960    -0.012    -0.001     0.001
    80.970    -0.015    -0.003    -0.001
    80.980    -0.018    -0.017    -0.005
    80.990    -0.017    -0.023    -0.011
    81.000    -0.012    -0.019    -0.026
    81.010    -0.004    -0.018    -0.044
    81.020    -0.002    -0.013    -0.059
    81.030     0.002    -0.012    -0.068
    81.040     0.010    -0.021    -0.082
    81.050     0.012    -0.028    -0.104
    81.060     0.022    -0.030    -0.121
    81.070     0.028    -0.028    -0.137
    81.080     0.025    -0.021    -0.146
    81.090     0.022    -0.016    -0.144
    81.100     0.015    -0.012    -0.138
    81.110     0.010    -0.002    -0.126
    81.120     0.003     0.005    -0.116
    81.130    -0.002     0.015    -0.094
    81.140    -0.003     0.033    -0.067
    81.150    -0.008     0.049    -0.062
    81.160    -0.010     0.067    -0.051
    81.170    -0.014     0.083    -0.033
    81.180    -0.016     0.095    -0.021
    81.190    -0.015     0.103    -0.007
    81.200    -0.014     0.103     0.005
    81.210    -0.007     0.101     0.015
    81.220    -0.006     0.100     0.022
    81.230    -0.008     0.093     0.031
    81.240    -0.010     0.082     0.039
    81.250    -0.015     0.074     0.043
    81.260    -0.014     0.054     0.047
    81.270    -0.010     0.030     0.045
    81.280    -0.004     0.009     0.045
    81.290    -0.005    -0.012     0.040
    81.300    -0.010    -0.033     0.041
    81.310    -0.013    -0.043     0.049
    81.320    -0.017    -0.039     0.047
    81.330    -0.013    -0.038     0.039
    81.340    -0.008    -0.034     0.030
    81.350    -0.007    -0.026     0.026
    81.360    -0.006    -0.024     0.029
    81.370    -0.008    -0.027     0.041
    81.380    -0.008    -0.023     0.054
    81.390    -0.002    -0.017     0.063
    81.400     0.011    -0.017     0.068
    81.410     0.026    -0.011     0.066
    81.420     0.037     0.003     0.067
    81.430     0.043     0.015     0.070
    81.440     0.045     0.020     0.064
    81.450     0.038     0.026     0.053
    81.460     0.032     0.033     0.046
    81.470     0.030     0.035     0.038
    81.480     0.026     0.036     0.034
    81.490     0.023     0.033     0.029
    81.500     0.019     0.022     0.022
    81.510     0.015     0.012     0.023
    81.520     0.015     0.005     0.018
    81.530     0.018    -0.008     0.009
    81.540     0.024    -0.021     0.004
    81.550     0.031    -0.024    -0.005
    81.560     0.036    -0.020    -0.011
    81.570     0.039    -0.010    -0.017
    81.580     0.040     0.008    -0.017
    81.590     0.044     0.021    -0.015
    81.600     0.046     0.031    -0.018
    81.610     0.040     0.040    -0.017
    81.620     0.028     0.042    -0.012
    81.630     0.016     0.036    -0.008
    81.640     0.012     0.025    -0.003
    81.650     0.012     0.010     0.001
    81.660     0.015    -0.008     0.002
    81.670     0.017    -0.025     0.008
    81.680     0.012    -0.041     0.016
    81.690     0.006    -0.053     0.017
    81.700     0.001    -0.062     0.023
    81.710    -0.002    -0.072     0.027
    81.720    -0.010    -0.068     0.041
    81.730    -0.020    -0.054     0.052
    81.740    -0.035    -0.031     0.055
    81.750    -0.052    -0.001     0.054
    81.760    -0.062     0.013     0.039
    81.770    -0.068     0.015     0.024
    81.780    -0.071     0.016     0.013
    81.790    -0.061     0.015     0.004
    81.800    -0.050     0.009    -0.004
    81.810    -0.041     0.000    -0.005
    81.820    -0.028    -0.005     0.003
    81.830    -0.018    -0.006     0.005
    81.840    -0.015    -0.005     0.003
    81.850    -0.015     0.000    -0.003
    81.860    -0.018     0.013    -0.009
    81.870    -0.022     0.028    -0.012
    81.880    -0.024     0.046    -0.024
    81.890    -0.025     0.062    -0.039
    81.900    -0.022     0.068    -0.042
    81.910    -0.015     0.073    -0.037
    81.920    -0.008     0.070    -0.030
    81.930    -0.004     0.059    -0.021
    81.940    -0.002     0.047    -0.012
    81.950    -0.005     0.028     0.001
    81.960    -0.007     0.003     0.013
    81.970    -0.004    -0.023     0.017
    81.980    -0.002    -0.038     0.015
    81.990    -0.003    -0.038     0.012
    82.000    -0.004    -0.035     0.003
    82.010    -0.010    -0.026    -0.013
    82.020    -0.014    -0.015    -0.017
    82.030    -0.010    -0.011    -0.014
    82.040     0.000    -0.007    -0.015
    82.050     0.010    -0.005    -0.017
    82.060     0.017    -0.001    -0.015
    82.070     0.023     0.005    -0.013
    82.080     0.028     0.008    -0.013
    82.090     0.028     0.008    -0.014
    82.100     0.027     0.003    -0.013
    82.110     0.024    -0.001    -0.010
    82.120     0.020     0.003    -0.002
    82.130     0.014     0.011     0.002
    82.140     0.009     0.019     0.004
    82.150     0.005     0.020     0.007
    82.160    -0.002     0.015     0.004
    82.170    -0.002     0.004    -0.001
    82.180    -0.003    -0.013    -0.003
    82.190    -0.004    -0.029     0.000
    82.200    -0.002    -0.051     0.003
    82.210    -0.002    -0.073     0.003
    82.220    -0.003    -0.082     0.004
    82.230    -0.003    -0.085    -0.002
    82.240     0.001    -0.072    -0.002
    82.250     0.011    -0.053    -0.002
    82.260     0.020    -0.041    -0.007
    82.270     0.028    -0.028    -0.005
    82.280     0.032    -0.013     0.001
    82.290     0.028     0.005     0.009
    82.300     0.024     0.022     0.020
    82.310     0.025     0.031     0.029
    82.320     0.029     0.027     0.032
    82.330     0.032     0.007     0.036
    82.340     0.032    -0.021     0.034
    82.350     0.027    -0.044     0.024
    82.360     0.017    -0.058     0.026
    82.370     0.011    -0.072     0.022
    82.380     0.004    -0.077     0.023
    82.390    -0.002    -0.071     0.034
    82.400    -0.006    -0.061     0.036
    82.410    -0.012    -0.046     0.036
    82.420    -0.017    -0.038     0.035
    82.430    -0.017    -0.028     0.030
    82.440    -0.008    -0.022     0.019
    82.450     0.001    -0.022     0.007
    82.460     0.006    -0.018    -0.007
    82.470     0.009    -0.011    -0.015
    82.480     0.016    -0.004    -0.015
    82.490     0.021     0.001    -0.019
    82.500     0.026     0.008    -0.013
    82.510     0.031     0.020    -0.010
    82.520     0.028     0.036    -0.016
    82.530     0.023     0.058    -0.022
    82.540     0.016     0.076    -0.034
    82.550     0.011     0.082    -0.039
    82.560     0.005     0.082    -0.038
    82.570    -0.011     0.069    -0.029
    82.580    -0.024     0.048    -0.015
    82.590    -0.032     0.027    -0.002
    82.600    -0.037     0.011     0.021
    82.610    -0.038     0.000     0.037
    82.620    -0.037    -0.009     0.046
    82.630    -0.033    -0.008     0.040
    82.640    -0.029    -0.003     0.027
    82.650    -0.019     0.002     0.013
    82.660    -0.009     0.012    -0.010
    82.670    -0.002     0.016    -0.025
    82.680     0.004     0.013    -0.036
    82.690     0.008     0.003    -0.036
    82.700     0.010    -0.011    -0.030
    82.710     0.010    -0.022    -0.023
    82.720     0.004    -0.030    -0.016
    82.730    -0.002    -0.034    -0.015
    82.740    -0.005    -0.033    -0.016
    82.750    -0.011    -0.031    -0.019
    82.760    -0.009    -0.023    -0.024
    82.770     0.000    -0.012    -0.030
    82.780     0.001    -0.008    -0.041
    82.790     0.000    -0.004    -0.046
    82.800    -0.002     0.004    -0.039
    82.810    -0.002     0.015    -0.039
    82.820    -0.001     0.028    -0.033
    82.830    -0.007     0.032    -0.019
    82.840    -0.009     0.039    -0.019
    82.850    -0.009     0.044    -0.006
    82.860    -0.006     0.041     0.009
    82.870    -0.002     0.036     0.011
    82.880     0.002     0.029     0.013
    82.890     0.008     0.021     0.015
    82.900     0.010     0.015     0.012
    82.910     0.009     0.014     0.008
    82.920     0.008     0.015     0.010
    82.930     0.005     0.007     0.008
    82.940     0.002     0.001     0.006
    82.950    -0.002     0.002     0.006
    82.960    -0.009    -0.006     0.001
    82.970    -0.014    -0.010     0.011
    82.980    -0.016    -0.009     0.023
    82.990    -0.021    -0.013     0.027
    83.000    -0.021    -0.023     0.027
    83.010    -0.016    -0.034     0.017
    83.020    -0.008    -0.035     0.011
    83.030     0.002    -0.039     0.007
    83.040     0.009    -0.043     0.005
    83.050     0.011    -0.040     0.004
    83.060     0.010    -0.042     0.001
    83.070     0.006    -0.043    -0.001
    83.080     0.004    -0.043    -0.004
    83.090     0.008    -0.041    -0.002
    83.100     0.012    -0.043    -0.004
    83.110     0.012    -0.039    -0.007
    83.120     0.006    -0.022    -0.002
    83.130     0.001    -0.006    -0.008
    83.140     0.003     0.012    -0.011
    83.150     0.000     0.032    -0.013
    83.160     0.001     0.056    -0.015
    83.170     0.004     0.069    -0.009
    83.180    -0.002     0.066    -0.015
    83.190    -0.010     0.059    -0.018
    83.200    -0.018     0.044    -0.016
    83.210    -0.024     0.022    -0.016
    83.220    -0.022    -0.003    -0.015
    83.230    -0.015    -0.026    -0.012
    83.240    -0.007    -0.041    -0.001
    83.250     0.000    -0.039     0.011
    83.260     0.009    -0.027     0.017
    83.270     0.014    -0.014     0.021
    83.280     0.015     0.003     0.022
    83.290     0.015     0.014     0.021
    83.300     0.015     0.019     0.014
    83.310     0.013     0.022     0.009
    83.320     0.011     0.019     0.017
    83.330     0.008     0.017     0.032
    83.340     0.002     0.022     0.055
    83.350    -0.002     0.027     0.072
    83.360    -0.002     0.022     0.087
    83.370    -0.002     0.014     0.092
    83.380     0.001     0.018     0.089
    83.390     0.001     0.024     0.087
    83.400    -0.003     0.025     0.077
    83.410    -0.008     0.028     0.070
    83.420    -0.015     0.027     0.059
    83.430    -0.015     0.020     0.036
    83.440    -0.015     0.013     0.006
    83.450    -0.016     0.013    -0.022
    83.460    -0.013     0.011    -0.041
    83.470    -0.011    -0.003    -0.054
    83.480    -0.010    -0.011    -0.064
    83.490    -0.003    -0.010    -0.067
    83.500     0.007    -0.009    -0.062
    83.510     0.015    -0.010    -0.053
    83.520     0.015    -0.010    -0.045
    83.530     0.010    -0.006    -0.040
    83.540     0.003     0.002    -0.024
    83.550    -0.004     0.020    -0.012
    83.560    -0.006     0.033    -0.010
    83.570    -0.004     0.037    -0.001
    83.580    -0.003     0.040     0.008
    83.590    -0.003     0.039     0.011
    83.600    -0.004     0.038     0.014
    83.610    -0.004     0.028     0.016
    83.620    -0.001     0.012     0.013
    83.630     0.005    -0.002     0.009
    83.640     0.012    -0.010     0.010
    83.650     0.017    -0.007     0.004
    83.660     0.019    -0.002    -0.010
    83.670     0.022     0.002    -0.021
    83.680     0.023     0.007    -0.024
    83.690     0.017     0.006    -0.031
    83.700     0.010     0.001    -0.045
    83.710     0.008    -0.008    -0.053
    83.720     0.002    -0.021    -0.061
    83.730    -0.003    -0.035    -0.054
    83.740    -0.008    -0.040    -0.028
    83.750    -0.016    -0.033    -0.002
    83.760    -0.025    -0.028     0.012
    83.770    -0.024    -0.024     0.016
    83.780    -0.018    -0.020     0.025
    83.790    -0.008    -0.016     0.033
    83.800     0.004    -0.012     0.029
    83.810     0.008    -0.003     0.024
    83.820     0.007     0.011     0.018
    83.830     0.004     0.018     0.017
    83.840    -0.001     0.018     0.016
    83.850    -0.005     0.017     0.016
    83.860    -0.005     0.010     0.013
    83.870    -0.004    -0.010     0.008
    83.880    -0.001    -0.025     0.014
    83.890    -0.007    -0.038     0.017
    83.900    -0.014    -0.045     0.025
    83.910    -0.018    -0.048     0.036
    83.920    -0.021    -0.056     0.042
    83.930    -0.020    -0.063     0.057
    83.940    -0.021    -0.068     0.072
    83.950    -0.017    -0.068     0.089
    83.960    -0.019    -0.070     0.095
    83.970    -0.022    -0.071     0.095
    83.980    -0.019    -0.072     0.095
    83.990    -0.016    -0.077     0.082
    84.000    -0.009    -0.083     0.060
    84.010    -0.004    -0.088     0.037
    84.020    -0.002    -0.086     0.026
    84.030    -0.004    -0.081     0.025
    84.040    -0.009    -0.070     0.023
    84.050    -0.010    -0.052     0.029
    84.060    -0.006    -0.037     0.033
    84.070     0.004    -0.024     0.036
    84.080     0.011    -0.005     0.049
    84.090     0.014     0.007     0.057
    84.100     0.013     0.017     0.061
    84.110     0.014     0.028     0.065
    84.120     0.021     0.034     0.063
    84.130     0.019     0.044     0.059
    84.140     0.015     0.057     0.042
    84.150     0.018     0.074     0.019
    84.160     0.023     0.091     0.001
    84.170     0.027     0.098    -0.022
    84.180     0.026     0.095    -0.050
    84.190     0.020     0.082    -0.072
    84.200     0.015     0.066    -0.091
    84.210     0.011     0.046    -0.107
    84.220     0.007     0.030    -0.119
    84.230     0.011     0.023    -0.122
    84.240     0.015     0.016    -0.112
    84.250     0.014     0.011    -0.096
    84.260     0.011     0.007    -0.081
    84.270     0.013     0.002    -0.073
    84.280     0.019    -0.001    -0.067
    84.290     0.027    -0.001    -0.058
    84.300     0.032     0.001    -0.056
    84.310     0.030    -0.003    -0.048
    84.320     0.027    -0.005    -0.037
    84.330     0.017     0.004    -0.028
    84.340     0.008     0.012    -0.018
    84.350    -0.002     0.016    -0.022
    84.360    -0.011     0.026    -0.023
    84.370    -0.013     0.034    -0.025
    84.380    -0.015     0.029    -0.039
    84.390    -0.014     0.024    -0.052
    84.400    -0.007     0.019    -0.065
    84.410     0.003     0.009    -0.069
    84.420     0.006    -0.002    -0.068
    84.430     0.004    -0.016    -0.056
    84.440     0.005    -0.025    -0.037
    84.450     0.006    -0.029    -0.016
    84.460     0.009    -0.030     0.003
    84.470     0.011    -0.026     0.007
    84.480     0.007    -0.028     0.013
    84.490     0.001    -0.024     0.019
    84.500    -0.008    -0.017     0.022
    84.510    -0.021    -0.014     0.029
    84.520    -0.028    -0.017     0.022
    84.530    -0.031    -0.024     0.021
    84.540    -0.033    -0.030     0.031
    84.550    -0.029    -0.025     0.032
    84.560    -0.025    -0.013     0.033
    84.570    -0.023    -0.006     0.032
    84.580    -0.015     0.001     0.037
    84.590    -0.011     0.004     0.048
    84.600    -0.008     0.003     0.049
    84.610    -0.005     0.014     0.043
    84.620    -0.011     0.022     0.027
    84.630    -0.012     0.031     0.014
    84.640    -0.013     0.044     0.005
    84.650    -0.012     0.047    -0.017
    84.660    -0.009     0.055    -0.037
    84.670    -0.007     0.061    -0.051
    84.680    -0.004     0.060    -0.057
    84.690    -0.005     0.059    -0.044
    84.700     0.001     0.051    -0.029
    84.710     0.005     0.035    -0.013
    84.720     0.009     0.012     0.008
    84.730     0.022    -0.004     0.021
    84.740     0.033    -0.005     0.031
    84.750     0.038     0.003     0.037
    84.760     0.034     0.019     0.036
    84.770     0.028     0.029     0.036
    84.780     0.027     0.030     0.025
    84.790     0.027     0.029     0.015
    84.800     0.027     0.029     0.007
    84.810     0.029     0.032     0.001
    84.820     0.026     0.028    -0.003
    84.830     0.016     0.022    -0.002
    84.840     0.011     0.012    -0.002
    84.850     0.008    -0.005    -0.011
    84.860     0.004    -0.028    -0.013
    84.870     0.002    -0.052    -0.014
    84.880    -0.001    -0.058    -0.004
    84.890     0.000    -0.057     0.004
    84.900     0.000    -0.056     0.006
    84.910    -0.001    -0.052     0.016
    84.920    -0.002    -0.039     0.028
    84.930    -0.013    -0.023     0.039
    84.940    -0.021     0.001     0.030
    84.950    -0.028     0.032     0.019
    84.960    -0.036     0.057     0.007
    84.970    -0.035     0.071    -0.008
    84.980    -0.042     0.067    -0.009
    84.990    -0.039     0.050    -0.016
    85.000    -0.031     0.033    -0.025
    85.010    -0.030     0.023    -0.027
    85.020    -0.026     0.016    -0.028
    85.030    -0.023     0.005    -0.032
    85.040    -0.019    -0.004    -0.047
    85.050    -0.019    -0.008    -0.055
    85.060    -0.013    -0.008    -0.055
    85.070    -0.001    -0.005    -0.062
    85.080     0.002     0.005    -0.066
    85.090     0.002     0.018    -0.067
    85.100    -0.001     0.025    -0.056
    85.110     0.001     0.017    -0.038
    85.120     0.010     0.009    -0.024
    85.130     0.017     0.010    -0.012
    85.140     0.022     0.008     0.002
    85.150     0.020     0.006     0.018
    85.160     0.013    -0.003     0.028
    85.170     0.006    -0.005     0.041
    85.180    -0.001    -0.006     0.045
    85.190    -0.001    -0.016     0.035
    85.200    -0.001    -0.008     0.030
    85.210    -0.002    -0.002     0.021
    85.220    -0.003    -0.006     0.005
    85.230    -0.011    -0.001    -0.004
    85.240    -0.023     0.010    -0.009
    85.250    -0.031     0.025    -0.010
    85.260    -0.030     0.028    -0.006
    85.270    -0.022     0.023     0.002
    85.280    -0.013     0.010    -0.004
    85.290    -0.013    -0.003    -0.005
    85.300    -0.019    -0.013     0.008
    85.310    -0.019    -0.032     0.003
    85.320    -0.017    -0.045     0.000
    85.330    -0.011    -0.051     0.007
    85.340    -0.003    -0.053     0.005
    85.350     0.001    -0.049    -0.001
    85.360     0.011    -0.045    -0.011
    85.370     0.018    -0.030    -0.021
    85.380     0.014    -0.008    -0.023
    85.390     0.014     0.009    -0.011
    85.400     0.015     0.022     0.008
    85.410     0.012     0.026     0.031
    85.420     0.007     0.024     0.053
    85.430     0.008     0.019     0.072
    85.440     0.005     0.014     0.091
    85.450     0.001     0.009     0.101
    85.460    -0.008    -0.002     0.104
    85.470    -0.015    -0.014     0.099
    85.480    -0.014    -0.017     0.092
    85.490    -0.014    -0.014     0.081
    85.500    -0.013    -0.007     0.063
    85.510    -0.012    -0.002     0.046
    85.520    -0.008    -0.004     0.032
    85.530     0.001    -0.006     0.025
    85.540     0.009    -0.012     0.014
    85.550     0.017    -0.017     0.011
    85.560     0.022    -0.024     0.013
    85.570     0.019    -0.033     0.005
    85.580     0.013    -0.037     0.000
    85.590     0.011    -0.036     0.006
    85.600     0.008    -0.035     0.006
    85.610     0.006    -0.033    -0.003
    85.620     0.008    -0.023    -0.008
    85.630     0.009    -0.013    -0.015
    85.640     0.008    -0.008    -0.017
    85.650     0.007    -0.002    -0.019
    85.660     0.004     0.004    -0.021
    85.670     0.001     0.011    -0.018
    85.680    -0.001     0.013    -0.023
    85.690    -0.003     0.014    -0.029
    85.700    -0.003     0.015    -0.033
    85.710    -0.004     0.019    -0.041
    85.720    -0.006     0.018    -0.047
    85.730    -0.007     0.016    -0.045
    85.740    -0.011     0.016    -0.049
    85.750    -0.008     0.016    -0.056
    85.760    -0.001     0.020    -0.046
    85.770    -0.002     0.019    -0.037
    85.780    -0.007     0.012    -0.028
    85.790    -0.014     0.006    -0.012
    85.800    -0.014     0.004    -0.001
    85.810    -0.010    -0.001     0.014
    85.820    -0.010    -0.009     0.025
    85.830    -0.005    -0.011     0.023
    85.840     0.000    -0.007     0.023
    85.850    -0.003    -0.003     0.022
    85.860    -0.003     0.000     0.021
    85.870     0.002     0.007     0.024
    85.880     0.005     0.012     0.025
    85.890     0.003     0.012     0.022
    85.900     0.005     0.016     0.016
    85.910     0.006     0.019     0.020
    85.920     0.005     0.017     0.023
    85.930     0.004     0.013     0.025
    85.940     0.000     0.011     0.033
    85.950    -0.007     0.007     0.038
    85.960    -0.013    -0.004     0.041
    85.970    -0.016    -0.011     0.041
    85.980    -0.018    -0.013     0.040
    85.990    -0.015    -0.014     0.037
    86.000    -0.005    -0.016     0.035
    86.010     0.000    -0.015     0.029
    86.020     0.005    -0.013     0.013
    86.030     0.012    -0.002     0.006
    86.040     0.020     0.012    -0.003
    86.050     0.024     0.017    -0.023
    86.060     0.026     0.022    -0.033
    86.070     0.028     0.028    -0.040
    86.080     0.031     0.030    -0.049
    86.090     0.032     0.021    -0.051
    86.100     0.032     0.010    -0.045
    86.110     0.031    -0.004    -0.034
    86.120     0.031    -0.017    -0.024
    86.130     0.024    -0.029    -0.021
    86.140     0.014    -0.036    -0.017
    86.150     0.009    -0.036    -0.012
    86.160     0.007    -0.034    -0.003
    86.170     0.007    -0.034     0.009
    86.180     0.003    -0.028     0.013
    86.190     0.000    -0.021     0.014
    86.200    -0.003    -0.018     0.015
    86.210    -0.010    -0.016     0.016
    86.220    -0.010    -0.020     0.013
    86.230    -0.009    -0.021     0.002
    86.240    -0.008    -0.016    -0.002
    86.250    -0.003    -0.015     0.003
    86.260     0.000    -0.012     0.004
    86.270    -0.003    -0.008     0.001
    86.280    -0.005    -0.008    -0.004
    86.290    -0.004    -0.004    -0.005
    86.300    -0.002     0.000     0.005
    86.310    -0.002     0.003     0.012
    86.320    -0.004     0.004     0.017
    86.330    -0.010     0.005     0.023
    86.340    -0.013     0.010     0.025
    86.350    -0.015     0.011     0.022
    86.360    -0.014     0.013     0.020
    86.370    -0.015     0.008     0.021
    86.380    -0.019     0.004     0.020
    86.390    -0.014     0.005     0.017
    86.400    -0.012     0.004     0.003
    86.410    -0.010     0.008    -0.003
    86.420    -0.007     0.006    -0.013
    86.430    -0.005     0.005    -0.032
    86.440     0.005     0.009    -0.048
    86.450     0.014     0.011    -0.061
    86.460     0.022     0.019    -0.061
    86.470     0.026     0.030    -0.060
    86.480     0.026     0.043    -0.048
    86.490     0.024     0.047    -0.036
    86.500     0.021     0.042    -0.027
    86.510     0.019     0.040    -0.009
    86.520     0.011     0.039     0.008
    86.530     0.005     0.039     0.021
    86.540    -0.003     0.042     0.025
    86.550    -0.007     0.038     0.020
    86.560    -0.008     0.030     0.008
    86.570    -0.006     0.017     0.002
    86.580    -0.002     0.004    -0.002
    86.590    -0.002    -0.003    -0.008
    86.600    -0.004    -0.008    -0.009
    86.610    -0.010    -0.011    -0.002
    86.620    -0.010    -0.017     0.005
    86.630    -0.005    -0.019     0.005
    86.640    -0.005    -0.018     0.009
    86.650    -0.004    -0.016     0.013
    86.660    -0.003    -0.015     0.021
    86.670    -0.006    -0.016     0.026
    86.680    -0.014    -0.016     0.026
    86.690    -0.019    -0.016     0.025
    86.700    -0.021    -0.016     0.022
    86.710    -0.024    -0.017     0.023
    86.720    -0.022    -0.011     0.022
    86.730    -0.021    -0.001     0.024
    86.740    -0.022     0.005     0.024
    86.750    -0.025     0.011     0.021
    86.760    -0.024     0.011     0.022
    86.770    -0.015     0.013     0.019
    86.780    -0.006     0.021     0.018
    86.790    -0.002     0.022     0.029
    86.800    -0.005     0.020     0.039
    86.810    -0.009     0.013     0.045
    86.820    -0.013     0.004     0.054
    86.830    -0.019    -0.005     0.057
    86.840    -0.021    -0.008     0.049
    86.850    -0.019    -0.006     0.044
    86.860    -0.015    -0.010     0.038
    86.870    -0.012    -0.012     0.036
    86.880    -0.008    -0.008     0.041
    86.890    -0.008    -0.004     0.040
    86.900    -0.008     0.005     0.046
    86.910    -0.011     0.014     0.049
    86.920    -0.017     0.023     0.052
    86.930    -0.017     0.037     0.057
    86.940    -0.014     0.043     0.050
    86.950    -0.009     0.038     0.040
    86.960    -0.001     0.032     0.025
    86.970     0.012     0.024     0.009
    86.980     0.021     0.012    -0.009
    86.990     0.022     0.003    -0.030
    87.000     0.026    -0.004    -0.041
    87.010     0.026    -0.013    -0.051
    87.020     0.022    -0.019    -0.055
    87.030     0.019    -0.019    -0.063
    87.040     0.015    -0.010    -0.069
    87.050     0.015    -0.001    -0.064
    87.060     0.014     0.003    -0.056
    87.070     0.012     0.013    -0.045
    87.080     0.014     0.012    -0.034
    87.090     0.013     0.007    -0.020
    87.100     0.014     0.000    -0.009
    87.110     0.018    -0.018    -0.003
    87.120     0.023    -0.030     0.001
    87.130     0.025    -0.047    -0.001
    87.140     0.024    -0.059    -0.005
    87.150     0.025    -0.067    -0.006
    87.160     0.026    -0.071    -0.010
    87.170     0.023    -0.065    -0.010
    87.180     0.015    -0.056    -0.006
    87.190     0.005    -0.046    -0.002
    87.200    -0.006    -0.032    -0.002
    87.210    -0.018    -0.017     0.000
    87.220    -0.026    -0.007     0.013
    87.230    -0.031    -0.009     0.017
    87.240    -0.033    -0.014     0.017
    87.250    -0.030    -0.015     0.029
    87.260    -0.026    -0.018     0.033
    87.270    -0.024    -0.016     0.028
    87.280    -0.021    -0.012     0.028
    87.290    -0.017    -0.005     0.039
    87.300    -0.013     0.004     0.052
    87.310    -0.010     0.012     0.055
    87.320    -0.006     0.022     0.064
    87.330    -0.001     0.028     0.069
    87.340     0.003     0.029     0.064
    87.350     0.005     0.030     0.061
    87.360     0.009     0.025     0.051
    87.370     0.013     0.013     0.039
    87.380     0.016     0.001     0.025
    87.390     0.020    -0.005     0.010
    87.400     0.022    -0.008     0.006
    87.410     0.020    -0.003    -0.003
    87.420     0.025     0.009    -0.013
    87.430     0.035     0.022    -0.023
    87.440     0.041     0.034    -0.026
    87.450     0.044     0.045    -0.025
    87.460     0.043     0.053    -0.035
    87.470     0.040     0.057    -0.040
    87.480     0.039     0.057    -0.044
    87.490     0.037     0.050    -0.050
    87.500     0.031     0.040    -0.044
    87.510     0.026     0.032    -0.034
    87.520     0.019     0.027    -0.029
    87.530     0.014     0.022    -0.025
    87.540     0.011     0.019    -0.023
    87.550     0.007     0.016    -0.023
    87.560     0.008     0.014    -0.020
    87.570     0.006     0.013    -0.025
    87.580     0.003     0.012    -0.035
    87.590     0.000     0.006    -0.033
    87.600    -0.001    -0.003    -0.027
    87.610     0.002    -0.003    -0.028
    87.620    -0.004    -0.004    -0.028
    87.630    -0.006    -0.013    -0.028
    87.640    -0.001    -0.019    -0.033
    87.650     0.000    -0.022    -0.031
    87.660    -0.002    -0.022    -0.029
    87.670    -0.005    -0.015    -0.031
    87.680    -0.005    -0.002    -0.028
    87.690    -0.010     0.007    -0.023
    87.700    -0.009     0.011    -0.015
    87.710    -0.009     0.016    -0.017
    87.720    -0.008     0.016    -0.022
    87.730    -0.005     0.007    -0.023
    87.740    -0.005    -0.002    -0.025
    87.750    -0.002    -0.006    -0.026
    87.760     0.002    -0.008    -0.027
    87.770     0.006    -0.009    -0.025
    87.780     0.008    -0.005    -0.021
    87.790     0.008     0.000    -0.009
    87.800     0.011    -0.004    -0.001
    87.810     0.013    -0.006     0.000
    87.820     0.008    -0.004     0.007
    87.830     0.004    -0.007     0.002
    87.840    -0.001    -0.004     0.001
    87.850    -0.004    -0.007     0.001
    87.860    -0.005    -0.014     0.001
    87.870    -0.008    -0.012     0.009
    87.880    -0.013    -0.011     0.008
    87.890    -0.021    -0.005     0.019
    87.900    -0.028    -0.004     0.028
    87.910    -0.032    -0.007     0.034
    87.920    -0.036    -0.007     0.040
    87.930    -0.037    -0.007     0.030
    87.940    -0.038    -0.003     0.019
    87.950    -0.037     0.003     0.010
    87.960    -0.036     0.009     0.002
    87.970    -0.035     0.012     0.006
    87.980    -0.031     0.011     0.011
    87.990    -0.028     0.010     0.016
    88.000    -0.019     0.012     0.020
    88.010    -0.014     0.010     0.018
    88.020    -0.011     0.001     0.016
    88.030    -0.008    -0.006     0.014
    88.040    -0.010    -0.011     0.007
    88.050    -0.004    -0.017     0.005
    88.060     0.006    -0.022    -0.002
    88.070     0.014    -0.021    -0.005
    88.080     0.017    -0.015     0.000
    88.090     0.013    -0.007     0.002
    88.100     0.008     0.003     0.004
    88.110     0.002     0.008     0.001
    88.120     0.003     0.012    -0.005
    88.130     0.009     0.017    -0.015
    88.140     0.012     0.017    -0.024
    88.150     0.013     0.016    -0.032
    88.160     0.012     0.019    -0.044
    88.170     0.013     0.021    -0.043
    88.180     0.015     0.023    -0.035
    88.190     0.017     0.024    -0.032
    88.200     0.022     0.027    -0.019
    88.210     0.025     0.029    -0.007
    88.220     0.021     0.026    -0.003
    88.230     0.017     0.021     0.001
    88.240     0.013     0.014     0.006
    88.250     0.015     0.006     0.004
    88.260     0.024    -0.002    -0.002
    88.270     0.030    -0.002    -0.008
    88.280     0.037    -0.002    -0.010
    88.290     0.036    -0.004    -0.013
    88.300     0.025     0.000    -0.012
    88.310     0.016     0.006    -0.009
    88.320     0.014     0.009    -0.013
    88.330     0.012     0.012    -0.014
    88.340     0.010     0.015    -0.016
    88.350     0.008     0.022    -0.020
    88.360     0.000     0.024    -0.022
    88.370    -0.006     0.023    -0.014
    88.380    -0.011     0.020     0.000
    88.390    -0.014     0.014     0.014
    88.400    -0.019     0.013     0.034
    88.410    -0.027     0.010     0.041
    88.420    -0.030    -0.001     0.045
    88.430    -0.031    -0.013     0.050
    88.440    -0.029    -0.018     0.050
    88.450    -0.027    -0.017     0.060
    88.460    -0.026    -0.022     0.054
    88.470    -0.022    -0.020     0.046
    88.480    -0.018    -0.019     0.051
    88.490    -0.016    -0.020     0.045
    88.500    -0.015    -0.012     0.045
    88.510    -0.014    -0.006     0.043
    88.520    -0.012     0.000     0.040
    88.530    -0.012     0.011     0.038
    88.540    -0.010     0.022     0.033
    88.550    -0.005     0.035     0.033
    88.560    -0.003     0.045     0.019
    88.570    -0.003     0.049     0.011
    88.580    -0.005     0.043     0.017
    88.590    -0.010     0.034     0.020
    88.600    -0.016     0.027     0.022
    88.610    -0.018     0.017     0.014
    88.620    -0.018     0.010     0.003
    88.630    -0.017     0.001    -0.011
    88.640    -0.014    -0.010    -0.018
    88.650    -0.013    -0.026    -0.020
    88.660    -0.010    -0.045    -0.027
    88.670    -0.006    -0.053    -0.028
    88.680     0.001    -0.054    -0.023
    88.690     0.002    -0.051    -0.017
    88.700    -0.002    -0.049    -0.006
    88.710    -0.004    -0.048     0.004
    88.720    -0.004    -0.040     0.006
    88.730     0.001    -0.039     0.004
    88.740     0.010    -0.040     0.000
    88.750     0.016    -0.037    -0.003
    88.760     0.018    -0.036    -0.003
    88.770     0.020    -0.037     0.000
    88.780     0.019    -0.034     0.010
    88.790     0.017    -0.023     0.020
    88.800     0.015    -0.020     0.024
    88.810     0.012    -0.018     0.020
    88.820     0.011    -0.016     0.010
    88.830     0.013    -0.017     0.001
    88.840     0.017    -0.013    -0.003
    88.850     0.016    -0.011    -0.003
    88.860     0.015    -0.004    -0.007
    88.870     0.014    -0.007     0.002
    88.880     0.009    -0.020     0.020
    88.890     0.010    -0.029     0.019
    88.900     0.008    -0.045     0.011
    88.910     0.003    -0.061     0.009
    88.920     0.004    -0.071     0.008
    88.930     0.006    -0.073     0.005
    88.940     0.004    -0.071     0.006
    88.950    -0.002    -0.061     0.007
    88.960    -0.005    -0.046    -0.004
    88.970    -0.005    -0.036    -0.012
    88.980    -0.003    -0.020    -0.019
    88.990     0.003    -0.001    -0.027
    89.000     0.005     0.014    -0.027
    89.010     0.009     0.023    -0.039
    89.020     0.022     0.029    -0.059
    89.030     0.027     0.042    -0.061
    89.040     0.027     0.054    -0.054
    89.050     0.026     0.059    -0.044
    89.060     0.022     0.053    -0.042
    89.070     0.013     0.041    -0.043
    89.080     0.004     0.028    -0.052
    89.090     0.003     0.020    -0.060
    89.100     0.000     0.018    -0.058
    89.110     0.000     0.013    -0.066
    89.120     0.004     0.002    -0.067
    89.130     0.001    -0.007    -0.058
    89.140     0.004    -0.010    -0.035
    89.150    -0.002    -0.014    -0.015
    89.160    -0.010    -0.021    -0.011
    89.170    -0.014    -0.027    -0.005
    89.180    -0.020    -0.033    -0.013
    89.190    -0.020    -0.039    -0.011
    89.200    -0.021    -0.045     0.005
    89.210    -0.021    -0.044     0.022
    89.220    -0.023    -0.035     0.048
    89.230    -0.021    -0.024     0.059
    89.240    -0.018    -0.014     0.052
    89.250    -0.021    -0.008     0.043
    89.260    -0.018     0.005     0.033
    89.270    -0.012     0.027     0.025
    89.280    -0.011     0.040     0.014
    89.290    -0.013     0.042     0.008
    89.300    -0.012     0.040     0.012
    89.310    -0.009     0.037     0.020
    89.320    -0.008     0.036     0.019
    89.330    -0.007     0.031     0.012
    89.340    -0.009     0.016     0.006
    89.350    -0.004    -0.001    -0.003
    89.360     0.005    -0.007    -0.009
    89.370     0.008    -0.001    -0.008
    89.380     0.012     0.015    -0.010
    89.390     0.012     0.025    -0.018
    89.400     0.008     0.020    -0.021
    89.410     0.001     0.011    -0.019
    89.420    -0.007     0.007    -0.013
    89.430    -0.014     0.003    -0.006
    89.440    -0.016    -0.004    -0.002
    89.450    -0.013    -0.002     0.010
    89.460    -0.009     0.002     0.025
    89.470    -0.004     0.012     0.031
    89.480    -0.002     0.026     0.034
    89.490     0.003     0.022     0.027
    89.500     0.013     0.015     0.027
    89.510     0.017     0.009     0.029
    89.520     0.018     0.008     0.034
    89.530     0.017     0.017     0.043
    89.540     0.012     0.027     0.045
    89.550     0.008     0.031     0.045
    89.560     0.005     0.023     0.041
    89.570     0.008     0.012     0.039
    89.580     0.013     0.004     0.035
    89.590     0.016     0.000     0.025
    89.600     0.018    -0.012     0.011
    89.610     0.014    -0.021    -0.012
    89.620     0.012    -0.022    -0.024
    89.630     0.013    -0.025    -0.028
    89.640     0.017    -0.022    -0.028
    89.650     0.019    -0.023    -0.020
    89.660     0.015    -0.027    -0.011
    89.670     0.012    -0.027    -0.007
    89.680     0.010    -0.032    -0.009
    89.690     0.002    -0.030     0.001
    89.700    -0.003    -0.021     0.006
    89.710    -0.004    -0.011     0.004
    89.720    -0.005    -0.003     0.002
    89.730    -0.002    -0.002    -0.002
    89.740     0.003     0.000     0.002
    89.750     0.010    -0.003    -0.002
    89.760     0.022    -0.006    -0.019
    89.770     0.027    -0.001    -0.031
    89.780     0.028     0.008    -0.034
    89.790     0.028     0.016    -0.035
    89.800     0.019     0.021    -0.035
    89.810     0.010     0.022    -0.031
    89.820     0.008     0.020    -0.027
    89.830     0.003     0.015    -0.020
    89.840    -0.004     0.009    -0.013
    89.850    -0.006     0.010    -0.004
    89.860    -0.005     0.012     0.006
    89.870    -0.004     0.013     0.012
    89.880    -0.005     0.010     0.020
    89.890    -0.002     0.006     0.020
    89.900     0.002     0.011     0.024
    89.910     0.002     0.015     0.029
    89.920     0.001     0.022     0.025
    89.930     0.003     0.026     0.019
    89.940     0.006     0.029     0.013
    89.950     0.006     0.037     0.013
    89.960     0.010     0.045     0.012
    89.970     0.011     0.053     0.009
    89.980     0.008     0.059     0.010
    89.990     0.008     0.066     0.009
