#Earthquake Information
#Origin Time(GMT+08): 2026/09/14-06:44:41
#EpicenterLongitude(E): 121.55
#EpicenterLatitude(N): 22.63
#Depth(km): 10.1
#Magnitude(Ml): 4.9

#Station Information
#StationCode: SCL
#StationName: Jiali
#StationLongitude(E): 120.202
#StationLatitude(N): 23.174
#InstrumentKind: FBA
#StartTime(GMT+08): 2026/09/14-06:44:30.000
#RecordLength(sec): 90
#SampleRate(Hz): 100
#AmplitudeUnit:  gal. DCoffset(corr)
#AmplitudeMAX. U:    0.388~   -0.464
#AmplitudeMAX. N:    1.434~   -1.447
#AmplitudeMAX. E:    1.560~   -1.028
#DataSequence: Time U(+); N(+); E(+)
#Data: 4F10.3 
     0.000    -0.008     0.002     0.002
     0.010     0.002     0.004     0.002
     0.020     0.004     0.005     0.000
     0.030     0.001     0.005     0.004
     0.040    -0.001     0.003     0.006
     0.050     0.000     0.005     0.002
     0.060    -0.002     0.006     0.008
     0.070    -0.009     0.003     0.007
     0.080    -0.007     0.002     0.000
     0.090    -0.001     0.002    -0.001
     0.100     0.002     0.007    -0.003
     0.110     0.005     0.002     0.004
     0.120     0.004    -0.003     0.004
     0.130    -0.003    -0.002     0.001
     0.140    -0.007    -0.004    -0.002
     0.150    -0.009     0.001     0.002
     0.160    -0.006     0.003     0.003
     0.170    -0.007     0.007    -0.005
     0.180    -0.009     0.004     0.000
     0.190     0.000     0.005     0.002
     0.200     0.002     0.006     0.001
     0.210     0.007     0.006     0.001
     0.220     0.006     0.004    -0.001
     0.230    -0.003    -0.009    -0.001
     0.240    -0.006     0.003     0.004
     0.250    -0.007     0.005     0.002
     0.260     0.000     0.005     0.000
     0.270     0.006    -0.001     0.007
     0.280     0.008     0.002    -0.001
     0.290     0.006     0.021     0.000
     0.300     0.003    -0.001     0.005
     0.310    -0.008    -0.010     0.004
     0.320    -0.017     0.001     0.005
     0.330    -0.013     0.000     0.007
     0.340    -0.008    -0.003     0.003
     0.350     0.008     0.012    -0.002
     0.360     0.019     0.022     0.007
     0.370     0.013     0.003     0.000
     0.380     0.008     0.007    -0.005
     0.390     0.009     0.006     0.002
     0.400     0.002    -0.009    -0.003
     0.410    -0.013    -0.003    -0.003
     0.420    -0.014     0.006     0.002
     0.430    -0.013     0.006     0.002
     0.440    -0.012     0.002     0.002
     0.450    -0.001     0.003     0.003
     0.460    -0.005     0.006     0.001
     0.470    -0.010    -0.007    -0.001
     0.480    -0.006    -0.002     0.000
     0.490    -0.001     0.008     0.000
     0.500    -0.001     0.000     0.001
     0.510    -0.009    -0.001     0.000
     0.520     0.000    -0.001    -0.005
     0.530     0.008    -0.001    -0.001
     0.540    -0.004    -0.011    -0.003
     0.550    -0.005    -0.013    -0.012
     0.560     0.000    -0.002    -0.012
     0.570     0.000    -0.005    -0.007
     0.580     0.003     0.004    -0.004
     0.590     0.007     0.015    -0.001
     0.600     0.011     0.005     0.002
     0.610     0.009     0.004    -0.003
     0.620     0.001     0.001    -0.003
     0.630    -0.001    -0.004    -0.003
     0.640     0.000     0.001    -0.003
     0.650     0.002     0.001     0.005
     0.660     0.001     0.008     0.002
     0.670    -0.002     0.011     0.001
     0.680     0.000     0.002     0.003
     0.690    -0.002     0.002     0.002
     0.700    -0.008    -0.006     0.004
     0.710    -0.005    -0.001    -0.002
     0.720     0.000     0.017    -0.001
     0.730     0.005     0.008     0.006
     0.740     0.004     0.005     0.004
     0.750     0.002     0.003    -0.001
     0.760     0.005    -0.001    -0.001
     0.770     0.003     0.005     0.001
     0.780     0.003    -0.007    -0.004
     0.790     0.002     0.004    -0.005
     0.800    -0.001    -0.005     0.002
     0.810    -0.004    -0.020     0.003
     0.820    -0.003    -0.008     0.000
     0.830     0.001    -0.012    -0.001
     0.840    -0.001    -0.009     0.000
     0.850     0.002    -0.005    -0.004
     0.860     0.006     0.010    -0.001
     0.870     0.002     0.012     0.004
     0.880     0.001    -0.004    -0.004
     0.890     0.003    -0.001    -0.001
     0.900     0.005     0.000    -0.001
     0.910     0.002     0.004    -0.010
     0.920     0.010     0.005    -0.007
     0.930     0.010     0.007    -0.004
     0.940     0.000     0.014    -0.003
     0.950    -0.003     0.002     0.003
     0.960    -0.011    -0.007     0.004
     0.970    -0.014    -0.001     0.005
     0.980    -0.007     0.002     0.001
     0.990     0.003    -0.006    -0.001
     1.000     0.004    -0.010     0.000
     1.010     0.003     0.001    -0.005
     1.020     0.009    -0.006    -0.005
     1.030     0.006    -0.014     0.001
     1.040    -0.007    -0.008     0.004
     1.050    -0.016    -0.001     0.000
     1.060    -0.007    -0.008    -0.004
     1.070    -0.001    -0.011    -0.009
     1.080     0.005     0.013    -0.017
     1.090     0.017     0.002    -0.004
     1.100     0.018    -0.005    -0.001
     1.110     0.013     0.012    -0.009
     1.120     0.011     0.005    -0.003
     1.130     0.005    -0.002    -0.002
     1.140     0.000    -0.006     0.004
     1.150    -0.005     0.003     0.003
     1.160    -0.005     0.004    -0.001
     1.170    -0.002    -0.005     0.004
     1.180     0.003     0.007     0.003
     1.190     0.008     0.007     0.003
     1.200     0.003     0.001     0.002
     1.210     0.006    -0.003     0.005
     1.220     0.000     0.001     0.008
     1.230    -0.007     0.006     0.004
     1.240     0.000     0.006     0.003
     1.250    -0.003    -0.003     0.004
     1.260    -0.001    -0.008     0.003
     1.270     0.003    -0.003    -0.002
     1.280     0.002    -0.008    -0.005
     1.290    -0.001    -0.011     0.000
     1.300    -0.005    -0.005     0.000
     1.310    -0.002    -0.009    -0.007
     1.320    -0.001    -0.008    -0.006
     1.330     0.002    -0.003    -0.008
     1.340     0.008    -0.005    -0.013
     1.350     0.008    -0.007    -0.012
     1.360     0.013    -0.007    -0.012
     1.370     0.009     0.002    -0.013
     1.380     0.004     0.003    -0.011
     1.390     0.004     0.000    -0.010
     1.400    -0.005     0.011    -0.011
     1.410    -0.006     0.010    -0.009
     1.420     0.002     0.002    -0.009
     1.430     0.002     0.002    -0.004
     1.440     0.000     0.015     0.005
     1.450    -0.006     0.012     0.003
     1.460    -0.014    -0.003     0.001
     1.470    -0.013    -0.004     0.003
     1.480    -0.015     0.000     0.006
     1.490    -0.011    -0.001     0.006
     1.500     0.000    -0.001     0.007
     1.510     0.003     0.008     0.006
     1.520     0.002     0.013     0.007
     1.530     0.002     0.000     0.010
     1.540     0.003    -0.004     0.007
     1.550     0.003     0.007     0.006
     1.560     0.011     0.002     0.007
     1.570     0.010    -0.003     0.004
     1.580     0.008    -0.003     0.003
     1.590     0.013    -0.007     0.000
     1.600     0.012    -0.009     0.000
     1.610     0.009    -0.014     0.002
     1.620     0.002    -0.010    -0.003
     1.630     0.007    -0.014    -0.004
     1.640     0.003    -0.011    -0.006
     1.650    -0.001    -0.002    -0.009
     1.660     0.002    -0.001    -0.007
     1.670    -0.003     0.003    -0.004
     1.680    -0.005     0.000    -0.007
     1.690    -0.012     0.003    -0.011
     1.700    -0.007    -0.002    -0.009
     1.710    -0.011     0.000    -0.012
     1.720    -0.021     0.012    -0.007
     1.730    -0.011    -0.005     0.003
     1.740    -0.010    -0.006    -0.007
     1.750    -0.003     0.008    -0.015
     1.760     0.006     0.008    -0.005
     1.770    -0.003    -0.008     0.004
     1.780    -0.022    -0.017    -0.004
     1.790    -0.035    -0.008     0.000
     1.800    -0.027    -0.016     0.002
     1.810    -0.013    -0.001    -0.012
     1.820     0.010     0.017    -0.003
     1.830     0.028    -0.003     0.001
     1.840     0.029    -0.004    -0.001
     1.850     0.029     0.005     0.002
     1.860     0.018     0.005    -0.002
     1.870     0.005     0.000     0.005
     1.880    -0.005     0.005     0.007
     1.890    -0.007     0.009     0.002
     1.900    -0.001     0.001     0.002
     1.910     0.007     0.000     0.002
     1.920     0.011    -0.002     0.000
     1.930     0.009    -0.003    -0.008
     1.940     0.005    -0.002    -0.001
     1.950     0.000    -0.008     0.003
     1.960    -0.003    -0.004    -0.004
     1.970    -0.008    -0.002     0.000
     1.980    -0.009    -0.002    -0.004
     1.990    -0.013    -0.002     0.003
     2.000    -0.020    -0.010     0.006
     2.010    -0.020    -0.007    -0.002
     2.020    -0.015    -0.001    -0.005
     2.030    -0.015     0.000    -0.005
     2.040    -0.011     0.001     0.001
     2.050    -0.004     0.004     0.000
     2.060    -0.005     0.004     0.002
     2.070    -0.005    -0.001    -0.001
     2.080    -0.008    -0.001    -0.003
     2.090    -0.006    -0.003    -0.004
     2.100    -0.005    -0.002    -0.008
     2.110    -0.004    -0.009    -0.001
     2.120     0.001    -0.003    -0.001
     2.130     0.002     0.004    -0.002
     2.140     0.010     0.007    -0.003
     2.150     0.011     0.013    -0.003
     2.160     0.002     0.003     0.003
     2.170    -0.001     0.012    -0.001
     2.180     0.000     0.005     0.000
     2.190     0.006    -0.003     0.002
     2.200     0.008    -0.002    -0.004
     2.210     0.010    -0.010    -0.003
     2.220     0.011    -0.003     0.002
     2.230     0.006    -0.010     0.004
     2.240     0.003    -0.009     0.001
     2.250     0.006    -0.003    -0.001
     2.260     0.007    -0.014     0.002
     2.270     0.002    -0.009     0.003
     2.280    -0.003    -0.008     0.001
     2.290    -0.006    -0.006     0.000
     2.300    -0.013    -0.002     0.000
     2.310    -0.013    -0.004     0.005
     2.320    -0.009     0.004     0.002
     2.330    -0.010    -0.002    -0.004
     2.340    -0.005     0.008    -0.001
     2.350    -0.005     0.008     0.005
     2.360    -0.012    -0.008     0.001
     2.370    -0.017     0.004     0.001
     2.380    -0.016     0.007     0.006
     2.390    -0.013     0.007     0.000
     2.400    -0.004     0.002     0.000
     2.410     0.008     0.005     0.004
     2.420     0.010     0.015     0.001
     2.430     0.007     0.007     0.000
     2.440    -0.002     0.002     0.001
     2.450    -0.014    -0.001     0.002
     2.460    -0.017    -0.002     0.003
     2.470    -0.012    -0.008     0.001
     2.480     0.004     0.000     0.000
     2.490     0.021     0.011     0.006
     2.500     0.021     0.004     0.004
     2.510     0.019     0.000     0.002
     2.520     0.020    -0.001     0.002
     2.530     0.014    -0.010     0.003
     2.540     0.005    -0.014     0.003
     2.550     0.002    -0.009     0.003
     2.560    -0.005    -0.008     0.000
     2.570    -0.012    -0.011    -0.002
     2.580    -0.009    -0.002    -0.004
     2.590    -0.012     0.002    -0.005
     2.600    -0.004     0.006    -0.003
     2.610     0.001     0.015     0.001
     2.620    -0.003     0.005     0.002
     2.630    -0.003    -0.001    -0.002
     2.640    -0.005    -0.002    -0.001
     2.650    -0.007    -0.003    -0.004
     2.660    -0.008     0.003    -0.003
     2.670    -0.003    -0.001    -0.001
     2.680     0.003     0.002    -0.005
     2.690     0.001     0.002    -0.003
     2.700     0.000     0.000    -0.002
     2.710     0.000     0.002     0.002
     2.720    -0.001    -0.004     0.009
     2.730    -0.005    -0.004     0.009
     2.740    -0.003    -0.006     0.002
     2.750     0.004    -0.012    -0.001
     2.760     0.005    -0.010     0.003
     2.770     0.001    -0.007     0.005
     2.780    -0.004    -0.004     0.001
     2.790    -0.002    -0.005     0.002
     2.800     0.004     0.002     0.003
     2.810     0.002     0.011     0.009
     2.820     0.005     0.012     0.013
     2.830     0.002     0.007     0.011
     2.840    -0.002     0.000     0.008
     2.850    -0.005     0.005    -0.003
     2.860    -0.008     0.000    -0.002
     2.870    -0.005    -0.004     0.005
     2.880    -0.001     0.002     0.003
     2.890     0.004     0.000     0.003
     2.900     0.009     0.001     0.005
     2.910     0.013     0.001     0.003
     2.920     0.014     0.007     0.005
     2.930     0.013     0.009    -0.002
     2.940     0.012    -0.004    -0.008
     2.950     0.006    -0.005    -0.003
     2.960    -0.003     0.002    -0.005
     2.970    -0.006    -0.001    -0.006
     2.980     0.003    -0.003    -0.002
     2.990     0.009     0.013     0.004
     3.000     0.008     0.013     0.006
     3.010     0.004     0.004     0.004
     3.020     0.000    -0.001     0.004
     3.030    -0.011    -0.006     0.001
     3.040    -0.020    -0.004     0.004
     3.050    -0.011    -0.006     0.010
     3.060    -0.001    -0.006     0.005
     3.070    -0.003    -0.007     0.008
     3.080     0.002    -0.007     0.011
     3.090     0.001    -0.004     0.006
     3.100    -0.008    -0.006     0.003
     3.110    -0.010    -0.001     0.000
     3.120    -0.008    -0.003     0.000
     3.130    -0.003    -0.001     0.002
     3.140     0.005    -0.001     0.004
     3.150     0.005    -0.007    -0.001
     3.160     0.002     0.006    -0.007
     3.170     0.004     0.010    -0.005
     3.180    -0.001     0.007     0.006
     3.190    -0.009     0.002     0.009
     3.200    -0.017     0.000     0.006
     3.210    -0.015    -0.003     0.005
     3.220    -0.007    -0.001    -0.008
     3.230     0.009     0.010    -0.007
     3.240     0.027     0.011    -0.007
     3.250     0.026     0.011    -0.008
     3.260     0.033     0.008     0.000
     3.270     0.031     0.019     0.001
     3.280     0.005     0.009     0.004
     3.290    -0.019    -0.003    -0.001
     3.300    -0.032    -0.006    -0.001
     3.310    -0.028    -0.019    -0.001
     3.320    -0.020    -0.008     0.001
     3.330    -0.005    -0.007     0.005
     3.340     0.002    -0.008     0.003
     3.350     0.003    -0.007     0.008
     3.360     0.010    -0.004     0.004
     3.370     0.008     0.009    -0.004
     3.380     0.003     0.003    -0.002
     3.390     0.000     0.004    -0.001
     3.400     0.000     0.013    -0.010
     3.410     0.003     0.005    -0.014
     3.420     0.002    -0.003    -0.010
     3.430     0.002     0.004    -0.006
     3.440    -0.003     0.004     0.001
     3.450    -0.008     0.000     0.004
     3.460     0.002    -0.001     0.009
     3.470     0.006     0.004     0.008
     3.480     0.001     0.008     0.005
     3.490    -0.001    -0.015     0.000
     3.500    -0.005    -0.017    -0.004
     3.510    -0.001    -0.009     0.002
     3.520     0.000    -0.014    -0.002
     3.530     0.001    -0.013    -0.004
     3.540     0.004    -0.004    -0.001
     3.550     0.002     0.011    -0.005
     3.560     0.005     0.004    -0.004
     3.570     0.001     0.005    -0.005
     3.580    -0.001     0.007    -0.003
     3.590    -0.004    -0.004     0.001
     3.600    -0.011    -0.014     0.005
     3.610    -0.006    -0.007     0.002
     3.620    -0.004     0.004    -0.002
     3.630     0.003    -0.007     0.001
     3.640     0.015     0.003     0.000
     3.650     0.016     0.012    -0.003
     3.660     0.010     0.016    -0.007
     3.670    -0.003     0.008    -0.008
     3.680    -0.013     0.007    -0.009
     3.690    -0.018     0.009     0.000
     3.700    -0.018    -0.001     0.007
     3.710    -0.007     0.011     0.005
     3.720     0.007     0.010     0.009
     3.730     0.011     0.008     0.005
     3.740     0.003     0.004     0.005
     3.750    -0.004     0.000     0.005
     3.760    -0.008     0.005    -0.001
     3.770    -0.010    -0.007    -0.003
     3.780    -0.013    -0.001    -0.006
     3.790    -0.015     0.000    -0.005
     3.800    -0.008    -0.011    -0.008
     3.810     0.002    -0.011    -0.012
     3.820     0.011    -0.010    -0.008
     3.830     0.018     0.002    -0.010
     3.840     0.020     0.007    -0.010
     3.850     0.016     0.006    -0.007
     3.860     0.010     0.009    -0.006
     3.870     0.007     0.006    -0.005
     3.880     0.008    -0.002    -0.005
     3.890     0.004    -0.012    -0.001
     3.900     0.000    -0.005    -0.003
     3.910     0.000    -0.001    -0.005
     3.920    -0.001    -0.001    -0.003
     3.930    -0.009     0.010    -0.002
     3.940    -0.015     0.010    -0.003
     3.950    -0.014     0.003    -0.004
     3.960    -0.009    -0.001    -0.001
     3.970    -0.006     0.001    -0.001
     3.980     0.000     0.001     0.000
     3.990    -0.001    -0.004     0.000
     4.000    -0.009     0.004     0.002
     4.010    -0.007     0.013     0.003
     4.020    -0.001     0.000     0.000
     4.030    -0.002    -0.001     0.001
     4.040    -0.003     0.008     0.001
     4.050    -0.001     0.005    -0.001
     4.060    -0.004     0.004    -0.003
     4.070    -0.003    -0.001    -0.005
     4.080    -0.001     0.001    -0.001
     4.090    -0.001    -0.004     0.003
     4.100     0.001     0.004    -0.002
     4.110     0.004     0.009    -0.003
     4.120     0.007     0.004    -0.001
     4.130     0.002     0.004    -0.001
     4.140     0.003    -0.009    -0.001
     4.150     0.008    -0.002     0.000
     4.160     0.006     0.000    -0.001
     4.170     0.004    -0.001    -0.005
     4.180     0.002     0.002    -0.004
     4.190     0.001    -0.005    -0.004
     4.200     0.000     0.001    -0.002
     4.210    -0.003    -0.001     0.005
     4.220    -0.005     0.006    -0.001
     4.230     0.003     0.013    -0.009
     4.240     0.012     0.005    -0.007
     4.250     0.011     0.001    -0.004
     4.260     0.000     0.002    -0.004
     4.270    -0.004    -0.001     0.000
     4.280    -0.003    -0.007     0.005
     4.290    -0.004    -0.004     0.006
     4.300     0.004    -0.002     0.001
     4.310     0.013     0.002     0.001
     4.320     0.014    -0.005     0.006
     4.330     0.008    -0.004     0.007
     4.340     0.001     0.004    -0.001
     4.350     0.000    -0.004    -0.010
     4.360     0.006     0.007    -0.003
     4.370     0.009     0.016     0.003
     4.380     0.001     0.015    -0.003
     4.390    -0.003     0.003    -0.004
     4.400    -0.010    -0.003     0.002
     4.410    -0.021     0.007     0.007
     4.420    -0.019    -0.003     0.006
     4.430    -0.016    -0.005     0.003
     4.440    -0.011    -0.004    -0.002
     4.450    -0.003    -0.006    -0.004
     4.460     0.002    -0.006    -0.003
     4.470     0.001    -0.004    -0.005
     4.480     0.003     0.000    -0.006
     4.490     0.007     0.000    -0.002
     4.500     0.009    -0.004     0.009
     4.510     0.004    -0.006     0.002
     4.520    -0.003    -0.002    -0.005
     4.530     0.001     0.000    -0.006
     4.540     0.005     0.009     0.002
     4.550     0.007     0.001     0.010
     4.560     0.008     0.000    -0.004
     4.570     0.015     0.003     0.001
     4.580     0.014    -0.008     0.002
     4.590     0.002     0.002    -0.003
     4.600     0.003    -0.007     0.006
     4.610     0.004    -0.009     0.006
     4.620     0.007     0.001     0.003
     4.630     0.002    -0.001    -0.005
     4.640    -0.006    -0.001    -0.004
     4.650    -0.012    -0.007    -0.001
     4.660    -0.011     0.006    -0.002
     4.670     0.000     0.005     0.002
     4.680     0.003    -0.002    -0.001
     4.690     0.011     0.012    -0.002
     4.700     0.014     0.003    -0.002
     4.710     0.006     0.004    -0.004
     4.720     0.001     0.005     0.002
     4.730    -0.004    -0.003    -0.001
     4.740    -0.008    -0.001    -0.003
     4.750    -0.003    -0.009    -0.003
     4.760     0.005    -0.002    -0.004
     4.770     0.008     0.004     0.001
     4.780     0.001    -0.002    -0.004
     4.790    -0.002    -0.003    -0.003
     4.800    -0.008    -0.014     0.005
     4.810    -0.015    -0.018     0.008
     4.820    -0.001    -0.011     0.005
     4.830     0.011    -0.007     0.000
     4.840     0.011    -0.005     0.002
     4.850     0.004    -0.004     0.000
     4.860    -0.005     0.002     0.000
     4.870     0.001     0.007     0.002
     4.880     0.005     0.012    -0.002
     4.890     0.011     0.017    -0.002
     4.900     0.019     0.011     0.000
     4.910     0.016     0.006    -0.001
     4.920     0.007     0.010    -0.001
     4.930     0.003     0.002     0.006
     4.940     0.003    -0.003     0.007
     4.950     0.002     0.002     0.008
     4.960     0.000     0.005     0.005
     4.970    -0.001     0.006     0.005
     4.980    -0.003    -0.001     0.008
     4.990    -0.008     0.011     0.000
     5.000    -0.002     0.012     0.004
     5.010    -0.001    -0.003     0.006
     5.020    -0.011    -0.001     0.006
     5.030    -0.004    -0.008     0.001
     5.040     0.000    -0.006    -0.005
     5.050    -0.005    -0.009    -0.001
     5.060    -0.007    -0.005    -0.006
     5.070     0.004     0.000     0.001
     5.080     0.015    -0.011     0.003
     5.090     0.006    -0.003     0.000
     5.100     0.000    -0.008    -0.003
     5.110    -0.010    -0.010    -0.003
     5.120    -0.016    -0.009     0.002
     5.130    -0.017    -0.002    -0.006
     5.140    -0.020     0.008    -0.001
     5.150    -0.005    -0.002    -0.001
     5.160     0.009     0.008     0.000
     5.170     0.016     0.008     0.003
     5.180     0.022    -0.001    -0.001
     5.190     0.016    -0.005     0.002
     5.200     0.010    -0.010    -0.004
     5.210     0.010    -0.004    -0.004
     5.220     0.006    -0.013     0.003
     5.230     0.000    -0.008     0.002
     5.240    -0.004     0.000     0.004
     5.250    -0.008    -0.007     0.000
     5.260    -0.010    -0.002     0.001
     5.270    -0.012     0.009     0.004
     5.280    -0.003     0.007    -0.001
     5.290     0.005     0.008    -0.005
     5.300     0.008     0.009    -0.002
     5.310     0.007     0.006     0.001
     5.320    -0.004     0.005     0.000
     5.330    -0.005    -0.001     0.001
     5.340     0.000     0.007     0.005
     5.350     0.000     0.006     0.007
     5.360    -0.004    -0.002     0.008
     5.370    -0.017     0.010     0.006
     5.380    -0.020    -0.001     0.005
     5.390    -0.020    -0.004     0.013
     5.400    -0.014    -0.005     0.013
     5.410     0.000    -0.008     0.006
     5.420     0.009    -0.002     0.010
     5.430     0.013    -0.004     0.004
     5.440     0.010     0.004    -0.002
     5.450     0.008    -0.005    -0.001
     5.460     0.009    -0.010    -0.001
     5.470     0.010    -0.007    -0.002
     5.480     0.008    -0.014    -0.007
     5.490     0.007    -0.011    -0.007
     5.500     0.007    -0.008    -0.004
     5.510     0.001    -0.006    -0.007
     5.520    -0.004    -0.013    -0.002
     5.530    -0.001    -0.014     0.002
     5.540     0.005    -0.007    -0.003
     5.550     0.003    -0.005    -0.002
     5.560    -0.004    -0.011    -0.007
     5.570    -0.010    -0.006    -0.010
     5.580    -0.008    -0.005    -0.008
     5.590    -0.010    -0.008    -0.011
     5.600    -0.010     0.000    -0.008
     5.610     0.003     0.005    -0.007
     5.620     0.011     0.014    -0.005
     5.630     0.012     0.006    -0.001
     5.640     0.001     0.008     0.001
     5.650    -0.013     0.006     0.008
     5.660    -0.012    -0.005     0.006
     5.670    -0.009     0.010     0.007
     5.680     0.004     0.013     0.009
     5.690     0.007     0.004     0.008
     5.700    -0.001    -0.009     0.008
     5.710    -0.009    -0.002     0.001
     5.720    -0.012     0.011     0.005
     5.730    -0.001     0.005     0.005
     5.740     0.013     0.011     0.003
     5.750     0.027     0.012     0.003
     5.760     0.025     0.003     0.004
     5.770     0.007    -0.010     0.010
     5.780    -0.004    -0.006     0.007
     5.790    -0.004    -0.005     0.004
     5.800     0.000    -0.015     0.000
     5.810    -0.001    -0.009    -0.001
     5.820    -0.005    -0.008     0.000
     5.830    -0.003    -0.013    -0.005
     5.840     0.000    -0.018    -0.007
     5.850    -0.002    -0.020    -0.012
     5.860     0.001    -0.008    -0.008
     5.870     0.004    -0.005    -0.006
     5.880     0.003    -0.002    -0.010
     5.890    -0.001     0.006    -0.009
     5.900    -0.012    -0.001    -0.008
     5.910    -0.014    -0.001    -0.006
     5.920    -0.006     0.001    -0.004
     5.930    -0.002     0.002     0.001
     5.940     0.000     0.012     0.001
     5.950     0.006     0.011     0.001
     5.960     0.013     0.009     0.002
     5.970     0.012     0.010     0.004
     5.980     0.002     0.005    -0.001
     5.990    -0.001     0.000    -0.001
     6.000     0.002    -0.008     0.000
     6.010    -0.003    -0.004    -0.008
     6.020     0.001    -0.004    -0.006
     6.030     0.005    -0.007    -0.002
     6.040    -0.001     0.000     0.001
     6.050    -0.007    -0.003    -0.001
     6.060    -0.003    -0.004    -0.010
     6.070     0.007    -0.002    -0.005
     6.080     0.001     0.020    -0.005
     6.090     0.001     0.021    -0.003
     6.100     0.003    -0.004     0.005
     6.110    -0.004    -0.003     0.003
     6.120    -0.005    -0.005    -0.003
     6.130    -0.001    -0.007    -0.004
     6.140    -0.003    -0.014     0.001
     6.150    -0.016    -0.003     0.002
     6.160    -0.015     0.012     0.002
     6.170    -0.007     0.008     0.006
     6.180    -0.013     0.002     0.003
     6.190    -0.013     0.000    -0.001
     6.200     0.001     0.006    -0.001
     6.210     0.011    -0.009    -0.006
     6.220     0.001    -0.001    -0.004
     6.230    -0.011     0.005     0.003
     6.240    -0.014    -0.007    -0.003
     6.250    -0.009    -0.007    -0.004
     6.260     0.003    -0.006    -0.008
     6.270     0.015     0.006    -0.004
     6.280     0.027     0.003    -0.002
     6.290     0.023     0.006    -0.007
     6.300     0.011    -0.003     0.001
     6.310    -0.001    -0.008    -0.006
     6.320    -0.013     0.004    -0.001
     6.330    -0.014     0.005    -0.003
     6.340    -0.017     0.009    -0.009
     6.350    -0.008    -0.006     0.000
     6.360    -0.006     0.004    -0.002
     6.370    -0.012     0.004     0.003
     6.380    -0.002     0.007     0.001
     6.390     0.003     0.013    -0.005
     6.400     0.009    -0.006     0.000
     6.410     0.004     0.009     0.002
     6.420     0.000     0.001     0.002
     6.430    -0.001     0.003     0.002
     6.440    -0.003     0.017    -0.001
     6.450     0.004     0.007    -0.007
     6.460     0.006     0.003    -0.001
     6.470     0.012    -0.003     0.002
     6.480     0.005     0.005     0.003
     6.490    -0.004     0.002     0.006
     6.500    -0.012    -0.010     0.000
     6.510    -0.013    -0.005    -0.001
     6.520    -0.001     0.001     0.003
     6.530     0.004    -0.004     0.002
     6.540     0.012    -0.005    -0.003
     6.550     0.006    -0.007    -0.001
     6.560    -0.008    -0.012    -0.005
     6.570    -0.019    -0.014    -0.008
     6.580    -0.021    -0.015    -0.002
     6.590    -0.014     0.008    -0.001
     6.600    -0.005     0.008     0.001
     6.610     0.005     0.005     0.000
     6.620    -0.007     0.017     0.000
     6.630    -0.007     0.003     0.002
     6.640     0.000    -0.002     0.002
     6.650    -0.005    -0.007     0.006
     6.660    -0.007     0.012     0.002
     6.670    -0.009     0.026    -0.002
     6.680     0.005     0.007     0.007
     6.690     0.002     0.013     0.008
     6.700    -0.003     0.010     0.000
     6.710     0.007     0.005     0.002
     6.720     0.009     0.001     0.004
     6.730     0.010     0.007     0.005
     6.740     0.010     0.015     0.002
     6.750     0.014     0.000    -0.001
     6.760     0.005    -0.005     0.002
     6.770    -0.005    -0.003    -0.004
     6.780     0.003     0.001    -0.003
     6.790     0.007    -0.006     0.002
     6.800     0.001    -0.003     0.004
     6.810     0.004    -0.010     0.006
     6.820     0.004    -0.013     0.002
     6.830     0.004    -0.010     0.001
     6.840    -0.002    -0.016    -0.007
     6.850    -0.004    -0.006    -0.008
     6.860    -0.002    -0.001    -0.002
     6.870    -0.009     0.015     0.004
     6.880    -0.003     0.003     0.013
     6.890    -0.011     0.000     0.008
     6.900    -0.012     0.007     0.010
     6.910    -0.009     0.004     0.007
     6.920    -0.010     0.012     0.002
     6.930     0.002     0.010     0.004
     6.940    -0.001     0.018     0.002
     6.950    -0.001     0.006    -0.001
     6.960    -0.003     0.012    -0.002
     6.970    -0.004     0.017     0.006
     6.980    -0.001     0.004     0.006
     6.990     0.002     0.010     0.000
     7.000     0.013    -0.002     0.000
     7.010     0.011    -0.003     0.003
     7.020    -0.001    -0.003     0.005
     7.030    -0.004    -0.006     0.000
     7.040     0.005    -0.005     0.002
     7.050     0.010    -0.005     0.003
     7.060     0.012     0.002    -0.005
     7.070     0.012    -0.003    -0.003
     7.080     0.009    -0.005     0.003
     7.090     0.012    -0.007     0.002
     7.100     0.003    -0.009     0.000
     7.110    -0.005    -0.008    -0.002
     7.120    -0.007    -0.014     0.005
     7.130    -0.006    -0.001     0.006
     7.140    -0.002     0.007     0.006
     7.150    -0.003    -0.006     0.000
     7.160     0.000    -0.002    -0.003
     7.170    -0.003     0.011     0.003
     7.180    -0.001     0.003    -0.002
     7.190     0.006     0.002     0.000
     7.200     0.006     0.011     0.005
     7.210     0.015     0.016     0.005
     7.220     0.013     0.005     0.004
     7.230     0.008    -0.006     0.005
     7.240     0.002     0.007     0.005
     7.250    -0.001     0.005     0.000
     7.260     0.006    -0.001     0.002
     7.270     0.000     0.007     0.008
     7.280    -0.004     0.008     0.003
     7.290    -0.003    -0.004     0.001
     7.300    -0.012    -0.009     0.001
     7.310    -0.026     0.006    -0.001
     7.320    -0.025     0.001     0.002
     7.330    -0.020    -0.016     0.005
     7.340    -0.021    -0.004     0.003
     7.350    -0.012     0.003     0.005
     7.360    -0.001    -0.004     0.003
     7.370     0.014    -0.008    -0.001
     7.380     0.021    -0.003    -0.005
     7.390     0.017     0.002    -0.008
     7.400     0.014    -0.008    -0.006
     7.410     0.009    -0.007    -0.001
     7.420     0.008    -0.005     0.004
     7.430     0.006    -0.009     0.005
     7.440     0.003    -0.007     0.004
     7.450     0.006    -0.001     0.004
     7.460     0.010     0.001     0.006
     7.470     0.010    -0.003     0.004
     7.480     0.008    -0.007     0.003
     7.490     0.004    -0.007     0.009
     7.500    -0.002     0.004     0.006
     7.510    -0.001     0.001     0.001
     7.520     0.001     0.003     0.000
     7.530     0.004     0.007    -0.004
     7.540     0.001     0.005    -0.005
     7.550    -0.004     0.001    -0.001
     7.560    -0.008    -0.002     0.004
     7.570    -0.012     0.011     0.004
     7.580    -0.002     0.015     0.005
     7.590     0.002     0.010     0.010
     7.600    -0.003     0.015     0.006
     7.610    -0.002     0.015    -0.002
     7.620    -0.006     0.005    -0.001
     7.630    -0.007    -0.007    -0.002
     7.640    -0.006     0.003    -0.004
     7.650     0.000     0.005    -0.004
     7.660     0.007    -0.006    -0.001
     7.670     0.005    -0.002     0.003
     7.680     0.003    -0.002    -0.001
     7.690     0.000    -0.005    -0.003
     7.700     0.000    -0.014    -0.002
     7.710     0.002    -0.006     0.005
     7.720    -0.001    -0.005     0.005
     7.730    -0.003    -0.020    -0.003
     7.740    -0.001    -0.019    -0.004
     7.750    -0.003    -0.011    -0.007
     7.760    -0.007    -0.004    -0.001
     7.770    -0.005    -0.003    -0.004
     7.780    -0.002     0.012    -0.008
     7.790     0.005     0.004     0.002
     7.800     0.000    -0.006    -0.003
     7.810    -0.006    -0.002    -0.003
     7.820     0.002     0.000     0.002
     7.830     0.002     0.013     0.000
     7.840    -0.007     0.000     0.001
     7.850    -0.016     0.010    -0.001
     7.860    -0.013     0.015     0.000
     7.870    -0.003     0.000    -0.003
     7.880    -0.001     0.007    -0.007
     7.890     0.004     0.009    -0.005
     7.900     0.015     0.005    -0.003
     7.910     0.022    -0.004    -0.007
     7.920     0.017    -0.001    -0.005
     7.930     0.006     0.000     0.005
     7.940     0.001    -0.006     0.002
     7.950     0.005    -0.005     0.003
     7.960     0.012    -0.003     0.007
     7.970     0.003     0.001     0.000
     7.980    -0.005    -0.005    -0.001
     7.990     0.002    -0.013    -0.004
     8.000     0.004    -0.006    -0.006
     8.010    -0.001    -0.003    -0.004
     8.020     0.001    -0.008    -0.002
     8.030     0.001    -0.012     0.004
     8.040    -0.004    -0.006    -0.002
     8.050    -0.004    -0.005    -0.010
     8.060    -0.007    -0.007    -0.010
     8.070    -0.006     0.002    -0.004
     8.080    -0.004     0.007     0.000
     8.090    -0.004     0.008    -0.004
     8.100    -0.001     0.012    -0.010
     8.110    -0.001     0.010    -0.012
     8.120    -0.006     0.003    -0.009
     8.130    -0.012     0.008    -0.008
     8.140    -0.014     0.008     0.000
     8.150    -0.013     0.005     0.003
     8.160     0.005     0.005     0.003
     8.170     0.019     0.009     0.001
     8.180     0.011     0.014    -0.005
     8.190     0.007     0.001    -0.005
     8.200    -0.004     0.001    -0.004
     8.210    -0.003     0.007    -0.003
     8.220     0.005     0.011    -0.005
     8.230     0.010     0.008    -0.005
     8.240     0.018     0.004     0.000
     8.250     0.015     0.008     0.002
     8.260     0.010     0.000    -0.004
     8.270     0.005    -0.008    -0.002
     8.280    -0.005    -0.006     0.004
     8.290    -0.008     0.010     0.001
     8.300    -0.003     0.010     0.003
     8.310     0.000     0.000    -0.003
     8.320    -0.002    -0.002    -0.003
     8.330    -0.006    -0.012     0.001
     8.340    -0.010    -0.016     0.002
     8.350    -0.010    -0.013     0.002
     8.360    -0.009    -0.006    -0.005
     8.370    -0.001    -0.006    -0.003
     8.380     0.009    -0.001    -0.001
     8.390     0.016     0.003    -0.007
     8.400     0.015     0.003    -0.007
     8.410     0.016     0.005     0.000
     8.420     0.022     0.000    -0.004
     8.430     0.018     0.011    -0.010
     8.440     0.021     0.008    -0.006
     8.450     0.012     0.003    -0.003
     8.460    -0.003     0.011    -0.004
     8.470    -0.001     0.007    -0.002
     8.480    -0.002     0.001     0.000
     8.490    -0.004    -0.006    -0.005
     8.500    -0.004     0.011    -0.004
     8.510    -0.004     0.016    -0.003
     8.520    -0.003     0.000     0.000
     8.530     0.000     0.005     0.002
     8.540     0.004     0.014    -0.003
     8.550     0.000     0.009     0.000
     8.560    -0.003    -0.010    -0.004
     8.570    -0.006    -0.020    -0.004
     8.580    -0.010    -0.008    -0.002
     8.590    -0.008    -0.008    -0.006
     8.600     0.001    -0.013     0.001
     8.610     0.004     0.006    -0.002
     8.620     0.005     0.004     0.000
     8.630     0.005    -0.011     0.003
     8.640    -0.001    -0.006     0.000
     8.650    -0.003     0.004     0.007
     8.660    -0.006     0.010     0.005
     8.670     0.006    -0.001     0.002
     8.680     0.020     0.003     0.003
     8.690     0.020     0.006    -0.002
     8.700     0.017    -0.007    -0.004
     8.710     0.009    -0.009     0.002
     8.720     0.003    -0.007     0.002
     8.730    -0.001    -0.001     0.003
     8.740    -0.003    -0.008     0.002
     8.750    -0.002    -0.001    -0.006
     8.760    -0.012     0.006    -0.006
     8.770    -0.016    -0.005     0.000
     8.780    -0.007    -0.004     0.006
     8.790    -0.003     0.002     0.003
     8.800    -0.005     0.004     0.001
     8.810     0.001    -0.006     0.004
     8.820     0.004     0.002     0.002
     8.830     0.001     0.009     0.002
     8.840     0.004    -0.005     0.000
     8.850     0.006    -0.010     0.000
     8.860     0.006    -0.006     0.002
     8.870     0.003    -0.001     0.000
     8.880    -0.005    -0.005     0.003
     8.890    -0.011     0.003     0.003
     8.900    -0.007     0.012     0.000
     8.910    -0.002     0.002    -0.004
     8.920    -0.001    -0.002    -0.004
     8.930     0.006     0.005    -0.004
     8.940     0.008     0.013    -0.009
     8.950     0.012     0.005    -0.003
     8.960     0.011     0.001     0.000
     8.970     0.003    -0.002     0.002
     8.980    -0.001    -0.004     0.000
     8.990    -0.009    -0.002    -0.003
     9.000    -0.010    -0.001    -0.004
     9.010    -0.012     0.009    -0.010
     9.020    -0.005     0.001    -0.009
     9.030     0.005    -0.004    -0.007
     9.040     0.003    -0.002    -0.002
     9.050    -0.005    -0.002     0.000
     9.060    -0.016     0.008     0.002
     9.070    -0.012    -0.004     0.005
     9.080    -0.012    -0.006     0.001
     9.090    -0.007    -0.003     0.000
     9.100     0.001    -0.011    -0.004
     9.110    -0.002    -0.009    -0.007
     9.120     0.007    -0.002    -0.003
     9.130     0.008     0.008     0.005
     9.140     0.008    -0.004     0.010
     9.150     0.008    -0.005     0.006
     9.160     0.000     0.009     0.002
     9.170    -0.002    -0.005     0.003
     9.180    -0.007    -0.013     0.010
     9.190    -0.013    -0.007     0.005
     9.200    -0.006    -0.002     0.002
     9.210     0.002    -0.011     0.009
     9.220     0.003    -0.021     0.004
     9.230     0.002    -0.001     0.005
     9.240     0.000    -0.002     0.005
     9.250     0.000    -0.013     0.006
     9.260    -0.002     0.002     0.005
     9.270    -0.003     0.007    -0.003
     9.280    -0.004     0.002    -0.007
     9.290    -0.004     0.000    -0.004
     9.300    -0.001     0.000     0.001
     9.310    -0.004    -0.001     0.002
     9.320    -0.003    -0.011     0.003
     9.330    -0.005    -0.003     0.000
     9.340    -0.005     0.011     0.002
     9.350     0.000     0.003     0.001
     9.360    -0.004     0.004    -0.004
     9.370    -0.004     0.005     0.000
     9.380    -0.006     0.005    -0.002
     9.390    -0.013    -0.003     0.005
     9.400    -0.016    -0.001     0.002
     9.410    -0.019     0.007    -0.006
     9.420    -0.006    -0.009    -0.001
     9.430     0.004    -0.003     0.001
     9.440     0.009     0.003    -0.003
     9.450     0.016     0.001    -0.012
     9.460     0.010    -0.004    -0.008
     9.470     0.006    -0.010    -0.002
     9.480     0.001     0.002    -0.004
     9.490    -0.010    -0.007    -0.002
     9.500    -0.025    -0.013    -0.003
     9.510    -0.032     0.002    -0.001
     9.520    -0.023     0.004    -0.003
     9.530    -0.013    -0.005    -0.003
     9.540    -0.007    -0.007    -0.003
     9.550     0.001    -0.003    -0.003
     9.560     0.003     0.002    -0.005
     9.570    -0.006    -0.008    -0.003
     9.580    -0.001    -0.006     0.007
     9.590     0.010     0.012     0.010
     9.600     0.009     0.005     0.008
     9.610     0.014     0.001     0.006
     9.620     0.018     0.005     0.008
     9.630     0.005     0.007     0.005
     9.640    -0.006     0.005     0.005
     9.650    -0.006    -0.009     0.011
     9.660    -0.005    -0.001     0.010
     9.670    -0.003     0.004     0.006
     9.680     0.003    -0.008     0.001
     9.690     0.003    -0.004     0.002
     9.700    -0.001     0.007     0.001
     9.710    -0.007     0.010     0.000
     9.720    -0.001     0.001     0.001
     9.730     0.003     0.005    -0.002
     9.740    -0.003     0.002     0.000
     9.750    -0.009    -0.008    -0.003
     9.760    -0.017    -0.009    -0.004
     9.770    -0.019    -0.010    -0.007
     9.780    -0.018    -0.005    -0.009
     9.790    -0.014    -0.017    -0.002
     9.800    -0.011    -0.003    -0.004
     9.810    -0.011     0.010    -0.003
     9.820    -0.006     0.003     0.000
     9.830     0.001     0.005     0.004
     9.840     0.010     0.001     0.005
     9.850     0.004     0.008     0.000
     9.860    -0.001    -0.009     0.001
     9.870     0.000    -0.004    -0.003
     9.880    -0.007     0.011    -0.006
     9.890    -0.005    -0.004    -0.005
     9.900     0.001     0.001     0.001
     9.910     0.008     0.005     0.002
     9.920     0.006     0.010    -0.003
     9.930    -0.004     0.003    -0.001
     9.940    -0.001    -0.003     0.001
     9.950     0.000     0.013     0.001
     9.960     0.002     0.014     0.006
     9.970     0.009     0.007     0.007
     9.980     0.011     0.001     0.006
     9.990     0.016     0.006     0.006
    10.000     0.020     0.003     0.006
    10.010     0.007    -0.005     0.005
    10.020    -0.007     0.002     0.005
    10.030    -0.010     0.009     0.005
    10.040    -0.013     0.005     0.003
    10.050    -0.008     0.001     0.006
    10.060     0.001     0.010     0.009
    10.070     0.009     0.002     0.009
    10.080     0.008    -0.002     0.005
    10.090     0.000     0.005     0.002
    10.100    -0.002     0.003    -0.002
    10.110    -0.001     0.004    -0.006
    10.120    -0.001     0.004    -0.008
    10.130    -0.008     0.006    -0.006
    10.140    -0.006     0.000     0.002
    10.150    -0.005    -0.011     0.001
    10.160    -0.009    -0.006    -0.004
    10.170    -0.004     0.004    -0.012
    10.180    -0.001     0.004    -0.012
    10.190     0.006    -0.001    -0.005
    10.200     0.000     0.009    -0.008
    10.210    -0.010     0.007    -0.004
    10.220    -0.006     0.001    -0.002
    10.230    -0.002    -0.003     0.002
    10.240     0.005    -0.006     0.002
    10.250     0.015     0.005    -0.003
    10.260     0.022     0.008     0.003
    10.270     0.014     0.010     0.008
    10.280     0.003     0.005     0.008
    10.290     0.003     0.005     0.001
    10.300     0.005     0.008    -0.001
    10.310     0.010     0.004     0.007
    10.320     0.010     0.010     0.005
    10.330     0.005     0.002     0.001
    10.340    -0.004     0.003     0.005
    10.350    -0.008     0.011     0.005
    10.360    -0.001     0.006     0.001
    10.370     0.002     0.011     0.002
    10.380     0.003     0.010     0.005
    10.390     0.000     0.010     0.001
    10.400     0.001     0.004    -0.004
    10.410    -0.006    -0.003    -0.005
    10.420    -0.020     0.010    -0.003
    10.430    -0.012     0.008     0.002
    10.440    -0.007     0.006     0.003
    10.450    -0.001     0.009     0.003
    10.460     0.004     0.006     0.003
    10.470     0.007     0.001    -0.004
    10.480     0.008     0.003    -0.008
    10.490     0.004     0.007     0.000
    10.500     0.007     0.004     0.006
    10.510     0.010     0.000     0.005
    10.520     0.013    -0.004     0.002
    10.530     0.011    -0.001    -0.001
    10.540     0.017    -0.005     0.000
    10.550     0.018    -0.005     0.002
    10.560     0.008     0.003     0.003
    10.570     0.006     0.007    -0.001
    10.580     0.003     0.006     0.000
    10.590     0.002    -0.001     0.000
    10.600     0.001     0.006     0.001
    10.610    -0.002     0.004     0.004
    10.620    -0.006     0.001     0.007
    10.630    -0.005     0.011     0.007
    10.640    -0.007     0.007    -0.003
    10.650    -0.006     0.001    -0.004
    10.660    -0.002     0.001     0.000
    10.670    -0.005     0.001     0.000
    10.680    -0.001    -0.004     0.002
    10.690     0.004    -0.004     0.000
    10.700     0.005     0.001    -0.004
    10.710     0.006     0.004    -0.001
    10.720     0.001     0.003     0.003
    10.730     0.004    -0.006     0.003
    10.740     0.003    -0.004     0.005
    10.750    -0.005    -0.005     0.009
    10.760     0.001    -0.009     0.002
    10.770     0.007    -0.001    -0.002
    10.780     0.010     0.002    -0.002
    10.790     0.007     0.006    -0.003
    10.800     0.003     0.000     0.002
    10.810     0.003     0.000     0.000
    10.820    -0.005     0.007    -0.002
    10.830     0.001     0.000    -0.001
    10.840     0.005     0.004    -0.001
    10.850    -0.001     0.002     0.003
    10.860     0.005     0.002     0.004
    10.870     0.000     0.000     0.002
    10.880    -0.003    -0.012     0.003
    10.890    -0.005    -0.007     0.008
    10.900     0.000    -0.013     0.005
    10.910     0.011    -0.009    -0.001
    10.920     0.006    -0.003     0.001
    10.930     0.002     0.003     0.001
    10.940    -0.002     0.009     0.005
    10.950    -0.005     0.004     0.004
    10.960    -0.011     0.010     0.005
    10.970    -0.019     0.005     0.011
    10.980    -0.008     0.006     0.007
    10.990    -0.001     0.005     0.002
    11.000    -0.002     0.005    -0.001
    11.010     0.005     0.003    -0.003
    11.020     0.008    -0.002    -0.007
    11.030     0.007     0.007    -0.008
    11.040     0.011    -0.008    -0.005
    11.050     0.010    -0.006     0.001
    11.060     0.012     0.003     0.001
    11.070     0.009     0.002    -0.007
    11.080     0.006    -0.001    -0.001
    11.090     0.010    -0.011    -0.005
    11.100     0.012     0.001    -0.012
    11.110     0.012    -0.003    -0.006
    11.120     0.001    -0.012     0.000
    11.130     0.001    -0.015     0.006
    11.140     0.007    -0.014     0.006
    11.150     0.003    -0.010     0.007
    11.160     0.008    -0.004     0.003
    11.170     0.010     0.003     0.001
    11.180     0.010    -0.005     0.006
    11.190     0.003    -0.002     0.008
    11.200    -0.011     0.000     0.010
    11.210    -0.011    -0.003     0.009
    11.220    -0.011     0.001     0.007
    11.230    -0.005     0.004     0.005
    11.240     0.005     0.005     0.005
    11.250     0.005    -0.001     0.002
    11.260     0.003     0.001     0.000
    11.270    -0.006     0.001    -0.004
    11.280    -0.007    -0.001    -0.005
    11.290    -0.005     0.002     0.003
    11.300    -0.007     0.007     0.003
    11.310    -0.006     0.006     0.001
    11.320    -0.013    -0.003    -0.005
    11.330    -0.012    -0.008    -0.010
    11.340    -0.011    -0.011    -0.004
    11.350    -0.006    -0.009     0.001
    11.360     0.007    -0.011    -0.001
    11.370    -0.002     0.001    -0.001
    11.380     0.004     0.005    -0.003
    11.390     0.019     0.005    -0.007
    11.400     0.014     0.002    -0.004
    11.410     0.010    -0.009    -0.003
    11.420     0.013    -0.002    -0.003
    11.430     0.020    -0.002    -0.002
    11.440     0.019     0.016     0.002
    11.450     0.022     0.023     0.009
    11.460     0.015     0.008     0.010
    11.470    -0.001     0.007     0.010
    11.480    -0.006    -0.004     0.002
    11.490    -0.010    -0.015     0.002
    11.500    -0.014    -0.014     0.004
    11.510    -0.013     0.002     0.004
    11.520    -0.004    -0.001     0.009
    11.530    -0.002    -0.005     0.006
    11.540    -0.004     0.003     0.004
    11.550    -0.003     0.003    -0.002
    11.560     0.001     0.000    -0.007
    11.570     0.001    -0.004    -0.005
    11.580    -0.005     0.003    -0.003
    11.590    -0.003     0.001     0.000
    11.600    -0.001    -0.002    -0.002
    11.610    -0.004     0.003     0.004
    11.620    -0.008     0.002     0.001
    11.630    -0.006    -0.004    -0.006
    11.640     0.003    -0.005    -0.006
    11.650     0.006     0.000    -0.006
    11.660     0.008    -0.008    -0.001
    11.670     0.008    -0.013    -0.001
    11.680     0.005    -0.008    -0.002
    11.690     0.010    -0.006     0.001
    11.700     0.009    -0.007    -0.001
    11.710     0.001    -0.010    -0.007
    11.720     0.001    -0.007    -0.005
    11.730     0.006    -0.001    -0.002
    11.740     0.002    -0.001    -0.001
    11.750     0.004     0.000     0.001
    11.760     0.012     0.002     0.000
    11.770     0.017     0.004    -0.005
    11.780     0.016     0.006    -0.001
    11.790     0.007    -0.001     0.000
    11.800    -0.002    -0.001    -0.001
    11.810    -0.015     0.009     0.004
    11.820    -0.017     0.005     0.008
    11.830    -0.013     0.007     0.011
    11.840    -0.014     0.007     0.008
    11.850    -0.009     0.005     0.002
    11.860    -0.005    -0.002     0.005
    11.870    -0.008    -0.007     0.008
    11.880    -0.012     0.008     0.006
    11.890    -0.009     0.009     0.005
    11.900    -0.006     0.010     0.005
    11.910    -0.008     0.005     0.000
    11.920    -0.005    -0.001    -0.004
    11.930    -0.002    -0.002    -0.006
    11.940     0.001    -0.009    -0.006
    11.950     0.004    -0.003    -0.002
    11.960     0.007    -0.007    -0.002
    11.970     0.013    -0.003    -0.006
    11.980     0.012     0.006    -0.011
    11.990     0.007     0.002    -0.015
    12.000    -0.001    -0.004    -0.009
    12.010    -0.007    -0.005    -0.014
    12.020    -0.004     0.000    -0.016
    12.030     0.000    -0.001    -0.011
    12.040    -0.003     0.001    -0.008
    12.050    -0.001     0.007     0.000
    12.060     0.004     0.013     0.002
    12.070     0.005     0.006     0.002
    12.080     0.007    -0.003    -0.001
    12.090     0.012    -0.004    -0.002
    12.100     0.014    -0.001     0.002
    12.110     0.009     0.005     0.005
    12.120     0.005     0.005     0.006
    12.130     0.000     0.008     0.010
    12.140    -0.003     0.000     0.011
    12.150    -0.003    -0.003     0.007
    12.160     0.000    -0.001     0.010
    12.170    -0.003     0.000     0.008
    12.180    -0.015    -0.005     0.009
    12.190    -0.019    -0.019     0.009
    12.200    -0.020    -0.009     0.001
    12.210    -0.014    -0.008     0.004
    12.220    -0.014    -0.009     0.000
    12.230    -0.013    -0.002    -0.008
    12.240    -0.008    -0.001    -0.005
    12.250    -0.015     0.016    -0.003
    12.260    -0.009     0.010    -0.001
    12.270    -0.008     0.004    -0.001
    12.280    -0.007     0.005    -0.001
    12.290     0.011     0.000     0.001
    12.300     0.011     0.009    -0.003
    12.310     0.010     0.008     0.001
    12.320     0.007     0.010     0.002
    12.330    -0.001     0.013    -0.003
    12.340     0.000     0.006    -0.007
    12.350     0.002     0.003    -0.002
    12.360     0.011     0.003     0.007
    12.370     0.018     0.003     0.005
    12.380     0.008     0.001    -0.006
    12.390     0.000     0.003    -0.008
    12.400     0.005     0.004    -0.002
    12.410     0.003     0.002     0.000
    12.420     0.005     0.002     0.002
    12.430     0.010     0.010    -0.003
    12.440     0.005    -0.001    -0.003
    12.450     0.004    -0.007    -0.002
    12.460     0.001    -0.006    -0.008
    12.470    -0.001    -0.014    -0.005
    12.480    -0.009    -0.004    -0.001
    12.490    -0.013     0.003     0.001
    12.500    -0.007     0.006     0.002
    12.510    -0.010     0.012     0.006
    12.520    -0.009     0.002     0.007
    12.530    -0.007     0.006     0.003
    12.540    -0.009     0.007     0.004
    12.550    -0.006     0.000     0.004
    12.560    -0.004     0.007     0.006
    12.570    -0.003     0.010     0.005
    12.580    -0.007     0.005     0.007
    12.590    -0.007    -0.002     0.005
    12.600     0.001    -0.002     0.000
    12.610     0.003     0.002     0.001
    12.620     0.009     0.001    -0.004
    12.630     0.017     0.000    -0.008
    12.640     0.015    -0.005    -0.007
    12.650     0.010    -0.001    -0.001
    12.660     0.003    -0.006     0.000
    12.670    -0.004    -0.018    -0.002
    12.680    -0.004    -0.006     0.002
    12.690     0.000    -0.008     0.003
    12.700     0.001    -0.020     0.002
    12.710    -0.002    -0.010    -0.002
    12.720    -0.007    -0.008    -0.006
    12.730    -0.010    -0.007    -0.005
    12.740    -0.006     0.004    -0.004
    12.750     0.000     0.006    -0.001
    12.760     0.003     0.012     0.000
    12.770     0.011     0.008     0.000
    12.780     0.010     0.004    -0.003
    12.790     0.003     0.006    -0.007
    12.800     0.008     0.000    -0.003
    12.810     0.012     0.007    -0.001
    12.820     0.015     0.011    -0.005
    12.830     0.006     0.007     0.001
    12.840     0.005     0.003     0.000
    12.850     0.002     0.001    -0.007
    12.860    -0.005     0.002    -0.007
    12.870    -0.006     0.001    -0.002
    12.880    -0.004     0.000     0.000
    12.890    -0.001     0.008    -0.003
    12.900    -0.008     0.012     0.000
    12.910    -0.006     0.000     0.002
    12.920    -0.016     0.005     0.005
    12.930    -0.014     0.004     0.006
    12.940    -0.012    -0.004     0.005
    12.950    -0.004    -0.004     0.008
    12.960     0.002    -0.006     0.008
    12.970    -0.001     0.007     0.006
    12.980    -0.016    -0.016     0.002
    12.990    -0.150     0.007     0.000
    13.000    -0.022     0.005     0.006
    13.010     0.205    -0.073     0.004
    13.020     0.098     0.006    -0.002
    13.030    -0.001     0.055     0.002
    13.040    -0.033     0.024     0.014
    13.050     0.071    -0.045     0.020
    13.060     0.044    -0.088    -0.005
    13.070    -0.129     0.035    -0.010
    13.080    -0.003     0.044     0.002
    13.090     0.036    -0.005    -0.006
    13.100    -0.074    -0.026     0.007
    13.110    -0.031    -0.040    -0.004
    13.120     0.077    -0.018    -0.013
    13.130     0.024     0.048    -0.006
    13.140    -0.012     0.067    -0.014
    13.150     0.027    -0.038     0.003
    13.160    -0.069    -0.028    -0.001
    13.170    -0.018    -0.006    -0.012
    13.180     0.055     0.014    -0.001
    13.190     0.014     0.047    -0.006
    13.200     0.016    -0.011    -0.009
    13.210     0.025    -0.032     0.005
    13.220    -0.003     0.006    -0.002
    13.230    -0.068     0.062    -0.009
    13.240     0.053    -0.014     0.010
    13.250     0.041    -0.050    -0.002
    13.260    -0.136     0.061    -0.018
    13.270     0.003    -0.003    -0.001
    13.280     0.048    -0.063     0.008
    13.290     0.005     0.035    -0.005
    13.300     0.086     0.016    -0.007
    13.310     0.004    -0.029     0.013
    13.320    -0.043     0.001     0.016
    13.330     0.018    -0.003    -0.017
    13.340    -0.007    -0.036    -0.002
    13.350    -0.036    -0.009     0.020
    13.360    -0.032     0.047    -0.013
    13.370    -0.074     0.015     0.003
    13.380     0.019    -0.030     0.014
    13.390     0.083    -0.042    -0.007
    13.400    -0.057     0.028     0.018
    13.410     0.070     0.068     0.005
    13.420     0.175    -0.015    -0.013
    13.430    -0.102    -0.010     0.008
    13.440    -0.127     0.001     0.009
    13.450     0.000    -0.031     0.004
    13.460    -0.089     0.041    -0.004
    13.470     0.034     0.025    -0.003
    13.480     0.161    -0.033     0.006
    13.490     0.072     0.006     0.001
    13.500     0.041     0.017    -0.006
    13.510    -0.019     0.000     0.005
    13.520    -0.053    -0.008    -0.004
    13.530    -0.050    -0.019    -0.022
    13.540    -0.066    -0.046     0.017
    13.550     0.021     0.002     0.015
    13.560     0.111     0.026    -0.018
    13.570     0.060    -0.025     0.004
    13.580    -0.042     0.010     0.002
    13.590    -0.064     0.028    -0.009
    13.600    -0.057    -0.037     0.000
    13.610    -0.038    -0.049     0.001
    13.620    -0.002     0.024    -0.001
    13.630     0.014     0.074    -0.005
    13.640     0.054    -0.009     0.011
    13.650    -0.009    -0.028     0.022
    13.660    -0.056     0.041    -0.001
    13.670     0.010    -0.010    -0.022
    13.680    -0.017    -0.015     0.001
    13.690    -0.038     0.040     0.018
    13.700    -0.034     0.039    -0.009
    13.710     0.016     0.000     0.013
    13.720     0.076    -0.026     0.014
    13.730     0.045     0.013    -0.010
    13.740     0.042     0.044     0.003
    13.750    -0.012     0.026    -0.025
    13.760    -0.068    -0.032    -0.014
    13.770    -0.014    -0.019     0.028
    13.780     0.021     0.021     0.002
    13.790     0.030     0.008    -0.016
    13.800     0.055     0.018     0.000
    13.810     0.066    -0.022     0.006
    13.820    -0.012    -0.023    -0.004
    13.830    -0.059    -0.005    -0.005
    13.840    -0.051    -0.022     0.009
    13.850    -0.013     0.024     0.006
    13.860     0.041    -0.014    -0.008
    13.870    -0.023    -0.023     0.004
    13.880     0.004     0.009     0.014
    13.890     0.047    -0.004    -0.003
    13.900    -0.003    -0.016     0.014
    13.910    -0.048    -0.003     0.014
    13.920    -0.029     0.023    -0.005
    13.930     0.035    -0.027     0.005
    13.940    -0.020    -0.006     0.013
    13.950    -0.022     0.021     0.013
    13.960     0.027     0.014    -0.004
    13.970     0.013    -0.005    -0.011
    13.980    -0.035     0.000    -0.001
    13.990    -0.027     0.030     0.015
    14.000     0.034    -0.011    -0.005
    14.010     0.021     0.018    -0.003
    14.020     0.029     0.027     0.028
    14.030     0.034     0.013    -0.014
    14.040    -0.013     0.007    -0.018
    14.050    -0.039    -0.009     0.007
    14.060     0.003     0.009    -0.009
    14.070     0.030     0.025    -0.019
    14.080     0.005     0.023    -0.006
    14.090     0.000    -0.007     0.015
    14.100     0.007    -0.024     0.017
    14.110    -0.017    -0.007    -0.003
    14.120    -0.027     0.012    -0.022
    14.130     0.055     0.019    -0.003
    14.140     0.062     0.019     0.004
    14.150    -0.014    -0.028     0.014
    14.160    -0.040    -0.014     0.003
    14.170    -0.051     0.013    -0.020
    14.180    -0.026    -0.015     0.023
    14.190    -0.018    -0.011     0.020
    14.200     0.001     0.006    -0.018
    14.210     0.066     0.017     0.005
    14.220     0.046    -0.006     0.025
    14.230     0.036    -0.014     0.005
    14.240    -0.016     0.022    -0.015
    14.250    -0.076     0.014    -0.006
    14.260    -0.017    -0.030     0.008
    14.270    -0.045     0.008    -0.004
    14.280    -0.046     0.020    -0.010
    14.290     0.044    -0.004     0.000
    14.300     0.039     0.011     0.006
    14.310     0.009     0.005     0.008
    14.320     0.047    -0.003    -0.002
    14.330     0.046    -0.014    -0.021
    14.340    -0.039     0.019    -0.005
    14.350    -0.020     0.017     0.014
    14.360     0.008    -0.007     0.003
    14.370    -0.041     0.009    -0.015
    14.380    -0.015     0.012    -0.003
    14.390     0.030    -0.004     0.026
    14.400     0.013     0.004    -0.013
    14.410    -0.017     0.028    -0.022
    14.420     0.023    -0.012     0.024
    14.430     0.038    -0.024     0.019
    14.440    -0.025    -0.003     0.000
    14.450    -0.035     0.005     0.000
    14.460    -0.010    -0.004     0.011
    14.470     0.011     0.006    -0.002
    14.480     0.026     0.000     0.006
    14.490     0.042    -0.035    -0.004
    14.500     0.039     0.004    -0.012
    14.510    -0.016     0.005     0.020
    14.520    -0.039    -0.002    -0.011
    14.530    -0.020    -0.003    -0.015
    14.540     0.010    -0.023     0.016
    14.550     0.046    -0.013     0.009
    14.560     0.039     0.021    -0.013
    14.570     0.011     0.039    -0.011
    14.580    -0.018    -0.028     0.012
    14.590    -0.039    -0.024    -0.001
    14.600    -0.040     0.023    -0.005
    14.610    -0.047     0.009    -0.004
    14.620    -0.010    -0.006    -0.021
    14.630     0.033    -0.004    -0.022
    14.640     0.009     0.017    -0.001
    14.650    -0.014     0.011     0.012
    14.660    -0.004     0.012    -0.005
    14.670    -0.003     0.012    -0.003
    14.680    -0.031     0.011     0.001
    14.690    -0.019     0.010     0.004
    14.700     0.016    -0.006     0.018
    14.710     0.012     0.013     0.003
    14.720     0.011     0.006    -0.005
    14.730    -0.014    -0.018     0.003
    14.740    -0.020    -0.014    -0.006
    14.750    -0.009    -0.017    -0.015
    14.760    -0.005    -0.015     0.011
    14.770     0.038     0.010     0.014
    14.780     0.026     0.032    -0.018
    14.790    -0.006    -0.003     0.002
    14.800     0.019    -0.032     0.028
    14.810     0.003    -0.014    -0.003
    14.820    -0.028     0.005    -0.024
    14.830     0.003     0.003    -0.001
    14.840     0.037    -0.012     0.002
    14.850     0.022     0.000    -0.029
    14.860    -0.016    -0.008     0.008
    14.870    -0.024    -0.003     0.038
    14.880    -0.016     0.010    -0.017
    14.890    -0.013     0.011    -0.024
    14.900     0.011    -0.003     0.003
    14.910     0.012    -0.013    -0.006
    14.920     0.003     0.017     0.003
    14.930     0.016    -0.007     0.013
    14.940     0.017    -0.017     0.001
    14.950    -0.006     0.014    -0.010
    14.960    -0.045     0.038    -0.019
    14.970    -0.042     0.024     0.003
    14.980     0.016    -0.036    -0.001
    14.990     0.022    -0.043     0.003
    15.000    -0.004    -0.003     0.045
    15.010     0.021     0.019     0.003
    15.020     0.017     0.009    -0.010
    15.030     0.001    -0.003     0.003
    15.040    -0.005    -0.020    -0.022
    15.050    -0.029     0.001     0.006
    15.060    -0.011     0.037     0.008
    15.070     0.002     0.012     0.011
    15.080     0.006    -0.016     0.028
    15.090    -0.001    -0.016    -0.021
    15.100    -0.009     0.000    -0.029
    15.110    -0.002     0.010     0.006
    15.120    -0.009    -0.007     0.005
    15.130     0.019    -0.013     0.021
    15.140     0.000     0.028     0.005
    15.150    -0.018     0.020    -0.039
    15.160     0.018    -0.012    -0.008
    15.170    -0.004    -0.003     0.005
    15.180    -0.008    -0.026     0.007
    15.190     0.019    -0.015     0.052
    15.200     0.017     0.024    -0.008
    15.210    -0.013     0.020    -0.041
    15.220    -0.012    -0.008     0.041
    15.230     0.027    -0.008     0.019
    15.240     0.005     0.025    -0.022
    15.250    -0.026     0.024    -0.003
    15.260    -0.001    -0.005    -0.005
    15.270     0.007    -0.041     0.013
    15.280    -0.021    -0.018     0.004
    15.290    -0.021     0.019    -0.032
    15.300     0.016    -0.012    -0.005
    15.310     0.014    -0.006     0.010
    15.320     0.018     0.012    -0.007
    15.330     0.031     0.033    -0.002
    15.340     0.003     0.034    -0.016
    15.350     0.011    -0.009    -0.019
    15.360     0.017     0.004     0.011
    15.370    -0.008    -0.012     0.015
    15.380    -0.007    -0.023     0.011
    15.390    -0.015     0.020     0.008
    15.400    -0.010     0.013    -0.007
    15.410     0.005    -0.027    -0.001
    15.420     0.003    -0.039     0.003
    15.430     0.010     0.004     0.002
    15.440     0.002     0.025     0.010
    15.450    -0.004     0.003    -0.015
    15.460    -0.007    -0.016    -0.019
    15.470    -0.014    -0.007     0.020
    15.480    -0.014    -0.004     0.020
    15.490    -0.015    -0.005    -0.005
    15.500    -0.009     0.009    -0.012
    15.510    -0.011    -0.003    -0.013
    15.520    -0.007    -0.024     0.014
    15.530    -0.008    -0.014     0.023
    15.540    -0.003     0.024    -0.007
    15.550     0.011     0.012    -0.003
    15.560     0.008    -0.005     0.017
    15.570     0.022     0.012     0.016
    15.580     0.008     0.023     0.004
    15.590    -0.001     0.007    -0.012
    15.600     0.007    -0.015    -0.012
    15.610    -0.001     0.010     0.007
    15.620     0.017     0.000     0.006
    15.630     0.029    -0.014    -0.003
    15.640     0.017     0.014     0.022
    15.650    -0.001     0.015     0.016
    15.660     0.015     0.004    -0.023
    15.670     0.033     0.020    -0.064
    15.680     0.045     0.084    -0.190
    15.690     0.051     0.151    -0.317
    15.700     0.010     0.111    -0.210
    15.710    -0.022    -0.029     0.096
    15.720    -0.048    -0.125     0.321
    15.730    -0.070    -0.121     0.303
    15.740    -0.098    -0.121     0.241
    15.750    -0.082    -0.148     0.294
    15.760     0.032    -0.057     0.037
    15.770     0.085     0.082    -0.372
    15.780     0.098     0.135    -0.350
    15.790     0.109     0.110    -0.173
    15.800     0.019     0.005     0.065
    15.810    -0.054    -0.040     0.248
    15.820    -0.083    -0.047     0.154
    15.830    -0.123    -0.129     0.191
    15.840    -0.106    -0.152     0.391
    15.850    -0.034    -0.071     0.331
    15.860     0.098     0.071    -0.120
    15.870     0.176     0.223    -0.519
    15.880     0.093     0.198    -0.477
    15.890    -0.004     0.020    -0.160
    15.900    -0.074    -0.082     0.100
    15.910    -0.158    -0.157     0.116
    15.920    -0.152    -0.155     0.018
    15.930    -0.080    -0.013    -0.025
    15.940     0.009     0.060    -0.009
    15.950     0.133     0.074    -0.029
    15.960     0.176     0.012     0.039
    15.970     0.130    -0.067     0.104
    15.980     0.034    -0.012    -0.123
    15.990    -0.039     0.077    -0.188
    16.000    -0.064     0.129     0.039
    16.010    -0.070     0.088     0.072
    16.020     0.009     0.000    -0.017
    16.030     0.030    -0.023     0.072
    16.040    -0.006    -0.040     0.175
    16.050     0.018    -0.044     0.019
    16.060     0.010    -0.033    -0.167
    16.070    -0.017    -0.019    -0.106
    16.080    -0.036    -0.018     0.032
    16.090    -0.064    -0.065     0.041
    16.100    -0.015    -0.038     0.021
    16.110     0.069     0.028     0.055
    16.120     0.074     0.026     0.039
    16.130     0.046     0.036    -0.070
    16.140     0.008     0.086    -0.139
    16.150    -0.045     0.017    -0.024
    16.160    -0.043    -0.108     0.104
    16.170    -0.037    -0.013     0.132
    16.180    -0.052     0.056     0.039
    16.190    -0.034    -0.044    -0.125
    16.200     0.007    -0.067    -0.089
    16.210     0.022     0.003     0.002
    16.220    -0.012     0.068     0.040
    16.230     0.011     0.011     0.063
    16.240     0.050    -0.023     0.010
    16.250     0.005     0.068    -0.034
    16.260    -0.027     0.134    -0.046
    16.270    -0.067     0.032     0.024
    16.280    -0.049    -0.159    -0.010
    16.290     0.051    -0.115    -0.046
    16.300     0.034     0.026     0.051
    16.310    -0.015     0.047    -0.027
    16.320     0.015     0.052    -0.102
    16.330     0.048    -0.012    -0.041
    16.340     0.028    -0.071     0.019
    16.350    -0.012     0.031     0.057
    16.360    -0.010     0.040     0.022
    16.370     0.021    -0.032    -0.048
    16.380     0.034     0.028    -0.013
    16.390    -0.035    -0.001     0.059
    16.400    -0.070    -0.036     0.011
    16.410    -0.015    -0.002    -0.005
    16.420     0.027    -0.022     0.031
    16.430     0.021     0.030     0.016
    16.440    -0.032     0.087    -0.026
    16.450    -0.020     0.042    -0.043
    16.460     0.022    -0.064     0.006
    16.470     0.004    -0.094     0.029
    16.480    -0.017    -0.048     0.021
    16.490     0.010    -0.020    -0.021
    16.500     0.049     0.047    -0.057
    16.510    -0.003     0.066    -0.019
    16.520    -0.022     0.002    -0.015
    16.530     0.040    -0.034    -0.013
    16.540     0.006    -0.024     0.028
    16.550    -0.026    -0.025     0.047
    16.560    -0.002    -0.019     0.018
    16.570    -0.029     0.050    -0.019
    16.580    -0.045     0.068    -0.047
    16.590    -0.021    -0.018    -0.075
    16.600    -0.001    -0.060     0.002
    16.610     0.002    -0.021     0.083
    16.620    -0.006    -0.023     0.065
    16.630    -0.014    -0.063     0.024
    16.640    -0.020    -0.029    -0.016
    16.650    -0.007     0.056    -0.016
    16.660     0.005     0.064    -0.013
    16.670     0.024     0.008    -0.033
    16.680     0.051     0.003    -0.019
    16.690     0.017     0.015    -0.007
    16.700    -0.037    -0.004    -0.027
    16.710    -0.042    -0.018    -0.033
    16.720    -0.008     0.015     0.003
    16.730     0.018     0.043     0.038
    16.740     0.019    -0.003     0.021
    16.750     0.007    -0.038     0.010
    16.760    -0.001    -0.036     0.029
    16.770    -0.012     0.027     0.009
    16.780    -0.041     0.067    -0.016
    16.790    -0.023    -0.014    -0.019
    16.800     0.036    -0.031    -0.031
    16.810     0.052     0.015    -0.034
    16.820     0.007     0.008    -0.003
    16.830    -0.013    -0.018     0.031
    16.840     0.011    -0.001     0.033
    16.850    -0.002    -0.005     0.054
    16.860     0.007    -0.022     0.049
    16.870     0.023     0.016    -0.023
    16.880    -0.002     0.000    -0.042
    16.890    -0.012    -0.024     0.006
    16.900    -0.013    -0.036     0.019
    16.910    -0.022    -0.006    -0.024
    16.920    -0.015     0.043    -0.041
    16.930     0.004     0.007     0.001
    16.940     0.004     0.008     0.014
    16.950    -0.002     0.023    -0.012
    16.960    -0.027     0.003    -0.006
    16.970    -0.034    -0.025     0.017
    16.980    -0.006    -0.021     0.020
    16.990    -0.013     0.024     0.008
    17.000    -0.014     0.026     0.000
    17.010     0.003     0.000     0.001
    17.020     0.021    -0.017    -0.021
    17.030     0.023     0.007    -0.039
    17.040    -0.020    -0.004    -0.002
    17.050    -0.025    -0.028     0.042
    17.060     0.012     0.002     0.029
    17.070     0.018    -0.009    -0.004
    17.080     0.031     0.005    -0.011
    17.090     0.036     0.030    -0.007
    17.100     0.021     0.013     0.002
    17.110     0.020     0.017     0.022
    17.120     0.011    -0.007     0.020
    17.130    -0.001    -0.023    -0.012
    17.140    -0.009     0.002     0.002
    17.150     0.003    -0.002     0.032
    17.160     0.020    -0.014    -0.001
    17.170    -0.007    -0.015    -0.008
    17.180    -0.015    -0.017     0.026
    17.190     0.008     0.010    -0.002
    17.200     0.008     0.023    -0.046
    17.210     0.000    -0.007    -0.021
    17.220    -0.005    -0.041     0.010
    17.230     0.008    -0.046    -0.001
    17.240    -0.003     0.004     0.021
    17.250    -0.013     0.033     0.042
    17.260     0.006     0.018     0.015
    17.270    -0.005     0.007     0.006
    17.280    -0.015    -0.002    -0.003
    17.290    -0.018     0.002    -0.021
    17.300    -0.017     0.010    -0.016
    17.310    -0.007     0.014     0.012
    17.320     0.019    -0.007     0.011
    17.330     0.016    -0.021    -0.026
    17.340    -0.030    -0.005    -0.003
    17.350    -0.025     0.021     0.032
    17.360     0.012     0.022     0.019
    17.370     0.038    -0.018     0.005
    17.380     0.038    -0.016    -0.006
    17.390     0.010     0.005    -0.014
    17.400    -0.002     0.014    -0.018
    17.410     0.019     0.011    -0.007
    17.420     0.039     0.005     0.012
    17.430     0.022     0.006    -0.005
    17.440    -0.004     0.006    -0.040
    17.450    -0.027     0.010     0.013
    17.460    -0.034    -0.002     0.062
    17.470    -0.016    -0.017     0.006
    17.480     0.007    -0.018    -0.019
    17.490     0.020    -0.002     0.004
    17.500     0.022    -0.008     0.026
    17.510     0.014    -0.008     0.027
    17.520    -0.014    -0.001     0.009
    17.530    -0.004    -0.033    -0.003
    17.540     0.012    -0.017     0.000
    17.550    -0.005     0.014     0.010
    17.560     0.000     0.034     0.016
    17.570     0.000     0.039     0.016
    17.580     0.004    -0.002    -0.008
    17.590     0.024    -0.020    -0.005
    17.600     0.022    -0.012     0.006
    17.610     0.007     0.007    -0.008
    17.620    -0.003     0.011     0.004
    17.630     0.002     0.008     0.015
    17.640     0.003     0.026     0.017
    17.650    -0.011     0.012     0.006
    17.660    -0.023    -0.015    -0.003
    17.670    -0.013    -0.029     0.017
    17.680     0.011    -0.019     0.012
    17.690     0.017     0.019    -0.015
    17.700     0.013     0.024    -0.029
    17.710     0.004     0.008    -0.025
    17.720     0.004    -0.002    -0.013
    17.730     0.013     0.003    -0.003
    17.740    -0.003     0.015    -0.001
    17.750    -0.021    -0.008     0.003
    17.760    -0.008    -0.021     0.016
    17.770     0.010    -0.017     0.020
    17.780     0.010    -0.007     0.018
    17.790     0.005     0.011    -0.006
    17.800     0.007     0.009    -0.021
    17.810     0.000     0.004    -0.001
    17.820    -0.012     0.007     0.001
    17.830    -0.005     0.004    -0.015
    17.840     0.007    -0.014     0.000
    17.850    -0.005    -0.025     0.026
    17.860    -0.007    -0.009     0.028
    17.870     0.014     0.021     0.031
    17.880     0.026     0.020     0.016
    17.890     0.028     0.013    -0.022
    17.900     0.013     0.016    -0.012
    17.910    -0.019     0.015     0.004
    17.920    -0.021    -0.002    -0.003
    17.930     0.001    -0.041     0.009
    17.940     0.012    -0.019     0.025
    17.950     0.007     0.021     0.031
    17.960     0.000     0.039     0.017
    17.970     0.010     0.041    -0.004
    17.980     0.011    -0.004    -0.023
    17.990    -0.007    -0.011    -0.027
    18.000    -0.010    -0.014    -0.002
    18.010    -0.003    -0.008     0.011
    18.020    -0.015     0.013     0.011
    18.030    -0.024    -0.007     0.013
    18.040    -0.015    -0.021     0.019
    18.050    -0.008    -0.024     0.017
    18.060    -0.006    -0.014     0.001
    18.070    -0.010    -0.002    -0.015
    18.080    -0.013     0.007    -0.025
    18.090    -0.007     0.006     0.000
    18.100     0.003    -0.029     0.013
    18.110     0.005    -0.016    -0.012
    18.120     0.001     0.027    -0.022
    18.130     0.013     0.015    -0.014
    18.140     0.024     0.015     0.000
    18.150     0.014     0.032     0.015
    18.160    -0.008     0.005     0.027
    18.170    -0.018    -0.033     0.038
    18.180    -0.014    -0.029     0.036
    18.190    -0.006     0.008     0.002
    18.200     0.014     0.023    -0.024
    18.210     0.026     0.031    -0.024
    18.220     0.025     0.027    -0.019
    18.230     0.024     0.012    -0.005
    18.240     0.014     0.013     0.027
    18.250    -0.010     0.007     0.038
    18.260    -0.027     0.000     0.024
    18.270    -0.004    -0.024    -0.001
    18.280     0.006    -0.026    -0.022
    18.290    -0.004    -0.004    -0.018
    18.300    -0.001     0.009    -0.015
    18.310     0.010     0.021    -0.011
    18.320     0.016     0.012     0.010
    18.330    -0.002     0.020     0.021
    18.340    -0.016     0.024    -0.008
    18.350    -0.016     0.015    -0.033
    18.360    -0.006     0.008    -0.014
    18.370    -0.006    -0.018     0.007
    18.380    -0.013    -0.014     0.008
    18.390    -0.007     0.000     0.005
    18.400    -0.008    -0.003     0.000
    18.410     0.000    -0.004    -0.019
    18.420     0.000    -0.005    -0.022
    18.430    -0.010     0.000    -0.005
    18.440    -0.009     0.000     0.001
    18.450    -0.006    -0.011     0.002
    18.460     0.000    -0.020     0.005
    18.470    -0.001    -0.002     0.007
    18.480     0.001     0.028     0.002
    18.490     0.002     0.032    -0.005
    18.500     0.010     0.004    -0.004
    18.510     0.024    -0.019     0.006
    18.520     0.007    -0.017     0.006
    18.530    -0.019    -0.013    -0.008
    18.540    -0.021     0.011    -0.006
    18.550    -0.002     0.025     0.003
    18.560     0.009     0.023    -0.004
    18.570     0.017     0.018    -0.007
    18.580     0.015    -0.001    -0.009
    18.590    -0.010    -0.018     0.000
    18.600    -0.013    -0.029     0.013
    18.610    -0.008    -0.004    -0.002
    18.620    -0.006     0.015    -0.024
    18.630     0.001     0.025    -0.021
    18.640     0.000     0.026     0.001
    18.650     0.006     0.010     0.005
    18.660     0.011    -0.001    -0.003
    18.670     0.012    -0.031    -0.018
    18.680     0.014    -0.030    -0.025
    18.690     0.021    -0.001    -0.010
    18.700     0.012     0.027    -0.001
    18.710    -0.005     0.027     0.001
    18.720    -0.003    -0.001    -0.003
    18.730    -0.004    -0.011    -0.011
    18.740    -0.013    -0.013    -0.008
    18.750    -0.024    -0.010     0.008
    18.760    -0.025    -0.007     0.023
    18.770    -0.005     0.005     0.017
    18.780     0.008     0.010     0.008
    18.790     0.010     0.011     0.003
    18.800     0.001     0.025     0.004
    18.810    -0.002     0.025     0.003
    18.820     0.001    -0.004    -0.002
    18.830    -0.007    -0.035    -0.013
    18.840    -0.014    -0.023    -0.026
    18.850    -0.018    -0.001    -0.013
    18.860    -0.011     0.012     0.002
    18.870     0.003     0.002    -0.001
    18.880     0.014    -0.010    -0.007
    18.890     0.019     0.002    -0.015
    18.900     0.011     0.014    -0.017
    18.910     0.007     0.008     0.000
    18.920     0.009    -0.018     0.012
    18.930     0.015    -0.029    -0.006
    18.940     0.012    -0.023    -0.026
    18.950     0.006    -0.013    -0.019
    18.960     0.010    -0.007    -0.001
    18.970     0.006     0.003     0.006
    18.980     0.009     0.012     0.001
    18.990     0.012     0.007    -0.010
    19.000     0.014     0.003    -0.003
    19.010     0.015     0.000     0.007
    19.020     0.012    -0.003     0.008
    19.030     0.006    -0.018     0.001
    19.040    -0.013    -0.018    -0.006
    19.050    -0.024    -0.014     0.008
    19.060    -0.025    -0.005     0.002
    19.070    -0.021     0.010    -0.013
    19.080    -0.007     0.017    -0.004
    19.090    -0.001     0.015     0.015
    19.100    -0.002    -0.003     0.011
    19.110     0.006     0.000    -0.013
    19.120     0.009    -0.005    -0.020
    19.130     0.003    -0.013    -0.016
    19.140    -0.001    -0.016    -0.005
    19.150    -0.005    -0.009    -0.005
    19.160    -0.005     0.012    -0.011
    19.170    -0.013     0.004    -0.009
    19.180    -0.017    -0.002     0.005
    19.190    -0.001    -0.014     0.030
    19.200     0.010    -0.014     0.027
    19.210     0.008    -0.014     0.014
    19.220     0.003    -0.021    -0.003
    19.230    -0.002    -0.004    -0.025
    19.240     0.003     0.005    -0.035
    19.250     0.010     0.011    -0.021
    19.260     0.016     0.001     0.005
    19.270     0.018    -0.001     0.001
    19.280     0.016    -0.006     0.000
    19.290     0.008    -0.018     0.005
    19.300    -0.006    -0.005    -0.003
    19.310    -0.004    -0.001    -0.001
    19.320     0.005     0.004     0.009
    19.330     0.009     0.005     0.012
    19.340     0.006     0.005     0.001
    19.350     0.003     0.010    -0.008
    19.360     0.002    -0.001    -0.003
    19.370     0.005    -0.006     0.011
    19.380     0.005    -0.005     0.014
    19.390    -0.007    -0.017     0.008
    19.400    -0.005    -0.017     0.008
    19.410     0.000    -0.008     0.002
    19.420    -0.009     0.000    -0.015
    19.430    -0.018     0.004    -0.019
    19.440    -0.017    -0.012    -0.014
    19.450    -0.015    -0.019     0.002
    19.460    -0.021    -0.006     0.013
    19.470    -0.019    -0.011    -0.004
    19.480    -0.011    -0.020    -0.013
    19.490    -0.011    -0.011    -0.004
    19.500    -0.010    -0.003     0.004
    19.510    -0.001    -0.010     0.002
    19.520     0.000    -0.021    -0.007
    19.530     0.001    -0.012    -0.012
    19.540     0.004    -0.005    -0.015
    19.550     0.002    -0.005    -0.002
    19.560     0.010     0.011     0.001
    19.570     0.018     0.019    -0.004
    19.580     0.016     0.011     0.001
    19.590     0.004     0.002     0.001
    19.600    -0.001     0.003     0.002
    19.610    -0.001     0.004     0.004
    19.620     0.001    -0.004     0.004
    19.630     0.005     0.007     0.004
    19.640    -0.006     0.006    -0.012
    19.650     0.003    -0.013    -0.029
    19.660     0.017    -0.003    -0.016
    19.670     0.005     0.002     0.008
    19.680     0.002    -0.020     0.022
    19.690     0.005    -0.030     0.018
    19.700     0.000    -0.015    -0.003
    19.710    -0.011    -0.001    -0.004
    19.720    -0.011    -0.013     0.011
    19.730     0.001    -0.017     0.014
    19.740     0.004    -0.006     0.004
    19.750    -0.006    -0.014    -0.010
    19.760    -0.019    -0.016    -0.011
    19.770    -0.020     0.005    -0.008
    19.780    -0.016     0.010    -0.003
    19.790    -0.008    -0.007     0.005
    19.800    -0.003    -0.022     0.015
    19.810    -0.013    -0.016     0.015
    19.820    -0.018     0.002    -0.002
    19.830    -0.008     0.008    -0.005
    19.840     0.004     0.008     0.003
    19.850     0.007    -0.002     0.014
    19.860     0.004    -0.006     0.018
    19.870     0.001     0.008     0.002
    19.880     0.000     0.016    -0.015
    19.890     0.003     0.010    -0.026
    19.900     0.011    -0.004    -0.024
    19.910     0.014    -0.013    -0.006
    19.920     0.009    -0.009     0.015
    19.930     0.000    -0.008     0.020
    19.940    -0.003    -0.006     0.002
    19.950    -0.001     0.003    -0.021
    19.960     0.002     0.009    -0.028
    19.970     0.003     0.004    -0.008
    19.980    -0.005    -0.001     0.015
    19.990    -0.010     0.007     0.016
    20.000    -0.017     0.003     0.004
    20.010    -0.024    -0.003    -0.015
    20.020    -0.007    -0.005    -0.024
    20.030     0.006    -0.001    -0.011
    20.040     0.003    -0.004     0.003
    20.050     0.003    -0.014     0.007
    20.060    -0.001     0.005     0.009
    20.070    -0.007     0.022     0.007
    20.080    -0.009     0.024     0.002
    20.090     0.003     0.013     0.002
    20.100     0.014    -0.001     0.007
    20.110     0.005    -0.002     0.009
    20.120     0.003    -0.002     0.007
    20.130     0.010     0.003     0.005
    20.140     0.009    -0.002     0.000
    20.150     0.007    -0.010     0.001
    20.160     0.006    -0.004     0.014
    20.170     0.005     0.007     0.007
    20.180    -0.002     0.009    -0.004
    20.190    -0.001    -0.006     0.003
    20.200     0.010    -0.017     0.004
    20.210     0.004    -0.013     0.002
    20.220    -0.014    -0.004     0.007
    20.230    -0.022    -0.002     0.011
    20.240    -0.016     0.005     0.008
    20.250     0.002     0.014    -0.002
    20.260     0.011     0.011    -0.015
    20.270     0.006     0.002    -0.015
    20.280    -0.004    -0.001     0.001
    20.290    -0.017     0.002     0.006
    20.300    -0.011    -0.002    -0.003
    20.310     0.000    -0.001    -0.008
    20.320    -0.001     0.003    -0.009
    20.330     0.001     0.001    -0.005
    20.340    -0.002     0.005     0.010
    20.350    -0.003    -0.001     0.013
    20.360    -0.006    -0.004     0.010
    20.370     0.007    -0.002     0.002
    20.380     0.024     0.010    -0.008
    20.390     0.022     0.032    -0.010
    20.400     0.021     0.033    -0.005
    20.410     0.015     0.014     0.006
    20.420     0.004    -0.003     0.008
    20.430    -0.009    -0.010     0.005
    20.440    -0.014    -0.020     0.003
    20.450    -0.005    -0.011     0.003
    20.460     0.003     0.004     0.008
    20.470     0.006     0.000    -0.004
    20.480     0.008     0.000    -0.006
    20.490     0.012     0.011     0.004
    20.500     0.009     0.019     0.006
    20.510     0.001     0.006     0.001
    20.520    -0.002     0.005     0.005
    20.530     0.005     0.010     0.017
    20.540     0.003     0.005     0.003
    20.550    -0.001    -0.004    -0.015
    20.560     0.008    -0.008    -0.020
    20.570     0.001    -0.009    -0.016
    20.580    -0.008    -0.016    -0.005
    20.590    -0.013    -0.015     0.009
    20.600    -0.006    -0.006     0.014
    20.610     0.005     0.016     0.009
    20.620     0.005     0.019     0.015
    20.630     0.014     0.017     0.016
    20.640     0.011     0.014     0.005
    20.650     0.000    -0.005    -0.007
    20.660    -0.007     0.001    -0.009
    20.670    -0.010     0.001    -0.002
    20.680    -0.013    -0.003    -0.013
    20.690    -0.022    -0.005    -0.013
    20.700    -0.023    -0.009     0.001
    20.710    -0.022     0.006     0.011
    20.720    -0.014     0.007     0.011
    20.730     0.001     0.011    -0.003
    20.740     0.009     0.015    -0.011
    20.750     0.006     0.014    -0.015
    20.760     0.003     0.011    -0.004
    20.770     0.010     0.001     0.014
    20.780     0.021     0.008     0.022
    20.790     0.022     0.005     0.021
    20.800     0.015     0.006     0.007
    20.810     0.018     0.003    -0.003
    20.820     0.017    -0.004    -0.011
    20.830     0.011     0.004    -0.011
    20.840     0.017    -0.006     0.003
    20.850     0.020    -0.007     0.007
    20.860     0.020     0.005     0.007
    20.870     0.016     0.017    -0.004
    20.880     0.016     0.015    -0.014
    20.890     0.010     0.004    -0.014
    20.900    -0.002    -0.003    -0.009
    20.910    -0.002    -0.018     0.000
    20.920    -0.006    -0.018     0.002
    20.930    -0.003    -0.009     0.005
    20.940    -0.002     0.001     0.001
    20.950    -0.003     0.005    -0.003
    20.960     0.000     0.009    -0.003
    20.970    -0.003     0.011     0.006
    20.980     0.002    -0.012     0.014
    20.990     0.000    -0.015    -0.004
    21.000    -0.005    -0.006    -0.015
    21.010    -0.007     0.007    -0.010
    21.020    -0.013     0.009     0.004
    21.030    -0.014    -0.005     0.017
    21.040    -0.013     0.015     0.015
    21.050    -0.009     0.008     0.008
    21.060    -0.013    -0.007    -0.002
    21.070    -0.018     0.008    -0.007
    21.080    -0.009     0.015    -0.001
    21.090    -0.004     0.023     0.012
    21.100    -0.003     0.016     0.016
    21.110     0.004     0.018     0.007
    21.120     0.008     0.014    -0.006
    21.130     0.012    -0.006    -0.016
    21.140     0.006    -0.007    -0.005
    21.150     0.002     0.002     0.006
    21.160     0.013     0.001     0.005
    21.170     0.014     0.000    -0.002
    21.180     0.025     0.012    -0.009
    21.190     0.029     0.008     0.002
    21.200     0.020    -0.004     0.004
    21.210     0.018    -0.014    -0.005
    21.220     0.007    -0.021    -0.009
    21.230     0.002    -0.029    -0.009
    21.240     0.003    -0.026    -0.009
    21.250     0.008    -0.006    -0.009
    21.260     0.004     0.004    -0.007
    21.270    -0.001    -0.010     0.002
    21.280    -0.001    -0.025     0.011
    21.290    -0.013    -0.011     0.017
    21.300    -0.015    -0.006     0.006
    21.310    -0.012    -0.012    -0.006
    21.320    -0.002    -0.007     0.008
    21.330    -0.002     0.012     0.012
    21.340    -0.016     0.018     0.009
    21.350    -0.020     0.008     0.009
    21.360    -0.019     0.012     0.008
    21.370    -0.014     0.009     0.010
    21.380    -0.012     0.015     0.006
    21.390    -0.007     0.015     0.000
    21.400    -0.005     0.015    -0.009
    21.410     0.004     0.011    -0.006
    21.420     0.018    -0.009     0.000
    21.430     0.019    -0.001     0.000
    21.440     0.020     0.003     0.002
    21.450     0.018    -0.003     0.005
    21.460     0.016     0.005     0.008
    21.470     0.006     0.015     0.003
    21.480    -0.005     0.014     0.001
    21.490     0.002    -0.008     0.002
    21.500     0.012    -0.014     0.000
    21.510     0.016    -0.010    -0.004
    21.520     0.009     0.000    -0.008
    21.530    -0.002     0.005    -0.004
    21.540    -0.013    -0.005    -0.002
    21.550    -0.016    -0.012    -0.001
    21.560    -0.011    -0.021     0.001
    21.570    -0.004    -0.015     0.001
    21.580    -0.002    -0.008     0.000
    21.590    -0.004    -0.004     0.000
    21.600     0.003    -0.001    -0.001
    21.610     0.001     0.000    -0.007
    21.620    -0.009     0.006    -0.009
    21.630    -0.008    -0.002    -0.007
    21.640    -0.004    -0.008     0.002
    21.650     0.001    -0.003     0.004
    21.660     0.007     0.007    -0.005
    21.670     0.007     0.012    -0.003
    21.680     0.007     0.011     0.004
    21.690     0.010     0.010     0.002
    21.700     0.005    -0.001    -0.001
    21.710     0.001    -0.016     0.004
    21.720    -0.003    -0.011     0.008
    21.730    -0.012    -0.003     0.007
    21.740    -0.011    -0.002     0.007
    21.750    -0.004    -0.003     0.010
    21.760     0.006     0.002     0.016
    21.770     0.000     0.012     0.015
    21.780     0.000     0.001     0.008
    21.790     0.004     0.000     0.002
    21.800    -0.013     0.002    -0.002
    21.810    -0.021    -0.005    -0.008
    21.820    -0.017     0.001    -0.007
    21.830    -0.013     0.002    -0.004
    21.840    -0.006     0.014    -0.009
    21.850     0.006     0.010    -0.011
    21.860     0.011    -0.004    -0.009
    21.870    -0.008    -0.006    -0.007
    21.880    -0.013    -0.013    -0.003
    21.890    -0.001    -0.006     0.004
    21.900     0.008     0.010     0.002
    21.910     0.010     0.020    -0.005
    21.920     0.014     0.000    -0.005
    21.930     0.020    -0.012    -0.005
    21.940     0.014     0.000    -0.005
    21.950     0.002    -0.008    -0.002
    21.960    -0.006    -0.013     0.002
    21.970    -0.003    -0.009     0.001
    21.980     0.000    -0.001    -0.001
    21.990    -0.006     0.002     0.004
    22.000    -0.008    -0.007     0.006
    22.010    -0.010     0.004     0.004
    22.020    -0.011     0.008     0.001
    22.030    -0.009     0.000     0.000
    22.040    -0.005     0.003     0.005
    22.050    -0.007    -0.001     0.002
    22.060    -0.007    -0.001    -0.005
    22.070    -0.006    -0.007    -0.008
    22.080    -0.009    -0.015    -0.004
    22.090    -0.005    -0.004     0.001
    22.100     0.006     0.003     0.007
    22.110     0.015     0.006     0.004
    22.120     0.012     0.000    -0.010
    22.130     0.000    -0.015    -0.005
    22.140    -0.009    -0.009     0.009
    22.150    -0.007     0.000     0.012
    22.160    -0.001    -0.001     0.002
    22.170    -0.002    -0.004    -0.006
    22.180     0.003    -0.016    -0.006
    22.190     0.005    -0.011    -0.001
    22.200    -0.009     0.001     0.006
    22.210    -0.013     0.008     0.000
    22.220    -0.001     0.016    -0.007
    22.230     0.005     0.012    -0.007
    22.240     0.007     0.007    -0.005
    22.250     0.003    -0.004     0.000
    22.260    -0.006    -0.015     0.004
    22.270    -0.015    -0.015     0.012
    22.280    -0.020    -0.012     0.007
    22.290    -0.006    -0.010    -0.003
    22.300     0.005    -0.005    -0.008
    22.310     0.005     0.007    -0.011
    22.320     0.001     0.009    -0.010
    22.330    -0.006    -0.001    -0.004
    22.340    -0.003    -0.012     0.003
    22.350    -0.004    -0.002     0.003
    22.360    -0.004     0.005     0.004
    22.370     0.006     0.005     0.000
    22.380     0.005     0.000    -0.006
    22.390    -0.001    -0.008    -0.008
    22.400     0.000     0.011    -0.006
    22.410     0.000     0.016     0.001
    22.420    -0.002     0.012    -0.004
    22.430     0.005    -0.003    -0.002
    22.440     0.007    -0.021    -0.004
    22.450    -0.011    -0.011    -0.007
    22.460    -0.022    -0.013     0.000
    22.470    -0.022    -0.008     0.004
    22.480    -0.015    -0.001     0.003
    22.490    -0.007     0.005    -0.007
    22.500    -0.001     0.004    -0.007
    22.510     0.005     0.003    -0.006
    22.520     0.005     0.007    -0.007
    22.530     0.002    -0.006    -0.008
    22.540    -0.005     0.001    -0.005
    22.550    -0.011     0.004     0.002
    22.560    -0.012     0.004    -0.003
    22.570    -0.012     0.003    -0.004
    22.580    -0.005    -0.002    -0.006
    22.590    -0.006     0.011    -0.006
    22.600    -0.009     0.009    -0.002
    22.610    -0.004     0.019     0.001
    22.620     0.001     0.015     0.010
    22.630     0.008     0.006     0.008
    22.640     0.013     0.008     0.002
    22.650     0.005    -0.008    -0.007
    22.660    -0.006    -0.005    -0.011
    22.670    -0.009    -0.010    -0.002
    22.680    -0.010    -0.006     0.002
    22.690    -0.011     0.001     0.002
    22.700    -0.005    -0.004    -0.003
    22.710    -0.001     0.004     0.003
    22.720    -0.003     0.005     0.011
    22.730    -0.005     0.005     0.008
    22.740    -0.001     0.000     0.001
    22.750     0.005    -0.002    -0.004
    22.760     0.003     0.008    -0.004
    22.770     0.002     0.007    -0.004
    22.780    -0.004    -0.002     0.001
    22.790    -0.006    -0.011     0.000
    22.800     0.000    -0.016     0.000
    22.810     0.003    -0.006     0.000
    22.820     0.000     0.005    -0.010
    22.830    -0.001     0.006    -0.011
    22.840     0.005     0.008    -0.004
    22.850     0.002     0.005    -0.003
    22.860    -0.004     0.010    -0.007
    22.870    -0.003     0.002    -0.013
    22.880    -0.004    -0.009    -0.014
    22.890    -0.006    -0.005    -0.009
    22.900    -0.001    -0.002    -0.003
    22.910     0.007     0.004     0.006
    22.920     0.001    -0.001     0.006
    22.930    -0.010     0.010     0.001
    22.940    -0.005     0.009     0.003
    22.950     0.000    -0.001     0.000
    22.960    -0.003     0.006    -0.006
    22.970    -0.002     0.004    -0.005
    22.980     0.002     0.001     0.002
    22.990     0.001    -0.002     0.006
    23.000    -0.009    -0.001     0.003
    23.010    -0.005     0.005     0.007
    23.020     0.008     0.008     0.008
    23.030     0.006     0.001     0.004
    23.040     0.000    -0.002     0.001
    23.050     0.003     0.001     0.000
    23.060    -0.002    -0.003    -0.003
    23.070    -0.014    -0.003    -0.008
    23.080    -0.008     0.001    -0.010
    23.090     0.002     0.006    -0.005
    23.100     0.000     0.009     0.002
    23.110    -0.003     0.011     0.003
    23.120    -0.001    -0.001     0.002
    23.130    -0.001    -0.011    -0.001
    23.140    -0.003    -0.005    -0.002
    23.150    -0.001    -0.001     0.000
    23.160     0.005     0.000    -0.001
    23.170     0.011     0.003    -0.009
    23.180     0.014     0.012    -0.016
    23.190     0.012     0.010    -0.009
    23.200     0.003    -0.001     0.000
    23.210    -0.002     0.005    -0.001
    23.220     0.000     0.009    -0.002
    23.230    -0.002    -0.003     0.002
    23.240    -0.002    -0.011    -0.002
    23.250    -0.002     0.001    -0.005
    23.260    -0.003     0.009    -0.004
    23.270    -0.005     0.000    -0.009
    23.280    -0.005     0.010    -0.006
    23.290     0.002     0.009     0.002
    23.300    -0.003    -0.004     0.008
    23.310    -0.010    -0.008     0.004
    23.320    -0.005    -0.016    -0.002
    23.330    -0.004    -0.014     0.004
    23.340    -0.004    -0.023     0.004
    23.350    -0.003    -0.022     0.005
    23.360     0.001    -0.016     0.007
    23.370     0.001    -0.013    -0.001
    23.380     0.000     0.000     0.005
    23.390     0.013     0.005     0.009
    23.400     0.019     0.014     0.009
    23.410     0.017     0.012     0.008
    23.420     0.010     0.016    -0.001
    23.430     0.003     0.012    -0.003
    23.440     0.003     0.003    -0.003
    23.450     0.003     0.005    -0.004
    23.460     0.004     0.008    -0.006
    23.470     0.001     0.012    -0.006
    23.480     0.002     0.009    -0.009
    23.490     0.004     0.015    -0.006
    23.500     0.006     0.007     0.004
    23.510     0.000     0.004    -0.002
    23.520    -0.008     0.010    -0.007
    23.530    -0.010    -0.004    -0.008
    23.540    -0.009    -0.009    -0.011
    23.550    -0.005    -0.012    -0.006
    23.560    -0.001    -0.007    -0.004
    23.570    -0.002    -0.007     0.000
    23.580    -0.006    -0.008     0.001
    23.590    -0.007     0.001     0.000
    23.600     0.000    -0.002     0.001
    23.610     0.009    -0.004    -0.001
    23.620     0.018    -0.010    -0.003
    23.630     0.016    -0.006     0.002
    23.640     0.004    -0.009     0.008
    23.650    -0.001    -0.013     0.002
    23.660    -0.002     0.002     0.001
    23.670    -0.002    -0.004     0.001
    23.680    -0.001    -0.003     0.002
    23.690     0.004     0.005     0.005
    23.700     0.004     0.005     0.005
    23.710     0.001     0.004     0.002
    23.720     0.007    -0.004    -0.005
    23.730     0.004     0.001     0.000
    23.740    -0.001     0.000     0.005
    23.750     0.004    -0.004     0.002
    23.760     0.009     0.004     0.001
    23.770     0.004     0.006     0.000
    23.780    -0.004     0.009     0.002
    23.790    -0.001     0.008     0.000
    23.800     0.003     0.009    -0.005
    23.810    -0.001     0.012    -0.004
    23.820    -0.002    -0.001    -0.003
    23.830    -0.001    -0.003     0.002
    23.840    -0.004     0.003     0.009
    23.850    -0.009    -0.007     0.004
    23.860    -0.003    -0.003    -0.004
    23.870     0.004     0.008    -0.015
    23.880     0.001     0.012    -0.015
    23.890     0.010     0.000    -0.009
    23.900     0.013    -0.003    -0.007
    23.910     0.003     0.001     0.005
    23.920     0.005    -0.010     0.016
    23.930     0.001    -0.009     0.016
    23.940    -0.004    -0.007     0.012
    23.950     0.002     0.008     0.008
    23.960     0.006     0.005    -0.002
    23.970     0.006    -0.004    -0.007
    23.980    -0.001     0.004     0.000
    23.990    -0.008    -0.014     0.006
    24.000    -0.009    -0.009     0.011
    24.010    -0.006    -0.006     0.007
    24.020    -0.005    -0.012     0.002
    24.030    -0.003    -0.008    -0.002
    24.040     0.000    -0.011    -0.005
    24.050     0.002    -0.004     0.003
    24.060     0.003    -0.003     0.008
    24.070     0.008     0.005     0.007
    24.080     0.015     0.016     0.002
    24.090     0.018     0.011    -0.011
    24.100     0.014     0.002    -0.010
    24.110     0.001    -0.005    -0.004
    24.120    -0.012    -0.002     0.000
    24.130    -0.013     0.005     0.001
    24.140     0.000     0.006     0.004
    24.150     0.006     0.002     0.004
    24.160     0.008     0.015    -0.002
    24.170     0.005     0.021     0.000
    24.180     0.002     0.010     0.006
    24.190    -0.002     0.002     0.007
    24.200    -0.004    -0.007     0.003
    24.210    -0.004    -0.006     0.004
    24.220    -0.007    -0.009     0.007
    24.230    -0.002    -0.006     0.001
    24.240    -0.001     0.007    -0.002
    24.250    -0.004     0.015     0.000
    24.260     0.002     0.013     0.007
    24.270     0.005     0.011     0.012
    24.280     0.007     0.004     0.010
    24.290     0.004    -0.007     0.003
    24.300     0.001    -0.011     0.003
    24.310    -0.007    -0.008     0.008
    24.320    -0.013     0.000     0.005
    24.330    -0.009    -0.004    -0.006
    24.340    -0.003    -0.003    -0.015
    24.350    -0.001     0.008    -0.011
    24.360    -0.005     0.006    -0.002
    24.370     0.002    -0.004    -0.003
    24.380     0.005    -0.005    -0.008
    24.390    -0.002    -0.001    -0.007
    24.400     0.003    -0.004     0.002
    24.410     0.004    -0.001     0.005
    24.420     0.003     0.005    -0.005
    24.430     0.005     0.010    -0.013
    24.440     0.008     0.001    -0.012
    24.450     0.001    -0.007    -0.003
    24.460     0.000     0.000     0.002
    24.470     0.011    -0.012    -0.003
    24.480     0.008    -0.009    -0.008
    24.490     0.003     0.004    -0.005
    24.500    -0.001     0.011     0.007
    24.510     0.001     0.022     0.010
    24.520     0.008     0.009     0.001
    24.530     0.002     0.001    -0.003
    24.540     0.000    -0.008     0.001
    24.550    -0.006    -0.006     0.002
    24.560    -0.016     0.001     0.010
    24.570    -0.013    -0.007     0.018
    24.580    -0.013     0.000     0.010
    24.590    -0.016    -0.001     0.005
    24.600    -0.015     0.004     0.011
    24.610    -0.007     0.004     0.013
    24.620    -0.001    -0.001     0.013
    24.630    -0.002     0.003     0.008
    24.640    -0.003    -0.007     0.007
    24.650    -0.001    -0.003     0.004
    24.660     0.001     0.001    -0.007
    24.670     0.005     0.004    -0.006
    24.680     0.004     0.007     0.002
    24.690     0.001     0.000     0.012
    24.700     0.002     0.001     0.013
    24.710    -0.006    -0.001     0.004
    24.720    -0.012    -0.002     0.003
    24.730    -0.006     0.001    -0.005
    24.740    -0.001    -0.001     0.001
    24.750    -0.001     0.006     0.009
    24.760    -0.001     0.014     0.003
    24.770    -0.001     0.009    -0.002
    24.780    -0.003     0.006    -0.007
    24.790    -0.001     0.004    -0.009
    24.800     0.002    -0.001    -0.015
    24.810     0.001     0.001    -0.010
    24.820     0.005    -0.001    -0.002
    24.830     0.005    -0.002    -0.001
    24.840     0.005    -0.007    -0.001
    24.850     0.001    -0.009    -0.001
    24.860    -0.003    -0.005     0.000
    24.870     0.000    -0.001    -0.001
    24.880    -0.002     0.009    -0.002
    24.890    -0.001     0.011     0.000
    24.900     0.001     0.005     0.001
    24.910     0.001    -0.010     0.000
    24.920    -0.005    -0.007    -0.002
    24.930    -0.012     0.009     0.003
    24.940    -0.008     0.005     0.008
    24.950    -0.005     0.006     0.006
    24.960    -0.003     0.008     0.009
    24.970    -0.002     0.005     0.007
    24.980    -0.012     0.007     0.006
    24.990    -0.010     0.006     0.010
    25.000    -0.006     0.011     0.004
    25.010    -0.005     0.006     0.004
    25.020     0.000     0.005     0.005
    25.030    -0.007     0.008    -0.001
    25.040    -0.008    -0.005    -0.002
    25.050    -0.004    -0.004    -0.005
    25.060    -0.002    -0.007     0.001
    25.070     0.002    -0.007     0.010
    25.080     0.004    -0.001     0.010
    25.090     0.005    -0.007     0.003
    25.100     0.005     0.007    -0.002
    25.110    -0.002     0.008    -0.003
    25.120    -0.004     0.006    -0.002
    25.130     0.002     0.008     0.003
    25.140     0.004     0.008    -0.003
    25.150     0.003     0.011    -0.004
    25.160     0.003    -0.004     0.001
    25.170    -0.006    -0.012    -0.005
    25.180    -0.008    -0.018    -0.004
    25.190    -0.005    -0.013    -0.003
    25.200     0.003    -0.004    -0.006
    25.210     0.011    -0.002    -0.005
    25.220     0.012     0.011    -0.005
    25.230     0.013    -0.001    -0.007
    25.240     0.007    -0.002    -0.002
    25.250     0.003    -0.001     0.005
    25.260    -0.002    -0.002    -0.001
    25.270    -0.005     0.001    -0.007
    25.280    -0.004    -0.005    -0.007
    25.290    -0.014     0.008    -0.001
    25.300    -0.013     0.003    -0.003
    25.310    -0.009    -0.003    -0.005
    25.320    -0.007     0.005     0.002
    25.330    -0.006     0.009    -0.006
    25.340    -0.009     0.012    -0.008
    25.350    -0.003    -0.001     0.002
    25.360    -0.008     0.007     0.004
    25.370    -0.011     0.009     0.002
    25.380    -0.009     0.004    -0.002
    25.390    -0.011     0.005     0.001
    25.400    -0.004     0.004     0.001
    25.410    -0.002     0.003    -0.002
    25.420     0.001    -0.008    -0.001
    25.430    -0.002     0.004    -0.002
    25.440    -0.002     0.001    -0.002
    25.450     0.004     0.000    -0.005
    25.460     0.003     0.008     0.001
    25.470     0.003     0.003     0.007
    25.480     0.004     0.003     0.006
    25.490     0.016     0.002     0.002
    25.500     0.011     0.009    -0.002
    25.510     0.006     0.002    -0.004
    25.520     0.011     0.003    -0.007
    25.530     0.007     0.005    -0.007
    25.540     0.007    -0.002    -0.007
    25.550     0.004    -0.003     0.002
    25.560     0.003    -0.011     0.007
    25.570     0.002     0.005     0.001
    25.580     0.005     0.003    -0.003
    25.590     0.003    -0.002    -0.005
    25.600    -0.001    -0.003    -0.004
    25.610    -0.001    -0.013    -0.003
    25.620    -0.006    -0.007     0.000
    25.630    -0.003    -0.007    -0.003
    25.640    -0.006     0.002    -0.003
    25.650    -0.014     0.003    -0.003
    25.660    -0.013     0.005     0.000
    25.670    -0.004     0.008    -0.001
    25.680    -0.004    -0.001    -0.007
    25.690    -0.008     0.006    -0.004
    25.700    -0.010     0.007    -0.009
    25.710    -0.019     0.002    -0.007
    25.720    -0.020     0.000    -0.001
    25.730    -0.016     0.004     0.002
    25.740    -0.015     0.004     0.002
    25.750    -0.013     0.000    -0.001
    25.760    -0.013     0.006     0.007
    25.770    -0.004     0.010     0.007
    25.780     0.003     0.008     0.004
    25.790     0.003     0.004     0.006
    25.800     0.008     0.002     0.009
    25.810     0.012    -0.014     0.002
    25.820     0.010    -0.014    -0.007
    25.830     0.005     0.001    -0.002
    25.840     0.006    -0.005    -0.002
    25.850     0.012    -0.008     0.000
    25.860     0.015    -0.002    -0.003
    25.870     0.007     0.004    -0.007
    25.880     0.001    -0.003    -0.004
    25.890     0.005    -0.002    -0.007
    25.900     0.002     0.007    -0.002
    25.910    -0.006     0.002     0.001
    25.920    -0.004    -0.005     0.000
    25.930     0.002    -0.004     0.007
    25.940     0.000     0.007     0.006
    25.950    -0.002    -0.005     0.009
    25.960    -0.001    -0.006     0.012
    25.970    -0.002     0.013     0.007
    25.980    -0.002     0.010    -0.002
    25.990    -0.001     0.003    -0.006
    26.000     0.000     0.001    -0.005
    26.010    -0.009     0.003    -0.011
    26.020    -0.013    -0.006    -0.011
    26.030    -0.004    -0.009    -0.011
    26.040    -0.008     0.006    -0.009
    26.050    -0.009     0.003    -0.009
    26.060     0.004    -0.017    -0.005
    26.070     0.010    -0.015     0.001
    26.080    -0.001    -0.005    -0.006
    26.090    -0.010    -0.011    -0.005
    26.100    -0.005    -0.006     0.000
    26.110    -0.009     0.001    -0.001
    26.120    -0.007    -0.001    -0.001
    26.130     0.002    -0.009     0.005
    26.140    -0.001    -0.008     0.008
    26.150    -0.004     0.001     0.006
    26.160    -0.009     0.000     0.001
    26.170    -0.010    -0.001    -0.003
    26.180    -0.003    -0.002     0.001
    26.190    -0.005    -0.003     0.005
    26.200    -0.006    -0.005     0.011
    26.210    -0.005    -0.006     0.012
    26.220    -0.001    -0.010     0.010
    26.230     0.000    -0.011     0.007
    26.240    -0.005    -0.001     0.001
    26.250     0.002    -0.002     0.001
    26.260     0.009     0.003     0.002
    26.270     0.012     0.008     0.005
    26.280     0.015     0.009     0.007
    26.290     0.012     0.009     0.004
    26.300     0.010     0.005     0.006
    26.310     0.001     0.010     0.005
    26.320    -0.001     0.005     0.005
    26.330     0.003     0.000     0.003
    26.340     0.001     0.005     0.000
    26.350    -0.001     0.002     0.002
    26.360    -0.005     0.004     0.006
    26.370    -0.001     0.005    -0.002
    26.380     0.003     0.005    -0.008
    26.390     0.009     0.005    -0.009
    26.400     0.011    -0.002    -0.011
    26.410     0.001    -0.012    -0.006
    26.420    -0.008    -0.011    -0.005
    26.430    -0.013    -0.012    -0.001
    26.440    -0.015    -0.013     0.002
    26.450    -0.017     0.001    -0.002
    26.460    -0.009    -0.004     0.000
    26.470     0.002    -0.001     0.004
    26.480    -0.004     0.001     0.004
    26.490    -0.009    -0.009     0.002
    26.500    -0.004    -0.009     0.004
    26.510    -0.003    -0.005     0.003
    26.520    -0.002     0.003     0.006
    26.530     0.004     0.003     0.009
    26.540     0.010    -0.001     0.003
    26.550     0.011     0.004     0.001
    26.560     0.008     0.005    -0.008
    26.570     0.007    -0.004    -0.002
    26.580     0.010     0.002     0.006
    26.590     0.007     0.011     0.006
    26.600     0.010     0.004     0.009
    26.610     0.008     0.003     0.002
    26.620    -0.003     0.000    -0.001
    26.630    -0.004    -0.003    -0.007
    26.640    -0.006    -0.005    -0.009
    26.650    -0.006    -0.004    -0.003
    26.660    -0.007     0.004    -0.006
    26.670    -0.002     0.001    -0.002
    26.680     0.007     0.002     0.000
    26.690     0.002     0.011    -0.002
    26.700     0.000     0.006     0.003
    26.710     0.007     0.002     0.004
    26.720     0.006     0.008     0.003
    26.730     0.007     0.007     0.002
    26.740     0.006     0.005     0.002
    26.750    -0.001    -0.005     0.005
    26.760    -0.002    -0.012     0.001
    26.770    -0.003    -0.002     0.003
    26.780    -0.002     0.000     0.007
    26.790     0.002    -0.003     0.006
    26.800     0.006     0.002     0.007
    26.810     0.010    -0.002     0.002
    26.820     0.005    -0.006    -0.005
    26.830     0.000    -0.005    -0.003
    26.840     0.001     0.006    -0.004
    26.850     0.005     0.012    -0.003
    26.860     0.009     0.002     0.000
    26.870     0.007     0.005     0.000
    26.880     0.002     0.004    -0.002
    26.890    -0.004    -0.001    -0.007
    26.900    -0.009     0.001    -0.001
    26.910    -0.004     0.008     0.005
    26.920    -0.001     0.017     0.003
    26.930     0.003     0.007     0.003
    26.940     0.009     0.010     0.005
    26.950     0.001     0.014     0.003
    26.960    -0.010     0.010     0.000
    26.970    -0.009     0.002     0.004
    26.980    -0.007     0.009     0.004
    26.990    -0.007     0.021     0.007
    27.000    -0.003     0.008     0.004
    27.010    -0.004     0.003     0.004
    27.020     0.001    -0.004     0.006
    27.030     0.001     0.000     0.002
    27.040     0.004    -0.004     0.005
    27.050     0.012     0.003     0.006
    27.060     0.014     0.010     0.004
    27.070     0.018    -0.008     0.003
    27.080     0.019     0.001    -0.002
    27.090     0.020    -0.007    -0.004
    27.100     0.010    -0.008     0.001
    27.110     0.006    -0.006     0.002
    27.120     0.013    -0.005     0.002
    27.130     0.010     0.010     0.001
    27.140     0.012     0.001    -0.002
    27.150     0.010     0.001     0.003
    27.160     0.000    -0.001     0.001
    27.170    -0.003     0.000    -0.003
    27.180    -0.001     0.000    -0.001
    27.190    -0.001     0.003     0.003
    27.200    -0.003     0.016     0.005
    27.210     0.001     0.013    -0.002
    27.220     0.000     0.011    -0.001
    27.230    -0.003     0.004     0.002
    27.240    -0.004     0.009    -0.005
    27.250    -0.002     0.007    -0.006
    27.260     0.003     0.001    -0.001
    27.270     0.001     0.009    -0.001
    27.280    -0.001     0.006    -0.002
    27.290    -0.007     0.011    -0.003
    27.300    -0.011     0.000     0.000
    27.310    -0.009     0.003     0.004
    27.320    -0.005    -0.001     0.005
    27.330     0.004    -0.010     0.006
    27.340     0.002     0.002     0.003
    27.350     0.003    -0.004     0.002
    27.360     0.006     0.001     0.001
    27.370     0.004    -0.007     0.002
    27.380     0.005    -0.006     0.000
    27.390     0.007     0.001    -0.004
    27.400     0.003    -0.006     0.001
    27.410    -0.002    -0.005     0.004
    27.420     0.003    -0.009     0.002
    27.430     0.002    -0.002     0.002
    27.440     0.000    -0.006     0.006
    27.450     0.006    -0.004     0.003
    27.460     0.006    -0.005    -0.002
    27.470     0.005    -0.012     0.000
    27.480     0.004    -0.010     0.002
    27.490     0.004    -0.004     0.000
    27.500     0.001     0.010    -0.004
    27.510     0.002     0.004    -0.006
    27.520     0.010     0.005    -0.006
    27.530     0.008     0.011    -0.004
    27.540     0.000     0.005    -0.006
    27.550    -0.004    -0.002    -0.007
    27.560    -0.006    -0.002    -0.003
    27.570    -0.006     0.010    -0.008
    27.580     0.001     0.009    -0.012
    27.590     0.005     0.005    -0.007
    27.600     0.000     0.003    -0.009
    27.610    -0.010    -0.003    -0.008
    27.620    -0.013    -0.007    -0.003
    27.630    -0.011     0.003     0.006
    27.640    -0.007     0.005     0.006
    27.650    -0.001     0.006     0.001
    27.660     0.005     0.008    -0.001
    27.670     0.003    -0.001    -0.004
    27.680    -0.004    -0.001     0.003
    27.690    -0.009    -0.013    -0.003
    27.700    -0.010    -0.014    -0.003
    27.710    -0.010    -0.005     0.005
    27.720    -0.007    -0.009     0.003
    27.730    -0.001    -0.014     0.005
    27.740     0.002    -0.016     0.004
    27.750     0.002    -0.012     0.002
    27.760     0.004    -0.008    -0.001
    27.770     0.002    -0.004    -0.002
    27.780     0.004    -0.005    -0.004
    27.790     0.008    -0.001    -0.010
    27.800     0.009    -0.003    -0.006
    27.810     0.001    -0.009    -0.005
    27.820    -0.008    -0.006    -0.003
    27.830     0.001    -0.007    -0.006
    27.840     0.003    -0.003     0.000
    27.850     0.003    -0.009     0.008
    27.860     0.003     0.000     0.005
    27.870     0.000    -0.006     0.004
    27.880    -0.003    -0.012    -0.007
    27.890    -0.010     0.002    -0.008
    27.900    -0.005    -0.007    -0.007
    27.910    -0.003    -0.006    -0.003
    27.920    -0.001    -0.013     0.002
    27.930    -0.003    -0.001     0.000
    27.940    -0.006     0.002     0.007
    27.950     0.000    -0.007     0.003
    27.960    -0.007     0.003     0.000
    27.970    -0.003    -0.001     0.000
    27.980     0.002     0.008    -0.001
    27.990     0.003    -0.009     0.002
    28.000     0.004    -0.013     0.003
    28.010    -0.001    -0.007     0.002
    28.020    -0.002    -0.021    -0.007
    28.030    -0.009    -0.009    -0.006
    28.040    -0.005    -0.008    -0.005
    28.050    -0.001     0.001    -0.005
    28.060     0.001    -0.003     0.000
    28.070    -0.002    -0.002    -0.003
    28.080    -0.014     0.001    -0.003
    28.090    -0.013    -0.012    -0.008
    28.100    -0.013     0.004    -0.009
    28.110    -0.003     0.007    -0.014
    28.120     0.004     0.011    -0.019
    28.130     0.008     0.005    -0.008
    28.140     0.007     0.007    -0.010
    28.150    -0.005     0.010    -0.008
    28.160    -0.001    -0.007    -0.002
    28.170     0.001     0.005     0.004
    28.180     0.007     0.007     0.007
    28.190     0.006     0.010     0.001
    28.200     0.000     0.000     0.000
    28.210    -0.001    -0.005    -0.004
    28.220    -0.009    -0.002    -0.003
    28.230    -0.009    -0.014    -0.002
    28.240    -0.010    -0.003     0.007
    28.250    -0.008    -0.002     0.010
    28.260    -0.004     0.004     0.001
    28.270    -0.003     0.003     0.003
    28.280    -0.001    -0.003    -0.002
    28.290    -0.007     0.002     0.003
    28.300    -0.003    -0.012     0.005
    28.310    -0.002    -0.015     0.000
    28.320     0.002    -0.016     0.003
    28.330     0.002    -0.009     0.000
    28.340    -0.003    -0.006     0.002
    28.350     0.002    -0.015     0.003
    28.360     0.000    -0.004     0.005
    28.370     0.006    -0.001     0.005
    28.380     0.007    -0.003     0.002
    28.390     0.004     0.003     0.004
    28.400     0.003     0.010     0.000
    28.410    -0.007     0.007    -0.001
    28.420    -0.004    -0.004    -0.003
    28.430    -0.006    -0.001    -0.007
    28.440    -0.007    -0.001    -0.007
    28.450    -0.005     0.001    -0.006
    28.460    -0.006     0.003     0.000
    28.470    -0.006     0.013     0.000
    28.480    -0.010     0.013     0.004
    28.490    -0.005     0.001     0.002
    28.500    -0.004     0.014     0.001
    28.510    -0.001     0.012     0.004
    28.520     0.000     0.005    -0.004
    28.530     0.000    -0.004    -0.001
    28.540    -0.002     0.004    -0.003
    28.550    -0.010     0.010    -0.001
    28.560    -0.008    -0.003     0.002
    28.570     0.003     0.002     0.003
    28.580     0.011     0.000     0.007
    28.590     0.004     0.000     0.001
    28.600     0.003    -0.004    -0.005
    28.610     0.001    -0.002    -0.004
    28.620    -0.008     0.007     0.002
    28.630    -0.010    -0.002    -0.002
    28.640    -0.005    -0.003    -0.003
    28.650    -0.002    -0.004     0.000
    28.660    -0.014     0.000     0.000
    28.670    -0.012    -0.004     0.000
    28.680    -0.006     0.001    -0.002
    28.690    -0.012     0.010    -0.004
    28.700    -0.005     0.002    -0.003
    28.710     0.000     0.004     0.005
    28.720     0.006     0.003     0.003
    28.730     0.000     0.007     0.000
    28.740    -0.010     0.002     0.005
    28.750    -0.006    -0.002     0.007
    28.760    -0.006     0.009     0.008
    28.770    -0.001     0.000     0.002
    28.780     0.005     0.001     0.008
    28.790     0.007     0.005     0.007
    28.800     0.001     0.006     0.002
    28.810    -0.002     0.004     0.006
    28.820     0.001     0.000     0.002
    28.830     0.001     0.005     0.011
    28.840    -0.001     0.008     0.008
    28.850     0.000     0.014    -0.001
    28.860     0.009     0.006    -0.005
    28.870     0.010     0.002    -0.011
    28.880     0.005     0.000    -0.005
    28.890     0.004    -0.006    -0.004
    28.900    -0.001    -0.001    -0.002
    28.910    -0.002     0.002     0.001
    28.920    -0.003     0.000    -0.004
    28.930     0.000    -0.008    -0.005
    28.940     0.000    -0.008    -0.007
    28.950    -0.010    -0.004    -0.005
    28.960    -0.013    -0.006    -0.006
    28.970    -0.007    -0.004    -0.008
    28.980    -0.008     0.001    -0.003
    28.990    -0.011     0.007    -0.002
    29.000    -0.008     0.000    -0.005
    29.010    -0.008     0.003     0.002
    29.020    -0.010     0.013     0.006
    29.030    -0.007     0.006     0.001
    29.040     0.003     0.001    -0.004
    29.050     0.006     0.008    -0.004
    29.060    -0.003     0.014     0.002
    29.070    -0.001     0.007     0.004
    29.080     0.004     0.005     0.007
    29.090     0.001     0.008     0.009
    29.100     0.004     0.007     0.005
    29.110     0.008     0.002     0.001
    29.120     0.009     0.005     0.001
    29.130     0.004     0.006     0.005
    29.140     0.002     0.000     0.007
    29.150     0.004     0.003     0.009
    29.160    -0.001    -0.004     0.006
    29.170    -0.004    -0.002    -0.002
    29.180     0.004     0.001     0.004
    29.190     0.006     0.003     0.006
    29.200    -0.004     0.009     0.007
    29.210    -0.004    -0.006     0.013
    29.220     0.003    -0.008     0.006
    29.230     0.003    -0.010     0.004
    29.240     0.000    -0.006     0.006
    29.250    -0.001    -0.002     0.004
    29.260     0.008    -0.009     0.000
    29.270     0.004     0.001    -0.005
    29.280     0.001     0.003    -0.006
    29.290     0.004     0.004    -0.006
    29.300     0.004    -0.001    -0.007
    29.310     0.008    -0.006    -0.008
    29.320     0.003    -0.003    -0.003
    29.330     0.006    -0.005    -0.003
    29.340     0.001     0.005    -0.008
    29.350    -0.008     0.006    -0.003
    29.360    -0.005     0.004    -0.002
    29.370    -0.003     0.007    -0.002
    29.380     0.000     0.007    -0.001
    29.390    -0.003     0.007     0.001
    29.400    -0.006     0.003     0.001
    29.410    -0.004     0.011    -0.004
    29.420    -0.002     0.016     0.000
    29.430    -0.002     0.006     0.002
    29.440     0.000     0.003     0.003
    29.450     0.005    -0.001     0.002
    29.460    -0.002    -0.001    -0.001
    29.470    -0.007     0.002     0.004
    29.480    -0.010     0.000     0.006
    29.490    -0.012     0.005     0.002
    29.500    -0.004     0.006    -0.002
    29.510     0.008     0.002    -0.001
    29.520     0.012     0.000     0.004
    29.530     0.006    -0.006     0.012
    29.540     0.002    -0.016     0.004
    29.550     0.002    -0.006     0.001
    29.560     0.003     0.004     0.008
    29.570     0.003     0.009     0.005
    29.580     0.007     0.006     0.008
    29.590     0.013    -0.001     0.003
    29.600     0.006     0.004    -0.002
    29.610     0.000    -0.005     0.002
    29.620     0.008    -0.005     0.000
    29.630     0.007    -0.002     0.000
    29.640     0.004     0.002    -0.002
    29.650     0.004     0.001     0.000
    29.660    -0.003    -0.003    -0.001
    29.670    -0.003     0.010    -0.006
    29.680    -0.006     0.005    -0.012
    29.690    -0.003     0.007    -0.009
    29.700     0.003     0.013    -0.003
    29.710    -0.004     0.004    -0.006
    29.720    -0.003     0.005    -0.003
    29.730     0.001     0.003    -0.004
    29.740    -0.002     0.003    -0.004
    29.750    -0.005     0.008     0.002
    29.760     0.000     0.002     0.001
    29.770     0.003    -0.005    -0.002
    29.780    -0.002     0.000     0.000
    29.790     0.002     0.008     0.006
    29.800     0.007     0.006     0.008
    29.810     0.004     0.000     0.010
    29.820     0.002     0.006     0.011
    29.830     0.007     0.007     0.010
    29.840     0.009     0.000     0.007
    29.850     0.008     0.004     0.003
    29.860     0.008     0.006    -0.003
    29.870     0.010     0.004    -0.002
    29.880     0.010     0.000     0.005
    29.890     0.004     0.008     0.002
    29.900     0.006     0.011     0.000
    29.910     0.008     0.002     0.003
    29.920     0.009    -0.003    -0.003
    29.930     0.007    -0.003    -0.004
    29.940     0.002     0.003    -0.006
    29.950     0.003    -0.006    -0.005
    29.960     0.002    -0.010    -0.004
    29.970     0.002     0.000    -0.007
    29.980     0.006     0.002    -0.005
    29.990     0.003    -0.005    -0.008
    30.000     0.004     0.001    -0.001
    30.010     0.001     0.008    -0.003
    30.020    -0.001    -0.001    -0.008
    30.030     0.004    -0.005     0.002
    30.040    -0.006    -0.006     0.003
    30.050    -0.013    -0.004     0.000
    30.060    -0.006    -0.006    -0.002
    30.070    -0.002    -0.003    -0.001
    30.080    -0.005     0.012     0.002
    30.090    -0.001     0.006     0.002
    30.100     0.003     0.001     0.001
    30.110     0.004     0.001     0.002
    30.120     0.001    -0.004     0.006
    30.130    -0.004    -0.005     0.000
    30.140    -0.001     0.001     0.000
    30.150    -0.001     0.004     0.006
    30.160    -0.001    -0.004     0.003
    30.170     0.007    -0.003     0.005
    30.180     0.014     0.004     0.001
    30.190     0.015     0.002    -0.003
    30.200     0.012    -0.004    -0.002
    30.210     0.008     0.003     0.000
    30.220     0.000     0.003     0.001
    30.230     0.000    -0.003     0.002
    30.240     0.003    -0.003     0.007
    30.250     0.008    -0.004     0.002
    30.260     0.015     0.002    -0.002
    30.270     0.015     0.000    -0.003
    30.280     0.013    -0.004     0.000
    30.290     0.014    -0.005     0.000
    30.300     0.012    -0.006    -0.007
    30.310     0.008     0.001    -0.006
    30.320     0.005     0.009    -0.007
    30.330     0.007     0.010    -0.007
    30.340     0.006     0.010    -0.006
    30.350    -0.003     0.007    -0.007
    30.360    -0.008     0.000    -0.008
    30.370    -0.004     0.009    -0.006
    30.380     0.003     0.005    -0.006
    30.390     0.003     0.007    -0.004
    30.400     0.001     0.008     0.002
    30.410    -0.003    -0.005    -0.002
    30.420    -0.012    -0.001    -0.003
    30.430    -0.009    -0.005    -0.003
    30.440    -0.011     0.001    -0.004
    30.450    -0.010     0.001     0.000
    30.460    -0.005    -0.005    -0.003
    30.470    -0.007    -0.001    -0.001
    30.480    -0.003    -0.004     0.001
    30.490    -0.001    -0.006     0.000
    30.500     0.000    -0.011     0.004
    30.510     0.001    -0.001     0.002
    30.520     0.002     0.003     0.002
    30.530     0.008     0.000     0.006
    30.540     0.005     0.010     0.006
    30.550     0.006     0.006    -0.001
    30.560     0.010     0.002    -0.007
    30.570     0.007    -0.008    -0.002
    30.580     0.000    -0.002    -0.005
    30.590    -0.004     0.005    -0.002
    30.600     0.000    -0.006     0.004
    30.610    -0.002     0.003     0.003
    30.620    -0.004     0.007     0.003
    30.630     0.005     0.005    -0.003
    30.640     0.010    -0.002    -0.003
    30.650     0.006     0.002     0.000
    30.660    -0.001     0.004     0.002
    30.670    -0.008    -0.007     0.003
    30.680    -0.013    -0.002     0.001
    30.690    -0.013     0.003     0.000
    30.700    -0.006     0.002     0.001
    30.710     0.005    -0.008     0.001
    30.720     0.010     0.001     0.002
    30.730     0.005     0.007     0.002
    30.740     0.000    -0.012    -0.001
    30.750    -0.002    -0.011     0.002
    30.760    -0.008    -0.001     0.002
    30.770    -0.013     0.000    -0.002
    30.780    -0.008    -0.001     0.001
    30.790    -0.004     0.001     0.003
    30.800    -0.007     0.009     0.002
    30.810    -0.005     0.005     0.003
    30.820    -0.008    -0.001     0.005
    30.830    -0.012     0.008     0.002
    30.840    -0.009     0.009    -0.006
    30.850    -0.004     0.004    -0.004
    30.860    -0.001     0.001     0.000
    30.870    -0.009     0.007     0.004
    30.880    -0.014     0.006     0.003
    30.890    -0.015    -0.002    -0.003
    30.900    -0.014     0.004    -0.004
    30.910    -0.010     0.007    -0.005
    30.920    -0.002     0.006    -0.007
    30.930     0.005     0.000    -0.007
    30.940     0.003    -0.003    -0.002
    30.950    -0.001     0.005    -0.006
    30.960     0.002     0.003    -0.009
    30.970     0.006    -0.005    -0.004
    30.980     0.004    -0.002    -0.003
    30.990     0.003     0.005    -0.007
    31.000     0.010     0.001    -0.004
    31.010     0.009    -0.011     0.003
    31.020     0.000    -0.005     0.001
    31.030    -0.003     0.000    -0.004
    31.040    -0.004    -0.015     0.002
    31.050     0.000    -0.004     0.007
    31.060     0.000     0.002     0.002
    31.070    -0.001    -0.004     0.002
    31.080     0.003    -0.005     0.005
    31.090    -0.001     0.004     0.006
    31.100    -0.008     0.012     0.011
    31.110    -0.003    -0.003     0.007
    31.120    -0.007     0.002     0.002
    31.130    -0.011     0.012     0.005
    31.140    -0.008     0.006    -0.001
    31.150    -0.009    -0.003     0.004
    31.160    -0.006     0.005     0.005
    31.170    -0.005     0.012     0.000
    31.180    -0.001    -0.004     0.000
    31.190     0.002     0.003    -0.002
    31.200    -0.002     0.010    -0.002
    31.210    -0.002     0.005    -0.009
    31.220     0.000     0.000    -0.001
    31.230    -0.003     0.002    -0.001
    31.240    -0.003     0.009    -0.008
    31.250    -0.001     0.000    -0.005
    31.260     0.000     0.008    -0.010
    31.270    -0.001     0.015    -0.005
    31.280    -0.005     0.006    -0.007
    31.290    -0.005    -0.001    -0.005
    31.300    -0.004    -0.003    -0.001
    31.310    -0.007    -0.003    -0.004
    31.320    -0.010    -0.008     0.002
    31.330    -0.011     0.000    -0.002
    31.340    -0.008    -0.003    -0.001
    31.350    -0.007    -0.004     0.006
    31.360    -0.002    -0.004     0.002
    31.370     0.004    -0.006    -0.003
    31.380     0.003    -0.003    -0.001
    31.390     0.003    -0.015     0.000
    31.400    -0.001    -0.008     0.000
    31.410    -0.002    -0.001     0.001
    31.420    -0.001    -0.001     0.004
    31.430     0.002     0.002     0.005
    31.440     0.006     0.007    -0.002
    31.450     0.001     0.015    -0.004
    31.460     0.001     0.005     0.001
    31.470     0.001     0.006     0.001
    31.480     0.000     0.006     0.000
    31.490     0.003     0.008    -0.002
    31.500     0.006     0.005    -0.002
    31.510     0.007     0.000     0.000
    31.520    -0.006     0.015     0.002
    31.530    -0.006     0.015     0.002
    31.540    -0.002     0.011    -0.006
    31.550    -0.006     0.004    -0.003
    31.560    -0.004     0.008     0.001
    31.570    -0.003     0.001    -0.005
    31.580     0.002    -0.008    -0.004
    31.590     0.000     0.005    -0.004
    31.600    -0.006    -0.002    -0.005
    31.610     0.000    -0.001    -0.008
    31.620     0.007    -0.002    -0.009
    31.630     0.002     0.005    -0.006
    31.640    -0.002     0.004    -0.004
    31.650    -0.006    -0.019    -0.005
    31.660    -0.016    -0.010    -0.001
    31.670    -0.017    -0.009     0.001
    31.680    -0.014    -0.014    -0.002
    31.690    -0.002    -0.014    -0.003
    31.700     0.001    -0.005    -0.006
    31.710     0.000     0.003    -0.001
    31.720     0.004    -0.009     0.003
    31.730    -0.002    -0.003     0.003
    31.740    -0.002     0.004     0.003
    31.750    -0.003    -0.003     0.004
    31.760    -0.002    -0.015     0.003
    31.770     0.001    -0.004     0.004
    31.780    -0.002     0.008     0.002
    31.790     0.001    -0.005    -0.002
    31.800    -0.001    -0.003     0.004
    31.810    -0.004     0.005     0.000
    31.820    -0.006     0.014    -0.006
    31.830    -0.002     0.010     0.001
    31.840     0.005     0.011     0.002
    31.850     0.002     0.016     0.002
    31.860    -0.001     0.001    -0.002
    31.870     0.000    -0.001    -0.006
    31.880    -0.005     0.004    -0.002
    31.890    -0.010     0.010     0.002
    31.900    -0.003     0.011     0.001
    31.910     0.004     0.008     0.000
    31.920     0.005     0.012     0.003
    31.930     0.003     0.006    -0.002
    31.940     0.002     0.001    -0.003
    31.950     0.005    -0.006    -0.002
    31.960     0.004    -0.005    -0.003
    31.970     0.004    -0.006     0.000
    31.980     0.001    -0.010     0.001
    31.990    -0.002    -0.008     0.000
    32.000    -0.006    -0.009    -0.001
    32.010    -0.009    -0.004     0.002
    32.020    -0.006    -0.001    -0.002
    32.030    -0.004     0.002    -0.002
    32.040     0.000    -0.003     0.002
    32.050     0.002    -0.004     0.001
    32.060     0.001     0.000     0.003
    32.070    -0.004    -0.004    -0.005
    32.080    -0.008    -0.001    -0.002
    32.090    -0.001    -0.003    -0.002
    32.100    -0.007    -0.004    -0.001
    32.110    -0.009     0.000     0.010
    32.120    -0.001     0.004     0.004
    32.130     0.001     0.005     0.004
    32.140     0.005     0.004     0.002
    32.150     0.006    -0.001    -0.002
    32.160     0.009    -0.005    -0.001
    32.170     0.009     0.007    -0.001
    32.180     0.001     0.005    -0.001
    32.190    -0.003    -0.004    -0.003
    32.200     0.001     0.001     0.002
    32.210     0.004     0.002    -0.003
    32.220     0.006    -0.003    -0.001
    32.230     0.008    -0.006     0.002
    32.240     0.008    -0.001     0.001
    32.250     0.005    -0.002     0.005
    32.260    -0.001    -0.009    -0.001
    32.270    -0.005     0.000     0.000
    32.280    -0.005     0.009    -0.001
    32.290    -0.001     0.002     0.000
    32.300     0.000    -0.003     0.006
    32.310    -0.003     0.002     0.002
    32.320    -0.001    -0.001     0.001
    32.330    -0.003    -0.005    -0.001
    32.340    -0.004    -0.001    -0.003
    32.350    -0.006     0.013    -0.002
    32.360    -0.003     0.009     0.004
    32.370     0.003    -0.006     0.009
    32.380    -0.002     0.000     0.008
    32.390    -0.001    -0.002     0.006
    32.400     0.004    -0.009     0.005
    32.410     0.004    -0.005     0.009
    32.420     0.004     0.005     0.005
    32.430     0.006     0.004     0.003
    32.440     0.012    -0.008     0.000
    32.450     0.010     0.004    -0.002
    32.460     0.006     0.007    -0.002
    32.470     0.005     0.000    -0.004
    32.480     0.002     0.000     0.000
    32.490     0.004     0.003    -0.003
    32.500     0.005     0.009    -0.004
    32.510     0.002    -0.002    -0.005
    32.520    -0.004    -0.002    -0.004
    32.530    -0.007     0.008     0.005
    32.540    -0.001     0.006     0.002
    32.550     0.003     0.005     0.001
    32.560     0.001     0.005    -0.001
    32.570     0.002     0.009    -0.006
    32.580    -0.002     0.000    -0.005
    32.590    -0.008    -0.013    -0.002
    32.600    -0.001    -0.004     0.003
    32.610     0.005     0.002     0.003
    32.620     0.010    -0.007     0.002
    32.630     0.007    -0.009     0.001
    32.640    -0.001    -0.004    -0.002
    32.650     0.000    -0.005    -0.003
    32.660    -0.001    -0.016     0.000
    32.670     0.006    -0.009     0.003
    32.680     0.016     0.008     0.003
    32.690     0.012    -0.004     0.004
    32.700     0.010    -0.006     0.005
    32.710     0.002     0.003     0.001
    32.720    -0.002     0.002     0.000
    32.730     0.000    -0.006     0.001
    32.740     0.001    -0.009     0.000
    32.750     0.002     0.003    -0.001
    32.760    -0.001    -0.001     0.001
    32.770     0.003    -0.010     0.004
    32.780     0.003    -0.001     0.003
    32.790     0.001     0.009    -0.004
    32.800     0.008    -0.001    -0.006
    32.810     0.008     0.004    -0.005
    32.820     0.008     0.015     0.000
    32.830     0.007     0.005    -0.003
    32.840     0.001    -0.010     0.000
    32.850    -0.001    -0.010     0.004
    32.860    -0.011     0.007     0.000
    32.870    -0.013    -0.002     0.001
    32.880    -0.001    -0.007     0.002
    32.890    -0.001     0.003     0.003
    32.900     0.000     0.001     0.003
    32.910     0.001    -0.007    -0.001
    32.920    -0.006    -0.009    -0.001
    32.930    -0.008     0.007    -0.002
    32.940    -0.008     0.000    -0.007
    32.950     0.001    -0.007    -0.010
    32.960     0.004     0.008    -0.007
    32.970    -0.001     0.007    -0.003
    32.980     0.002    -0.001     0.002
    32.990     0.000    -0.009     0.001
    33.000     0.003     0.008    -0.005
    33.010     0.011     0.016    -0.005
    33.020     0.013    -0.002    -0.001
    33.030     0.011     0.000     0.000
    33.040     0.004     0.004     0.001
    33.050     0.003    -0.002     0.000
    33.060     0.001    -0.009    -0.003
    33.070    -0.006    -0.002     0.000
    33.080    -0.001     0.008     0.002
    33.090     0.005     0.004    -0.001
    33.100     0.008    -0.004     0.004
    33.110     0.002     0.000     0.006
    33.120    -0.012     0.001     0.004
    33.130    -0.007    -0.006     0.003
    33.140    -0.005     0.001     0.002
    33.150    -0.006     0.006     0.002
    33.160    -0.003     0.007    -0.004
    33.170    -0.005    -0.003    -0.001
    33.180    -0.007    -0.004     0.003
    33.190    -0.013     0.006     0.006
    33.200    -0.013    -0.007     0.005
    33.210    -0.008    -0.009     0.004
    33.220    -0.005     0.000     0.004
    33.230    -0.003    -0.001     0.000
    33.240    -0.006    -0.003     0.003
    33.250    -0.008    -0.002    -0.001
    33.260    -0.009     0.008    -0.005
    33.270    -0.007     0.003    -0.004
    33.280    -0.002    -0.008    -0.004
    33.290    -0.002     0.001    -0.002
    33.300    -0.003     0.001    -0.007
    33.310     0.001    -0.008    -0.005
    33.320     0.004    -0.009    -0.005
    33.330     0.002     0.000    -0.007
    33.340     0.003     0.008    -0.005
    33.350     0.007     0.001    -0.006
    33.360     0.008     0.006    -0.001
    33.370     0.001     0.015    -0.007
    33.380     0.003     0.001    -0.007
    33.390     0.004    -0.005    -0.004
    33.400     0.001     0.000    -0.008
    33.410     0.004     0.003    -0.006
    33.420     0.002     0.001    -0.002
    33.430    -0.001     0.001     0.001
    33.440    -0.010     0.014     0.000
    33.450    -0.009     0.004    -0.001
    33.460    -0.001    -0.006     0.001
    33.470    -0.005     0.006     0.001
    33.480    -0.005     0.007    -0.002
    33.490    -0.006    -0.003    -0.001
    33.500    -0.010    -0.006     0.001
    33.510    -0.015     0.008    -0.001
    33.520    -0.017     0.004     0.002
    33.530    -0.008    -0.007    -0.001
    33.540    -0.001     0.000     0.002
    33.550     0.001     0.005     0.001
    33.560     0.006    -0.004    -0.008
    33.570     0.003    -0.011    -0.005
    33.580    -0.009     0.002    -0.004
    33.590    -0.008    -0.001    -0.001
    33.600    -0.001    -0.008     0.002
    33.610     0.002     0.001    -0.002
    33.620     0.002     0.007    -0.007
    33.630     0.005    -0.001    -0.006
    33.640     0.005    -0.016    -0.005
    33.650    -0.003    -0.004    -0.002
    33.660    -0.006    -0.002     0.004
    33.670    -0.001    -0.002     0.002
    33.680     0.007     0.004     0.002
    33.690     0.005     0.008     0.000
    33.700    -0.002     0.011    -0.005
    33.710     0.002    -0.004    -0.003
    33.720    -0.004     0.002    -0.002
    33.730    -0.010     0.005    -0.003
    33.740    -0.004     0.002    -0.008
    33.750    -0.004     0.009    -0.007
    33.760    -0.004     0.017    -0.003
    33.770    -0.008     0.019    -0.004
    33.780    -0.010    -0.001    -0.006
    33.790    -0.008     0.001    -0.009
    33.800    -0.010     0.006    -0.007
    33.810    -0.010    -0.004    -0.010
    33.820    -0.007    -0.003    -0.006
    33.830    -0.006     0.006     0.000
    33.840    -0.011     0.010    -0.003
    33.850    -0.010    -0.004    -0.001
    33.860    -0.009    -0.006    -0.003
    33.870    -0.007    -0.003     0.001
    33.880    -0.008    -0.008     0.001
    33.890    -0.008    -0.014    -0.001
    33.900    -0.002    -0.007     0.005
    33.910    -0.004     0.003     0.005
    33.920    -0.001     0.000     0.001
    33.930     0.008     0.003     0.004
    33.940     0.006     0.005     0.006
    33.950     0.010     0.006     0.002
    33.960     0.012    -0.003     0.002
    33.970     0.004    -0.006    -0.002
    33.980     0.000     0.000    -0.003
    33.990    -0.004    -0.004    -0.002
    34.000     0.000     0.000    -0.004
    34.010     0.005     0.007    -0.007
    34.020    -0.001     0.012    -0.009
    34.030     0.001     0.001    -0.001
    34.040     0.000    -0.007     0.000
    34.050    -0.009     0.004    -0.002
    34.060    -0.010     0.009    -0.002
    34.070    -0.006     0.007    -0.005
    34.080    -0.002     0.005     0.001
    34.090    -0.006     0.012     0.000
    34.100    -0.007     0.008    -0.005
    34.110    -0.007    -0.002    -0.001
    34.120    -0.013     0.005    -0.001
    34.130    -0.014     0.011    -0.001
    34.140    -0.008     0.005    -0.006
    34.150     0.000     0.003    -0.007
    34.160    -0.001     0.008    -0.009
    34.170    -0.001     0.005    -0.010
    34.180     0.001    -0.005    -0.004
    34.190    -0.001     0.003    -0.006
    34.200    -0.004     0.009    -0.003
    34.210    -0.002     0.000    -0.003
    34.220     0.003    -0.004    -0.004
    34.230    -0.004     0.001     0.000
    34.240    -0.011     0.002    -0.001
    34.250    -0.003    -0.004    -0.002
    34.260     0.000    -0.005    -0.001
    34.270     0.000     0.005     0.005
    34.280     0.005     0.006     0.007
    34.290     0.013    -0.006     0.011
    34.300     0.009    -0.002     0.008
    34.310    -0.001     0.010     0.002
    34.320     0.000    -0.002     0.002
    34.330     0.003    -0.003     0.000
    34.340     0.009     0.001     0.006
    34.350     0.006    -0.001     0.007
    34.360     0.002     0.000     0.002
    34.370     0.003    -0.001    -0.001
    34.380    -0.006     0.005    -0.002
    34.390    -0.005    -0.004    -0.002
    34.400     0.001    -0.008    -0.005
    34.410     0.004    -0.001    -0.003
    34.420    -0.003    -0.003    -0.001
    34.430    -0.010    -0.004     0.000
    34.440    -0.002     0.001     0.005
    34.450    -0.006     0.005     0.001
    34.460    -0.007     0.003     0.000
    34.470    -0.001     0.002     0.004
    34.480     0.001    -0.001    -0.001
    34.490    -0.001     0.011     0.002
    34.500    -0.002     0.007     0.001
    34.510    -0.001     0.004     0.003
    34.520    -0.002     0.010     0.011
    34.530     0.006     0.008     0.003
    34.540     0.006     0.013     0.001
    34.550     0.008     0.012     0.003
    34.560     0.013     0.010     0.004
    34.570     0.007     0.001     0.002
    34.580     0.003     0.005    -0.003
    34.590     0.000     0.006     0.000
    34.600    -0.003    -0.003    -0.002
    34.610    -0.005     0.006     0.003
    34.620     0.001     0.005     0.001
    34.630     0.001    -0.002     0.002
    34.640    -0.011    -0.007     0.001
    34.650    -0.014    -0.005    -0.003
    34.660    -0.010    -0.007    -0.002
    34.670    -0.008    -0.011    -0.007
    34.680    -0.004    -0.006     0.004
    34.690     0.003    -0.006     0.006
    34.700     0.001    -0.006     0.008
    34.710    -0.004     0.001     0.011
    34.720     0.004     0.006     0.003
    34.730     0.012    -0.001     0.006
    34.740     0.012     0.003     0.001
    34.750     0.012     0.006    -0.006
    34.760     0.012    -0.001    -0.004
    34.770     0.006    -0.004     0.003
    34.780    -0.002    -0.002     0.006
    34.790    -0.003     0.009    -0.003
    34.800     0.004     0.008    -0.002
    34.810     0.011     0.006    -0.001
    34.820     0.014     0.015    -0.001
    34.830     0.011     0.005     0.002
    34.840    -0.002    -0.002     0.002
    34.850    -0.007     0.002     0.002
    34.860    -0.005     0.003    -0.001
    34.870    -0.008     0.001     0.002
    34.880     0.000    -0.001    -0.001
    34.890     0.000     0.000     0.000
    34.900    -0.004     0.001     0.007
    34.910    -0.005     0.003     0.004
    34.920    -0.011     0.006     0.007
    34.930    -0.008    -0.004     0.001
    34.940    -0.004    -0.009     0.001
    34.950     0.000    -0.001     0.002
    34.960    -0.001    -0.003    -0.004
    34.970    -0.006    -0.011     0.007
    34.980    -0.008     0.001     0.008
    34.990    -0.012     0.008     0.005
    35.000    -0.005    -0.002     0.004
    35.010     0.002    -0.003     0.003
    35.020     0.005     0.003     0.003
    35.030     0.006    -0.001     0.004
    35.040     0.000    -0.008     0.008
    35.050    -0.002     0.001     0.004
    35.060     0.002     0.008     0.002
    35.070     0.004     0.001    -0.004
    35.080     0.005    -0.007    -0.005
    35.090     0.003    -0.005    -0.002
    35.100    -0.002     0.000    -0.004
    35.110    -0.003    -0.004     0.000
    35.120    -0.004     0.002     0.000
    35.130     0.005     0.003    -0.001
    35.140     0.013    -0.003    -0.004
    35.150     0.010    -0.004    -0.002
    35.160     0.006    -0.003     0.003
    35.170     0.000    -0.002     0.003
    35.180    -0.003    -0.011     0.001
    35.190    -0.004    -0.003    -0.002
    35.200     0.000     0.006    -0.001
    35.210     0.007     0.000     0.003
    35.220     0.011    -0.005     0.008
    35.230     0.002     0.000     0.003
    35.240    -0.009     0.005     0.000
    35.250    -0.009     0.001     0.002
    35.260    -0.006     0.000     0.001
    35.270     0.000     0.004     0.004
    35.280     0.002     0.004     0.002
    35.290     0.005    -0.004     0.001
    35.300    -0.002    -0.001     0.004
    35.310    -0.017    -0.002     0.002
    35.320    -0.012     0.000     0.000
    35.330    -0.006     0.002     0.004
    35.340    -0.002    -0.008     0.007
    35.350    -0.002     0.003     0.007
    35.360    -0.004     0.000     0.001
    35.370    -0.008    -0.012    -0.003
    35.380    -0.012    -0.012     0.000
    35.390    -0.009    -0.010    -0.003
    35.400    -0.008    -0.005    -0.003
    35.410     0.002    -0.011     0.001
    35.420     0.004    -0.009     0.000
    35.430     0.002    -0.008    -0.008
    35.440     0.003    -0.009    -0.011
    35.450    -0.002    -0.010    -0.005
    35.460     0.000    -0.004    -0.004
    35.470     0.010     0.003    -0.002
    35.480     0.017     0.001    -0.005
    35.490     0.012     0.007    -0.009
    35.500     0.007     0.009    -0.004
    35.510     0.006     0.006     0.002
    35.520     0.002     0.007     0.004
    35.530     0.000     0.006     0.000
    35.540     0.004     0.011     0.002
    35.550     0.002     0.008     0.006
    35.560    -0.003     0.014     0.006
    35.570    -0.002     0.018     0.002
    35.580    -0.005     0.007    -0.001
    35.590    -0.009     0.006     0.004
    35.600    -0.005     0.002     0.004
    35.610    -0.004    -0.003     0.000
    35.620    -0.004    -0.001     0.004
    35.630    -0.006    -0.001     0.004
    35.640    -0.006     0.001     0.003
    35.650    -0.005    -0.006     0.003
    35.660    -0.008    -0.011     0.000
    35.670    -0.005    -0.010    -0.004
    35.680    -0.001    -0.012    -0.003
    35.690    -0.002    -0.007     0.002
    35.700    -0.004    -0.005    -0.002
    35.710    -0.006    -0.015    -0.003
    35.720    -0.008    -0.013    -0.002
    35.730    -0.009    -0.002    -0.004
    35.740    -0.003    -0.005    -0.002
    35.750     0.001    -0.012    -0.003
    35.760     0.004    -0.015    -0.007
    35.770     0.003    -0.003    -0.004
    35.780     0.003     0.002    -0.002
    35.790     0.007    -0.005    -0.008
    35.800     0.008     0.000    -0.006
    35.810     0.013     0.005    -0.005
    35.820     0.017     0.003    -0.006
    35.830     0.010    -0.005    -0.005
    35.840     0.001    -0.002    -0.008
    35.850    -0.006     0.001    -0.009
    35.860    -0.007     0.001    -0.010
    35.870     0.000     0.000    -0.007
    35.880     0.003     0.003    -0.003
    35.890     0.001     0.014    -0.006
    35.900     0.000     0.005    -0.005
    35.910    -0.001     0.001    -0.003
    35.920    -0.006     0.004     0.000
    35.930    -0.004     0.001    -0.003
    35.940    -0.002    -0.001    -0.004
    35.950    -0.001    -0.001    -0.004
    35.960     0.000     0.012    -0.002
    35.970    -0.006     0.010     0.004
    35.980    -0.007    -0.004     0.003
    35.990    -0.005    -0.004     0.008
    36.000    -0.005     0.001     0.008
    36.010    -0.001     0.001     0.002
    36.020    -0.001    -0.004    -0.001
    36.030    -0.005     0.000    -0.003
    36.040    -0.006     0.004     0.000
    36.050    -0.002    -0.005    -0.002
    36.060    -0.005    -0.007     0.002
    36.070    -0.005    -0.005     0.004
    36.080    -0.001    -0.009    -0.002
    36.090     0.001    -0.009     0.001
    36.100    -0.001    -0.005    -0.003
    36.110    -0.007    -0.004    -0.004
    36.120    -0.002    -0.007    -0.007
    36.130     0.004    -0.002    -0.007
    36.140     0.005     0.004    -0.003
    36.150     0.009     0.001    -0.004
    36.160     0.002    -0.007     0.002
    36.170    -0.006    -0.003     0.000
    36.180    -0.009     0.004    -0.003
    36.190    -0.003     0.003     0.001
    36.200     0.004     0.013     0.000
    36.210     0.007     0.012    -0.002
    36.220     0.013     0.007     0.001
    36.230     0.008     0.011     0.003
    36.240    -0.002     0.011    -0.002
    36.250    -0.007     0.007    -0.005
    36.260    -0.001     0.003    -0.007
    36.270     0.009     0.012    -0.005
    36.280     0.008     0.007    -0.001
    36.290     0.006    -0.008    -0.005
    36.300    -0.002    -0.007    -0.003
    36.310    -0.011    -0.007    -0.003
    36.320    -0.013    -0.007    -0.004
    36.330    -0.011    -0.009    -0.003
    36.340    -0.003    -0.010    -0.001
    36.350     0.002     0.001    -0.001
    36.360     0.005     0.001    -0.003
    36.370     0.000    -0.007    -0.003
    36.380    -0.007    -0.008     0.001
    36.390    -0.007    -0.003     0.002
    36.400     0.001    -0.001     0.001
    36.410     0.004    -0.001     0.003
    36.420    -0.002     0.003     0.004
    36.430     0.000     0.003     0.003
    36.440     0.001     0.003     0.004
    36.450    -0.003    -0.001     0.006
    36.460    -0.005     0.000     0.007
    36.470    -0.004     0.002     0.008
    36.480     0.002     0.003     0.003
    36.490     0.003     0.004     0.007
    36.500     0.000    -0.003     0.007
    36.510    -0.005    -0.004     0.003
    36.520    -0.008    -0.007     0.005
    36.530    -0.007    -0.003     0.003
    36.540    -0.006     0.004     0.000
    36.550    -0.001     0.000    -0.002
    36.560    -0.003    -0.003    -0.005
    36.570    -0.005    -0.006    -0.005
    36.580    -0.008    -0.002    -0.004
    36.590    -0.008     0.000    -0.001
    36.600    -0.004    -0.002    -0.001
    36.610     0.000     0.010     0.001
    36.620     0.009     0.007     0.001
    36.630     0.006     0.005     0.000
    36.640     0.004     0.002    -0.001
    36.650     0.004    -0.003    -0.007
    36.660     0.002     0.003    -0.004
    36.670     0.007     0.004    -0.001
    36.680     0.002     0.013    -0.001
    36.690     0.004     0.009    -0.005
    36.700     0.004     0.003    -0.005
    36.710    -0.002     0.002     0.003
    36.720    -0.005    -0.001    -0.003
    36.730    -0.006    -0.001    -0.003
    36.740     0.000     0.000     0.002
    36.750    -0.002     0.004     0.003
    36.760    -0.006    -0.002     0.001
    36.770    -0.011    -0.007     0.000
    36.780    -0.014     0.000     0.003
    36.790    -0.006     0.003     0.002
    36.800    -0.004    -0.002     0.001
    36.810    -0.004     0.005    -0.001
    36.820     0.000     0.009    -0.006
    36.830     0.002     0.003    -0.005
    36.840     0.002    -0.001     0.002
    36.850    -0.003     0.004    -0.002
    36.860    -0.002     0.004    -0.002
    36.870     0.004    -0.007     0.002
    36.880     0.005    -0.005     0.004
    36.890    -0.001     0.000     0.005
    36.900    -0.003    -0.002    -0.005
    36.910    -0.003    -0.007    -0.004
    36.920    -0.005    -0.004     0.003
    36.930    -0.003    -0.001     0.002
    36.940     0.004    -0.005     0.001
    36.950     0.001    -0.004     0.002
    36.960    -0.010    -0.001     0.004
    36.970    -0.009     0.001     0.005
    36.980    -0.007     0.003     0.004
    36.990    -0.008     0.010     0.000
    37.000    -0.005     0.010    -0.002
    37.010    -0.001     0.003     0.004
    37.020     0.002     0.011     0.002
    37.030    -0.008     0.016    -0.002
    37.040    -0.013     0.008    -0.005
    37.050    -0.008     0.010    -0.007
    37.060    -0.009     0.013    -0.005
    37.070    -0.009     0.011    -0.006
    37.080     0.000     0.003    -0.003
    37.090     0.001    -0.003    -0.005
    37.100    -0.006     0.003     0.000
    37.110    -0.009     0.000     0.002
    37.120    -0.005    -0.001    -0.007
    37.130     0.000     0.000     0.002
    37.140    -0.002     0.002     0.005
    37.150    -0.004     0.000     0.001
    37.160    -0.011    -0.003     0.004
    37.170    -0.024     0.002     0.011
    37.180    -0.022    -0.003     0.009
    37.190    -0.019     0.001     0.003
    37.200    -0.014     0.007     0.005
    37.210    -0.011     0.000     0.007
    37.220    -0.018    -0.004     0.009
    37.230    -0.025    -0.010     0.006
    37.240    -0.031    -0.007     0.005
    37.250    -0.029    -0.006     0.006
    37.260    -0.022    -0.005     0.004
    37.270    -0.016     0.006     0.003
    37.280    -0.009     0.007    -0.003
    37.290    -0.014     0.005     0.000
    37.300    -0.012     0.001     0.005
    37.310    -0.008    -0.003     0.002
    37.320    -0.013     0.001    -0.004
    37.330    -0.003     0.009    -0.010
    37.340     0.004     0.010    -0.007
    37.350     0.007     0.006    -0.005
    37.360     0.006     0.006    -0.010
    37.370     0.004     0.005    -0.009
    37.380     0.002     0.005    -0.006
    37.390    -0.001     0.008    -0.007
    37.400     0.001     0.010    -0.009
    37.410     0.008     0.006    -0.007
    37.420     0.016     0.010    -0.004
    37.430     0.022     0.012    -0.003
    37.440     0.025     0.008    -0.004
    37.450     0.036     0.005    -0.003
    37.460     0.044    -0.001     0.000
    37.470     0.039     0.008     0.000
    37.480     0.030     0.001     0.003
    37.490     0.012    -0.003     0.004
    37.500    -0.016     0.001     0.004
    37.510    -0.045    -0.009     0.006
    37.520    -0.064    -0.012     0.005
    37.530    -0.070    -0.012     0.005
    37.540    -0.071    -0.008     0.009
    37.550    -0.052    -0.013     0.011
    37.560    -0.029    -0.011     0.011
    37.570    -0.013    -0.004     0.014
    37.580     0.007     0.001     0.008
    37.590     0.022     0.003     0.009
    37.600     0.034     0.005     0.011
    37.610     0.037     0.012     0.008
    37.620     0.032    -0.001     0.009
    37.630     0.032     0.004     0.002
    37.640     0.038     0.011    -0.001
    37.650     0.040     0.011    -0.002
    37.660     0.038     0.009    -0.001
    37.670     0.029     0.002     0.000
    37.680     0.003     0.010     0.000
    37.690    -0.027     0.001    -0.002
    37.700    -0.055    -0.001    -0.007
    37.710    -0.070    -0.001    -0.008
    37.720    -0.054    -0.001    -0.013
    37.730    -0.005    -0.002    -0.010
    37.740     0.063    -0.003    -0.011
    37.750     0.127     0.010    -0.013
    37.760     0.178    -0.002    -0.011
    37.770     0.210     0.000    -0.018
    37.780     0.215     0.005    -0.018
    37.790     0.184     0.002    -0.015
    37.800     0.134     0.008    -0.012
    37.810     0.078    -0.004    -0.009
    37.820     0.003     0.001    -0.004
    37.830    -0.062    -0.004     0.003
    37.840    -0.110    -0.015     0.004
    37.850    -0.144    -0.005     0.005
    37.860    -0.166    -0.001     0.003
    37.870    -0.183    -0.002     0.008
    37.880    -0.172    -0.011     0.008
    37.890    -0.135    -0.019     0.009
    37.900    -0.077    -0.014     0.012
    37.910    -0.004    -0.006     0.007
    37.920     0.065    -0.008     0.011
    37.930     0.119     0.004     0.009
    37.940     0.149     0.010     0.003
    37.950     0.149     0.006     0.001
    37.960     0.099     0.011    -0.004
    37.970    -0.001     0.007    -0.001
    37.980    -0.107     0.004     0.007
    37.990    -0.179    -0.006     0.019
    38.000    -0.190    -0.014     0.022
    38.010    -0.143    -0.004     0.013
    38.020    -0.075     0.006     0.000
    38.030    -0.008     0.010    -0.012
    38.040     0.041     0.005    -0.006
    38.050     0.075     0.003    -0.006
    38.060     0.091     0.006    -0.014
    38.070     0.070     0.008    -0.015
    38.080     0.024     0.011    -0.013
    38.090    -0.031     0.004    -0.007
    38.100    -0.072    -0.008    -0.004
    38.110    -0.080    -0.014    -0.001
    38.120    -0.049    -0.004     0.001
    38.130     0.004     0.000     0.002
    38.140     0.058     0.000    -0.003
    38.150     0.105     0.004    -0.004
    38.160     0.147    -0.003     0.001
    38.170     0.186    -0.005     0.001
    38.180     0.201     0.000    -0.002
    38.190     0.164     0.009    -0.004
    38.200     0.080     0.008    -0.003
    38.210    -0.030    -0.001     0.004
    38.220    -0.131    -0.006     0.011
    38.230    -0.178    -0.016     0.011
    38.240    -0.147    -0.018     0.007
    38.250    -0.069    -0.009     0.001
    38.260     0.006     0.001    -0.003
    38.270     0.050    -0.001     0.001
    38.280     0.052     0.000     0.001
    38.290     0.036     0.003     0.004
    38.300     0.027     0.001     0.000
    38.310     0.016    -0.003    -0.009
    38.320    -0.003    -0.008    -0.007
    38.330    -0.027     0.005     0.004
    38.340    -0.026     0.005     0.011
    38.350    -0.009    -0.002     0.011
    38.360     0.006     0.000     0.004
    38.370    -0.002     0.010    -0.006
    38.380    -0.034     0.014    -0.002
    38.390    -0.061     0.000     0.004
    38.400    -0.067     0.009     0.007
    38.410    -0.037     0.017     0.006
    38.420     0.003     0.012     0.001
    38.430     0.019    -0.001    -0.002
    38.440    -0.001     0.002    -0.007
    38.450    -0.042     0.000    -0.005
    38.460    -0.076    -0.016    -0.007
    38.470    -0.100    -0.008    -0.007
    38.480    -0.094    -0.002     0.001
    38.490    -0.063     0.001    -0.001
    38.500    -0.018    -0.003     0.005
    38.510     0.028    -0.004     0.005
    38.520     0.054    -0.007     0.005
    38.530     0.062    -0.010     0.006
    38.540     0.045     0.011     0.005
    38.550     0.009     0.013     0.010
    38.560    -0.032     0.003     0.012
    38.570    -0.064    -0.003     0.009
    38.580    -0.058     0.004    -0.001
    38.590    -0.014     0.009     0.002
    38.600     0.032    -0.009     0.006
    38.610     0.057    -0.009     0.005
    38.620     0.056    -0.004     0.004
    38.630     0.035    -0.002     0.000
    38.640     0.014     0.005     0.001
    38.650    -0.002     0.000     0.001
    38.660    -0.019    -0.014     0.002
    38.670    -0.042    -0.014     0.005
    38.680    -0.056    -0.006     0.007
    38.690    -0.047    -0.004     0.003
    38.700    -0.022     0.002    -0.004
    38.710     0.029    -0.002    -0.008
    38.720     0.085     0.005    -0.009
    38.730     0.129     0.010    -0.009
    38.740     0.143     0.014    -0.010
    38.750     0.105     0.027    -0.008
    38.760     0.026     0.017    -0.007
    38.770    -0.066     0.012    -0.003
    38.780    -0.125     0.009     0.000
    38.790    -0.139    -0.004    -0.003
    38.800    -0.125    -0.004     0.000
    38.810    -0.100     0.002     0.003
    38.820    -0.083    -0.004     0.002
    38.830    -0.072    -0.019     0.003
    38.840    -0.053    -0.023     0.002
    38.850    -0.013    -0.013     0.001
    38.860     0.040    -0.007     0.000
    38.870     0.071    -0.003    -0.007
    38.880     0.063     0.013    -0.011
    38.890     0.036     0.013    -0.003
    38.900     0.010     0.004     0.007
    38.910     0.008     0.002     0.004
    38.920     0.033     0.000    -0.004
    38.930     0.056    -0.003    -0.005
    38.940     0.067    -0.005    -0.005
    38.950     0.052     0.002     0.001
    38.960     0.028     0.001     0.008
    38.970     0.020    -0.007     0.010
    38.980     0.013     0.001     0.005
    38.990     0.000     0.006    -0.007
    39.000    -0.023    -0.004    -0.008
    39.010    -0.040    -0.010    -0.002
    39.020    -0.043    -0.007     0.000
    39.030    -0.034    -0.010     0.006
    39.040    -0.011    -0.016     0.009
    39.050     0.016    -0.006     0.004
    39.060     0.037    -0.001    -0.001
    39.070     0.045    -0.006    -0.006
    39.080     0.043     0.002    -0.008
    39.090     0.039     0.011    -0.012
    39.100     0.034     0.011    -0.014
    39.110     0.016     0.009    -0.016
    39.120    -0.026     0.012    -0.018
    39.130    -0.075     0.011    -0.016
    39.140    -0.109     0.001    -0.018
    39.150    -0.118    -0.005    -0.017
    39.160    -0.102     0.005    -0.014
    39.170    -0.050     0.006    -0.008
    39.180     0.017     0.000     0.000
    39.190     0.063     0.005    -0.002
    39.200     0.087    -0.004    -0.004
    39.210     0.085    -0.013    -0.004
    39.220     0.052    -0.017    -0.006
    39.230     0.001    -0.015     0.000
    39.240    -0.045    -0.008     0.002
    39.250    -0.059    -0.009     0.001
    39.260    -0.042    -0.007     0.011
    39.270    -0.005    -0.013     0.018
    39.280     0.026    -0.007     0.019
    39.290     0.038     0.003     0.020
    39.300     0.024     0.009     0.024
    39.310     0.005     0.006     0.027
    39.320     0.004    -0.003     0.017
    39.330     0.018    -0.011     0.010
    39.340     0.032    -0.017     0.014
    39.350     0.032    -0.004     0.020
    39.360     0.015    -0.010     0.021
    39.370    -0.015    -0.014     0.022
    39.380    -0.042    -0.016     0.023
    39.390    -0.049    -0.014     0.015
    39.400    -0.030    -0.011     0.011
    39.410     0.013    -0.020     0.008
    39.420     0.058     0.002    -0.002
    39.430     0.086     0.008    -0.016
    39.440     0.071     0.021    -0.028
    39.450     0.012     0.032    -0.035
    39.460    -0.071     0.027    -0.047
    39.470    -0.142     0.021    -0.049
    39.480    -0.166     0.000    -0.048
    39.490    -0.149     0.012    -0.049
    39.500    -0.077     0.009    -0.045
    39.510     0.016     0.005    -0.037
    39.520     0.086     0.001    -0.019
    39.530     0.115    -0.006    -0.004
    39.540     0.100    -0.004     0.002
    39.550     0.062    -0.010     0.009
    39.560     0.016     0.002     0.007
    39.570     0.004     0.000    -0.002
    39.580     0.023     0.006    -0.004
    39.590     0.052     0.017    -0.007
    39.600     0.079     0.012    -0.011
    39.610     0.074     0.004    -0.005
    39.620     0.051    -0.017    -0.002
    39.630     0.007    -0.019     0.005
    39.640    -0.033    -0.027     0.012
    39.650    -0.036    -0.040     0.021
    39.660    -0.031    -0.028     0.027
    39.670    -0.016    -0.015     0.021
    39.680     0.008     0.001     0.014
    39.690     0.017     0.009    -0.006
    39.700     0.004     0.016    -0.016
    39.710    -0.005     0.028    -0.017
    39.720     0.000     0.021    -0.019
    39.730     0.007     0.006    -0.007
    39.740     0.016    -0.015     0.011
    39.750     0.021    -0.030     0.027
    39.760     0.025    -0.041     0.040
    39.770     0.022    -0.052     0.045
    39.780     0.016    -0.047     0.043
    39.790     0.010    -0.035     0.035
    39.800    -0.013    -0.001     0.020
    39.810    -0.034     0.031     0.006
    39.820    -0.052     0.044    -0.004
    39.830    -0.057     0.051    -0.011
    39.840    -0.051     0.044    -0.013
    39.850    -0.033     0.036    -0.008
    39.860    -0.003     0.020    -0.008
    39.870     0.030     0.005    -0.014
    39.880     0.064    -0.003    -0.015
    39.890     0.072    -0.013    -0.021
    39.900     0.063    -0.026    -0.023
    39.910     0.039    -0.029    -0.018
    39.920    -0.002    -0.024    -0.011
    39.930    -0.040    -0.019    -0.003
    39.940    -0.076    -0.010    -0.010
    39.950    -0.093    -0.009    -0.021
    39.960    -0.087    -0.001    -0.030
    39.970    -0.060     0.007    -0.042
    39.980    -0.018     0.009    -0.047
    39.990     0.010     0.024    -0.047
    40.000     0.021     0.025    -0.040
    40.010     0.012     0.020    -0.023
    40.020     0.004     0.001    -0.003
    40.030     0.008    -0.007     0.011
    40.040     0.000     0.001     0.018
    40.050    -0.004    -0.004     0.026
    40.060    -0.017     0.009     0.033
    40.070    -0.036     0.012     0.033
    40.080    -0.040     0.006     0.030
    40.090    -0.045     0.014     0.019
    40.100    -0.042     0.008     0.002
    40.110    -0.023    -0.005    -0.008
    40.120     0.000    -0.023    -0.015
    40.130     0.026    -0.034    -0.012
    40.140     0.032    -0.033     0.010
    40.150     0.018    -0.025     0.030
    40.160    -0.001    -0.016     0.036
    40.170    -0.026     0.002     0.030
    40.180    -0.039     0.018     0.019
    40.190    -0.021     0.031     0.001
    40.200     0.014     0.049    -0.020
    40.210     0.033     0.058    -0.029
    40.220     0.020     0.061    -0.024
    40.230     0.000     0.034    -0.009
    40.240    -0.012     0.005     0.002
    40.250    -0.022    -0.010     0.011
    40.260    -0.018    -0.026     0.012
    40.270     0.001    -0.023     0.009
    40.280     0.025    -0.031     0.005
    40.290     0.026    -0.030     0.002
    40.300     0.002    -0.023     0.002
    40.310    -0.017    -0.023     0.000
    40.320    -0.025    -0.015     0.004
    40.330    -0.014    -0.024     0.015
    40.340     0.013    -0.025     0.018
    40.350     0.044    -0.022     0.024
    40.360     0.051    -0.009     0.025
    40.370     0.025     0.005     0.008
    40.380    -0.008     0.004    -0.007
    40.390    -0.052     0.006    -0.012
    40.400    -0.085     0.008    -0.019
    40.410    -0.076     0.016    -0.027
    40.420    -0.033     0.022    -0.034
    40.430     0.021     0.039    -0.028
    40.440     0.048     0.044    -0.013
    40.450     0.035     0.041    -0.003
    40.460    -0.010     0.027     0.006
    40.470    -0.060     0.001     0.000
    40.480    -0.073    -0.010    -0.008
    40.490    -0.037    -0.023    -0.008
    40.500     0.010    -0.012    -0.005
    40.510     0.049    -0.009     0.013
    40.520     0.064    -0.005     0.023
    40.530     0.049     0.005     0.029
    40.540     0.005     0.001     0.029
    40.550    -0.055     0.011     0.028
    40.560    -0.083     0.005     0.036
    40.570    -0.080     0.015     0.035
    40.580    -0.046     0.012     0.032
    40.590     0.002    -0.001     0.020
    40.600     0.044     0.011     0.005
    40.610     0.071     0.007    -0.013
    40.620     0.064     0.006    -0.033
    40.630     0.044    -0.006    -0.035
    40.640     0.017    -0.010    -0.032
    40.650    -0.003    -0.006    -0.023
    40.660    -0.008    -0.012    -0.020
    40.670    -0.008    -0.011    -0.018
    40.680    -0.004    -0.016    -0.015
    40.690    -0.001    -0.023    -0.013
    40.700     0.023    -0.030    -0.010
    40.710     0.041    -0.018    -0.012
    40.720     0.035    -0.003    -0.012
    40.730     0.015     0.010    -0.006
    40.740    -0.024     0.023     0.003
    40.750    -0.041     0.017     0.008
    40.760    -0.032     0.006     0.011
    40.770    -0.004     0.004     0.011
    40.780     0.045     0.021     0.001
    40.790     0.080     0.021    -0.011
    40.800     0.079     0.002    -0.005
    40.810     0.065    -0.007     0.005
    40.820     0.049    -0.012     0.006
    40.830     0.046    -0.011     0.005
    40.840     0.056    -0.004    -0.007
    40.850     0.062     0.000    -0.009
    40.860     0.058    -0.004     0.001
    40.870     0.023    -0.023     0.011
    40.880    -0.011    -0.024     0.012
    40.890    -0.027     0.000     0.000
    40.900    -0.033     0.008    -0.014
    40.910    -0.034     0.022    -0.021
    40.920    -0.037     0.028    -0.002
    40.930    -0.040     0.029     0.019
    40.940    -0.054     0.038     0.027
    40.950    -0.071     0.030     0.030
    40.960    -0.078     0.023     0.026
    40.970    -0.064     0.007     0.021
    40.980    -0.030     0.001     0.002
    40.990     0.012     0.002    -0.015
    41.000     0.046    -0.007    -0.023
    41.010     0.049    -0.008    -0.017
    41.020     0.028    -0.013    -0.009
    41.030     0.007    -0.011    -0.001
    41.040    -0.003    -0.003     0.005
    41.050    -0.005     0.011     0.004
    41.060     0.003     0.024     0.012
    41.070    -0.004     0.023     0.021
    41.080    -0.035     0.013     0.030
    41.090    -0.061     0.000     0.038
    41.100    -0.064    -0.012     0.034
    41.110    -0.037    -0.030     0.018
    41.120     0.006    -0.035     0.002
    41.130     0.049    -0.036    -0.004
    41.140     0.064    -0.030    -0.006
    41.150     0.047    -0.013    -0.004
    41.160     0.016    -0.006     0.002
    41.170    -0.023    -0.009     0.008
    41.180    -0.053    -0.015     0.012
    41.190    -0.059    -0.015     0.014
    41.200    -0.046    -0.014     0.014
    41.210    -0.016    -0.001     0.001
    41.220     0.030     0.021    -0.023
    41.230     0.076     0.023    -0.041
    41.240     0.091     0.007    -0.041
    41.250     0.070    -0.003    -0.033
    41.260     0.021    -0.003    -0.023
    41.270    -0.036     0.000    -0.013
    41.280    -0.081     0.006    -0.003
    41.290    -0.077     0.011     0.012
    41.300    -0.032     0.009     0.028
    41.310     0.004     0.014     0.032
    41.320     0.010     0.032     0.023
    41.330    -0.014     0.044     0.009
    41.340    -0.049     0.039    -0.007
    41.350    -0.079     0.034    -0.021
    41.360    -0.084     0.039    -0.027
    41.370    -0.059     0.032    -0.026
    41.380    -0.016     0.012    -0.020
    41.390     0.021    -0.001    -0.012
    41.400     0.026    -0.013    -0.006
    41.410    -0.006    -0.026     0.004
    41.420    -0.066    -0.029     0.016
    41.430    -0.108    -0.018     0.021
    41.440    -0.097    -0.016     0.021
    41.450    -0.042    -0.020     0.016
    41.460     0.040    -0.006     0.023
    41.470     0.123    -0.003     0.049
    41.480     0.163    -0.018     0.074
    41.490     0.146    -0.032     0.080
    41.500     0.094    -0.034     0.066
    41.510     0.033    -0.031     0.048
    41.520    -0.029    -0.030     0.022
    41.530    -0.079    -0.009    -0.006
    41.540    -0.094    -0.007    -0.029
    41.550    -0.080    -0.019    -0.051
    41.560    -0.036    -0.028    -0.064
    41.570     0.022    -0.031    -0.063
    41.580     0.054    -0.019    -0.055
    41.590     0.050    -0.018    -0.048
    41.600     0.017    -0.009    -0.041
    41.610    -0.004    -0.004    -0.041
    41.620     0.001     0.006    -0.039
    41.630     0.019     0.037    -0.030
    41.640     0.043     0.062    -0.024
    41.650     0.038     0.072    -0.015
    41.660    -0.012     0.054    -0.007
    41.670    -0.075     0.041    -0.001
    41.680    -0.121     0.024     0.006
    41.690    -0.138     0.010     0.005
    41.700    -0.118     0.004     0.005
    41.710    -0.069    -0.017     0.004
    41.720    -0.023    -0.037     0.005
    41.730     0.012    -0.058     0.010
    41.740     0.035    -0.052     0.010
    41.750     0.037    -0.029     0.007
    41.760     0.021    -0.016    -0.006
    41.770    -0.004    -0.010    -0.016
    41.780    -0.019    -0.008    -0.026
    41.790    -0.008    -0.004    -0.046
    41.800     0.017    -0.006    -0.058
    41.810     0.029     0.003    -0.053
    41.820     0.022     0.004    -0.036
    41.830     0.007     0.003    -0.013
    41.840     0.008    -0.005     0.015
    41.850     0.027    -0.004     0.037
    41.860     0.051     0.020     0.055
    41.870     0.066     0.016     0.066
    41.880     0.043     0.012     0.064
    41.890    -0.006    -0.001     0.054
    41.900    -0.040    -0.016     0.029
    41.910    -0.038    -0.026     0.002
    41.920    -0.014    -0.031    -0.020
    41.930     0.009    -0.011    -0.025
    41.940     0.027    -0.022    -0.017
    41.950     0.039    -0.032    -0.015
    41.960     0.051    -0.023    -0.018
    41.970     0.063    -0.011    -0.023
    41.980     0.078     0.006    -0.024
    41.990     0.095     0.012    -0.025
    42.000     0.088     0.032    -0.031
    42.010     0.063     0.045    -0.028
    42.020     0.031     0.046    -0.022
    42.030    -0.014     0.038    -0.015
    42.040    -0.074     0.030    -0.010
    42.050    -0.125     0.023    -0.016
    42.060    -0.136    -0.002    -0.025
    42.070    -0.117    -0.004    -0.024
    42.080    -0.059     0.001    -0.018
    42.090     0.028     0.001    -0.009
    42.100     0.097     0.000    -0.003
    42.110     0.120     0.013     0.000
    42.120     0.099     0.031     0.005
    42.130     0.061     0.028    -0.005
    42.140     0.017     0.032    -0.016
    42.150    -0.005     0.032    -0.018
    42.160     0.005     0.019    -0.017
    42.170     0.024     0.005    -0.015
    42.180     0.046    -0.001    -0.012
    42.190     0.045     0.004    -0.001
    42.200     0.032    -0.013     0.005
    42.210     0.025    -0.026     0.017
    42.220     0.014    -0.029     0.032
    42.230     0.007    -0.034     0.039
    42.240     0.015    -0.030     0.049
    42.250     0.035    -0.024     0.041
    42.260     0.052     0.000     0.018
    42.270     0.057    -0.006    -0.003
    42.280     0.045    -0.014    -0.014
    42.290     0.037    -0.005    -0.015
    42.300     0.041    -0.017    -0.017
    42.310     0.042    -0.018    -0.008
    42.320     0.030    -0.028     0.010
    42.330    -0.005    -0.014     0.019
    42.340    -0.036    -0.003     0.021
    42.350    -0.035    -0.009     0.015
    42.360    -0.027     0.016     0.011
    42.370    -0.018     0.030     0.010
    42.380    -0.017     0.043     0.011
    42.390    -0.038     0.044     0.024
    42.400    -0.061     0.037     0.024
    42.410    -0.071     0.025     0.019
    42.420    -0.055    -0.002     0.015
    42.430    -0.027    -0.001     0.010
    42.440    -0.007    -0.007     0.017
    42.450    -0.003    -0.017     0.028
    42.460    -0.022    -0.029     0.040
    42.470    -0.047    -0.024     0.042
    42.480    -0.061    -0.009     0.039
    42.490    -0.064    -0.011     0.035
    42.500    -0.060     0.008     0.020
    42.510    -0.041     0.021     0.000
    42.520    -0.021     0.022    -0.021
    42.530    -0.008     0.014    -0.032
    42.540    -0.002     0.001    -0.041
    42.550    -0.001    -0.005    -0.047
    42.560     0.002    -0.027    -0.042
    42.570    -0.007    -0.036    -0.026
    42.580    -0.019    -0.043    -0.010
    42.590    -0.023    -0.044    -0.003
    42.600    -0.022    -0.035     0.006
    42.610    -0.025    -0.026     0.019
    42.620    -0.038     0.000     0.045
    42.630    -0.045     0.013     0.067
    42.640    -0.048     0.022     0.064
    42.650    -0.028     0.024     0.050
    42.660     0.014     0.024     0.028
    42.670     0.046     0.023     0.015
    42.680     0.065     0.012     0.006
    42.690     0.063     0.000    -0.003
    42.700     0.058    -0.031    -0.004
    42.710     0.060    -0.054    -0.002
    42.720     0.068    -0.061     0.012
    42.730     0.085    -0.048     0.024
    42.740     0.082    -0.015     0.027
    42.750     0.058    -0.004     0.018
    42.760     0.022     0.007    -0.005
    42.770    -0.019     0.012    -0.027
    42.780    -0.052     0.006    -0.049
    42.790    -0.056     0.005    -0.066
    42.800    -0.016     0.004    -0.074
    42.810     0.060     0.011    -0.083
    42.820     0.153    -0.001    -0.087
    42.830     0.215     0.001    -0.077
    42.840     0.216     0.008    -0.051
    42.850     0.137    -0.009    -0.026
    42.860    -0.002    -0.017    -0.004
    42.870    -0.127    -0.029     0.014
    42.880    -0.189    -0.028     0.027
    42.890    -0.175    -0.020     0.043
    42.900    -0.102     0.001     0.058
    42.910    -0.021     0.034     0.067
    42.920     0.028     0.041     0.059
    42.930     0.042     0.052     0.050
    42.940     0.030     0.044     0.038
    42.950    -0.001     0.028     0.026
    42.960    -0.025     0.006     0.015
    42.970    -0.035    -0.025    -0.003
    42.980    -0.053    -0.040    -0.009
    42.990    -0.068    -0.061    -0.017
    43.000    -0.090    -0.056    -0.024
    43.010    -0.116    -0.039    -0.021
    43.020    -0.129    -0.016    -0.018
    43.030    -0.126     0.009    -0.003
    43.040    -0.095     0.042     0.008
    43.050    -0.053     0.084     0.017
    43.060     0.010     0.084     0.025
    43.070     0.070     0.085     0.030
    43.080     0.085     0.068     0.040
    43.090     0.051     0.029     0.040
    43.100    -0.019    -0.016     0.036
    43.110    -0.092    -0.053     0.021
    43.120    -0.141    -0.049     0.003
    43.130    -0.143    -0.057    -0.005
    43.140    -0.104    -0.046    -0.014
    43.150    -0.039    -0.029    -0.020
    43.160     0.033    -0.020    -0.026
    43.170     0.091    -0.013    -0.025
    43.180     0.109    -0.012    -0.031
    43.190     0.084     0.007    -0.042
    43.200     0.050    -0.001    -0.034
    43.210     0.023    -0.009    -0.022
    43.220     0.008     0.005    -0.014
    43.230     0.008     0.019    -0.011
    43.240     0.012     0.037    -0.018
    43.250     0.000     0.052    -0.035
    43.260    -0.039     0.061    -0.047
    43.270    -0.080     0.053    -0.049
    43.280    -0.086     0.018    -0.038
    43.290    -0.042    -0.015    -0.016
    43.300     0.029    -0.042     0.006
    43.310     0.088    -0.072     0.033
    43.320     0.110    -0.080     0.054
    43.330     0.075    -0.081     0.054
    43.340     0.009    -0.065     0.037
    43.350    -0.038    -0.031     0.020
    43.360    -0.053    -0.006     0.007
    43.370    -0.043     0.022    -0.008
    43.380    -0.028     0.031    -0.027
    43.390    -0.025     0.036    -0.050
    43.400    -0.018     0.033    -0.060
    43.410    -0.015     0.017    -0.045
    43.420    -0.010     0.008    -0.026
    43.430     0.003    -0.006    -0.006
    43.440     0.015    -0.004     0.012
    43.450     0.045     0.002     0.024
    43.460     0.077     0.012     0.029
    43.470     0.104     0.029     0.023
    43.480     0.120     0.044     0.006
    43.490     0.103     0.043    -0.015
    43.500     0.077     0.023    -0.037
    43.510     0.038     0.002    -0.058
    43.520    -0.008    -0.017    -0.063
    43.530    -0.057    -0.011    -0.055
    43.540    -0.090    -0.015    -0.036
    43.550    -0.087    -0.013    -0.012
    43.560    -0.053     0.011     0.011
    43.570     0.016     0.021     0.035
    43.580     0.088     0.053     0.068
    43.590     0.131     0.067     0.092
    43.600     0.112     0.065     0.088
    43.610     0.048     0.051     0.070
    43.620    -0.016     0.023     0.033
    43.630    -0.073     0.014    -0.012
    43.640    -0.108    -0.007    -0.053
    43.650    -0.115    -0.014    -0.075
    43.660    -0.090    -0.019    -0.076
    43.670    -0.044    -0.026    -0.064
    43.680     0.015    -0.023    -0.037
    43.690     0.062    -0.011    -0.026
    43.700     0.070     0.008    -0.017
    43.710     0.044     0.005    -0.009
    43.720     0.000     0.006    -0.009
    43.730    -0.027     0.001    -0.009
    43.740    -0.038    -0.009    -0.018
    43.750    -0.031    -0.030    -0.025
    43.760    -0.007    -0.060    -0.030
    43.770     0.011    -0.079    -0.025
    43.780     0.015    -0.086    -0.012
    43.790     0.011    -0.063     0.010
    43.800     0.019    -0.032     0.028
    43.810     0.033     0.000     0.042
    43.820     0.037     0.016     0.046
    43.830     0.009     0.031     0.032
    43.840    -0.042     0.037     0.017
    43.850    -0.090     0.028    -0.002
    43.860    -0.126     0.019    -0.016
    43.870    -0.122    -0.002    -0.031
    43.880    -0.084     0.002    -0.044
    43.890    -0.025     0.000    -0.038
    43.900     0.040     0.006    -0.031
    43.910     0.086     0.017    -0.020
    43.920     0.105     0.018    -0.009
    43.930     0.079     0.037     0.005
    43.940     0.027     0.038     0.013
    43.950    -0.017     0.046     0.015
    43.960    -0.034     0.042     0.019
    43.970    -0.020     0.027     0.020
    43.980     0.011     0.017     0.037
    43.990     0.038    -0.002     0.055
    44.000     0.033    -0.010     0.060
    44.010     0.007    -0.027     0.049
    44.020    -0.020    -0.036     0.018
    44.030    -0.020    -0.045    -0.008
    44.040    -0.001    -0.035    -0.022
    44.050     0.017    -0.004    -0.011
    44.060     0.038     0.004     0.015
    44.070     0.049     0.002     0.038
    44.080     0.059    -0.014     0.065
    44.090     0.064    -0.014     0.071
    44.100     0.062    -0.019     0.055
    44.110     0.060    -0.032     0.034
    44.120     0.042    -0.026     0.000
    44.130     0.026    -0.025    -0.046
    44.140     0.016    -0.001    -0.081
    44.150     0.009     0.028    -0.093
    44.160     0.006     0.050    -0.089
    44.170    -0.008     0.065    -0.075
    44.180    -0.028     0.050    -0.050
    44.190    -0.050     0.033    -0.024
    44.200    -0.057     0.000    -0.010
    44.210    -0.048    -0.049     0.002
    44.220    -0.041    -0.069     0.020
    44.230    -0.029    -0.084     0.044
    44.240    -0.020    -0.086     0.076
    44.250    -0.007    -0.065     0.102
    44.260     0.019    -0.038     0.106
    44.270     0.047     0.005     0.088
    44.280     0.070     0.044     0.047
    44.290     0.062     0.066     0.005
    44.300     0.023     0.056    -0.020
    44.310    -0.035     0.019    -0.032
    44.320    -0.098    -0.009    -0.031
    44.330    -0.141    -0.042    -0.018
    44.340    -0.163    -0.081    -0.008
    44.350    -0.166    -0.098     0.001
    44.360    -0.141    -0.085     0.006
    44.370    -0.094    -0.048    -0.015
    44.380    -0.039     0.003    -0.043
    44.390     0.000     0.061    -0.061
    44.400     0.015     0.104    -0.063
    44.410     0.002     0.108    -0.037
    44.420    -0.039     0.109     0.006
    44.430    -0.081     0.099     0.053
    44.440    -0.099     0.056     0.072
    44.450    -0.095     0.011     0.075
    44.460    -0.085    -0.023     0.066
    44.470    -0.064    -0.042     0.045
    44.480    -0.027    -0.061     0.043
    44.490     0.006    -0.050     0.037
    44.500     0.033    -0.018     0.026
    44.510     0.045     0.010     0.015
    44.520     0.045     0.041     0.011
    44.530     0.034     0.052     0.016
    44.540    -0.004     0.051     0.022
    44.550    -0.027     0.035     0.028
    44.560    -0.029     0.024     0.008
    44.570    -0.007     0.027    -0.031
    44.580     0.047     0.032    -0.065
    44.590     0.103     0.042    -0.084
    44.600     0.147     0.038    -0.092
    44.610     0.151     0.024    -0.100
    44.620     0.114     0.002    -0.097
    44.630     0.048    -0.003    -0.075
    44.640    -0.022    -0.002    -0.035
    44.650    -0.074    -0.004     0.001
    44.660    -0.120    -0.018     0.028
    44.670    -0.150    -0.049     0.028
    44.680    -0.155    -0.071     0.001
    44.690    -0.123    -0.085    -0.023
    44.700    -0.070    -0.072    -0.045
    44.710     0.000    -0.057    -0.047
    44.720     0.081    -0.036    -0.026
    44.730     0.126     0.008     0.004
    44.740     0.132     0.053     0.026
    44.750     0.119     0.087     0.026
    44.760     0.106     0.086     0.006
    44.770     0.087     0.071    -0.023
    44.780     0.061     0.041    -0.049
    44.790     0.017     0.008    -0.065
    44.800    -0.041    -0.020    -0.052
    44.810    -0.083    -0.050    -0.020
    44.820    -0.102    -0.062     0.024
    44.830    -0.078    -0.052     0.056
    44.840    -0.010    -0.027     0.072
    44.850     0.083     0.001     0.084
    44.860     0.152     0.021     0.071
    44.870     0.173     0.015     0.045
    44.880     0.162     0.001     0.017
    44.890     0.128    -0.006     0.002
    44.900     0.094    -0.012    -0.004
    44.910     0.070    -0.005    -0.006
    44.920     0.069    -0.006     0.003
    44.930     0.085     0.004     0.013
    44.940     0.100     0.011     0.023
    44.950     0.101     0.011     0.020
    44.960     0.066     0.022     0.001
    44.970     0.008     0.018    -0.029
    44.980    -0.046     0.012    -0.060
    44.990    -0.075     0.008    -0.079
    45.000    -0.078     0.015    -0.080
    45.010    -0.051     0.024    -0.066
    45.020     0.003     0.032    -0.044
    45.030     0.035     0.039    -0.020
    45.040     0.017     0.038    -0.011
    45.050    -0.028     0.028    -0.013
    45.060    -0.068     0.004    -0.007
    45.070    -0.100    -0.010     0.005
    45.080    -0.112    -0.036     0.010
    45.090    -0.098    -0.065     0.003
    45.100    -0.089    -0.090    -0.010
    45.110    -0.085    -0.100    -0.029
    45.120    -0.076    -0.093    -0.043
    45.130    -0.047    -0.087    -0.054
    45.140    -0.008    -0.064    -0.057
    45.150     0.025    -0.053    -0.048
    45.160     0.061    -0.044    -0.024
    45.170     0.085    -0.036     0.006
    45.180     0.083    -0.031     0.018
    45.190     0.055    -0.021     0.017
    45.200     0.008    -0.021     0.002
    45.210    -0.054    -0.008    -0.009
    45.220    -0.110    -0.004    -0.007
    45.230    -0.123    -0.009     0.021
    45.240    -0.096    -0.005     0.068
    45.250    -0.052     0.011     0.108
    45.260    -0.009     0.016     0.136
    45.270     0.016    -0.009     0.131
    45.280     0.014    -0.030     0.101
    45.290     0.007    -0.037     0.055
    45.300     0.007    -0.018     0.010
    45.310     0.014     0.017    -0.016
    45.320     0.029     0.052    -0.027
    45.330     0.045     0.071    -0.026
    45.340     0.048     0.071    -0.023
    45.350     0.031     0.069    -0.015
    45.360     0.008     0.043    -0.007
    45.370    -0.006     0.014     0.008
    45.380    -0.023     0.003     0.022
    45.390    -0.038    -0.001     0.044
    45.400    -0.046    -0.002     0.085
    45.410    -0.036     0.003     0.114
    45.420    -0.010     0.013     0.123
    45.430     0.011     0.034     0.098
    45.440     0.031     0.058     0.048
    45.450     0.046     0.069    -0.006
    45.460     0.042     0.078    -0.046
    45.470     0.027     0.053    -0.059
    45.480    -0.007     0.015    -0.061
    45.490    -0.049    -0.010    -0.057
    45.500    -0.077    -0.041    -0.050
    45.510    -0.106    -0.058    -0.041
    45.520    -0.134    -0.057    -0.028
    45.530    -0.149    -0.037    -0.024
    45.540    -0.131    -0.025    -0.023
    45.550    -0.079    -0.015    -0.027
    45.560    -0.023     0.012    -0.034
    45.570     0.035     0.045    -0.032
    45.580     0.079     0.074    -0.018
    45.590     0.100     0.083    -0.003
    45.600     0.094     0.074     0.010
    45.610     0.057     0.027     0.026
    45.620     0.018    -0.024     0.034
    45.630    -0.004    -0.068     0.035
    45.640    -0.018    -0.091     0.027
    45.650    -0.036    -0.088     0.020
    45.660    -0.055    -0.075     0.003
    45.670    -0.064    -0.038    -0.031
    45.680    -0.058    -0.004    -0.059
    45.690    -0.044     0.019    -0.067
    45.700    -0.011     0.017    -0.053
    45.710     0.040     0.007    -0.043
    45.720     0.083    -0.003    -0.054
    45.730     0.103    -0.010    -0.074
    45.740     0.099    -0.002    -0.085
    45.750     0.078    -0.015    -0.074
    45.760     0.045    -0.014    -0.046
    45.770     0.033     0.004    -0.011
    45.780     0.055     0.021     0.019
    45.790     0.074     0.049     0.047
    45.800     0.086     0.064     0.067
    45.810     0.079     0.070     0.077
    45.820     0.043     0.063     0.077
    45.830    -0.002     0.053     0.053
    45.840    -0.033     0.036     0.020
    45.850    -0.040     0.014    -0.021
    45.860    -0.048     0.005    -0.054
    45.870    -0.054    -0.011    -0.052
    45.880    -0.054    -0.029    -0.017
    45.890    -0.053    -0.040     0.034
    45.900    -0.042    -0.049     0.068
    45.910    -0.019    -0.061     0.083
    45.920     0.008    -0.075     0.085
    45.930     0.022    -0.064     0.066
    45.940     0.018    -0.063     0.053
    45.950    -0.003    -0.071     0.045
    45.960    -0.033    -0.058     0.042
    45.970    -0.055    -0.032     0.031
    45.980    -0.066    -0.013     0.008
    45.990    -0.058     0.003    -0.019
    46.000    -0.035     0.034    -0.051
    46.010    -0.002     0.050    -0.069
    46.020     0.035     0.058    -0.070
    46.030     0.058     0.064    -0.063
    46.040     0.045     0.057    -0.048
    46.050     0.007     0.023    -0.021
    46.060    -0.026    -0.021     0.000
    46.070    -0.044    -0.035     0.012
    46.080    -0.032    -0.028     0.038
    46.090     0.000    -0.013     0.065
    46.100     0.028    -0.002     0.085
    46.110     0.045     0.005     0.096
    46.120     0.036    -0.006     0.093
    46.130    -0.004    -0.027     0.081
    46.140    -0.053    -0.037     0.054
    46.150    -0.085    -0.043     0.014
    46.160    -0.092    -0.056    -0.015
    46.170    -0.076    -0.060    -0.030
    46.180    -0.030    -0.042    -0.027
    46.190     0.040    -0.009    -0.020
    46.200     0.095     0.043    -0.025
    46.210     0.116     0.090    -0.028
    46.220     0.085     0.128    -0.038
    46.230     0.014     0.124    -0.045
    46.240    -0.059     0.096    -0.044
    46.250    -0.105     0.069    -0.024
    46.260    -0.106     0.019     0.001
    46.270    -0.077    -0.004     0.004
    46.280    -0.034    -0.008     0.005
    46.290     0.003     0.010    -0.001
    46.300     0.006     0.024    -0.006
    46.310    -0.008     0.019    -0.008
    46.320    -0.029     0.023    -0.015
    46.330    -0.043     0.004    -0.012
    46.340    -0.019    -0.007    -0.001
    46.350     0.035    -0.003     0.026
    46.360     0.097     0.003     0.054
    46.370     0.145     0.011     0.062
    46.380     0.150     0.007     0.048
    46.390     0.116     0.024     0.029
    46.400     0.058     0.041     0.007
    46.410    -0.003     0.047    -0.016
    46.420    -0.053     0.059    -0.017
    46.430    -0.079     0.059    -0.009
    46.440    -0.069     0.045     0.002
    46.450    -0.046     0.024     0.008
    46.460    -0.038    -0.009     0.006
    46.470    -0.049    -0.049     0.006
    46.480    -0.068    -0.089     0.003
    46.490    -0.070    -0.119     0.000
    46.500    -0.056    -0.119    -0.010
    46.510    -0.030    -0.112    -0.027
    46.520     0.005    -0.080    -0.042
    46.530     0.032    -0.036    -0.054
    46.540     0.048    -0.021    -0.050
    46.550     0.056    -0.002    -0.041
    46.560     0.063     0.007    -0.042
    46.570     0.076     0.007    -0.044
    46.580     0.085     0.012    -0.041
    46.590     0.078     0.010    -0.028
    46.600     0.041     0.013    -0.015
    46.610    -0.007     0.014    -0.009
    46.620    -0.042     0.013     0.000
    46.630    -0.065     0.014     0.011
    46.640    -0.065     0.019     0.021
    46.650    -0.039     0.040     0.025
    46.660     0.001     0.047     0.015
    46.670     0.045     0.017    -0.007
    46.680     0.063    -0.017    -0.038
    46.690     0.063    -0.046    -0.060
    46.700     0.039    -0.056    -0.056
    46.710     0.001    -0.040    -0.031
    46.720    -0.008    -0.011    -0.002
    46.730     0.019     0.027     0.020
    46.740     0.053     0.052     0.021
    46.750     0.059     0.077    -0.003
    46.760     0.046     0.083    -0.027
    46.770     0.019     0.054    -0.038
    46.780    -0.018     0.023    -0.033
    46.790    -0.047     0.007    -0.001
    46.800    -0.070    -0.001     0.046
    46.810    -0.084    -0.016     0.080
    46.820    -0.094    -0.014     0.094
    46.830    -0.089    -0.004     0.094
    46.840    -0.065     0.004     0.061
    46.850    -0.031     0.011     0.013
    46.860     0.009     0.007    -0.013
    46.870     0.041    -0.005    -0.020
    46.880     0.058    -0.045    -0.004
    46.890     0.065    -0.079     0.011
    46.900     0.058    -0.073     0.017
    46.910     0.048    -0.063     0.027
    46.920     0.021    -0.050     0.025
    46.930    -0.017    -0.042     0.028
    46.940    -0.037    -0.036     0.030
    46.950    -0.042    -0.031     0.026
    46.960    -0.026    -0.026     0.019
    46.970     0.007     0.007     0.003
    46.980     0.057     0.033    -0.007
    46.990     0.103     0.036    -0.007
    47.000     0.100     0.038     0.007
    47.010     0.061     0.034     0.031
    47.020     0.017     0.025     0.042
    47.030    -0.009    -0.001     0.040
    47.040    -0.014    -0.005     0.028
    47.050    -0.001     0.011     0.019
    47.060     0.035     0.020     0.013
    47.070     0.078     0.039     0.008
    47.080     0.103     0.037    -0.001
    47.090     0.095     0.019    -0.018
    47.100     0.050    -0.006    -0.028
    47.110    -0.025    -0.020    -0.044
    47.120    -0.091    -0.015    -0.068
    47.130    -0.114    -0.026    -0.086
    47.140    -0.105    -0.025    -0.092
    47.150    -0.084    -0.006    -0.089
    47.160    -0.058     0.026    -0.078
    47.170    -0.028     0.037    -0.060
    47.180    -0.020     0.020    -0.039
    47.190    -0.036     0.005    -0.007
    47.200    -0.054    -0.029     0.019
    47.210    -0.075    -0.060     0.033
    47.220    -0.087    -0.073     0.041
    47.230    -0.078    -0.063     0.032
    47.240    -0.045    -0.050     0.025
    47.250     0.006    -0.033     0.031
    47.260     0.060     0.006     0.039
    47.270     0.094     0.027     0.040
    47.280     0.091     0.036     0.029
    47.290     0.076     0.036     0.014
    47.300     0.053     0.041    -0.007
    47.310     0.020     0.040    -0.017
    47.320    -0.001     0.016    -0.016
    47.330    -0.006     0.017    -0.018
    47.340     0.000     0.012    -0.016
    47.350    -0.003    -0.004    -0.009
    47.360    -0.016    -0.009     0.007
    47.370    -0.041    -0.005     0.023
    47.380    -0.075    -0.006     0.026
    47.390    -0.092    -0.026     0.009
    47.400    -0.084    -0.029    -0.013
    47.410    -0.054    -0.027    -0.026
    47.420    -0.018    -0.027    -0.025
    47.430     0.011    -0.026    -0.006
    47.440     0.034    -0.016     0.020
    47.450     0.045    -0.002     0.041
    47.460     0.041    -0.009     0.048
    47.470     0.037    -0.003     0.046
    47.480     0.021     0.018     0.026
    47.490     0.004     0.025    -0.004
    47.500    -0.006     0.012    -0.030
    47.510    -0.038     0.009    -0.055
    47.520    -0.054     0.020    -0.071
    47.530    -0.040     0.013    -0.084
    47.540    -0.013     0.008    -0.090
    47.550     0.017     0.008    -0.093
    47.560     0.024     0.004    -0.093
    47.570     0.022    -0.001    -0.092
    47.580     0.001     0.002    -0.091
    47.590    -0.030     0.002    -0.075
    47.600    -0.046    -0.016    -0.048
    47.610    -0.043    -0.040    -0.014
    47.620    -0.029    -0.045     0.012
    47.630    -0.015    -0.038     0.020
    47.640     0.006    -0.035     0.028
    47.650     0.017    -0.021     0.037
    47.660     0.016    -0.001     0.036
    47.670     0.019     0.012     0.033
    47.680     0.021     0.029     0.021
    47.690     0.034     0.043    -0.002
    47.700     0.062     0.043    -0.032
    47.710     0.082     0.037    -0.052
    47.720     0.091     0.016    -0.049
    47.730     0.062    -0.012    -0.035
    47.740     0.008    -0.043    -0.015
    47.750    -0.042    -0.075     0.007
    47.760    -0.078    -0.088     0.027
    47.770    -0.077    -0.075     0.052
    47.780    -0.047    -0.042     0.072
    47.790    -0.010    -0.003     0.079
    47.800     0.018     0.050     0.076
    47.810     0.024     0.099     0.064
    47.820     0.010     0.117     0.040
    47.830    -0.012     0.122     0.009
    47.840    -0.022     0.115    -0.022
    47.850    -0.012     0.094    -0.041
    47.860     0.010     0.054    -0.050
    47.870     0.027     0.021    -0.043
    47.880     0.022    -0.001    -0.027
    47.890    -0.001    -0.023    -0.011
    47.900    -0.016    -0.041     0.011
    47.910    -0.029    -0.050     0.036
    47.920    -0.033    -0.040     0.050
    47.930    -0.005    -0.033     0.047
    47.940     0.043    -0.027     0.037
    47.950     0.074    -0.016     0.025
    47.960     0.061    -0.017     0.002
    47.970     0.024    -0.023    -0.016
    47.980    -0.028    -0.037    -0.031
    47.990    -0.081    -0.040    -0.051
    48.000    -0.089    -0.045    -0.065
    48.010    -0.053    -0.058    -0.070
    48.020    -0.009    -0.062    -0.062
    48.030     0.021    -0.062    -0.051
    48.040     0.030    -0.061    -0.039
    48.050     0.024    -0.059    -0.016
    48.060     0.004    -0.031     0.000
    48.070    -0.015     0.008     0.010
    48.080    -0.029     0.034     0.016
    48.090    -0.049     0.053     0.019
    48.100    -0.063     0.062     0.026
    48.110    -0.060     0.058     0.027
    48.120    -0.039     0.034     0.028
    48.130    -0.008     0.015     0.038
    48.140     0.016     0.001     0.060
    48.150     0.032    -0.019     0.095
    48.160     0.029    -0.028     0.133
    48.170     0.025    -0.025     0.151
    48.180     0.036    -0.015     0.144
    48.190     0.043     0.000     0.119
    48.200     0.045     0.010     0.081
    48.210     0.041     0.006     0.051
    48.220     0.021    -0.012     0.028
    48.230    -0.005    -0.009     0.004
    48.240    -0.037     0.025    -0.015
    48.250    -0.049     0.054    -0.042
    48.260    -0.037     0.062    -0.072
    48.270    -0.024     0.038    -0.089
    48.280    -0.005     0.019    -0.092
    48.290     0.020     0.008    -0.081
    48.300     0.039     0.001    -0.062
    48.310     0.047     0.013    -0.036
    48.320     0.043     0.018    -0.008
    48.330     0.021     0.019     0.006
    48.340    -0.008     0.023     0.006
    48.350    -0.026     0.039    -0.001
    48.360    -0.035     0.057    -0.011
    48.370    -0.046     0.054    -0.024
    48.380    -0.063     0.043    -0.030
    48.390    -0.069     0.020    -0.030
    48.400    -0.058    -0.003    -0.036
    48.410    -0.028    -0.006    -0.039
    48.420     0.015     0.002    -0.033
    48.430     0.058     0.000    -0.027
    48.440     0.076    -0.015    -0.022
    48.450     0.053    -0.025    -0.015
    48.460     0.003    -0.035    -0.005
    48.470    -0.045    -0.040     0.004
    48.480    -0.048    -0.034     0.009
    48.490    -0.012    -0.030     0.018
    48.500     0.033    -0.038     0.026
    48.510     0.067    -0.040     0.022
    48.520     0.076    -0.020     0.014
    48.530     0.066    -0.016    -0.007
    48.540     0.042    -0.015    -0.031
    48.550     0.028    -0.009    -0.039
    48.560     0.018    -0.001    -0.031
    48.570     0.006     0.004    -0.005
    48.580    -0.002    -0.001     0.019
    48.590    -0.006    -0.008     0.046
    48.600    -0.015    -0.017     0.076
    48.610    -0.030     0.002     0.093
    48.620    -0.023     0.024     0.097
    48.630    -0.011     0.042     0.071
    48.640    -0.004     0.055     0.023
    48.650     0.011     0.046    -0.033
    48.660     0.014     0.034    -0.067
    48.670     0.004     0.009    -0.086
    48.680    -0.008    -0.009    -0.096
    48.690    -0.016    -0.022    -0.086
    48.700    -0.010    -0.035    -0.070
    48.710     0.010    -0.029    -0.035
    48.720     0.032    -0.014     0.010
    48.730     0.041    -0.002     0.053
    48.740     0.021     0.010     0.084
    48.750    -0.019     0.024     0.094
    48.760    -0.049     0.033     0.097
    48.770    -0.048     0.043     0.082
    48.780    -0.025     0.050     0.048
    48.790     0.005     0.046     0.005
    48.800     0.034     0.025    -0.027
    48.810     0.041    -0.006    -0.041
    48.820     0.013    -0.036    -0.033
    48.830    -0.039    -0.052    -0.009
    48.840    -0.085    -0.056     0.017
    48.850    -0.101    -0.053     0.028
    48.860    -0.073    -0.029     0.017
    48.870    -0.020     0.005    -0.005
    48.880     0.031     0.044    -0.035
    48.890     0.065     0.079    -0.064
    48.900     0.062     0.083    -0.078
    48.910     0.024     0.053    -0.076
    48.920    -0.033     0.010    -0.054
    48.930    -0.074    -0.030    -0.014
    48.940    -0.076    -0.063     0.043
    48.950    -0.041    -0.086     0.102
    48.960     0.017    -0.097     0.151
    48.970     0.071    -0.082     0.176
    48.980     0.100    -0.042     0.165
    48.990     0.104    -0.001     0.119
    49.000     0.083     0.038     0.057
    49.010     0.050     0.061    -0.003
    49.020     0.012     0.055    -0.061
    49.030    -0.028     0.025    -0.108
    49.040    -0.060    -0.002    -0.130
    49.050    -0.082    -0.033    -0.134
    49.060    -0.082    -0.069    -0.119
    49.070    -0.062    -0.076    -0.095
    49.080    -0.027    -0.067    -0.092
    49.090     0.020    -0.037    -0.102
    49.100     0.057    -0.006    -0.109
    49.110     0.064     0.005    -0.104
    49.120     0.033     0.005    -0.085
    49.130    -0.017    -0.005    -0.053
    49.140    -0.058    -0.002    -0.008
    49.150    -0.057     0.009     0.031
    49.160    -0.017     0.042     0.065
    49.170     0.049     0.073     0.101
    49.180     0.100     0.079     0.114
    49.190     0.103     0.069     0.116
    49.200     0.060     0.033     0.107
    49.210    -0.031     0.012     0.084
    49.220    -0.105    -0.010     0.052
    49.230    -0.129    -0.039     0.018
    49.240    -0.113    -0.045    -0.008
    49.250    -0.057    -0.023    -0.027
    49.260     0.008     0.019    -0.027
    49.270     0.062     0.055    -0.014
    49.280     0.070     0.094     0.015
    49.290     0.044     0.101     0.044
    49.300     0.009     0.085     0.055
    49.310    -0.033     0.075     0.061
    49.320    -0.052     0.052     0.060
    49.330    -0.037     0.035     0.049
    49.340    -0.003     0.015     0.020
    49.350     0.004     0.005    -0.008
    49.360    -0.025    -0.007    -0.027
    49.370    -0.069    -0.043    -0.040
    49.380    -0.128    -0.061    -0.035
    49.390    -0.160    -0.080    -0.026
    49.400    -0.151    -0.110    -0.005
    49.410    -0.100    -0.137     0.023
    49.420    -0.014    -0.152     0.040
    49.430     0.062    -0.151     0.036
    49.440     0.111    -0.134     0.012
    49.450     0.121    -0.105    -0.009
    49.460     0.088    -0.072    -0.032
    49.470     0.039    -0.042    -0.043
    49.480     0.004    -0.004    -0.033
    49.490     0.009     0.041    -0.017
    49.500     0.042     0.068     0.008
    49.510     0.081     0.088     0.039
    49.520     0.102     0.082     0.071
    49.530     0.074     0.039     0.094
    49.540     0.011     0.000     0.096
    49.550    -0.055    -0.024     0.068
    49.560    -0.092    -0.035     0.024
    49.570    -0.084    -0.035    -0.010
    49.580    -0.039    -0.001    -0.032
    49.590     0.014     0.046    -0.038
    49.600     0.053     0.077    -0.037
    49.610     0.071     0.101    -0.032
    49.620     0.064     0.115    -0.035
    49.630     0.047     0.100    -0.041
    49.640     0.021     0.047    -0.032
    49.650    -0.013     0.009    -0.019
    49.660    -0.032    -0.035    -0.001
    49.670    -0.030    -0.078     0.022
    49.680    -0.018    -0.073     0.047
    49.690    -0.001    -0.043     0.047
    49.700     0.010     0.000     0.019
    49.710     0.004     0.017    -0.018
    49.720    -0.012     0.029    -0.053
    49.730    -0.029     0.032    -0.065
    49.740    -0.029     0.025    -0.062
    49.750    -0.007     0.043    -0.041
    49.760     0.020     0.056    -0.023
    49.770     0.035     0.062    -0.022
    49.780     0.019     0.051    -0.026
    49.790    -0.013     0.033    -0.045
    49.800    -0.041     0.021    -0.055
    49.810    -0.056    -0.004    -0.052
    49.820    -0.057    -0.019    -0.042
    49.830    -0.054    -0.034    -0.027
    49.840    -0.048    -0.062    -0.016
    49.850    -0.043    -0.091    -0.014
    49.860    -0.041    -0.103    -0.021
    49.870    -0.028    -0.080    -0.032
    49.880     0.007    -0.045    -0.047
    49.890     0.052    -0.010    -0.057
    49.900     0.097     0.027    -0.055
    49.910     0.130     0.053    -0.038
    49.920     0.132     0.078     0.000
    49.930     0.105     0.102     0.039
    49.940     0.054     0.098     0.068
    49.950     0.003     0.062     0.077
    49.960    -0.034     0.007     0.066
    49.970    -0.059    -0.052     0.045
    49.980    -0.058    -0.094     0.027
    49.990    -0.042    -0.108     0.024
    50.000    -0.026    -0.079     0.041
    50.010    -0.018    -0.024     0.062
    50.020    -0.016     0.027     0.063
    50.030    -0.005     0.067     0.043
    50.040     0.019     0.083     0.015
    50.050     0.029     0.073    -0.007
    50.060     0.010     0.049    -0.004
    50.070    -0.016     0.015     0.015
    50.080    -0.049    -0.028     0.039
    50.090    -0.081    -0.068     0.054
    50.100    -0.093    -0.084     0.061
    50.110    -0.079    -0.079     0.057
    50.120    -0.044    -0.050     0.046
    50.130     0.007    -0.006     0.041
    50.140     0.066     0.031     0.042
    50.150     0.104     0.064     0.045
    50.160     0.100     0.085     0.036
    50.170     0.071     0.092     0.030
    50.180     0.032     0.086     0.016
    50.190    -0.006     0.060    -0.010
    50.200    -0.023     0.023    -0.033
    50.210    -0.017    -0.016    -0.051
    50.220     0.010    -0.057    -0.046
    50.230     0.034    -0.076    -0.043
    50.240     0.044    -0.089    -0.043
    50.250     0.045    -0.095    -0.051
    50.260     0.025    -0.082    -0.067
    50.270     0.003    -0.067    -0.086
    50.280    -0.013    -0.041    -0.115
    50.290    -0.018    -0.021    -0.116
    50.300    -0.002     0.009    -0.095
    50.310     0.022     0.043    -0.061
    50.320     0.053     0.067    -0.027
    50.330     0.064     0.086    -0.005
    50.340     0.038     0.074     0.023
    50.350    -0.007     0.050     0.036
    50.360    -0.053     0.020     0.035
    50.370    -0.087    -0.007     0.024
    50.380    -0.111    -0.020     0.011
    50.390    -0.099    -0.027    -0.002
    50.400    -0.058    -0.016    -0.025
    50.410    -0.011     0.006    -0.045
    50.420     0.036     0.029    -0.059
    50.430     0.056     0.044    -0.058
    50.440     0.047     0.043    -0.039
    50.450     0.020     0.024    -0.004
    50.460    -0.003    -0.016     0.036
    50.470    -0.011    -0.054     0.054
    50.480    -0.005    -0.062     0.045
    50.490     0.020    -0.055     0.021
    50.500     0.043    -0.055    -0.003
    50.510     0.064    -0.049    -0.010
    50.520     0.079    -0.032     0.000
    50.530     0.074    -0.021     0.020
    50.540     0.058    -0.006     0.041
    50.550     0.042     0.010     0.055
    50.560     0.018     0.023     0.052
    50.570    -0.018     0.028     0.023
    50.580    -0.047     0.036    -0.024
    50.590    -0.054     0.032    -0.072
    50.600    -0.056     0.010    -0.109
    50.610    -0.057    -0.003    -0.119
    50.620    -0.050    -0.018    -0.117
    50.630    -0.052    -0.037    -0.104
    50.640    -0.051    -0.058    -0.077
    50.650    -0.041    -0.057    -0.057
    50.660    -0.027    -0.047    -0.033
    50.670    -0.019    -0.036    -0.014
    50.680    -0.013    -0.011     0.008
    50.690    -0.011     0.006     0.027
    50.700    -0.029     0.033     0.031
    50.710    -0.047     0.056     0.031
    50.720    -0.059     0.079     0.022
    50.730    -0.066     0.081     0.025
    50.740    -0.056     0.046     0.032
    50.750    -0.040     0.017     0.042
    50.760    -0.021    -0.014     0.048
    50.770    -0.006    -0.029     0.051
    50.780     0.002    -0.035     0.068
    50.790     0.000    -0.030     0.082
    50.800    -0.009    -0.013     0.100
    50.810    -0.019    -0.007     0.107
    50.820    -0.025    -0.002     0.103
    50.830    -0.016    -0.005     0.089
    50.840    -0.013    -0.013     0.056
    50.850     0.000    -0.027     0.012
    50.860     0.022    -0.037    -0.032
    50.870     0.046    -0.031    -0.051
    50.880     0.061    -0.004    -0.050
    50.890     0.061     0.029    -0.015
    50.900     0.053     0.049     0.036
    50.910     0.022     0.070     0.061
    50.920    -0.012     0.072     0.067
    50.930    -0.034     0.071     0.050
    50.940    -0.045     0.041     0.023
    50.950    -0.050    -0.005    -0.005
    50.960    -0.058    -0.038    -0.033
    50.970    -0.061    -0.074    -0.059
    50.980    -0.058    -0.075    -0.095
    50.990    -0.025    -0.081    -0.110
    51.000     0.020    -0.083    -0.098
    51.010     0.060    -0.077    -0.078
    51.020     0.092    -0.070    -0.063
    51.030     0.110    -0.040    -0.059
    51.040     0.126    -0.020    -0.054
    51.050     0.136     0.014    -0.040
    51.060     0.138     0.054    -0.019
    51.070     0.122     0.077     0.008
    51.080     0.084     0.095     0.036
    51.090     0.023     0.102     0.056
    51.100    -0.045     0.086     0.075
    51.110    -0.087     0.059     0.084
    51.120    -0.097     0.033     0.079
    51.130    -0.067     0.016     0.070
    51.140    -0.017     0.019     0.062
    51.150     0.034     0.027     0.056
    51.160     0.082     0.055     0.051
    51.170     0.102     0.064     0.056
    51.180     0.086     0.049     0.058
    51.190     0.045     0.039     0.050
    51.200    -0.005     0.016     0.036
    51.210    -0.035    -0.011     0.006
    51.220    -0.035    -0.036    -0.031
    51.230    -0.009    -0.038    -0.063
    51.240     0.030    -0.038    -0.085
    51.250     0.052    -0.054    -0.094
    51.260     0.035    -0.057    -0.081
    51.270    -0.011    -0.059    -0.050
    51.280    -0.078    -0.059    -0.022
    51.290    -0.141    -0.051    -0.007
    51.300    -0.172    -0.031    -0.015
    51.310    -0.156    -0.017    -0.032
    51.320    -0.112    -0.031    -0.039
    51.330    -0.055    -0.051    -0.030
    51.340     0.003    -0.072     0.003
    51.350     0.041    -0.094     0.054
    51.360     0.056    -0.099     0.106
    51.370     0.046    -0.075     0.133
    51.380     0.021    -0.047     0.120
    51.390     0.001    -0.024     0.070
    51.400    -0.001     0.005     0.013
    51.410     0.008     0.034    -0.030
    51.420     0.006     0.073    -0.063
    51.430    -0.001     0.095    -0.077
    51.440    -0.008     0.092    -0.077
    51.450    -0.018     0.067    -0.063
    51.460    -0.019     0.037    -0.031
    51.470    -0.016     0.022     0.010
    51.480    -0.018     0.014     0.050
    51.490    -0.021     0.013     0.074
    51.500    -0.017     0.011     0.080
    51.510    -0.002     0.031     0.072
    51.520     0.026     0.044     0.051
    51.530     0.053     0.061     0.012
    51.540     0.064     0.076    -0.028
    51.550     0.067     0.064    -0.057
    51.560     0.063     0.044    -0.063
    51.570     0.056     0.005    -0.046
    51.580     0.042    -0.024    -0.016
    51.590     0.024    -0.051     0.014
    51.600     0.010    -0.068     0.039
    51.610    -0.014    -0.042     0.046
    51.620    -0.039    -0.010     0.024
    51.630    -0.040     0.032    -0.004
    51.640    -0.023     0.071    -0.028
    51.650    -0.003     0.086    -0.048
    51.660     0.014     0.096    -0.052
    51.670     0.017     0.087    -0.051
    51.680    -0.002     0.077    -0.045
    51.690    -0.028     0.070    -0.034
    51.700    -0.047     0.038    -0.019
    51.710    -0.070     0.008     0.003
    51.720    -0.085    -0.011     0.034
    51.730    -0.071    -0.015     0.070
    51.740    -0.043     0.001     0.098
    51.750    -0.022     0.022     0.115
    51.760    -0.016     0.032     0.110
    51.770    -0.017     0.014     0.086
    51.780    -0.020    -0.012     0.059
    51.790    -0.029    -0.035     0.031
    51.800    -0.031    -0.058     0.002
    51.810    -0.014    -0.067    -0.019
    51.820    -0.003    -0.071    -0.032
    51.830    -0.015    -0.067    -0.032
    51.840    -0.035    -0.065    -0.014
    51.850    -0.048    -0.063     0.011
    51.860    -0.043    -0.050     0.023
    51.870    -0.012    -0.052     0.023
    51.880     0.027    -0.055     0.022
    51.890     0.043    -0.047     0.022
    51.900     0.042    -0.041     0.011
    51.910     0.035    -0.033    -0.008
    51.920     0.023    -0.026    -0.020
    51.930     0.014    -0.019    -0.030
    51.940     0.008    -0.021    -0.028
    51.950     0.011    -0.032    -0.016
    51.960     0.015    -0.046    -0.024
    51.970     0.006    -0.055    -0.037
    51.980    -0.001    -0.043    -0.047
    51.990    -0.007    -0.019    -0.053
    52.000    -0.014    -0.004    -0.051
    52.010    -0.008     0.005    -0.044
    52.020     0.017     0.015    -0.032
    52.030     0.049     0.032    -0.016
    52.040     0.077     0.048    -0.005
    52.050     0.087     0.047     0.000
    52.060     0.058     0.030    -0.004
    52.070     0.008     0.004    -0.015
    52.080    -0.046    -0.017    -0.012
    52.090    -0.079    -0.026    -0.005
    52.100    -0.075    -0.019     0.002
    52.110    -0.059     0.004     0.011
    52.120    -0.036     0.020     0.009
    52.130    -0.003     0.032     0.004
    52.140     0.033     0.040    -0.019
    52.150     0.056     0.045    -0.068
    52.160     0.053     0.050    -0.113
    52.170     0.042     0.042    -0.138
    52.180     0.018     0.033    -0.128
    52.190     0.003     0.021    -0.095
    52.200     0.014     0.008    -0.059
    52.210     0.035     0.001    -0.022
    52.220     0.054    -0.012     0.012
    52.230     0.045    -0.023     0.028
    52.240     0.009    -0.041     0.028
    52.250    -0.032    -0.051     0.020
    52.260    -0.067    -0.035     0.008
    52.270    -0.069    -0.021    -0.005
    52.280    -0.054    -0.007    -0.011
    52.290    -0.037    -0.009    -0.007
    52.300    -0.014    -0.020     0.005
    52.310     0.015    -0.028     0.017
    52.320     0.049    -0.041     0.024
    52.330     0.069    -0.020     0.018
    52.340     0.068    -0.003     0.018
    52.350     0.050     0.003     0.033
    52.360     0.008     0.021     0.057
    52.370    -0.031     0.033     0.082
    52.380    -0.042     0.053     0.094
    52.390    -0.037     0.067     0.097
    52.400    -0.035     0.095     0.090
    52.410    -0.041     0.117     0.070
    52.420    -0.039     0.088     0.056
    52.430    -0.032     0.065     0.046
    52.440    -0.016     0.043     0.029
    52.450     0.011     0.020     0.011
    52.460     0.021     0.008    -0.010
    52.470     0.011    -0.004    -0.015
    52.480    -0.005    -0.004    -0.005
    52.490    -0.023    -0.021     0.019
    52.500    -0.041    -0.033     0.046
    52.510    -0.048    -0.021     0.057
    52.520    -0.031    -0.023     0.055
    52.530     0.002    -0.022     0.038
    52.540     0.044    -0.018     0.020
    52.550     0.080    -0.024     0.002
    52.560     0.091    -0.036    -0.015
    52.570     0.075    -0.066    -0.016
    52.580     0.032    -0.081     0.000
    52.590    -0.019    -0.085     0.025
    52.600    -0.059    -0.077     0.037
    52.610    -0.072    -0.051     0.027
    52.620    -0.048    -0.031     0.007
    52.630    -0.005    -0.022    -0.013
    52.640     0.036    -0.033    -0.022
    52.650     0.051    -0.031    -0.021
    52.660     0.048    -0.031    -0.012
    52.670     0.019    -0.040    -0.007
    52.680    -0.021    -0.037    -0.007
    52.690    -0.045    -0.036    -0.013
    52.700    -0.054    -0.019    -0.036
    52.710    -0.034    -0.001    -0.067
    52.720     0.006     0.018    -0.085
    52.730     0.042     0.044    -0.082
    52.740     0.059     0.043    -0.057
    52.750     0.056     0.030    -0.021
    52.760     0.022     0.021     0.010
    52.770    -0.022     0.005     0.027
    52.780    -0.059     0.001     0.036
    52.790    -0.071    -0.001     0.043
    52.800    -0.050     0.012     0.036
    52.810    -0.023     0.034     0.017
    52.820     0.006     0.037    -0.005
    52.830     0.018     0.061    -0.028
    52.840     0.020     0.076    -0.048
    52.850     0.022     0.072    -0.062
    52.860     0.034     0.061    -0.071
    52.870     0.065     0.036    -0.079
    52.880     0.082     0.033    -0.078
    52.890     0.083     0.030    -0.067
    52.900     0.055     0.040    -0.050
    52.910     0.006     0.054    -0.024
    52.920    -0.028     0.056    -0.006
    52.930    -0.044     0.052     0.006
    52.940    -0.033     0.027     0.005
    52.950    -0.006     0.005    -0.007
    52.960     0.029    -0.034    -0.005
    52.970     0.066    -0.066     0.005
    52.980     0.088    -0.066     0.023
    52.990     0.099    -0.058     0.043
    53.000     0.087    -0.033     0.061
    53.010     0.045    -0.019     0.070
    53.020    -0.010     0.005     0.071
    53.030    -0.066     0.018     0.080
    53.040    -0.101     0.012     0.085
    53.050    -0.109     0.025     0.082
    53.060    -0.091     0.029     0.069
    53.070    -0.060     0.034     0.035
    53.080    -0.043     0.035    -0.001
    53.090    -0.040     0.029    -0.032
    53.100    -0.051     0.014    -0.056
    53.110    -0.067    -0.019    -0.062
    53.120    -0.071    -0.028    -0.056
    53.130    -0.048    -0.030    -0.042
    53.140    -0.003    -0.043    -0.014
    53.150     0.033    -0.056     0.020
    53.160     0.051    -0.060     0.045
    53.170     0.050    -0.057     0.051
    53.180     0.029    -0.065     0.036
    53.190     0.006    -0.067     0.007
    53.200     0.004    -0.050    -0.014
    53.210     0.019    -0.037    -0.008
    53.220     0.033    -0.028     0.026
    53.230     0.031    -0.013     0.073
    53.240     0.010    -0.002     0.103
    53.250    -0.027    -0.004     0.104
    53.260    -0.067    -0.009     0.087
    53.270    -0.096    -0.001     0.061
    53.280    -0.103    -0.003     0.035
    53.290    -0.071    -0.008     0.009
    53.300    -0.017    -0.001    -0.016
    53.310     0.037     0.001    -0.050
    53.320     0.072    -0.012    -0.089
    53.330     0.078    -0.023    -0.114
    53.340     0.050    -0.018    -0.120
    53.350    -0.001    -0.026    -0.102
    53.360    -0.043    -0.031    -0.077
    53.370    -0.047    -0.023    -0.056
    53.380    -0.009    -0.013    -0.042
    53.390     0.045     0.003    -0.049
    53.400     0.097     0.011    -0.071
    53.410     0.105     0.037    -0.108
    53.420     0.070     0.046    -0.130
    53.430     0.017     0.034    -0.124
    53.440    -0.048     0.030    -0.094
    53.450    -0.086     0.017    -0.047
    53.460    -0.095    -0.002    -0.007
    53.470    -0.069    -0.040     0.034
    53.480    -0.026    -0.063     0.063
    53.490    -0.002    -0.079     0.071
    53.500     0.007    -0.098     0.058
    53.510    -0.018    -0.088     0.037
    53.520    -0.055    -0.076     0.018
    53.530    -0.080    -0.044     0.000
    53.540    -0.066     0.000    -0.016
    53.550    -0.013     0.049    -0.038
    53.560     0.049     0.092    -0.054
    53.570     0.101     0.112    -0.064
    53.580     0.116     0.123    -0.066
    53.590     0.085     0.116    -0.057
    53.600     0.021     0.119    -0.041
    53.610    -0.040     0.110    -0.015
    53.620    -0.085     0.094     0.009
    53.630    -0.102     0.080     0.030
    53.640    -0.082     0.054     0.050
    53.650    -0.048     0.043     0.065
    53.660    -0.018     0.019     0.074
    53.670    -0.005     0.012     0.080
    53.680     0.000     0.005     0.079
    53.690     0.009    -0.004     0.079
    53.700     0.036     0.003     0.086
    53.710     0.081     0.007     0.081
    53.720     0.120     0.019     0.077
    53.730     0.134     0.005     0.072
    53.740     0.108    -0.021     0.067
    53.750     0.058    -0.050     0.072
    53.760     0.001    -0.087     0.066
    53.770    -0.047    -0.099     0.047
    53.780    -0.065    -0.076     0.019
    53.790    -0.055    -0.042    -0.007
    53.800    -0.026    -0.021    -0.026
    53.810     0.017    -0.004    -0.052
    53.820     0.056     0.021    -0.076
    53.830     0.083     0.035    -0.093
    53.840     0.089     0.024    -0.095
    53.850     0.072     0.016    -0.074
    53.860     0.058    -0.004    -0.043
    53.870     0.052    -0.026     0.003
    53.880     0.049    -0.032     0.057
    53.890     0.050    -0.028     0.097
    53.900     0.045    -0.017     0.121
    53.910     0.027    -0.027     0.119
    53.920    -0.004    -0.025     0.097
    53.930    -0.021    -0.030     0.063
    53.940    -0.004    -0.045     0.019
    53.950     0.010    -0.042    -0.005
    53.960     0.010    -0.044    -0.021
    53.970    -0.005    -0.049    -0.020
    53.980    -0.036    -0.055    -0.009
    53.990    -0.079    -0.031    -0.012
    54.000    -0.120     0.001    -0.015
    54.010    -0.128     0.029    -0.027
    54.020    -0.117     0.063    -0.025
    54.030    -0.094     0.058    -0.017
    54.040    -0.067     0.043    -0.008
    54.050    -0.051     0.010     0.002
    54.060    -0.043    -0.014    -0.012
    54.070    -0.042    -0.022    -0.031
    54.080    -0.040    -0.056    -0.056
    54.090    -0.059    -0.042    -0.067
    54.100    -0.079    -0.036    -0.072
    54.110    -0.074    -0.042    -0.084
    54.120    -0.060    -0.023    -0.086
    54.130    -0.038    -0.023    -0.083
    54.140    -0.016    -0.008    -0.073
    54.150    -0.003    -0.009    -0.057
    54.160    -0.002    -0.021    -0.039
    54.170    -0.006    -0.035    -0.022
    54.180     0.000    -0.055     0.006
    54.190    -0.002    -0.038     0.028
    54.200    -0.005    -0.016     0.041
    54.210    -0.009    -0.001     0.057
    54.220    -0.013     0.011     0.059
    54.230    -0.001     0.014     0.070
    54.240     0.011     0.013     0.083
    54.250     0.019     0.013     0.090
    54.260     0.024     0.015     0.089
    54.270     0.027     0.008     0.070
    54.280     0.037     0.006     0.049
    54.290     0.044     0.021     0.020
    54.300     0.056     0.043     0.001
    54.310     0.069     0.060    -0.003
    54.320     0.062     0.071    -0.009
    54.330     0.040     0.080    -0.006
    54.340     0.010     0.074    -0.002
    54.350    -0.009     0.052    -0.007
    54.360    -0.013     0.031    -0.025
    54.370    -0.004     0.021    -0.035
    54.380     0.011     0.020    -0.038
    54.390     0.007     0.050    -0.039
    54.400    -0.010     0.077    -0.030
    54.410    -0.031     0.068    -0.022
    54.420    -0.043     0.049    -0.014
    54.430    -0.046     0.031    -0.010
    54.440    -0.041    -0.004    -0.005
    54.450    -0.021    -0.053     0.011
    54.460    -0.008    -0.100     0.030
    54.470    -0.014    -0.127     0.047
    54.480    -0.030    -0.128     0.050
    54.490    -0.035    -0.107     0.032
    54.500    -0.020    -0.056    -0.001
    54.510     0.000    -0.009    -0.034
    54.520     0.023     0.025    -0.048
    54.530     0.047     0.056    -0.043
    54.540     0.052     0.070    -0.031
    54.550     0.022     0.084    -0.025
    54.560    -0.023     0.087    -0.023
    54.570    -0.058     0.081    -0.016
    54.580    -0.071     0.079    -0.014
    54.590    -0.063     0.078    -0.013
    54.600    -0.041     0.079    -0.015
    54.610    -0.013     0.065    -0.026
    54.620     0.006     0.056    -0.040
    54.630     0.023     0.042    -0.054
    54.640     0.048     0.006    -0.065
    54.650     0.072    -0.015    -0.063
    54.660     0.090    -0.038    -0.043
    54.670     0.091    -0.064    -0.013
    54.680     0.068    -0.068     0.018
    54.690     0.035    -0.076     0.051
    54.700     0.012    -0.072     0.081
    54.710     0.004    -0.071     0.106
    54.720     0.009    -0.063     0.123
    54.730     0.006    -0.036     0.125
    54.740    -0.005    -0.024     0.112
    54.750    -0.018    -0.011     0.088
    54.760    -0.037    -0.005     0.056
    54.770    -0.048    -0.003     0.030
    54.780    -0.037    -0.004     0.031
    54.790    -0.027    -0.012     0.046
    54.800    -0.037    -0.002     0.058
    54.810    -0.052     0.012     0.052
    54.820    -0.055     0.029     0.030
    54.830    -0.051     0.056     0.003
    54.840    -0.046     0.088    -0.024
    54.850    -0.028     0.114    -0.048
    54.860    -0.001     0.122    -0.068
    54.870     0.024     0.113    -0.086
    54.880     0.051     0.091    -0.101
    54.890     0.075     0.056    -0.110
    54.900     0.078     0.019    -0.109
    54.910     0.066    -0.006    -0.099
    54.920     0.048    -0.040    -0.085
    54.930     0.041    -0.065    -0.064
    54.940     0.044    -0.060    -0.049
    54.950     0.051    -0.048    -0.048
    54.960     0.069    -0.040    -0.059
    54.970     0.079    -0.043    -0.083
    54.980     0.069    -0.053    -0.111
    54.990     0.051    -0.057    -0.129
    55.000     0.021    -0.053    -0.128
    55.010    -0.009    -0.038    -0.105
    55.020    -0.019    -0.027    -0.061
    55.030    -0.012    -0.034    -0.013
    55.040     0.006    -0.042     0.030
    55.050     0.017    -0.055     0.064
    55.060     0.022    -0.085     0.085
    55.070     0.028    -0.107     0.096
    55.080     0.021    -0.103     0.096
    55.090    -0.001    -0.075     0.086
    55.100    -0.016    -0.050     0.066
    55.110    -0.001    -0.022     0.042
    55.120     0.027     0.016     0.014
    55.130     0.045     0.057    -0.015
    55.140     0.060     0.091    -0.037
    55.150     0.065     0.100    -0.054
    55.160     0.056     0.091    -0.062
    55.170     0.038     0.048    -0.059
    55.180     0.019     0.008    -0.056
    55.190     0.006     0.000    -0.059
    55.200     0.000     0.009    -0.053
    55.210     0.010     0.020    -0.035
    55.220     0.023     0.021    -0.006
    55.230     0.026     0.023     0.039
    55.240     0.025     0.007     0.083
    55.250     0.016    -0.014     0.114
    55.260     0.008    -0.026     0.132
    55.270     0.003    -0.037     0.142
    55.280     0.009    -0.046     0.150
    55.290     0.033    -0.052     0.151
    55.300     0.045    -0.046     0.147
    55.310     0.036    -0.052     0.132
    55.320     0.007    -0.061     0.110
    55.330    -0.032    -0.057     0.083
    55.340    -0.070    -0.047     0.056
    55.350    -0.101    -0.036     0.037
    55.360    -0.104    -0.036     0.012
    55.370    -0.090    -0.018    -0.010
    55.380    -0.077     0.014    -0.038
    55.390    -0.061     0.038    -0.063
    55.400    -0.052     0.059    -0.075
    55.410    -0.050     0.066    -0.079
    55.420    -0.059     0.052    -0.074
    55.430    -0.078     0.017    -0.056
    55.440    -0.089    -0.014    -0.033
    55.450    -0.087    -0.022    -0.014
    55.460    -0.071    -0.019    -0.001
    55.470    -0.030    -0.010     0.011
    55.480     0.017     0.003     0.026
    55.490     0.046     0.007     0.043
    55.500     0.050     0.004     0.056
    55.510     0.041     0.001     0.054
    55.520     0.033    -0.009     0.037
    55.530     0.035    -0.019     0.015
    55.540     0.045    -0.024    -0.003
    55.550     0.057    -0.019    -0.019
    55.560     0.062     0.004    -0.027
    55.570     0.056     0.026    -0.024
    55.580     0.034     0.057    -0.013
    55.590     0.003     0.080     0.002
    55.600    -0.013     0.077     0.017
    55.610    -0.011     0.062     0.033
    55.620    -0.004     0.029     0.043
    55.630     0.000     0.012     0.040
    55.640     0.008     0.013     0.029
    55.650     0.014     0.029     0.013
    55.660     0.014     0.037     0.004
    55.670    -0.003     0.011     0.000
    55.680    -0.037    -0.021     0.006
    55.690    -0.059    -0.052     0.021
    55.700    -0.071    -0.066     0.029
    55.710    -0.069    -0.069     0.028
    55.720    -0.050    -0.057     0.011
    55.730    -0.029    -0.028    -0.012
    55.740    -0.006    -0.014    -0.028
    55.750     0.012    -0.008    -0.026
    55.760     0.009    -0.023    -0.013
    55.770    -0.011    -0.030     0.005
    55.780    -0.034    -0.023     0.035
    55.790    -0.052    -0.021     0.063
    55.800    -0.055    -0.001     0.090
    55.810    -0.053    -0.005     0.099
    55.820    -0.060    -0.028     0.076
    55.830    -0.084    -0.047     0.035
    55.840    -0.127    -0.067    -0.008
    55.850    -0.158    -0.067    -0.030
    55.860    -0.156    -0.054    -0.038
    55.870    -0.112    -0.026    -0.041
    55.880    -0.041     0.019    -0.044
    55.890     0.024     0.051    -0.060
    55.900     0.075     0.067    -0.079
    55.910     0.089     0.086    -0.089
    55.920     0.085     0.087    -0.098
    55.930     0.081     0.075    -0.107
    55.940     0.082     0.059    -0.102
    55.950     0.092     0.050    -0.086
    55.960     0.099     0.031    -0.056
    55.970     0.104     0.003    -0.012
    55.980     0.092     0.009     0.026
    55.990     0.072     0.005     0.050
    56.000     0.045    -0.006     0.057
    56.010     0.012    -0.008     0.055
    56.020    -0.010    -0.006     0.048
    56.030    -0.016     0.007     0.029
    56.040     0.000     0.002    -0.007
    56.050     0.020     0.018    -0.038
    56.060     0.028     0.022    -0.051
    56.070     0.026    -0.018    -0.047
    56.080     0.005    -0.045    -0.023
    56.090    -0.028    -0.057    -0.006
    56.100    -0.062    -0.055     0.003
    56.110    -0.072    -0.042     0.007
    56.120    -0.062    -0.013     0.001
    56.130    -0.042     0.020    -0.003
    56.140    -0.023     0.043     0.005
    56.150    -0.026     0.065     0.026
    56.160    -0.043     0.071     0.047
    56.170    -0.061     0.065     0.071
    56.180    -0.064     0.045     0.098
    56.190    -0.055     0.050     0.114
    56.200    -0.036     0.073     0.121
    56.210    -0.015     0.072     0.122
    56.220    -0.019     0.066     0.113
    56.230    -0.041     0.044     0.091
    56.240    -0.071     0.021     0.057
    56.250    -0.090     0.004     0.025
    56.260    -0.075    -0.007    -0.006
    56.270    -0.021    -0.005    -0.042
    56.280     0.052    -0.018    -0.078
    56.290     0.114    -0.025    -0.114
    56.300     0.154    -0.029    -0.145
    56.310     0.152    -0.033    -0.162
    56.320     0.118    -0.025    -0.152
    56.330     0.086    -0.021    -0.122
    56.340     0.075    -0.010    -0.082
    56.350     0.086     0.005    -0.048
    56.360     0.103     0.004    -0.023
    56.370     0.115    -0.012     0.007
    56.380     0.095    -0.046     0.028
    56.390     0.051    -0.076     0.029
    56.400     0.009    -0.090     0.019
    56.410    -0.013    -0.087     0.001
    56.420     0.008    -0.062    -0.012
    56.430     0.056    -0.040    -0.014
    56.440     0.097    -0.016    -0.013
    56.450     0.103     0.007    -0.014
    56.460     0.065     0.013    -0.025
    56.470     0.000     0.015    -0.035
    56.480    -0.055    -0.001    -0.044
    56.490    -0.086    -0.023    -0.046
    56.500    -0.097    -0.038    -0.042
    56.510    -0.079    -0.067    -0.034
    56.520    -0.050    -0.073    -0.029
    56.530    -0.024    -0.057    -0.032
    56.540    -0.008    -0.036    -0.033
    56.550    -0.013    -0.002    -0.025
    56.560    -0.042     0.025    -0.009
    56.570    -0.080     0.032     0.017
    56.580    -0.092     0.024     0.049
    56.590    -0.074     0.007     0.082
    56.600    -0.040     0.002     0.107
    56.610    -0.008    -0.003     0.123
    56.620     0.001    -0.007     0.132
    56.630    -0.008     0.003     0.140
    56.640    -0.025     0.000     0.140
    56.650    -0.033     0.008     0.132
    56.660    -0.028     0.032     0.114
    56.670    -0.018     0.060     0.088
    56.680    -0.007     0.071     0.056
    56.690    -0.001     0.057     0.026
    56.700    -0.004     0.053     0.014
    56.710    -0.013     0.051     0.013
    56.720    -0.013     0.053     0.018
    56.730    -0.009     0.056     0.013
    56.740     0.008     0.064     0.007
    56.750     0.034     0.078     0.007
    56.760     0.040     0.076    -0.001
    56.770     0.023     0.066    -0.009
    56.780    -0.013     0.041    -0.018
    56.790    -0.052     0.019    -0.020
    56.800    -0.078     0.017    -0.015
    56.810    -0.083     0.035    -0.006
    56.820    -0.060     0.046    -0.002
    56.830    -0.032     0.037    -0.009
    56.840    -0.026     0.027    -0.015
    56.850    -0.045     0.007    -0.032
    56.860    -0.069    -0.007    -0.051
    56.870    -0.085    -0.011    -0.085
    56.880    -0.080     0.004    -0.127
    56.890    -0.046     0.053    -0.167
    56.900    -0.001     0.107    -0.208
    56.910     0.046     0.165    -0.244
    56.920     0.089     0.213    -0.276
    56.930     0.120     0.233    -0.300
    56.940     0.127     0.251    -0.314
    56.950     0.116     0.259    -0.318
    56.960     0.092     0.255    -0.310
    56.970     0.046     0.235    -0.304
    56.980    -0.009     0.206    -0.292
    56.990    -0.055     0.182    -0.253
    57.000    -0.088     0.137    -0.195
    57.010    -0.102     0.094    -0.137
    57.020    -0.086     0.065    -0.085
    57.030    -0.041     0.036    -0.021
    57.040     0.016     0.035     0.059
    57.050     0.070     0.054     0.146
    57.060     0.114     0.077     0.237
    57.070     0.140     0.078     0.317
    57.080     0.139     0.048     0.391
    57.090     0.122    -0.001     0.458
    57.100     0.090    -0.077     0.508
    57.110     0.036    -0.162     0.535
    57.120    -0.015    -0.248     0.550
    57.130    -0.048    -0.335     0.555
    57.140    -0.052    -0.416     0.540
    57.150    -0.037    -0.473     0.501
    57.160    -0.020    -0.505     0.428
    57.170    -0.005    -0.521     0.334
    57.180     0.000    -0.512     0.224
    57.190     0.005    -0.486     0.102
    57.200     0.005    -0.450    -0.026
    57.210     0.008    -0.423    -0.164
    57.220     0.022    -0.395    -0.294
    57.230     0.025    -0.370    -0.406
    57.240     0.023    -0.355    -0.491
    57.250     0.010    -0.329    -0.540
    57.260    -0.002    -0.309    -0.553
    57.270    -0.006    -0.279    -0.537
    57.280    -0.024    -0.257    -0.499
    57.290    -0.040    -0.257    -0.446
    57.300    -0.059    -0.269    -0.383
    57.310    -0.085    -0.290    -0.310
    57.320    -0.103    -0.281    -0.255
    57.330    -0.100    -0.252    -0.233
    57.340    -0.060    -0.196    -0.251
    57.350    -0.003    -0.103    -0.317
    57.360     0.061     0.011    -0.412
    57.370     0.114     0.140    -0.506
    57.380     0.130     0.247    -0.566
    57.390     0.111     0.336    -0.572
    57.400     0.075     0.372    -0.521
    57.410     0.024     0.354    -0.411
    57.420    -0.040     0.331    -0.256
    57.430    -0.082     0.277    -0.079
    57.440    -0.100     0.224     0.087
    57.450    -0.091     0.195     0.210
    57.460    -0.067     0.211     0.283
    57.470    -0.041     0.280     0.309
    57.480    -0.013     0.377     0.302
    57.490    -0.001     0.500     0.292
    57.500     0.013     0.591     0.293
    57.510     0.026     0.640     0.300
    57.520     0.045     0.650     0.311
    57.530     0.064     0.624     0.310
    57.540     0.079     0.563     0.297
    57.550     0.083     0.494     0.289
    57.560     0.047     0.441     0.297
    57.570     0.000     0.390     0.324
    57.580    -0.057     0.361     0.370
    57.590    -0.103     0.358     0.419
    57.600    -0.107     0.372     0.458
    57.610    -0.085     0.376     0.482
    57.620    -0.050     0.386     0.486
    57.630    -0.016     0.388     0.481
    57.640    -0.005     0.383     0.447
    57.650    -0.022     0.374     0.393
    57.660    -0.049     0.322     0.332
    57.670    -0.080     0.217     0.277
    57.680    -0.099     0.024     0.250
    57.690    -0.117    -0.199     0.245
    57.700    -0.137    -0.451     0.268
    57.710    -0.157    -0.727     0.298
    57.720    -0.178    -0.977     0.316
    57.730    -0.174    -1.199     0.308
    57.740    -0.142    -1.340     0.266
    57.750    -0.073    -1.427     0.189
    57.760     0.023    -1.447     0.084
    57.770     0.134    -1.396    -0.034
    57.780     0.244    -1.299    -0.147
    57.790     0.321    -1.149    -0.232
    57.800     0.373    -0.952    -0.299
    57.810     0.388    -0.712    -0.349
    57.820     0.366    -0.482    -0.399
    57.830     0.304    -0.282    -0.470
    57.840     0.190    -0.114    -0.568
    57.850     0.055    -0.001    -0.701
    57.860    -0.081     0.058    -0.844
    57.870    -0.197     0.099    -0.963
    57.880    -0.278     0.160    -1.028
    57.890    -0.311     0.266    -1.016
    57.900    -0.288     0.435    -0.934
    57.910    -0.222     0.656    -0.817
    57.920    -0.111     0.914    -0.714
    57.930     0.028     1.140    -0.634
    57.940     0.154     1.309    -0.568
    57.950     0.241     1.426    -0.485
    57.960     0.268     1.434    -0.362
    57.970     0.228     1.353    -0.169
    57.980     0.144     1.198     0.108
    57.990     0.031     0.981     0.439
    58.000    -0.083     0.720     0.791
    58.010    -0.163     0.454     1.112
    58.020    -0.206     0.221     1.359
    58.030    -0.202     0.009     1.511
    58.040    -0.155    -0.140     1.560
    58.050    -0.071    -0.251     1.512
    58.060     0.019    -0.330     1.378
    58.070     0.094    -0.363     1.185
    58.080     0.168    -0.366     0.946
    58.090     0.224    -0.316     0.684
    58.100     0.267    -0.230     0.425
    58.110     0.287    -0.117     0.201
    58.120     0.256    -0.010     0.030
    58.130     0.175     0.045    -0.086
    58.140     0.044     0.021    -0.146
    58.150    -0.115    -0.090    -0.182
    58.160    -0.272    -0.263    -0.206
    58.170    -0.398    -0.457    -0.230
    58.180    -0.464    -0.636    -0.247
    58.190    -0.459    -0.777    -0.244
    58.200    -0.382    -0.849    -0.239
    58.210    -0.247    -0.832    -0.230
    58.220    -0.080    -0.724    -0.225
    58.230     0.095    -0.557    -0.228
    58.240     0.230    -0.386    -0.244
    58.250     0.311    -0.247    -0.277
    58.260     0.346    -0.166    -0.316
    58.270     0.333    -0.137    -0.349
    58.280     0.296    -0.123    -0.360
    58.290     0.231    -0.114    -0.356
    58.300     0.135    -0.091    -0.358
    58.310     0.034    -0.038    -0.377
    58.320    -0.059     0.033    -0.420
    58.330    -0.136     0.093    -0.472
    58.340    -0.176     0.122    -0.509
    58.350    -0.176     0.146    -0.518
    58.360    -0.155     0.166    -0.495
    58.370    -0.121     0.201    -0.434
    58.380    -0.077     0.262    -0.331
    58.390    -0.016     0.349    -0.211
    58.400     0.047     0.456    -0.083
    58.410     0.094     0.522     0.044
    58.420     0.126     0.564     0.165
    58.430     0.124     0.547     0.279
    58.440     0.088     0.449     0.351
    58.450     0.029     0.317     0.384
    58.460    -0.037     0.160     0.360
    58.470    -0.082     0.021     0.289
    58.480    -0.111    -0.095     0.196
    58.490    -0.124    -0.142     0.098
    58.500    -0.110    -0.118     0.034
    58.510    -0.069    -0.073    -0.005
    58.520     0.005     0.007    -0.009
    58.530     0.097     0.067     0.007
    58.540     0.167     0.076     0.028
    58.550     0.181     0.030     0.052
    58.560     0.137    -0.075     0.065
    58.570     0.036    -0.217     0.085
    58.580    -0.095    -0.370     0.105
    58.590    -0.199    -0.458     0.116
    58.600    -0.244    -0.449     0.111
    58.610    -0.213    -0.365     0.075
    58.620    -0.125    -0.228     0.021
    58.630    -0.015    -0.062    -0.041
    58.640     0.073     0.080    -0.100
    58.650     0.116     0.162    -0.132
    58.660     0.104     0.174    -0.130
    58.670     0.036     0.128    -0.077
    58.680    -0.055     0.050     0.024
    58.690    -0.129    -0.042     0.136
    58.700    -0.156    -0.093     0.227
    58.710    -0.132    -0.093     0.259
    58.720    -0.068    -0.039     0.219
    58.730     0.019     0.060     0.128
    58.740     0.091     0.191     0.035
    58.750     0.137     0.326    -0.013
    58.760     0.159     0.416    -0.005
    58.770     0.150     0.459     0.054
    58.780     0.120     0.432     0.108
    58.790     0.073     0.346     0.131
    58.800     0.025     0.222     0.131
    58.810    -0.015     0.074     0.118
    58.820    -0.057    -0.056     0.111
    58.830    -0.080    -0.147     0.091
    58.840    -0.082    -0.184     0.074
    58.850    -0.072    -0.188     0.062
    58.860    -0.054    -0.165     0.049
    58.870    -0.035    -0.129     0.021
    58.880    -0.002    -0.094    -0.033
    58.890     0.039    -0.073    -0.097
    58.900     0.088    -0.077    -0.168
    58.910     0.130    -0.094    -0.226
    58.920     0.140    -0.128    -0.256
    58.930     0.099    -0.148    -0.262
    58.940     0.024    -0.159    -0.239
    58.950    -0.045    -0.167    -0.192
    58.960    -0.104    -0.168    -0.135
    58.970    -0.135    -0.179    -0.096
    58.980    -0.129    -0.208    -0.079
    58.990    -0.102    -0.269    -0.087
    59.000    -0.067    -0.297    -0.137
    59.010    -0.024    -0.274    -0.209
    59.020     0.027    -0.213    -0.288
    59.030     0.072    -0.082    -0.349
    59.040     0.114     0.075    -0.355
    59.050     0.140     0.236    -0.308
    59.060     0.155     0.360    -0.227
    59.070     0.165     0.426    -0.136
    59.080     0.155     0.444    -0.056
    59.090     0.117     0.389     0.015
    59.100     0.028     0.310     0.079
    59.110    -0.088     0.221     0.133
    59.120    -0.182     0.152     0.190
    59.130    -0.227     0.135     0.258
    59.140    -0.199     0.154     0.344
    59.150    -0.123     0.224     0.439
    59.160    -0.029     0.273     0.520
    59.170     0.050     0.296     0.570
    59.180     0.078     0.295     0.587
    59.190     0.063     0.260     0.549
    59.200     0.028     0.219     0.440
    59.210    -0.015     0.153     0.264
    59.220    -0.049     0.073     0.069
    59.230    -0.064    -0.027    -0.095
    59.240    -0.065    -0.117    -0.194
    59.250    -0.050    -0.183    -0.213
    59.260    -0.022    -0.234    -0.178
    59.270     0.012    -0.269    -0.113
    59.280     0.043    -0.288    -0.051
    59.290     0.057    -0.285    -0.025
    59.300     0.045    -0.267    -0.050
    59.310     0.023    -0.249    -0.112
    59.320     0.005    -0.252    -0.183
    59.330    -0.010    -0.261    -0.253
    59.340    -0.013    -0.275    -0.306
    59.350    -0.004    -0.280    -0.329
    59.360     0.014    -0.257    -0.328
    59.370     0.044    -0.226    -0.320
    59.380     0.080    -0.194    -0.313
    59.390     0.108    -0.175    -0.309
    59.400     0.095    -0.162    -0.296
    59.410     0.042    -0.171    -0.258
    59.420    -0.033    -0.202    -0.185
    59.430    -0.101    -0.204    -0.068
    59.440    -0.137    -0.169     0.084
    59.450    -0.129    -0.105     0.237
    59.460    -0.073    -0.032     0.374
    59.470     0.006     0.023     0.476
    59.480     0.071     0.049     0.529
    59.490     0.105     0.050     0.520
    59.500     0.097     0.024     0.453
    59.510     0.057    -0.009     0.349
    59.520     0.007    -0.033     0.231
    59.530    -0.036    -0.045     0.123
    59.540    -0.059    -0.034     0.027
    59.550    -0.067    -0.014    -0.058
    59.560    -0.060     0.000    -0.126
    59.570    -0.053     0.019    -0.163
    59.580    -0.059     0.035    -0.194
    59.590    -0.063     0.049    -0.256
    59.600    -0.045     0.059    -0.335
    59.610    -0.018     0.074    -0.419
    59.620     0.017     0.116    -0.457
    59.630     0.056     0.173    -0.427
    59.640     0.079     0.230    -0.343
    59.650     0.089     0.274    -0.199
    59.660     0.072     0.303    -0.045
    59.670     0.043     0.288     0.094
    59.680     0.012     0.234     0.206
    59.690    -0.028     0.163     0.257
    59.700    -0.064     0.053     0.259
    59.710    -0.095    -0.069     0.236
    59.720    -0.116    -0.160     0.219
    59.730    -0.115    -0.182     0.211
    59.740    -0.082    -0.140     0.201
    59.750    -0.020    -0.062     0.184
    59.760     0.047     0.049     0.139
    59.770     0.110     0.166     0.062
    59.780     0.144     0.281    -0.021
    59.790     0.142     0.381    -0.077
    59.800     0.113     0.438    -0.081
    59.810     0.060     0.433    -0.040
    59.820     0.013     0.353     0.036
    59.830    -0.034     0.225     0.138
    59.840    -0.099     0.073     0.239
    59.850    -0.160    -0.099     0.322
    59.860    -0.205    -0.249     0.382
    59.870    -0.230    -0.369     0.395
    59.880    -0.213    -0.447     0.345
    59.890    -0.146    -0.470     0.240
    59.900    -0.038    -0.449     0.102
    59.910     0.082    -0.374    -0.038
    59.920     0.187    -0.291    -0.156
    59.930     0.255    -0.221    -0.240
    59.940     0.275    -0.147    -0.291
    59.950     0.251    -0.095    -0.329
    59.960     0.196    -0.042    -0.352
    59.970     0.124     0.005    -0.345
    59.980     0.040     0.024    -0.310
    59.990    -0.048     0.023    -0.263
    60.000    -0.123    -0.004    -0.228
    60.010    -0.174    -0.004    -0.227
    60.020    -0.196     0.015    -0.258
    60.030    -0.194     0.033    -0.305
    60.040    -0.160     0.072    -0.348
    60.050    -0.110     0.106    -0.368
    60.060    -0.065     0.133    -0.363
    60.070    -0.011     0.144    -0.312
    60.080     0.047     0.154    -0.225
    60.090     0.083     0.195    -0.130
    60.100     0.103     0.241    -0.045
    60.110     0.119     0.300     0.009
    60.120     0.126     0.380     0.030
    60.130     0.114     0.431     0.028
    60.140     0.088     0.440     0.044
    60.150     0.042     0.403     0.100
    60.160    -0.034     0.318     0.192
    60.170    -0.136     0.207     0.312
    60.180    -0.234     0.081     0.422
    60.190    -0.297    -0.029     0.500
    60.200    -0.302    -0.126     0.539
    60.210    -0.247    -0.208     0.540
    60.220    -0.159    -0.253     0.510
    60.230    -0.062    -0.263     0.440
    60.240     0.022    -0.232     0.342
    60.250     0.089    -0.190     0.220
    60.260     0.119    -0.153     0.100
    60.270     0.107    -0.154     0.007
    60.280     0.085    -0.190    -0.053
    60.290     0.066    -0.224    -0.072
    60.300     0.061    -0.243    -0.073
    60.310     0.058    -0.212    -0.067
    60.320     0.064    -0.163    -0.083
    60.330     0.069    -0.105    -0.135
    60.340     0.048    -0.039    -0.212
    60.350     0.009     0.005    -0.306
    60.360    -0.033     0.015    -0.374
    60.370    -0.060    -0.026    -0.404
    60.380    -0.081    -0.083    -0.373
    60.390    -0.092    -0.142    -0.282
    60.400    -0.093    -0.180    -0.162
    60.410    -0.078    -0.182    -0.018
    60.420    -0.040    -0.155     0.120
    60.430     0.023    -0.116     0.238
    60.440     0.104    -0.087     0.319
    60.450     0.172    -0.045     0.337
    60.460     0.229    -0.009     0.310
    60.470     0.268     0.017     0.252
    60.480     0.279     0.040     0.175
    60.490     0.264     0.069     0.086
    60.500     0.215     0.075    -0.003
    60.510     0.131     0.058    -0.073
    60.520     0.036     0.050    -0.127
    60.530    -0.035     0.033    -0.166
    60.540    -0.079     0.024    -0.178
    60.550    -0.097     0.029    -0.151
    60.560    -0.093     0.063    -0.078
    60.570    -0.075     0.100     0.018
    60.580    -0.055     0.119     0.099
    60.590    -0.033     0.147     0.141
    60.600    -0.011     0.155     0.126
    60.610     0.006     0.130     0.063
    60.620     0.010     0.088    -0.022
    60.630    -0.003     0.042    -0.115
    60.640    -0.025    -0.029    -0.177
    60.650    -0.060    -0.113    -0.185
    60.660    -0.107    -0.174    -0.143
    60.670    -0.151    -0.180    -0.059
    60.680    -0.175    -0.143     0.034
    60.690    -0.153    -0.065     0.106
    60.700    -0.100     0.060     0.134
    60.710    -0.037     0.151     0.103
    60.720     0.019     0.203     0.025
    60.730     0.042     0.198    -0.060
    60.740     0.022     0.137    -0.131
    60.750    -0.023     0.034    -0.179
    60.760    -0.071    -0.102    -0.184
    60.770    -0.105    -0.182    -0.149
    60.780    -0.101    -0.210    -0.081
    60.790    -0.052    -0.182     0.005
    60.800     0.021    -0.098     0.091
    60.810     0.092     0.001     0.156
    60.820     0.142     0.101     0.185
    60.830     0.147     0.163     0.179
    60.840     0.102     0.199     0.149
    60.850     0.033     0.206     0.115
    60.860    -0.033     0.188     0.079
    60.870    -0.071     0.162     0.043
    60.880    -0.081     0.128    -0.004
    60.890    -0.073     0.093    -0.058
    60.900    -0.048     0.037    -0.099
    60.910    -0.029    -0.031    -0.118
    60.920    -0.029    -0.116    -0.094
    60.930    -0.040    -0.203    -0.041
    60.940    -0.048    -0.246     0.006
    60.950    -0.046    -0.222     0.035
    60.960    -0.011    -0.139     0.039
    60.970     0.054    -0.041     0.023
    60.980     0.114     0.047     0.012
    60.990     0.147     0.101     0.002
    61.000     0.129     0.101    -0.014
    61.010     0.069     0.050    -0.033
    61.020    -0.013    -0.011    -0.064
    61.030    -0.094    -0.062    -0.097
    61.040    -0.135    -0.089    -0.114
    61.050    -0.122    -0.087    -0.093
    61.060    -0.077    -0.067    -0.034
    61.070    -0.025    -0.035     0.040
    61.080     0.015    -0.018     0.117
    61.090     0.032     0.002     0.172
    61.100     0.037     0.018     0.181
    61.110     0.027     0.026     0.144
    61.120     0.013     0.031     0.088
    61.130     0.008     0.034     0.028
    61.140     0.000     0.036    -0.016
    61.150     0.001     0.009    -0.038
    61.160    -0.004    -0.028    -0.037
    61.170    -0.017    -0.081    -0.004
    61.180    -0.034    -0.132     0.050
    61.190    -0.045    -0.159     0.113
    61.200    -0.036    -0.155     0.156
    61.210    -0.012    -0.097     0.170
    61.220     0.036    -0.038     0.176
    61.230     0.087     0.040     0.191
    61.240     0.123     0.121     0.210
    61.250     0.144     0.176     0.226
    61.260     0.142     0.218     0.245
    61.270     0.117     0.220     0.268
    61.280     0.063     0.221     0.288
    61.290     0.004     0.209     0.294
    61.300    -0.041     0.181     0.271
    61.310    -0.074     0.186     0.215
    61.320    -0.095     0.193     0.148
    61.330    -0.096     0.200     0.070
    61.340    -0.091     0.205    -0.026
    61.350    -0.085     0.194    -0.136
    61.360    -0.067     0.171    -0.269
    61.370    -0.035     0.119    -0.402
    61.380    -0.002     0.065    -0.518
    61.390     0.016     0.039    -0.608
    61.400     0.027     0.017    -0.656
    61.410     0.021     0.001    -0.631
    61.420     0.007    -0.006    -0.515
    61.430    -0.004    -0.024    -0.345
    61.440    -0.009    -0.053    -0.150
    61.450     0.005    -0.087     0.027
    61.460     0.023    -0.103     0.140
    61.470     0.049    -0.112     0.193
    61.480     0.077    -0.106     0.185
    61.490     0.089    -0.068     0.144
    61.500     0.099    -0.053     0.088
    61.510     0.090    -0.056     0.037
    61.520     0.059    -0.075     0.022
    61.530     0.022    -0.099     0.038
    61.540    -0.005    -0.105     0.077
    61.550    -0.010    -0.107     0.105
    61.560    -0.013    -0.090     0.104
    61.570    -0.020    -0.086     0.083
    61.580    -0.052    -0.108     0.060
    61.590    -0.101    -0.142     0.054
    61.600    -0.130    -0.168     0.066
    61.610    -0.136    -0.174     0.094
    61.620    -0.109    -0.146     0.114
    61.630    -0.061    -0.093     0.131
    61.640    -0.009    -0.040     0.138
    61.650     0.041    -0.007     0.135
    61.660     0.080    -0.003     0.130
    61.670     0.104     0.000     0.103
    61.680     0.113    -0.009     0.060
    61.690     0.105    -0.014    -0.001
    61.700     0.096    -0.020    -0.064
    61.710     0.088    -0.021    -0.105
    61.720     0.073    -0.017    -0.130
    61.730     0.055    -0.031    -0.142
    61.740     0.021    -0.048    -0.145
    61.750    -0.014    -0.071    -0.149
    61.760    -0.038    -0.076    -0.174
    61.770    -0.044    -0.062    -0.215
    61.780    -0.024    -0.043    -0.253
    61.790     0.002    -0.026    -0.264
    61.800     0.022    -0.032    -0.226
    61.810     0.019    -0.048    -0.147
    61.820    -0.003    -0.055    -0.046
    61.830    -0.023    -0.045     0.053
    61.840    -0.029    -0.010     0.127
    61.850    -0.014     0.044     0.184
    61.860     0.004     0.099     0.219
    61.870     0.018     0.136     0.241
    61.880     0.020     0.154     0.254
    61.890     0.001     0.175     0.228
    61.900    -0.024     0.182     0.168
    61.910    -0.043     0.156     0.099
    61.920    -0.065     0.124     0.047
    61.930    -0.083     0.109     0.025
    61.940    -0.091     0.105     0.032
    61.950    -0.077     0.104     0.054
    61.960    -0.042     0.109     0.057
    61.970     0.007     0.111     0.019
    61.980     0.056     0.091    -0.042
    61.990     0.077     0.072    -0.090
    62.000     0.088     0.058    -0.098
    62.010     0.103     0.042    -0.076
    62.020     0.109     0.034    -0.046
    62.030     0.107     0.051    -0.028
    62.040     0.088     0.097    -0.033
    62.050     0.073     0.120    -0.054
    62.060     0.048     0.118    -0.087
    62.070     0.002     0.065    -0.111
    62.080    -0.040    -0.033    -0.120
    62.090    -0.089    -0.141    -0.128
    62.100    -0.138    -0.228    -0.135
    62.110    -0.165    -0.254    -0.142
    62.120    -0.151    -0.246    -0.154
    62.130    -0.088    -0.198    -0.160
    62.140    -0.004    -0.132    -0.159
    62.150     0.074    -0.095    -0.163
    62.160     0.121    -0.067    -0.157
    62.170     0.139    -0.061    -0.149
    62.180     0.134    -0.075    -0.151
    62.190     0.105    -0.108    -0.151
    62.200     0.071    -0.143    -0.148
    62.210     0.032    -0.166    -0.132
    62.220     0.001    -0.185    -0.099
    62.230    -0.010    -0.184    -0.048
    62.240    -0.007    -0.152     0.008
    62.250     0.006    -0.089     0.063
    62.260     0.027    -0.012     0.115
    62.270     0.039     0.068     0.155
    62.280     0.034     0.139     0.179
    62.290     0.014     0.178     0.170
    62.300    -0.015     0.176     0.150
    62.310    -0.050     0.140     0.140
    62.320    -0.079     0.098     0.139
    62.330    -0.096     0.054     0.153
    62.340    -0.113     0.034     0.168
    62.350    -0.117     0.020     0.186
    62.360    -0.097     0.006     0.203
    62.370    -0.071     0.007     0.211
    62.380    -0.054     0.007     0.198
    62.390    -0.042     0.018     0.155
    62.400    -0.036     0.005     0.100
    62.410    -0.048    -0.025     0.045
    62.420    -0.064    -0.064     0.017
    62.430    -0.073    -0.126     0.001
    62.440    -0.072    -0.175    -0.018
    62.450    -0.060    -0.208    -0.051
    62.460    -0.041    -0.225    -0.100
    62.470    -0.018    -0.223    -0.129
    62.480     0.013    -0.189    -0.131
    62.490     0.037    -0.123    -0.104
    62.500     0.051    -0.060    -0.058
    62.510     0.062     0.012    -0.016
    62.520     0.070     0.087     0.010
    62.530     0.068     0.138     0.014
    62.540     0.053     0.162     0.008
    62.550     0.041     0.164    -0.003
    62.560     0.019     0.162    -0.013
    62.570    -0.007     0.164    -0.007
    62.580    -0.022     0.177     0.014
    62.590    -0.026     0.185     0.024
    62.600    -0.032     0.163     0.007
    62.610    -0.043     0.106    -0.037
    62.620    -0.049     0.017    -0.100
    62.630    -0.059    -0.068    -0.145
    62.640    -0.054    -0.122    -0.180
    62.650    -0.028    -0.124    -0.205
    62.660     0.015    -0.084    -0.206
    62.670     0.072    -0.019    -0.163
    62.680     0.129     0.074    -0.093
    62.690     0.181     0.176    -0.035
    62.700     0.205     0.279     0.010
    62.710     0.197     0.336     0.024
    62.720     0.154     0.332     0.023
    62.730     0.080     0.294     0.013
    62.740    -0.013     0.227    -0.010
    62.750    -0.110     0.173    -0.008
    62.760    -0.174     0.137     0.026
    62.770    -0.207     0.111     0.086
    62.780    -0.210     0.111     0.134
    62.790    -0.182     0.114     0.158
    62.800    -0.148     0.109     0.144
    62.810    -0.120     0.107     0.080
    62.820    -0.080     0.121    -0.017
    62.830    -0.024     0.145    -0.139
    62.840     0.024     0.142    -0.236
    62.850     0.056     0.145    -0.281
    62.860     0.074     0.140    -0.256
    62.870     0.078     0.117    -0.164
    62.880     0.068     0.087    -0.061
    62.890     0.052     0.034     0.032
    62.900     0.034    -0.007     0.089
    62.910     0.017    -0.055     0.099
    62.920     0.009    -0.089     0.082
    62.930     0.009    -0.122     0.055
    62.940     0.005    -0.165     0.025
    62.950    -0.016    -0.187    -0.005
    62.960    -0.043    -0.206    -0.029
    62.970    -0.052    -0.194    -0.037
    62.980    -0.023    -0.180    -0.035
    62.990     0.030    -0.161    -0.025
    63.000     0.088    -0.144     0.007
    63.010     0.133    -0.154     0.046
    63.020     0.134    -0.170     0.092
    63.030     0.107    -0.211     0.124
    63.040     0.062    -0.241     0.138
    63.050     0.018    -0.261     0.147
    63.060     0.001    -0.254     0.144
    63.070     0.013    -0.210     0.149
    63.080     0.030    -0.164     0.146
    63.090     0.039    -0.113     0.126
    63.100     0.041    -0.094     0.089
    63.110     0.023    -0.096     0.033
    63.120    -0.005    -0.109    -0.019
    63.130    -0.043    -0.122    -0.044
    63.140    -0.074    -0.117    -0.042
    63.150    -0.079    -0.103    -0.026
    63.160    -0.061    -0.076    -0.005
    63.170    -0.022    -0.032    -0.002
    63.180     0.014     0.029    -0.038
    63.190     0.033     0.079    -0.101
    63.200     0.033     0.101    -0.189
    63.210     0.013     0.097    -0.258
    63.220    -0.017     0.103    -0.272
    63.230    -0.055     0.140    -0.241
    63.240    -0.075     0.181    -0.178
    63.250    -0.070     0.230    -0.103
    63.260    -0.050     0.252    -0.047
    63.270    -0.029     0.250    -0.026
    63.280    -0.025     0.211    -0.030
    63.290    -0.034     0.129    -0.033
    63.300    -0.058     0.031    -0.030
    63.310    -0.084    -0.050    -0.022
    63.320    -0.093    -0.066    -0.009
    63.330    -0.071    -0.033     0.013
    63.340    -0.021     0.058     0.040
    63.350     0.036     0.172     0.055
    63.360     0.087     0.274     0.060
    63.370     0.119     0.320     0.070
    63.380     0.111     0.301     0.090
    63.390     0.065     0.232     0.120
    63.400    -0.014     0.090     0.143
    63.410    -0.104    -0.065     0.158
    63.420    -0.170    -0.222     0.180
    63.430    -0.204    -0.340     0.205
    63.440    -0.185    -0.388     0.224
    63.450    -0.110    -0.393     0.219
    63.460    -0.009    -0.364     0.208
    63.470     0.101    -0.342     0.194
    63.480     0.174    -0.313     0.151
    63.490     0.198    -0.279     0.080
    63.500     0.182    -0.226    -0.005
    63.510     0.149    -0.152    -0.087
    63.520     0.122    -0.071    -0.163
    63.530     0.102     0.018    -0.225
    63.540     0.087     0.087    -0.271
    63.550     0.070     0.145    -0.297
    63.560     0.041     0.173    -0.268
    63.570    -0.010     0.187    -0.197
    63.580    -0.072     0.183    -0.104
    63.590    -0.134     0.151    -0.021
    63.600    -0.192     0.122     0.023
    63.610    -0.220     0.085     0.030
    63.620    -0.217     0.065     0.007
    63.630    -0.184     0.052    -0.035
    63.640    -0.123     0.043    -0.073
    63.650    -0.053     0.038    -0.077
    63.660     0.023     0.022    -0.050
    63.670     0.086     0.027     0.010
    63.680     0.138     0.051     0.105
    63.690     0.190     0.081     0.219
    63.700     0.222     0.099     0.328
    63.710     0.227     0.111     0.395
    63.720     0.202     0.115     0.390
    63.730     0.148     0.109     0.310
    63.740     0.068     0.095     0.196
    63.750    -0.018     0.060     0.097
    63.760    -0.092     0.019     0.044
    63.770    -0.149    -0.039     0.049
    63.780    -0.190    -0.092     0.093
    63.790    -0.202    -0.138     0.140
    63.800    -0.183    -0.171     0.170
    63.810    -0.135    -0.169     0.172
    63.820    -0.070    -0.145     0.135
    63.830    -0.004    -0.093     0.066
    63.840     0.061    -0.030    -0.034
    63.850     0.100     0.042    -0.140
    63.860     0.114     0.098    -0.229
    63.870     0.107     0.123    -0.285
    63.880     0.068     0.120    -0.287
    63.890     0.014     0.078    -0.265
    63.900    -0.044     0.010    -0.220
    63.910    -0.076    -0.063    -0.171
    63.920    -0.080    -0.112    -0.152
    63.930    -0.066    -0.141    -0.144
    63.940    -0.039    -0.137    -0.136
    63.950    -0.011    -0.119    -0.117
    63.960     0.011    -0.098    -0.088
    63.970     0.030    -0.081    -0.044
    63.980     0.050    -0.081     0.004
    63.990     0.067    -0.064     0.045
    64.000     0.077    -0.039     0.081
    64.010     0.086     0.005     0.092
    64.020     0.087     0.055     0.079
    64.030     0.072     0.093     0.042
    64.040     0.045     0.116    -0.011
    64.050     0.010     0.096    -0.058
    64.060    -0.039     0.051    -0.089
    64.070    -0.084    -0.012    -0.103
    64.080    -0.111    -0.085    -0.098
    64.090    -0.117    -0.152    -0.068
    64.100    -0.098    -0.204    -0.029
    64.110    -0.069    -0.227     0.016
    64.120    -0.034    -0.221     0.060
    64.130    -0.003    -0.168     0.090
    64.140     0.026    -0.082     0.112
    64.150     0.057     0.012     0.127
    64.160     0.083     0.089     0.138
    64.170     0.104     0.135     0.145
    64.180     0.104     0.145     0.151
    64.190     0.086     0.121     0.146
    64.200     0.051     0.088     0.138
    64.210     0.002     0.067     0.131
    64.220    -0.036     0.064     0.110
    64.230    -0.061     0.053     0.091
    64.240    -0.074     0.046     0.075
    64.250    -0.071     0.058     0.061
    64.260    -0.058     0.063     0.044
    64.270    -0.040     0.059     0.016
    64.280    -0.020     0.037    -0.008
    64.290    -0.011     0.007    -0.037
    64.300    -0.017    -0.029    -0.057
    64.310    -0.024    -0.069    -0.067
    64.320    -0.029    -0.088    -0.077
    64.330    -0.021    -0.087    -0.087
    64.340     0.004    -0.084    -0.117
    64.350     0.027    -0.090    -0.158
    64.360     0.034    -0.106    -0.192
    64.370     0.029    -0.129    -0.202
    64.380     0.014    -0.152    -0.163
    64.390    -0.012    -0.156    -0.090
    64.400    -0.042    -0.135    -0.005
    64.410    -0.067    -0.104     0.056
    64.420    -0.072    -0.060     0.081
    64.430    -0.065     0.002     0.086
    64.440    -0.041     0.075     0.060
    64.450     0.005     0.153     0.021
    64.460     0.039     0.207    -0.010
    64.470     0.041     0.249    -0.024
    64.480     0.019     0.260    -0.007
    64.490    -0.024     0.227     0.023
    64.500    -0.068     0.196     0.040
    64.510    -0.090     0.159     0.030
    64.520    -0.087     0.140    -0.001
    64.530    -0.060     0.115    -0.035
    64.540    -0.029     0.078    -0.066
    64.550     0.002     0.036    -0.096
    64.560     0.034    -0.038    -0.139
    64.570     0.054    -0.109    -0.190
    64.580     0.074    -0.184    -0.227
    64.590     0.090    -0.244    -0.244
    64.600     0.106    -0.290    -0.225
    64.610     0.126    -0.307    -0.162
    64.620     0.141    -0.259    -0.083
    64.630     0.154    -0.179    -0.014
    64.640     0.142    -0.086     0.038
    64.650     0.106    -0.018     0.072
    64.660     0.050     0.012     0.095
    64.670    -0.022    -0.014     0.104
    64.680    -0.096    -0.067     0.103
    64.690    -0.156    -0.105     0.096
    64.700    -0.200    -0.124     0.075
    64.710    -0.228    -0.121     0.063
    64.720    -0.224    -0.108     0.059
    64.730    -0.201    -0.070     0.047
    64.740    -0.163    -0.044     0.010
    64.750    -0.105    -0.025    -0.056
    64.760    -0.034    -0.005    -0.123
    64.770     0.028     0.007    -0.174
    64.780     0.066     0.030    -0.186
    64.790     0.079     0.061    -0.165
    64.800     0.060     0.109    -0.135
    64.810     0.022     0.141    -0.095
    64.820    -0.016     0.157    -0.048
    64.830    -0.036     0.173     0.010
    64.840    -0.039     0.185     0.073
    64.850    -0.035     0.174     0.139
    64.860    -0.023     0.149     0.179
    64.870    -0.013     0.125     0.187
    64.880    -0.013     0.089     0.176
    64.890    -0.015     0.060     0.147
    64.900    -0.005     0.021     0.122
    64.910     0.015    -0.027     0.112
    64.920     0.043    -0.088     0.134
    64.930     0.072    -0.138     0.171
    64.940     0.085    -0.162     0.209
    64.950     0.092    -0.165     0.244
    64.960     0.099    -0.118     0.262
    64.970     0.103    -0.044     0.263
    64.980     0.109     0.041     0.248
    64.990     0.118     0.125     0.214
    65.000     0.119     0.180     0.149
    65.010     0.092     0.210     0.062
    65.020     0.044     0.204    -0.025
    65.030    -0.011     0.174    -0.095
    65.040    -0.070     0.127    -0.135
    65.050    -0.116     0.096    -0.152
    65.060    -0.132     0.084    -0.144
    65.070    -0.123     0.060    -0.115
    65.080    -0.090     0.043    -0.084
    65.090    -0.034     0.012    -0.063
    65.100     0.019    -0.031    -0.061
    65.110     0.058    -0.090    -0.065
    65.120     0.071    -0.152    -0.070
    65.130     0.069    -0.179    -0.061
    65.140     0.060    -0.192    -0.043
    65.150     0.044    -0.163    -0.036
    65.160     0.054    -0.084    -0.043
    65.170     0.087     0.019    -0.067
    65.180     0.134     0.093    -0.084
    65.190     0.168     0.129    -0.086
    65.200     0.162     0.125    -0.067
    65.210     0.114     0.066    -0.026
    65.220     0.028    -0.005     0.014
    65.230    -0.060    -0.049     0.032
    65.240    -0.122    -0.041     0.017
    65.250    -0.139    -0.013    -0.025
    65.260    -0.105     0.030    -0.076
    65.270    -0.058     0.098    -0.110
    65.280    -0.018     0.140    -0.123
    65.290     0.004     0.144    -0.115
    65.300     0.001     0.102    -0.091
    65.310    -0.024     0.040    -0.072
    65.320    -0.052    -0.029    -0.047
    65.330    -0.064    -0.108    -0.010
    65.340    -0.062    -0.146     0.036
    65.350    -0.045    -0.162     0.084
    65.360    -0.009    -0.167     0.109
    65.370     0.029    -0.144     0.107
    65.380     0.041    -0.095     0.084
    65.390     0.035    -0.047     0.045
    65.400     0.026    -0.011    -0.004
    65.410     0.017     0.031    -0.059
    65.420     0.007     0.053    -0.113
    65.430    -0.014     0.044    -0.166
    65.440    -0.037     0.013    -0.209
    65.450    -0.065    -0.013    -0.217
    65.460    -0.093    -0.050    -0.183
    65.470    -0.095    -0.096    -0.117
    65.480    -0.088    -0.103    -0.023
    65.490    -0.081    -0.101     0.083
    65.500    -0.068    -0.088     0.183
    65.510    -0.059    -0.058     0.253
    65.520    -0.044    -0.007     0.278
    65.530    -0.023     0.076     0.270
    65.540     0.010     0.155     0.247
    65.550     0.044     0.241     0.218
    65.560     0.060     0.319     0.196
    65.570     0.059     0.359     0.182
    65.580     0.047     0.362     0.161
    65.590     0.032     0.339     0.130
    65.600     0.013     0.293     0.097
    65.610    -0.011     0.223     0.061
    65.620    -0.037     0.131     0.042
    65.630    -0.063     0.034     0.050
    65.640    -0.078    -0.042     0.065
    65.650    -0.070    -0.102     0.087
    65.660    -0.043    -0.115     0.100
    65.670     0.002    -0.101     0.095
    65.680     0.062    -0.072     0.062
    65.690     0.123    -0.047     0.007
    65.700     0.172    -0.065    -0.058
    65.710     0.188    -0.106    -0.130
    65.720     0.172    -0.190    -0.184
    65.730     0.119    -0.270    -0.219
    65.740     0.050    -0.325    -0.230
    65.750     0.000    -0.351    -0.221
    65.760    -0.025    -0.330    -0.206
    65.770    -0.013    -0.301    -0.182
    65.780     0.014    -0.254    -0.150
    65.790     0.035    -0.205    -0.111
    65.800     0.036    -0.162    -0.065
    65.810     0.009    -0.116    -0.002
    65.820    -0.025    -0.068     0.052
    65.830    -0.061    -0.023     0.093
    65.840    -0.082     0.016     0.119
    65.850    -0.072     0.054     0.120
    65.860    -0.045     0.057     0.112
    65.870    -0.020     0.039     0.104
    65.880    -0.007     0.019     0.098
    65.890    -0.024    -0.010     0.084
    65.900    -0.054    -0.051     0.069
    65.910    -0.080    -0.088     0.064
    65.920    -0.098    -0.097     0.062
    65.930    -0.087    -0.096     0.056
    65.940    -0.056    -0.093     0.026
    65.950    -0.013    -0.065    -0.020
    65.960     0.016    -0.017    -0.054
    65.970     0.018     0.010    -0.058
    65.980     0.012     0.008    -0.043
    65.990    -0.004    -0.009    -0.024
    66.000    -0.021    -0.050    -0.014
    66.010    -0.036    -0.095    -0.016
    66.020    -0.042    -0.122    -0.020
    66.030    -0.028    -0.114    -0.021
    66.040    -0.014    -0.088    -0.023
    66.050     0.002    -0.055    -0.027
    66.060     0.009    -0.005    -0.033
    66.070    -0.007     0.034    -0.039
    66.080    -0.024     0.053    -0.053
    66.090    -0.040     0.068    -0.078
    66.100    -0.055     0.096    -0.094
    66.110    -0.065     0.121    -0.098
    66.120    -0.067     0.119    -0.100
    66.130    -0.063     0.104    -0.100
    66.140    -0.057     0.091    -0.102
    66.150    -0.035     0.069    -0.078
    66.160     0.001     0.053    -0.035
    66.170     0.040     0.063     0.002
    66.180     0.082     0.070     0.032
    66.190     0.118     0.088     0.045
    66.200     0.142     0.111     0.052
    66.210     0.162     0.132     0.055
    66.220     0.175     0.150     0.071
    66.230     0.187     0.159     0.094
    66.240     0.178     0.193     0.113
    66.250     0.153     0.223     0.130
    66.260     0.127     0.249     0.125
    66.270     0.091     0.272     0.108
    66.280     0.052     0.294     0.076
    66.290     0.021     0.324     0.045
    66.300    -0.005     0.331     0.026
    66.310    -0.034     0.331     0.025
    66.320    -0.065     0.299     0.040
    66.330    -0.097     0.231     0.053
    66.340    -0.126     0.149     0.071
    66.350    -0.151     0.060     0.075
    66.360    -0.170    -0.031     0.069
    66.370    -0.170    -0.117     0.060
    66.380    -0.149    -0.167     0.038
    66.390    -0.108    -0.178     0.018
    66.400    -0.053    -0.167     0.009
    66.410     0.002    -0.154     0.019
    66.420     0.045    -0.135     0.044
    66.430     0.065    -0.124     0.066
    66.440     0.069    -0.132     0.082
    66.450     0.063    -0.134     0.099
    66.460     0.050    -0.138     0.114
    66.470     0.035    -0.134     0.120
    66.480     0.030    -0.130     0.112
    66.490     0.025    -0.108     0.065
    66.500     0.014    -0.078    -0.003
    66.510     0.005    -0.068    -0.084
    66.520    -0.002    -0.062    -0.164
    66.530    -0.016    -0.061    -0.209
    66.540    -0.032    -0.049    -0.212
    66.550    -0.037    -0.061    -0.173
    66.560    -0.043    -0.083    -0.121
    66.570    -0.051    -0.096    -0.077
    66.580    -0.056    -0.106    -0.058
    66.590    -0.050    -0.099    -0.063
    66.600    -0.031    -0.074    -0.086
    66.610    -0.005    -0.017    -0.122
    66.620     0.024     0.041    -0.143
    66.630     0.041     0.109    -0.139
    66.640     0.039     0.185    -0.120
    66.650     0.021     0.247    -0.106
    66.660     0.000     0.285    -0.108
    66.670    -0.020     0.298    -0.113
    66.680    -0.036     0.299    -0.118
    66.690    -0.048     0.266    -0.119
    66.700    -0.059     0.223    -0.097
    66.710    -0.063     0.190    -0.047
    66.720    -0.063     0.164     0.017
    66.730    -0.050     0.143     0.092
    66.740    -0.035     0.135     0.161
    66.750    -0.017     0.119     0.210
    66.760     0.002     0.083     0.221
    66.770     0.015     0.036     0.190
    66.780     0.020    -0.012     0.138
    66.790     0.019    -0.047     0.085
    66.800     0.014    -0.092     0.049
    66.810    -0.001    -0.111     0.030
    66.820    -0.011    -0.107     0.038
    66.830    -0.007    -0.111     0.062
    66.840     0.003    -0.112     0.082
    66.850     0.024    -0.117     0.110
    66.860     0.045    -0.105     0.137
    66.870     0.057    -0.103     0.152
    66.880     0.060    -0.098     0.147
    66.890     0.062    -0.076     0.129
    66.900     0.060    -0.070     0.099
    66.910     0.058    -0.067     0.060
    66.920     0.074    -0.081     0.030
    66.930     0.095    -0.095     0.008
    66.940     0.110    -0.100     0.001
    66.950     0.118    -0.112     0.009
    66.960     0.109    -0.131     0.031
    66.970     0.078    -0.169     0.077
    66.980     0.033    -0.201     0.131
    66.990    -0.003    -0.222     0.162
    67.000    -0.032    -0.225     0.159
    67.010    -0.048    -0.216     0.121
    67.020    -0.044    -0.200     0.064
    67.030    -0.042    -0.163     0.015
    67.040    -0.041    -0.124    -0.019
    67.050    -0.036    -0.083    -0.039
    67.060    -0.032    -0.025    -0.050
    67.070    -0.032     0.026    -0.065
    67.080    -0.037     0.054    -0.088
    67.090    -0.032     0.078    -0.113
    67.100    -0.035     0.102    -0.134
    67.110    -0.048     0.123    -0.156
    67.120    -0.056     0.131    -0.172
    67.130    -0.068     0.119    -0.182
    67.140    -0.079     0.096    -0.178
    67.150    -0.086     0.065    -0.154
    67.160    -0.086     0.037    -0.122
    67.170    -0.070     0.012    -0.093
    67.180    -0.042    -0.002    -0.083
    67.190    -0.009    -0.010    -0.082
    67.200     0.016     0.002    -0.093
    67.210     0.026     0.025    -0.118
    67.220     0.027     0.029    -0.145
    67.230     0.020     0.021    -0.171
    67.240     0.017    -0.002    -0.184
    67.250     0.016    -0.026    -0.180
    67.260     0.026    -0.062    -0.163
    67.270     0.045    -0.104    -0.138
    67.280     0.052    -0.148    -0.112
    67.290     0.058    -0.188    -0.094
    67.300     0.056    -0.210    -0.097
    67.310     0.045    -0.228    -0.115
    67.320     0.036    -0.219    -0.133
    67.330     0.046    -0.210    -0.141
    67.340     0.063    -0.188    -0.138
    67.350     0.078    -0.137    -0.117
    67.360     0.101    -0.071    -0.075
    67.370     0.105     0.010    -0.018
    67.380     0.090     0.067     0.039
    67.390     0.066     0.130     0.084
    67.400     0.039     0.160     0.106
    67.410     0.004     0.163     0.103
    67.420    -0.035     0.166     0.097
    67.430    -0.066     0.147     0.096
    67.440    -0.096     0.140     0.114
    67.450    -0.113     0.132     0.161
    67.460    -0.120     0.140     0.221
    67.470    -0.116     0.156     0.285
    67.480    -0.102     0.159     0.338
    67.490    -0.079     0.169     0.374
    67.500    -0.044     0.162     0.380
    67.510    -0.025     0.147     0.353
    67.520    -0.027     0.124     0.314
    67.530    -0.036     0.102     0.263
    67.540    -0.050     0.084     0.206
    67.550    -0.070     0.054     0.158
    67.560    -0.087     0.015     0.121
    67.570    -0.090    -0.033     0.097
    67.580    -0.078    -0.096     0.084
    67.590    -0.062    -0.155     0.063
    67.600    -0.040    -0.194     0.037
    67.610    -0.006    -0.202    -0.009
    67.620     0.030    -0.175    -0.078
    67.630     0.071    -0.127    -0.160
    67.640     0.107    -0.065    -0.250
    67.650     0.121    -0.012    -0.323
    67.660     0.120     0.022    -0.373
    67.670     0.108     0.043    -0.389
    67.680     0.084     0.056    -0.371
    67.690     0.066     0.062    -0.336
    67.700     0.045     0.058    -0.284
    67.710     0.024     0.050    -0.233
    67.720     0.008     0.026    -0.203
    67.730    -0.009    -0.007    -0.177
    67.740    -0.028    -0.040    -0.147
    67.750    -0.049    -0.062    -0.117
    67.760    -0.061    -0.083    -0.082
    67.770    -0.061    -0.105    -0.058
    67.780    -0.047    -0.121    -0.037
    67.790    -0.018    -0.138    -0.022
    67.800     0.021    -0.153    -0.006
    67.810     0.066    -0.162     0.016
    67.820     0.098    -0.147     0.037
    67.830     0.120    -0.118     0.062
    67.840     0.130    -0.073     0.082
    67.850     0.124    -0.010     0.103
    67.860     0.111     0.044     0.122
    67.870     0.086     0.080     0.137
    67.880     0.052     0.112     0.147
    67.890     0.013     0.137     0.149
    67.900    -0.030     0.144     0.160
    67.910    -0.065     0.145     0.168
    67.920    -0.095     0.148     0.168
    67.930    -0.107     0.142     0.159
    67.940    -0.089     0.141     0.136
    67.950    -0.064     0.151     0.098
    67.960    -0.038     0.182     0.036
    67.970    -0.012     0.213    -0.032
    67.980     0.014     0.219    -0.093
    67.990     0.038     0.221    -0.135
    68.000     0.049     0.211    -0.153
    68.010     0.056     0.199    -0.156
    68.020     0.059     0.170    -0.137
    68.030     0.049     0.137    -0.117
    68.040     0.036     0.106    -0.100
    68.050     0.017     0.080    -0.091
    68.060    -0.001     0.078    -0.087
    68.070    -0.010     0.072    -0.079
    68.080    -0.005     0.085    -0.079
    68.090     0.010     0.108    -0.071
    68.100     0.014     0.140    -0.043
    68.110     0.018     0.163     0.006
    68.120     0.012     0.150     0.054
    68.130    -0.011     0.119     0.091
    68.140    -0.035     0.058     0.116
    68.150    -0.058    -0.013     0.113
    68.160    -0.062    -0.097     0.077
    68.170    -0.052    -0.182     0.028
    68.180    -0.042    -0.245    -0.009
    68.190    -0.029    -0.291    -0.028
    68.200    -0.016    -0.298    -0.028
    68.210     0.000    -0.280    -0.015
    68.220     0.024    -0.250    -0.009
    68.230     0.051    -0.203    -0.009
    68.240     0.076    -0.158    -0.007
    68.250     0.088    -0.102    -0.003
    68.260     0.089    -0.055     0.003
    68.270     0.075    -0.031     0.012
    68.280     0.041    -0.023     0.014
    68.290     0.003    -0.046    -0.011
    68.300    -0.032    -0.083    -0.048
    68.310    -0.060    -0.128    -0.076
    68.320    -0.079    -0.161    -0.091
    68.330    -0.092    -0.191    -0.080
    68.340    -0.087    -0.220    -0.055
    68.350    -0.072    -0.218    -0.028
    68.360    -0.042    -0.187    -0.013
    68.370    -0.002    -0.135    -0.001
    68.380     0.035    -0.080     0.013
    68.390     0.074    -0.022     0.029
    68.400     0.097     0.015     0.047
    68.410     0.101     0.037     0.067
    68.420     0.090     0.062     0.096
    68.430     0.058     0.093     0.134
    68.440     0.019     0.126     0.181
    68.450    -0.016     0.146     0.216
    68.460    -0.050     0.178     0.224
    68.470    -0.071     0.203     0.211
    68.480    -0.076     0.221     0.188
    68.490    -0.081     0.234     0.163
    68.500    -0.078     0.238     0.130
    68.510    -0.068     0.233     0.101
    68.520    -0.062     0.196     0.063
    68.530    -0.070     0.164     0.021
    68.540    -0.073     0.118    -0.001
    68.550    -0.066     0.063    -0.011
    68.560    -0.064     0.023    -0.004
    68.570    -0.052     0.000     0.005
    68.580    -0.038    -0.014     0.018
    68.590    -0.024    -0.054     0.024
    68.600    -0.011    -0.082     0.024
    68.610    -0.015    -0.104     0.023
    68.620    -0.025    -0.125     0.011
    68.630    -0.036    -0.139     0.002
    68.640    -0.047    -0.153    -0.011
    68.650    -0.051    -0.151    -0.020
    68.660    -0.039    -0.154    -0.024
    68.670    -0.023    -0.146    -0.036
    68.680    -0.005    -0.130    -0.046
    68.690     0.016    -0.121    -0.065
    68.700     0.024    -0.117    -0.076
    68.710     0.035    -0.100    -0.071
    68.720     0.038    -0.063    -0.072
    68.730     0.035    -0.033    -0.069
    68.740     0.036     0.008    -0.074
    68.750     0.036     0.048    -0.094
    68.760     0.049     0.074    -0.116
    68.770     0.060     0.094    -0.137
    68.780     0.059     0.093    -0.143
    68.790     0.040     0.091    -0.125
    68.800     0.010     0.068    -0.086
    68.810    -0.015     0.047    -0.040
    68.820    -0.031     0.042     0.010
    68.830    -0.029     0.015     0.050
    68.840    -0.016    -0.008     0.065
    68.850     0.012    -0.038     0.057
    68.860     0.037    -0.047     0.028
    68.870     0.054    -0.045    -0.008
    68.880     0.070    -0.048    -0.043
    68.890     0.079    -0.027    -0.069
    68.900     0.087    -0.016    -0.079
    68.910     0.080     0.004    -0.074
    68.920     0.067     0.008    -0.054
    68.930     0.048     0.004    -0.021
    68.940     0.021     0.002     0.026
    68.950    -0.010    -0.021     0.054
    68.960    -0.047    -0.026     0.064
    68.970    -0.077    -0.028     0.051
    68.980    -0.103    -0.030     0.011
    68.990    -0.111    -0.043    -0.020
    69.000    -0.110    -0.054    -0.039
    69.010    -0.110    -0.069    -0.044
    69.020    -0.093    -0.095    -0.041
    69.030    -0.070    -0.113    -0.043
    69.040    -0.040    -0.125    -0.042
    69.050    -0.011    -0.110    -0.041
    69.060     0.020    -0.096    -0.042
    69.070     0.042    -0.072    -0.029
    69.080     0.044    -0.038    -0.007
    69.090     0.039    -0.020     0.011
    69.100     0.019    -0.010     0.035
    69.110    -0.006    -0.021     0.053
    69.120    -0.035    -0.034     0.065
    69.130    -0.057    -0.051     0.087
    69.140    -0.062    -0.070     0.097
    69.150    -0.058    -0.068     0.089
    69.160    -0.037    -0.054     0.066
    69.170    -0.008    -0.041     0.037
    69.180     0.025    -0.019     0.019
    69.190     0.057     0.014     0.022
    69.200     0.079     0.052     0.030
    69.210     0.095     0.098     0.034
    69.220     0.098     0.143     0.030
    69.230     0.089     0.187     0.014
    69.240     0.074     0.207    -0.007
    69.250     0.055     0.207    -0.043
    69.260     0.037     0.220    -0.091
    69.270     0.016     0.230    -0.136
    69.280    -0.005     0.235    -0.168
    69.290    -0.017     0.243    -0.169
    69.300    -0.026     0.248    -0.146
    69.310    -0.027     0.241    -0.111
    69.320    -0.020     0.227    -0.080
    69.330    -0.002     0.222    -0.071
    69.340     0.009     0.204    -0.076
    69.350     0.012     0.170    -0.084
    69.360     0.016     0.135    -0.088
    69.370     0.013     0.095    -0.079
    69.380     0.002     0.052    -0.064
    69.390    -0.010     0.008    -0.043
    69.400    -0.014    -0.022    -0.017
    69.410    -0.017    -0.040     0.006
    69.420    -0.015    -0.052     0.027
    69.430    -0.010    -0.043     0.033
    69.440    -0.007    -0.038     0.022
    69.450    -0.007    -0.049    -0.008
    69.460    -0.016    -0.062    -0.054
    69.470    -0.028    -0.080    -0.097
    69.480    -0.049    -0.122    -0.123
    69.490    -0.057    -0.174    -0.128
    69.500    -0.049    -0.213    -0.109
    69.510    -0.040    -0.255    -0.064
    69.520    -0.036    -0.271    -0.005
    69.530    -0.035    -0.279     0.055
    69.540    -0.027    -0.272     0.107
    69.550    -0.016    -0.254     0.140
    69.560     0.008    -0.232     0.152
    69.570     0.036    -0.171     0.151
    69.580     0.049    -0.114     0.151
    69.590     0.045    -0.069     0.167
    69.600     0.035    -0.045     0.192
    69.610     0.019    -0.037     0.216
    69.620    -0.012    -0.035     0.226
    69.630    -0.037    -0.046     0.218
    69.640    -0.046    -0.045     0.196
    69.650    -0.051    -0.051     0.160
    69.660    -0.055    -0.038     0.114
    69.670    -0.049    -0.014     0.070
    69.680    -0.036     0.020     0.028
    69.690    -0.019     0.069    -0.011
    69.700     0.005     0.118    -0.051
    69.710     0.027     0.171    -0.085
    69.720     0.041     0.201    -0.093
    69.730     0.039     0.208    -0.073
    69.740     0.035     0.190    -0.021
    69.750     0.037     0.163     0.029
    69.760     0.029     0.142     0.065
    69.770     0.023     0.121     0.092
    69.780     0.014     0.101     0.087
    69.790     0.004     0.064     0.075
    69.800    -0.002     0.038     0.055
    69.810    -0.006     0.037     0.027
    69.820    -0.007     0.034     0.008
    69.830    -0.002     0.056    -0.009
    69.840     0.017     0.090    -0.020
    69.850     0.037     0.120    -0.024
    69.860     0.058     0.128    -0.011
    69.870     0.078     0.139     0.005
    69.880     0.076     0.152     0.009
    69.890     0.061     0.137     0.021
    69.900     0.045     0.129     0.041
    69.910     0.033     0.124     0.054
    69.920     0.011     0.120     0.057
    69.930    -0.003     0.097     0.050
    69.940    -0.004     0.073     0.033
    69.950    -0.013     0.038     0.012
    69.960    -0.033    -0.026    -0.005
    69.970    -0.055    -0.091    -0.004
    69.980    -0.069    -0.151     0.010
    69.990    -0.071    -0.181     0.030
    70.000    -0.050    -0.213     0.042
    70.010    -0.020    -0.220     0.043
    70.020     0.007    -0.206     0.044
    70.030     0.019    -0.216     0.033
    70.040     0.018    -0.220     0.029
    70.050     0.018    -0.213     0.032
    70.060    -0.001    -0.186     0.033
    70.070    -0.013    -0.145     0.039
    70.080    -0.018    -0.093     0.044
    70.090    -0.023    -0.037     0.043
    70.100    -0.021    -0.008     0.027
    70.110    -0.023    -0.019     0.010
    70.120    -0.030    -0.025    -0.002
    70.130    -0.055    -0.028    -0.021
    70.140    -0.084    -0.044    -0.044
    70.150    -0.100    -0.046    -0.064
    70.160    -0.106    -0.035    -0.093
    70.170    -0.093    -0.030    -0.120
    70.180    -0.063    -0.030    -0.128
    70.190    -0.030    -0.014    -0.135
    70.200    -0.005    -0.007    -0.130
    70.210     0.010    -0.016    -0.113
    70.220     0.011    -0.036    -0.082
    70.230     0.004    -0.068    -0.041
    70.240    -0.004    -0.099    -0.011
    70.250    -0.003    -0.136     0.018
    70.260     0.006    -0.151     0.040
    70.270     0.015    -0.148     0.058
    70.280     0.037    -0.140     0.078
    70.290     0.062    -0.115     0.096
    70.300     0.076    -0.094     0.129
    70.310     0.078    -0.070     0.158
    70.320     0.074    -0.045     0.170
    70.330     0.068    -0.026     0.164
    70.340     0.062    -0.001     0.144
    70.350     0.058     0.007     0.118
    70.360     0.057     0.010     0.079
    70.370     0.049     0.005     0.036
    70.380     0.034    -0.007    -0.014
    70.390     0.020    -0.009    -0.065
    70.400     0.000    -0.023    -0.115
    70.410    -0.014    -0.019    -0.158
    70.420    -0.016    -0.004    -0.181
    70.430    -0.017     0.010    -0.187
    70.440    -0.010     0.029    -0.179
    70.450    -0.003     0.042    -0.177
    70.460     0.003     0.051    -0.166
    70.470     0.004     0.037    -0.157
    70.480    -0.004     0.023    -0.144
    70.490    -0.013     0.014    -0.129
    70.500    -0.025     0.003    -0.119
    70.510    -0.022    -0.004    -0.089
    70.520    -0.005    -0.002    -0.062
    70.530     0.010     0.010    -0.027
    70.540     0.029     0.006     0.012
    70.550     0.042     0.005     0.046
    70.560     0.041     0.016     0.077
    70.570     0.028     0.033     0.092
    70.580     0.014     0.036     0.101
    70.590    -0.001     0.053     0.094
    70.600    -0.018     0.084     0.076
    70.610    -0.030     0.096     0.050
    70.620    -0.036     0.110     0.017
    70.630    -0.046     0.104    -0.025
    70.640    -0.066     0.094    -0.068
    70.650    -0.077     0.077    -0.103
    70.660    -0.086     0.051    -0.125
    70.670    -0.097     0.051    -0.141
    70.680    -0.095     0.066    -0.164
    70.690    -0.072     0.090    -0.174
    70.700    -0.036     0.129    -0.177
    70.710    -0.005     0.180    -0.175
    70.720     0.022     0.220    -0.170
    70.730     0.044     0.245    -0.161
    70.740     0.049     0.276    -0.140
    70.750     0.042     0.291    -0.126
    70.760     0.031     0.270    -0.105
    70.770     0.016     0.248    -0.075
    70.780    -0.006     0.214    -0.041
    70.790    -0.013     0.166     0.006
    70.800    -0.003     0.120     0.070
    70.810     0.010     0.080     0.128
    70.820     0.024     0.063     0.163
    70.830     0.037     0.036     0.176
    70.840     0.047     0.013     0.168
    70.850     0.045    -0.008     0.151
    70.860     0.039    -0.042     0.134
    70.870     0.038    -0.076     0.131
    70.880     0.036    -0.111     0.136
    70.890     0.035    -0.138     0.129
    70.900     0.043    -0.171     0.107
    70.910     0.049    -0.194     0.065
    70.920     0.049    -0.189     0.017
    70.930     0.049    -0.170    -0.041
    70.940     0.043    -0.147    -0.096
    70.950     0.032    -0.133    -0.137
    70.960     0.024    -0.122    -0.163
    70.970     0.016    -0.122    -0.167
    70.980     0.005    -0.119    -0.157
    70.990    -0.008    -0.105    -0.131
    71.000    -0.012    -0.092    -0.090
    71.010    -0.006    -0.061    -0.033
    71.020    -0.001    -0.031     0.029
    71.030     0.007     0.024     0.084
    71.040     0.017     0.091     0.138
    71.050     0.029     0.141     0.173
    71.060     0.032     0.201     0.196
    71.070     0.024     0.234     0.210
    71.080     0.008     0.239     0.212
    71.090    -0.016     0.220     0.218
    71.100    -0.037     0.178     0.214
    71.110    -0.062     0.147     0.209
    71.120    -0.070     0.101     0.196
    71.130    -0.063     0.066     0.180
    71.140    -0.052     0.047     0.174
    71.150    -0.027     0.015     0.155
    71.160    -0.003     0.001     0.126
    71.170     0.018    -0.018     0.088
    71.180     0.028    -0.037     0.050
    71.190     0.030    -0.063     0.027
    71.200     0.033    -0.102     0.020
    71.210     0.027    -0.120     0.026
    71.220     0.021    -0.152     0.043
    71.230     0.013    -0.178     0.072
    71.240     0.003    -0.193     0.086
    71.250    -0.006    -0.197     0.071
    71.260    -0.013    -0.190     0.049
    71.270    -0.005    -0.207     0.024
    71.280    -0.002    -0.189    -0.008
    71.290     0.004    -0.158    -0.040
    71.300     0.012    -0.144    -0.067
    71.310     0.010    -0.107    -0.079
    71.320     0.009    -0.078    -0.082
    71.330     0.005    -0.060    -0.087
    71.340     0.005    -0.051    -0.090
    71.350     0.010    -0.033    -0.091
    71.360     0.014    -0.006    -0.090
    71.370     0.019    -0.003    -0.085
    71.380     0.011    -0.004    -0.081
    71.390     0.001    -0.003    -0.082
    71.400    -0.010    -0.020    -0.085
    71.410    -0.016    -0.056    -0.089
    71.420    -0.017    -0.071    -0.090
    71.430    -0.023    -0.071    -0.089
    71.440    -0.013    -0.068    -0.082
    71.450     0.000    -0.056    -0.063
    71.460     0.009    -0.050    -0.040
    71.470     0.015    -0.032    -0.017
    71.480     0.018    -0.024     0.008
    71.490     0.018     0.001     0.031
    71.500     0.014     0.062     0.048
    71.510     0.016     0.109     0.048
    71.520     0.022     0.165     0.044
    71.530     0.022     0.222     0.037
    71.540     0.011     0.261     0.022
    71.550    -0.007     0.273     0.014
    71.560    -0.025     0.273     0.011
    71.570    -0.047     0.285     0.004
    71.580    -0.062     0.283    -0.007
    71.590    -0.067     0.268    -0.011
    71.600    -0.065     0.257    -0.012
    71.610    -0.068     0.245     0.002
    71.620    -0.061     0.223     0.031
    71.630    -0.043     0.204     0.053
    71.640    -0.025     0.177     0.076
    71.650    -0.008     0.125     0.089
    71.660     0.001     0.057     0.094
    71.670     0.007    -0.018     0.094
    71.680     0.000    -0.077     0.095
    71.690    -0.008    -0.131     0.104
    71.700     0.007    -0.171     0.115
    71.710     0.033    -0.186     0.131
    71.720     0.054    -0.186     0.140
    71.730     0.072    -0.175     0.141
    71.740     0.085    -0.174     0.130
    71.750     0.080    -0.169     0.108
    71.760     0.062    -0.170     0.080
    71.770     0.045    -0.182     0.037
    71.780     0.021    -0.186    -0.016
    71.790    -0.007    -0.181    -0.075
    71.800    -0.025    -0.190    -0.127
    71.810    -0.032    -0.205    -0.160
    71.820    -0.042    -0.206    -0.175
    71.830    -0.049    -0.206    -0.183
    71.840    -0.050    -0.204    -0.183
    71.850    -0.046    -0.202    -0.167
    71.860    -0.042    -0.182    -0.163
    71.870    -0.030    -0.158    -0.158
    71.880    -0.008    -0.144    -0.149
    71.890     0.003    -0.124    -0.132
    71.900     0.013    -0.103    -0.105
    71.910     0.021    -0.085    -0.088
    71.920     0.023    -0.074    -0.063
    71.930     0.015    -0.059    -0.045
    71.940     0.003    -0.040    -0.043
    71.950     0.001    -0.034    -0.046
    71.960    -0.004    -0.029    -0.054
    71.970    -0.005    -0.019    -0.055
    71.980    -0.009     0.004    -0.057
    71.990    -0.015     0.032    -0.056
    72.000    -0.014     0.058    -0.048
    72.010    -0.012     0.094    -0.034
    72.020    -0.005     0.115    -0.015
    72.030     0.003     0.123     0.005
    72.040     0.007     0.128     0.024
    72.050     0.001     0.131     0.045
    72.060    -0.005     0.138     0.068
    72.070    -0.010     0.130     0.075
    72.080    -0.021     0.130     0.063
    72.090    -0.029     0.130     0.038
    72.100    -0.028     0.111     0.008
    72.110    -0.028     0.108    -0.022
    72.120    -0.021     0.116    -0.039
    72.130     0.000     0.124    -0.047
    72.140     0.021     0.132    -0.052
    72.150     0.041     0.147    -0.050
    72.160     0.050     0.155    -0.053
    72.170     0.051     0.136    -0.050
    72.180     0.041     0.118    -0.035
    72.190     0.012     0.100    -0.012
    72.200    -0.009     0.071     0.008
    72.210    -0.028     0.038     0.016
    72.220    -0.046    -0.001     0.024
    72.230    -0.055    -0.041     0.028
    72.240    -0.056    -0.092     0.023
    72.250    -0.057    -0.136     0.016
    72.260    -0.056    -0.165     0.020
    72.270    -0.051    -0.185     0.014
    72.280    -0.043    -0.184    -0.005
    72.290    -0.028    -0.155    -0.018
    72.300    -0.014    -0.105    -0.025
    72.310     0.010    -0.045    -0.028
    72.320     0.032     0.027    -0.023
    72.330     0.044     0.082    -0.005
    72.340     0.052     0.119     0.010
    72.350     0.045     0.140     0.026
    72.360     0.032     0.152     0.029
    72.370     0.019     0.163     0.024
    72.380     0.010     0.152     0.021
    72.390    -0.004     0.157     0.010
    72.400    -0.018     0.165     0.003
    72.410    -0.021     0.163    -0.014
    72.420    -0.024     0.158    -0.015
    72.430    -0.022     0.147     0.003
    72.440    -0.016     0.133     0.023
    72.450    -0.003     0.101     0.045
    72.460     0.012     0.083     0.047
    72.470     0.030     0.071     0.048
    72.480     0.045     0.053     0.045
    72.490     0.053     0.045     0.040
    72.500     0.060     0.053     0.037
    72.510     0.070     0.060     0.026
    72.520     0.088     0.064     0.013
    72.530     0.097     0.075    -0.003
    72.540     0.092     0.070    -0.016
    72.550     0.072     0.059    -0.023
    72.560     0.033     0.036    -0.026
    72.570    -0.014     0.004    -0.035
    72.580    -0.052    -0.024    -0.048
    72.590    -0.073    -0.070    -0.056
    72.600    -0.082    -0.098    -0.064
    72.610    -0.077    -0.122    -0.066
    72.620    -0.059    -0.133    -0.064
    72.630    -0.038    -0.120    -0.061
    72.640    -0.012    -0.104    -0.056
    72.650     0.012    -0.070    -0.042
    72.660     0.023    -0.048    -0.023
    72.670     0.027    -0.027    -0.006
    72.680     0.024    -0.017    -0.007
    72.690     0.016    -0.024    -0.027
    72.700     0.003    -0.015    -0.049
    72.710    -0.012    -0.024    -0.066
    72.720    -0.025    -0.033    -0.070
    72.730    -0.040    -0.033    -0.061
    72.740    -0.048    -0.039    -0.031
    72.750    -0.045    -0.036     0.014
    72.760    -0.041    -0.030     0.040
    72.770    -0.030    -0.014     0.051
    72.780    -0.013    -0.003     0.046
    72.790     0.005     0.005     0.027
    72.800     0.014     0.025     0.008
    72.810     0.013     0.031    -0.015
    72.820     0.008     0.025    -0.024
    72.830    -0.001     0.015    -0.015
    72.840    -0.012     0.007    -0.007
    72.850    -0.019     0.005     0.009
    72.860    -0.018     0.017     0.036
    72.870    -0.018     0.034     0.059
    72.880    -0.027     0.042     0.072
    72.890    -0.032     0.050     0.069
    72.900    -0.043     0.045     0.060
    72.910    -0.059     0.035     0.048
    72.920    -0.059     0.020     0.036
    72.930    -0.049    -0.005     0.032
    72.940    -0.037    -0.026     0.049
    72.950    -0.021    -0.052     0.082
    72.960    -0.007    -0.072     0.121
    72.970    -0.003    -0.088     0.158
    72.980    -0.004    -0.099     0.180
    72.990     0.004    -0.104     0.189
    73.000     0.018    -0.094     0.185
    73.010     0.036    -0.085     0.167
    73.020     0.058    -0.100     0.140
    73.030     0.069    -0.110     0.107
    73.040     0.072    -0.119     0.070
    73.050     0.063    -0.138     0.027
    73.060     0.048    -0.160    -0.015
    73.070     0.031    -0.165    -0.060
    73.080     0.023    -0.146    -0.092
    73.090     0.025    -0.122    -0.115
    73.100     0.025    -0.087    -0.133
    73.110     0.029    -0.050    -0.137
    73.120     0.024    -0.020    -0.133
    73.130     0.007     0.005    -0.125
    73.140    -0.023     0.013    -0.113
    73.150    -0.054     0.018    -0.089
    73.160    -0.074     0.027    -0.074
    73.170    -0.091     0.030    -0.067
    73.180    -0.104     0.038    -0.066
    73.190    -0.111     0.038    -0.068
    73.200    -0.106     0.044    -0.064
    73.210    -0.097     0.063    -0.064
    73.220    -0.080     0.078    -0.065
    73.230    -0.061     0.080    -0.076
    73.240    -0.042     0.062    -0.090
    73.250    -0.023     0.044    -0.095
    73.260    -0.013     0.010    -0.101
    73.270    -0.003    -0.025    -0.091
    73.280     0.005    -0.036    -0.081
    73.290     0.021    -0.036    -0.075
    73.300     0.041    -0.025    -0.075
    73.310     0.058    -0.007    -0.076
    73.320     0.078     0.022    -0.069
    73.330     0.085     0.037    -0.057
    73.340     0.083     0.033    -0.033
    73.350     0.072     0.023    -0.006
    73.360     0.052     0.000     0.024
    73.370     0.032    -0.033     0.045
    73.380     0.009    -0.072     0.060
    73.390    -0.004    -0.091     0.072
    73.400    -0.009    -0.103     0.087
    73.410    -0.010    -0.114     0.106
    73.420    -0.011    -0.115     0.108
    73.430    -0.009    -0.120     0.114
    73.440    -0.005    -0.119     0.120
    73.450    -0.002    -0.110     0.121
    73.460     0.007    -0.098     0.120
    73.470     0.019    -0.083     0.121
    73.480     0.027    -0.067     0.122
    73.490     0.028    -0.043     0.110
    73.500     0.021    -0.022     0.100
    73.510     0.007    -0.006     0.100
    73.520    -0.011     0.016     0.111
    73.530    -0.026     0.034     0.122
    73.540    -0.048     0.033     0.119
    73.550    -0.067     0.015     0.111
    73.560    -0.073    -0.013     0.093
    73.570    -0.080    -0.046     0.069
    73.580    -0.080    -0.073     0.041
    73.590    -0.074    -0.088     0.001
    73.600    -0.062    -0.082    -0.048
    73.610    -0.048    -0.075    -0.093
    73.620    -0.040    -0.078    -0.142
    73.630    -0.026    -0.083    -0.190
    73.640    -0.014    -0.104    -0.219
    73.650    -0.004    -0.133    -0.231
    73.660     0.000    -0.163    -0.227
    73.670     0.000    -0.185    -0.212
    73.680     0.002    -0.190    -0.189
    73.690     0.011    -0.197    -0.163
    73.700     0.030    -0.187    -0.141
    73.710     0.049    -0.172    -0.117
    73.720     0.068    -0.166    -0.096
    73.730     0.084    -0.147    -0.067
    73.740     0.096    -0.132    -0.043
    73.750     0.095    -0.112    -0.030
    73.760     0.092    -0.086    -0.015
    73.770     0.096    -0.056    -0.005
    73.780     0.083    -0.013    -0.002
    73.790     0.076     0.024    -0.004
    73.800     0.067     0.058    -0.008
    73.810     0.054     0.088    -0.027
    73.820     0.049     0.119    -0.051
    73.830     0.038     0.131    -0.061
    73.840     0.033     0.126    -0.058
    73.850     0.019     0.125    -0.040
    73.860    -0.003     0.124    -0.014
    73.870    -0.017     0.129     0.029
    73.880    -0.041     0.129     0.065
    73.890    -0.057     0.141     0.090
    73.900    -0.054     0.147     0.113
    73.910    -0.045     0.142     0.121
    73.920    -0.028     0.147     0.130
    73.930    -0.017     0.140     0.131
    73.940    -0.008     0.134     0.139
    73.950    -0.003     0.121     0.141
    73.960    -0.011     0.107     0.138
    73.970    -0.022     0.087     0.137
    73.980    -0.032     0.066     0.126
    73.990    -0.043     0.047     0.111
    74.000    -0.057     0.028     0.079
    74.010    -0.068     0.019     0.051
    74.020    -0.072     0.001     0.025
    74.030    -0.064     0.005    -0.005
    74.040    -0.036     0.022    -0.023
    74.050    -0.006     0.025    -0.031
    74.060     0.019     0.024    -0.022
    74.070     0.041     0.007    -0.015
    74.080     0.044    -0.008    -0.008
    74.090     0.038    -0.024    -0.006
    74.100     0.031    -0.026    -0.013
    74.110     0.026    -0.007    -0.021
    74.120     0.025     0.009    -0.021
    74.130     0.020     0.040    -0.012
    74.140     0.022     0.070    -0.006
    74.150     0.021     0.096     0.006
    74.160     0.017     0.127     0.018
    74.170     0.020     0.163     0.017
    74.180     0.014     0.210     0.008
    74.190     0.005     0.242     0.007
    74.200    -0.007     0.260     0.014
    74.210    -0.019     0.272     0.021
    74.220    -0.029     0.265     0.037
    74.230    -0.042     0.241     0.049
    74.240    -0.048     0.215     0.052
    74.250    -0.054     0.185     0.056
    74.260    -0.051     0.150     0.065
    74.270    -0.045     0.111     0.071
    74.280    -0.032     0.083     0.075
    74.290    -0.013     0.067     0.078
    74.300     0.000     0.051     0.073
    74.310     0.015     0.048     0.066
    74.320     0.027     0.039     0.051
    74.330     0.026     0.005     0.031
    74.340     0.019    -0.030     0.017
    74.350     0.008    -0.067     0.005
    74.360    -0.002    -0.105    -0.001
    74.370    -0.006    -0.141    -0.006
    74.380    -0.002    -0.154    -0.006
    74.390     0.003    -0.141    -0.006
    74.400     0.007    -0.135    -0.010
    74.410     0.019    -0.114    -0.017
    74.420     0.032    -0.082    -0.027
    74.430     0.037    -0.056    -0.035
    74.440     0.040    -0.025    -0.038
    74.450     0.039     0.001    -0.035
    74.460     0.030     0.014    -0.025
    74.470     0.015     0.012    -0.017
    74.480    -0.002     0.014    -0.010
    74.490    -0.021     0.023    -0.001
    74.500    -0.030     0.022     0.011
    74.510    -0.021     0.015     0.024
    74.520    -0.006     0.011     0.031
    74.530     0.003     0.001     0.039
    74.540     0.011    -0.014     0.044
    74.550     0.021    -0.014     0.030
    74.560     0.026    -0.014     0.021
    74.570     0.024    -0.016     0.019
    74.580     0.023    -0.015     0.017
    74.590     0.021    -0.006     0.028
    74.600     0.010     0.008     0.036
    74.610     0.001     0.004     0.037
    74.620    -0.012     0.004     0.034
    74.630    -0.033     0.007     0.024
    74.640    -0.046     0.005     0.023
    74.650    -0.050     0.006     0.022
    74.660    -0.046     0.015     0.014
    74.670    -0.033     0.024     0.004
    74.680    -0.023     0.023    -0.015
    74.690    -0.009     0.031    -0.037
    74.700     0.003     0.034    -0.053
    74.710     0.003     0.020    -0.068
    74.720     0.010     0.010    -0.076
    74.730     0.018     0.014    -0.078
    74.740     0.018     0.008    -0.071
    74.750     0.031     0.005    -0.049
    74.760     0.044     0.015    -0.024
    74.770     0.056     0.005     0.000
    74.780     0.061     0.003     0.018
    74.790     0.051     0.004     0.019
    74.800     0.036     0.002     0.008
    74.810     0.022     0.012     0.004
    74.820     0.021     0.021     0.010
    74.830     0.025     0.055     0.024
    74.840     0.029     0.085     0.040
    74.850     0.029     0.108     0.050
    74.860     0.029     0.138     0.053
    74.870     0.024     0.157     0.049
    74.880     0.012     0.166     0.042
    74.890     0.002     0.159     0.036
    74.900    -0.011     0.147     0.038
    74.910    -0.022     0.118     0.048
    74.920    -0.026     0.091     0.058
    74.930    -0.027     0.073     0.061
    74.940    -0.032     0.050     0.055
    74.950    -0.030     0.045     0.045
    74.960    -0.016     0.052     0.033
    74.970    -0.010     0.059     0.020
    74.980    -0.005     0.054     0.017
    74.990     0.006     0.047     0.022
    75.000     0.016     0.047     0.029
    75.010     0.014     0.042     0.037
    75.020     0.002     0.034     0.042
    75.030    -0.004     0.005     0.043
    75.040    -0.021    -0.022     0.041
    75.050    -0.036    -0.044     0.035
    75.060    -0.032    -0.074     0.021
    75.070    -0.038    -0.086    -0.003
    75.080    -0.047    -0.099    -0.034
    75.090    -0.047    -0.111    -0.063
    75.100    -0.041    -0.126    -0.077
    75.110    -0.038    -0.150    -0.079
    75.120    -0.041    -0.159    -0.073
    75.130    -0.038    -0.174    -0.065
    75.140    -0.039    -0.175    -0.054
    75.150    -0.035    -0.166    -0.047
    75.160    -0.021    -0.150    -0.056
    75.170     0.004    -0.124    -0.062
    75.180     0.033    -0.105    -0.071
    75.190     0.051    -0.068    -0.073
    75.200     0.061    -0.045    -0.064
    75.210     0.047    -0.035    -0.050
    75.220     0.021    -0.032    -0.021
    75.230    -0.001    -0.041    -0.001
    75.240    -0.021    -0.059     0.010
    75.250    -0.026    -0.090     0.011
    75.260    -0.029    -0.101     0.002
    75.270    -0.023    -0.111     0.001
    75.280    -0.015    -0.099    -0.011
    75.290    -0.006    -0.086    -0.013
    75.300     0.014    -0.078    -0.023
    75.310     0.029    -0.059    -0.043
    75.320     0.049    -0.052    -0.068
    75.330     0.062    -0.033    -0.101
    75.340     0.071    -0.028    -0.134
    75.350     0.072    -0.022    -0.167
    75.360     0.061    -0.033    -0.175
    75.370     0.041    -0.048    -0.176
    75.380     0.003    -0.057    -0.158
    75.390    -0.031    -0.089    -0.138
    75.400    -0.066    -0.094    -0.130
    75.410    -0.079    -0.106    -0.117
    75.420    -0.082    -0.094    -0.116
    75.430    -0.073    -0.098    -0.102
    75.440    -0.048    -0.079    -0.098
    75.450    -0.041    -0.040    -0.097
    75.460    -0.020    -0.043    -0.091
    75.470    -0.010    -0.004    -0.084
    75.480    -0.009    -0.009    -0.057
    75.490    -0.004    -0.012    -0.039
    75.500    -0.010    -0.015    -0.014
    75.510     0.000    -0.050     0.000
    75.520     0.000    -0.042     0.000
    75.530     0.003    -0.076    -0.008
    75.540     0.010    -0.076    -0.024
    75.550    -0.001    -0.071    -0.019
    75.560    -0.005    -0.084    -0.016
    75.570    -0.010    -0.051    -0.014
    75.580     0.001    -0.040    -0.019
    75.590     0.024     0.007    -0.025
    75.600     0.042     0.043    -0.015
    75.610     0.061     0.055    -0.015
    75.620     0.059     0.095    -0.014
    75.630     0.055     0.096    -0.003
    75.640     0.043     0.104     0.001
    75.650     0.026     0.113     0.020
    75.660     0.019     0.098     0.044
    75.670     0.002     0.097     0.070
    75.680    -0.001     0.075     0.097
    75.690    -0.005     0.062     0.107
    75.700    -0.016     0.060     0.112
    75.710    -0.017     0.040     0.101
    75.720    -0.028     0.043     0.077
    75.730    -0.020     0.031     0.056
    75.740    -0.008     0.026     0.030
    75.750    -0.003     0.021     0.014
    75.760     0.010     0.001     0.001
    75.770     0.016     0.017    -0.003
    75.780     0.022     0.011     0.004
    75.790     0.022     0.020     0.008
    75.800     0.025     0.032     0.020
    75.810     0.038     0.043     0.025
    75.820     0.035     0.075     0.027
    75.830     0.033     0.070     0.035
    75.840     0.021     0.092     0.039
    75.850     0.000     0.092     0.055
    75.860    -0.017     0.100     0.073
    75.870    -0.036     0.118     0.093
    75.880    -0.047     0.092     0.112
    75.890    -0.071     0.086     0.124
    75.900    -0.080     0.037     0.143
    75.910    -0.083     0.005     0.160
    75.920    -0.091    -0.031     0.181
    75.930    -0.079    -0.091     0.187
    75.940    -0.077    -0.111     0.179
    75.950    -0.067    -0.161     0.162
    75.960    -0.059    -0.169     0.127
    75.970    -0.052    -0.179     0.105
    75.980    -0.032    -0.199     0.075
    75.990    -0.025    -0.171     0.050
    76.000    -0.005    -0.158     0.039
    76.010     0.020    -0.121     0.023
    76.020     0.031    -0.087     0.011
    76.030     0.041    -0.064    -0.010
    76.040     0.040    -0.021    -0.033
    76.050     0.033    -0.012    -0.045
    76.060     0.021     0.008    -0.058
    76.070     0.000     0.040    -0.066
    76.080    -0.015     0.054    -0.065
    76.090    -0.025     0.095    -0.061
    76.100    -0.022     0.109    -0.058
    76.110    -0.006     0.120    -0.053
    76.120     0.002     0.136    -0.050
    76.130     0.018     0.115    -0.043
    76.140     0.029     0.125    -0.034
    76.150     0.038     0.110    -0.021
    76.160     0.053     0.089    -0.003
    76.170     0.065     0.101     0.011
    76.180     0.078     0.094     0.033
    76.190     0.076     0.124     0.044
    76.200     0.072     0.139     0.041
    76.210     0.064     0.154     0.041
    76.220     0.049     0.184     0.035
    76.230     0.034     0.161     0.033
    76.240     0.011     0.154     0.037
    76.250    -0.020     0.131     0.037
    76.260    -0.048     0.100     0.032
    76.270    -0.067     0.086     0.019
    76.280    -0.074     0.058     0.004
    76.290    -0.082     0.054    -0.013
    76.300    -0.080     0.027    -0.025
    76.310    -0.061    -0.003    -0.029
    76.320    -0.052    -0.020    -0.042
    76.330    -0.039    -0.072    -0.043
    76.340    -0.024    -0.099    -0.034
    76.350    -0.013    -0.117    -0.027
    76.360    -0.006    -0.133    -0.006
    76.370    -0.003    -0.136     0.011
    76.380     0.010    -0.165     0.021
    76.390     0.021    -0.178     0.026
    76.400     0.030    -0.189     0.033
    76.410     0.051    -0.206     0.043
    76.420     0.063    -0.192     0.048
    76.430     0.066    -0.180     0.066
    76.440     0.071    -0.141     0.079
    76.450     0.071    -0.092     0.097
    76.460     0.065    -0.055     0.124
    76.470     0.050     0.012     0.141
    76.480     0.046     0.046     0.148
    76.490     0.041     0.071     0.134
    76.500     0.021     0.093     0.107
    76.510     0.014     0.076     0.071
    76.520    -0.001     0.073     0.035
    76.530    -0.022     0.049     0.014
    76.540    -0.029     0.041    -0.011
    76.550    -0.029     0.039    -0.027
    76.560    -0.019     0.013    -0.039
    76.570    -0.007     0.030    -0.052
    76.580     0.010     0.025    -0.064
    76.590     0.026     0.031    -0.076
    76.600     0.036     0.056    -0.080
    76.610     0.041     0.054    -0.088
    76.620     0.040     0.070    -0.093
    76.630     0.039     0.060    -0.093
    76.640     0.031     0.048    -0.098
    76.650     0.016     0.043    -0.105
    76.660     0.007     0.023    -0.115
    76.670    -0.001     0.029    -0.126
    76.680    -0.003     0.027    -0.135
    76.690    -0.001     0.031    -0.141
    76.700    -0.008     0.037    -0.153
    76.710    -0.008     0.028    -0.158
    76.720    -0.011     0.043    -0.154
    76.730    -0.019     0.035    -0.150
    76.740    -0.018     0.025    -0.141
    76.750    -0.018     0.023    -0.137
    76.760    -0.002     0.008    -0.132
    76.770     0.011     0.004    -0.123
    76.780     0.018    -0.021    -0.105
    76.790     0.021    -0.023    -0.082
    76.800     0.015    -0.024    -0.057
    76.810     0.021    -0.045    -0.037
    76.820     0.021    -0.043    -0.020
    76.830     0.028    -0.055     0.008
    76.840     0.038    -0.065     0.034
    76.850     0.035    -0.084     0.060
    76.860     0.040    -0.097     0.081
    76.870     0.038    -0.094     0.097
    76.880     0.038    -0.122     0.106
    76.890     0.031    -0.117     0.098
    76.900     0.018    -0.112     0.092
    76.910     0.014    -0.123     0.089
    76.920     0.003    -0.114     0.081
    76.930    -0.001    -0.116     0.067
    76.940    -0.005    -0.096     0.054
    76.950    -0.010    -0.103     0.039
    76.960    -0.008    -0.113     0.022
    76.970    -0.024    -0.099     0.012
    76.980    -0.036    -0.125     0.008
    76.990    -0.048    -0.117     0.005
    77.000    -0.061    -0.116     0.008
    77.010    -0.064    -0.114     0.015
    77.020    -0.064    -0.091     0.028
    77.030    -0.049    -0.092     0.039
    77.040    -0.045    -0.037     0.044
    77.050    -0.034    -0.005     0.044
    77.060    -0.012     0.028     0.024
    77.070    -0.013     0.083     0.003
    77.080    -0.004     0.101    -0.022
    77.090     0.001     0.147    -0.053
    77.100     0.003     0.160    -0.073
    77.110     0.010     0.185    -0.105
    77.120     0.006     0.214    -0.122
    77.130     0.012     0.206    -0.136
    77.140     0.002     0.225    -0.151
    77.150    -0.013     0.202    -0.149
    77.160    -0.022     0.182    -0.153
    77.170    -0.042     0.148    -0.145
    77.180    -0.047     0.099    -0.137
    77.190    -0.046     0.089    -0.134
    77.200    -0.032     0.062    -0.129
    77.210    -0.008     0.067    -0.128
    77.220     0.012     0.069    -0.115
    77.230     0.037     0.059    -0.105
    77.240     0.042     0.071    -0.092
    77.250     0.033     0.054    -0.077
    77.260     0.017     0.046    -0.064
    77.270    -0.010     0.024    -0.050
    77.280    -0.028    -0.009    -0.041
    77.290    -0.039    -0.022    -0.023
    77.300    -0.043    -0.046     0.001
    77.310    -0.046    -0.043     0.033
    77.320    -0.037    -0.050     0.062
    77.330    -0.023    -0.036     0.082
    77.340    -0.016    -0.003     0.108
    77.350    -0.005     0.005     0.124
    77.360     0.001     0.025     0.144
    77.370     0.016     0.033     0.166
    77.380     0.026     0.042     0.183
    77.390     0.029     0.015     0.199
    77.400     0.033    -0.004     0.201
    77.410     0.025    -0.005     0.201
    77.420     0.019    -0.038     0.197
    77.430     0.009    -0.042     0.201
    77.440     0.002    -0.046     0.202
    77.450     0.001    -0.039     0.200
    77.460    -0.005    -0.047     0.204
    77.470    -0.001    -0.057     0.188
    77.480    -0.006    -0.025     0.184
    77.490    -0.003    -0.021     0.175
    77.500     0.002     0.001     0.162
    77.510     0.003     0.025     0.158
    77.520     0.010     0.024     0.145
    77.530     0.006     0.029     0.140
    77.540     0.003     0.022     0.127
    77.550    -0.007     0.032     0.113
    77.560    -0.020     0.010     0.102
    77.570    -0.014    -0.013     0.084
    77.580    -0.015    -0.017     0.077
    77.590    -0.010    -0.044     0.053
    77.600    -0.005    -0.042     0.024
    77.610    -0.005    -0.040     0.001
    77.620     0.010    -0.018    -0.026
    77.630     0.018     0.000    -0.038
    77.640     0.032     0.003    -0.054
    77.650     0.045     0.029    -0.068
    77.660     0.042     0.030    -0.076
    77.670     0.043     0.045    -0.085
    77.680     0.035     0.054    -0.079
    77.690     0.018     0.074    -0.068
    77.700     0.011     0.105    -0.053
    77.710     0.005     0.099    -0.047
    77.720    -0.001     0.110    -0.046
    77.730     0.001     0.106    -0.048
    77.740    -0.003     0.093    -0.063
    77.750    -0.001     0.088    -0.078
    77.760    -0.009     0.067    -0.095
    77.770    -0.022     0.044    -0.103
    77.780    -0.023     0.011    -0.105
    77.790    -0.039    -0.015    -0.106
    77.800    -0.043    -0.043    -0.112
    77.810    -0.036    -0.064    -0.124
    77.820    -0.025    -0.084    -0.129
    77.830    -0.007    -0.099    -0.134
    77.840     0.000    -0.108    -0.136
    77.850     0.013    -0.127    -0.144
    77.860     0.011    -0.127    -0.144
    77.870     0.004    -0.138    -0.135
    77.880     0.001    -0.148    -0.124
    77.890    -0.013    -0.146    -0.104
    77.900    -0.019    -0.149    -0.095
    77.910    -0.025    -0.166    -0.072
    77.920    -0.034    -0.186    -0.057
    77.930    -0.036    -0.186    -0.053
    77.940    -0.030    -0.192    -0.039
    77.950    -0.031    -0.183    -0.036
    77.960    -0.025    -0.179    -0.026
    77.970    -0.008    -0.169    -0.030
    77.980     0.006    -0.159    -0.039
    77.990     0.020    -0.165    -0.047
    78.000     0.017    -0.145    -0.060
    78.010     0.025    -0.147    -0.056
    78.020     0.024    -0.136    -0.050
    78.030     0.020    -0.122    -0.029
    78.040     0.031    -0.108    -0.007
    78.050     0.027    -0.097     0.022
    78.060     0.028    -0.113     0.038
    78.070     0.019    -0.094     0.046
    78.080     0.017    -0.104     0.067
    78.090     0.012    -0.085     0.070
    78.100    -0.010    -0.061     0.074
    78.110    -0.016    -0.065     0.065
    78.120    -0.036    -0.042     0.066
    78.130    -0.041    -0.046     0.064
    78.140    -0.038    -0.016     0.042
    78.150    -0.037    -0.005     0.037
    78.160    -0.030     0.015     0.022
    78.170    -0.029     0.038     0.026
    78.180    -0.036     0.045     0.023
    78.190    -0.055     0.078     0.019
    78.200    -0.059     0.070     0.028
    78.210    -0.066     0.104     0.034
    78.220    -0.061     0.113     0.054
    78.230    -0.043     0.134     0.050
    78.240    -0.030     0.174     0.054
    78.250    -0.018     0.161     0.056
    78.260    -0.029     0.188     0.043
    78.270    -0.028     0.169     0.031
    78.280    -0.031     0.166    -0.010
    78.290    -0.039     0.167    -0.036
    78.300    -0.031     0.144    -0.065
    78.310    -0.024     0.152    -0.086
    78.320    -0.008     0.133    -0.088
    78.330     0.003     0.132    -0.095
    78.340     0.016     0.116    -0.079
    78.350     0.020     0.116    -0.065
    78.360     0.009     0.123    -0.051
    78.370     0.010     0.112    -0.041
    78.380     0.021     0.119    -0.041
    78.390     0.025     0.098    -0.035
    78.400     0.021     0.108    -0.031
    78.410     0.022     0.106    -0.017
    78.420     0.011     0.094    -0.004
    78.430    -0.006     0.090     0.015
    78.440    -0.010     0.083     0.032
    78.450    -0.013     0.097     0.047
    78.460    -0.016     0.097     0.059
    78.470    -0.005     0.106     0.060
    78.480     0.017     0.107     0.056
    78.490     0.021     0.112     0.047
    78.500     0.019     0.112     0.043
    78.510     0.018     0.119     0.028
    78.520     0.015     0.125     0.031
    78.530     0.024     0.121     0.036
    78.540     0.025     0.136     0.048
    78.550     0.038     0.121     0.064
    78.560     0.035     0.120     0.068
    78.570     0.017     0.087     0.082
    78.580     0.007     0.068     0.075
    78.590    -0.012     0.063     0.074
    78.600    -0.019     0.034     0.067
    78.610    -0.032     0.038     0.057
    78.620    -0.034     0.014     0.050
    78.630    -0.037     0.015     0.034
    78.640    -0.044     0.011     0.037
    78.650    -0.043     0.009     0.028
    78.660    -0.044     0.007     0.023
    78.670    -0.034    -0.010     0.006
    78.680    -0.033     0.008    -0.019
    78.690    -0.024    -0.005    -0.019
    78.700    -0.024    -0.013    -0.017
    78.710    -0.021    -0.050    -0.006
    78.720    -0.006    -0.064     0.004
    78.730    -0.005    -0.082     0.021
    78.740     0.003    -0.127     0.026
    78.750    -0.003    -0.120     0.034
    78.760     0.003    -0.130     0.048
    78.770     0.017    -0.119     0.056
    78.780     0.027    -0.140     0.070
    78.790     0.033    -0.127     0.071
    78.800     0.022    -0.110     0.081
    78.810     0.020    -0.135     0.081
    78.820     0.002    -0.117     0.086
    78.830    -0.005    -0.135     0.105
    78.840    -0.012    -0.113     0.117
    78.850    -0.015    -0.106     0.140
    78.860    -0.012    -0.090     0.148
    78.870    -0.011    -0.048     0.162
    78.880     0.010    -0.054     0.176
    78.890     0.012    -0.041     0.182
    78.900     0.018    -0.044     0.179
    78.910     0.029    -0.032     0.158
    78.920     0.039    -0.026     0.129
    78.930     0.051    -0.024     0.084
    78.940     0.060    -0.004     0.043
    78.950     0.074     0.005    -0.002
    78.960     0.080     0.011    -0.044
    78.970     0.081    -0.004    -0.078
    78.980     0.063    -0.011    -0.110
    78.990     0.047    -0.011    -0.130
    79.000     0.042    -0.008    -0.141
    79.010     0.024    -0.008    -0.148
    79.020     0.019     0.000    -0.161
    79.030     0.026     0.005    -0.165
    79.040     0.027     0.011    -0.170
    79.050     0.026     0.024    -0.178
    79.060     0.021     0.040    -0.187
    79.070     0.018     0.057    -0.188
    79.080     0.019     0.057    -0.176
    79.090     0.016     0.071    -0.165
    79.100     0.008     0.061    -0.150
    79.110    -0.013     0.060    -0.132
    79.120    -0.018     0.057    -0.109
    79.130    -0.021     0.039    -0.087
    79.140    -0.035     0.041    -0.081
    79.150    -0.031     0.054    -0.081
    79.160    -0.018     0.088    -0.077
    79.170    -0.005     0.099    -0.082
    79.180    -0.006     0.114    -0.084
    79.190    -0.004     0.119    -0.086
    79.200    -0.007     0.118    -0.088
    79.210    -0.020     0.100    -0.085
    79.220    -0.026     0.062    -0.086
    79.230    -0.034     0.042    -0.065
    79.240    -0.033    -0.002    -0.048
    79.250    -0.031    -0.031    -0.032
    79.260    -0.025    -0.058    -0.009
    79.270    -0.012    -0.068     0.018
    79.280    -0.001    -0.093     0.052
    79.290     0.012    -0.124     0.066
    79.300     0.023    -0.121     0.082
    79.310     0.039    -0.117     0.088
    79.320     0.051    -0.095     0.093
    79.330     0.062    -0.095     0.101
    79.340     0.072    -0.094     0.100
    79.350     0.075    -0.106     0.103
    79.360     0.069    -0.121     0.090
    79.370     0.047    -0.113     0.072
    79.380     0.026    -0.106     0.044
    79.390     0.007    -0.087     0.017
    79.400    -0.011    -0.065    -0.006
    79.410    -0.025    -0.042    -0.028
    79.420    -0.036    -0.039    -0.047
    79.430    -0.033    -0.041    -0.077
    79.440    -0.035    -0.033    -0.106
    79.450    -0.048    -0.035    -0.142
    79.460    -0.037    -0.041    -0.170
    79.470    -0.030    -0.035    -0.189
    79.480    -0.036    -0.019    -0.211
    79.490    -0.031    -0.021    -0.237
    79.500    -0.017    -0.041    -0.255
    79.510    -0.006    -0.049    -0.259
    79.520    -0.012    -0.057    -0.248
    79.530    -0.006    -0.076    -0.221
    79.540     0.008    -0.077    -0.183
    79.550     0.014    -0.083    -0.139
    79.560     0.022    -0.085    -0.097
    79.570     0.035    -0.085    -0.053
    79.580     0.039    -0.083    -0.014
    79.590     0.032    -0.078     0.025
    79.600     0.031    -0.085     0.050
    79.610     0.031    -0.087     0.064
    79.620     0.033    -0.075     0.075
    79.630     0.030    -0.049     0.089
    79.640     0.025    -0.025     0.110
    79.650     0.017     0.006     0.122
    79.660     0.019     0.013     0.137
    79.670     0.026     0.003     0.157
    79.680     0.015     0.001     0.175
    79.690     0.000     0.000     0.184
    79.700    -0.016     0.015     0.190
    79.710    -0.023     0.019     0.190
    79.720    -0.027     0.023     0.183
    79.730    -0.018     0.018     0.172
    79.740    -0.001     0.021     0.153
    79.750     0.010     0.026     0.147
    79.760     0.021     0.019     0.147
    79.770     0.029     0.021     0.155
    79.780     0.039     0.037     0.157
    79.790     0.046     0.047     0.152
    79.800     0.049     0.050     0.142
    79.810     0.047     0.061     0.126
    79.820     0.044     0.066     0.115
    79.830     0.038     0.066     0.105
    79.840     0.027     0.062     0.098
    79.850     0.012     0.059     0.093
    79.860    -0.006     0.038     0.093
    79.870    -0.027     0.012     0.091
    79.880    -0.042    -0.005     0.087
    79.890    -0.047    -0.016     0.081
    79.900    -0.051    -0.031     0.076
    79.910    -0.052    -0.045     0.075
    79.920    -0.048    -0.027     0.070
    79.930    -0.036    -0.012     0.060
    79.940    -0.022     0.011     0.045
    79.950    -0.012     0.034     0.031
    79.960    -0.012     0.048     0.016
    79.970    -0.019     0.062    -0.004
    79.980    -0.033     0.077    -0.036
    79.990    -0.039     0.095    -0.068
    80.000    -0.038     0.105    -0.089
    80.010    -0.046     0.115    -0.107
    80.020    -0.063     0.121    -0.124
    80.030    -0.070     0.123    -0.133
    80.040    -0.058     0.121    -0.133
    80.050    -0.051     0.132    -0.132
    80.060    -0.040     0.132    -0.134
    80.070    -0.023     0.126    -0.135
    80.080    -0.008     0.118    -0.127
    80.090     0.003     0.112    -0.116
    80.100     0.011     0.109    -0.090
    80.110     0.023     0.093    -0.069
    80.120     0.024     0.089    -0.050
    80.130     0.023     0.075    -0.024
    80.140     0.024     0.042     0.004
    80.150     0.014     0.010     0.037
    80.160     0.006    -0.004     0.061
    80.170     0.001    -0.014     0.085
    80.180     0.001    -0.026     0.097
    80.190     0.009    -0.022     0.106
    80.200     0.013    -0.019     0.112
    80.210     0.013    -0.006     0.108
    80.220     0.012     0.004     0.108
    80.230     0.006     0.005     0.103
    80.240     0.003     0.019     0.111
    80.250     0.010     0.013     0.117
    80.260     0.009     0.003     0.126
    80.270     0.005     0.003     0.137
    80.280    -0.001    -0.004     0.133
    80.290    -0.013    -0.009     0.131
    80.300    -0.020    -0.005     0.124
    80.310    -0.031    -0.003     0.117
    80.320    -0.046    -0.003     0.098
    80.330    -0.058     0.000     0.075
    80.340    -0.059    -0.004     0.057
    80.350    -0.056    -0.017     0.035
    80.360    -0.057    -0.031     0.023
    80.370    -0.053    -0.043     0.008
    80.380    -0.053    -0.052    -0.004
    80.390    -0.050    -0.063    -0.008
    80.400    -0.038    -0.060    -0.006
    80.410    -0.024    -0.054    -0.004
    80.420    -0.007    -0.040    -0.003
    80.430     0.009    -0.021     0.002
    80.440     0.026     0.010     0.005
    80.450     0.033     0.036     0.009
    80.460     0.031     0.046    -0.007
    80.470     0.022     0.059    -0.027
    80.480     0.019     0.061    -0.037
    80.490     0.010     0.071    -0.051
    80.500    -0.001     0.082    -0.061
    80.510    -0.005     0.097    -0.076
    80.520    -0.013     0.109    -0.085
    80.530    -0.018     0.119    -0.093
    80.540    -0.020     0.134    -0.098
    80.550    -0.018     0.131    -0.103
    80.560    -0.018     0.121    -0.108
    80.570    -0.019     0.109    -0.105
    80.580    -0.008     0.099    -0.099
    80.590    -0.002     0.080    -0.105
    80.600     0.005     0.062    -0.120
    80.610     0.020     0.054    -0.128
    80.620     0.032     0.040    -0.131
    80.630     0.038     0.024    -0.122
    80.640     0.037     0.019    -0.105
    80.650     0.036     0.022    -0.081
    80.660     0.033     0.017    -0.057
    80.670     0.023     0.011    -0.034
    80.680     0.010     0.002    -0.009
    80.690    -0.002    -0.013     0.018
    80.700    -0.021    -0.035     0.043
    80.710    -0.038    -0.050     0.059
    80.720    -0.048    -0.062     0.066
    80.730    -0.052    -0.090     0.066
    80.740    -0.041    -0.106     0.063
    80.750    -0.028    -0.110     0.053
    80.760    -0.015    -0.117     0.039
    80.770    -0.001    -0.129     0.022
    80.780     0.012    -0.135     0.000
    80.790     0.024    -0.130    -0.018
    80.800     0.028    -0.130    -0.035
    80.810     0.029    -0.119    -0.050
    80.820     0.031    -0.102    -0.059
    80.830     0.024    -0.090    -0.069
    80.840     0.017    -0.090    -0.077
    80.850     0.015    -0.086    -0.076
    80.860     0.008    -0.072    -0.069
    80.870     0.004    -0.076    -0.063
    80.880     0.000    -0.076    -0.054
    80.890    -0.008    -0.073    -0.044
    80.900    -0.013    -0.071    -0.036
    80.910    -0.018    -0.081    -0.030
    80.920    -0.015    -0.092    -0.025
    80.930    -0.017    -0.083    -0.018
    80.940    -0.017    -0.095    -0.015
    80.950    -0.012    -0.108    -0.008
    80.960    -0.014    -0.106    -0.001
    80.970    -0.013    -0.114     0.006
    80.980    -0.009    -0.124     0.019
    80.990    -0.001    -0.130     0.023
    81.000     0.008    -0.120     0.021
    81.010     0.010    -0.108     0.018
    81.020     0.015    -0.112     0.006
    81.030     0.014    -0.094    -0.003
    81.040     0.013    -0.082    -0.014
    81.050     0.016    -0.073    -0.030
    81.060     0.013    -0.064    -0.037
    81.070     0.008    -0.051    -0.039
    81.080     0.002    -0.041    -0.037
    81.090     0.003    -0.037    -0.034
    81.100     0.004    -0.017    -0.025
    81.110     0.003    -0.009    -0.015
    81.120     0.009     0.004    -0.015
    81.130     0.017     0.015    -0.007
    81.140     0.021     0.029     0.004
    81.150     0.026     0.043     0.017
    81.160     0.028     0.057     0.027
    81.170     0.025     0.066     0.031
    81.180     0.023     0.062     0.033
    81.190     0.022     0.068     0.028
    81.200     0.013     0.061     0.024
    81.210     0.005     0.060     0.025
    81.220     0.002     0.059     0.021
    81.230    -0.007     0.070     0.020
    81.240    -0.015     0.076     0.029
    81.250    -0.021     0.076     0.029
    81.260    -0.027     0.094     0.038
    81.270    -0.035     0.099     0.042
    81.280    -0.047     0.102     0.044
    81.290    -0.050     0.109     0.047
    81.300    -0.059     0.117     0.037
    81.310    -0.065     0.110     0.033
    81.320    -0.060     0.113     0.022
    81.330    -0.057     0.122     0.005
    81.340    -0.049     0.122    -0.009
    81.350    -0.031     0.119    -0.019
    81.360    -0.012     0.113    -0.030
    81.370    -0.009     0.108    -0.041
    81.380    -0.010     0.073    -0.050
    81.390    -0.003     0.050    -0.061
    81.400     0.000     0.048    -0.069
    81.410    -0.002     0.031    -0.083
    81.420     0.009     0.020    -0.100
    81.430     0.023     0.020    -0.121
    81.440     0.028     0.018    -0.141
    81.450     0.038    -0.002    -0.153
    81.460     0.046    -0.020    -0.163
    81.470     0.051    -0.021    -0.158
    81.480     0.047    -0.030    -0.147
    81.490     0.048    -0.044    -0.134
    81.500     0.055    -0.046    -0.111
    81.510     0.049    -0.040    -0.095
    81.520     0.041    -0.054    -0.078
    81.530     0.029    -0.053    -0.063
    81.540     0.021    -0.036    -0.051
    81.550     0.009    -0.039    -0.031
    81.560    -0.002    -0.035    -0.022
    81.570    -0.002    -0.029    -0.015
    81.580    -0.013    -0.020    -0.008
    81.590    -0.015    -0.030     0.003
    81.600    -0.007    -0.037     0.024
    81.610    -0.011    -0.028     0.038
    81.620    -0.017    -0.037     0.046
    81.630    -0.022    -0.037     0.045
    81.640    -0.018    -0.042     0.038
    81.650    -0.018    -0.039     0.037
    81.660    -0.020    -0.050     0.041
    81.670    -0.016    -0.074     0.053
    81.680    -0.021    -0.062     0.064
    81.690    -0.018    -0.055     0.074
    81.700    -0.007    -0.046     0.079
    81.710     0.005    -0.024     0.079
    81.720     0.013     0.006     0.078
    81.730     0.015     0.034     0.072
    81.740     0.025     0.057     0.070
    81.750     0.036     0.087     0.069
    81.760     0.041     0.110     0.061
    81.770     0.039     0.127     0.060
    81.780     0.035     0.136     0.059
    81.790     0.037     0.147     0.063
    81.800     0.038     0.148     0.061
    81.810     0.030     0.146     0.048
    81.820     0.028     0.128     0.040
    81.830     0.022     0.119     0.017
    81.840     0.006     0.115     0.001
    81.850    -0.003     0.101    -0.014
    81.860    -0.013     0.100    -0.030
    81.870    -0.009     0.092    -0.046
    81.880    -0.006     0.094    -0.075
    81.890    -0.001     0.072    -0.089
    81.900    -0.001     0.052    -0.109
    81.910    -0.015     0.044    -0.125
    81.920    -0.014     0.022    -0.138
    81.930    -0.014     0.010    -0.155
    81.940    -0.016    -0.014    -0.170
    81.950    -0.020    -0.023    -0.186
    81.960    -0.027    -0.052    -0.180
    81.970    -0.028    -0.083    -0.177
    81.980    -0.038    -0.097    -0.175
    81.990    -0.039    -0.132    -0.171
    82.000    -0.033    -0.149    -0.162
    82.010    -0.029    -0.159    -0.139
    82.020    -0.020    -0.162    -0.118
    82.030    -0.002    -0.170    -0.086
    82.040     0.018    -0.172    -0.054
    82.050     0.029    -0.152    -0.018
    82.060     0.036    -0.151     0.024
    82.070     0.039    -0.158     0.063
    82.080     0.038    -0.144     0.101
    82.090     0.038    -0.136     0.132
    82.100     0.036    -0.151     0.157
    82.110     0.024    -0.157     0.182
    82.120     0.007    -0.157     0.196
    82.130    -0.008    -0.159     0.205
    82.140    -0.023    -0.174     0.211
    82.150    -0.044    -0.178     0.208
    82.160    -0.050    -0.171     0.202
    82.170    -0.040    -0.183     0.189
    82.180    -0.034    -0.177     0.174
    82.190    -0.032    -0.162     0.158
    82.200    -0.024    -0.163     0.139
    82.210    -0.009    -0.159     0.129
    82.220    -0.005    -0.139     0.124
    82.230    -0.005    -0.118     0.120
    82.240     0.000    -0.110     0.123
    82.250     0.005    -0.103     0.127
    82.260     0.005    -0.070     0.131
    82.270     0.003    -0.052     0.133
    82.280    -0.004    -0.051     0.128
    82.290    -0.017    -0.036     0.122
    82.300    -0.025    -0.022     0.104
    82.310    -0.032    -0.020     0.077
    82.320    -0.029    -0.023     0.048
    82.330    -0.025    -0.007     0.018
    82.340    -0.016     0.013    -0.010
    82.350    -0.002     0.020    -0.036
    82.360     0.010     0.033    -0.054
    82.370     0.019     0.054    -0.063
    82.380     0.018     0.059    -0.075
    82.390     0.012     0.068    -0.097
    82.400     0.014     0.085    -0.112
    82.410     0.020     0.104    -0.120
    82.420     0.023     0.105    -0.124
    82.430     0.028     0.091    -0.118
    82.440     0.027     0.098    -0.108
    82.450     0.022     0.093    -0.097
    82.460     0.017     0.099    -0.087
    82.470     0.021     0.101    -0.075
    82.480     0.026     0.113    -0.071
    82.490     0.024     0.119    -0.062
    82.500     0.026     0.102    -0.059
    82.510     0.027     0.107    -0.052
    82.520     0.022     0.100    -0.038
    82.530     0.018     0.109    -0.026
    82.540     0.021     0.118    -0.012
    82.550     0.025     0.134    -0.003
    82.560     0.026     0.160     0.004
    82.570     0.029     0.154     0.002
    82.580     0.022     0.153     0.008
    82.590     0.010     0.158     0.012
    82.600     0.000     0.158     0.013
    82.610    -0.007     0.150     0.025
    82.620    -0.014     0.145     0.034
    82.630    -0.019     0.151     0.040
    82.640    -0.011     0.141     0.046
    82.650     0.002     0.131     0.061
    82.660     0.000     0.125     0.077
    82.670    -0.006     0.126     0.091
    82.680    -0.003     0.119     0.115
    82.690     0.002     0.117     0.141
    82.700     0.006     0.128     0.161
    82.710     0.015     0.119     0.177
    82.720     0.022     0.112     0.197
    82.730     0.022     0.115     0.208
    82.740     0.020     0.117     0.217
    82.750     0.023     0.098     0.231
    82.760     0.016     0.080     0.240
    82.770     0.014     0.074     0.254
    82.780     0.016     0.036     0.262
    82.790     0.007     0.003     0.256
    82.800     0.007    -0.013     0.244
    82.810     0.009    -0.028     0.229
    82.820     0.010    -0.054     0.219
    82.830     0.006    -0.088     0.200
    82.840     0.004    -0.092     0.175
    82.850     0.018    -0.096     0.150
    82.860     0.022    -0.107     0.124
    82.870     0.025    -0.104     0.088
    82.880     0.022    -0.090     0.041
    82.890     0.017    -0.081     0.003
    82.900     0.021    -0.089    -0.027
    82.910     0.020    -0.091    -0.045
    82.920     0.018    -0.099    -0.059
    82.930     0.009    -0.106    -0.075
    82.940     0.002    -0.100    -0.083
    82.950     0.002    -0.088    -0.089
    82.960    -0.001    -0.074    -0.101
    82.970     0.008    -0.069    -0.108
    82.980     0.017    -0.053    -0.115
    82.990     0.024    -0.039    -0.118
    83.000     0.026    -0.033    -0.122
    83.010     0.025    -0.010    -0.137
    83.020     0.032     0.023    -0.141
    83.030     0.031     0.044    -0.152
    83.040     0.036     0.058    -0.163
    83.050     0.035     0.065    -0.162
    83.060     0.018     0.073    -0.158
    83.070    -0.004     0.083    -0.156
    83.080    -0.024     0.094    -0.154
    83.090    -0.039     0.106    -0.145
    83.100    -0.052     0.107    -0.140
    83.110    -0.053     0.102    -0.146
    83.120    -0.053     0.101    -0.158
    83.130    -0.054     0.114    -0.161
    83.140    -0.052     0.109    -0.160
    83.150    -0.041     0.092    -0.163
    83.160    -0.026     0.101    -0.158
    83.170    -0.013     0.109    -0.154
    83.180     0.008     0.125    -0.154
    83.190     0.022     0.131    -0.155
    83.200     0.031     0.132    -0.159
    83.210     0.032     0.144    -0.158
    83.220     0.026     0.130    -0.155
    83.230     0.016     0.123    -0.151
    83.240     0.006     0.105    -0.144
    83.250    -0.002     0.088    -0.135
    83.260    -0.006     0.064    -0.117
    83.270    -0.014     0.040    -0.102
    83.280    -0.025     0.017    -0.081
    83.290    -0.025    -0.008    -0.058
    83.300    -0.024    -0.016    -0.030
    83.310    -0.012    -0.037    -0.004
    83.320    -0.010    -0.035     0.008
    83.330    -0.008    -0.056     0.023
    83.340    -0.015    -0.063     0.032
    83.350    -0.021    -0.077     0.045
    83.360    -0.013    -0.095     0.063
    83.370    -0.023    -0.098     0.086
    83.380    -0.020    -0.134     0.103
    83.390    -0.028    -0.122     0.107
    83.400    -0.038    -0.153     0.121
    83.410    -0.046    -0.155     0.110
    83.420    -0.053    -0.149     0.094
    83.430    -0.041    -0.167     0.079
    83.440    -0.046    -0.136     0.066
    83.450    -0.038    -0.164     0.054
    83.460    -0.038    -0.142     0.028
    83.470    -0.037    -0.136     0.026
    83.480    -0.021    -0.126     0.013
    83.490    -0.022    -0.071     0.001
    83.500    -0.016    -0.073     0.003
    83.510    -0.017    -0.021    -0.004
    83.520    -0.010     0.002     0.005
    83.530    -0.009     0.009     0.010
    83.540    -0.029     0.040    -0.003
    83.550    -0.032     0.028    -0.017
    83.560    -0.038     0.041    -0.034
    83.570    -0.052     0.041    -0.048
    83.580    -0.058     0.019    -0.058
    83.590    -0.058     0.019    -0.069
    83.600    -0.056     0.005    -0.067
    83.610    -0.053    -0.001    -0.066
    83.620    -0.047     0.007    -0.071
    83.630    -0.030    -0.010    -0.071
    83.640    -0.010     0.014    -0.072
    83.650     0.010     0.018    -0.068
    83.660     0.026    -0.014    -0.058
    83.670     0.024     0.008    -0.059
    83.680     0.015    -0.006    -0.061
    83.690     0.006    -0.021    -0.053
    83.700     0.002    -0.006    -0.042
    83.710     0.002    -0.020    -0.031
    83.720     0.002    -0.013    -0.023
    83.730     0.018    -0.015    -0.007
    83.740     0.034    -0.017     0.020
    83.750     0.029    -0.007     0.047
    83.760     0.019    -0.039     0.084
    83.770     0.005    -0.042     0.106
    83.780    -0.004    -0.036     0.115
    83.790     0.005    -0.052     0.128
    83.800     0.007    -0.044     0.124
    83.810     0.008    -0.055     0.119
    83.820     0.010    -0.046     0.116
    83.830     0.003    -0.044     0.113
    83.840     0.005    -0.057     0.119
    83.850     0.006    -0.036     0.122
    83.860     0.008    -0.045     0.133
    83.870     0.016    -0.048     0.144
    83.880     0.007    -0.040     0.143
    83.890     0.000    -0.061     0.150
    83.900    -0.004    -0.053     0.149
    83.910    -0.013    -0.058     0.141
    83.920    -0.004    -0.075     0.136
    83.930     0.000    -0.056     0.119
    83.940     0.000    -0.076     0.102
    83.950    -0.006    -0.078     0.090
    83.960    -0.011    -0.068     0.082
    83.970    -0.006    -0.071     0.074
    83.980    -0.008    -0.025     0.063
    83.990     0.000    -0.026     0.063
    84.000     0.013    -0.022     0.054
    84.010     0.014     0.005     0.040
    84.020     0.005    -0.010     0.040
    84.030    -0.003    -0.012     0.040
    84.040    -0.006    -0.025     0.035
    84.050    -0.007    -0.038     0.038
    84.060    -0.006    -0.036     0.042
    84.070     0.000    -0.053     0.050
    84.080     0.011    -0.049     0.063
    84.090     0.011    -0.037     0.071
    84.100     0.021    -0.045     0.085
    84.110     0.035    -0.017     0.089
    84.120     0.040    -0.007     0.097
    84.130     0.050    -0.002     0.104
    84.140     0.041     0.031     0.102
    84.150     0.024     0.035     0.109
    84.160     0.006     0.064     0.111
    84.170    -0.010     0.066     0.114
    84.180    -0.015     0.055     0.101
    84.190    -0.030     0.076     0.065
    84.200    -0.037     0.068     0.033
    84.210    -0.043     0.070     0.004
    84.220    -0.060     0.074    -0.032
    84.230    -0.062     0.053    -0.063
    84.240    -0.058     0.056    -0.087
    84.250    -0.057     0.047    -0.118
    84.260    -0.044     0.025    -0.135
    84.270    -0.031     0.028    -0.150
    84.280    -0.020    -0.002    -0.171
    84.290    -0.010    -0.015    -0.185
    84.300    -0.005    -0.025    -0.203
    84.310     0.009    -0.056    -0.209
    84.320     0.018    -0.041    -0.206
    84.330     0.027    -0.050    -0.202
    84.340     0.041    -0.058    -0.187
    84.350     0.046    -0.040    -0.180
    84.360     0.047    -0.041    -0.169
    84.370     0.045    -0.023    -0.152
    84.380     0.043    -0.003    -0.152
    84.390     0.035     0.011    -0.144
    84.400     0.029     0.029    -0.130
    84.410     0.026     0.036    -0.124
    84.420     0.018     0.043    -0.112
    84.430     0.005     0.061    -0.098
    84.440    -0.001     0.052    -0.074
    84.450     0.000     0.045    -0.058
    84.460    -0.006     0.065    -0.056
    84.470    -0.006     0.067    -0.053
    84.480    -0.011     0.083    -0.055
    84.490    -0.020     0.088    -0.052
    84.500    -0.023     0.089    -0.046
    84.510    -0.030     0.100    -0.034
    84.520    -0.028     0.092    -0.018
    84.530    -0.024     0.090     0.003
    84.540    -0.018     0.065     0.022
    84.550    -0.009     0.055     0.025
    84.560    -0.005     0.055     0.032
    84.570     0.000     0.044     0.041
    84.580     0.008     0.036     0.047
    84.590     0.013     0.019     0.042
    84.600     0.016     0.020     0.033
    84.610     0.025     0.019     0.037
    84.620     0.023     0.002     0.037
    84.630     0.018    -0.010     0.031
    84.640     0.019    -0.004     0.023
    84.650     0.016    -0.008     0.014
    84.660     0.020    -0.013     0.008
    84.670     0.028    -0.002     0.003
    84.680     0.036    -0.018    -0.006
    84.690     0.034    -0.012    -0.024
    84.700     0.033    -0.004    -0.034
    84.710     0.033    -0.012    -0.039
    84.720     0.024    -0.011    -0.043
    84.730     0.012    -0.018    -0.043
    84.740     0.004     0.003    -0.035
    84.750     0.010     0.002    -0.018
    84.760     0.014    -0.005    -0.002
    84.770     0.016     0.019     0.005
    84.780     0.021     0.028     0.008
    84.790     0.008     0.031     0.021
    84.800     0.000     0.034     0.029
    84.810    -0.005     0.040     0.028
    84.820    -0.007     0.046     0.034
    84.830    -0.009     0.054     0.040
    84.840    -0.021     0.046     0.054
    84.850    -0.020     0.053     0.065
    84.860    -0.017     0.067     0.073
    84.870    -0.015     0.058     0.082
    84.880    -0.001     0.081     0.076
    84.890     0.005     0.094     0.063
    84.900     0.014     0.105     0.048
    84.910     0.022     0.128     0.028
    84.920     0.020     0.125     0.015
    84.930     0.020     0.129     0.002
    84.940     0.011     0.118    -0.007
    84.950     0.006     0.091    -0.008
    84.960     0.007     0.078    -0.015
    84.970    -0.002     0.053    -0.026
    84.980    -0.009     0.041    -0.033
    84.990    -0.002     0.042    -0.038
    85.000     0.005     0.030    -0.042
    85.010     0.013     0.027    -0.045
    85.020     0.023     0.029    -0.050
    85.030     0.020     0.014    -0.049
    85.040     0.018     0.008    -0.040
    85.050     0.012     0.003    -0.035
    85.060     0.011    -0.020    -0.022
    85.070     0.013    -0.018    -0.002
    85.080    -0.002    -0.035     0.018
    85.090    -0.010    -0.059     0.034
    85.100    -0.010    -0.060     0.041
    85.110    -0.011    -0.070     0.054
    85.120    -0.010    -0.064     0.064
    85.130    -0.011    -0.070     0.067
    85.140    -0.017    -0.079     0.067
    85.150    -0.022    -0.060     0.066
    85.160    -0.023    -0.068     0.075
    85.170    -0.025    -0.077     0.088
    85.180    -0.023    -0.065     0.096
    85.190    -0.014    -0.075     0.102
    85.200    -0.011    -0.065     0.100
    85.210    -0.008    -0.064     0.091
    85.220     0.001    -0.066     0.075
    85.230     0.009    -0.050     0.057
    85.240     0.023    -0.057     0.042
    85.250     0.029    -0.042     0.032
    85.260     0.025    -0.043     0.025
    85.270     0.022    -0.059     0.024
    85.280     0.017    -0.040     0.020
    85.290     0.015    -0.033     0.016
    85.300     0.006    -0.033     0.014
    85.310     0.005    -0.044     0.006
    85.320     0.012    -0.063     0.006
    85.330     0.007    -0.065     0.008
    85.340     0.002    -0.073     0.014
    85.350    -0.002    -0.090     0.024
    85.360    -0.006    -0.103     0.028
    85.370    -0.006    -0.108     0.031
    85.380    -0.006    -0.111     0.032
    85.390    -0.001    -0.105     0.036
    85.400     0.005    -0.089     0.041
    85.410     0.007    -0.085     0.039
    85.420     0.010    -0.059     0.035
    85.430     0.011    -0.029     0.030
    85.440     0.008    -0.002     0.013
    85.450     0.010     0.026    -0.009
    85.460     0.010     0.043    -0.033
    85.470    -0.003     0.066    -0.059
    85.480    -0.017     0.068    -0.079
    85.490    -0.030     0.077    -0.101
    85.500    -0.041     0.081    -0.107
    85.510    -0.046     0.083    -0.106
    85.520    -0.044     0.081    -0.102
    85.530    -0.038     0.069    -0.094
    85.540    -0.033     0.080    -0.095
    85.550    -0.028     0.079    -0.091
    85.560    -0.013     0.081    -0.094
    85.570     0.004     0.085    -0.098
    85.580     0.014     0.087    -0.095
    85.590     0.020     0.094    -0.096
    85.600     0.014     0.094    -0.098
    85.610     0.005     0.084    -0.101
    85.620     0.002     0.069    -0.102
    85.630     0.000     0.056    -0.103
    85.640     0.003     0.022    -0.104
    85.650     0.004     0.006    -0.113
    85.660     0.008    -0.009    -0.104
    85.670     0.013    -0.014    -0.089
    85.680     0.009     0.005    -0.075
    85.690     0.014     0.002    -0.048
    85.700     0.011     0.037    -0.028
    85.710     0.009     0.050    -0.002
    85.720     0.017     0.053     0.025
    85.730     0.011     0.084     0.040
    85.740     0.017     0.090     0.059
    85.750     0.012     0.124     0.075
    85.760    -0.005     0.141     0.092
    85.770    -0.013     0.147     0.115
    85.780    -0.030     0.167     0.126
    85.790    -0.043     0.163     0.137
    85.800    -0.048     0.174     0.143
    85.810    -0.060     0.160     0.131
    85.820    -0.067     0.131     0.120
    85.830    -0.071     0.128     0.110
    85.840    -0.080     0.086     0.097
    85.850    -0.077     0.047     0.079
    85.860    -0.071     0.024     0.060
    85.870    -0.057    -0.007     0.046
    85.880    -0.040    -0.012     0.038
    85.890    -0.024    -0.038     0.038
    85.900    -0.005    -0.049     0.042
    85.910     0.005    -0.036     0.048
    85.920     0.015    -0.059     0.049
    85.930     0.020    -0.065     0.057
    85.940     0.015    -0.078     0.067
    85.950     0.013    -0.098     0.068
    85.960     0.012    -0.102     0.063
    85.970     0.009    -0.106     0.048
    85.980     0.008    -0.104     0.037
    85.990     0.014    -0.103     0.023
    86.000     0.017    -0.100     0.001
    86.010     0.016    -0.097    -0.011
    86.020     0.015    -0.099    -0.029
    86.030     0.015    -0.101    -0.046
    86.040     0.026    -0.089    -0.060
    86.050     0.033    -0.082    -0.076
    86.060     0.042    -0.094    -0.083
    86.070     0.050    -0.089    -0.088
    86.080     0.044    -0.087    -0.086
    86.090     0.042    -0.097    -0.079
    86.100     0.039    -0.098    -0.078
    86.110     0.036    -0.106    -0.061
    86.120     0.039    -0.095    -0.043
    86.130     0.041    -0.090    -0.025
    86.140     0.040    -0.093    -0.001
    86.150     0.026    -0.069     0.013
    86.160     0.017    -0.075     0.034
    86.170     0.012    -0.074     0.049
    86.180     0.009    -0.064     0.051
    86.190     0.010    -0.059     0.047
    86.200     0.010    -0.029     0.042
    86.210     0.010    -0.012     0.040
    86.220     0.000     0.005     0.032
    86.230    -0.011     0.018     0.018
    86.240    -0.017     0.030     0.005
    86.250    -0.025     0.044    -0.006
    86.260    -0.036     0.038    -0.013
    86.270    -0.037     0.019    -0.015
    86.280    -0.033     0.015    -0.019
    86.290    -0.036     0.017    -0.021
    86.300    -0.039     0.005    -0.015
    86.310    -0.045     0.006    -0.018
    86.320    -0.038     0.002    -0.021
    86.330    -0.023     0.002    -0.014
    86.340    -0.010     0.000    -0.006
    86.350     0.003    -0.009    -0.007
    86.360     0.001    -0.011    -0.007
    86.370     0.007    -0.011     0.005
    86.380     0.012     0.005     0.021
    86.390     0.018     0.002     0.045
    86.400     0.029    -0.001     0.065
    86.410     0.033     0.014     0.077
    86.420     0.048     0.029     0.089
    86.430     0.047     0.040     0.101
    86.440     0.043     0.038     0.106
    86.450     0.042     0.052     0.105
    86.460     0.035     0.061     0.113
    86.470     0.034     0.067     0.117
    86.480     0.031     0.078     0.113
    86.490     0.036     0.083     0.106
    86.500     0.042     0.090     0.094
    86.510     0.034     0.100     0.084
    86.520     0.026     0.101     0.074
    86.530     0.025     0.103     0.064
    86.540     0.022     0.100     0.063
    86.550     0.018     0.085     0.061
    86.560     0.010     0.072     0.053
    86.570     0.010     0.049     0.043
    86.580     0.014     0.038     0.033
    86.590     0.005     0.023     0.022
    86.600     0.005    -0.015     0.002
    86.610     0.009    -0.040    -0.018
    86.620    -0.001    -0.058    -0.040
    86.630    -0.005    -0.081    -0.059
    86.640    -0.006    -0.111    -0.076
    86.650     0.000    -0.127    -0.089
    86.660     0.011    -0.130    -0.093
    86.670     0.020    -0.146    -0.103
    86.680     0.034    -0.164    -0.102
    86.690     0.035    -0.149    -0.109
    86.700     0.031    -0.139    -0.112
    86.710     0.032    -0.138    -0.104
    86.720     0.026    -0.108    -0.109
    86.730     0.020    -0.090    -0.102
    86.740     0.009    -0.069    -0.107
    86.750    -0.001    -0.063    -0.110
    86.760    -0.011    -0.061    -0.110
    86.770    -0.030    -0.042    -0.118
    86.780    -0.027    -0.061    -0.119
    86.790    -0.035    -0.047    -0.120
    86.800    -0.042    -0.034    -0.112
    86.810    -0.031    -0.034    -0.110
    86.820    -0.021    -0.017    -0.105
    86.830     0.007    -0.015    -0.102
    86.840     0.019     0.004    -0.090
    86.850     0.026    -0.001    -0.077
    86.860     0.028    -0.001    -0.081
    86.870     0.020     0.011    -0.073
    86.880     0.019     0.005    -0.066
    86.890     0.013     0.009    -0.053
    86.900     0.006     0.014    -0.046
    86.910    -0.002     0.014    -0.045
    86.920    -0.004     0.018    -0.034
    86.930    -0.007     0.025    -0.032
    86.940    -0.012     0.026    -0.029
    86.950    -0.024     0.042    -0.021
    86.960    -0.031     0.041    -0.010
    86.970    -0.033     0.046    -0.005
    86.980    -0.045     0.052    -0.001
    86.990    -0.048     0.037     0.003
    87.000    -0.056     0.039    -0.002
    87.010    -0.061     0.015    -0.002
    87.020    -0.070     0.004     0.003
    87.030    -0.069    -0.020     0.007
    87.040    -0.051    -0.050     0.010
    87.050    -0.042    -0.050     0.016
    87.060    -0.025    -0.064     0.024
    87.070    -0.007    -0.059     0.023
    87.080     0.018    -0.059     0.022
    87.090     0.041    -0.047     0.024
    87.100     0.054    -0.026     0.025
    87.110     0.070    -0.027     0.025
    87.120     0.071    -0.006     0.029
    87.130     0.062     0.014     0.031
    87.140     0.050     0.020     0.037
    87.150     0.039     0.024     0.045
    87.160     0.019     0.027     0.039
    87.170     0.005     0.034     0.034
    87.180    -0.001     0.030     0.033
    87.190    -0.015     0.025     0.030
    87.200    -0.016     0.036     0.022
    87.210    -0.010     0.040     0.013
    87.220    -0.001     0.043     0.002
    87.230     0.001     0.061    -0.012
    87.240     0.005     0.069    -0.020
    87.250     0.010     0.079    -0.029
    87.260     0.001     0.079    -0.035
    87.270    -0.004     0.081    -0.041
    87.280    -0.001     0.078    -0.038
    87.290    -0.004     0.063    -0.033
    87.300    -0.012     0.075    -0.036
    87.310    -0.019     0.065    -0.041
    87.320    -0.027     0.059    -0.052
    87.330    -0.033     0.061    -0.055
    87.340    -0.035     0.058    -0.056
    87.350    -0.033     0.072    -0.054
    87.360    -0.030     0.066    -0.046
    87.370    -0.024     0.069    -0.036
    87.380    -0.015     0.074    -0.022
    87.390    -0.013     0.080    -0.007
    87.400    -0.008     0.079     0.018
    87.410    -0.011     0.072     0.033
    87.420    -0.012     0.076     0.047
    87.430    -0.010     0.061     0.063
    87.440    -0.021     0.049     0.071
    87.450    -0.022     0.034     0.076
    87.460    -0.025     0.015     0.069
    87.470    -0.029    -0.010     0.066
    87.480    -0.026    -0.028     0.057
    87.490    -0.031    -0.037     0.056
    87.500    -0.030    -0.061     0.058
    87.510    -0.036    -0.074     0.053
    87.520    -0.042    -0.081     0.059
    87.530    -0.043    -0.078     0.056
    87.540    -0.045    -0.080     0.054
    87.550    -0.039    -0.082     0.054
    87.560    -0.041    -0.068     0.052
    87.570    -0.044    -0.076     0.059
    87.580    -0.040    -0.073     0.063
    87.590    -0.039    -0.070     0.071
    87.600    -0.043    -0.070     0.064
    87.610    -0.048    -0.071     0.062
    87.620    -0.048    -0.084     0.064
    87.630    -0.046    -0.073     0.060
    87.640    -0.043    -0.080     0.064
    87.650    -0.038    -0.089     0.054
    87.660    -0.028    -0.081     0.046
    87.670    -0.024    -0.080     0.037
    87.680    -0.015    -0.079     0.027
    87.690    -0.003    -0.086     0.023
    87.700    -0.006    -0.079     0.012
    87.710     0.006    -0.078     0.005
    87.720     0.024    -0.080    -0.007
    87.730     0.031    -0.078    -0.015
    87.740     0.029    -0.069    -0.023
    87.750     0.025    -0.060    -0.035
    87.760     0.030    -0.063    -0.046
    87.770     0.025    -0.039    -0.057
    87.780     0.031    -0.026    -0.064
    87.790     0.039    -0.013    -0.076
    87.800     0.041     0.005    -0.083
    87.810     0.042     0.017    -0.092
    87.820     0.035     0.030    -0.095
    87.830     0.034     0.031    -0.093
    87.840     0.026     0.048    -0.095
    87.850     0.017     0.044    -0.086
    87.860     0.012     0.042    -0.085
    87.870     0.005     0.048    -0.076
    87.880     0.010     0.033    -0.069
    87.890     0.010     0.043    -0.067
    87.900     0.021     0.038    -0.048
    87.910     0.031     0.041    -0.040
    87.920     0.031     0.041    -0.030
    87.930     0.036     0.025    -0.023
    87.940     0.034     0.018    -0.016
    87.950     0.034     0.001    -0.008
    87.960     0.039     0.006    -0.005
    87.970     0.046    -0.005     0.011
    87.980     0.049    -0.017     0.027
    87.990     0.047    -0.018     0.041
    88.000     0.046    -0.020     0.052
    88.010     0.036    -0.024     0.063
    88.020     0.024    -0.037     0.073
    88.030     0.021    -0.021     0.078
    88.040     0.017    -0.025     0.078
    88.050     0.013    -0.026     0.077
    88.060     0.017    -0.023     0.073
    88.070     0.010    -0.036     0.066
    88.080     0.003    -0.034     0.069
    88.090    -0.001    -0.043     0.066
    88.100    -0.008    -0.031     0.063
    88.110    -0.002    -0.027     0.067
    88.120     0.003    -0.033     0.067
    88.130     0.007    -0.019     0.074
    88.140     0.006    -0.008     0.076
    88.150     0.001     0.003     0.080
    88.160     0.002     0.004     0.090
    88.170    -0.001     0.021     0.091
    88.180     0.000     0.042     0.088
    88.190     0.008     0.046     0.079
    88.200     0.010     0.061     0.073
    88.210     0.008     0.081     0.065
    88.220     0.014     0.088     0.059
    88.230     0.023     0.095     0.054
    88.240     0.025     0.106     0.047
    88.250     0.011     0.097     0.048
    88.260     0.000     0.085     0.048
    88.270     0.000     0.075     0.052
    88.280    -0.011     0.073     0.051
    88.290    -0.008     0.075     0.050
    88.300     0.004     0.073     0.053
    88.310     0.004     0.083     0.051
    88.320     0.005     0.081     0.045
    88.330     0.004     0.078     0.035
    88.340     0.005     0.073     0.030
    88.350    -0.004     0.073     0.028
    88.360    -0.009     0.078     0.022
    88.370    -0.012     0.062     0.011
    88.380    -0.021     0.058     0.005
    88.390    -0.019     0.057     0.000
    88.400    -0.020     0.038    -0.016
    88.410    -0.024     0.027    -0.036
    88.420    -0.025     0.008    -0.057
    88.430    -0.025    -0.013    -0.075
    88.440    -0.022    -0.031    -0.089
    88.450    -0.019    -0.062    -0.100
    88.460    -0.021    -0.074    -0.109
    88.470    -0.019    -0.101    -0.122
    88.480    -0.014    -0.127    -0.134
    88.490    -0.015    -0.124    -0.147
    88.500    -0.006    -0.139    -0.154
    88.510    -0.003    -0.131    -0.155
    88.520    -0.003    -0.125    -0.156
    88.530    -0.001    -0.116    -0.149
    88.540    -0.001    -0.096    -0.139
    88.550     0.000    -0.097    -0.127
    88.560    -0.014    -0.075    -0.111
    88.570    -0.019    -0.065    -0.100
    88.580    -0.026    -0.064    -0.089
    88.590    -0.039    -0.058    -0.077
    88.600    -0.043    -0.060    -0.068
    88.610    -0.048    -0.048    -0.063
    88.620    -0.046    -0.040    -0.066
    88.630    -0.043    -0.027    -0.065
    88.640    -0.031    -0.019    -0.058
    88.650    -0.020    -0.016    -0.048
    88.660    -0.018    -0.009    -0.034
    88.670    -0.007    -0.001    -0.016
    88.680     0.004     0.017     0.009
    88.690     0.014     0.034     0.031
    88.700     0.026     0.049     0.050
    88.710     0.032     0.059     0.065
    88.720     0.026     0.075     0.070
    88.730     0.017     0.083     0.074
    88.740     0.008     0.075     0.072
    88.750    -0.002     0.073     0.070
    88.760    -0.007     0.081     0.066
    88.770    -0.008     0.081     0.063
    88.780    -0.015     0.068     0.068
    88.790    -0.025     0.067     0.063
    88.800    -0.019     0.066     0.057
    88.810    -0.014     0.054     0.052
    88.820    -0.012     0.052     0.039
    88.830    -0.014     0.052     0.022
    88.840    -0.020     0.039     0.010
    88.850    -0.026     0.026     0.005
    88.860    -0.036     0.032     0.004
    88.870    -0.038     0.030     0.008
    88.880    -0.032     0.015     0.015
    88.890    -0.022     0.010     0.021
    88.900    -0.016     0.010     0.024
    88.910    -0.010    -0.005     0.026
    88.920    -0.006    -0.021     0.028
    88.930    -0.005    -0.029     0.028
    88.940     0.000    -0.035     0.028
    88.950     0.007    -0.038     0.032
    88.960     0.012    -0.043     0.034
    88.970     0.019    -0.035     0.030
    88.980     0.026    -0.039     0.023
    88.990     0.022    -0.048     0.022
    89.000     0.017    -0.036     0.019
    89.010     0.010    -0.037     0.014
    89.020     0.002    -0.043     0.014
    89.030     0.005    -0.042     0.012
    89.040     0.009    -0.038     0.011
    89.050     0.017    -0.041     0.013
    89.060     0.022    -0.043     0.018
    89.070     0.025    -0.041     0.017
    89.080     0.021    -0.041     0.015
    89.090     0.018    -0.032     0.022
    89.100     0.024    -0.034     0.027
    89.110     0.018    -0.032     0.037
    89.120     0.010    -0.025     0.052
    89.130     0.004    -0.032     0.061
    89.140    -0.004    -0.032     0.066
    89.150    -0.004    -0.026     0.069
    89.160    -0.006    -0.015     0.073
    89.170    -0.007    -0.010     0.074
    89.180     0.000    -0.005     0.076
    89.190     0.001     0.005     0.078
    89.200    -0.001     0.015     0.071
    89.210    -0.005     0.020     0.066
    89.220    -0.009     0.018     0.064
    89.230    -0.014     0.018     0.058
    89.240    -0.015     0.002     0.054
    89.250    -0.013    -0.014     0.053
    89.260    -0.021    -0.036     0.055
    89.270    -0.025    -0.052     0.055
    89.280    -0.023    -0.056     0.059
    89.290    -0.019    -0.066     0.069
    89.300    -0.010    -0.049     0.074
    89.310    -0.007    -0.041     0.079
    89.320     0.003    -0.034     0.081
    89.330     0.010    -0.011     0.075
    89.340     0.005     0.003     0.065
    89.350     0.008     0.019     0.052
    89.360     0.004     0.016     0.038
    89.370     0.001     0.026     0.023
    89.380    -0.008     0.045     0.005
    89.390    -0.009     0.052    -0.005
    89.400    -0.002     0.067    -0.012
    89.410    -0.001     0.068    -0.025
    89.420     0.007     0.074    -0.033
    89.430     0.012     0.069    -0.039
    89.440     0.023     0.072    -0.046
    89.450     0.028     0.097    -0.054
    89.460     0.028     0.084    -0.063
    89.470     0.034     0.094    -0.076
    89.480     0.040     0.102    -0.088
    89.490     0.052     0.088    -0.085
    89.500     0.059     0.079    -0.078
    89.510     0.065     0.055    -0.072
    89.520     0.061     0.043    -0.057
    89.530     0.040     0.022    -0.040
    89.540     0.026     0.006    -0.019
    89.550     0.020     0.008    -0.003
    89.560     0.011     0.006     0.002
    89.570     0.016     0.013     0.012
    89.580     0.023     0.018     0.022
    89.590     0.025     0.026     0.032
    89.600     0.018     0.040     0.037
    89.610     0.006     0.043     0.040
    89.620     0.003     0.055     0.045
    89.630    -0.012     0.067     0.047
    89.640    -0.021     0.071     0.055
    89.650    -0.017     0.079     0.063
    89.660    -0.027     0.081     0.069
    89.670    -0.031     0.093     0.066
    89.680    -0.027     0.102     0.059
    89.690    -0.021     0.107     0.057
    89.700    -0.017     0.116     0.048
    89.710    -0.017     0.106     0.035
    89.720    -0.008     0.093     0.024
    89.730    -0.006     0.076     0.014
    89.740    -0.013     0.049     0.000
    89.750    -0.004     0.031    -0.013
    89.760     0.006     0.004    -0.020
    89.770     0.014    -0.029    -0.024
    89.780     0.023    -0.055    -0.024
    89.790     0.030    -0.072    -0.026
    89.800     0.032    -0.079    -0.024
    89.810     0.031    -0.098    -0.021
    89.820     0.033    -0.110    -0.023
    89.830     0.039    -0.107    -0.027
    89.840     0.033    -0.109    -0.035
    89.850     0.025    -0.116    -0.046
    89.860     0.021    -0.112    -0.059
    89.870     0.010    -0.107    -0.064
    89.880    -0.003    -0.108    -0.069
    89.890    -0.015    -0.100    -0.064
    89.900    -0.018    -0.099    -0.047
    89.910    -0.025    -0.091    -0.038
    89.920    -0.029    -0.071    -0.022
    89.930    -0.026    -0.054    -0.007
    89.940    -0.028    -0.027     0.000
    89.950    -0.021    -0.012     0.010
    89.960    -0.019     0.011     0.010
    89.970    -0.014     0.030     0.013
    89.980    -0.006     0.030     0.007
    89.990    -0.005     0.053    -0.006
