#Earthquake Information
#Origin Time(GMT+08): 2026/09/14-06:44:41
#EpicenterLongitude(E): 121.55
#EpicenterLatitude(N): 22.63
#Depth(km): 10.1
#Magnitude(Ml): 4.9

#Station Information
#StationCode: SCS
#StationName: Qishan
#StationLongitude(E): 120.494
#StationLatitude(N): 22.886
#InstrumentKind: FBA
#StartTime(GMT+08): 2026/09/14-06:44:30.000
#RecordLength(sec): 90
#SampleRate(Hz): 100
#AmplitudeUnit:  gal. DCoffset(corr)
#AmplitudeMAX. U:    0.498~   -0.724
#AmplitudeMAX. N:    0.886~   -0.946
#AmplitudeMAX. E:    0.807~   -0.755
#DataSequence: Time U(+); N(+); E(+)
#Data: 4F10.3 
     0.000     0.000     0.006     0.002
     0.010     0.000     0.002     0.001
     0.020    -0.001     0.002    -0.002
     0.030    -0.002     0.002    -0.002
     0.040    -0.004     0.001    -0.004
     0.050    -0.001     0.003    -0.009
     0.060    -0.001     0.004    -0.007
     0.070    -0.003     0.002    -0.007
     0.080    -0.002     0.001    -0.007
     0.090     0.000     0.003    -0.007
     0.100    -0.002     0.005    -0.004
     0.110    -0.001     0.006    -0.002
     0.120     0.001     0.004    -0.001
     0.130    -0.003     0.000     0.003
     0.140    -0.002    -0.003     0.005
     0.150    -0.002    -0.006     0.008
     0.160    -0.005    -0.009     0.009
     0.170    -0.003    -0.011     0.006
     0.180     0.000    -0.010     0.006
     0.190     0.003    -0.004     0.006
     0.200     0.004    -0.005     0.007
     0.210     0.006    -0.005     0.002
     0.220     0.005    -0.004     0.001
     0.230     0.001    -0.006     0.004
     0.240     0.000    -0.004     0.001
     0.250    -0.001    -0.004     0.002
     0.260    -0.002    -0.002     0.002
     0.270    -0.003    -0.002     0.000
     0.280    -0.002    -0.001    -0.003
     0.290    -0.004     0.002    -0.003
     0.300    -0.006     0.004    -0.001
     0.310    -0.006     0.005    -0.004
     0.320    -0.005     0.008    -0.003
     0.330    -0.005     0.008    -0.001
     0.340    -0.006     0.007    -0.005
     0.350    -0.004     0.009    -0.007
     0.360    -0.003     0.006    -0.005
     0.370    -0.004     0.006    -0.006
     0.380     0.000     0.007    -0.007
     0.390     0.001     0.006    -0.006
     0.400     0.001     0.004    -0.005
     0.410     0.002     0.001    -0.003
     0.420     0.003     0.003     0.000
     0.430     0.001     0.001     0.000
     0.440     0.000    -0.002    -0.001
     0.450     0.002    -0.001     0.000
     0.460     0.002    -0.001     0.003
     0.470    -0.001    -0.003     0.001
     0.480    -0.001    -0.004    -0.004
     0.490     0.000    -0.003    -0.002
     0.500    -0.004    -0.003     0.002
     0.510    -0.003    -0.003    -0.001
     0.520    -0.003    -0.005     0.000
     0.530    -0.004    -0.003     0.003
     0.540     0.000     0.001     0.004
     0.550    -0.002     0.003     0.002
     0.560    -0.005     0.004     0.001
     0.570    -0.005     0.003     0.000
     0.580    -0.005     0.006    -0.003
     0.590    -0.004     0.006    -0.004
     0.600    -0.003     0.007    -0.003
     0.610     0.001     0.006    -0.002
     0.620     0.003     0.007    -0.001
     0.630     0.002     0.006     0.001
     0.640     0.001     0.001    -0.001
     0.650    -0.002     0.001    -0.001
     0.660    -0.003     0.000     0.002
     0.670    -0.003    -0.003     0.003
     0.680    -0.003    -0.002     0.005
     0.690    -0.002    -0.003     0.003
     0.700    -0.001    -0.005     0.003
     0.710    -0.002    -0.006     0.004
     0.720    -0.003    -0.006     0.004
     0.730    -0.001    -0.006     0.004
     0.740     0.000    -0.005     0.000
     0.750     0.001    -0.005    -0.002
     0.760     0.001    -0.007     0.002
     0.770     0.001    -0.006     0.001
     0.780     0.003    -0.006    -0.001
     0.790     0.002    -0.006     0.000
     0.800     0.001    -0.005    -0.002
     0.810     0.001    -0.001    -0.002
     0.820    -0.001     0.000    -0.002
     0.830    -0.004    -0.002    -0.002
     0.840    -0.004    -0.002     0.000
     0.850    -0.003    -0.001    -0.003
     0.860    -0.006     0.001    -0.002
     0.870    -0.008     0.002     0.002
     0.880    -0.005     0.005     0.001
     0.890    -0.005     0.005     0.003
     0.900    -0.006     0.006     0.000
     0.910    -0.003     0.004    -0.001
     0.920    -0.002     0.003     0.001
     0.930    -0.003     0.003     0.000
     0.940    -0.002     0.002     0.001
     0.950     0.000     0.005    -0.003
     0.960    -0.002     0.004    -0.004
     0.970    -0.003     0.003     0.000
     0.980    -0.002     0.006    -0.003
     0.990    -0.003     0.004    -0.002
     1.000     0.000     0.009    -0.002
     1.010     0.001     0.009    -0.001
     1.020     0.000     0.007     0.002
     1.030     0.000     0.007    -0.002
     1.040     0.000     0.000    -0.004
     1.050     0.003    -0.002    -0.007
     1.060     0.003    -0.004    -0.003
     1.070     0.003    -0.006     0.001
     1.080     0.003    -0.004    -0.001
     1.090     0.001    -0.001     0.001
     1.100     0.001     0.000     0.001
     1.110     0.002    -0.002    -0.001
     1.120     0.004    -0.002    -0.002
     1.130     0.002    -0.005    -0.003
     1.140     0.002    -0.011    -0.002
     1.150     0.002    -0.012    -0.003
     1.160    -0.003    -0.012    -0.002
     1.170    -0.006    -0.010     0.000
     1.180    -0.006    -0.006     0.002
     1.190    -0.006    -0.008     0.005
     1.200    -0.005    -0.007     0.005
     1.210    -0.003    -0.005     0.005
     1.220    -0.003    -0.003     0.005
     1.230    -0.005     0.000     0.006
     1.240    -0.005    -0.002     0.003
     1.250    -0.004     0.000     0.000
     1.260    -0.005     0.000     0.003
     1.270    -0.005     0.000     0.003
     1.280    -0.002     0.003     0.003
     1.290    -0.003     0.002     0.005
     1.300    -0.003     0.007     0.003
     1.310     0.001     0.007     0.001
     1.320     0.001     0.009     0.001
     1.330    -0.001     0.008     0.000
     1.340     0.000     0.002    -0.004
     1.350     0.002     0.002    -0.008
     1.360     0.004     0.000    -0.007
     1.370     0.004     0.001    -0.004
     1.380     0.004     0.005    -0.005
     1.390     0.000     0.008    -0.005
     1.400    -0.003     0.007    -0.006
     1.410    -0.001     0.004    -0.008
     1.420    -0.001     0.002    -0.007
     1.430    -0.003     0.000    -0.008
     1.440    -0.001    -0.002    -0.007
     1.450     0.001    -0.001    -0.004
     1.460    -0.001    -0.004    -0.002
     1.470    -0.002    -0.002    -0.001
     1.480     0.000     0.000    -0.002
     1.490     0.000    -0.001     0.001
     1.500    -0.001     0.000     0.001
     1.510     0.000    -0.001    -0.002
     1.520     0.002     0.001    -0.002
     1.530     0.001     0.002     0.000
     1.540     0.001     0.000    -0.003
     1.550     0.001     0.004    -0.005
     1.560     0.001     0.002    -0.003
     1.570     0.000     0.001    -0.003
     1.580    -0.002    -0.001    -0.001
     1.590    -0.004    -0.003     0.002
     1.600    -0.006    -0.004     0.002
     1.610    -0.005    -0.007     0.002
     1.620    -0.003    -0.004     0.000
     1.630    -0.004    -0.005     0.003
     1.640     0.000    -0.005     0.002
     1.650     0.002    -0.003     0.000
     1.660    -0.001    -0.005     0.002
     1.670    -0.003    -0.005    -0.001
     1.680    -0.003    -0.007     0.000
     1.690    -0.004    -0.007     0.002
     1.700    -0.003    -0.007     0.001
     1.710    -0.002    -0.007     0.002
     1.720    -0.002    -0.005     0.002
     1.730    -0.004    -0.005     0.003
     1.740    -0.004     0.000     0.004
     1.750    -0.004     0.004     0.004
     1.760    -0.005     0.005     0.007
     1.770    -0.005     0.006     0.005
     1.780    -0.004     0.006     0.003
     1.790    -0.003     0.008     0.001
     1.800     0.000     0.006     0.001
     1.810     0.001     0.006    -0.001
     1.820     0.001     0.006    -0.005
     1.830     0.001     0.006    -0.006
     1.840     0.002     0.006    -0.007
     1.850     0.002     0.004    -0.010
     1.860     0.001     0.003    -0.008
     1.870     0.002     0.001    -0.006
     1.880     0.002     0.001    -0.005
     1.890     0.000     0.003    -0.004
     1.900    -0.003     0.002    -0.005
     1.910     0.000     0.002    -0.003
     1.920     0.000     0.002    -0.001
     1.930     0.000    -0.001     0.000
     1.940     0.001    -0.004    -0.002
     1.950     0.002    -0.006    -0.003
     1.960     0.001    -0.006     0.000
     1.970     0.002    -0.006     0.003
     1.980     0.002    -0.004     0.004
     1.990     0.001    -0.001     0.008
     2.000     0.001     0.003     0.008
     2.010     0.001     0.003     0.007
     2.020    -0.001     0.001     0.004
     2.030    -0.002     0.000     0.002
     2.040    -0.004    -0.002     0.001
     2.050    -0.002    -0.005    -0.003
     2.060    -0.001    -0.004    -0.001
     2.070    -0.003    -0.005     0.000
     2.080    -0.002    -0.005    -0.003
     2.090    -0.004    -0.005     0.000
     2.100    -0.004    -0.003    -0.001
     2.110    -0.002     0.001    -0.006
     2.120    -0.005     0.003    -0.006
     2.130    -0.007     0.003    -0.006
     2.140    -0.005     0.000    -0.007
     2.150    -0.005     0.002    -0.004
     2.160    -0.005     0.004    -0.004
     2.170    -0.003     0.004    -0.004
     2.180     0.001     0.008    -0.002
     2.190     0.001     0.010    -0.002
     2.200     0.000     0.008    -0.002
     2.210     0.001     0.009    -0.003
     2.220     0.000     0.009     0.000
     2.230    -0.003     0.006     0.002
     2.240    -0.003     0.004    -0.001
     2.250    -0.003     0.001     0.002
     2.260    -0.003     0.003     0.005
     2.270     0.000     0.007     0.005
     2.280     0.001     0.003     0.005
     2.290     0.000     0.001     0.005
     2.300     0.001    -0.003     0.005
     2.310     0.002    -0.005     0.003
     2.320     0.001    -0.005     0.002
     2.330    -0.001    -0.009     0.005
     2.340     0.001    -0.012     0.002
     2.350     0.003    -0.013     0.000
     2.360     0.002    -0.010     0.002
     2.370     0.001    -0.009     0.000
     2.380     0.001    -0.007    -0.002
     2.390     0.002    -0.006    -0.002
     2.400     0.002    -0.004    -0.002
     2.410     0.001    -0.005    -0.002
     2.420     0.001    -0.005     0.000
     2.430    -0.001    -0.002    -0.001
     2.440    -0.004    -0.006    -0.003
     2.450    -0.002    -0.003    -0.001
     2.460    -0.004     0.001     0.001
     2.470    -0.004     0.002     0.000
     2.480     0.000     0.006    -0.001
     2.490    -0.004     0.007    -0.001
     2.500    -0.005     0.008    -0.002
     2.510    -0.002     0.011    -0.005
     2.520    -0.001     0.011    -0.005
     2.530    -0.001     0.013    -0.002
     2.540    -0.001     0.012    -0.004
     2.550     0.001     0.012    -0.006
     2.560    -0.001     0.010    -0.005
     2.570    -0.002     0.008    -0.005
     2.580    -0.002     0.011    -0.006
     2.590    -0.003     0.009    -0.006
     2.600    -0.003     0.006    -0.002
     2.610    -0.001     0.004    -0.001
     2.620    -0.002     0.002    -0.001
     2.630    -0.003     0.000     0.004
     2.640    -0.004    -0.004     0.002
     2.650    -0.001    -0.006     0.005
     2.660    -0.001    -0.008     0.006
     2.670    -0.003    -0.009     0.004
     2.680    -0.001    -0.009     0.007
     2.690    -0.004    -0.010     0.005
     2.700    -0.006    -0.012     0.005
     2.710    -0.003    -0.012     0.006
     2.720    -0.004    -0.010     0.006
     2.730    -0.004    -0.012     0.006
     2.740     0.001    -0.010     0.001
     2.750     0.002    -0.008     0.000
     2.760     0.001    -0.007     0.001
     2.770     0.001    -0.006    -0.001
     2.780     0.002    -0.006    -0.002
     2.790     0.002    -0.003     0.000
     2.800     0.003    -0.004     0.000
     2.810     0.004    -0.004    -0.003
     2.820     0.005    -0.001    -0.003
     2.830     0.004     0.002    -0.001
     2.840     0.004     0.005    -0.001
     2.850     0.003     0.007     0.000
     2.860     0.000     0.009     0.001
     2.870    -0.002     0.010     0.001
     2.880    -0.003     0.011    -0.001
     2.890    -0.007     0.010     0.000
     2.900    -0.005     0.007     0.001
     2.910    -0.002     0.006     0.001
     2.920    -0.002     0.002     0.002
     2.930    -0.003     0.001     0.002
     2.940    -0.003     0.000    -0.002
     2.950    -0.003    -0.001    -0.003
     2.960    -0.007    -0.005     0.003
     2.970    -0.006    -0.008     0.005
     2.980    -0.005    -0.004     0.004
     2.990    -0.007    -0.003     0.006
     3.000    -0.006    -0.003     0.005
     3.010    -0.004    -0.005     0.005
     3.020    -0.002    -0.003     0.003
     3.030    -0.003    -0.002     0.000
     3.040    -0.002     0.000    -0.003
     3.050     0.000     0.004    -0.005
     3.060    -0.004     0.006    -0.002
     3.070    -0.003     0.005    -0.001
     3.080     0.001     0.005    -0.002
     3.090     0.000     0.006    -0.003
     3.100     0.002     0.003    -0.003
     3.110     0.003     0.001    -0.005
     3.120     0.003     0.004    -0.008
     3.130     0.000     0.001    -0.005
     3.140     0.001    -0.001    -0.005
     3.150     0.003     0.001    -0.003
     3.160     0.000     0.000     0.001
     3.170     0.001    -0.002    -0.002
     3.180     0.000    -0.004    -0.002
     3.190    -0.003    -0.002    -0.002
     3.200    -0.005    -0.005    -0.003
     3.210    -0.006    -0.004    -0.002
     3.220    -0.005    -0.002     0.000
     3.230    -0.007    -0.005     0.002
     3.240    -0.007    -0.005     0.003
     3.250    -0.006    -0.003     0.004
     3.260    -0.007    -0.003     0.003
     3.270    -0.004    -0.002     0.001
     3.280    -0.001    -0.001     0.004
     3.290     0.000    -0.001     0.004
     3.300     0.000    -0.001     0.003
     3.310     0.003     0.000     0.004
     3.320     0.003     0.000     0.002
     3.330     0.001    -0.002     0.005
     3.340     0.000     0.000     0.005
     3.350    -0.001     0.000     0.002
     3.360    -0.004    -0.002     0.003
     3.370    -0.004    -0.005     0.002
     3.380    -0.002    -0.002     0.003
     3.390    -0.003    -0.001     0.004
     3.400    -0.004    -0.003     0.001
     3.410    -0.003    -0.002     0.004
     3.420    -0.002    -0.001     0.002
     3.430    -0.002     0.000     0.002
     3.440    -0.001    -0.001     0.003
     3.450     0.001     0.001     0.002
     3.460     0.001     0.002     0.005
     3.470     0.001     0.001     0.002
     3.480     0.002     0.004    -0.001
     3.490     0.003     0.006    -0.001
     3.500     0.004     0.007    -0.002
     3.510     0.004     0.010    -0.006
     3.520     0.002     0.011    -0.005
     3.530     0.000     0.010    -0.001
     3.540    -0.002     0.007    -0.003
     3.550    -0.002     0.009    -0.004
     3.560    -0.003     0.009    -0.005
     3.570    -0.004     0.006    -0.008
     3.580    -0.003     0.004    -0.010
     3.590    -0.004     0.000    -0.009
     3.600    -0.004    -0.002    -0.005
     3.610    -0.002    -0.003    -0.006
     3.620    -0.003    -0.002    -0.003
     3.630    -0.005    -0.003     0.000
     3.640    -0.004    -0.002     0.000
     3.650    -0.004     0.000     0.002
     3.660    -0.005    -0.001     0.002
     3.670    -0.008    -0.002     0.002
     3.680    -0.006    -0.002     0.004
     3.690    -0.005    -0.002     0.003
     3.700    -0.004    -0.003     0.004
     3.710    -0.001    -0.002     0.002
     3.720    -0.003    -0.002     0.002
     3.730    -0.004    -0.006     0.006
     3.740     0.000    -0.004     0.002
     3.750     0.002    -0.005     0.002
     3.760     0.002    -0.005     0.003
     3.770     0.005    -0.001    -0.001
     3.780     0.007     0.001     0.000
     3.790     0.006     0.003     0.000
     3.800     0.004     0.003     0.002
     3.810     0.001     0.005     0.003
     3.820    -0.001     0.005     0.003
     3.830    -0.001     0.005     0.006
     3.840     0.001     0.006     0.002
     3.850     0.000     0.005     0.001
     3.860    -0.002     0.001     0.002
     3.870    -0.004    -0.003     0.002
     3.880    -0.003    -0.006     0.002
     3.890    -0.007    -0.005     0.001
     3.900    -0.006    -0.009     0.001
     3.910    -0.001    -0.007     0.001
     3.920    -0.003    -0.003     0.002
     3.930    -0.001    -0.002     0.001
     3.940    -0.001    -0.002     0.000
     3.950    -0.003    -0.001     0.003
     3.960    -0.003     0.003     0.001
     3.970    -0.005     0.005     0.001
     3.980    -0.006     0.008    -0.001
     3.990    -0.008     0.007    -0.003
     4.000    -0.005     0.007    -0.005
     4.010    -0.003     0.011    -0.011
     4.020    -0.003     0.010    -0.011
     4.030    -0.002     0.013    -0.010
     4.040     0.001     0.012    -0.009
     4.050     0.003     0.010    -0.007
     4.060     0.003     0.008    -0.005
     4.070     0.003     0.002    -0.006
     4.080     0.004     0.003    -0.004
     4.090     0.002     0.000     0.002
     4.100     0.002     0.000     0.002
     4.110     0.003     0.003     0.001
     4.120     0.000     0.003     0.000
     4.130    -0.002     0.000     0.000
     4.140    -0.001    -0.001     0.003
     4.150    -0.001    -0.001     0.001
     4.160    -0.005    -0.003     0.002
     4.170    -0.006    -0.005     0.000
     4.180    -0.003    -0.005    -0.002
     4.190    -0.003    -0.005     0.001
     4.200    -0.002    -0.007    -0.002
     4.210    -0.001    -0.010     0.000
     4.220    -0.002    -0.009     0.004
     4.230    -0.004    -0.008     0.002
     4.240    -0.003    -0.004     0.006
     4.250    -0.002     0.000     0.007
     4.260    -0.004    -0.001     0.007
     4.270    -0.003     0.004     0.007
     4.280    -0.004     0.007     0.006
     4.290    -0.009     0.007     0.005
     4.300    -0.008     0.005     0.003
     4.310    -0.006     0.005     0.003
     4.320    -0.004     0.008     0.001
     4.330    -0.001     0.006     0.000
     4.340     0.002     0.004    -0.001
     4.350     0.003     0.007    -0.003
     4.360     0.002     0.005    -0.002
     4.370     0.001     0.001    -0.003
     4.380     0.001    -0.001    -0.005
     4.390     0.001    -0.002    -0.004
     4.400     0.003    -0.002    -0.006
     4.410     0.004    -0.002    -0.007
     4.420     0.003     0.000    -0.009
     4.430     0.003     0.001    -0.009
     4.440     0.000    -0.001    -0.008
     4.450    -0.002     0.002    -0.006
     4.460    -0.005     0.002    -0.001
     4.470    -0.005     0.003    -0.003
     4.480    -0.004     0.003    -0.003
     4.490    -0.007     0.002     0.001
     4.500    -0.005     0.001    -0.003
     4.510    -0.002    -0.001    -0.005
     4.520    -0.004     0.004    -0.004
     4.530    -0.006     0.002    -0.003
     4.540    -0.003     0.001    -0.003
     4.550    -0.002     0.002    -0.002
     4.560    -0.002    -0.004     0.001
     4.570     0.002    -0.003     0.001
     4.580     0.002    -0.001     0.002
     4.590    -0.001     0.001     0.004
     4.600    -0.002     0.001     0.003
     4.610     0.000    -0.001     0.001
     4.620     0.000     0.000     0.000
     4.630    -0.001    -0.002     0.003
     4.640     0.003    -0.002     0.004
     4.650     0.002    -0.001     0.003
     4.660    -0.002    -0.002     0.003
     4.670    -0.001    -0.001     0.003
     4.680    -0.002     0.002     0.002
     4.690    -0.006     0.002     0.003
     4.700    -0.009     0.000     0.002
     4.710    -0.005     0.000     0.000
     4.720    -0.004     0.004     0.000
     4.730    -0.003     0.005    -0.003
     4.740     0.001     0.006    -0.005
     4.750     0.001     0.007    -0.004
     4.760     0.001     0.007    -0.006
     4.770     0.001     0.005    -0.008
     4.780     0.001     0.004    -0.010
     4.790     0.001     0.003    -0.008
     4.800     0.000     0.002    -0.007
     4.810     0.000     0.000    -0.007
     4.820    -0.002    -0.002    -0.007
     4.830    -0.003    -0.006    -0.004
     4.840    -0.002    -0.006    -0.002
     4.850    -0.003    -0.005     0.000
     4.860    -0.005    -0.005     0.004
     4.870    -0.002    -0.003     0.005
     4.880    -0.001    -0.003     0.006
     4.890    -0.004    -0.002     0.007
     4.900     0.000    -0.002     0.007
     4.910     0.001    -0.001     0.008
     4.920    -0.002    -0.002     0.008
     4.930    -0.001    -0.003     0.006
     4.940    -0.002    -0.007     0.006
     4.950    -0.004    -0.007     0.004
     4.960    -0.005    -0.008     0.003
     4.970    -0.003    -0.010    -0.001
     4.980    -0.001    -0.007    -0.003
     4.990    -0.002    -0.006     0.001
     5.000     0.000    -0.003    -0.003
     5.010     0.001    -0.001    -0.001
     5.020    -0.001    -0.001    -0.001
     5.030     0.000     0.004    -0.002
     5.040     0.002     0.007    -0.001
     5.050     0.004     0.009    -0.004
     5.060     0.004     0.009    -0.003
     5.070     0.001     0.010    -0.005
     5.080    -0.001     0.010    -0.006
     5.090    -0.003     0.007    -0.004
     5.100    -0.001     0.007    -0.005
     5.110     0.001     0.005    -0.003
     5.120     0.000     0.004    -0.002
     5.130    -0.001     0.002     0.001
     5.140    -0.002     0.000     0.002
     5.150    -0.005     0.002    -0.001
     5.160    -0.009    -0.001     0.000
     5.170    -0.008    -0.002    -0.003
     5.180    -0.007    -0.001    -0.002
     5.190    -0.005    -0.001     0.000
     5.200    -0.004    -0.001    -0.003
     5.210    -0.003     0.000    -0.001
     5.220    -0.005     0.004     0.000
     5.230    -0.005     0.003     0.000
     5.240    -0.001     0.007    -0.004
     5.250     0.001     0.010    -0.006
     5.260     0.001     0.009    -0.003
     5.270     0.004     0.009    -0.006
     5.280     0.005     0.006    -0.001
     5.290     0.004     0.005     0.002
     5.300     0.002     0.006     0.005
     5.310     0.001     0.006     0.009
     5.320    -0.004     0.003     0.007
     5.330    -0.005     0.000     0.007
     5.340    -0.002    -0.002     0.000
     5.350    -0.001    -0.001    -0.001
     5.360    -0.001    -0.003     0.002
     5.370     0.000    -0.006     0.002
     5.380     0.000    -0.008     0.007
     5.390    -0.002    -0.008     0.006
     5.400    -0.001    -0.010     0.006
     5.410     0.001    -0.013     0.004
     5.420    -0.003    -0.012    -0.001
     5.430    -0.003    -0.012    -0.001
     5.440    -0.003    -0.009    -0.007
     5.450    -0.002    -0.003    -0.007
     5.460    -0.003    -0.001    -0.003
     5.470    -0.004    -0.002    -0.003
     5.480    -0.005    -0.002     0.000
     5.490    -0.008    -0.001    -0.003
     5.500    -0.008     0.001    -0.004
     5.510    -0.006     0.003    -0.006
     5.520    -0.006     0.005    -0.008
     5.530    -0.003     0.008    -0.005
     5.540     0.000     0.011    -0.004
     5.550    -0.001     0.013    -0.001
     5.560    -0.001     0.012     0.002
     5.570     0.002     0.012     0.003
     5.580     0.001     0.009     0.004
     5.590     0.000     0.007     0.002
     5.600     0.001     0.004     0.002
     5.610     0.003     0.001     0.000
     5.620     0.001     0.003     0.002
     5.630     0.000     0.002     0.004
     5.640     0.001     0.002     0.001
     5.650    -0.001     0.003     0.003
     5.660    -0.002     0.001     0.002
     5.670    -0.001     0.002    -0.001
     5.680    -0.003    -0.001     0.000
     5.690    -0.004    -0.002     0.001
     5.700    -0.002    -0.001    -0.001
     5.710     0.000     0.001    -0.002
     5.720    -0.003     0.001     0.000
     5.730    -0.003    -0.001    -0.003
     5.740     0.000     0.000    -0.004
     5.750    -0.002    -0.002    -0.002
     5.760    -0.003    -0.004    -0.002
     5.770    -0.005    -0.003    -0.005
     5.780    -0.003    -0.003    -0.005
     5.790    -0.002    -0.004    -0.004
     5.800    -0.003    -0.002    -0.005
     5.810    -0.003    -0.003    -0.003
     5.820    -0.004    -0.005    -0.004
     5.830    -0.003    -0.008    -0.004
     5.840    -0.003    -0.006    -0.004
     5.850    -0.003    -0.004    -0.001
     5.860    -0.002    -0.006     0.000
     5.870    -0.001    -0.007     0.001
     5.880    -0.001    -0.007     0.002
     5.890    -0.003    -0.009     0.002
     5.900    -0.001    -0.008     0.001
     5.910    -0.002    -0.008    -0.001
     5.920     0.000    -0.004     0.002
     5.930     0.000    -0.002     0.003
     5.940    -0.001    -0.002     0.003
     5.950    -0.003     0.000     0.005
     5.960    -0.007     0.001     0.002
     5.970    -0.005     0.002     0.002
     5.980    -0.004     0.002     0.003
     5.990    -0.002     0.003     0.001
     6.000     0.001     0.002     0.001
     6.010     0.003     0.002    -0.002
     6.020     0.004     0.003     0.001
     6.030     0.002     0.002     0.001
     6.040     0.003     0.004     0.000
     6.050     0.001     0.007     0.000
     6.060     0.001     0.007    -0.003
     6.070     0.000     0.003    -0.004
     6.080    -0.004     0.002    -0.004
     6.090    -0.005    -0.001    -0.003
     6.100    -0.004    -0.002    -0.001
     6.110    -0.002     0.000    -0.001
     6.120    -0.006    -0.003     0.002
     6.130    -0.005    -0.005     0.002
     6.140    -0.002    -0.005    -0.003
     6.150    -0.003     0.000    -0.002
     6.160    -0.004     0.001    -0.002
     6.170    -0.005    -0.001    -0.007
     6.180    -0.005     0.002    -0.008
     6.190    -0.007    -0.002    -0.006
     6.200    -0.004    -0.001    -0.006
     6.210    -0.001     0.000    -0.009
     6.220    -0.001     0.001    -0.008
     6.230     0.001     0.003    -0.007
     6.240     0.002     0.003    -0.007
     6.250     0.002     0.004    -0.003
     6.260    -0.001     0.000    -0.004
     6.270     0.001    -0.002    -0.005
     6.280     0.001     0.000     0.000
     6.290    -0.003    -0.001     0.003
     6.300    -0.002    -0.003     0.006
     6.310     0.000    -0.002     0.005
     6.320     0.000    -0.006     0.006
     6.330    -0.001    -0.010     0.006
     6.340     0.001    -0.011     0.004
     6.350     0.002    -0.010     0.004
     6.360     0.000    -0.009     0.005
     6.370    -0.001    -0.008     0.004
     6.380    -0.001    -0.005     0.003
     6.390    -0.001    -0.005     0.003
     6.400    -0.001    -0.004     0.001
     6.410     0.000    -0.001     0.000
     6.420    -0.003     0.001     0.000
     6.430    -0.008     0.002    -0.003
     6.440    -0.006     0.003    -0.003
     6.450    -0.005     0.004    -0.001
     6.460    -0.008     0.004    -0.001
     6.470    -0.006     0.006    -0.001
     6.480    -0.002     0.006    -0.002
     6.490    -0.003     0.006    -0.001
     6.500     0.001     0.005    -0.002
     6.510     0.003     0.005    -0.001
     6.520    -0.001     0.005     0.000
     6.530     0.001     0.002    -0.002
     6.540     0.003     0.002    -0.002
     6.550     0.001     0.002    -0.001
     6.560     0.000     0.003     0.000
     6.570     0.001     0.002     0.000
     6.580     0.001     0.001    -0.004
     6.590     0.000    -0.003     0.001
     6.600     0.001    -0.004     0.000
     6.610     0.001    -0.003    -0.002
     6.620    -0.004    -0.005     0.002
     6.630    -0.004    -0.004     0.001
     6.640    -0.004    -0.006     0.004
     6.650    -0.005    -0.003     0.002
     6.660    -0.003    -0.004     0.001
     6.670    -0.001    -0.003     0.002
     6.680     0.001     0.001     0.000
     6.690    -0.001    -0.001     0.001
     6.700     0.001    -0.001    -0.002
     6.710     0.001     0.000    -0.001
     6.720    -0.003     0.000     0.003
     6.730     0.000     0.001     0.002
     6.740     0.001     0.001     0.000
     6.750     0.001     0.003     0.002
     6.760     0.002     0.004     0.002
     6.770     0.003     0.005     0.000
     6.780     0.003     0.007     0.002
     6.790     0.002     0.007     0.001
     6.800     0.001     0.003     0.000
     6.810     0.001     0.006    -0.001
     6.820    -0.002     0.006    -0.003
     6.830    -0.005     0.006     0.003
     6.840     0.000     0.007     0.000
     6.850    -0.001     0.004     0.002
     6.860    -0.002     0.001     0.007
     6.870    -0.001    -0.002     0.005
     6.880    -0.002     0.001     0.007
     6.890    -0.002     0.002     0.004
     6.900    -0.002    -0.001     0.002
     6.910    -0.001     0.000     0.003
     6.920    -0.002     0.001    -0.001
     6.930    -0.001     0.001    -0.001
     6.940     0.001     0.001    -0.002
     6.950    -0.001     0.003     0.004
     6.960    -0.001     0.002     0.005
     6.970     0.000    -0.002     0.000
     6.980     0.002    -0.002     0.002
     6.990     0.001    -0.007    -0.001
     7.000     0.002    -0.007    -0.001
     7.010     0.005    -0.005    -0.001
     7.020     0.002    -0.005     0.000
     7.030     0.001    -0.003    -0.001
     7.040     0.002    -0.001    -0.003
     7.050     0.001     0.001     0.000
     7.060    -0.001    -0.002     0.001
     7.070    -0.002    -0.002     0.002
     7.080    -0.001    -0.003     0.002
     7.090    -0.004    -0.003     0.002
     7.100    -0.001    -0.001     0.002
     7.110     0.000    -0.001     0.000
     7.120    -0.002     0.001     0.002
     7.130     0.000     0.003     0.003
     7.140     0.004     0.007     0.002
     7.150     0.001     0.011     0.002
     7.160     0.000     0.011     0.002
     7.170     0.001     0.010    -0.001
     7.180     0.001     0.012     0.000
     7.190     0.000     0.011     0.003
     7.200    -0.003     0.008     0.001
     7.210    -0.002     0.007     0.001
     7.220    -0.004     0.006     0.002
     7.230    -0.002     0.006     0.000
     7.240     0.001     0.007     0.001
     7.250     0.000     0.006     0.002
     7.260     0.001     0.006     0.002
     7.270     0.003     0.004     0.000
     7.280     0.002     0.003    -0.001
     7.290     0.002    -0.001     0.000
     7.300     0.001    -0.004    -0.001
     7.310     0.001    -0.005     0.000
     7.320     0.000    -0.004     0.002
     7.330     0.000    -0.004     0.002
     7.340     0.000    -0.006     0.000
     7.350    -0.001    -0.005     0.001
     7.360    -0.003    -0.004     0.003
     7.370    -0.005    -0.006     0.000
     7.380    -0.004    -0.006     0.000
     7.390    -0.003    -0.005     0.002
     7.400    -0.003    -0.003     0.000
     7.410    -0.001    -0.001    -0.001
     7.420    -0.004     0.000    -0.001
     7.430    -0.006     0.000    -0.003
     7.440    -0.003     0.002    -0.003
     7.450    -0.001     0.006    -0.002
     7.460     0.001     0.005    -0.003
     7.470     0.003     0.004    -0.005
     7.480     0.005     0.004    -0.002
     7.490     0.003     0.000    -0.002
     7.500     0.001    -0.001    -0.002
     7.510     0.003     0.000     0.000
     7.520     0.002    -0.001     0.000
     7.530     0.001     0.001     0.002
     7.540     0.004     0.002     0.002
     7.550     0.001     0.002     0.004
     7.560     0.000     0.002     0.006
     7.570    -0.001     0.000     0.002
     7.580    -0.003     0.001     0.001
     7.590    -0.002     0.001     0.004
     7.600    -0.003     0.000     0.001
     7.610    -0.002     0.002    -0.001
     7.620    -0.002     0.002    -0.002
     7.630    -0.005    -0.003    -0.003
     7.640    -0.005    -0.001    -0.004
     7.650    -0.004     0.003    -0.003
     7.660    -0.005     0.003    -0.002
     7.670    -0.003     0.001    -0.003
     7.680    -0.002     0.003    -0.003
     7.690    -0.001     0.004    -0.005
     7.700     0.001     0.006    -0.006
     7.710     0.003     0.008    -0.003
     7.720     0.000     0.008     0.001
     7.730     0.000     0.007     0.001
     7.740     0.002     0.005     0.002
     7.750     0.000     0.005     0.005
     7.760     0.001     0.002     0.003
     7.770     0.003     0.002     0.001
     7.780     0.002     0.003     0.001
     7.790     0.002    -0.002     0.002
     7.800     0.000    -0.001     0.000
     7.810     0.001     0.001    -0.002
     7.820     0.001     0.000     0.001
     7.830     0.000    -0.001     0.001
     7.840     0.001    -0.003    -0.001
     7.850    -0.001    -0.004     0.000
     7.860    -0.003    -0.007    -0.001
     7.870    -0.004    -0.006    -0.002
     7.880    -0.006    -0.004    -0.002
     7.890    -0.006    -0.006    -0.003
     7.900    -0.003    -0.004    -0.001
     7.910    -0.003     0.000    -0.002
     7.920    -0.001    -0.001    -0.003
     7.930     0.001    -0.004    -0.003
     7.940     0.001    -0.004    -0.005
     7.950     0.004    -0.003    -0.003
     7.960    -0.001    -0.002    -0.003
     7.970    -0.004    -0.004    -0.004
     7.980    -0.004    -0.003    -0.001
     7.990    -0.005    -0.004     0.001
     8.000    -0.001    -0.005     0.003
     8.010    -0.002    -0.002     0.003
     8.020    -0.004    -0.001     0.005
     8.030    -0.001    -0.002     0.005
     8.040     0.001     0.002     0.004
     8.050     0.003     0.004     0.005
     8.060     0.002     0.007     0.003
     8.070     0.002     0.008     0.002
     8.080     0.003     0.009     0.005
     8.090    -0.002     0.009     0.005
     8.100    -0.001     0.005     0.005
     8.110    -0.002     0.002     0.002
     8.120    -0.003     0.001     0.001
     8.130    -0.001     0.002     0.000
     8.140     0.000     0.001    -0.002
     8.150     0.001     0.002     0.001
     8.160     0.001     0.004     0.001
     8.170     0.002     0.006    -0.002
     8.180     0.003     0.007    -0.003
     8.190     0.000     0.007    -0.006
     8.200     0.001     0.005    -0.009
     8.210     0.002     0.005    -0.008
     8.220    -0.002     0.004    -0.004
     8.230    -0.005     0.003    -0.006
     8.240    -0.002     0.004    -0.003
     8.250    -0.003     0.001     0.001
     8.260    -0.006     0.000     0.000
     8.270    -0.003     0.000    -0.001
     8.280    -0.002    -0.004    -0.003
     8.290    -0.004    -0.011     0.000
     8.300    -0.002    -0.012    -0.002
     8.310    -0.001    -0.008    -0.001
     8.320    -0.002    -0.005     0.002
     8.330    -0.001    -0.004     0.002
     8.340     0.002    -0.002     0.002
     8.350     0.000    -0.001     0.001
     8.360    -0.001    -0.002     0.000
     8.370     0.000    -0.003    -0.004
     8.380     0.001    -0.003    -0.004
     8.390     0.001    -0.007    -0.001
     8.400     0.001    -0.008     0.001
     8.410     0.000    -0.003     0.002
     8.420    -0.002     0.002     0.002
     8.430    -0.005     0.003     0.001
     8.440    -0.003     0.005     0.003
     8.450    -0.004     0.007     0.002
     8.460    -0.003     0.003     0.001
     8.470    -0.003     0.003    -0.001
     8.480    -0.005     0.001     0.000
     8.490    -0.004    -0.001     0.002
     8.500     0.000    -0.002     0.000
     8.510    -0.001    -0.003     0.002
     8.520    -0.003    -0.003     0.003
     8.530    -0.003    -0.004    -0.001
     8.540     0.000    -0.002    -0.001
     8.550     0.002     0.001     0.004
     8.560     0.001    -0.001     0.004
     8.570     0.001    -0.001     0.000
     8.580    -0.001     0.000     0.001
     8.590    -0.003    -0.002     0.001
     8.600    -0.002     0.000     0.000
     8.610    -0.003     0.001     0.001
     8.620    -0.002     0.002    -0.002
     8.630    -0.001     0.003    -0.001
     8.640    -0.002     0.003    -0.002
     8.650    -0.002     0.003    -0.001
     8.660    -0.002     0.002     0.000
     8.670     0.002     0.003    -0.004
     8.680     0.001     0.005    -0.003
     8.690     0.000     0.002    -0.004
     8.700     0.002     0.000    -0.005
     8.710     0.003     0.001    -0.002
     8.720     0.001    -0.002    -0.003
     8.730    -0.001    -0.003    -0.003
     8.740    -0.001    -0.001    -0.001
     8.750    -0.001    -0.002     0.000
     8.760     0.001    -0.004    -0.001
     8.770     0.004     0.000    -0.002
     8.780     0.001     0.001    -0.001
     8.790    -0.001     0.001     0.000
     8.800     0.000     0.001    -0.001
     8.810    -0.001     0.002     0.002
     8.820    -0.002     0.000     0.002
     8.830    -0.004    -0.003     0.000
     8.840    -0.001    -0.002     0.003
     8.850    -0.003    -0.002     0.002
     8.860    -0.004    -0.003     0.002
     8.870    -0.001     0.000     0.001
     8.880    -0.005    -0.001     0.002
     8.890    -0.005     0.000     0.002
     8.900    -0.001     0.001    -0.001
     8.910     0.001     0.001     0.000
     8.920     0.000     0.001     0.001
     8.930     0.001     0.001     0.000
     8.940     0.005     0.003     0.002
     8.950     0.001     0.001     0.002
     8.960     0.000     0.000     0.002
     8.970     0.002     0.002    -0.001
     8.980     0.002     0.003    -0.002
     8.990     0.001     0.003    -0.002
     9.000     0.000     0.004     0.000
     9.010     0.001     0.002     0.000
     9.020    -0.001     0.000     0.001
     9.030     0.001     0.000     0.002
     9.040     0.000     0.000     0.001
     9.050    -0.001    -0.001     0.003
     9.060     0.001    -0.001     0.005
     9.070    -0.001     0.003     0.003
     9.080    -0.002     0.004     0.003
     9.090    -0.005    -0.001     0.002
     9.100    -0.001     0.001    -0.001
     9.110     0.001     0.001    -0.004
     9.120     0.001    -0.002    -0.004
     9.130     0.003    -0.001    -0.003
     9.140     0.002    -0.002    -0.001
     9.150     0.000    -0.003     0.003
     9.160    -0.003    -0.005     0.004
     9.170    -0.001    -0.005    -0.003
     9.180    -0.002    -0.003    -0.003
     9.190    -0.005    -0.002    -0.002
     9.200    -0.001    -0.002    -0.003
     9.210    -0.004     0.000     0.000
     9.220    -0.005    -0.002     0.001
     9.230    -0.001    -0.003    -0.002
     9.240     0.000    -0.002    -0.001
     9.250     0.001    -0.002    -0.001
     9.260     0.000     0.000    -0.001
     9.270     0.003     0.001     0.000
     9.280     0.003    -0.001     0.003
     9.290     0.000     0.002     0.007
     9.300     0.001     0.005     0.004
     9.310    -0.001     0.003     0.004
     9.320    -0.002     0.004     0.003
     9.330     0.000     0.002    -0.001
     9.340    -0.001     0.003    -0.001
     9.350    -0.002     0.002    -0.003
     9.360    -0.002    -0.003    -0.003
     9.370     0.000    -0.001    -0.002
     9.380     0.001    -0.002    -0.002
     9.390     0.000    -0.001    -0.001
     9.400     0.002     0.001    -0.005
     9.410     0.003     0.000    -0.004
     9.420     0.000     0.004    -0.002
     9.430     0.000     0.002    -0.002
     9.440     0.000     0.005     0.000
     9.450    -0.002     0.004     0.001
     9.460    -0.002     0.001     0.002
     9.470     0.000     0.003     0.002
     9.480    -0.002     0.001     0.003
     9.490    -0.003     0.001     0.002
     9.500    -0.003     0.002     0.002
     9.510    -0.003     0.003     0.005
     9.520    -0.005    -0.002     0.007
     9.530    -0.005    -0.008     0.007
     9.540    -0.004    -0.007     0.005
     9.550    -0.005    -0.007     0.002
     9.560    -0.003    -0.004     0.000
     9.570     0.000    -0.002    -0.006
     9.580     0.002    -0.003    -0.006
     9.590     0.004    -0.004    -0.005
     9.600     0.004    -0.006    -0.006
     9.610     0.001    -0.005    -0.004
     9.620    -0.005    -0.005    -0.004
     9.630    -0.006    -0.005    -0.003
     9.640    -0.006    -0.002    -0.004
     9.650    -0.006    -0.001    -0.004
     9.660    -0.003     0.001    -0.003
     9.670     0.002     0.004    -0.002
     9.680     0.002     0.003     0.002
     9.690     0.002     0.003     0.002
     9.700     0.002     0.005     0.003
     9.710    -0.002     0.004     0.003
     9.720    -0.005     0.003     0.002
     9.730    -0.005    -0.002     0.002
     9.740    -0.001     0.000     0.001
     9.750    -0.002    -0.001     0.004
     9.760    -0.003    -0.002     0.004
     9.770    -0.001     0.001     0.001
     9.780    -0.003     0.000     0.005
     9.790    -0.002     0.000     0.003
     9.800     0.000     0.000    -0.002
     9.810     0.001     0.000    -0.002
     9.820     0.000    -0.001     0.000
     9.830    -0.001    -0.001    -0.001
     9.840     0.000     0.001    -0.004
     9.850    -0.004     0.001    -0.003
     9.860    -0.005     0.001    -0.002
     9.870    -0.001     0.004    -0.007
     9.880    -0.003     0.003    -0.004
     9.890    -0.005     0.001    -0.002
     9.900    -0.003     0.002     0.000
     9.910    -0.002     0.002     0.004
     9.920    -0.004     0.001     0.002
     9.930    -0.003    -0.001     0.003
     9.940    -0.003     0.000     0.002
     9.950    -0.002     0.000     0.000
     9.960    -0.001    -0.001     0.001
     9.970     0.000     0.003    -0.003
     9.980     0.001     0.004    -0.001
     9.990    -0.002     0.002     0.002
    10.000     0.000     0.003    -0.003
    10.010     0.002     0.002     0.002
    10.020    -0.001     0.001     0.002
    10.030     0.000     0.000    -0.001
    10.040     0.002    -0.001     0.003
    10.050     0.000    -0.001     0.001
    10.060    -0.001    -0.001    -0.001
    10.070    -0.001    -0.003    -0.003
    10.080    -0.001    -0.004    -0.004
    10.090    -0.004    -0.006    -0.001
    10.100    -0.003    -0.003     0.000
    10.110    -0.001     0.001    -0.001
    10.120    -0.004     0.002    -0.001
    10.130    -0.002     0.004    -0.002
    10.140    -0.002     0.002    -0.002
    10.150    -0.006     0.000     0.002
    10.160    -0.004    -0.002     0.001
    10.170    -0.002    -0.001     0.001
    10.180    -0.002     0.003     0.003
    10.190    -0.003     0.003     0.001
    10.200    -0.002     0.007     0.002
    10.210     0.000     0.007    -0.002
    10.220     0.001     0.003    -0.003
    10.230     0.001     0.004    -0.003
    10.240     0.000     0.002    -0.005
    10.250    -0.004     0.000    -0.001
    10.260    -0.006    -0.002    -0.002
    10.270    -0.005     0.001    -0.001
    10.280    -0.007     0.002     0.001
    10.290    -0.004     0.003     0.001
    10.300     0.001     0.007     0.003
    10.310     0.001     0.007     0.001
    10.320     0.002     0.003     0.002
    10.330     0.001     0.000     0.000
    10.340     0.000    -0.003    -0.002
    10.350    -0.002    -0.006     0.002
    10.360    -0.004    -0.007     0.003
    10.370    -0.003    -0.007     0.002
    10.380    -0.005    -0.005     0.002
    10.390     0.000    -0.002    -0.002
    10.400     0.006     0.004    -0.003
    10.410     0.002     0.007     0.001
    10.420     0.000     0.007     0.000
    10.430     0.001     0.000     0.000
    10.440     0.003     0.002    -0.002
    10.450     0.003     0.007    -0.001
    10.460     0.002     0.005     0.002
    10.470     0.000     0.003    -0.001
    10.480    -0.006    -0.002     0.002
    10.490    -0.007    -0.002    -0.003
    10.500    -0.002     0.001    -0.009
    10.510    -0.004    -0.001    -0.002
    10.520    -0.008    -0.003     0.001
    10.530    -0.007    -0.002    -0.001
    10.540    -0.004    -0.001    -0.001
    10.550    -0.003     0.000     0.001
    10.560    -0.003    -0.002     0.000
    10.570     0.000    -0.001    -0.001
    10.580    -0.001    -0.001    -0.003
    10.590    -0.004    -0.004    -0.002
    10.600    -0.002    -0.004     0.001
    10.610    -0.002     0.000     0.001
    10.620    -0.002    -0.001     0.005
    10.630    -0.001     0.001     0.002
    10.640     0.000     0.004     0.001
    10.650     0.002     0.004     0.004
    10.660     0.004     0.004     0.001
    10.670     0.005     0.004     0.006
    10.680     0.001     0.003     0.005
    10.690    -0.003    -0.003     0.004
    10.700    -0.003    -0.006     0.005
    10.710    -0.003    -0.004    -0.001
    10.720     0.000    -0.003    -0.001
    10.730     0.003     0.000    -0.003
    10.740     0.003     0.001    -0.002
    10.750     0.001    -0.001     0.005
    10.760    -0.002     0.000     0.003
    10.770     0.001     0.002     0.001
    10.780    -0.002     0.004     0.001
    10.790    -0.005    -0.002    -0.001
    10.800    -0.004    -0.004    -0.005
    10.810    -0.006    -0.003    -0.007
    10.820    -0.006    -0.006    -0.008
    10.830    -0.005    -0.004    -0.004
    10.840    -0.007    -0.002    -0.004
    10.850    -0.009     0.003    -0.002
    10.860    -0.006     0.007    -0.001
    10.870    -0.002     0.004    -0.006
    10.880     0.000     0.003    -0.003
    10.890     0.003     0.001     0.000
    10.900     0.005     0.001    -0.001
    10.910     0.002     0.003    -0.002
    10.920    -0.003     0.004    -0.002
    10.930    -0.004     0.004    -0.004
    10.940    -0.003     0.006    -0.003
    10.950    -0.004     0.005    -0.001
    10.960    -0.001     0.001    -0.003
    10.970     0.004     0.002    -0.003
    10.980     0.003     0.000    -0.003
    10.990     0.001    -0.002    -0.001
    11.000     0.003     0.001    -0.001
    11.010     0.001    -0.001    -0.002
    11.020    -0.002    -0.001     0.004
    11.030     0.000    -0.002     0.001
    11.040    -0.002    -0.001     0.003
    11.050    -0.001     0.001     0.004
    11.060     0.001     0.000     0.000
    11.070     0.000     0.002     0.003
    11.080     0.000     0.001    -0.001
    11.090    -0.001    -0.002     0.000
    11.100    -0.002    -0.001     0.003
    11.110    -0.003    -0.001     0.003
    11.120    -0.008    -0.001     0.006
    11.130    -0.007     0.000     0.002
    11.140    -0.005     0.002     0.003
    11.150    -0.004     0.004     0.004
    11.160    -0.002     0.004     0.002
    11.170    -0.002     0.003     0.001
    11.180    -0.001     0.002    -0.002
    11.190     0.000     0.001    -0.003
    11.200     0.003     0.001    -0.004
    11.210     0.004     0.001    -0.004
    11.220     0.001     0.000    -0.002
    11.230     0.002    -0.002    -0.008
    11.240     0.002    -0.001    -0.004
    11.250     0.002     0.003     0.001
    11.260     0.001     0.000     0.002
    11.270    -0.002     0.002     0.005
    11.280    -0.003     0.001     0.004
    11.290    -0.005    -0.002     0.002
    11.300    -0.002    -0.001     0.000
    11.310    -0.002    -0.003     0.002
    11.320    -0.003    -0.003     0.005
    11.330     0.000     0.001     0.000
    11.340     0.000     0.002    -0.001
    11.350     0.000     0.002    -0.002
    11.360     0.001     0.000    -0.004
    11.370     0.001    -0.001    -0.003
    11.380     0.000    -0.002    -0.002
    11.390    -0.002    -0.005    -0.001
    11.400    -0.002    -0.002    -0.004
    11.410    -0.006    -0.002    -0.002
    11.420    -0.008    -0.002    -0.001
    11.430    -0.002     0.001     0.000
    11.440     0.002    -0.001    -0.001
    11.450     0.002     0.003     0.000
    11.460     0.002     0.004     0.001
    11.470     0.003     0.006    -0.004
    11.480     0.000     0.007    -0.002
    11.490    -0.003     0.004    -0.002
    11.500     0.000     0.005    -0.004
    11.510    -0.001     0.005     0.003
    11.520    -0.001     0.005     0.003
    11.530    -0.001     0.004     0.004
    11.540    -0.003     0.004     0.005
    11.550    -0.002     0.003     0.006
    11.560    -0.001     0.003     0.007
    11.570     0.001     0.007     0.002
    11.580    -0.003     0.008     0.004
    11.590    -0.005     0.004     0.002
    11.600    -0.003     0.001    -0.002
    11.610    -0.003     0.003    -0.003
    11.620    -0.002     0.002    -0.005
    11.630     0.001     0.002    -0.006
    11.640     0.002     0.000    -0.003
    11.650     0.001    -0.001    -0.002
    11.660     0.003    -0.002    -0.003
    11.670     0.003    -0.003     0.000
    11.680     0.000    -0.002     0.003
    11.690     0.000    -0.002     0.002
    11.700     0.002    -0.003     0.000
    11.710     0.002    -0.005     0.000
    11.720     0.002    -0.007     0.004
    11.730     0.004    -0.003     0.005
    11.740     0.000     0.000     0.006
    11.750    -0.004    -0.003     0.006
    11.760    -0.002    -0.003     0.002
    11.770    -0.001    -0.001     0.004
    11.780     0.000     0.004     0.004
    11.790     0.001     0.005     0.003
    11.800     0.003     0.004     0.003
    11.810     0.002     0.003    -0.001
    11.820    -0.003     0.001     0.002
    11.830    -0.005     0.001     0.000
    11.840    -0.004     0.003    -0.003
    11.850    -0.005     0.001     0.001
    11.860    -0.003     0.000    -0.002
    11.870     0.001     0.001     0.002
    11.880     0.000     0.002     0.005
    11.890     0.001     0.003    -0.001
    11.900     0.002     0.004     0.001
    11.910     0.002     0.005    -0.001
    11.920     0.001     0.001    -0.002
    11.930     0.002     0.000     0.001
    11.940    -0.001    -0.002     0.000
    11.950    -0.005    -0.005     0.005
    11.960    -0.004     0.000     0.004
    11.970    -0.003     0.004    -0.001
    11.980    -0.004     0.008     0.005
    11.990    -0.004     0.008    -0.003
    12.000     0.001     0.004    -0.002
    12.010     0.002     0.003     0.002
    12.020     0.002    -0.002    -0.003
    12.030     0.001    -0.005     0.003
    12.040    -0.002    -0.005     0.000
    12.050    -0.001    -0.004     0.003
    12.060    -0.002    -0.002     0.004
    12.070     0.001     0.001    -0.004
    12.080     0.001     0.003     0.001
    12.090     0.001     0.005    -0.003
    12.100     0.003     0.007    -0.004
    12.110     0.002     0.007    -0.003
    12.120     0.003     0.003    -0.005
    12.130     0.002     0.002     0.001
    12.140     0.001     0.003     0.000
    12.150     0.001     0.000     0.004
    12.160     0.002     0.001     0.002
    12.170     0.002    -0.001     0.001
    12.180    -0.001     0.001     0.007
    12.190    -0.001     0.002     0.003
    12.200    -0.002     0.002     0.007
    12.210    -0.003     0.005     0.007
    12.220    -0.004     0.000     0.003
    12.230    -0.005    -0.001     0.004
    12.240    -0.004    -0.001    -0.003
    12.250    -0.001    -0.002     0.001
    12.260     0.004    -0.002    -0.002
    12.270     0.005    -0.004    -0.005
    12.280     0.005    -0.001    -0.001
    12.290     0.004    -0.001    -0.005
    12.300     0.002    -0.001    -0.001
    12.310     0.000     0.003    -0.001
    12.320    -0.004    -0.001     0.001
    12.330    -0.003     0.004     0.004
    12.340    -0.002     0.005    -0.004
    12.350    -0.003     0.004     0.002
    12.360     0.001     0.005    -0.001
    12.370     0.001     0.000    -0.002
    12.380    -0.004     0.002     0.008
    12.390    -0.005     0.003    -0.003
    12.400    -0.002     0.003     0.002
    12.410     0.001     0.005     0.003
    12.420     0.001    -0.002     0.002
    12.430     0.001    -0.004     0.009
    12.440    -0.001    -0.003     0.002
    12.450    -0.002    -0.004     0.006
    12.460    -0.001     0.000     0.002
    12.470     0.002    -0.004     0.000
    12.480     0.001    -0.005     0.007
    12.490    -0.001    -0.004    -0.001
    12.500    -0.002    -0.005     0.003
    12.510    -0.005    -0.001     0.000
    12.520    -0.005    -0.002    -0.003
    12.530    -0.002     0.003     0.000
    12.540     0.003     0.009    -0.006
    12.550     0.005     0.007     0.006
    12.560     0.008     0.009     0.003
    12.570     0.007     0.004    -0.003
    12.580     0.003     0.001     0.006
    12.590     0.001    -0.001    -0.003
    12.600    -0.002    -0.002     0.003
    12.610    -0.005     0.000     0.001
    12.620    -0.009    -0.006    -0.004
    12.630    -0.008    -0.002     0.005
    12.640    -0.007     0.003    -0.004
    12.650    -0.006     0.000     0.005
    12.660    -0.004     0.003     0.006
    12.670    -0.001     0.002    -0.003
    12.680     0.001     0.001     0.005
    12.690     0.001     0.002    -0.006
    12.700     0.005    -0.004     0.000
    12.710     0.004    -0.002     0.001
    12.720     0.005    -0.002    -0.005
    12.730     0.004    -0.002     0.002
    12.740     0.001     0.002    -0.006
    12.750     0.001     0.000     0.002
    12.760     0.001     0.003     0.002
    12.770     0.002     0.004    -0.003
    12.780    -0.001     0.002     0.006
    12.790    -0.003     0.004     0.001
    12.800    -0.002    -0.001     0.004
    12.810    -0.002     0.003     0.007
    12.820    -0.003     0.004     0.004
    12.830    -0.002     0.000     0.007
    12.840    -0.003     0.005     0.002
    12.850    -0.005     0.000     0.004
    12.860    -0.002     0.000     0.003
    12.870    -0.002    -0.001     0.001
    12.880    -0.001    -0.005     0.004
    12.890    -0.002    -0.004     0.001
    12.900     0.000    -0.004     0.001
    12.910     0.001     0.000     0.002
    12.920     0.000    -0.002    -0.001
    12.930     0.006    -0.005    -0.003
    12.940     0.003    -0.003    -0.005
    12.950     0.000    -0.003    -0.006
    12.960     0.004     0.003    -0.007
    12.970     0.001     0.003    -0.005
    12.980     0.000    -0.001     0.001
    12.990    -0.003    -0.002     0.000
    13.000    -0.003    -0.001     0.001
    13.010    -0.003     0.006     0.002
    13.020    -0.007     0.003     0.001
    13.030    -0.002     0.003    -0.002
    13.040    -0.002     0.003    -0.005
    13.050    -0.003    -0.002     0.001
    13.060     0.000     0.000    -0.002
    13.070    -0.003    -0.001    -0.004
    13.080    -0.004     0.001     0.002
    13.090    -0.003     0.006    -0.003
    13.100    -0.002     0.007     0.003
    13.110    -0.001     0.011     0.005
    13.120    -0.002     0.006     0.002
    13.130     0.001     0.005     0.004
    13.140     0.002     0.007    -0.003
    13.150     0.000     0.000     0.000
    13.160     0.001     0.004    -0.001
    13.170     0.001     0.004    -0.003
    13.180    -0.001     0.002     0.003
    13.190     0.000     0.007     0.000
    13.200     0.002     0.005     0.004
    13.210     0.001     0.007     0.008
    13.220     0.000     0.006     0.002
    13.230    -0.001     0.004     0.004
    13.240     0.001     0.005     0.006
    13.250     0.000    -0.002     0.005
    13.260     0.001    -0.002     0.007
    13.270     0.002    -0.004     0.003
    13.280    -0.002    -0.005    -0.001
    13.290    -0.002    -0.003    -0.001
    13.300    -0.002    -0.006    -0.004
    13.310    -0.003    -0.004     0.001
    13.320    -0.003    -0.005     0.004
    13.330    -0.004    -0.007    -0.001
    13.340    -0.002    -0.005     0.001
    13.350     0.000    -0.003    -0.003
    13.360     0.000    -0.003    -0.005
    13.370     0.000     0.002     0.000
    13.380    -0.001     0.004    -0.001
    13.390    -0.002     0.005     0.003
    13.400     0.000     0.007     0.001
    13.410    -0.003     0.002    -0.001
    13.420    -0.004    -0.004     0.002
    13.430     0.000    -0.003    -0.005
    13.440     0.001    -0.002    -0.003
    13.450     0.000    -0.001     0.001
    13.460     0.001    -0.002    -0.001
    13.470     0.003    -0.001     0.001
    13.480    -0.001    -0.002     0.002
    13.490    -0.001     0.000     0.000
    13.500     0.000     0.001    -0.001
    13.510    -0.002    -0.001     0.004
    13.520    -0.002    -0.004     0.007
    13.530    -0.003    -0.003     0.005
    13.540    -0.003     0.002     0.004
    13.550    -0.005     0.002     0.001
    13.560    -0.003     0.005    -0.001
    13.570     0.001     0.003    -0.002
    13.580    -0.004     0.001    -0.001
    13.590    -0.003     0.000     0.001
    13.600    -0.001    -0.001    -0.004
    13.610    -0.002     0.005    -0.003
    13.620    -0.002     0.005    -0.004
    13.630     0.000     0.008    -0.005
    13.640     0.000     0.010     0.001
    13.650     0.001     0.008     0.000
    13.660     0.002     0.007    -0.002
    13.670     0.001     0.003    -0.001
    13.680     0.000     0.001    -0.002
    13.690    -0.002    -0.001     0.002
    13.700     0.001     0.000     0.000
    13.710     0.001     0.002    -0.001
    13.720    -0.001     0.001     0.002
    13.730     0.001     0.004    -0.002
    13.740    -0.002     0.004     0.001
    13.750    -0.001     0.004     0.001
    13.760     0.000     0.000    -0.004
    13.770     0.001     0.000     0.000
    13.780     0.000     0.000     0.001
    13.790    -0.001    -0.003     0.003
    13.800     0.001    -0.002     0.005
    13.810    -0.001    -0.002     0.003
    13.820     0.001     0.000     0.006
    13.830     0.004     0.005     0.005
    13.840     0.003     0.008     0.002
    13.850     0.001     0.007     0.000
    13.860    -0.002     0.004    -0.002
    13.870    -0.002     0.002     0.003
    13.880    -0.006     0.000     0.004
    13.890    -0.005    -0.002     0.004
    13.900     0.000    -0.001     0.001
    13.910     0.002    -0.001     0.001
    13.920     0.002     0.001     0.003
    13.930     0.002     0.000     0.001
    13.940     0.000     0.000     0.000
    13.950    -0.001     0.001    -0.001
    13.960     0.001     0.002    -0.001
    13.970    -0.001     0.001    -0.002
    13.980    -0.003    -0.003    -0.002
    13.990    -0.002    -0.002     0.001
    14.000     0.003     0.004    -0.005
    14.010     0.004     0.005    -0.003
    14.020     0.003     0.005    -0.004
    14.030     0.004     0.001    -0.008
    14.040    -0.002     0.005    -0.003
    14.050    -0.003     0.009    -0.005
    14.060    -0.004     0.005    -0.003
    14.070    -0.005     0.005     0.001
    14.080    -0.003     0.001     0.004
    14.090    -0.003     0.002     0.007
    14.100     0.001     0.007     0.003
    14.110     0.001     0.005     0.002
    14.120     0.000     0.002     0.002
    14.130     0.003     0.000     0.001
    14.140     0.002    -0.005     0.006
    14.150     0.001    -0.005     0.006
    14.160     0.001    -0.002     0.003
    14.170     0.000     0.003     0.000
    14.180    -0.002     0.006    -0.003
    14.190    -0.002     0.007    -0.003
    14.200     0.000     0.007    -0.003
    14.210     0.001     0.003     0.000
    14.220     0.001     0.001     0.003
    14.230     0.000     0.000     0.004
    14.240    -0.003    -0.001     0.004
    14.250    -0.004    -0.001     0.002
    14.260    -0.002    -0.001    -0.001
    14.270     0.000    -0.001    -0.004
    14.280     0.001     0.001    -0.004
    14.290     0.003     0.001    -0.004
    14.300     0.004     0.004    -0.004
    14.310     0.002     0.003     0.000
    14.320     0.001    -0.001     0.000
    14.330     0.001    -0.001     0.000
    14.340    -0.001     0.001     0.001
    14.350    -0.005     0.000     0.002
    14.360    -0.005    -0.001     0.001
    14.370    -0.006     0.000     0.000
    14.380    -0.009    -0.003     0.001
    14.390    -0.006    -0.005    -0.002
    14.400    -0.003    -0.002    -0.003
    14.410    -0.002     0.001    -0.002
    14.420     0.001     0.000    -0.005
    14.430     0.001     0.000    -0.004
    14.440     0.001     0.003     0.002
    14.450     0.001     0.005     0.001
    14.460     0.003     0.006     0.000
    14.470     0.006     0.009     0.001
    14.480     0.003     0.008     0.001
    14.490     0.004     0.008     0.000
    14.500     0.002     0.009    -0.002
    14.510    -0.002     0.006     0.000
    14.520    -0.003     0.001     0.000
    14.530    -0.006     0.000     0.000
    14.540    -0.007     0.000     0.002
    14.550    -0.008    -0.001     0.002
    14.560    -0.006    -0.001     0.002
    14.570    -0.002    -0.001     0.001
    14.580    -0.003    -0.003     0.002
    14.590    -0.002    -0.006     0.003
    14.600     0.001    -0.003     0.001
    14.610     0.001    -0.002     0.001
    14.620     0.001    -0.002    -0.002
    14.630     0.003    -0.002    -0.003
    14.640     0.000     0.000    -0.003
    14.650    -0.002     0.001    -0.007
    14.660     0.001     0.003    -0.009
    14.670     0.000     0.006    -0.010
    14.680    -0.001     0.002    -0.008
    14.690     0.000     0.000    -0.003
    14.700     0.000     0.000    -0.002
    14.710    -0.003     0.001     0.002
    14.720    -0.005     0.004    -0.001
    14.730    -0.005     0.006    -0.003
    14.740    -0.004     0.007     0.000
    14.750     0.001     0.005    -0.002
    14.760     0.005     0.000     0.001
    14.770     0.006    -0.001    -0.001
    14.780     0.005    -0.002     0.000
    14.790     0.003    -0.005    -0.001
    14.800     0.001    -0.002    -0.005
    14.810    -0.003    -0.002     0.002
    14.820    -0.004    -0.003    -0.001
    14.830    -0.005     0.000    -0.003
    14.840    -0.007     0.000     0.000
    14.850    -0.006     0.002    -0.002
    14.860    -0.004    -0.001     0.000
    14.870    -0.006     0.000    -0.002
    14.880    -0.008     0.002    -0.002
    14.890    -0.004     0.000    -0.002
    14.900    -0.003     0.004    -0.003
    14.910    -0.001     0.003    -0.001
    14.920     0.000     0.003    -0.002
    14.930     0.001     0.003     0.000
    14.940     0.004     0.002     0.000
    14.950     0.006     0.004     0.000
    14.960     0.010     0.003     0.001
    14.970     0.009     0.005     0.003
    14.980     0.005     0.003     0.004
    14.990     0.003     0.001     0.001
    15.000     0.000     0.006     0.002
    15.010    -0.003     0.007     0.005
    15.020    -0.003     0.007     0.000
    15.030    -0.003     0.004    -0.003
    15.040    -0.005     0.003    -0.002
    15.050    -0.006     0.000    -0.004
    15.060    -0.002    -0.002    -0.006
    15.070    -0.002    -0.002    -0.006
    15.080    -0.003    -0.006    -0.002
    15.090    -0.003    -0.004     0.000
    15.100    -0.003    -0.002     0.001
    15.110    -0.001     0.000     0.000
    15.120     0.001    -0.002    -0.001
    15.130     0.002    -0.004    -0.003
    15.140     0.001    -0.004    -0.003
    15.150    -0.001    -0.002    -0.001
    15.160     0.000    -0.002    -0.001
    15.170    -0.001    -0.001     0.001
    15.180    -0.002    -0.001     0.003
    15.190    -0.001     0.000     0.001
    15.200    -0.003     0.002     0.000
    15.210    -0.006     0.005     0.001
    15.220    -0.007     0.005    -0.004
    15.230    -0.003     0.008    -0.006
    15.240    -0.001     0.007    -0.007
    15.250     0.001     0.004    -0.006
    15.260     0.004     0.001    -0.003
    15.270     0.004    -0.001    -0.003
    15.280     0.004    -0.001    -0.002
    15.290     0.004     0.000    -0.005
    15.300     0.002     0.004    -0.007
    15.310     0.002     0.006    -0.002
    15.320     0.002     0.006    -0.001
    15.330     0.001     0.006     0.002
    15.340     0.000     0.007     0.006
    15.350    -0.003     0.006     0.006
    15.360    -0.003     0.004     0.007
    15.370    -0.006     0.002     0.007
    15.380    -0.009     0.001     0.007
    15.390    -0.006    -0.002     0.003
    15.400    -0.005    -0.001     0.000
    15.410    -0.007    -0.002     0.000
    15.420    -0.007    -0.004    -0.003
    15.430    -0.002    -0.003    -0.003
    15.440     0.001    -0.003     0.000
    15.450     0.004    -0.003     0.000
    15.460     0.010    -0.002    -0.002
    15.470     0.010    -0.002    -0.003
    15.480     0.009    -0.005    -0.002
    15.490     0.004    -0.007    -0.004
    15.500    -0.001    -0.003    -0.004
    15.510    -0.005    -0.002    -0.001
    15.520    -0.010    -0.001     0.000
    15.530    -0.012     0.004    -0.002
    15.540    -0.014     0.002    -0.001
    15.550    -0.011     0.002    -0.001
    15.560    -0.006     0.001    -0.003
    15.570    -0.003     0.003     0.001
    15.580     0.000     0.003     0.002
    15.590     0.002     0.000     0.001
    15.600     0.002    -0.001     0.002
    15.610     0.002    -0.002    -0.002
    15.620     0.002    -0.004    -0.003
    15.630     0.006    -0.004    -0.002
    15.640     0.008    -0.002     0.000
    15.650     0.008    -0.001     0.001
    15.660     0.009     0.003    -0.001
    15.670     0.006     0.007     0.001
    15.680     0.002     0.008     0.003
    15.690     0.000     0.004     0.001
    15.700    -0.005     0.002     0.002
    15.710    -0.011     0.001     0.000
    15.720    -0.015    -0.003    -0.001
    15.730    -0.012    -0.004     0.000
    15.740    -0.011    -0.001     0.000
    15.750    -0.009     0.000     0.003
    15.760    -0.004     0.006     0.001
    15.770    -0.003     0.009     0.002
    15.780     0.001     0.008     0.005
    15.790     0.004     0.006     0.000
    15.800     0.006    -0.001    -0.001
    15.810     0.006    -0.005    -0.001
    15.820     0.004    -0.008    -0.004
    15.830     0.004    -0.008    -0.006
    15.840    -0.002    -0.003    -0.007
    15.850    -0.005    -0.002    -0.007
    15.860     0.000     0.001    -0.007
    15.870    -0.001     0.004    -0.004
    15.880    -0.002     0.001     0.001
    15.890    -0.004    -0.002    -0.001
    15.900    -0.002     0.000    -0.001
    15.910    -0.003     0.000    -0.001
    15.920    -0.003    -0.001    -0.002
    15.930    -0.003     0.000     0.000
    15.940    -0.007    -0.001     0.003
    15.950    -0.006    -0.003     0.004
    15.960    -0.004    -0.003     0.001
    15.970    -0.001    -0.002     0.000
    15.980     0.002    -0.004     0.000
    15.990     0.004    -0.005     0.001
    16.000     0.008    -0.003     0.003
    16.010     0.008    -0.005     0.003
    16.020     0.005    -0.004     0.003
    16.030     0.004    -0.005     0.003
    16.040     0.000    -0.005     0.002
    16.050    -0.004    -0.004     0.001
    16.060    -0.008    -0.002    -0.003
    16.070    -0.012     0.001    -0.002
    16.080    -0.013     0.002     0.001
    16.090    -0.012     0.003     0.002
    16.100    -0.010     0.003     0.001
    16.110    -0.005     0.003     0.000
    16.120     0.002     0.004     0.001
    16.130     0.011     0.006     0.002
    16.140     0.012     0.005     0.002
    16.150     0.011     0.004    -0.001
    16.160     0.011     0.004    -0.005
    16.170     0.004     0.002    -0.003
    16.180    -0.003     0.001    -0.003
    16.190    -0.005     0.000    -0.005
    16.200    -0.007    -0.002    -0.001
    16.210    -0.009    -0.004     0.000
    16.220    -0.009    -0.005     0.000
    16.230    -0.007    -0.007     0.002
    16.240    -0.003    -0.009    -0.003
    16.250     0.001    -0.004    -0.007
    16.260     0.005     0.000    -0.009
    16.270     0.005     0.006    -0.006
    16.280     0.001     0.004    -0.003
    16.290     0.001    -0.001    -0.001
    16.300     0.000     0.001     0.001
    16.310    -0.001     0.000     0.003
    16.320     0.001    -0.003     0.005
    16.330     0.002    -0.003     0.004
    16.340     0.002    -0.002     0.003
    16.350     0.000    -0.002     0.002
    16.360    -0.004    -0.001    -0.006
    16.370    -0.009     0.000    -0.006
    16.380    -0.014    -0.001    -0.005
    16.390    -0.011    -0.002    -0.003
    16.400    -0.007     0.001     0.004
    16.410    -0.006     0.001     0.008
    16.420    -0.001    -0.001     0.007
    16.430     0.002    -0.001     0.004
    16.440     0.000     0.001     0.003
    16.450     0.000     0.004     0.003
    16.460     0.003     0.006     0.002
    16.470     0.007     0.006     0.000
    16.480     0.008     0.003    -0.001
    16.490     0.010    -0.001    -0.003
    16.500     0.012    -0.006    -0.004
    16.510     0.007    -0.006    -0.004
    16.520     0.007    -0.004    -0.003
    16.530     0.004    -0.003    -0.002
    16.540     0.002     0.000     0.000
    16.550     0.003    -0.002     0.001
    16.560     0.001    -0.001    -0.001
    16.570    -0.003    -0.002     0.000
    16.580    -0.011    -0.006    -0.001
    16.590    -0.014    -0.005    -0.002
    16.600    -0.014    -0.003    -0.002
    16.610    -0.014     0.002     0.001
    16.620    -0.011     0.008     0.003
    16.630    -0.009     0.012    -0.001
    16.640    -0.006     0.010    -0.001
    16.650     0.000     0.006     0.000
    16.660     0.005     0.005    -0.001
    16.670     0.009     0.001     0.000
    16.680     0.012    -0.004    -0.003
    16.690     0.012    -0.005    -0.004
    16.700     0.011    -0.005    -0.004
    16.710     0.007    -0.007    -0.003
    16.720     0.002    -0.010    -0.001
    16.730     0.001    -0.010     0.002
    16.740     0.001    -0.007     0.004
    16.750     0.003    -0.004     0.007
    16.760     0.003     0.001     0.007
    16.770    -0.002     0.001     0.004
    16.780    -0.010     0.003     0.003
    16.790    -0.015     0.006     0.000
    16.800    -0.016     0.007    -0.001
    16.810    -0.017     0.009     0.001
    16.820    -0.011     0.008    -0.001
    16.830    -0.002     0.009    -0.002
    16.840     0.002     0.008    -0.004
    16.850     0.008     0.004    -0.006
    16.860     0.014     0.002    -0.007
    16.870     0.016    -0.002    -0.006
    16.880     0.012    -0.006    -0.004
    16.890     0.007    -0.004    -0.004
    16.900     0.001    -0.003    -0.001
    16.910    -0.006    -0.002     0.003
    16.920    -0.009     0.000     0.003
    16.930    -0.009     0.001     0.002
    16.940    -0.007     0.000     0.004
    16.950    -0.005     0.001     0.005
    16.960     0.000     0.001     0.003
    16.970     0.001     0.002     0.003
    16.980    -0.005     0.002     0.003
    16.990    -0.005     0.002     0.002
    17.000    -0.004     0.007     0.001
    17.010    -0.002     0.007     0.001
    17.020     0.000     0.005    -0.002
    17.030     0.002     0.004    -0.006
    17.040     0.004    -0.003    -0.003
    17.050     0.004    -0.005    -0.005
    17.060     0.004    -0.007    -0.005
    17.070     0.003    -0.005    -0.002
    17.080     0.005    -0.008    -0.008
    17.090     0.006    -0.011    -0.006
    17.100     0.003    -0.007    -0.007
    17.110     0.000    -0.007    -0.004
    17.120    -0.003    -0.003     0.002
    17.130    -0.003     0.003     0.005
    17.140    -0.004     0.010     0.012
    17.150    -0.006     0.012     0.009
    17.160    -0.006     0.014     0.004
    17.170    -0.005     0.014     0.001
    17.180    -0.005     0.009    -0.007
    17.190    -0.002     0.006    -0.009
    17.200     0.003     0.004    -0.007
    17.210     0.004     0.001    -0.006
    17.220     0.005    -0.005    -0.003
    17.230     0.005    -0.005    -0.003
    17.240     0.005    -0.007    -0.003
    17.250     0.004    -0.010    -0.002
    17.260     0.001    -0.010     0.000
    17.270    -0.003    -0.009     0.002
    17.280    -0.008    -0.007     0.003
    17.290    -0.008    -0.007    -0.001
    17.300    -0.009    -0.007    -0.001
    17.310    -0.013    -0.007     0.001
    17.320    -0.014    -0.007     0.000
    17.330    -0.013    -0.001     0.001
    17.340    -0.011     0.004     0.003
    17.350    -0.005     0.009     0.007
    17.360     0.002     0.017     0.011
    17.370     0.009     0.019     0.011
    17.380     0.012     0.016     0.008
    17.390     0.016     0.013     0.003
    17.400     0.018     0.008    -0.001
    17.410     0.013     0.001    -0.001
    17.420     0.011    -0.007    -0.004
    17.430     0.008    -0.013    -0.009
    17.440     0.004    -0.018    -0.009
    17.450     0.000    -0.016    -0.010
    17.460    -0.002    -0.006    -0.010
    17.470    -0.006     0.000    -0.005
    17.480    -0.009     0.004    -0.003
    17.490    -0.010     0.004    -0.003
    17.500    -0.011     0.007     0.000
    17.510    -0.013     0.010     0.001
    17.520    -0.013     0.009     0.001
    17.530    -0.012     0.013    -0.001
    17.540    -0.011     0.010    -0.001
    17.550    -0.006     0.005     0.001
    17.560    -0.001     0.000     0.000
    17.570     0.003    -0.006     0.003
    17.580     0.009    -0.010     0.004
    17.590     0.012    -0.014     0.001
    17.600     0.014    -0.013    -0.001
    17.610     0.006    -0.018    -0.002
    17.620     0.001    -0.017    -0.006
    17.630    -0.003    -0.011    -0.008
    17.640    -0.011    -0.004    -0.006
    17.650    -0.013     0.004    -0.009
    17.660    -0.016     0.003    -0.008
    17.670    -0.016     0.007    -0.001
    17.680    -0.011     0.009     0.004
    17.690    -0.006     0.011     0.008
    17.700     0.003     0.013     0.010
    17.710     0.008     0.011     0.012
    17.720     0.011     0.009     0.007
    17.730     0.012     0.008     0.001
    17.740     0.012     0.008     0.000
    17.750     0.013     0.002    -0.002
    17.760     0.011     0.000    -0.003
    17.770     0.008     0.000    -0.001
    17.780     0.001    -0.003     0.001
    17.790     0.000    -0.006     0.000
    17.800    -0.003    -0.008     0.002
    17.810    -0.008    -0.009     0.006
    17.820    -0.010    -0.009     0.003
    17.830    -0.013    -0.004    -0.001
    17.840    -0.016    -0.002    -0.003
    17.850    -0.017    -0.002    -0.007
    17.860    -0.017    -0.001    -0.010
    17.870    -0.017    -0.002    -0.014
    17.880    -0.013    -0.003    -0.013
    17.890    -0.009    -0.004    -0.012
    17.900    -0.002    -0.004    -0.010
    17.910     0.003    -0.004    -0.005
    17.920     0.008    -0.003    -0.003
    17.930     0.014     0.002    -0.002
    17.940     0.013     0.007     0.002
    17.950     0.012     0.006     0.003
    17.960     0.008     0.000     0.004
    17.970     0.001    -0.004     0.006
    17.980    -0.006    -0.011     0.007
    17.990    -0.011    -0.014     0.005
    18.000    -0.010    -0.010     0.005
    18.010    -0.009    -0.008     0.004
    18.020    -0.003    -0.005    -0.003
    18.030     0.003    -0.002    -0.005
    18.040     0.007     0.002    -0.004
    18.050     0.010     0.006    -0.005
    18.060     0.011     0.010    -0.005
    18.070     0.009     0.017    -0.003
    18.080     0.004     0.017     0.001
    18.090     0.002     0.014     0.000
    18.100    -0.002     0.010     0.001
    18.110    -0.005     0.003     0.001
    18.120    -0.005    -0.002    -0.005
    18.130    -0.007    -0.009    -0.004
    18.140    -0.008    -0.014    -0.005
    18.150    -0.010    -0.020    -0.004
    18.160    -0.009    -0.022    -0.003
    18.170    -0.010    -0.021    -0.003
    18.180    -0.011    -0.018     0.002
    18.190    -0.007    -0.010     0.001
    18.200    -0.008    -0.002     0.001
    18.210    -0.009     0.006     0.003
    18.220    -0.011     0.013    -0.001
    18.230    -0.007     0.016    -0.003
    18.240    -0.001     0.020    -0.004
    18.250     0.002     0.016    -0.005
    18.260     0.009     0.011    -0.005
    18.270     0.012     0.007     0.001
    18.280     0.015     0.001     0.007
    18.290     0.018     0.001     0.008
    18.300     0.016     0.001     0.008
    18.310     0.011    -0.002     0.008
    18.320     0.005    -0.012     0.004
    18.330     0.001    -0.017     0.000
    18.340    -0.004    -0.022    -0.002
    18.350    -0.005    -0.024    -0.006
    18.360    -0.005    -0.020    -0.010
    18.370    -0.011    -0.014    -0.007
    18.380    -0.015    -0.006    -0.008
    18.390    -0.016     0.003    -0.011
    18.400    -0.014     0.016    -0.007
    18.410    -0.010     0.024    -0.005
    18.420    -0.004     0.025    -0.003
    18.430     0.000     0.026     0.002
    18.440     0.003     0.020     0.003
    18.450     0.012     0.012     0.002
    18.460     0.015     0.005    -0.001
    18.470     0.013    -0.004    -0.002
    18.480     0.011    -0.013    -0.003
    18.490     0.005    -0.021    -0.007
    18.500    -0.001    -0.027    -0.003
    18.510    -0.008    -0.032    -0.002
    18.520    -0.012    -0.030    -0.003
    18.530    -0.011    -0.021     0.002
    18.540    -0.011    -0.011     0.004
    18.550    -0.006    -0.001     0.003
    18.560    -0.001     0.010     0.004
    18.570    -0.003     0.019     0.006
    18.580    -0.006     0.023     0.004
    18.590    -0.006     0.019     0.003
    18.600    -0.007     0.020     0.001
    18.610    -0.007     0.014     0.000
    18.620    -0.001     0.006    -0.002
    18.630     0.009     0.001    -0.004
    18.640     0.015    -0.004    -0.003
    18.650     0.019    -0.004    -0.004
    18.660     0.018    -0.005    -0.003
    18.670     0.014     0.000     0.000
    18.680     0.008    -0.001    -0.001
    18.690    -0.002    -0.004     0.003
    18.700    -0.010    -0.005     0.004
    18.710    -0.015    -0.009     0.002
    18.720    -0.016    -0.010     0.002
    18.730    -0.010    -0.008    -0.001
    18.740    -0.005    -0.003     0.001
    18.750     0.001    -0.002     0.001
    18.760     0.006     0.001    -0.005
    18.770     0.006     0.006    -0.005
    18.780     0.007     0.005    -0.009
    18.790     0.004     0.009    -0.012
    18.800    -0.001     0.010    -0.008
    18.810    -0.007     0.010    -0.006
    18.820    -0.012     0.007    -0.002
    18.830    -0.014     0.003     0.003
    18.840    -0.015     0.000     0.010
    18.850    -0.012    -0.006     0.015
    18.860    -0.005    -0.008     0.009
    18.870     0.002    -0.010     0.007
    18.880     0.008    -0.011     0.004
    18.890     0.011    -0.012    -0.002
    18.900     0.014    -0.008    -0.001
    18.910     0.012    -0.003    -0.001
    18.920     0.010    -0.004    -0.002
    18.930     0.005    -0.002    -0.001
    18.940    -0.003     0.001     0.000
    18.950    -0.005     0.004    -0.001
    18.960    -0.006     0.010    -0.006
    18.970    -0.007     0.014    -0.004
    18.980    -0.008     0.013    -0.005
    18.990    -0.010     0.010    -0.006
    19.000    -0.007     0.009    -0.002
    19.010    -0.006     0.007    -0.001
    19.020     0.002     0.003     0.000
    19.030     0.007     0.000     0.001
    19.040     0.006    -0.006     0.008
    19.050     0.008    -0.009     0.010
    19.060     0.005    -0.009     0.005
    19.070     0.001    -0.010     0.004
    19.080    -0.004    -0.011    -0.001
    19.090    -0.006    -0.006    -0.005
    19.100    -0.004     0.000    -0.010
    19.110    -0.004     0.001    -0.012
    19.120    -0.001    -0.002    -0.011
    19.130     0.000    -0.001    -0.008
    19.140    -0.003     0.001    -0.002
    19.150    -0.002     0.003     0.000
    19.160    -0.002     0.010     0.005
    19.170    -0.005     0.012     0.007
    19.180    -0.003     0.008     0.004
    19.190    -0.003     0.002     0.003
    19.200     0.002    -0.003     0.000
    19.210     0.007    -0.010    -0.002
    19.220     0.013    -0.014    -0.005
    19.230     0.019    -0.015    -0.004
    19.240     0.016    -0.014    -0.001
    19.250     0.012    -0.008    -0.003
    19.260     0.004     0.001    -0.002
    19.270    -0.008     0.008    -0.001
    19.280    -0.016     0.014    -0.002
    19.290    -0.022     0.017    -0.005
    19.300    -0.027     0.018    -0.004
    19.310    -0.027     0.016    -0.002
    19.320    -0.019     0.012    -0.004
    19.330    -0.011     0.008    -0.005
    19.340    -0.003     0.003    -0.003
    19.350     0.007    -0.003     0.000
    19.360     0.013    -0.006     0.003
    19.370     0.015    -0.008     0.007
    19.380     0.014    -0.010     0.007
    19.390     0.015    -0.008     0.003
    19.400     0.012    -0.005     0.006
    19.410     0.005    -0.002     0.007
    19.420     0.002     0.004     0.009
    19.430    -0.003     0.010     0.011
    19.440    -0.010     0.013     0.008
    19.450    -0.013     0.015     0.006
    19.460    -0.016     0.012    -0.002
    19.470    -0.014     0.007    -0.011
    19.480    -0.010    -0.002    -0.018
    19.490    -0.004    -0.009    -0.021
    19.500     0.000    -0.014    -0.017
    19.510     0.001    -0.019    -0.012
    19.520     0.003    -0.014    -0.008
    19.530     0.005    -0.008    -0.007
    19.540     0.010    -0.001    -0.005
    19.550     0.020     0.002    -0.002
    19.560     0.025     0.004     0.003
    19.570     0.023     0.005     0.012
    19.580     0.016     0.001     0.017
    19.590     0.009     0.002     0.020
    19.600    -0.004     0.002     0.019
    19.610    -0.018    -0.001     0.014
    19.620    -0.025     0.000     0.007
    19.630    -0.027     0.001    -0.002
    19.640    -0.027     0.002    -0.008
    19.650    -0.022     0.002    -0.014
    19.660    -0.015     0.002    -0.019
    19.670    -0.012    -0.001    -0.017
    19.680    -0.009    -0.002    -0.015
    19.690    -0.003    -0.004    -0.014
    19.700     0.003    -0.004    -0.008
    19.710     0.009    -0.003    -0.003
    19.720     0.012    -0.002     0.002
    19.730     0.016     0.002     0.009
    19.740     0.017     0.007     0.011
    19.750     0.017     0.008     0.012
    19.760     0.018     0.006     0.013
    19.770     0.012     0.002     0.013
    19.780     0.008    -0.001     0.013
    19.790     0.003    -0.001     0.007
    19.800    -0.003     0.000     0.004
    19.810    -0.009     0.003    -0.001
    19.820    -0.014     0.007    -0.009
    19.830    -0.019     0.013    -0.012
    19.840    -0.023     0.011    -0.015
    19.850    -0.022     0.009    -0.014
    19.860    -0.016     0.012    -0.010
    19.870    -0.012     0.007    -0.010
    19.880    -0.006     0.003    -0.008
    19.890     0.001    -0.001    -0.008
    19.900     0.007    -0.003    -0.009
    19.910     0.012    -0.006    -0.005
    19.920     0.020    -0.009    -0.001
    19.930     0.023    -0.006     0.006
    19.940     0.020    -0.006     0.014
    19.950     0.018    -0.007     0.018
    19.960     0.011    -0.003     0.020
    19.970     0.002     0.000     0.020
    19.980    -0.004     0.000     0.011
    19.990    -0.008    -0.002     0.002
    20.000    -0.012    -0.001    -0.001
    20.010    -0.015    -0.003    -0.006
    20.020    -0.015    -0.002    -0.013
    20.030    -0.012     0.001    -0.013
    20.040    -0.007     0.001    -0.011
    20.050    -0.001     0.002    -0.010
    20.060     0.001     0.003    -0.006
    20.070    -0.002     0.009     0.001
    20.080    -0.003     0.011     0.006
    20.090     0.001     0.012     0.008
    20.100     0.002     0.013     0.005
    20.110     0.000     0.002     0.004
    20.120     0.002    -0.007     0.005
    20.130     0.002    -0.015     0.001
    20.140     0.002    -0.023     0.002
    20.150     0.006    -0.018     0.002
    20.160     0.006    -0.012     0.003
    20.170     0.003    -0.004     0.007
    20.180     0.003     0.004     0.004
    20.190     0.004     0.012    -0.001
    20.200     0.002     0.018    -0.005
    20.210    -0.001     0.019    -0.007
    20.220    -0.003     0.017    -0.010
    20.230    -0.004     0.016    -0.010
    20.240    -0.005     0.014    -0.008
    20.250    -0.005     0.009    -0.009
    20.260    -0.005     0.007    -0.006
    20.270    -0.006     0.002     0.001
    20.280    -0.005    -0.002     0.005
    20.290    -0.004    -0.005     0.007
    20.300    -0.005    -0.008     0.007
    20.310    -0.004    -0.012     0.006
    20.320     0.000    -0.013     0.005
    20.330     0.002    -0.012     0.003
    20.340     0.001    -0.012     0.003
    20.350     0.004    -0.012     0.007
    20.360     0.008    -0.008     0.006
    20.370     0.008    -0.004     0.007
    20.380     0.010     0.002     0.008
    20.390     0.012     0.007     0.004
    20.400     0.006     0.010     0.003
    20.410    -0.001     0.014    -0.003
    20.420    -0.006     0.012    -0.007
    20.430    -0.011     0.011    -0.004
    20.440    -0.014     0.009    -0.005
    20.450    -0.011     0.008    -0.007
    20.460    -0.006     0.011    -0.009
    20.470    -0.005     0.008    -0.011
    20.480    -0.003     0.005    -0.010
    20.490    -0.005    -0.001    -0.009
    20.500    -0.006    -0.010    -0.004
    20.510    -0.006    -0.018    -0.002
    20.520    -0.002    -0.024    -0.002
    20.530     0.003    -0.023     0.003
    20.540     0.002    -0.022     0.004
    20.550     0.004    -0.015     0.002
    20.560     0.008    -0.007    -0.001
    20.570     0.010     0.003    -0.004
    20.580     0.010     0.010    -0.003
    20.590     0.009     0.015    -0.003
    20.600     0.006     0.022    -0.002
    20.610    -0.002     0.020     0.002
    20.620    -0.006     0.023     0.001
    20.630    -0.012     0.020     0.002
    20.640    -0.017     0.012     0.002
    20.650    -0.013     0.007     0.005
    20.660    -0.011    -0.001     0.004
    20.670    -0.006    -0.008    -0.001
    20.680    -0.005    -0.016     0.000
    20.690    -0.002    -0.016    -0.003
    20.700     0.004    -0.014    -0.001
    20.710     0.007    -0.011     0.003
    20.720     0.011    -0.002     0.003
    20.730     0.011     0.001     0.007
    20.740     0.006     0.002     0.006
    20.750     0.005     0.001     0.006
    20.760     0.005     0.004     0.003
    20.770     0.003     0.005     0.000
    20.780     0.004     0.005     0.002
    20.790     0.008     0.011    -0.003
    20.800     0.007     0.012    -0.002
    20.810     0.003     0.015    -0.004
    20.820    -0.001     0.014    -0.004
    20.830    -0.011     0.009     0.001
    20.840    -0.019     0.004     0.000
    20.850    -0.024    -0.003     0.004
    20.860    -0.025    -0.011     0.000
    20.870    -0.023    -0.018     0.000
    20.880    -0.014    -0.022     0.002
    20.890    -0.005    -0.021    -0.003
    20.900     0.004    -0.015     0.002
    20.910     0.013    -0.008     0.004
    20.920     0.021    -0.002     0.002
    20.930     0.024     0.008     0.003
    20.940     0.019     0.014     0.000
    20.950     0.013     0.016    -0.001
    20.960     0.006     0.017    -0.003
    20.970    -0.003     0.011    -0.002
    20.980    -0.009     0.005     0.000
    20.990    -0.011     0.002     0.001
    21.000    -0.011    -0.001     0.002
    21.010    -0.009     0.000    -0.003
    21.020    -0.006     0.002    -0.008
    21.030    -0.001     0.004    -0.008
    21.040    -0.003     0.005    -0.006
    21.050    -0.002     0.000    -0.004
    21.060    -0.004    -0.002     0.001
    21.070    -0.010    -0.006     0.006
    21.080    -0.013    -0.011     0.007
    21.090    -0.011    -0.013     0.006
    21.100    -0.004    -0.012     0.004
    21.110     0.005    -0.009     0.002
    21.120     0.016    -0.007    -0.001
    21.130     0.022    -0.005    -0.005
    21.140     0.019    -0.004    -0.003
    21.150     0.015     0.000    -0.005
    21.160     0.007     0.006    -0.006
    21.170    -0.004     0.016    -0.005
    21.180    -0.014     0.021    -0.004
    21.190    -0.022     0.023    -0.003
    21.200    -0.024     0.021     0.002
    21.210    -0.024     0.013     0.009
    21.220    -0.020     0.004     0.008
    21.230    -0.013    -0.002     0.007
    21.240    -0.005    -0.007     0.006
    21.250     0.006    -0.012    -0.001
    21.260     0.011    -0.014    -0.001
    21.270     0.016    -0.012     0.002
    21.280     0.018    -0.010     0.004
    21.290     0.016    -0.004     0.005
    21.300     0.010     0.001     0.008
    21.310     0.001     0.002     0.007
    21.320    -0.002     0.005     0.002
    21.330    -0.004     0.003     0.003
    21.340    -0.001     0.001     0.002
    21.350     0.005     0.001     0.001
    21.360     0.011    -0.001     0.001
    21.370     0.011    -0.001    -0.002
    21.380     0.006     0.000    -0.006
    21.390     0.000     0.001    -0.011
    21.400    -0.012     0.003    -0.012
    21.410    -0.022     0.003    -0.013
    21.420    -0.027     0.002    -0.016
    21.430    -0.028     0.001    -0.009
    21.440    -0.026    -0.001    -0.006
    21.450    -0.022    -0.003    -0.002
    21.460    -0.014     0.003     0.008
    21.470    -0.010     0.003     0.011
    21.480     0.001    -0.001     0.015
    21.490     0.015     0.000     0.011
    21.500     0.026    -0.005     0.008
    21.510     0.032    -0.006     0.003
    21.520     0.032    -0.004    -0.006
    21.530     0.024    -0.002    -0.006
    21.540     0.016    -0.001    -0.003
    21.550     0.014     0.000    -0.003
    21.560     0.011     0.005    -0.004
    21.570     0.005     0.008    -0.006
    21.580     0.000     0.005    -0.003
    21.590    -0.006     0.002    -0.002
    21.600    -0.015     0.002    -0.002
    21.610    -0.025     0.000     0.002
    21.620    -0.032    -0.003     0.005
    21.630    -0.036    -0.004     0.007
    21.640    -0.039    -0.004     0.008
    21.650    -0.034    -0.008     0.003
    21.660    -0.021    -0.005     0.000
    21.670    -0.006    -0.003     0.002
    21.680     0.012    -0.001     0.002
    21.690     0.027     0.003     0.004
    21.700     0.032     0.005     0.008
    21.710     0.033     0.010     0.009
    21.720     0.035     0.013     0.003
    21.730     0.033     0.014    -0.001
    21.740     0.029     0.015    -0.005
    21.750     0.023     0.010    -0.010
    21.760     0.011     0.005    -0.010
    21.770    -0.004    -0.006    -0.006
    21.780    -0.020    -0.016    -0.005
    21.790    -0.032    -0.017    -0.006
    21.800    -0.039    -0.017    -0.006
    21.810    -0.040    -0.011    -0.004
    21.820    -0.034    -0.005    -0.008
    21.830    -0.029    -0.003    -0.007
    21.840    -0.020    -0.002     0.000
    21.850    -0.009    -0.001     0.003
    21.860    -0.002     0.001     0.006
    21.870     0.004     0.006     0.007
    21.880     0.010     0.011     0.007
    21.890     0.014     0.015     0.006
    21.900     0.023     0.016     0.007
    21.910     0.026     0.010     0.004
    21.920     0.028     0.007    -0.001
    21.930     0.027     0.004     0.001
    21.940     0.018    -0.001    -0.003
    21.950     0.007    -0.003    -0.008
    21.960    -0.003    -0.004    -0.011
    21.970    -0.014    -0.004    -0.015
    21.980    -0.019    -0.005    -0.016
    21.990    -0.018    -0.003    -0.015
    22.000    -0.018    -0.003    -0.011
    22.010    -0.016    -0.003    -0.010
    22.020    -0.013    -0.004    -0.012
    22.030    -0.007    -0.008    -0.010
    22.040     0.001    -0.008    -0.012
    22.050     0.006    -0.009    -0.010
    22.060     0.007    -0.002    -0.002
    22.070     0.000     0.003     0.007
    22.080    -0.006     0.006     0.018
    22.090    -0.008     0.009     0.024
    22.100    -0.011     0.011     0.029
    22.110    -0.012     0.007     0.032
    22.120    -0.010     0.001     0.027
    22.130    -0.008    -0.003     0.024
    22.140    -0.006    -0.006     0.014
    22.150     0.004    -0.008     0.003
    22.160     0.015    -0.007    -0.006
    22.170     0.021    -0.002    -0.013
    22.180     0.027     0.000    -0.021
    22.190     0.031     0.005    -0.032
    22.200     0.033     0.011    -0.034
    22.210     0.031     0.014    -0.033
    22.220     0.023     0.013    -0.029
    22.230     0.006     0.008    -0.014
    22.240    -0.015     0.002    -0.005
    22.250    -0.034    -0.006     0.004
    22.260    -0.045    -0.008     0.016
    22.270    -0.049    -0.009     0.025
    22.280    -0.049    -0.009     0.030
    22.290    -0.038    -0.010     0.028
    22.300    -0.026    -0.014     0.029
    22.310    -0.011    -0.015     0.028
    22.320     0.003    -0.013     0.017
    22.330     0.011    -0.003     0.007
    22.340     0.023     0.008    -0.006
    22.350     0.035     0.016    -0.021
    22.360     0.044     0.021    -0.029
    22.370     0.050     0.018    -0.035
    22.380     0.051     0.015    -0.036
    22.390     0.043     0.017    -0.028
    22.400     0.028     0.018    -0.021
    22.410     0.009     0.016    -0.007
    22.420    -0.014     0.012     0.006
    22.430    -0.031     0.007     0.017
    22.440    -0.043     0.000     0.026
    22.450    -0.045    -0.009     0.027
    22.460    -0.041    -0.014     0.028
    22.470    -0.037    -0.020     0.018
    22.480    -0.023    -0.026     0.007
    22.490    -0.012    -0.024    -0.003
    22.500    -0.003    -0.017    -0.010
    22.510     0.008    -0.012    -0.014
    22.520     0.018    -0.004    -0.022
    22.530     0.025     0.005    -0.022
    22.540     0.027     0.011    -0.020
    22.550     0.028     0.016    -0.021
    22.560     0.023     0.018    -0.013
    22.570     0.016     0.019    -0.005
    22.580     0.010     0.017     0.005
    22.590     0.001     0.019     0.013
    22.600    -0.007     0.019     0.017
    22.610    -0.012     0.017     0.022
    22.620    -0.014     0.010     0.019
    22.630    -0.016     0.001     0.020
    22.640    -0.018    -0.010     0.019
    22.650    -0.016    -0.017     0.010
    22.660    -0.012    -0.021     0.003
    22.670    -0.010    -0.024    -0.004
    22.680    -0.007    -0.023    -0.009
    22.690     0.002    -0.019    -0.014
    22.700     0.011    -0.009    -0.016
    22.710     0.017     0.000    -0.012
    22.720     0.020     0.008    -0.015
    22.730     0.019     0.010    -0.012
    22.740     0.017     0.015    -0.011
    22.750     0.015     0.018    -0.013
    22.760     0.009     0.020    -0.008
    22.770     0.000     0.022    -0.002
    22.780    -0.007     0.017     0.001
    22.790    -0.014     0.016     0.005
    22.800    -0.019     0.012     0.012
    22.810    -0.019     0.003     0.017
    22.820    -0.012    -0.003     0.015
    22.830    -0.006    -0.012     0.014
    22.840    -0.004    -0.020     0.012
    22.850    -0.001    -0.025     0.011
    22.860    -0.003    -0.024     0.008
    22.870    -0.010    -0.023     0.001
    22.880    -0.011    -0.021    -0.003
    22.890    -0.005    -0.015    -0.010
    22.900     0.002    -0.008    -0.010
    22.910     0.012     0.001    -0.013
    22.920     0.024     0.011    -0.015
    22.930     0.030     0.020    -0.012
    22.940     0.031     0.025    -0.014
    22.950     0.026     0.032    -0.012
    22.960     0.015     0.031    -0.004
    22.970     0.000     0.032     0.003
    22.980    -0.011     0.032     0.006
    22.990    -0.020     0.025     0.007
    23.000    -0.025     0.017     0.011
    23.010    -0.027     0.002     0.009
    23.020    -0.027    -0.012     0.007
    23.030    -0.023    -0.024     0.008
    23.040    -0.014    -0.031     0.009
    23.050    -0.002    -0.033     0.009
    23.060     0.009    -0.030     0.006
    23.070     0.015    -0.025     0.003
    23.080     0.018    -0.020    -0.002
    23.090     0.021    -0.011    -0.004
    23.100     0.020    -0.002     0.000
    23.110     0.017     0.004     0.002
    23.120     0.013     0.011     0.002
    23.130     0.009     0.015    -0.001
    23.140     0.008     0.018    -0.006
    23.150     0.010     0.026    -0.012
    23.160     0.006     0.031    -0.013
    23.170    -0.002     0.028    -0.013
    23.180    -0.011     0.024    -0.013
    23.190    -0.020     0.012    -0.011
    23.200    -0.027     0.002    -0.010
    23.210    -0.026    -0.009    -0.008
    23.220    -0.021    -0.018    -0.007
    23.230    -0.013    -0.022    -0.003
    23.240    -0.002    -0.026     0.002
    23.250     0.008    -0.021     0.007
    23.260     0.015    -0.017     0.017
    23.270     0.014    -0.011     0.021
    23.280     0.012    -0.008     0.020
    23.290     0.011     0.000     0.016
    23.300     0.009     0.013     0.012
    23.310     0.007     0.018     0.014
    23.320     0.006     0.024     0.008
    23.330     0.004     0.026     0.004
    23.340     0.003     0.022    -0.004
    23.350     0.005     0.020    -0.012
    23.360     0.004     0.016    -0.012
    23.370     0.000     0.010    -0.013
    23.380    -0.004     0.002    -0.011
    23.390    -0.006    -0.004    -0.010
    23.400    -0.009    -0.008    -0.008
    23.410    -0.013    -0.012    -0.008
    23.420    -0.015    -0.011    -0.010
    23.430    -0.017    -0.010    -0.007
    23.440    -0.014    -0.012    -0.006
    23.450    -0.006    -0.011    -0.001
    23.460     0.001    -0.008     0.007
    23.470     0.005    -0.007     0.010
    23.480     0.007    -0.009     0.011
    23.490     0.009    -0.009     0.007
    23.500     0.007    -0.006     0.003
    23.510     0.009    -0.004    -0.002
    23.520     0.007     0.002    -0.003
    23.530     0.003     0.005    -0.003
    23.540     0.007     0.007    -0.004
    23.550     0.012     0.012    -0.007
    23.560     0.012     0.015    -0.012
    23.570     0.007     0.013    -0.012
    23.580     0.000     0.008    -0.009
    23.590    -0.006     0.007    -0.007
    23.600    -0.011     0.001     0.000
    23.610    -0.012    -0.001     0.001
    23.620    -0.010    -0.002    -0.002
    23.630    -0.011    -0.004     0.001
    23.640    -0.011    -0.003     0.002
    23.650    -0.010    -0.008     0.008
    23.660    -0.013    -0.008     0.012
    23.670    -0.014    -0.011     0.015
    23.680    -0.009    -0.012     0.016
    23.690    -0.001    -0.005     0.010
    23.700     0.007    -0.003     0.010
    23.710     0.013     0.006     0.007
    23.720     0.017     0.010     0.005
    23.730     0.017     0.012     0.007
    23.740     0.013     0.014     0.003
    23.750     0.011     0.016    -0.003
    23.760     0.007     0.018    -0.003
    23.770     0.000     0.014    -0.006
    23.780    -0.002     0.011    -0.011
    23.790    -0.003     0.005    -0.011
    23.800    -0.008    -0.006    -0.009
    23.810    -0.012    -0.016    -0.003
    23.820    -0.016    -0.019    -0.002
    23.830    -0.019    -0.017    -0.002
    23.840    -0.018    -0.014    -0.004
    23.850    -0.012    -0.011    -0.010
    23.860    -0.008    -0.011    -0.006
    23.870    -0.004    -0.011    -0.003
    23.880     0.005    -0.009    -0.001
    23.890     0.010    -0.003    -0.001
    23.900     0.012     0.009     0.001
    23.910     0.015     0.018     0.005
    23.920     0.018     0.021     0.001
    23.930     0.017     0.023     0.000
    23.940     0.014     0.018     0.000
    23.950     0.014     0.013    -0.001
    23.960     0.009     0.010     0.003
    23.970     0.001     0.007     0.002
    23.980    -0.003     0.003    -0.001
    23.990    -0.010     0.001    -0.001
    24.000    -0.015    -0.003    -0.003
    24.010    -0.018    -0.007    -0.006
    24.020    -0.022    -0.011    -0.002
    24.030    -0.024    -0.015     0.005
    24.040    -0.024    -0.019     0.003
    24.050    -0.018    -0.019     0.001
    24.060    -0.011    -0.015     0.002
    24.070    -0.005    -0.008     0.002
    24.080     0.000    -0.005     0.003
    24.090     0.006    -0.001     0.001
    24.100     0.011     0.003     0.000
    24.110     0.017     0.006    -0.005
    24.120     0.020     0.011    -0.009
    24.130     0.020     0.012    -0.006
    24.140     0.019     0.012    -0.005
    24.150     0.016     0.009     0.001
    24.160     0.014     0.009     0.004
    24.170     0.009     0.009     0.004
    24.180     0.006     0.008     0.005
    24.190     0.005     0.009     0.004
    24.200     0.001     0.007     0.008
    24.210    -0.003     0.007     0.008
    24.220    -0.006     0.005     0.003
    24.230    -0.011     0.001     0.000
    24.240    -0.016    -0.004    -0.002
    24.250    -0.024    -0.012    -0.004
    24.260    -0.030    -0.017    -0.004
    24.270    -0.034    -0.024    -0.003
    24.280    -0.028    -0.024    -0.004
    24.290    -0.016    -0.018    -0.003
    24.300    -0.005    -0.012     0.002
    24.310     0.004    -0.005     0.005
    24.320     0.014     0.004     0.005
    24.330     0.018     0.014     0.005
    24.340     0.021     0.020     0.003
    24.350     0.029     0.027    -0.002
    24.360     0.028     0.027    -0.001
    24.370     0.021     0.020    -0.003
    24.380     0.014     0.014    -0.007
    24.390     0.005     0.011    -0.010
    24.400    -0.001     0.012    -0.011
    24.410    -0.009     0.004    -0.007
    24.420    -0.016    -0.005    -0.001
    24.430    -0.024    -0.010     0.001
    24.440    -0.028    -0.020    -0.003
    24.450    -0.022    -0.024    -0.010
    24.460    -0.019    -0.023    -0.013
    24.470    -0.012    -0.023    -0.011
    24.480    -0.003    -0.020    -0.006
    24.490     0.003    -0.018     0.001
    24.500     0.012    -0.009     0.010
    24.510     0.019     0.000     0.016
    24.520     0.019     0.009     0.015
    24.530     0.013     0.018     0.015
    24.540     0.010     0.024     0.007
    24.550     0.007     0.028     0.001
    24.560     0.001     0.029    -0.001
    24.570    -0.004     0.024    -0.001
    24.580    -0.008     0.015     0.002
    24.590    -0.007     0.008     0.001
    24.600    -0.010     0.003     0.002
    24.610    -0.012    -0.003     0.000
    24.620    -0.010    -0.007    -0.003
    24.630    -0.014    -0.012    -0.003
    24.640    -0.017    -0.019    -0.005
    24.650    -0.011    -0.021    -0.007
    24.660    -0.007    -0.025    -0.010
    24.670     0.001    -0.025    -0.011
    24.680     0.015    -0.020    -0.005
    24.690     0.025    -0.011     0.000
    24.700     0.028    -0.005     0.003
    24.710     0.022     0.001    -0.003
    24.720     0.011     0.007    -0.007
    24.730     0.002     0.013    -0.011
    24.740    -0.008     0.018    -0.014
    24.750    -0.016     0.020    -0.011
    24.760    -0.019     0.022    -0.005
    24.770    -0.017     0.024     0.005
    24.780    -0.008     0.024     0.012
    24.790     0.000     0.023     0.016
    24.800     0.001     0.017     0.019
    24.810     0.000     0.004     0.014
    24.820    -0.004    -0.007     0.009
    24.830    -0.010    -0.016     0.003
    24.840    -0.011    -0.025    -0.002
    24.850    -0.008    -0.030    -0.002
    24.860    -0.005    -0.025    -0.001
    24.870    -0.005    -0.022     0.002
    24.880    -0.001    -0.018    -0.002
    24.890     0.003    -0.014    -0.003
    24.900     0.009    -0.010    -0.003
    24.910     0.014    -0.003    -0.008
    24.920     0.015     0.002    -0.012
    24.930     0.014     0.007    -0.013
    24.940     0.012     0.012    -0.013
    24.950     0.011     0.020    -0.009
    24.960     0.004     0.028     0.000
    24.970    -0.005     0.030     0.006
    24.980    -0.010     0.030     0.011
    24.990    -0.017     0.026     0.013
    25.000    -0.017     0.017     0.012
    25.010    -0.012     0.006     0.007
    25.020    -0.008    -0.007    -0.003
    25.030     0.000    -0.020    -0.003
    25.040     0.006    -0.030    -0.001
    25.050     0.011    -0.030    -0.002
    25.060     0.012    -0.027    -0.004
    25.070     0.007    -0.022    -0.009
    25.080     0.002    -0.017    -0.013
    25.090     0.000    -0.014    -0.014
    25.100    -0.001    -0.009    -0.016
    25.110     0.001    -0.002    -0.016
    25.120     0.004     0.006    -0.014
    25.130     0.004     0.013    -0.007
    25.140    -0.001     0.016    -0.001
    25.150    -0.006     0.021     0.002
    25.160    -0.011     0.026     0.006
    25.170    -0.017     0.025     0.007
    25.180    -0.017     0.021     0.005
    25.190    -0.012     0.015     0.009
    25.200    -0.007     0.012     0.011
    25.210    -0.002     0.005     0.011
    25.220     0.001    -0.005     0.012
    25.230     0.004    -0.013     0.013
    25.240     0.009    -0.018     0.009
    25.250     0.012    -0.016     0.000
    25.260     0.008    -0.014    -0.003
    25.270     0.000    -0.017    -0.008
    25.280    -0.003    -0.020    -0.011
    25.290    -0.001    -0.019    -0.014
    25.300     0.000    -0.015    -0.013
    25.310     0.000    -0.007    -0.007
    25.320     0.001    -0.001    -0.006
    25.330     0.000     0.007    -0.002
    25.340     0.003     0.012    -0.003
    25.350     0.004     0.016    -0.007
    25.360     0.003     0.018     0.000
    25.370     0.001     0.017     0.003
    25.380     0.003     0.015     0.003
    25.390     0.006     0.010     0.001
    25.400     0.002     0.005     0.005
    25.410     0.001     0.000     0.009
    25.420    -0.001     0.001     0.006
    25.430    -0.002     0.002     0.009
    25.440    -0.007    -0.001     0.010
    25.450    -0.013    -0.006     0.006
    25.460    -0.014    -0.014     0.006
    25.470    -0.014    -0.017     0.002
    25.480    -0.007    -0.015    -0.004
    25.490    -0.002    -0.012    -0.008
    25.500    -0.004    -0.008    -0.010
    25.510    -0.003    -0.007    -0.016
    25.520    -0.004     0.004    -0.020
    25.530    -0.003     0.012    -0.019
    25.540     0.004     0.013    -0.019
    25.550     0.013     0.018    -0.016
    25.560     0.017     0.015    -0.011
    25.570     0.014     0.010    -0.002
    25.580     0.010     0.007     0.005
    25.590     0.005     0.004     0.010
    25.600    -0.003     0.002     0.011
    25.610    -0.012    -0.003     0.008
    25.620    -0.019    -0.004     0.007
    25.630    -0.023    -0.010     0.005
    25.640    -0.020    -0.015     0.005
    25.650    -0.014    -0.018     0.003
    25.660    -0.009    -0.022     0.003
    25.670    -0.002    -0.018     0.002
    25.680     0.006    -0.013    -0.003
    25.690     0.009    -0.005    -0.003
    25.700     0.006     0.005    -0.004
    25.710     0.006     0.010    -0.006
    25.720     0.008     0.017    -0.009
    25.730     0.009     0.021    -0.008
    25.740     0.014     0.023    -0.004
    25.750     0.018     0.022    -0.007
    25.760     0.018     0.021    -0.002
    25.770     0.017     0.018     0.004
    25.780     0.013     0.008     0.002
    25.790     0.005     0.003     0.009
    25.800    -0.005    -0.003     0.012
    25.810    -0.014    -0.009     0.014
    25.820    -0.023    -0.011     0.013
    25.830    -0.029    -0.014     0.013
    25.840    -0.027    -0.015     0.018
    25.850    -0.022    -0.014     0.013
    25.860    -0.017    -0.012     0.010
    25.870    -0.014    -0.010     0.004
    25.880    -0.005    -0.008    -0.008
    25.890     0.001    -0.006    -0.013
    25.900     0.004    -0.005    -0.020
    25.910     0.009    -0.006    -0.022
    25.920     0.015    -0.003    -0.022
    25.930     0.022     0.001    -0.021
    25.940     0.027     0.007    -0.016
    25.950     0.034     0.017    -0.014
    25.960     0.029     0.026    -0.007
    25.970     0.020     0.032    -0.002
    25.980     0.009     0.033    -0.002
    25.990    -0.008     0.026     0.003
    26.000    -0.021     0.015     0.013
    26.010    -0.033     0.001     0.019
    26.020    -0.039    -0.006     0.021
    26.030    -0.036    -0.014     0.025
    26.040    -0.027    -0.020     0.023
    26.050    -0.013    -0.019     0.017
    26.060    -0.001    -0.019     0.012
    26.070     0.009    -0.015     0.004
    26.080     0.020    -0.016    -0.005
    26.090     0.027    -0.015    -0.014
    26.100     0.029    -0.010    -0.020
    26.110     0.027    -0.008    -0.025
    26.120     0.022    -0.003    -0.028
    26.130     0.013     0.004    -0.023
    26.140     0.007     0.013    -0.017
    26.150     0.001     0.025    -0.010
    26.160    -0.007     0.032     0.001
    26.170    -0.011     0.035     0.009
    26.180    -0.013     0.032     0.013
    26.190    -0.013     0.025     0.022
    26.200    -0.014     0.019     0.025
    26.210    -0.012     0.009     0.020
    26.220    -0.011     0.000     0.017
    26.230    -0.012    -0.012     0.014
    26.240    -0.009    -0.020     0.011
    26.250    -0.002    -0.021     0.002
    26.260     0.003    -0.022    -0.005
    26.270     0.010    -0.021    -0.008
    26.280     0.018    -0.019    -0.017
    26.290     0.021    -0.017    -0.019
    26.300     0.016    -0.013    -0.016
    26.310     0.009    -0.006    -0.013
    26.320     0.001     0.003    -0.010
    26.330    -0.007     0.014    -0.001
    26.340    -0.011     0.022     0.007
    26.350    -0.009     0.029     0.007
    26.360    -0.007     0.029     0.013
    26.370    -0.004     0.023     0.014
    26.380     0.001     0.014     0.011
    26.390     0.003     0.008     0.012
    26.400     0.001     0.004     0.009
    26.410     0.002    -0.005     0.004
    26.420     0.003    -0.009    -0.005
    26.430     0.002    -0.012    -0.012
    26.440     0.003    -0.016    -0.017
    26.450     0.003    -0.017    -0.019
    26.460     0.000    -0.017    -0.013
    26.470    -0.001    -0.014    -0.011
    26.480     0.002    -0.012    -0.008
    26.490     0.003    -0.009    -0.003
    26.500     0.003    -0.006     0.000
    26.510     0.000     0.003     0.000
    26.520    -0.001     0.009    -0.002
    26.530    -0.006     0.012     0.001
    26.540    -0.010     0.012     0.003
    26.550    -0.007     0.012     0.007
    26.560    -0.007     0.012     0.011
    26.570    -0.004     0.010     0.012
    26.580     0.002     0.012     0.011
    26.590     0.002     0.010     0.008
    26.600     0.001     0.007     0.007
    26.610    -0.003     0.004     0.003
    26.620    -0.007     0.002    -0.003
    26.630    -0.004     0.002    -0.003
    26.640    -0.002     0.000    -0.005
    26.650     0.005    -0.001    -0.008
    26.660     0.006    -0.006    -0.011
    26.670     0.003    -0.014    -0.011
    26.680     0.006    -0.020    -0.011
    26.690     0.004    -0.023    -0.011
    26.700     0.004    -0.019    -0.007
    26.710     0.007    -0.009    -0.008
    26.720     0.006     0.005    -0.003
    26.730     0.001     0.014     0.004
    26.740    -0.001     0.017     0.008
    26.750    -0.004     0.021     0.012
    26.760    -0.009     0.019     0.013
    26.770    -0.010     0.014     0.014
    26.780    -0.007     0.007     0.009
    26.790    -0.008     0.002     0.006
    26.800    -0.006    -0.004     0.006
    26.810     0.001    -0.005     0.001
    26.820     0.004    -0.003    -0.003
    26.830     0.009    -0.001    -0.007
    26.840     0.013     0.000    -0.010
    26.850     0.011    -0.002    -0.013
    26.860     0.006    -0.006    -0.011
    26.870    -0.005    -0.011    -0.006
    26.880    -0.009    -0.013    -0.003
    26.890    -0.011    -0.013     0.002
    26.900    -0.012    -0.011     0.007
    26.910    -0.002    -0.008     0.010
    26.920     0.003    -0.002     0.012
    26.930     0.005     0.004     0.013
    26.940     0.006     0.005     0.009
    26.950     0.004     0.007     0.005
    26.960    -0.001     0.009     0.006
    26.970    -0.006     0.009     0.000
    26.980    -0.005     0.009    -0.008
    26.990    -0.002     0.011    -0.009
    27.000    -0.002     0.009    -0.010
    27.010     0.000     0.008    -0.009
    27.020    -0.002     0.008    -0.006
    27.030    -0.005     0.003    -0.003
    27.040    -0.007    -0.003    -0.002
    27.050    -0.005    -0.008    -0.004
    27.060    -0.004    -0.011    -0.001
    27.070     0.001    -0.011     0.000
    27.080     0.006    -0.006     0.001
    27.090     0.005    -0.007     0.004
    27.100     0.001    -0.007     0.004
    27.110     0.001    -0.003     0.004
    27.120     0.005     0.001    -0.002
    27.130     0.005     0.004    -0.007
    27.140     0.008     0.002    -0.013
    27.150     0.008     0.000    -0.017
    27.160     0.001    -0.001    -0.011
    27.170    -0.006     0.002    -0.008
    27.180    -0.010     0.008    -0.002
    27.190    -0.010     0.016     0.006
    27.200    -0.008     0.022     0.008
    27.210    -0.006     0.021     0.010
    27.220    -0.005     0.016     0.010
    27.230    -0.004     0.008     0.013
    27.240    -0.002    -0.002     0.014
    27.250     0.001    -0.007     0.013
    27.260     0.001    -0.014     0.010
    27.270     0.002    -0.020     0.002
    27.280     0.008    -0.018    -0.005
    27.290     0.009    -0.015    -0.011
    27.300     0.007    -0.009    -0.015
    27.310     0.006    -0.006    -0.016
    27.320     0.003    -0.002    -0.014
    27.330    -0.002     0.000    -0.006
    27.340    -0.007     0.001     0.000
    27.350    -0.011     0.006     0.006
    27.360    -0.014     0.006     0.010
    27.370    -0.014     0.005     0.011
    27.380    -0.011     0.008     0.014
    27.390    -0.006     0.009     0.016
    27.400     0.000     0.006     0.018
    27.410     0.007     0.001     0.014
    27.420     0.013     0.000     0.008
    27.430     0.013    -0.001     0.003
    27.440     0.014    -0.002    -0.007
    27.450     0.012     0.001    -0.014
    27.460     0.006    -0.001    -0.015
    27.470     0.000    -0.007    -0.017
    27.480    -0.008    -0.014    -0.018
    27.490    -0.012    -0.014    -0.015
    27.500    -0.014    -0.015    -0.009
    27.510    -0.008    -0.009    -0.005
    27.520    -0.008     0.001    -0.001
    27.530    -0.007     0.006     0.004
    27.540    -0.002     0.012     0.009
    27.550    -0.004     0.011     0.011
    27.560    -0.002     0.010     0.011
    27.570    -0.001     0.008     0.007
    27.580     0.000     0.005     0.004
    27.590     0.002     0.011     0.004
    27.600     0.000     0.008    -0.001
    27.610     0.003     0.004    -0.005
    27.620     0.009     0.003    -0.010
    27.630     0.011    -0.002    -0.012
    27.640     0.006    -0.001    -0.012
    27.650     0.000    -0.001    -0.013
    27.660    -0.008     0.002    -0.012
    27.670    -0.010     0.001    -0.010
    27.680    -0.004    -0.003    -0.007
    27.690    -0.002    -0.008     0.000
    27.700    -0.001    -0.015     0.005
    27.710    -0.002    -0.012     0.002
    27.720    -0.006    -0.006     0.003
    27.730    -0.011     0.000     0.005
    27.740    -0.013     0.002     0.003
    27.750    -0.008     0.005     0.005
    27.760    -0.003     0.004     0.011
    27.770     0.003    -0.002     0.015
    27.780     0.006    -0.003     0.016
    27.790     0.004    -0.003     0.015
    27.800     0.007     0.001     0.011
    27.810     0.006     0.005     0.006
    27.820     0.006     0.008    -0.001
    27.830     0.007     0.007    -0.003
    27.840     0.008     0.004    -0.006
    27.850     0.008     0.008    -0.009
    27.860     0.001     0.007    -0.005
    27.870    -0.007     0.004    -0.007
    27.880    -0.013    -0.001    -0.005
    27.890    -0.015    -0.007    -0.001
    27.900    -0.012    -0.010     0.001
    27.910    -0.004    -0.012     0.002
    27.920     0.001    -0.007    -0.003
    27.930     0.000    -0.002    -0.001
    27.940     0.001    -0.001     0.001
    27.950     0.001     0.003     0.004
    27.960     0.000     0.001     0.011
    27.970     0.001    -0.002     0.009
    27.980     0.003     0.000     0.006
    27.990     0.005     0.000     0.001
    28.000     0.003     0.001    -0.003
    28.010     0.004     0.003    -0.006
    28.020     0.003     0.007    -0.008
    28.030     0.001     0.009    -0.003
    28.040     0.001     0.012    -0.005
    28.050    -0.001     0.015    -0.009
    28.060    -0.005     0.013    -0.010
    28.070    -0.008     0.009    -0.015
    28.080    -0.008     0.006    -0.014
    28.090    -0.006     0.002    -0.012
    28.100    -0.004    -0.003    -0.001
    28.110     0.002    -0.010     0.007
    28.120     0.006    -0.015     0.008
    28.130     0.006    -0.019     0.008
    28.140     0.005    -0.018    -0.001
    28.150     0.006    -0.012    -0.006
    28.160     0.006    -0.006    -0.007
    28.170     0.000    -0.003    -0.005
    28.180    -0.005     0.004     0.004
    28.190    -0.013     0.012     0.011
    28.200    -0.017     0.014     0.016
    28.210    -0.011     0.019     0.015
    28.220    -0.002     0.021     0.017
    28.230     0.006     0.016     0.020
    28.240     0.013     0.012     0.014
    28.250     0.018     0.012     0.005
    28.260     0.015     0.009    -0.001
    28.270     0.009     0.006    -0.007
    28.280     0.004     0.005    -0.015
    28.290    -0.006    -0.001    -0.016
    28.300    -0.012    -0.008    -0.014
    28.310    -0.012    -0.014    -0.014
    28.320    -0.012    -0.020    -0.011
    28.330    -0.013    -0.022    -0.012
    28.340    -0.010    -0.018    -0.008
    28.350    -0.006    -0.007     0.001
    28.360    -0.006    -0.001     0.006
    28.370    -0.003    -0.001     0.013
    28.380     0.005     0.005     0.018
    28.390     0.009     0.006     0.017
    28.400     0.012     0.009     0.016
    28.410     0.013     0.015     0.013
    28.420     0.013     0.015     0.010
    28.430     0.010     0.014     0.011
    28.440     0.007     0.006     0.007
    28.450     0.008     0.004    -0.003
    28.460     0.006     0.006    -0.009
    28.470    -0.001     0.005    -0.015
    28.480    -0.008     0.004    -0.025
    28.490    -0.016    -0.002    -0.028
    28.500    -0.019    -0.008    -0.023
    28.510    -0.013    -0.015    -0.021
    28.520    -0.005    -0.018    -0.011
    28.530    -0.002    -0.021     0.001
    28.540     0.001    -0.022     0.009
    28.550     0.002    -0.017     0.016
    28.560     0.000    -0.014     0.021
    28.570     0.001    -0.004     0.021
    28.580     0.003     0.008     0.019
    28.590     0.004     0.020     0.015
    28.600     0.004     0.024     0.009
    28.610     0.004     0.022     0.001
    28.620     0.003     0.021    -0.006
    28.630    -0.001     0.018    -0.006
    28.640    -0.001     0.018    -0.008
    28.650     0.002     0.016    -0.010
    28.660    -0.003     0.011    -0.010
    28.670    -0.009     0.005    -0.013
    28.680    -0.011    -0.002    -0.013
    28.690    -0.015    -0.005    -0.011
    28.700    -0.010    -0.006    -0.007
    28.710     0.002    -0.003    -0.005
    28.720     0.014    -0.006     0.001
    28.730     0.019    -0.009     0.009
    28.740     0.016    -0.011     0.009
    28.750     0.012    -0.011     0.011
    28.760     0.002    -0.009     0.008
    28.770    -0.005    -0.009     0.007
    28.780    -0.006     0.001     0.013
    28.790    -0.011     0.008     0.014
    28.800    -0.010     0.010     0.009
    28.810    -0.007     0.015     0.000
    28.820    -0.003     0.018    -0.004
    28.830     0.000     0.017    -0.011
    28.840     0.001     0.008    -0.016
    28.850     0.007     0.004    -0.012
    28.860     0.008     0.000    -0.009
    28.870     0.007    -0.005    -0.007
    28.880     0.006    -0.008    -0.008
    28.890    -0.002    -0.009    -0.006
    28.900    -0.008    -0.006    -0.003
    28.910    -0.011    -0.004    -0.003
    28.920    -0.011    -0.006     0.002
    28.930    -0.006    -0.010     0.004
    28.940     0.002    -0.013     0.004
    28.950     0.008    -0.011     0.008
    28.960     0.011    -0.005     0.014
    28.970     0.015     0.001     0.014
    28.980     0.015     0.014     0.010
    28.990     0.006     0.024     0.008
    29.000    -0.006     0.030     0.007
    29.010    -0.015     0.031     0.005
    29.020    -0.023     0.024     0.001
    29.030    -0.025     0.015     0.000
    29.040    -0.018     0.003    -0.004
    29.050    -0.006    -0.006    -0.008
    29.060     0.007    -0.015    -0.013
    29.070     0.015    -0.021    -0.017
    29.080     0.018    -0.017    -0.013
    29.090     0.015    -0.012    -0.008
    29.100     0.007    -0.004     0.002
    29.110    -0.002     0.001     0.006
    29.120    -0.010     0.007     0.007
    29.130    -0.011     0.011     0.009
    29.140    -0.007     0.010     0.003
    29.150     0.002     0.009     0.003
    29.160     0.008     0.005     0.002
    29.170     0.008     0.001     0.001
    29.180     0.010     0.002     0.001
    29.190     0.007     0.004    -0.002
    29.200     0.001     0.004    -0.001
    29.210     0.002     0.008     0.001
    29.220     0.000     0.011     0.006
    29.230    -0.002     0.014     0.007
    29.240    -0.001     0.016     0.003
    29.250    -0.001     0.013     0.004
    29.260    -0.003     0.010     0.007
    29.270    -0.004     0.005     0.006
    29.280    -0.004    -0.003    -0.002
    29.290    -0.001    -0.009    -0.012
    29.300     0.002    -0.013    -0.017
    29.310     0.006    -0.016    -0.019
    29.320     0.005    -0.016    -0.019
    29.330     0.001    -0.012    -0.013
    29.340    -0.002    -0.004    -0.008
    29.350    -0.002     0.008     0.005
    29.360    -0.007     0.017     0.018
    29.370    -0.008     0.017     0.025
    29.380    -0.005     0.014     0.027
    29.390    -0.003     0.007     0.025
    29.400     0.001    -0.002     0.016
    29.410     0.002    -0.011     0.004
    29.420     0.002    -0.013    -0.007
    29.430     0.001    -0.012    -0.010
    29.440    -0.003    -0.005    -0.014
    29.450    -0.005     0.001    -0.014
    29.460    -0.008     0.003    -0.008
    29.470    -0.007     0.004    -0.006
    29.480    -0.001     0.005    -0.005
    29.490     0.001     0.007     0.000
    29.500     0.002     0.007     0.004
    29.510     0.006     0.005     0.004
    29.520     0.006     0.007     0.006
    29.530     0.003     0.005     0.006
    29.540     0.004     0.002     0.003
    29.550     0.004     0.001    -0.002
    29.560     0.003    -0.004     0.003
    29.570     0.003    -0.006     0.009
    29.580     0.003    -0.008     0.013
    29.590     0.000    -0.007     0.016
    29.600    -0.002    -0.007     0.010
    29.610     0.001    -0.005     0.005
    29.620    -0.004     0.001    -0.002
    29.630    -0.009     0.004    -0.010
    29.640    -0.007     0.003    -0.017
    29.650    -0.004     0.004    -0.021
    29.660     0.001     0.004    -0.014
    29.670     0.003     0.003    -0.010
    29.680     0.008     0.003    -0.005
    29.690     0.010     0.001     0.003
    29.700     0.005    -0.001     0.005
    29.710     0.003     0.002     0.007
    29.720    -0.006     0.003     0.010
    29.730    -0.014     0.000     0.012
    29.740    -0.012     0.000     0.008
    29.750    -0.008    -0.005     0.006
    29.760    -0.003    -0.006     0.006
    29.770     0.001    -0.007     0.003
    29.780     0.004    -0.003    -0.002
    29.790     0.005     0.005    -0.003
    29.800     0.002     0.010    -0.004
    29.810     0.000     0.014    -0.005
    29.820    -0.005     0.014    -0.001
    29.830    -0.008     0.011     0.001
    29.840    -0.007     0.007     0.003
    29.850    -0.005     0.005     0.001
    29.860    -0.006     0.000     0.001
    29.870    -0.005    -0.007     0.001
    29.880    -0.004    -0.007    -0.006
    29.890    -0.003    -0.007    -0.009
    29.900     0.003    -0.005    -0.008
    29.910     0.010     0.000    -0.003
    29.920     0.011     0.000    -0.001
    29.930     0.011     0.000     0.000
    29.940     0.012    -0.001     0.003
    29.950     0.006    -0.001     0.002
    29.960    -0.003    -0.002     0.003
    29.970    -0.010    -0.001     0.000
    29.980    -0.013     0.003    -0.003
    29.990    -0.014     0.005     0.002
    30.000    -0.009     0.004     0.003
    30.010    -0.001     0.002     0.002
    30.020     0.001     0.001     0.004
    30.030     0.004    -0.002     0.005
    30.040     0.004    -0.006     0.002
    30.050     0.004    -0.006     0.000
    30.060     0.002    -0.004    -0.003
    30.070     0.000    -0.001    -0.004
    30.080    -0.003    -0.003    -0.005
    30.090    -0.007    -0.004    -0.006
    30.100    -0.008    -0.006    -0.002
    30.110    -0.005    -0.010     0.000
    30.120    -0.004    -0.008     0.003
    30.130    -0.004    -0.005     0.009
    30.140     0.002     0.003     0.006
    30.150     0.001     0.010     0.004
    30.160    -0.006     0.010     0.002
    30.170    -0.008     0.007    -0.002
    30.180    -0.010     0.004    -0.002
    30.190    -0.010     0.002     0.002
    30.200    -0.006     0.001     0.003
    30.210     0.000     0.003     0.002
    30.220     0.002     0.007     0.005
    30.230     0.005     0.007     0.005
    30.240     0.009     0.007     0.000
    30.250     0.006     0.008    -0.002
    30.260     0.001     0.006    -0.004
    30.270    -0.002     0.005    -0.005
    30.280     0.000     0.003    -0.009
    30.290     0.002    -0.001    -0.011
    30.300     0.004    -0.006    -0.010
    30.310     0.005    -0.006    -0.009
    30.320     0.003    -0.005    -0.004
    30.330     0.002    -0.003    -0.004
    30.340     0.002     0.000    -0.003
    30.350     0.000     0.002     0.007
    30.360    -0.009     0.000     0.010
    30.370    -0.016    -0.002     0.015
    30.380    -0.015     0.000     0.014
    30.390    -0.013    -0.001     0.009
    30.400    -0.005    -0.003     0.007
    30.410     0.004    -0.009    -0.002
    30.420     0.003    -0.013    -0.005
    30.430     0.002    -0.012    -0.005
    30.440     0.004    -0.008    -0.007
    30.450     0.000     0.000    -0.002
    30.460    -0.005     0.003    -0.003
    30.470    -0.007    -0.003    -0.008
    30.480    -0.007    -0.006    -0.008
    30.490    -0.007    -0.007    -0.006
    30.500    -0.006    -0.003    -0.005
    30.510    -0.005     0.000    -0.006
    30.520    -0.009     0.001    -0.002
    30.530    -0.008     0.004     0.004
    30.540    -0.004     0.007     0.004
    30.550     0.000     0.007     0.005
    30.560     0.004     0.008     0.007
    30.570     0.007     0.006     0.003
    30.580     0.009     0.004     0.001
    30.590     0.005     0.000    -0.001
    30.600     0.002    -0.002    -0.004
    30.610     0.000    -0.003    -0.004
    30.620    -0.007    -0.002    -0.004
    30.630    -0.011     0.001    -0.003
    30.640    -0.010    -0.002    -0.005
    30.650    -0.008    -0.003    -0.004
    30.660     0.000    -0.004     0.003
    30.670     0.006    -0.001     0.007
    30.680     0.012     0.001     0.005
    30.690     0.012     0.003     0.004
    30.700     0.009     0.001    -0.001
    30.710     0.004    -0.002    -0.008
    30.720    -0.004    -0.001    -0.007
    30.730    -0.008    -0.003    -0.009
    30.740    -0.009     0.000    -0.013
    30.750    -0.011     0.002    -0.009
    30.760    -0.013    -0.001    -0.007
    30.770    -0.011    -0.004    -0.008
    30.780    -0.008    -0.008    -0.005
    30.790    -0.006    -0.012    -0.002
    30.800     0.000    -0.012     0.004
    30.810     0.004    -0.005     0.006
    30.820     0.003     0.000     0.008
    30.830     0.004     0.005     0.014
    30.840     0.006     0.007     0.017
    30.850     0.005     0.006     0.019
    30.860     0.003     0.006     0.013
    30.870     0.003     0.003     0.005
    30.880     0.004     0.006    -0.005
    30.890     0.002     0.006    -0.013
    30.900    -0.001     0.005    -0.014
    30.910    -0.004     0.001    -0.013
    30.920    -0.010    -0.007    -0.009
    30.930    -0.014    -0.010    -0.007
    30.940    -0.012    -0.015    -0.008
    30.950    -0.009    -0.011    -0.004
    30.960    -0.009    -0.007     0.000
    30.970    -0.005    -0.002     0.002
    30.980     0.001     0.005     0.001
    30.990     0.005     0.009     0.002
    31.000     0.012     0.016     0.003
    31.010     0.013     0.017     0.002
    31.020     0.007     0.009     0.006
    31.030     0.000     0.002     0.003
    31.040    -0.008    -0.007     0.004
    31.050    -0.020    -0.009     0.004
    31.060    -0.035    -0.012     0.002
    31.070    -0.041    -0.010     0.000
    31.080    -0.045    -0.006    -0.010
    31.090    -0.043    -0.010    -0.013
    31.100    -0.034    -0.011    -0.014
    31.110    -0.019    -0.009    -0.015
    31.120    -0.004     0.000    -0.010
    31.130     0.003     0.004    -0.006
    31.140     0.010     0.004     0.000
    31.150     0.011     0.006     0.005
    31.160     0.007     0.002     0.008
    31.170     0.005     0.000     0.007
    31.180     0.002     0.001     0.003
    31.190     0.004     0.002     0.001
    31.200     0.007     0.001    -0.004
    31.210     0.011     0.001    -0.009
    31.220     0.012     0.004    -0.011
    31.230     0.010    -0.001    -0.016
    31.240     0.014    -0.003    -0.024
    31.250     0.021    -0.011    -0.029
    31.260     0.031    -0.015    -0.030
    31.270     0.045    -0.012    -0.030
    31.280     0.051    -0.011    -0.022
    31.290     0.048    -0.004    -0.014
    31.300     0.038    -0.002    -0.006
    31.310     0.018     0.004    -0.005
    31.320    -0.006     0.009    -0.005
    31.330    -0.025     0.007    -0.007
    31.340    -0.037     0.007    -0.013
    31.350    -0.049     0.004    -0.015
    31.360    -0.064     0.001    -0.017
    31.370    -0.074    -0.003    -0.019
    31.380    -0.080    -0.002    -0.018
    31.390    -0.082     0.000    -0.012
    31.400    -0.067     0.003    -0.003
    31.410    -0.036     0.011     0.003
    31.420    -0.003     0.014     0.009
    31.430     0.024     0.016     0.009
    31.440     0.044     0.013     0.010
    31.450     0.048     0.007     0.015
    31.460     0.041     0.004     0.015
    31.470     0.025     0.005     0.010
    31.480     0.001     0.014    -0.001
    31.490    -0.029     0.022    -0.008
    31.500    -0.059     0.029    -0.012
    31.510    -0.080     0.030    -0.015
    31.520    -0.078     0.026    -0.017
    31.530    -0.050     0.022    -0.025
    31.540    -0.006     0.017    -0.028
    31.550     0.037     0.009    -0.022
    31.560     0.063    -0.001    -0.012
    31.570     0.086    -0.006     0.005
    31.580     0.118    -0.005     0.022
    31.590     0.154    -0.004     0.040
    31.600     0.191    -0.003     0.050
    31.610     0.201    -0.005     0.051
    31.620     0.169    -0.004     0.049
    31.630     0.101    -0.004     0.040
    31.640     0.013    -0.007     0.025
    31.650    -0.065    -0.012     0.006
    31.660    -0.102    -0.021    -0.011
    31.670    -0.095    -0.025    -0.019
    31.680    -0.073    -0.029    -0.020
    31.690    -0.063    -0.035    -0.023
    31.700    -0.070    -0.040    -0.028
    31.710    -0.076    -0.045    -0.031
    31.720    -0.062    -0.046    -0.028
    31.730    -0.022    -0.036    -0.019
    31.740     0.023    -0.018    -0.006
    31.750     0.045     0.007     0.014
    31.760     0.035     0.028     0.029
    31.770     0.001     0.042     0.038
    31.780    -0.032     0.056     0.038
    31.790    -0.056     0.067     0.032
    31.800    -0.067     0.069     0.026
    31.810    -0.075     0.068     0.014
    31.820    -0.091     0.062     0.010
    31.830    -0.098     0.053     0.008
    31.840    -0.080     0.041     0.003
    31.850    -0.030     0.018     0.001
    31.860     0.031    -0.011    -0.006
    31.870     0.084    -0.037    -0.012
    31.880     0.121    -0.049    -0.008
    31.890     0.142    -0.057     0.000
    31.900     0.152    -0.059     0.004
    31.910     0.147    -0.051     0.006
    31.920     0.116    -0.034     0.014
    31.930     0.055    -0.006     0.029
    31.940    -0.013     0.024     0.046
    31.950    -0.071     0.053     0.068
    31.960    -0.104     0.073     0.084
    31.970    -0.101     0.074     0.084
    31.980    -0.077     0.067     0.082
    31.990    -0.052     0.046     0.078
    32.000    -0.021     0.017     0.078
    32.010     0.010    -0.019     0.073
    32.020     0.037    -0.067     0.055
    32.030     0.062    -0.111     0.026
    32.040     0.080    -0.151    -0.014
    32.050     0.081    -0.171    -0.050
    32.060     0.062    -0.177    -0.075
    32.070     0.032    -0.169    -0.088
    32.080     0.001    -0.132    -0.089
    32.090    -0.030    -0.068    -0.083
    32.100    -0.062     0.007    -0.077
    32.110    -0.095     0.073    -0.066
    32.120    -0.128     0.121    -0.042
    32.130    -0.155     0.138    -0.016
    32.140    -0.168     0.137     0.007
    32.150    -0.159     0.131     0.022
    32.160    -0.110     0.115     0.030
    32.170    -0.013     0.090     0.023
    32.180     0.101     0.050     0.005
    32.190     0.185     0.001    -0.015
    32.200     0.217    -0.046    -0.045
    32.210     0.198    -0.084    -0.073
    32.220     0.144    -0.098    -0.090
    32.230     0.086    -0.096    -0.106
    32.240     0.034    -0.072    -0.112
    32.250    -0.017    -0.037    -0.104
    32.260    -0.067    -0.002    -0.082
    32.270    -0.105     0.031    -0.045
    32.280    -0.118     0.063    -0.005
    32.290    -0.103     0.086     0.032
    32.300    -0.067     0.097     0.058
    32.310    -0.038     0.084     0.066
    32.320    -0.037     0.040     0.075
    32.330    -0.051    -0.017     0.083
    32.340    -0.055    -0.068     0.081
    32.350    -0.034    -0.091     0.076
    32.360     0.001    -0.084     0.061
    32.370     0.043    -0.054     0.043
    32.380     0.086    -0.011     0.026
    32.390     0.114     0.023     0.007
    32.400     0.117     0.038    -0.012
    32.410     0.093     0.045    -0.040
    32.420     0.047     0.043    -0.065
    32.430     0.005     0.042    -0.068
    32.440    -0.027     0.036    -0.053
    32.450    -0.056     0.026    -0.020
    32.460    -0.078     0.014     0.006
    32.470    -0.088    -0.008     0.010
    32.480    -0.082    -0.028     0.002
    32.490    -0.054    -0.045    -0.013
    32.500     0.001    -0.055    -0.026
    32.510     0.064    -0.043    -0.034
    32.520     0.101    -0.022    -0.035
    32.530     0.097     0.007    -0.034
    32.540     0.066     0.038    -0.034
    32.550     0.026     0.071    -0.012
    32.560     0.007     0.103     0.027
    32.570     0.014     0.121     0.065
    32.580     0.027     0.130     0.090
    32.590     0.034     0.124     0.095
    32.600     0.026     0.112     0.082
    32.610     0.010     0.091     0.056
    32.620    -0.011     0.056     0.022
    32.630    -0.037     0.002    -0.014
    32.640    -0.067    -0.061    -0.042
    32.650    -0.100    -0.113    -0.055
    32.660    -0.126    -0.150    -0.056
    32.670    -0.134    -0.164    -0.043
    32.680    -0.115    -0.161    -0.020
    32.690    -0.072    -0.144     0.007
    32.700    -0.016    -0.113     0.033
    32.710     0.040    -0.065     0.056
    32.720     0.072    -0.004     0.076
    32.730     0.084     0.054     0.080
    32.740     0.082     0.094     0.070
    32.750     0.068     0.111     0.058
    32.760     0.057     0.107     0.039
    32.770     0.051     0.092     0.018
    32.780     0.050     0.076    -0.003
    32.790     0.035     0.058    -0.022
    32.800    -0.001     0.027    -0.040
    32.810    -0.047    -0.012    -0.060
    32.820    -0.084    -0.058    -0.073
    32.830    -0.093    -0.102    -0.077
    32.840    -0.074    -0.140    -0.068
    32.850    -0.041    -0.165    -0.040
    32.860    -0.010    -0.177    -0.006
    32.870     0.018    -0.173     0.028
    32.880     0.049    -0.139     0.057
    32.890     0.088    -0.083     0.080
    32.900     0.131    -0.012     0.091
    32.910     0.144     0.058     0.086
    32.920     0.105     0.110     0.066
    32.930     0.022     0.146     0.024
    32.940    -0.075     0.163    -0.031
    32.950    -0.155     0.166    -0.082
    32.960    -0.200     0.153    -0.118
    32.970    -0.196     0.124    -0.128
    32.980    -0.142     0.086    -0.116
    32.990    -0.065     0.025    -0.088
    33.000     0.018    -0.039    -0.060
    33.010     0.082    -0.101    -0.041
    33.020     0.104    -0.154    -0.035
    33.030     0.089    -0.170    -0.041
    33.040     0.049    -0.148    -0.048
    33.050     0.009    -0.084    -0.049
    33.060    -0.014     0.000    -0.045
    33.070    -0.012     0.085    -0.036
    33.080     0.008     0.159    -0.026
    33.090     0.024     0.207    -0.013
    33.100     0.018     0.221    -0.007
    33.110    -0.023     0.203    -0.005
    33.120    -0.088     0.158     0.000
    33.130    -0.142     0.091     0.016
    33.140    -0.159     0.019     0.050
    33.150    -0.129    -0.045     0.095
    33.160    -0.055    -0.092     0.143
    33.170     0.045    -0.108     0.169
    33.180     0.141    -0.100     0.166
    33.190     0.205    -0.078     0.132
    33.200     0.211    -0.066     0.071
    33.210     0.165    -0.061     0.011
    33.220     0.094    -0.049    -0.039
    33.230     0.032    -0.031    -0.073
    33.240     0.001     0.001    -0.089
    33.250    -0.011     0.032    -0.077
    33.260    -0.024     0.042    -0.033
    33.270    -0.049     0.023     0.020
    33.280    -0.086    -0.020     0.067
    33.290    -0.112    -0.073     0.094
    33.300    -0.099    -0.126     0.094
    33.310    -0.047    -0.157     0.084
    33.320     0.021    -0.164     0.074
    33.330     0.078    -0.145     0.066
    33.340     0.103    -0.107     0.064
    33.350     0.096    -0.068     0.062
    33.360     0.071    -0.028     0.046
    33.370     0.049     0.013     0.008
    33.380     0.048     0.062    -0.038
    33.390     0.073     0.114    -0.082
    33.400     0.123     0.160    -0.126
    33.410     0.165     0.194    -0.163
    33.420     0.163     0.200    -0.182
    33.430     0.109     0.183    -0.175
    33.440     0.015     0.148    -0.143
    33.450    -0.092     0.100    -0.089
    33.460    -0.182     0.041    -0.023
    33.470    -0.228    -0.012     0.044
    33.480    -0.225    -0.038     0.105
    33.490    -0.167    -0.041     0.144
    33.500    -0.063    -0.022     0.149
    33.510     0.050    -0.004     0.121
    33.520     0.132     0.000     0.075
    33.530     0.151     0.001     0.022
    33.540     0.113     0.005    -0.029
    33.550     0.046     0.020    -0.061
    33.560    -0.017     0.037    -0.082
    33.570    -0.053     0.058    -0.098
    33.580    -0.069     0.083    -0.105
    33.590    -0.057     0.102    -0.110
    33.600    -0.022     0.112    -0.116
    33.610     0.003     0.087    -0.114
    33.620    -0.002     0.023    -0.089
    33.630    -0.045    -0.067    -0.040
    33.640    -0.099    -0.152     0.027
    33.650    -0.127    -0.198     0.104
    33.660    -0.112    -0.196     0.169
    33.670    -0.049    -0.147     0.205
    33.680     0.028    -0.071     0.201
    33.690     0.088     0.003     0.152
    33.700     0.128     0.052     0.067
    33.710     0.144     0.064    -0.034
    33.720     0.133     0.045    -0.121
    33.730     0.094     0.007    -0.170
    33.740     0.032    -0.033    -0.173
    33.750    -0.049    -0.072    -0.130
    33.760    -0.127    -0.107    -0.063
    33.770    -0.167    -0.139     0.002
    33.780    -0.150    -0.164     0.053
    33.790    -0.090    -0.171     0.076
    33.800    -0.026    -0.153     0.075
    33.810    -0.002    -0.105     0.055
    33.820    -0.034    -0.042     0.023
    33.830    -0.084     0.015    -0.007
    33.840    -0.109     0.059    -0.026
    33.850    -0.091     0.083    -0.022
    33.860    -0.037     0.086     0.001
    33.870     0.033     0.073     0.030
    33.880     0.106     0.048     0.056
    33.890     0.167     0.021     0.061
    33.900     0.203     0.004     0.038
    33.910     0.189     0.009     0.001
    33.920     0.112     0.031    -0.028
    33.930    -0.004     0.071    -0.038
    33.940    -0.135     0.120    -0.029
    33.950    -0.237     0.149     0.004
    33.960    -0.270     0.143     0.036
    33.970    -0.222     0.102     0.059
    33.980    -0.114     0.050     0.059
    33.990     0.018     0.010     0.030
    34.000     0.140     0.003    -0.009
    34.010     0.209     0.015    -0.054
    34.020     0.205     0.017    -0.074
    34.030     0.150     0.004    -0.062
    34.040     0.086    -0.029    -0.031
    34.050     0.054    -0.071     0.025
    34.060     0.061    -0.107     0.072
    34.070     0.087    -0.121     0.095
    34.080     0.097    -0.093     0.087
    34.090     0.087    -0.039     0.039
    34.100     0.063     0.030    -0.027
    34.110     0.022     0.089    -0.092
    34.120    -0.040     0.117    -0.126
    34.130    -0.117     0.116    -0.123
    34.140    -0.178     0.082    -0.080
    34.150    -0.199     0.014     0.001
    34.160    -0.172    -0.080     0.089
    34.170    -0.103    -0.163     0.153
    34.180    -0.029    -0.213     0.168
    34.190     0.033    -0.215     0.125
    34.200     0.072    -0.173     0.041
    34.210     0.078    -0.119    -0.064
    34.220     0.055    -0.069    -0.163
    34.230     0.021    -0.023    -0.240
    34.240    -0.009     0.019    -0.269
    34.250    -0.019     0.062    -0.236
    34.260    -0.012     0.103    -0.138
    34.270     0.008     0.137     0.000
    34.280     0.040     0.159     0.133
    34.290     0.091     0.161     0.222
    34.300     0.140     0.143     0.237
    34.310     0.137     0.098     0.184
    34.320     0.055     0.034     0.095
    34.330    -0.078    -0.031     0.003
    34.340    -0.200    -0.086    -0.064
    34.350    -0.253    -0.123    -0.099
    34.360    -0.231    -0.139    -0.096
    34.370    -0.153    -0.127    -0.065
    34.380    -0.067    -0.076    -0.023
    34.390    -0.010     0.002     0.016
    34.400     0.019     0.081     0.038
    34.410     0.021     0.135     0.039
    34.420     0.007     0.148     0.033
    34.430    -0.005     0.132     0.028
    34.440    -0.008     0.111     0.038
    34.450     0.012     0.104     0.074
    34.460     0.052     0.112     0.116
    34.470     0.093     0.111     0.139
    34.480     0.120     0.091     0.128
    34.490     0.133     0.044     0.079
    34.500     0.140    -0.023    -0.001
    34.510     0.116    -0.093    -0.092
    34.520     0.048    -0.160    -0.161
    34.530    -0.040    -0.200    -0.199
    34.540    -0.104    -0.204    -0.194
    34.550    -0.117    -0.166    -0.142
    34.560    -0.080    -0.102    -0.067
    34.570    -0.027    -0.033     0.007
    34.580     0.014     0.026     0.062
    34.590     0.036     0.048     0.088
    34.600     0.044     0.039     0.078
    34.610     0.024     0.008     0.044
    34.620    -0.024    -0.029     0.004
    34.630    -0.080    -0.042    -0.036
    34.640    -0.124    -0.024    -0.075
    34.650    -0.142     0.015    -0.112
    34.660    -0.130     0.052    -0.156
    34.670    -0.081     0.058    -0.201
    34.680    -0.010     0.028    -0.225
    34.690     0.073    -0.023    -0.214
    34.700     0.148    -0.063    -0.165
    34.710     0.180    -0.084    -0.078
    34.720     0.164    -0.091     0.031
    34.730     0.117    -0.085     0.137
    34.740     0.062    -0.059     0.208
    34.750     0.007    -0.007     0.237
    34.760    -0.041     0.076     0.224
    34.770    -0.073     0.182     0.184
    34.780    -0.093     0.292     0.126
    34.790    -0.103     0.388     0.043
    34.800    -0.098     0.449    -0.051
    34.810    -0.060     0.454    -0.128
    34.820     0.012     0.393    -0.160
    34.830     0.111     0.278    -0.137
    34.840     0.211     0.125    -0.072
    34.850     0.266    -0.043     0.016
    34.860     0.260    -0.206     0.099
    34.870     0.194    -0.333     0.151
    34.880     0.089    -0.407     0.173
    34.890    -0.008    -0.420     0.167
    34.900    -0.068    -0.369     0.133
    34.910    -0.103    -0.264     0.095
    34.920    -0.137    -0.130     0.072
    34.930    -0.162     0.011     0.064
    34.940    -0.169     0.134     0.069
    34.950    -0.141     0.214     0.078
    34.960    -0.085     0.233     0.085
    34.970    -0.030     0.187     0.083
    34.980    -0.010     0.088     0.068
    34.990    -0.032    -0.037     0.045
    35.000    -0.069    -0.163     0.018
    35.010    -0.100    -0.276    -0.007
    35.020    -0.114    -0.361    -0.018
    35.030    -0.102    -0.411    -0.026
    35.040    -0.060    -0.407    -0.040
    35.050     0.010    -0.343    -0.059
    35.060     0.097    -0.235    -0.085
    35.070     0.182    -0.104    -0.096
    35.080     0.220     0.024    -0.089
    35.090     0.193     0.127    -0.067
    35.100     0.117     0.195    -0.043
    35.110     0.010     0.227    -0.041
    35.120    -0.093     0.222    -0.041
    35.130    -0.153     0.190    -0.049
    35.140    -0.140     0.145    -0.068
    35.150    -0.067     0.095    -0.088
    35.160     0.027     0.055    -0.123
    35.170     0.090     0.030    -0.151
    35.180     0.092     0.020    -0.156
    35.190     0.059     0.020    -0.142
    35.200     0.024     0.025    -0.099
    35.210     0.019     0.035    -0.030
    35.220     0.044     0.043     0.057
    35.230     0.076     0.059     0.131
    35.240     0.090     0.086     0.165
    35.250     0.056     0.111     0.153
    35.260    -0.013     0.110     0.098
    35.270    -0.089     0.081     0.030
    35.280    -0.141     0.031    -0.020
    35.290    -0.150    -0.007    -0.040
    35.300    -0.121    -0.010    -0.040
    35.310    -0.077     0.019    -0.025
    35.320    -0.044     0.066     0.007
    35.330    -0.026     0.106     0.044
    35.340    -0.028     0.133     0.070
    35.350    -0.034     0.141     0.069
    35.360    -0.016     0.137     0.039
    35.370     0.027     0.122    -0.006
    35.380     0.073     0.092    -0.045
    35.390     0.108     0.045    -0.068
    35.400     0.124    -0.018    -0.086
    35.410     0.117    -0.086    -0.096
    35.420     0.089    -0.149    -0.087
    35.430     0.045    -0.203    -0.056
    35.440    -0.005    -0.233    -0.005
    35.450    -0.042    -0.238     0.057
    35.460    -0.067    -0.219     0.108
    35.470    -0.089    -0.179     0.127
    35.480    -0.111    -0.119     0.111
    35.490    -0.121    -0.045     0.069
    35.500    -0.097     0.029     0.013
    35.510    -0.037     0.086    -0.041
    35.520     0.055     0.111    -0.080
    35.530     0.150     0.097    -0.094
    35.540     0.199     0.055    -0.068
    35.550     0.170    -0.003    -0.009
    35.560     0.074    -0.077     0.057
    35.570    -0.041    -0.160     0.115
    35.580    -0.139    -0.251     0.152
    35.590    -0.191    -0.331     0.160
    35.600    -0.162    -0.352     0.136
    35.610    -0.064    -0.287     0.092
    35.620     0.055    -0.145     0.036
    35.630     0.138     0.045    -0.024
    35.640     0.145     0.234    -0.081
    35.650     0.089     0.381    -0.129
    35.660     0.005     0.446    -0.158
    35.670    -0.069     0.409    -0.160
    35.680    -0.113     0.279    -0.127
    35.690    -0.122     0.088    -0.059
    35.700    -0.100    -0.101     0.031
    35.710    -0.066    -0.246     0.118
    35.720    -0.035    -0.321     0.170
    35.730    -0.002    -0.308     0.170
    35.740     0.035    -0.212     0.122
    35.750     0.072    -0.051     0.049
    35.760     0.103     0.144    -0.029
    35.770     0.102     0.333    -0.096
    35.780     0.070     0.473    -0.139
    35.790     0.031     0.530    -0.163
    35.800    -0.007     0.499    -0.171
    35.810    -0.029     0.382    -0.158
    35.820    -0.028     0.206    -0.125
    35.830    -0.010     0.000    -0.073
    35.840     0.014    -0.193    -0.014
    35.850     0.032    -0.327     0.057
    35.860     0.041    -0.381     0.122
    35.870     0.041    -0.357     0.154
    35.880     0.033    -0.273     0.146
    35.890     0.019    -0.167     0.094
    35.900     0.006    -0.070     0.027
    35.910     0.002     0.012    -0.030
    35.920     0.004     0.069    -0.056
    35.930     0.004     0.101    -0.047
    35.940     0.000     0.099    -0.020
    35.950    -0.014     0.054     0.023
    35.960    -0.030    -0.029     0.062
    35.970    -0.034    -0.133     0.084
    35.980    -0.017    -0.218     0.100
    35.990     0.014    -0.256     0.100
    36.000     0.036    -0.238     0.096
    36.010     0.023    -0.175     0.088
    36.020    -0.026    -0.103     0.055
    36.030    -0.088    -0.042    -0.004
    36.040    -0.153    -0.005    -0.087
    36.050    -0.199     0.005    -0.156
    36.060    -0.194     0.004    -0.199
    36.070    -0.125     0.013    -0.212
    36.080    -0.009     0.049    -0.179
    36.090     0.117     0.112    -0.108
    36.100     0.218     0.189    -0.017
    36.110     0.250     0.249     0.080
    36.120     0.199     0.269     0.152
    36.130     0.082     0.231     0.193
    36.140    -0.058     0.158     0.206
    36.150    -0.172     0.075     0.197
    36.160    -0.238    -0.008     0.161
    36.170    -0.242    -0.078     0.090
    36.180    -0.178    -0.133    -0.002
    36.190    -0.062    -0.157    -0.093
    36.200     0.080    -0.133    -0.160
    36.210     0.208    -0.059    -0.189
    36.220     0.287     0.052    -0.190
    36.230     0.299     0.177    -0.167
    36.240     0.249     0.282    -0.118
    36.250     0.158     0.342    -0.051
    36.260     0.065     0.331     0.024
    36.270    -0.001     0.239     0.094
    36.280    -0.024     0.086     0.145
    36.290    -0.017    -0.088     0.172
    36.300    -0.019    -0.227     0.162
    36.310    -0.051    -0.300     0.120
    36.320    -0.113    -0.306     0.061
    36.330    -0.172    -0.251    -0.012
    36.340    -0.197    -0.147    -0.086
    36.350    -0.179    -0.017    -0.141
    36.360    -0.119     0.100    -0.161
    36.370    -0.040     0.172    -0.146
    36.380     0.024     0.185    -0.109
    36.390     0.047     0.132    -0.065
    36.400     0.039     0.030    -0.032
    36.410     0.029    -0.089    -0.015
    36.420     0.037    -0.194    -0.007
    36.430     0.070    -0.259    -0.007
    36.440     0.097    -0.265    -0.023
    36.450     0.092    -0.219    -0.048
    36.460     0.058    -0.128    -0.087
    36.470     0.012    -0.011    -0.126
    36.480    -0.033     0.098    -0.135
    36.490    -0.053     0.173    -0.106
    36.500    -0.039     0.197    -0.051
    36.510    -0.006     0.168     0.010
    36.520     0.031     0.105     0.055
    36.530     0.062     0.033     0.084
    36.540     0.093    -0.021     0.111
    36.550     0.120    -0.057     0.147
    36.560     0.129    -0.081     0.174
    36.570     0.101    -0.102     0.182
    36.580     0.028    -0.116     0.163
    36.590    -0.069    -0.116     0.115
    36.600    -0.144    -0.087     0.047
    36.610    -0.160    -0.031    -0.015
    36.620    -0.117     0.030    -0.047
    36.630    -0.043     0.088    -0.046
    36.640     0.020     0.128    -0.017
    36.650     0.045     0.147     0.020
    36.660     0.041     0.147     0.044
    36.670     0.036     0.134     0.063
    36.680     0.044     0.127     0.086
    36.690     0.060     0.128     0.108
    36.700     0.073     0.139     0.116
    36.710     0.059     0.147     0.102
    36.720     0.012     0.126     0.067
    36.730    -0.059     0.070     0.006
    36.740    -0.130    -0.022    -0.071
    36.750    -0.172    -0.122    -0.141
    36.760    -0.171    -0.200    -0.190
    36.770    -0.129    -0.235    -0.198
    36.780    -0.070    -0.223    -0.169
    36.790    -0.019    -0.187    -0.123
    36.800     0.013    -0.133    -0.074
    36.810     0.022    -0.076    -0.028
    36.820     0.001    -0.024     0.027
    36.830    -0.032     0.016     0.092
    36.840    -0.048     0.040     0.157
    36.850    -0.032     0.047     0.220
    36.860     0.021     0.028     0.258
    36.870     0.093    -0.014     0.253
    36.880     0.155    -0.068     0.215
    36.890     0.189    -0.119     0.148
    36.900     0.195    -0.146     0.068
    36.910     0.167    -0.147    -0.019
    36.920     0.103    -0.129    -0.109
    36.930     0.022    -0.104    -0.185
    36.940    -0.057    -0.072    -0.244
    36.950    -0.120    -0.020    -0.272
    36.960    -0.160     0.050    -0.262
    36.970    -0.177     0.123    -0.207
    36.980    -0.173     0.158    -0.109
    36.990    -0.144     0.132     0.001
    37.000    -0.088     0.054     0.091
    37.010    -0.025    -0.047     0.139
    37.020     0.036    -0.122     0.144
    37.030     0.082    -0.139     0.115
    37.040     0.085    -0.100     0.066
    37.050     0.052    -0.018     0.012
    37.060     0.001     0.071    -0.051
    37.070    -0.041     0.141    -0.118
    37.080    -0.055     0.186    -0.164
    37.090    -0.040     0.202    -0.171
    37.100     0.002     0.210    -0.131
    37.110     0.040     0.213    -0.051
    37.120     0.054     0.206     0.043
    37.130     0.045     0.187     0.122
    37.140     0.032     0.148     0.171
    37.150     0.032     0.098     0.185
    37.160     0.043     0.048     0.150
    37.170     0.055     0.009     0.082
    37.180     0.052    -0.009     0.001
    37.190     0.044    -0.014    -0.077
    37.200     0.045    -0.005    -0.133
    37.210     0.050     0.000    -0.160
    37.220     0.055    -0.014    -0.164
    37.230     0.047    -0.043    -0.152
    37.240     0.012    -0.084    -0.119
    37.250    -0.048    -0.132    -0.059
    37.260    -0.109    -0.173     0.025
    37.270    -0.128    -0.196     0.116
    37.280    -0.104    -0.202     0.188
    37.290    -0.053    -0.186     0.229
    37.300     0.003    -0.148     0.228
    37.310     0.034    -0.089     0.194
    37.320     0.028    -0.016     0.138
    37.330    -0.017     0.046     0.056
    37.340    -0.082     0.087    -0.031
    37.350    -0.132     0.107    -0.107
    37.360    -0.142     0.101    -0.154
    37.370    -0.124     0.071    -0.169
    37.380    -0.088     0.019    -0.145
    37.390    -0.032    -0.042    -0.087
    37.400     0.046    -0.104    -0.014
    37.410     0.126    -0.145     0.057
    37.420     0.182    -0.154     0.096
    37.430     0.193    -0.123     0.088
    37.440     0.146    -0.060     0.038
    37.450     0.053    -0.003    -0.028
    37.460    -0.047     0.030    -0.083
    37.470    -0.117     0.039    -0.119
    37.480    -0.136     0.042    -0.130
    37.490    -0.101     0.060    -0.129
    37.500    -0.022     0.087    -0.117
    37.510     0.070     0.112    -0.086
    37.520     0.150     0.126    -0.044
    37.530     0.194     0.125     0.005
    37.540     0.189     0.118     0.048
    37.550     0.146     0.112     0.074
    37.560     0.073     0.114     0.070
    37.570    -0.011     0.114     0.037
    37.580    -0.085     0.104    -0.001
    37.590    -0.127     0.073    -0.045
    37.600    -0.126     0.030    -0.077
    37.610    -0.102    -0.012    -0.081
    37.620    -0.064    -0.048    -0.059
    37.630    -0.020    -0.063    -0.012
    37.640     0.007    -0.057     0.035
    37.650    -0.004    -0.049     0.071
    37.660    -0.051    -0.051     0.089
    37.670    -0.109    -0.068     0.089
    37.680    -0.155    -0.087     0.084
    37.690    -0.159    -0.092     0.071
    37.700    -0.112    -0.067     0.064
    37.710    -0.027    -0.024     0.060
    37.720     0.073     0.000     0.049
    37.730     0.151     0.003     0.026
    37.740     0.178    -0.010    -0.007
    37.750     0.146    -0.015    -0.040
    37.760     0.072    -0.007    -0.067
    37.770    -0.011     0.011    -0.066
    37.780    -0.073     0.034    -0.038
    37.790    -0.092     0.057     0.000
    37.800    -0.061     0.085     0.039
    37.810     0.007     0.109     0.069
    37.820     0.089     0.122     0.093
    37.830     0.164     0.116     0.103
    37.840     0.197     0.080     0.097
    37.850     0.173     0.010     0.078
    37.860     0.115    -0.084     0.040
    37.870     0.043    -0.176     0.009
    37.880    -0.017    -0.239    -0.003
    37.890    -0.053    -0.251    -0.003
    37.900    -0.058    -0.193     0.006
    37.910    -0.039    -0.074     0.002
    37.920    -0.030     0.079    -0.008
    37.930    -0.045     0.224    -0.021
    37.940    -0.095     0.315    -0.041
    37.950    -0.160     0.333    -0.064
    37.960    -0.202     0.285    -0.097
    37.970    -0.199     0.189    -0.125
    37.980    -0.137     0.076    -0.128
    37.990    -0.025    -0.040    -0.103
    38.000     0.098    -0.146    -0.053
    38.010     0.185    -0.224     0.001
    38.020     0.216    -0.268     0.041
    38.030     0.187    -0.267     0.059
    38.040     0.105    -0.224     0.055
    38.050    -0.002    -0.154     0.038
    38.060    -0.103    -0.073     0.012
    38.070    -0.167     0.001    -0.020
    38.080    -0.179     0.053    -0.040
    38.090    -0.148     0.074    -0.051
    38.100    -0.081     0.074    -0.049
    38.110    -0.010     0.072    -0.025
    38.120     0.043     0.063     0.006
    38.130     0.073     0.042     0.035
    38.140     0.058    -0.001     0.060
    38.150     0.001    -0.062     0.073
    38.160    -0.072    -0.116     0.061
    38.170    -0.135    -0.153     0.030
    38.180    -0.149    -0.162    -0.002
    38.190    -0.100    -0.148    -0.028
    38.200    -0.003    -0.113    -0.042
    38.210     0.106    -0.059    -0.049
    38.220     0.194    -0.007    -0.050
    38.230     0.241     0.035    -0.042
    38.240     0.232     0.057    -0.019
    38.250     0.171     0.054     0.018
    38.260     0.086     0.040     0.045
    38.270     0.012     0.028     0.058
    38.280    -0.036     0.034     0.052
    38.290    -0.068     0.054     0.026
    38.300    -0.090     0.080    -0.003
    38.310    -0.115     0.104    -0.031
    38.320    -0.140     0.115    -0.053
    38.330    -0.151     0.115    -0.081
    38.340    -0.139     0.102    -0.117
    38.350    -0.098     0.073    -0.133
    38.360    -0.033     0.039    -0.137
    38.370     0.031     0.013    -0.126
    38.380     0.077    -0.003    -0.092
    38.390     0.107    -0.005    -0.049
    38.400     0.128     0.010     0.011
    38.410     0.131     0.051     0.073
    38.420     0.111     0.119     0.121
    38.430     0.077     0.199     0.150
    38.440     0.038     0.255     0.149
    38.450    -0.007     0.253     0.131
    38.460    -0.058     0.189     0.102
    38.470    -0.116     0.092     0.071
    38.480    -0.174    -0.011     0.044
    38.490    -0.213    -0.087     0.016
    38.500    -0.215    -0.125    -0.006
    38.510    -0.172    -0.136    -0.016
    38.520    -0.084    -0.128    -0.019
    38.530     0.027    -0.106    -0.026
    38.540     0.113    -0.067    -0.040
    38.550     0.146    -0.026    -0.051
    38.560     0.141     0.007    -0.049
    38.570     0.120     0.016    -0.022
    38.580     0.102    -0.002     0.021
    38.590     0.101    -0.040     0.052
    38.600     0.104    -0.086     0.054
    38.610     0.092    -0.134     0.025
    38.620     0.060    -0.176    -0.022
    38.630     0.020    -0.201    -0.072
    38.640    -0.023    -0.204    -0.107
    38.650    -0.066    -0.187    -0.107
    38.660    -0.092    -0.154    -0.067
    38.670    -0.103    -0.112     0.006
    38.680    -0.094    -0.068     0.084
    38.690    -0.053    -0.031     0.137
    38.700     0.022    -0.012     0.154
    38.710     0.114    -0.020     0.129
    38.720     0.185    -0.046     0.075
    38.730     0.194    -0.067     0.012
    38.740     0.132    -0.069    -0.036
    38.750     0.020    -0.051    -0.047
    38.760    -0.092    -0.013    -0.029
    38.770    -0.159     0.041     0.007
    38.780    -0.168     0.095     0.051
    38.790    -0.112     0.138     0.078
    38.800    -0.017     0.162     0.073
    38.810     0.065     0.164     0.032
    38.820     0.097     0.130    -0.033
    38.830     0.074     0.065    -0.095
    38.840     0.018    -0.011    -0.131
    38.850    -0.040    -0.065    -0.129
    38.860    -0.079    -0.080    -0.097
    38.870    -0.093    -0.067    -0.034
    38.880    -0.091    -0.032     0.049
    38.890    -0.073     0.011     0.120
    38.900    -0.045     0.064     0.161
    38.910    -0.010     0.136     0.153
    38.920     0.021     0.221     0.086
    38.930     0.040     0.307    -0.008
    38.940     0.041     0.371    -0.088
    38.950     0.025     0.390    -0.117
    38.960     0.010     0.350    -0.094
    38.970     0.004     0.248    -0.029
    38.980     0.022     0.087     0.063
    38.990     0.061    -0.097     0.143
    39.000     0.112    -0.250     0.186
    39.010     0.144    -0.336     0.177
    39.020     0.148    -0.341     0.115
    39.030     0.145    -0.271     0.025
    39.040     0.144    -0.145    -0.055
    39.050     0.149     0.005    -0.100
    39.060     0.137     0.149    -0.109
    39.070     0.082     0.253    -0.087
    39.080    -0.022     0.292    -0.055
    39.090    -0.163     0.260    -0.028
    39.100    -0.296     0.165    -0.014
    39.110    -0.381     0.031    -0.007
    39.120    -0.381    -0.111     0.008
    39.130    -0.294    -0.224     0.035
    39.140    -0.166    -0.302     0.068
    39.150    -0.036    -0.341     0.091
    39.160     0.058    -0.344     0.082
    39.170     0.086    -0.314     0.036
    39.180     0.060    -0.248    -0.039
    39.190     0.022    -0.148    -0.118
    39.200     0.005    -0.024    -0.179
    39.210     0.018     0.097    -0.205
    39.220     0.036     0.176    -0.188
    39.230     0.033     0.191    -0.130
    39.240     0.003     0.133    -0.037
    39.250    -0.033     0.017     0.064
    39.260    -0.040    -0.119     0.145
    39.270    -0.011    -0.227     0.200
    39.280     0.036    -0.269     0.211
    39.290     0.075    -0.244     0.171
    39.300     0.089    -0.168     0.093
    39.310     0.080    -0.078     0.000
    39.320     0.057    -0.013    -0.086
    39.330     0.025     0.004    -0.151
    39.340    -0.016    -0.024    -0.181
    39.350    -0.052    -0.077    -0.184
    39.360    -0.058    -0.123    -0.179
    39.370    -0.011    -0.128    -0.183
    39.380     0.079    -0.080    -0.195
    39.390     0.171     0.020    -0.206
    39.400     0.216     0.158    -0.208
    39.410     0.175     0.290    -0.189
    39.420     0.070     0.388    -0.147
    39.430    -0.048     0.435    -0.085
    39.440    -0.139     0.417    -0.012
    39.450    -0.189     0.337     0.052
    39.460    -0.202     0.209     0.085
    39.470    -0.179     0.068     0.094
    39.480    -0.126    -0.061     0.079
    39.490    -0.046    -0.152     0.037
    39.500     0.033    -0.201    -0.018
    39.510     0.084    -0.217    -0.064
    39.520     0.104    -0.207    -0.079
    39.530     0.091    -0.174    -0.051
    39.540     0.049    -0.121     0.020
    39.550    -0.005    -0.050     0.112
    39.560    -0.051     0.035     0.184
    39.570    -0.078     0.119     0.203
    39.580    -0.079     0.182     0.166
    39.590    -0.048     0.216     0.094
    39.600    -0.007     0.218     0.020
    39.610     0.019     0.203    -0.028
    39.620     0.026     0.184    -0.040
    39.630     0.021     0.176    -0.030
    39.640     0.009     0.176    -0.007
    39.650     0.008     0.173     0.026
    39.660     0.032     0.165     0.049
    39.670     0.070     0.147     0.063
    39.680     0.108     0.118     0.077
    39.690     0.138     0.062     0.090
    39.700     0.155    -0.023     0.110
    39.710     0.158    -0.110     0.126
    39.720     0.141    -0.170     0.130
    39.730     0.099    -0.187     0.126
    39.740     0.023    -0.169     0.119
    39.750    -0.073    -0.128     0.106
    39.760    -0.160    -0.080     0.072
    39.770    -0.223    -0.030     0.010
    39.780    -0.253     0.014    -0.072
    39.790    -0.248     0.029    -0.154
    39.800    -0.209     0.012    -0.202
    39.810    -0.150    -0.034    -0.187
    39.820    -0.078    -0.090    -0.113
    39.830     0.002    -0.127    -0.002
    39.840     0.069    -0.145     0.117
    39.850     0.113    -0.144     0.196
    39.860     0.144    -0.129     0.216
    39.870     0.161    -0.117     0.177
    39.880     0.158    -0.106     0.086
    39.890     0.139    -0.082    -0.031
    39.900     0.121    -0.036    -0.145
    39.910     0.112     0.027    -0.218
    39.920     0.106     0.077    -0.240
    39.930     0.093     0.090    -0.220
    39.940     0.050     0.050    -0.175
    39.950    -0.023    -0.033    -0.127
    39.960    -0.115    -0.138    -0.086
    39.970    -0.209    -0.232    -0.065
    39.980    -0.278    -0.285    -0.050
    39.990    -0.305    -0.293    -0.039
    40.000    -0.279    -0.253    -0.037
    40.010    -0.209    -0.186    -0.037
    40.020    -0.102    -0.106    -0.047
    40.030     0.036    -0.009    -0.062
    40.040     0.170     0.098    -0.073
    40.050     0.267     0.210    -0.074
    40.060     0.297     0.312    -0.071
    40.070     0.249     0.380    -0.060
    40.080     0.147     0.388    -0.030
    40.090     0.037     0.317     0.008
    40.100    -0.039     0.181     0.059
    40.110    -0.067     0.015     0.109
    40.120    -0.057    -0.135     0.146
    40.130    -0.047    -0.224     0.172
    40.140    -0.055    -0.238     0.181
    40.150    -0.065    -0.182     0.189
    40.160    -0.055    -0.082     0.191
    40.170    -0.017     0.029     0.197
    40.180     0.040     0.128     0.213
    40.190     0.105     0.195     0.217
    40.200     0.155     0.228     0.219
    40.210     0.157     0.231     0.213
    40.220     0.097     0.194     0.193
    40.230     0.004     0.122     0.159
    40.240    -0.091     0.020     0.103
    40.250    -0.155    -0.087     0.032
    40.260    -0.167    -0.172    -0.053
    40.270    -0.129    -0.212    -0.128
    40.280    -0.057    -0.203    -0.181
    40.290     0.023    -0.144    -0.213
    40.300     0.082    -0.041    -0.222
    40.310     0.096     0.088    -0.192
    40.320     0.073     0.217    -0.127
    40.330     0.031     0.304    -0.032
    40.340    -0.014     0.321     0.091
    40.350    -0.047     0.262     0.220
    40.360    -0.052     0.154     0.317
    40.370    -0.028     0.029     0.343
    40.380     0.020    -0.090     0.274
    40.390     0.080    -0.185     0.117
    40.400     0.140    -0.243    -0.091
    40.410     0.184    -0.261    -0.284
    40.420     0.185    -0.251    -0.414
    40.430     0.122    -0.225    -0.459
    40.440    -0.013    -0.188    -0.410
    40.450    -0.185    -0.143    -0.295
    40.460    -0.329    -0.092    -0.145
    40.470    -0.396    -0.036     0.008
    40.480    -0.362     0.021     0.141
    40.490    -0.236     0.068     0.228
    40.500    -0.063     0.115     0.253
    40.510     0.101     0.164     0.216
    40.520     0.217     0.203     0.107
    40.530     0.265     0.223    -0.046
    40.540     0.237     0.201    -0.206
    40.550     0.157     0.130    -0.340
    40.560     0.046     0.024    -0.417
    40.570    -0.071    -0.098    -0.432
    40.580    -0.164    -0.205    -0.380
    40.590    -0.221    -0.261    -0.281
    40.600    -0.221    -0.248    -0.165
    40.610    -0.165    -0.172    -0.053
    40.620    -0.065    -0.074     0.026
    40.630     0.060     0.012     0.082
    40.640     0.178     0.056     0.119
    40.650     0.258     0.047     0.143
    40.660     0.288     0.008     0.166
    40.670     0.270    -0.041     0.185
    40.680     0.217    -0.090     0.200
    40.690     0.149    -0.132     0.198
    40.700     0.076    -0.171     0.177
    40.710    -0.008    -0.208     0.146
    40.720    -0.091    -0.236     0.102
    40.730    -0.150    -0.229     0.058
    40.740    -0.177    -0.166     0.019
    40.750    -0.169    -0.056    -0.003
    40.760    -0.137     0.080     0.006
    40.770    -0.105     0.197     0.039
    40.780    -0.088     0.270     0.094
    40.790    -0.080     0.292     0.145
    40.800    -0.065     0.272     0.179
    40.810    -0.034     0.220     0.198
    40.820     0.010     0.153     0.199
    40.830     0.038     0.093     0.201
    40.840     0.027     0.052     0.203
    40.850    -0.019     0.047     0.196
    40.860    -0.067     0.077     0.164
    40.870    -0.085     0.135     0.098
    40.880    -0.064     0.203     0.008
    40.890    -0.006     0.254    -0.102
    40.900     0.062     0.263    -0.205
    40.910     0.128     0.219    -0.276
    40.920     0.185     0.120    -0.315
    40.930     0.221    -0.009    -0.319
    40.940     0.221    -0.127    -0.300
    40.950     0.178    -0.196    -0.245
    40.960     0.118    -0.196    -0.150
    40.970     0.062    -0.134    -0.029
    40.980     0.013    -0.048     0.094
    40.990    -0.033     0.026     0.176
    41.000    -0.091     0.073     0.203
    41.010    -0.157     0.084     0.180
    41.020    -0.208     0.066     0.112
    41.030    -0.221     0.026     0.027
    41.040    -0.187    -0.030    -0.054
    41.050    -0.109    -0.101    -0.116
    41.060     0.000    -0.177    -0.143
    41.070     0.114    -0.242    -0.125
    41.080     0.203    -0.280    -0.065
    41.090     0.243    -0.282     0.020
    41.100     0.213    -0.246     0.116
    41.110     0.117    -0.191     0.202
    41.120    -0.003    -0.138     0.255
    41.130    -0.109    -0.116     0.260
    41.140    -0.184    -0.143     0.215
    41.150    -0.216    -0.205     0.130
    41.160    -0.205    -0.268     0.007
    41.170    -0.166    -0.293    -0.131
    41.180    -0.119    -0.266    -0.259
    41.190    -0.076    -0.198    -0.356
    41.200    -0.040    -0.106    -0.401
    41.210    -0.024    -0.005    -0.391
    41.220    -0.018     0.093    -0.344
    41.230    -0.010     0.200    -0.278
    41.240    -0.003     0.320    -0.198
    41.250     0.011     0.452    -0.112
    41.260     0.025     0.578    -0.049
    41.270     0.026     0.654    -0.012
    41.280     0.007     0.640     0.007
    41.290    -0.013     0.517     0.018
    41.300    -0.003     0.305     0.036
    41.310     0.059     0.059     0.060
    41.320     0.156    -0.165     0.077
    41.330     0.243    -0.326     0.076
    41.340     0.277    -0.408     0.061
    41.350     0.233    -0.405     0.036
    41.360     0.121    -0.335    -0.001
    41.370    -0.022    -0.217    -0.030
    41.380    -0.152    -0.070    -0.048
    41.390    -0.217     0.076    -0.041
    41.400    -0.208     0.209    -0.002
    41.410    -0.140     0.316     0.061
    41.420    -0.021     0.374     0.130
    41.430     0.121     0.374     0.192
    41.440     0.247     0.317     0.248
    41.450     0.303     0.220     0.291
    41.460     0.260     0.112     0.321
    41.470     0.125     0.015     0.345
    41.480    -0.062    -0.065     0.346
    41.490    -0.241    -0.133     0.310
    41.500    -0.374    -0.195     0.229
    41.510    -0.429    -0.250     0.119
    41.520    -0.389    -0.296     0.014
    41.530    -0.259    -0.317    -0.063
    41.540    -0.070    -0.301    -0.093
    41.550     0.124    -0.237    -0.099
    41.560     0.276    -0.134    -0.097
    41.570     0.356    -0.025    -0.096
    41.580     0.365     0.063    -0.098
    41.590     0.317     0.112    -0.093
    41.600     0.227     0.128    -0.077
    41.610     0.106     0.128    -0.049
    41.620    -0.021     0.114    -0.013
    41.630    -0.118     0.100     0.017
    41.640    -0.175     0.076     0.034
    41.650    -0.186     0.026     0.029
    41.660    -0.153    -0.040     0.004
    41.670    -0.092    -0.107    -0.028
    41.680    -0.021    -0.143    -0.059
    41.690     0.035    -0.127    -0.087
    41.700     0.070    -0.064    -0.101
    41.710     0.090     0.026    -0.102
    41.720     0.102     0.102    -0.097
    41.730     0.110     0.152    -0.078
    41.740     0.083     0.160    -0.057
    41.750     0.024     0.115    -0.038
    41.760    -0.040     0.035    -0.031
    41.770    -0.092    -0.061    -0.047
    41.780    -0.140    -0.145    -0.081
    41.790    -0.189    -0.193    -0.126
    41.800    -0.229    -0.199    -0.153
    41.810    -0.246    -0.169    -0.143
    41.820    -0.215    -0.118    -0.103
    41.830    -0.134    -0.057    -0.040
    41.840    -0.036     0.006     0.035
    41.850     0.048     0.062     0.104
    41.860     0.092     0.097     0.140
    41.870     0.079     0.099     0.128
    41.880     0.023     0.063     0.079
    41.890    -0.046     0.007     0.001
    41.900    -0.092    -0.041    -0.073
    41.910    -0.095    -0.065    -0.127
    41.920    -0.063    -0.060    -0.152
    41.930    -0.010    -0.031    -0.155
    41.940     0.021     0.003    -0.147
    41.950     0.006     0.020    -0.134
    41.960    -0.023     0.010    -0.130
    41.970    -0.024    -0.019    -0.120
    41.980     0.036    -0.053    -0.088
    41.990     0.146    -0.076    -0.018
    42.000     0.272    -0.068     0.096
    42.010     0.366    -0.030     0.245
    42.020     0.401     0.030     0.403
    42.030     0.391     0.101     0.545
    42.040     0.332     0.162     0.642
    42.050     0.241     0.204     0.654
    42.060     0.127     0.219     0.568
    42.070     0.000     0.202     0.402
    42.080    -0.108     0.149     0.190
    42.090    -0.174     0.065    -0.024
    42.100    -0.187    -0.021    -0.208
    42.110    -0.159    -0.084    -0.344
    42.120    -0.104    -0.110    -0.433
    42.130    -0.036    -0.085    -0.474
    42.140     0.018    -0.023    -0.460
    42.150     0.034     0.042    -0.397
    42.160     0.012     0.094    -0.302
    42.170    -0.052     0.133    -0.191
    42.180    -0.138     0.151    -0.089
    42.190    -0.209     0.143    -0.010
    42.200    -0.247     0.100     0.057
    42.210    -0.246     0.022     0.103
    42.220    -0.205    -0.069     0.118
    42.230    -0.133    -0.148     0.097
    42.240    -0.037    -0.193     0.046
    42.250     0.071    -0.188    -0.025
    42.260     0.172    -0.140    -0.106
    42.270     0.235    -0.066    -0.173
    42.280     0.247    -0.007    -0.214
    42.290     0.223     0.014    -0.218
    42.300     0.174    -0.012    -0.172
    42.310     0.111    -0.065    -0.085
    42.320     0.047    -0.115     0.019
    42.330    -0.014    -0.140     0.105
    42.340    -0.073    -0.131     0.159
    42.350    -0.129    -0.103     0.182
    42.360    -0.177    -0.059     0.185
    42.370    -0.205    -0.011     0.183
    42.380    -0.208     0.031     0.172
    42.390    -0.175     0.053     0.160
    42.400    -0.118     0.042     0.142
    42.410    -0.060    -0.005     0.121
    42.420    -0.019    -0.082     0.097
    42.430     0.000    -0.153     0.063
    42.440     0.013    -0.199     0.020
    42.450     0.033    -0.211    -0.043
    42.460     0.070    -0.189    -0.111
    42.470     0.113    -0.146    -0.168
    42.480     0.143    -0.096    -0.206
    42.490     0.147    -0.055    -0.208
    42.500     0.100    -0.021    -0.175
    42.510     0.009     0.007    -0.104
    42.520    -0.090     0.030    -0.012
    42.530    -0.160     0.067     0.075
    42.540    -0.189     0.137     0.143
    42.550    -0.173     0.235     0.170
    42.560    -0.115     0.336     0.172
    42.570    -0.026     0.412     0.162
    42.580     0.068     0.444     0.147
    42.590     0.140     0.436     0.133
    42.600     0.180     0.400     0.124
    42.610     0.189     0.339     0.129
    42.620     0.183     0.260     0.138
    42.630     0.172     0.162     0.142
    42.640     0.156     0.065     0.134
    42.650     0.138    -0.011     0.099
    42.660     0.110    -0.060     0.035
    42.670     0.062    -0.083    -0.048
    42.680     0.012    -0.094    -0.131
    42.690    -0.015    -0.097    -0.211
    42.700    -0.013    -0.093    -0.277
    42.710    -0.001    -0.089    -0.336
    42.720    -0.001    -0.094    -0.380
    42.730    -0.016    -0.103    -0.399
    42.740    -0.049    -0.109    -0.388
    42.750    -0.095    -0.123    -0.330
    42.760    -0.140    -0.147    -0.237
    42.770    -0.184    -0.180    -0.100
    42.780    -0.218    -0.206     0.064
    42.790    -0.226    -0.212     0.222
    42.800    -0.203    -0.191     0.360
    42.810    -0.141    -0.148     0.439
    42.820    -0.057    -0.101     0.443
    42.830     0.015    -0.052     0.372
    42.840     0.057    -0.010     0.247
    42.850     0.079     0.019     0.102
    42.860     0.086     0.033    -0.045
    42.870     0.075     0.026    -0.162
    42.880     0.045    -0.009    -0.240
    42.890     0.014    -0.067    -0.279
    42.900    -0.009    -0.121    -0.279
    42.910    -0.039    -0.156    -0.259
    42.920    -0.069    -0.161    -0.219
    42.930    -0.073    -0.125    -0.159
    42.940    -0.042    -0.064    -0.084
    42.950     0.013     0.010    -0.004
    42.960     0.065     0.089     0.070
    42.970     0.086     0.166     0.132
    42.980     0.070     0.225     0.169
    42.990     0.027     0.244     0.182
    43.000    -0.029     0.208     0.166
    43.010    -0.075     0.123     0.119
    43.020    -0.083     0.019     0.053
    43.030    -0.035    -0.076    -0.013
    43.040     0.046    -0.140    -0.053
    43.050     0.129    -0.153    -0.062
    43.060     0.182    -0.117    -0.038
    43.070     0.181    -0.036     0.019
    43.080     0.147     0.065     0.101
    43.090     0.097     0.156     0.195
    43.100     0.047     0.225     0.275
    43.110    -0.009     0.247     0.324
    43.120    -0.058     0.228     0.325
    43.130    -0.080     0.176     0.274
    43.140    -0.072     0.104     0.189
    43.150    -0.036     0.029     0.088
    43.160     0.006    -0.034     0.000
    43.170     0.026    -0.072    -0.055
    43.180     0.014    -0.076    -0.080
    43.190    -0.026    -0.044    -0.092
    43.200    -0.079     0.005    -0.108
    43.210    -0.125     0.044    -0.143
    43.220    -0.140     0.064    -0.198
    43.230    -0.120     0.066    -0.262
    43.240    -0.070     0.051    -0.308
    43.250    -0.001     0.022    -0.315
    43.260     0.080    -0.011    -0.291
    43.270     0.160    -0.032    -0.239
    43.280     0.219    -0.027    -0.160
    43.290     0.243     0.009    -0.060
    43.300     0.219     0.076     0.056
    43.310     0.150     0.157     0.161
    43.320     0.054     0.227     0.223
    43.330    -0.046     0.268     0.215
    43.340    -0.132     0.260     0.133
    43.350    -0.185     0.199    -0.003
    43.360    -0.192     0.097    -0.156
    43.370    -0.170    -0.024    -0.273
    43.380    -0.139    -0.144    -0.322
    43.390    -0.115    -0.255    -0.294
    43.400    -0.103    -0.342    -0.199
    43.410    -0.113    -0.394    -0.070
    43.420    -0.148    -0.404     0.058
    43.430    -0.188    -0.367     0.156
    43.440    -0.205    -0.305     0.198
    43.450    -0.177    -0.245     0.173
    43.460    -0.110    -0.208     0.095
    43.470    -0.026    -0.206    -0.005
    43.480     0.047    -0.222    -0.104
    43.490     0.094    -0.246    -0.184
    43.500     0.106    -0.260    -0.244
    43.510     0.093    -0.258    -0.265
    43.520     0.076    -0.231    -0.243
    43.530     0.065    -0.169    -0.183
    43.540     0.059    -0.082    -0.085
    43.550     0.048     0.020     0.021
    43.560     0.036     0.127     0.131
    43.570     0.022     0.229     0.237
    43.580     0.013     0.320     0.324
    43.590     0.008     0.396     0.381
    43.600     0.005     0.447     0.389
    43.610     0.003     0.456     0.354
    43.620     0.001     0.413     0.283
    43.630     0.002     0.331     0.189
    43.640     0.000     0.229     0.095
    43.650    -0.001     0.127     0.016
    43.660     0.008     0.035    -0.031
    43.670     0.027    -0.047    -0.047
    43.680     0.066    -0.119    -0.032
    43.690     0.129    -0.178    -0.004
    43.700     0.204    -0.207     0.022
    43.710     0.256    -0.201     0.047
    43.720     0.277    -0.158     0.071
    43.730     0.261    -0.077     0.097
    43.740     0.000     0.023     0.122
    43.750     0.154     0.133     0.129
    43.760     0.077     0.234     0.116
    43.770    -0.014     0.300     0.085
    43.780    -0.108     0.335     0.043
    43.790    -0.186     0.328    -0.008
    43.800    -0.236     0.280    -0.058
    43.810    -0.255     0.190    -0.101
    43.820    -0.243     0.069    -0.147
    43.830    -0.215    -0.061    -0.187
    43.840    -0.179    -0.176    -0.214
    43.850    -0.127    -0.245    -0.219
    43.860    -0.059    -0.243    -0.208
    43.870     0.008    -0.166    -0.179
    43.880     0.057    -0.041    -0.141
    43.890     0.079     0.090    -0.114
    43.900     0.069     0.189    -0.092
    43.910     0.031     0.220    -0.080
    43.920    -0.011     0.170    -0.070
    43.930    -0.037     0.050    -0.044
    43.940    -0.033    -0.110    -0.013
    43.950     0.005    -0.267     0.015
    43.960     0.054    -0.385     0.028
    43.970     0.089    -0.442     0.024
    43.980     0.096    -0.446     0.011
    43.990     0.069    -0.397    -0.002
    44.000     0.024    -0.310    -0.001
    44.010    -0.014    -0.202     0.009
    44.020    -0.032    -0.076     0.031
    44.030    -0.027     0.055     0.064
    44.040    -0.017     0.162     0.109
    44.050    -0.014     0.221     0.145
    44.060    -0.020     0.226     0.149
    44.070    -0.022     0.186     0.117
    44.080    -0.004     0.109     0.052
    44.090     0.037     0.023    -0.015
    44.100     0.083    -0.047    -0.069
    44.110     0.108    -0.088    -0.097
    44.120     0.098    -0.100    -0.103
    44.130     0.055    -0.089    -0.096
    44.140    -0.016    -0.062    -0.081
    44.150    -0.091    -0.031    -0.074
    44.160    -0.145     0.002    -0.063
    44.170    -0.171     0.030    -0.041
    44.180    -0.161     0.053    -0.006
    44.190    -0.125     0.072     0.040
    44.200    -0.075     0.092     0.083
    44.210    -0.020     0.114     0.118
    44.220     0.026     0.133     0.121
    44.230     0.054     0.145     0.097
    44.240     0.055     0.140     0.057
    44.250     0.043     0.111     0.009
    44.260     0.034     0.060    -0.027
    44.270     0.028    -0.005    -0.053
    44.280     0.036    -0.056    -0.075
    44.290     0.042    -0.076    -0.099
    44.300     0.044    -0.051    -0.127
    44.310     0.048     0.011    -0.155
    44.320     0.056     0.090    -0.171
    44.330     0.076     0.172    -0.148
    44.340     0.092     0.228    -0.070
    44.350     0.092     0.243     0.051
    44.360     0.075     0.210     0.189
    44.370     0.045     0.133     0.312
    44.380     0.018     0.030     0.390
    44.390    -0.006    -0.070     0.400
    44.400    -0.038    -0.145     0.348
    44.410    -0.081    -0.192     0.264
    44.420    -0.123    -0.201     0.164
    44.430    -0.157    -0.176     0.072
    44.440    -0.178    -0.136     0.000
    44.450    -0.177    -0.094    -0.049
    44.460    -0.148    -0.068    -0.075
    44.470    -0.093    -0.056    -0.095
    44.480    -0.023    -0.056    -0.113
    44.490     0.058    -0.068    -0.145
    44.500     0.133    -0.077    -0.187
    44.510     0.186    -0.079    -0.232
    44.520     0.217    -0.063    -0.267
    44.530     0.214    -0.035    -0.279
    44.540     0.175    -0.015    -0.270
    44.550     0.110    -0.015    -0.237
    44.560     0.035    -0.036    -0.184
    44.570    -0.038    -0.068    -0.116
    44.580    -0.089    -0.092    -0.047
    44.590    -0.107    -0.098     0.004
    44.600    -0.098    -0.092     0.034
    44.610    -0.074    -0.076     0.035
    44.620    -0.047    -0.041     0.009
    44.630    -0.038     0.008    -0.025
    44.640    -0.054     0.071    -0.042
    44.650    -0.078     0.144    -0.034
    44.660    -0.103     0.207     0.001
    44.670    -0.127     0.245     0.054
    44.680    -0.145     0.238     0.095
    44.690    -0.142     0.191     0.108
    44.700    -0.114     0.122     0.088
    44.710    -0.068     0.054     0.034
    44.720    -0.006     0.005    -0.043
    44.730     0.052    -0.026    -0.110
    44.740     0.088    -0.038    -0.137
    44.750     0.102    -0.036    -0.124
    44.760     0.092    -0.020    -0.070
    44.770     0.066     0.000     0.016
    44.780     0.035     0.012     0.107
    44.790     0.010     0.028     0.185
    44.800    -0.008     0.042     0.233
    44.810    -0.015     0.044     0.237
    44.820     0.001     0.030     0.200
    44.830     0.030    -0.003     0.131
    44.840     0.069    -0.052     0.058
    44.850     0.112    -0.103     0.000
    44.860     0.142    -0.142    -0.030
    44.870     0.150    -0.162    -0.023
    44.880     0.131    -0.163     0.004
    44.890     0.096    -0.149     0.033
    44.900     0.056    -0.115     0.046
    44.910     0.022    -0.065     0.049
    44.920     0.009    -0.005     0.053
    44.930     0.024     0.065     0.078
    44.940     0.050     0.140     0.132
    44.950     0.066     0.200     0.196
    44.960     0.058     0.233     0.254
    44.970     0.025     0.232     0.289
    44.980    -0.023     0.184     0.279
    44.990    -0.071     0.093     0.225
    45.000    -0.109    -0.021     0.140
    45.010    -0.137    -0.134     0.038
    45.020    -0.158    -0.213    -0.076
    45.030    -0.183    -0.239    -0.178
    45.040    -0.209    -0.219    -0.254
    45.050    -0.217    -0.158    -0.302
    45.060    -0.190    -0.073    -0.314
    45.070    -0.136     0.027    -0.303
    45.080    -0.062     0.121    -0.282
    45.090     0.020     0.190    -0.261
    45.100     0.087     0.226    -0.244
    45.110     0.127     0.221    -0.245
    45.120     0.151     0.188    -0.267
    45.130     0.159     0.127    -0.288
    45.140     0.154     0.046    -0.297
    45.150     0.146    -0.037    -0.279
    45.160     0.137    -0.109    -0.225
    45.170     0.128    -0.146    -0.141
    45.180     0.120    -0.151    -0.045
    45.190     0.105    -0.121     0.045
    45.200     0.075    -0.070     0.120
    45.210     0.035    -0.023     0.176
    45.220    -0.008     0.006     0.210
    45.230    -0.046     0.009     0.224
    45.240    -0.067    -0.011     0.222
    45.250    -0.067    -0.047     0.206
    45.260    -0.051    -0.076     0.179
    45.270    -0.034    -0.093     0.150
    45.280    -0.037    -0.098     0.116
    45.290    -0.063    -0.085     0.078
    45.300    -0.100    -0.060     0.042
    45.310    -0.141    -0.030     0.015
    45.320    -0.166    -0.008     0.010
    45.330    -0.164    -0.001     0.038
    45.340    -0.137    -0.002     0.101
    45.350    -0.087    -0.012     0.179
    45.360    -0.038    -0.027     0.244
    45.370     0.005    -0.047     0.283
    45.380     0.047    -0.074     0.279
    45.390     0.084    -0.093     0.217
    45.400     0.110    -0.101     0.119
    45.410     0.115    -0.095     0.006
    45.420     0.111    -0.071    -0.097
    45.430     0.103    -0.032    -0.171
    45.440     0.082     0.006    -0.208
    45.450     0.066     0.038    -0.201
    45.460     0.057     0.061    -0.158
    45.470     0.059     0.072    -0.084
    45.480     0.075     0.076    -0.006
    45.490     0.095     0.082     0.045
    45.500     0.110     0.097     0.058
    45.510     0.115     0.115     0.022
    45.520     0.110     0.130    -0.056
    45.530     0.093     0.142    -0.148
    45.540     0.065     0.145    -0.221
    45.550     0.030     0.145    -0.261
    45.560    -0.004     0.147    -0.248
    45.570    -0.030     0.152    -0.187
    45.580    -0.052     0.162    -0.103
    45.590    -0.072     0.169    -0.005
    45.600    -0.096     0.170     0.083
    45.610    -0.119     0.151     0.154
    45.620    -0.134     0.119     0.190
    45.630    -0.129     0.084     0.189
    45.640    -0.106     0.055     0.171
    45.650    -0.076     0.041     0.141
    45.660    -0.049     0.043     0.119
    45.670    -0.037     0.054     0.102
    45.680    -0.032     0.055     0.081
    45.690    -0.021     0.034     0.061
    45.700     0.003    -0.019     0.033
    45.710     0.040    -0.103     0.000
    45.720     0.079    -0.194    -0.035
    45.730     0.117    -0.268    -0.059
    45.740     0.146    -0.311    -0.055
    45.750     0.166    -0.313    -0.034
    45.760     0.165    -0.279    -0.002
    45.770     0.138    -0.205     0.032
    45.780     0.096    -0.108     0.059
    45.790     0.046    -0.013     0.075
    45.800    -0.018     0.059     0.076
    45.810    -0.105     0.082     0.066
    45.820    -0.203     0.055     0.038
    45.830    -0.301    -0.009     0.009
    45.840    -0.383    -0.096    -0.012
    45.850    -0.421    -0.180    -0.023
    45.860    -0.410    -0.236    -0.017
    45.870    -0.352    -0.248     0.002
    45.880    -0.258    -0.221     0.021
    45.890    -0.134    -0.171     0.025
    45.900     0.005    -0.111     0.010
    45.910     0.134    -0.054    -0.025
    45.920     0.243    -0.004    -0.081
    45.930     0.305     0.044    -0.137
    45.940     0.313     0.100    -0.170
    45.950     0.274     0.165    -0.171
    45.960     0.192     0.230    -0.142
    45.970     0.086     0.278    -0.094
    45.980    -0.011     0.301    -0.060
    45.990    -0.071     0.303    -0.071
    46.000    -0.094     0.294    -0.119
    46.010    -0.082     0.268    -0.195
    46.020    -0.041     0.235    -0.282
    46.030     0.012     0.213    -0.344
    46.040     0.071     0.193    -0.374
    46.050     0.123     0.169    -0.362
    46.060     0.153     0.124    -0.312
    46.070     0.152     0.058    -0.233
    46.080     0.120    -0.026    -0.127
    46.090     0.082    -0.109    -0.007
    46.100     0.050    -0.166     0.120
    46.110     0.034    -0.191     0.240
    46.120     0.036    -0.175     0.339
    46.130     0.027    -0.127     0.413
    46.140     0.000    -0.066     0.447
    46.150    -0.039    -0.017     0.444
    46.160    -0.080    -0.004     0.421
    46.170    -0.105    -0.028     0.390
    46.180    -0.108    -0.071     0.356
    46.190    -0.091    -0.108     0.310
    46.200    -0.077    -0.142     0.256
    46.210    -0.084    -0.169     0.194
    46.220    -0.108    -0.193     0.117
    46.230    -0.128    -0.212     0.040
    46.240    -0.137    -0.216    -0.027
    46.250    -0.130    -0.206    -0.077
    46.260    -0.109    -0.173    -0.106
    46.270    -0.090    -0.119    -0.109
    46.280    -0.059    -0.043    -0.092
    46.290    -0.013     0.040    -0.069
    46.300     0.043     0.111    -0.047
    46.310     0.105     0.155    -0.034
    46.320     0.162     0.170    -0.036
    46.330     0.205     0.164    -0.044
    46.340     0.218     0.136    -0.054
    46.350     0.203     0.092    -0.065
    46.360     0.162     0.040    -0.075
    46.370     0.111    -0.011    -0.088
    46.380     0.080    -0.047    -0.109
    46.390     0.067    -0.051    -0.148
    46.400     0.065    -0.017    -0.193
    46.410     0.056     0.039    -0.240
    46.420     0.031     0.099    -0.277
    46.430    -0.001     0.149    -0.293
    46.440    -0.035     0.182    -0.282
    46.450    -0.063     0.199    -0.245
    46.460    -0.083     0.202    -0.182
    46.470    -0.104     0.185    -0.099
    46.480    -0.120     0.137    -0.018
    46.490    -0.132     0.056     0.051
    46.500    -0.142    -0.055     0.110
    46.510    -0.146    -0.182     0.147
    46.520    -0.140    -0.307     0.163
    46.530    -0.123    -0.404     0.155
    46.540    -0.096    -0.454     0.122
    46.550    -0.059    -0.449     0.064
    46.560    -0.021    -0.386    -0.004
    46.570    -0.004    -0.288    -0.066
    46.580    -0.008    -0.184    -0.116
    46.590    -0.029    -0.094    -0.142
    46.600    -0.057    -0.042    -0.146
    46.610    -0.067    -0.027    -0.139
    46.620    -0.048    -0.044    -0.131
    46.630     0.002    -0.065    -0.118
    46.640     0.067    -0.072    -0.093
    46.650     0.128    -0.062    -0.055
    46.660     0.168    -0.030     0.004
    46.670     0.166     0.013     0.069
    46.680     0.118     0.062     0.126
    46.690     0.036     0.112     0.168
    46.700    -0.051     0.159     0.186
    46.710    -0.111     0.197     0.183
    46.720    -0.125     0.233     0.161
    46.730    -0.098     0.268     0.133
    46.740    -0.054     0.301     0.112
    46.750    -0.008     0.329     0.092
    46.760     0.031     0.352     0.082
    46.770     0.070     0.360     0.079
    46.780     0.116     0.353     0.082
    46.790     0.167     0.334     0.085
    46.800     0.218     0.303     0.090
    46.810     0.256     0.260     0.101
    46.820     0.266     0.205     0.107
    46.830     0.236     0.155     0.108
    46.840     0.161     0.118     0.101
    46.850     0.063     0.102     0.075
    46.860    -0.032     0.096     0.031
    46.870    -0.100     0.089    -0.018
    46.880    -0.131     0.068    -0.048
    46.890    -0.131     0.026    -0.042
    46.900    -0.113    -0.018     0.005
    46.910    -0.097    -0.061     0.078
    46.920    -0.080    -0.097     0.148
    46.930    -0.066    -0.125     0.206
    46.940    -0.060    -0.158     0.233
    46.950    -0.051    -0.192     0.221
    46.960    -0.047    -0.231     0.179
    46.970    -0.045    -0.270     0.126
    46.980    -0.042    -0.304     0.090
    46.990    -0.041    -0.321     0.084
    47.000    -0.047    -0.306     0.103
    47.010    -0.054    -0.271     0.133
    47.020    -0.037    -0.211     0.155
    47.030    -0.002    -0.144     0.162
    47.040     0.028    -0.089     0.152
    47.050     0.041    -0.048     0.120
    47.060     0.027    -0.025     0.065
    47.070    -0.015    -0.020    -0.003
    47.080    -0.070    -0.037    -0.087
    47.090    -0.114    -0.070    -0.169
    47.100    -0.128    -0.097    -0.235
    47.110    -0.104    -0.093    -0.289
    47.120    -0.053    -0.038    -0.325
    47.130     0.007     0.059    -0.343
    47.140     0.062     0.168    -0.353
    47.150     0.102     0.260    -0.373
    47.160     0.114     0.315    -0.399
    47.170     0.083     0.331    -0.423
    47.180     0.039     0.294    -0.438
    47.190     0.010     0.229    -0.423
    47.200     0.000     0.151    -0.375
    47.210     0.008     0.072    -0.294
    47.220     0.023     0.015    -0.199
    47.230     0.036    -0.026    -0.102
    47.240     0.043    -0.059    -0.019
    47.250     0.033    -0.099     0.036
    47.260     0.009    -0.154     0.077
    47.270    -0.024    -0.213     0.099
    47.280    -0.061    -0.261     0.111
    47.290    -0.096    -0.283     0.114
    47.300    -0.136    -0.286     0.107
    47.310    -0.174    -0.271     0.104
    47.320    -0.206    -0.250     0.096
    47.330    -0.230    -0.230     0.089
    47.340    -0.233    -0.200     0.082
    47.350    -0.202    -0.162     0.069
    47.360    -0.149    -0.109     0.061
    47.370    -0.100    -0.040     0.059
    47.380    -0.069     0.033     0.064
    47.390    -0.065     0.099     0.073
    47.400    -0.070     0.144     0.091
    47.410    -0.058     0.147     0.099
    47.420    -0.004     0.119     0.086
    47.430     0.092     0.079     0.062
    47.440     0.196     0.050     0.024
    47.450     0.283     0.052    -0.008
    47.460     0.326     0.082    -0.024
    47.470     0.317     0.130    -0.019
    47.480     0.270     0.183     0.008
    47.490     0.209     0.228     0.050
    47.500     0.150     0.255     0.103
    47.510     0.106     0.252     0.152
    47.520     0.087     0.227     0.186
    47.530     0.082     0.179     0.199
    47.540     0.079     0.116     0.187
    47.550     0.070     0.049     0.147
    47.560     0.041    -0.017     0.086
    47.570     0.003    -0.064     0.023
    47.580    -0.025    -0.094    -0.026
    47.590    -0.031    -0.096    -0.051
    47.600    -0.014    -0.081    -0.051
    47.610     0.007    -0.071    -0.027
    47.620     0.019    -0.076     0.014
    47.630     0.016    -0.104     0.056
    47.640    -0.012    -0.137     0.092
    47.650    -0.048    -0.161     0.104
    47.660    -0.072    -0.158     0.096
    47.670    -0.078    -0.122     0.078
    47.680    -0.060    -0.077     0.049
    47.690    -0.024    -0.036     0.024
    47.700     0.011    -0.018     0.002
    47.710     0.030    -0.027    -0.023
    47.720     0.017    -0.047    -0.053
    47.730    -0.023    -0.074    -0.086
    47.740    -0.074    -0.092    -0.115
    47.750    -0.113    -0.093    -0.140
    47.760    -0.128    -0.079    -0.154
    47.770    -0.121    -0.062    -0.156
    47.780    -0.082    -0.045    -0.150
    47.790    -0.035    -0.032    -0.139
    47.800    -0.001    -0.022    -0.116
    47.810     0.012    -0.008    -0.077
    47.820     0.012     0.015    -0.033
    47.830     0.011     0.059     0.014
    47.840     0.007     0.118     0.058
    47.850     0.005     0.175     0.086
    47.860     0.000     0.217     0.098
    47.870    -0.013     0.230     0.089
    47.880    -0.024     0.222     0.060
    47.890    -0.021     0.198     0.020
    47.900     0.003     0.159    -0.013
    47.910     0.053     0.116    -0.028
    47.920     0.119     0.083    -0.021
    47.930     0.174     0.070     0.010
    47.940     0.200     0.068     0.053
    47.950     0.180     0.071     0.082
    47.960     0.109     0.064     0.094
    47.970     0.011     0.049     0.087
    47.980    -0.080     0.028     0.058
    47.990    -0.130     0.009     0.006
    48.000    -0.135    -0.002    -0.058
    48.010    -0.107    -0.006    -0.127
    48.020    -0.064     0.010    -0.185
    48.030    -0.030     0.041    -0.222
    48.040    -0.005     0.080    -0.230
    48.050     0.016     0.121    -0.201
    48.060     0.026     0.152    -0.134
    48.070     0.028     0.164    -0.028
    48.080     0.033     0.134     0.092
    48.090     0.054     0.065     0.198
    48.100     0.089    -0.020     0.276
    48.110     0.124    -0.114     0.294
    48.120     0.143    -0.191     0.262
    48.130     0.136    -0.242     0.195
    48.140     0.106    -0.274     0.103
    48.150     0.061    -0.290     0.007
    48.160     0.000    -0.297    -0.078
    48.170    -0.083    -0.294    -0.143
    48.180    -0.181    -0.281    -0.179
    48.190    -0.289    -0.256    -0.176
    48.200    -0.397    -0.229    -0.134
    48.210    -0.472    -0.215    -0.069
    48.220    -0.477    -0.207     0.011
    48.230    -0.402    -0.196     0.086
    48.240    -0.252    -0.167     0.140
    48.250    -0.048    -0.107     0.160
    48.260     0.165    -0.022     0.152
    48.270     0.341     0.076     0.123
    48.280     0.450     0.163     0.073
    48.290     0.476     0.234     0.010
    48.300     0.434     0.292    -0.061
    48.310     0.350     0.332    -0.130
    48.320     0.256     0.353    -0.182
    48.330     0.173     0.357    -0.212
    48.340     0.103     0.341    -0.216
    48.350     0.043     0.306    -0.198
    48.360    -0.015     0.256    -0.162
    48.370    -0.074     0.186    -0.111
    48.380    -0.122     0.103    -0.065
    48.390    -0.141     0.017    -0.034
    48.400    -0.132    -0.065    -0.025
    48.410    -0.103    -0.130    -0.039
    48.420    -0.075    -0.164    -0.056
    48.430    -0.077    -0.166    -0.069
    48.440    -0.115    -0.144    -0.065
    48.450    -0.166    -0.101    -0.033
    48.460    -0.212    -0.047     0.014
    48.470    -0.240     0.009     0.065
    48.480    -0.240     0.062     0.111
    48.490    -0.216     0.092     0.140
    48.500    -0.172     0.085     0.150
    48.510    -0.115     0.027     0.136
    48.520    -0.059    -0.081     0.095
    48.530    -0.024    -0.214     0.044
    48.540    -0.013    -0.342     0.004
    48.550    -0.016    -0.434    -0.026
    48.560    -0.031    -0.477    -0.045
    48.570    -0.040    -0.465    -0.044
    48.580    -0.025    -0.410    -0.035
    48.590     0.019    -0.319    -0.022
    48.600     0.083    -0.204    -0.012
    48.610     0.154    -0.071    -0.017
    48.620     0.228     0.069    -0.030
    48.630     0.284     0.197    -0.049
    48.640     0.314     0.301    -0.058
    48.650     0.316     0.375    -0.046
    48.660     0.288     0.414    -0.015
    48.670     0.233     0.422     0.034
    48.680     0.160     0.402     0.085
    48.690     0.081     0.351     0.127
    48.700     0.012     0.267     0.157
    48.710    -0.024     0.159     0.158
    48.720    -0.034     0.038     0.132
    48.730    -0.025    -0.078     0.091
    48.740    -0.013    -0.169     0.044
    48.750    -0.016    -0.221     0.004
    48.760    -0.038    -0.221    -0.019
    48.770    -0.087    -0.177    -0.019
    48.780    -0.142    -0.105    -0.012
    48.790    -0.187    -0.012    -0.012
    48.800    -0.215     0.080    -0.019
    48.810    -0.207     0.155    -0.038
    48.820    -0.168     0.204    -0.064
    48.830    -0.120     0.203    -0.087
    48.840    -0.081     0.158    -0.107
    48.850    -0.052     0.086    -0.115
    48.860    -0.033     0.013    -0.095
    48.870    -0.016    -0.039    -0.049
    48.880     0.011    -0.057     0.022
    48.890     0.048    -0.038     0.110
    48.900     0.094    -0.002     0.196
    48.910     0.138     0.030     0.264
    48.920     0.172     0.049     0.297
    48.930     0.175     0.037     0.282
    48.940     0.160    -0.006     0.224
    48.950     0.137    -0.075     0.130
    48.960     0.103    -0.172     0.027
    48.970     0.059    -0.275    -0.069
    48.980     0.005    -0.360    -0.151
    48.990    -0.050    -0.393    -0.206
    49.000    -0.106    -0.363    -0.224
    49.010    -0.160    -0.287    -0.213
    49.020    -0.208    -0.179    -0.185
    49.030    -0.245    -0.059    -0.145
    49.040    -0.260     0.050    -0.106
    49.050    -0.254     0.134    -0.070
    49.060    -0.233     0.168    -0.036
    49.070    -0.202     0.163    -0.006
    49.080    -0.150     0.139     0.013
    49.090    -0.078     0.117     0.021
    49.100    -0.005     0.112     0.012
    49.110     0.063     0.114    -0.019
    49.120     0.114     0.124    -0.065
    49.130     0.145     0.123    -0.115
    49.140     0.161     0.107    -0.159
    49.150     0.171     0.076    -0.184
    49.160     0.178     0.036    -0.179
    49.170     0.183     0.006    -0.139
    49.180     0.181    -0.006    -0.078
    49.190     0.170     0.005    -0.009
    49.200     0.143     0.029     0.049
    49.210     0.111     0.054     0.083
    49.220     0.093     0.084     0.094
    49.230     0.083     0.119     0.086
    49.240     0.083     0.158     0.064
    49.250     0.085     0.194     0.040
    49.260     0.080     0.220     0.023
    49.270     0.072     0.230    -0.001
    49.280     0.057     0.229    -0.027
    49.290     0.039     0.225    -0.058
    49.300     0.018     0.226    -0.074
    49.310    -0.002     0.246    -0.064
    49.320    -0.024     0.279    -0.047
    49.330    -0.069     0.315    -0.016
    49.340    -0.138     0.338     0.019
    49.350    -0.221     0.338     0.053
    49.360    -0.305     0.310     0.092
    49.370    -0.363     0.242     0.121
    49.380    -0.365     0.138     0.155
    49.390    -0.305     0.007     0.195
    49.400    -0.208    -0.148     0.233
    49.410    -0.105    -0.307     0.258
    49.420    -0.018    -0.459     0.257
    49.430     0.022    -0.591     0.241
    49.440     0.018    -0.686     0.210
    49.450    -0.010    -0.743     0.174
    49.460    -0.044    -0.772     0.142
    49.470    -0.056    -0.779     0.121
    49.480    -0.038    -0.757     0.107
    49.490     0.003    -0.712     0.095
    49.500     0.059    -0.639     0.076
    49.510     0.123    -0.535     0.034
    49.520     0.177    -0.401    -0.029
    49.530     0.209    -0.245    -0.103
    49.540     0.234    -0.084    -0.180
    49.550     0.263     0.073    -0.236
    49.560     0.285     0.216    -0.264
    49.570     0.287     0.330    -0.257
    49.580     0.261     0.420    -0.211
    49.590     0.000     0.480    -0.148
    49.600     0.148     0.490    -0.076
    49.610     0.077     0.456    -0.010
    49.620     0.012     0.385     0.035
    49.630    -0.033     0.288     0.074
    49.640    -0.034     0.187     0.100
    49.650     0.005     0.097     0.118
    49.660     0.052     0.031     0.129
    49.670     0.060     0.000     0.108
    49.680     0.015     0.004     0.064
    49.690    -0.079     0.037    -0.006
    49.700    -0.201     0.076    -0.092
    49.710    -0.312     0.113    -0.173
    49.720    -0.398     0.134    -0.238
    49.730    -0.444     0.129    -0.263
    49.740    -0.445     0.099    -0.260
    49.750    -0.410     0.039    -0.251
    49.760    -0.353    -0.040    -0.244
    49.770    -0.276    -0.120    -0.254
    49.780    -0.178    -0.174    -0.278
    49.790    -0.068    -0.175    -0.304
    49.800     0.055    -0.112    -0.315
    49.810     0.179     0.005    -0.301
    49.820     0.289     0.138    -0.257
    49.830     0.369     0.247    -0.184
    49.840     0.400     0.306    -0.101
    49.850     0.392     0.306    -0.010
    49.860     0.353     0.258     0.090
    49.870     0.299     0.183     0.200
    49.880     0.251     0.113     0.306
    49.890     0.202     0.061     0.396
    49.900     0.159     0.030     0.466
    49.910     0.122     0.008     0.511
    49.920     0.087    -0.021     0.537
    49.930     0.067    -0.077     0.548
    49.940     0.047    -0.164     0.538
    49.950     0.014    -0.274     0.504
    49.960    -0.040    -0.387     0.450
    49.970    -0.117    -0.480     0.375
    49.980    -0.192    -0.531     0.275
    49.990    -0.247    -0.522     0.161
    50.000    -0.266    -0.452     0.043
    50.010    -0.242    -0.337    -0.067
    50.020    -0.190    -0.192    -0.153
    50.030    -0.121    -0.031    -0.210
    50.040    -0.052     0.131    -0.241
    50.050     0.007     0.296    -0.252
    50.060     0.044     0.452    -0.256
    50.070     0.054     0.577    -0.277
    50.080     0.051     0.655    -0.320
    50.090     0.046     0.678    -0.381
    50.100     0.048     0.643    -0.448
    50.110     0.073     0.554    -0.499
    50.120     0.119     0.426    -0.527
    50.130     0.165     0.281    -0.516
    50.140     0.206     0.138    -0.468
    50.150     0.239     0.020    -0.391
    50.160     0.255    -0.074    -0.299
    50.170     0.256    -0.144    -0.206
    50.180     0.251    -0.203    -0.113
    50.190     0.237    -0.257    -0.018
    50.200     0.200    -0.298     0.082
    50.210     0.129    -0.325     0.175
    50.220     0.018    -0.320     0.249
    50.230    -0.126    -0.288     0.295
    50.240    -0.284    -0.236     0.303
    50.250    -0.433    -0.171     0.276
    50.260    -0.547    -0.100     0.215
    50.270    -0.606    -0.042     0.132
    50.280    -0.606    -0.015     0.030
    50.290    -0.555    -0.034    -0.077
    50.300    -0.474    -0.110    -0.167
    50.310    -0.377    -0.227    -0.230
    50.320    -0.277    -0.355    -0.245
    50.330    -0.191    -0.445    -0.203
    50.340    -0.122    -0.472    -0.096
    50.350    -0.077    -0.428     0.060
    50.360    -0.053    -0.321     0.241
    50.370    -0.042    -0.189     0.407
    50.380    -0.018    -0.052     0.516
    50.390     0.032     0.072     0.556
    50.400     0.103     0.159     0.528
    50.410     0.196     0.215     0.443
    50.420     0.291     0.243     0.328
    50.430     0.365     0.254     0.204
    50.440     0.396     0.244     0.092
    50.450     0.379     0.213     0.000
    50.460     0.338     0.165    -0.067
    50.470     0.308     0.113    -0.110
    50.480     0.315     0.085    -0.125
    50.490     0.350     0.094    -0.106
    50.500     0.393     0.155    -0.064
    50.510     0.417     0.265    -0.009
    50.520     0.403     0.409     0.051
    50.530     0.343     0.570     0.116
    50.540     0.241     0.713     0.174
    50.550     0.128     0.824     0.212
    50.560     0.017     0.886     0.231
    50.570    -0.072     0.871     0.213
    50.580    -0.119     0.789     0.161
    50.590    -0.129     0.653     0.077
    50.600    -0.116     0.491    -0.033
    50.610    -0.098     0.318    -0.139
    50.620    -0.089     0.136    -0.220
    50.630    -0.091    -0.039    -0.265
    50.640    -0.091    -0.202    -0.286
    50.650    -0.074    -0.352    -0.295
    50.660    -0.045    -0.482    -0.283
    50.670    -0.011    -0.591    -0.261
    50.680     0.008    -0.671    -0.237
    50.690    -0.016    -0.724    -0.211
    50.700    -0.089    -0.764    -0.188
    50.710    -0.210    -0.799    -0.174
    50.720    -0.362    -0.826    -0.170
    50.730    -0.505    -0.855    -0.169
    50.740    -0.604    -0.884    -0.153
    50.750    -0.631    -0.894    -0.114
    50.760    -0.586    -0.873    -0.042
    50.770    -0.488    -0.800     0.056
    50.780    -0.351    -0.675     0.158
    50.790    -0.195    -0.498     0.241
    50.800    -0.038    -0.291     0.289
    50.810     0.109    -0.083     0.288
    50.820     0.249     0.108     0.247
    50.830     0.367     0.263     0.186
    50.840     0.448     0.360     0.126
    50.850     0.494     0.390     0.087
    50.860     0.498     0.364     0.086
    50.870     0.467     0.301     0.111
    50.880     0.409     0.234     0.143
    50.890     0.328     0.185     0.165
    50.900     0.235     0.158     0.163
    50.910     0.138     0.155     0.124
    50.920     0.036     0.166     0.046
    50.930    -0.069     0.188    -0.051
    50.940    -0.166     0.217    -0.162
    50.950    -0.247     0.266    -0.258
    50.960    -0.315     0.350    -0.313
    50.970    -0.354     0.457    -0.331
    50.980    -0.348     0.571    -0.319
    50.990    -0.308     0.650    -0.294
    51.000    -0.244     0.661    -0.272
    51.010    -0.169     0.576    -0.264
    51.020    -0.087     0.402    -0.266
    51.030    -0.001     0.173    -0.262
    51.040     0.082    -0.074    -0.257
    51.050     0.163    -0.283    -0.239
    51.060     0.229    -0.422    -0.209
    51.070     0.274    -0.471    -0.169
    51.080     0.286    -0.422    -0.125
    51.090     0.246    -0.293    -0.077
    51.100     0.154    -0.104    -0.018
    51.110     0.018     0.107     0.036
    51.120    -0.128     0.301     0.097
    51.130    -0.252     0.429     0.165
    51.140    -0.331     0.460     0.229
    51.150    -0.348     0.407     0.285
    51.160    -0.308     0.295     0.329
    51.170    -0.223     0.163     0.357
    51.180    -0.105     0.043     0.365
    51.190     0.026    -0.040     0.346
    51.200     0.147    -0.071     0.293
    51.210     0.260    -0.044     0.205
    51.220     0.364     0.037     0.110
    51.230     0.440     0.150     0.026
    51.240     0.478     0.253    -0.029
    51.250     0.471     0.310    -0.035
    51.260     0.432     0.304    -0.002
    51.270     0.379     0.214     0.057
    51.280     0.321     0.048     0.116
    51.290     0.259    -0.167     0.155
    51.300     0.191    -0.397     0.160
    51.310     0.113    -0.612     0.128
    51.320     0.015    -0.786     0.065
    51.330    -0.110    -0.896    -0.015
    51.340    -0.256    -0.933    -0.088
    51.350    -0.404    -0.887    -0.137
    51.360    -0.543    -0.758    -0.157
    51.370    -0.659    -0.564    -0.154
    51.380    -0.724    -0.323    -0.137
    51.390    -0.721    -0.072    -0.106
    51.400    -0.638     0.162    -0.066
    51.410    -0.486     0.355    -0.019
    51.420    -0.300     0.476     0.041
    51.430    -0.123     0.519     0.109
    51.440     0.012     0.487     0.175
    51.450     0.097     0.396     0.227
    51.460     0.130     0.263     0.259
    51.470     0.139     0.115     0.253
    51.480     0.146    -0.023     0.202
    51.490     0.152    -0.141     0.105
    51.500     0.163    -0.221    -0.026
    51.510     0.174    -0.265    -0.177
    51.520     0.197    -0.267    -0.329
    51.530     0.237    -0.220    -0.450
    51.540     0.303    -0.138    -0.538
    51.550     0.379    -0.030    -0.573
    51.560     0.430     0.077    -0.547
    51.570     0.448     0.159    -0.476
    51.580     0.424     0.213    -0.372
    51.590     0.353     0.224    -0.265
    51.600     0.227     0.197    -0.177
    51.610     0.069     0.142    -0.122
    51.620    -0.089     0.076    -0.096
    51.630    -0.231     0.015    -0.085
    51.640    -0.332    -0.038    -0.067
    51.650    -0.383    -0.066    -0.010
    51.660    -0.374    -0.070     0.106
    51.670    -0.307    -0.053     0.280
    51.680    -0.189    -0.019     0.465
    51.690    -0.049     0.026     0.642
    51.700     0.081     0.073     0.770
    51.710     0.186     0.102     0.807
    51.720     0.235     0.120     0.764
    51.730     0.213     0.116     0.640
    51.740     0.128     0.096     0.472
    51.750    -0.015     0.079     0.302
    51.760    -0.178     0.067     0.145
    51.770    -0.330     0.064     0.036
    51.780    -0.434     0.071    -0.038
    51.790    -0.473     0.089    -0.083
    51.800    -0.455     0.119    -0.103
    51.810    -0.368     0.159    -0.126
    51.820    -0.231     0.201    -0.156
    51.830    -0.078     0.242    -0.209
    51.840     0.065     0.274    -0.286
    51.850     0.174     0.289    -0.361
    51.860     0.239     0.285    -0.415
    51.870     0.268     0.254    -0.426
    51.880     0.280     0.204    -0.392
    51.890     0.293     0.133    -0.317
    51.900     0.317     0.038    -0.220
    51.910     0.350    -0.071    -0.140
    51.920     0.383    -0.184    -0.099
    51.930     0.394    -0.274    -0.102
    51.940     0.371    -0.330    -0.129
    51.950     0.323    -0.343    -0.151
    51.960     0.247    -0.316    -0.147
    51.970     0.158    -0.269    -0.108
    51.980     0.076    -0.214    -0.057
    51.990     0.004    -0.178     0.005
    52.000    -0.065    -0.178     0.065
    52.010    -0.150    -0.220     0.107
    52.020    -0.261    -0.286     0.136
    52.030    -0.394    -0.347     0.158
    52.040    -0.524    -0.388     0.177
    52.050    -0.612    -0.393     0.201
    52.060    -0.634    -0.361     0.244
    52.070    -0.570    -0.299     0.303
    52.080    -0.423    -0.204     0.366
    52.090    -0.222    -0.091     0.421
    52.100    -0.006     0.027     0.444
    52.110     0.186     0.134     0.423
    52.120     0.330     0.222     0.357
    52.130     0.419     0.284     0.237
    52.140     0.470     0.300     0.064
    52.150     0.490     0.275    -0.143
    52.160     0.473     0.218    -0.351
    52.170     0.410     0.142    -0.525
    52.180     0.308     0.082    -0.640
    52.190     0.167     0.053    -0.682
    52.200     0.010     0.073    -0.647
    52.210    -0.128     0.148    -0.558
    52.220    -0.226     0.257    -0.432
    52.230    -0.276     0.372    -0.291
    52.240    -0.286     0.463    -0.167
    52.250    -0.269     0.513    -0.068
    52.260    -0.236     0.499     0.001
    52.270    -0.193     0.414     0.037
    52.280    -0.144     0.275     0.044
    52.290    -0.103     0.102     0.036
    52.300    -0.070    -0.086     0.034
    52.310    -0.040    -0.259     0.032
    52.320    -0.009    -0.397     0.038
    52.330     0.006    -0.496     0.061
    52.340     0.004    -0.545     0.088
    52.350    -0.003    -0.535     0.122
    52.360    -0.011    -0.475     0.163
    52.370    -0.006    -0.373     0.204
    52.380     0.007    -0.243     0.238
    52.390     0.013    -0.097     0.263
    52.400     0.002     0.049     0.266
    52.410    -0.024     0.171     0.241
    52.420    -0.053     0.250     0.201
    52.430    -0.078     0.271     0.147
    52.440    -0.091     0.235     0.096
    52.450    -0.090     0.168     0.061
    52.460    -0.068     0.103     0.049
    52.470    -0.018     0.055     0.054
    52.480     0.056     0.032     0.061
    52.490     0.139     0.037     0.088
    52.500     0.219     0.058     0.116
    52.510     0.289     0.094     0.135
    52.520     0.335     0.134     0.150
    52.530     0.358     0.161     0.151
    52.540     0.368     0.169     0.149
    52.550     0.367     0.157     0.139
    52.560     0.350     0.130     0.122
    52.570     0.307     0.084     0.100
    52.580     0.244     0.019     0.066
    52.590     0.166    -0.064     0.027
    52.600     0.079    -0.153    -0.018
    52.610    -0.003    -0.229    -0.062
    52.620    -0.080    -0.284    -0.106
    52.630    -0.144    -0.304    -0.143
    52.640    -0.190    -0.280    -0.182
    52.650    -0.224    -0.208    -0.232
    52.660    -0.259    -0.101    -0.291
    52.670    -0.290     0.021    -0.355
    52.680    -0.312     0.137    -0.401
    52.690    -0.312     0.216    -0.413
    52.700    -0.297     0.248    -0.381
    52.710    -0.278     0.228    -0.294
    52.720    -0.252     0.169    -0.173
    52.730    -0.224     0.086    -0.030
    52.740    -0.181    -0.005     0.105
    52.750    -0.119    -0.076     0.204
    52.760    -0.056    -0.115     0.261
    52.770     0.006    -0.115     0.261
    52.780     0.056    -0.074     0.204
    52.790     0.099    -0.014     0.114
    52.800     0.131     0.045     0.007
    52.810     0.148     0.079    -0.082
    52.820     0.156     0.091    -0.129
    52.830     0.150     0.085    -0.128
    52.840     0.134     0.066    -0.078
    52.850     0.108     0.047     0.002
    52.860     0.074     0.022     0.097
    52.870     0.046     0.003     0.169
    52.880     0.030    -0.011     0.194
    52.890     0.026    -0.032     0.176
    52.900     0.024    -0.062     0.114
    52.910     0.011    -0.113     0.031
    52.920    -0.012    -0.165    -0.051
    52.930    -0.052    -0.213    -0.114
    52.940    -0.102    -0.266    -0.138
    52.950    -0.147    -0.306    -0.118
    52.960    -0.181    -0.338    -0.052
    52.970    -0.190    -0.360     0.049
    52.980    -0.156    -0.360     0.156
    52.990    -0.090    -0.340     0.253
    53.000    -0.007    -0.311     0.331
    53.010     0.087    -0.277     0.370
    53.020     0.175    -0.239     0.377
    53.030     0.229    -0.198     0.354
    53.040     0.240    -0.142     0.283
    53.050     0.212    -0.068     0.177
    53.060     0.151     0.018     0.046
    53.070     0.081     0.108    -0.088
    53.080     0.017     0.212    -0.201
    53.090    -0.035     0.325    -0.272
    53.100    -0.064     0.441    -0.278
    53.110    -0.063     0.556    -0.226
    53.120    -0.036     0.645    -0.127
    53.130     0.012     0.683     0.004
    53.140     0.079     0.665     0.130
    53.150     0.152     0.588     0.228
    53.160     0.208     0.469     0.281
    53.170     0.239     0.332     0.280
    53.180     0.238     0.211     0.221
    53.190     0.200     0.132     0.123
    53.200     0.130     0.094    -0.003
    53.210     0.031     0.087    -0.137
    53.220    -0.076     0.087    -0.241
    53.230    -0.168     0.071    -0.308
    53.240    -0.227     0.025    -0.326
    53.250    -0.237    -0.042    -0.301
    53.260    -0.191    -0.111    -0.248
    53.270    -0.095    -0.173    -0.186
    53.280     0.039    -0.208    -0.139
    53.290     0.169    -0.213    -0.104
    53.300     0.261    -0.192    -0.086
    53.310     0.291    -0.154    -0.089
    53.320     0.238    -0.119    -0.101
    53.330     0.110    -0.097    -0.119
    53.340    -0.062    -0.103    -0.144
    53.350    -0.241    -0.124    -0.168
    53.360    -0.390    -0.146    -0.194
    53.370    -0.471    -0.163    -0.222
    53.380    -0.473    -0.153    -0.247
    53.390    -0.411    -0.108    -0.264
    53.400    -0.312    -0.033    -0.265
    53.410    -0.223     0.057    -0.247
    53.420    -0.150     0.151    -0.214
    53.430    -0.094     0.218    -0.167
    53.440    -0.057     0.241    -0.118
    53.450    -0.041     0.209    -0.078
    53.460    -0.036     0.125    -0.041
    53.470    -0.018     0.014    -0.014
    53.480     0.018    -0.103    -0.003
    53.490     0.062    -0.202    -0.008
    53.500     0.094    -0.271    -0.027
    53.510     0.106    -0.312    -0.043
    53.520     0.100    -0.320    -0.043
    53.530     0.088    -0.309     0.002
    53.540     0.086    -0.285     0.087
    53.550     0.087    -0.246     0.198
    53.560     0.079    -0.202     0.320
    53.570     0.064    -0.150     0.420
    53.580     0.049    -0.090     0.479
    53.590     0.026    -0.040     0.486
    53.600    -0.003    -0.018     0.445
    53.610    -0.034    -0.028     0.368
    53.620    -0.063    -0.058     0.271
    53.630    -0.085    -0.089     0.174
    53.640    -0.097    -0.115     0.090
    53.650    -0.085    -0.116     0.042
    53.660    -0.045    -0.098     0.035
    53.670     0.024    -0.063     0.061
    53.680     0.124     0.001     0.100
    53.690     0.236     0.081     0.131
    53.700     0.348     0.179     0.154
    53.710     0.434     0.292     0.150
    53.720     0.464     0.399     0.120
    53.730     0.435     0.485     0.069
    53.740     0.357     0.519     0.007
    53.750     0.242     0.495    -0.050
    53.760     0.105     0.421    -0.102
    53.770    -0.026     0.308    -0.137
    53.780    -0.125     0.187    -0.151
    53.790    -0.181     0.078    -0.137
    53.800    -0.199    -0.005    -0.096
    53.810    -0.187    -0.057    -0.036
    53.820    -0.162    -0.071     0.039
    53.830    -0.141    -0.051     0.120
    53.840    -0.121    -0.004     0.185
    53.850    -0.097     0.046     0.220
    53.860    -0.071     0.076     0.221
    53.870    -0.038     0.064     0.191
    53.880     0.006     0.006     0.135
    53.890     0.057    -0.096     0.068
    53.900     0.098    -0.228     0.012
    53.910     0.117    -0.367    -0.039
    53.920     0.108    -0.486    -0.088
    53.930     0.059    -0.559    -0.134
    53.940    -0.009    -0.574    -0.192
    53.950    -0.083    -0.536    -0.257
    53.960    -0.151    -0.454    -0.316
    53.970    -0.202    -0.353    -0.373
    53.980    -0.231    -0.245    -0.419
    53.990    -0.233    -0.139    -0.442
    54.000    -0.215    -0.058    -0.430
    54.010    -0.186    -0.007    -0.379
    54.020    -0.149     0.016    -0.287
    54.030    -0.109     0.022    -0.171
    54.040    -0.067     0.023    -0.052
    54.050    -0.034     0.024     0.061
    54.060    -0.022     0.027     0.158
    54.070    -0.029     0.027     0.226
    54.080    -0.044     0.035     0.262
    54.090    -0.061     0.059     0.266
    54.100    -0.070     0.102     0.248
    54.110    -0.060     0.163     0.218
    54.120    -0.028     0.235     0.194
    54.130     0.026     0.307     0.183
    54.140     0.102     0.365     0.179
    54.150     0.181     0.398     0.177
    54.160     0.240     0.394     0.169
    54.170     0.273     0.356     0.152
    54.180     0.274     0.295     0.123
    54.190     0.252     0.224     0.082
    54.200     0.207     0.166     0.034
    54.210     0.139     0.121    -0.018
    54.220     0.054     0.095    -0.065
    54.230    -0.040     0.077    -0.108
    54.240    -0.125     0.054    -0.160
    54.250    -0.196     0.015    -0.212
    54.260    -0.251    -0.050    -0.260
    54.270    -0.282    -0.133    -0.294
    54.280    -0.286    -0.211    -0.301
    54.290    -0.256    -0.256    -0.281
    54.300    -0.196    -0.254    -0.223
    54.310    -0.115    -0.204    -0.136
    54.320    -0.032    -0.125    -0.027
    54.330     0.032    -0.036     0.089
    54.340     0.080     0.047     0.180
    54.350     0.110     0.123     0.237
    54.360     0.117     0.194     0.256
    54.370     0.109     0.253     0.238
    54.380     0.099     0.303     0.194
    54.390     0.092     0.342     0.136
    54.400     0.088     0.359     0.084
    54.410     0.082     0.355     0.044
    54.420     0.073     0.320     0.024
    54.430     0.064     0.259     0.010
    54.440     0.059     0.173    -0.009
    54.450     0.055     0.067    -0.026
    54.460     0.046    -0.052    -0.045
    54.470     0.025    -0.174    -0.066
    54.480    -0.010    -0.280    -0.090
    54.490    -0.057    -0.365    -0.110
    54.500    -0.098    -0.411    -0.123
    54.510    -0.108    -0.408    -0.131
    54.520    -0.086    -0.352    -0.122
    54.530    -0.036    -0.249    -0.104
    54.540     0.034    -0.120    -0.082
    54.550     0.102     0.016    -0.053
    54.560     0.143     0.141    -0.012
    54.570     0.153     0.236     0.033
    54.580     0.146     0.295     0.076
    54.590     0.129     0.319     0.125
    54.600     0.118     0.304     0.169
    54.610     0.117     0.259     0.205
    54.620     0.110     0.187     0.235
    54.630     0.080     0.100     0.243
    54.640     0.018     0.011     0.227
    54.650    -0.078    -0.074     0.191
    54.660    -0.197    -0.149     0.137
    54.670    -0.308    -0.209     0.075
    54.680    -0.382    -0.266     0.016
    54.690    -0.399    -0.329    -0.031
    54.700    -0.346    -0.400    -0.068
    54.710    -0.246    -0.462    -0.094
    54.720    -0.123    -0.497    -0.101
    54.730    -0.002    -0.492    -0.093
    54.740     0.105    -0.448    -0.068
    54.750     0.186    -0.373    -0.028
    54.760     0.232    -0.289     0.016
    54.770     0.245    -0.213     0.058
    54.780     0.225    -0.154     0.086
    54.790     0.172    -0.114     0.098
    54.800     0.104    -0.087     0.089
    54.810     0.046    -0.068     0.055
    54.820     0.011    -0.044     0.005
    54.830     0.008    -0.017    -0.056
    54.840     0.031     0.018    -0.120
    54.850     0.060     0.062    -0.175
    54.860     0.080     0.106    -0.209
    54.870     0.078     0.153    -0.214
    54.880     0.048     0.200    -0.201
    54.890    -0.004     0.237    -0.168
    54.900    -0.062     0.268    -0.123
    54.910    -0.116     0.287    -0.083
    54.920    -0.157     0.301    -0.045
    54.930    -0.176     0.305    -0.018
    54.940    -0.169     0.293    -0.011
    54.950    -0.143     0.268    -0.019
    54.960    -0.109     0.227    -0.051
    54.970    -0.071     0.173    -0.103
    54.980    -0.034     0.114    -0.166
    54.990    -0.001     0.049    -0.223
    55.000     0.020    -0.022    -0.260
    55.010     0.029    -0.096    -0.270
    55.020     0.032    -0.161    -0.242
    55.030     0.038    -0.210    -0.179
    55.040     0.059    -0.245    -0.086
    55.050     0.083    -0.254     0.030
    55.060     0.110    -0.231     0.165
    55.070     0.132    -0.164     0.304
    55.080     0.146    -0.051     0.430
    55.090     0.165     0.092     0.532
    55.100     0.195     0.243     0.600
    55.110     0.239     0.377     0.623
    55.120     0.282     0.468     0.603
    55.130     0.314     0.504     0.540
    55.140     0.332     0.480     0.443
    55.150     0.319     0.407     0.331
    55.160     0.272     0.297     0.219
    55.170     0.187     0.168     0.122
    55.180     0.081     0.054     0.048
    55.190    -0.037    -0.040     0.001
    55.200    -0.154    -0.112    -0.034
    55.210    -0.243    -0.164    -0.070
    55.220    -0.308    -0.203    -0.115
    55.230    -0.348    -0.233    -0.189
    55.240    -0.368    -0.263    -0.290
    55.250    -0.369    -0.294    -0.416
    55.260    -0.350    -0.331    -0.550
    55.270    -0.311    -0.371    -0.662
    55.280    -0.255    -0.389    -0.738
    55.290    -0.197    -0.382    -0.755
    55.300    -0.143    -0.340    -0.700
    55.310    -0.092    -0.269    -0.588
    55.320    -0.046    -0.179    -0.427
    55.330    -0.014    -0.077    -0.243
    55.340     0.020     0.019    -0.068
    55.350     0.060     0.117     0.089
    55.360     0.100     0.208     0.219
    55.370     0.143     0.283     0.319
    55.380     0.179     0.344     0.383
    55.390     0.197     0.382     0.405
    55.400     0.193     0.393     0.379
    55.410     0.172     0.375     0.299
    55.420     0.145     0.331     0.190
    55.430     0.122     0.272     0.069
    55.440     0.122     0.214    -0.046
    55.450     0.138     0.171    -0.133
    55.460     0.151     0.140    -0.180
    55.470     0.150     0.113    -0.181
    55.480     0.122     0.082    -0.149
    55.490     0.065     0.038    -0.087
    55.500    -0.011    -0.019    -0.015
    55.510    -0.099    -0.081     0.046
    55.520    -0.187    -0.138     0.107
    55.530    -0.273    -0.188     0.161
    55.540    -0.348    -0.228     0.210
    55.550    -0.411    -0.266     0.262
    55.560    -0.463    -0.309     0.312
    55.570    -0.482    -0.357     0.364
    55.580    -0.457    -0.392     0.409
    55.590    -0.384    -0.409     0.449
    55.600    -0.277    -0.399     0.489
    55.610    -0.146    -0.359     0.521
    55.620    -0.002    -0.293     0.537
    55.630     0.133    -0.206     0.524
    55.640     0.247    -0.113     0.480
    55.650     0.325    -0.029     0.407
    55.660     0.364     0.026     0.313
    55.670     0.380     0.046     0.199
    55.680     0.382     0.035     0.069
    55.690     0.373    -0.007    -0.066
    55.700     0.359    -0.059    -0.198
    55.710     0.337    -0.114    -0.322
    55.720     0.289    -0.163    -0.432
    55.730     0.220    -0.198    -0.523
    55.740     0.143    -0.220    -0.592
    55.750     0.066    -0.217    -0.626
    55.760     0.001    -0.188    -0.612
    55.770    -0.055    -0.129    -0.554
    55.780    -0.094    -0.041    -0.468
    55.790    -0.123     0.070    -0.369
    55.800    -0.152     0.201    -0.278
    55.810    -0.173     0.338    -0.218
    55.820    -0.200     0.464    -0.183
    55.830    -0.231     0.571    -0.171
    55.840    -0.256     0.644    -0.174
    55.850    -0.281     0.681    -0.168
    55.860    -0.293     0.678    -0.139
    55.870    -0.286     0.640    -0.088
    55.880    -0.251     0.581    -0.020
    55.890    -0.189     0.510     0.063
    55.900    -0.109     0.445     0.142
    55.910    -0.019     0.387     0.198
    55.920     0.061     0.334     0.228
    55.930     0.120     0.277     0.225
    55.940     0.152     0.214     0.187
    55.950     0.156     0.147     0.127
    55.960     0.137     0.074     0.059
    55.970     0.109    -0.001    -0.005
    55.980     0.084    -0.077    -0.058
    55.990     0.064    -0.159    -0.090
    56.000     0.046    -0.247    -0.102
    56.010     0.033    -0.345    -0.094
    56.020     0.029    -0.447    -0.064
    56.030     0.039    -0.538    -0.016
    56.040     0.065    -0.609     0.045
    56.050     0.098    -0.652     0.121
    56.060     0.130    -0.670     0.214
    56.070     0.155    -0.663     0.310
    56.080     0.153    -0.628     0.396
    56.090     0.122    -0.567     0.463
    56.100     0.069    -0.487     0.490
    56.110     0.006    -0.390     0.461
    56.120    -0.050    -0.281     0.372
    56.130    -0.097    -0.166     0.232
    56.140    -0.129    -0.055     0.068
    56.150    -0.149     0.057    -0.102
    56.160    -0.160     0.157    -0.246
    56.170    -0.152     0.236    -0.359
    56.180    -0.130     0.291    -0.427
    56.190    -0.092     0.314    -0.439
    56.200    -0.045     0.311    -0.414
    56.210     0.009     0.284    -0.364
    56.220     0.070     0.244    -0.309
    56.230     0.134     0.202    -0.264
    56.240     0.198     0.174    -0.240
    56.250     0.240     0.170    -0.230
    56.260     0.242     0.181    -0.231
    56.270     0.209     0.196    -0.249
    56.280     0.135     0.195    -0.274
    56.290     0.033     0.160    -0.300
    56.300    -0.077     0.086    -0.318
    56.310    -0.178    -0.016    -0.310
    56.320    -0.256    -0.114    -0.271
    56.330    -0.304    -0.185    -0.198
    56.340    -0.312    -0.207    -0.101
    56.350    -0.275    -0.162     0.016
    56.360    -0.211    -0.056     0.145
    56.370    -0.127     0.101     0.269
    56.380    -0.032     0.288     0.381
    56.390     0.058     0.477     0.471
    56.400     0.134     0.629     0.535
    56.410     0.181     0.708     0.566
    56.420     0.194     0.701     0.563
    56.430     0.183     0.612     0.523
    56.440     0.158     0.457     0.448
    56.450     0.135     0.255     0.364
    56.460     0.128     0.028     0.289
    56.470     0.141    -0.202     0.234
    56.480     0.162    -0.424     0.204
    56.490     0.178    -0.625     0.192
    56.500     0.185    -0.791     0.183
    56.510     0.182    -0.906     0.154
    56.520     0.172    -0.946     0.097
    56.530     0.155    -0.908     0.002
    56.540     0.127    -0.798    -0.119
    56.550     0.077    -0.626    -0.248
    56.560    -0.001    -0.425    -0.363
    56.570    -0.103    -0.233    -0.444
    56.580    -0.208    -0.073    -0.492
    56.590    -0.299     0.034    -0.489
    56.600    -0.360     0.087    -0.438
    56.610    -0.376     0.095    -0.350
    56.620    -0.344     0.067    -0.237
    56.630    -0.274     0.018    -0.119
    56.640    -0.177    -0.035    -0.003
    56.650    -0.080    -0.089     0.100
    56.660     0.006    -0.135     0.181
    56.670     0.077    -0.153     0.234
    56.680     0.120    -0.133     0.267
    56.690     0.138    -0.078     0.291
    56.700     0.135     0.017     0.295
    56.710     0.117     0.135     0.284
    56.720     0.078     0.258     0.260
    56.730     0.023     0.368     0.208
    56.740    -0.046     0.456     0.129
    56.750    -0.131     0.518     0.028
    56.760    -0.221     0.540    -0.086
    56.770    -0.301     0.532    -0.197
    56.780    -0.348     0.508    -0.296
    56.790    -0.351     0.480    -0.369
    56.800    -0.302     0.460    -0.412
    56.810    -0.209     0.449    -0.427
    56.820    -0.091     0.444    -0.409
    56.830     0.045     0.440    -0.374
    56.840     0.175     0.428    -0.322
    56.850     0.285     0.406    -0.246
    56.860     0.361     0.359    -0.152
    56.870     0.393     0.288    -0.039
    56.880     0.377     0.187     0.083
    56.890     0.312     0.055     0.206
    56.900     0.219    -0.092     0.317
    56.910     0.122    -0.235     0.403
    56.920     0.034    -0.348     0.463
    56.930    -0.022    -0.428     0.493
    56.940    -0.043    -0.469     0.492
    56.950    -0.029    -0.469     0.467
    56.960     0.010    -0.441     0.413
    56.970     0.062    -0.396     0.340
    56.980     0.119    -0.343     0.249
    56.990     0.167    -0.283     0.153
    57.000     0.196    -0.218     0.067
    57.010     0.197    -0.155    -0.003
    57.020     0.165    -0.108    -0.048
    57.030     0.118    -0.086    -0.078
    57.040     0.062    -0.091    -0.103
    57.050     0.008    -0.120    -0.125
    57.060    -0.038    -0.161    -0.140
    57.070    -0.073    -0.203    -0.143
    57.080    -0.092    -0.231    -0.135
    57.090    -0.107    -0.239    -0.114
    57.100    -0.112    -0.229    -0.083
    57.110    -0.098    -0.192    -0.051
    57.120    -0.068    -0.138    -0.017
    57.130    -0.027    -0.080     0.005
    57.140     0.017    -0.032     0.015
    57.150     0.048    -0.001     0.017
    57.160     0.047     0.009     0.014
    57.170     0.019    -0.006     0.013
    57.180    -0.034    -0.031     0.009
    57.190    -0.104    -0.061     0.009
    57.200    -0.184    -0.092     0.014
    57.210    -0.268    -0.107     0.013
    57.220    -0.343    -0.107     0.001
    57.230    -0.398    -0.088    -0.037
    57.240    -0.427    -0.061    -0.097
    57.250    -0.427    -0.032    -0.166
    57.260    -0.390    -0.001    -0.226
    57.270    -0.309     0.032    -0.270
    57.280    -0.200     0.071    -0.289
    57.290    -0.083     0.103    -0.268
    57.300     0.030     0.123    -0.223
    57.310     0.132     0.146    -0.168
    57.320     0.216     0.178    -0.117
    57.330     0.272     0.226    -0.084
    57.340     0.308     0.291    -0.072
    57.350     0.320     0.365    -0.080
    57.360     0.303     0.432    -0.107
    57.370     0.271     0.470    -0.151
    57.380     0.220     0.470    -0.209
    57.390     0.158     0.438    -0.264
    57.400     0.093     0.390    -0.310
    57.410     0.028     0.336    -0.335
    57.420    -0.022     0.287    -0.315
    57.430    -0.044     0.248    -0.254
    57.440    -0.032     0.217    -0.154
    57.450     0.006     0.194    -0.020
    57.460     0.055     0.168     0.136
    57.470     0.102     0.135     0.296
    57.480     0.122     0.087     0.438
    57.490     0.101     0.008     0.547
    57.500     0.049    -0.103     0.607
    57.510    -0.024    -0.244     0.613
    57.520    -0.101    -0.406     0.568
    57.530    -0.166    -0.561     0.475
    57.540    -0.211    -0.689     0.348
    57.550    -0.231    -0.762     0.204
    57.560    -0.231    -0.768     0.065
    57.570    -0.211    -0.704    -0.053
    57.580    -0.172    -0.572    -0.147
    57.590    -0.122    -0.390    -0.206
    57.600    -0.065    -0.182    -0.235
    57.610    -0.013     0.025    -0.237
    57.620     0.034     0.205    -0.211
    57.630     0.070     0.342    -0.170
    57.640     0.100     0.435    -0.124
    57.650     0.121     0.482    -0.086
    57.660     0.133     0.490    -0.062
    57.670     0.139     0.460    -0.049
    57.680     0.133     0.402    -0.044
    57.690     0.113     0.314    -0.034
    57.700     0.087     0.203    -0.016
    57.710     0.063     0.079     0.006
    57.720     0.045    -0.043     0.040
    57.730     0.043    -0.144     0.081
    57.740     0.066    -0.210     0.135
    57.750     0.108    -0.227     0.201
    57.760     0.160    -0.202     0.266
    57.770     0.209    -0.156     0.326
    57.780     0.238    -0.097     0.370
    57.790     0.235    -0.044     0.392
    57.800     0.202     0.006     0.387
    57.810     0.135     0.043     0.345
    57.820     0.043     0.053     0.277
    57.830    -0.061     0.044     0.184
    57.840    -0.163     0.004     0.076
    57.850    -0.248    -0.060    -0.032
    57.860    -0.305    -0.149    -0.125
    57.870    -0.318    -0.247    -0.196
    57.880    -0.297    -0.328    -0.237
    57.890    -0.255    -0.384    -0.251
    57.900    -0.198    -0.396    -0.246
    57.910    -0.136    -0.359    -0.230
    57.920    -0.074    -0.277    -0.212
    57.930    -0.014    -0.159    -0.203
    57.940     0.041    -0.025    -0.218
    57.950     0.079     0.111    -0.249
    57.960     0.092     0.227    -0.294
    57.970     0.080     0.304    -0.350
    57.980     0.051     0.335    -0.400
    57.990     0.022     0.320    -0.439
    58.000     0.003     0.271    -0.460
    58.010     0.003     0.203    -0.457
    58.020     0.017     0.140    -0.429
    58.030     0.034     0.090    -0.374
    58.040     0.048     0.063    -0.304
    58.050     0.058     0.070    -0.215
    58.060     0.063     0.101    -0.109
    58.070     0.072     0.150    -0.001
    58.080     0.083     0.211     0.109
    58.090     0.092     0.259     0.212
    58.100     0.100     0.289     0.301
    58.110     0.104     0.291     0.378
    58.120     0.098     0.269     0.434
    58.130     0.078     0.225     0.471
    58.140     0.055     0.166     0.486
    58.150     0.031     0.105     0.483
    58.160     0.001     0.041     0.471
    58.170    -0.028    -0.026     0.440
    58.180    -0.052    -0.094     0.402
    58.190    -0.063    -0.151     0.365
    58.200    -0.062    -0.194     0.320
    58.210    -0.048    -0.221     0.272
    58.220    -0.027    -0.231     0.224
    58.230    -0.005    -0.237     0.174
    58.240     0.017    -0.246     0.124
    58.250     0.027    -0.270     0.077
    58.260     0.026    -0.314     0.040
    58.270     0.010    -0.364    -0.001
    58.280    -0.023    -0.408    -0.053
    58.290    -0.067    -0.440    -0.111
    58.300    -0.105    -0.458    -0.176
    58.310    -0.116    -0.446    -0.251
    58.320    -0.096    -0.407    -0.329
    58.330    -0.042    -0.340    -0.400
    58.340     0.037    -0.246    -0.448
    58.350     0.119    -0.128    -0.453
    58.360     0.189     0.002    -0.406
    58.370     0.233     0.124    -0.312
    58.380     0.242     0.232    -0.182
    58.390     0.213     0.313    -0.029
    58.400     0.159     0.375     0.119
    58.410     0.096     0.427     0.239
    58.420     0.033     0.468     0.319
    58.430    -0.027     0.491     0.344
    58.440    -0.084     0.487     0.316
    58.450    -0.136     0.454     0.250
    58.460    -0.180     0.389     0.157
    58.470    -0.210     0.302     0.053
    58.480    -0.231     0.213    -0.049
    58.490    -0.252     0.138    -0.128
    58.500    -0.266     0.084    -0.179
    58.510    -0.272     0.055    -0.204
    58.520    -0.268     0.035    -0.201
    58.530    -0.250     0.013    -0.183
    58.540    -0.210    -0.014    -0.153
    58.550    -0.151    -0.048    -0.114
    58.560    -0.080    -0.081    -0.076
    58.570    -0.001    -0.118    -0.044
    58.580     0.075    -0.159    -0.022
    58.590     0.140    -0.202    -0.005
    58.600     0.195    -0.246    -0.001
    58.610     0.231    -0.283    -0.006
    58.620     0.246    -0.315    -0.012
    58.630     0.236    -0.337    -0.017
    58.640     0.202    -0.345    -0.016
    58.650     0.153    -0.335    -0.003
    58.660     0.097    -0.311     0.027
    58.670     0.045    -0.270     0.058
    58.680     0.007    -0.212     0.086
    58.690    -0.021    -0.148     0.111
    58.700    -0.036    -0.078     0.117
    58.710    -0.045    -0.010     0.107
    58.720    -0.065     0.058     0.069
    58.730    -0.091     0.113     0.010
    58.740    -0.126     0.153    -0.065
    58.750    -0.161     0.173    -0.147
    58.760    -0.201     0.170    -0.202
    58.770    -0.232     0.149    -0.231
    58.780    -0.237     0.110    -0.219
    58.790    -0.210     0.067    -0.166
    58.800    -0.143     0.028    -0.095
    58.810    -0.045     0.002    -0.010
    58.820     0.069    -0.001     0.073
    58.830     0.178     0.014     0.137
    58.840     0.260     0.043     0.173
    58.850     0.300     0.076     0.180
    58.860     0.301     0.110     0.157
    58.870     0.274     0.147     0.099
    58.880     0.225     0.182     0.027
    58.890     0.159     0.209    -0.043
    58.900     0.088     0.221    -0.099
    58.910     0.022     0.224    -0.137
    58.920    -0.031     0.216    -0.154
    58.930    -0.072     0.200    -0.145
    58.940    -0.100     0.190    -0.115
    58.950    -0.115     0.190    -0.051
    58.960    -0.113     0.209     0.039
    58.970    -0.094     0.238     0.143
    58.980    -0.071     0.271     0.253
    58.990    -0.049     0.302     0.359
    59.000    -0.027     0.319     0.446
    59.010    -0.009     0.316     0.505
    59.020     0.001     0.280     0.533
    59.030     0.008     0.211     0.517
    59.040     0.006     0.118     0.455
    59.050    -0.002     0.007     0.357
    59.060    -0.007    -0.111     0.235
    59.070    -0.002    -0.222     0.095
    59.080     0.015    -0.310    -0.043
    59.090     0.041    -0.380    -0.156
    59.100     0.073    -0.422    -0.243
    59.110     0.112    -0.438    -0.295
    59.120     0.146    -0.428    -0.318
    59.130     0.169    -0.398    -0.320
    59.140     0.184    -0.355    -0.308
    59.150     0.184    -0.307    -0.292
    59.160     0.168    -0.264    -0.270
    59.170     0.129    -0.233    -0.251
    59.180     0.067    -0.211    -0.226
    59.190    -0.018    -0.197    -0.196
    59.200    -0.115    -0.191    -0.171
    59.210    -0.207    -0.191    -0.147
    59.220    -0.277    -0.194    -0.127
    59.230    -0.311    -0.195    -0.112
    59.240    -0.301    -0.186    -0.111
    59.250    -0.259    -0.165    -0.115
    59.260    -0.197    -0.141    -0.120
    59.270    -0.134    -0.108    -0.120
    59.280    -0.084    -0.069    -0.106
    59.290    -0.060    -0.027    -0.082
    59.300    -0.056     0.017    -0.046
    59.310    -0.064     0.068    -0.008
    59.320    -0.088     0.117     0.030
    59.330    -0.116     0.154     0.059
    59.340    -0.146     0.177     0.064
    59.350    -0.176     0.181     0.058
    59.360    -0.200     0.172     0.034
    59.370    -0.203     0.159    -0.004
    59.380    -0.180     0.152    -0.048
    59.390    -0.135     0.157    -0.086
    59.400    -0.068     0.173    -0.107
    59.410     0.013     0.198    -0.113
    59.420     0.104     0.234    -0.097
    59.430     0.199     0.278    -0.070
    59.440     0.285     0.322    -0.040
    59.450     0.350     0.363    -0.002
    59.460     0.388     0.388     0.029
    59.470     0.401     0.386     0.052
    59.480     0.392     0.362     0.072
    59.490     0.362     0.307     0.093
    59.500     0.319     0.235     0.117
    59.510     0.265     0.161     0.141
    59.520     0.197     0.093     0.173
    59.530     0.123     0.028     0.204
    59.540     0.048    -0.044     0.231
    59.550    -0.019    -0.119     0.262
    59.560    -0.073    -0.199     0.289
    59.570    -0.110    -0.280     0.315
    59.580    -0.128    -0.345     0.341
    59.590    -0.131    -0.387     0.364
    59.600    -0.119    -0.400     0.379
    59.610    -0.094    -0.377     0.376
    59.620    -0.061    -0.328     0.353
    59.630    -0.026    -0.257     0.298
    59.640     0.004    -0.174     0.216
    59.650     0.020    -0.094     0.122
    59.660     0.020    -0.028     0.023
    59.670     0.016     0.012    -0.068
    59.680    -0.002     0.030    -0.143
    59.690    -0.020     0.022    -0.198
    59.700    -0.028    -0.011    -0.238
    59.710    -0.023    -0.057    -0.262
    59.720    -0.007    -0.098    -0.272
    59.730     0.006    -0.120    -0.274
    59.740     0.023    -0.116    -0.273
    59.750     0.037    -0.086    -0.263
    59.760     0.043    -0.033    -0.254
    59.770     0.047     0.033    -0.246
    59.780     0.044     0.110    -0.230
    59.790     0.026     0.185    -0.215
    59.800    -0.010     0.249    -0.199
    59.810    -0.064     0.292    -0.181
    59.820    -0.129     0.307    -0.165
    59.830    -0.193     0.289    -0.152
    59.840    -0.243     0.252    -0.150
    59.850    -0.274     0.209    -0.155
    59.860    -0.277     0.167    -0.167
    59.870    -0.245     0.144    -0.183
    59.880    -0.188     0.139    -0.189
    59.890    -0.114     0.145    -0.183
    59.900    -0.030     0.155    -0.167
    59.910     0.043     0.160    -0.135
    59.920     0.096     0.155    -0.085
    59.930     0.125     0.132    -0.027
    59.940     0.131     0.089     0.035
    59.950     0.124     0.028     0.097
    59.960     0.113    -0.049     0.142
    59.970     0.103    -0.135     0.173
    59.980     0.092    -0.218     0.190
    59.990     0.079    -0.291     0.190
    60.000     0.060    -0.352     0.175
    60.010     0.025    -0.389     0.143
    60.020    -0.019    -0.408     0.108
    60.030    -0.056    -0.413     0.069
    60.040    -0.088    -0.395     0.038
    60.050    -0.112    -0.366     0.027
    60.060    -0.122    -0.325     0.027
    60.070    -0.124    -0.277     0.047
    60.080    -0.121    -0.230     0.073
    60.090    -0.118    -0.192     0.098
    60.100    -0.106    -0.163     0.125
    60.110    -0.088    -0.136     0.135
    60.120    -0.074    -0.116     0.132
    60.130    -0.062    -0.103     0.117
    60.140    -0.048    -0.103     0.086
    60.150    -0.037    -0.118     0.055
    60.160    -0.024    -0.136     0.025
    60.170    -0.009    -0.155    -0.009
    60.180     0.000    -0.163    -0.040
    60.190     0.008    -0.153    -0.059
    60.200     0.018    -0.119    -0.067
    60.210     0.030    -0.055    -0.061
    60.220     0.053     0.035    -0.035
    60.230     0.082     0.148    -0.002
    60.240     0.115     0.273     0.039
    60.250     0.140     0.398     0.083
    60.260     0.152     0.508     0.125
    60.270     0.154     0.597     0.158
    60.280     0.143     0.654     0.177
    60.290     0.125     0.667     0.184
    60.300     0.107     0.640     0.172
    60.310     0.093     0.580     0.141
    60.320     0.084     0.497     0.098
    60.330     0.087     0.405     0.051
    60.340     0.100     0.315     0.009
    60.350     0.118     0.231    -0.018
    60.360     0.146     0.156    -0.027
    60.370     0.171     0.093    -0.015
    60.380     0.183     0.044     0.014
    60.390     0.179     0.008     0.048
    60.400     0.149    -0.025     0.082
    60.410     0.098    -0.060     0.107
    60.420     0.031    -0.104     0.121
    60.430    -0.041    -0.163     0.116
    60.440    -0.107    -0.227     0.088
    60.450    -0.170    -0.293     0.052
    60.460    -0.219    -0.352     0.011
    60.470    -0.244    -0.395    -0.025
    60.480    -0.248    -0.415    -0.055
    60.490    -0.228    -0.418    -0.077
    60.500    -0.182    -0.405    -0.085
    60.510    -0.116    -0.375    -0.082
    60.520    -0.040    -0.332    -0.069
    60.530     0.039    -0.276    -0.052
    60.540     0.112    -0.215    -0.036
    60.550     0.161    -0.158    -0.007
    60.560     0.178    -0.111     0.025
    60.570     0.169    -0.083     0.050
    60.580     0.141    -0.070     0.072
    60.590     0.094    -0.068     0.079
    60.600     0.034    -0.080     0.073
    60.610    -0.031    -0.096     0.051
    60.620    -0.088    -0.104     0.010
    60.630    -0.126    -0.097    -0.049
    60.640    -0.142    -0.070    -0.125
    60.650    -0.140    -0.026    -0.196
    60.660    -0.125     0.030    -0.254
    60.670    -0.101     0.093    -0.302
    60.680    -0.082     0.155    -0.322
    60.690    -0.072     0.210    -0.316
    60.700    -0.067     0.252    -0.285
    60.710    -0.061     0.286    -0.232
    60.720    -0.058     0.298    -0.165
    60.730    -0.056     0.290    -0.094
    60.740    -0.047     0.273    -0.030
    60.750    -0.038     0.246     0.026
    60.760    -0.029     0.224     0.064
    60.770    -0.021     0.205     0.080
    60.780    -0.014     0.194     0.075
    60.790    -0.003     0.188     0.048
    60.800     0.009     0.182     0.006
    60.810     0.029     0.175    -0.045
    60.820     0.054     0.166    -0.089
    60.830     0.082     0.154    -0.116
    60.840     0.098     0.137    -0.128
    60.850     0.094     0.113    -0.114
    60.860     0.074     0.074    -0.084
    60.870     0.042     0.029    -0.051
    60.880     0.005    -0.014    -0.012
    60.890    -0.030    -0.062     0.025
    60.900    -0.049    -0.107     0.052
    60.910    -0.057    -0.138     0.067
    60.920    -0.059    -0.161     0.073
    60.930    -0.050    -0.181     0.074
    60.940    -0.037    -0.203     0.071
    60.950    -0.019    -0.229     0.072
    60.960     0.001    -0.259     0.069
    60.970     0.022    -0.289     0.066
    60.980     0.035    -0.318     0.066
    60.990     0.029    -0.343     0.065
    61.000     0.015    -0.357     0.065
    61.010    -0.007    -0.357     0.063
    61.020    -0.033    -0.344     0.063
    61.030    -0.043    -0.307     0.054
    61.040    -0.044    -0.254     0.037
    61.050    -0.041    -0.190     0.021
    61.060    -0.039    -0.117    -0.001
    61.070    -0.045    -0.039    -0.023
    61.080    -0.065     0.043    -0.043
    61.090    -0.098     0.116    -0.047
    61.100    -0.118     0.180    -0.042
    61.110    -0.116     0.236    -0.033
    61.120    -0.090     0.278    -0.012
    61.130    -0.035     0.309     0.010
    61.140     0.035     0.329     0.042
    61.150     0.103     0.334     0.078
    61.160     0.152     0.326     0.107
    61.170     0.176     0.298     0.134
    61.180     0.182     0.261     0.155
    61.190     0.169     0.210     0.158
    61.200     0.148     0.151     0.142
    61.210     0.124     0.101     0.119
    61.220     0.098     0.054     0.093
    61.230     0.066     0.017     0.068
    61.240     0.027    -0.009     0.046
    61.250    -0.022    -0.031     0.032
    61.260    -0.071    -0.046     0.026
    61.270    -0.111    -0.067     0.028
    61.280    -0.137    -0.082     0.037
    61.290    -0.141    -0.102     0.055
    61.300    -0.125    -0.127     0.082
    61.310    -0.097    -0.141     0.106
    61.320    -0.065    -0.164     0.121
    61.330    -0.036    -0.182     0.110
    61.340    -0.002    -0.198     0.071
    61.350     0.031    -0.204     0.015
    61.360     0.059    -0.192    -0.052
    61.370     0.090    -0.164    -0.117
    61.380     0.111    -0.119    -0.159
    61.390     0.125    -0.066    -0.176
    61.400     0.139    -0.011    -0.163
    61.410     0.142     0.038    -0.117
    61.420     0.140     0.072    -0.048
    61.430     0.138     0.096     0.024
    61.440     0.132     0.109     0.082
    61.450     0.120     0.111     0.125
    61.460     0.095     0.098     0.143
    61.470     0.058     0.074     0.131
    61.480     0.001     0.042     0.090
    61.490    -0.071     0.003     0.023
    61.500    -0.136    -0.031    -0.052
    61.510    -0.186    -0.059    -0.136
    61.520    -0.214    -0.077    -0.206
    61.530    -0.214    -0.084    -0.254
    61.540    -0.196    -0.081    -0.284
    61.550    -0.167    -0.069    -0.278
    61.560    -0.139    -0.054    -0.249
    61.570    -0.113    -0.036    -0.203
    61.580    -0.093    -0.012    -0.150
    61.590    -0.077     0.003    -0.095
    61.600    -0.056     0.013    -0.047
    61.610    -0.030     0.011    -0.020
    61.620     0.002    -0.002    -0.003
    61.630     0.039    -0.017    -0.006
    61.640     0.070    -0.027    -0.019
    61.650     0.087    -0.023    -0.029
    61.660     0.094    -0.011    -0.036
    61.670     0.103     0.010    -0.037
    61.680     0.112     0.037    -0.032
    61.690     0.112     0.060    -0.020
    61.700     0.114     0.070    -0.003
    61.710     0.115     0.078     0.010
    61.720     0.104     0.085     0.018
    61.730     0.091     0.091     0.027
    61.740     0.068     0.102     0.039
    61.750     0.029     0.117     0.053
    61.760    -0.017     0.141     0.061
    61.770    -0.069     0.167     0.062
    61.780    -0.118     0.190     0.059
    61.790    -0.154     0.206     0.047
    61.800    -0.165     0.214     0.031
    61.810    -0.154     0.215     0.010
    61.820    -0.122     0.206    -0.003
    61.830    -0.071     0.188    -0.006
    61.840    -0.015     0.157     0.001
    61.850     0.035     0.112     0.027
    61.860     0.073     0.064     0.062
    61.870     0.098     0.016     0.094
    61.880     0.102    -0.028     0.115
    61.890     0.095    -0.068     0.124
    61.900     0.082    -0.094     0.121
    61.910     0.066    -0.105     0.105
    61.920     0.047    -0.110     0.084
    61.930     0.027    -0.109     0.059
    61.940     0.019    -0.112     0.030
    61.950     0.012    -0.126     0.008
    61.960     0.007    -0.153    -0.014
    61.970     0.006    -0.187    -0.033
    61.980     0.005    -0.224    -0.038
    61.990     0.011    -0.259    -0.033
    62.000     0.021    -0.282    -0.011
    62.010     0.036    -0.292     0.012
    62.020     0.053    -0.290     0.035
    62.030     0.066    -0.266     0.046
    62.040     0.069    -0.226     0.037
    62.050     0.061    -0.174     0.019
    62.060     0.047    -0.118    -0.013
    62.070     0.029    -0.057    -0.050
    62.080     0.006    -0.001    -0.077
    62.090    -0.028     0.038    -0.088
    62.100    -0.052     0.063    -0.084
    62.110    -0.069     0.075    -0.068
    62.120    -0.080     0.080    -0.040
    62.130    -0.080     0.086    -0.017
    62.140    -0.075     0.102     0.001
    62.150    -0.063     0.125     0.015
    62.160    -0.054     0.148     0.019
    62.170    -0.049     0.171     0.015
    62.180    -0.049     0.188     0.004
    62.190    -0.052     0.197    -0.013
    62.200    -0.055     0.198    -0.039
    62.210    -0.059     0.182    -0.056
    62.220    -0.064     0.148    -0.062
    62.230    -0.061     0.101    -0.059
    62.240    -0.046     0.057    -0.040
    62.250    -0.026     0.023    -0.014
    62.260     0.000    -0.007     0.023
    62.270     0.029    -0.024     0.058
    62.280     0.056    -0.020     0.089
    62.290     0.076    -0.005     0.108
    62.300     0.096     0.015     0.103
    62.310     0.112     0.033     0.089
    62.320     0.115     0.039     0.061
    62.330     0.113     0.036     0.030
    62.340     0.107     0.025     0.004
    62.350     0.089     0.006    -0.016
    62.360     0.068    -0.014    -0.022
    62.370     0.047    -0.029    -0.021
    62.380     0.027    -0.037    -0.006
    62.390     0.012    -0.040     0.018
    62.400     0.004    -0.036     0.041
    62.410    -0.001    -0.027     0.070
    62.420    -0.007    -0.021     0.099
    62.430    -0.016    -0.013     0.125
    62.440    -0.040    -0.008     0.143
    62.450    -0.080    -0.002     0.153
    62.460    -0.118    -0.007     0.160
    62.470    -0.143    -0.027     0.147
    62.480    -0.159    -0.060     0.127
    62.490    -0.152    -0.106     0.109
    62.500    -0.121    -0.151     0.088
    62.510    -0.081    -0.188     0.078
    62.520    -0.037    -0.211     0.074
    62.530     0.003    -0.221     0.070
    62.540     0.038    -0.214     0.062
    62.550     0.060    -0.192     0.047
    62.560     0.068    -0.164     0.023
    62.570     0.069    -0.129    -0.025
    62.580     0.052    -0.096    -0.084
    62.590     0.024    -0.061    -0.141
    62.600    -0.008    -0.025    -0.198
    62.610    -0.041     0.013    -0.237
    62.620    -0.065     0.053    -0.262
    62.630    -0.076     0.083    -0.277
    62.640    -0.077     0.109    -0.277
    62.650    -0.073     0.128    -0.275
    62.660    -0.062     0.142    -0.266
    62.670    -0.040     0.162    -0.254
    62.680    -0.013     0.186    -0.242
    62.690     0.018     0.225    -0.228
    62.700     0.045     0.279    -0.218
    62.710     0.058     0.342    -0.194
    62.720     0.052     0.399    -0.166
    62.730     0.038     0.439    -0.138
    62.740     0.023     0.460    -0.105
    62.750     0.008     0.453    -0.076
    62.760    -0.003     0.417    -0.041
    62.770    -0.004     0.352    -0.017
    62.780     0.007     0.267    -0.012
    62.790     0.027     0.175    -0.012
    62.800     0.061     0.079    -0.022
    62.810     0.097    -0.015    -0.025
    62.820     0.124    -0.098    -0.020
    62.830     0.140    -0.167    -0.007
    62.840     0.135    -0.226     0.021
    62.850     0.104    -0.275     0.056
    62.860     0.052    -0.318     0.099
    62.870    -0.008    -0.346     0.143
    62.880    -0.069    -0.361     0.185
    62.890    -0.126    -0.367     0.231
    62.900    -0.164    -0.361     0.273
    62.910    -0.181    -0.348     0.312
    62.920    -0.176    -0.328     0.345
    62.930    -0.145    -0.313     0.362
    62.940    -0.085    -0.294     0.370
    62.950    -0.012    -0.269     0.370
    62.960     0.068    -0.241     0.354
    62.970     0.140    -0.208     0.316
    62.980     0.187    -0.178     0.267
    62.990     0.208    -0.152     0.204
    63.000     0.198    -0.133     0.129
    63.010     0.166    -0.115     0.056
    63.020     0.120    -0.095    -0.019
    63.030     0.068    -0.068    -0.096
    63.040     0.016    -0.033    -0.173
    63.050    -0.040     0.010    -0.244
    63.060    -0.095     0.056    -0.308
    63.070    -0.141     0.101    -0.371
    63.080    -0.177     0.144    -0.417
    63.090    -0.193     0.189    -0.442
    63.100    -0.190     0.230    -0.443
    63.110    -0.178     0.257    -0.417
    63.120    -0.161     0.268    -0.366
    63.130    -0.138     0.261    -0.287
    63.140    -0.110     0.242    -0.187
    63.150    -0.085     0.219    -0.069
    63.160    -0.059     0.185     0.056
    63.170    -0.023     0.150     0.173
    63.180     0.016     0.116     0.274
    63.190     0.052     0.079     0.342
    63.200     0.081     0.044     0.373
    63.210     0.095     0.009     0.374
    63.220     0.102    -0.020     0.346
    63.230     0.098    -0.043     0.299
    63.240     0.082    -0.055     0.235
    63.250     0.055    -0.060     0.168
    63.260     0.018    -0.062     0.102
    63.270    -0.017    -0.057     0.042
    63.280    -0.051    -0.049    -0.004
    63.290    -0.071    -0.032    -0.049
    63.300    -0.074     0.005    -0.089
    63.310    -0.061     0.057    -0.118
    63.320    -0.048     0.115    -0.133
    63.330    -0.040     0.165    -0.133
    63.340    -0.019     0.200    -0.122
    63.350     0.010     0.218    -0.095
    63.360     0.037     0.217    -0.057
    63.370     0.067     0.194    -0.011
    63.380     0.099     0.160     0.042
    63.390     0.129     0.126     0.082
    63.400     0.156     0.092     0.117
    63.410     0.178     0.060     0.143
    63.420     0.196     0.029     0.158
    63.430     0.211     0.000     0.167
    63.440     0.217    -0.026     0.155
    63.450     0.202    -0.058     0.138
    63.460     0.170    -0.103     0.110
    63.470     0.126    -0.148     0.068
    63.480     0.068    -0.197     0.026
    63.490     0.006    -0.241    -0.019
    63.500    -0.048    -0.269    -0.053
    63.510    -0.093    -0.283    -0.078
    63.520    -0.125    -0.282    -0.092
    63.530    -0.145    -0.280    -0.092
    63.540    -0.161    -0.279    -0.084
    63.550    -0.174    -0.286    -0.063
    63.560    -0.181    -0.304    -0.048
    63.570    -0.179    -0.323    -0.035
    63.580    -0.166    -0.343    -0.030
    63.590    -0.139    -0.360    -0.038
    63.600    -0.104    -0.366    -0.058
    63.610    -0.073    -0.360    -0.086
    63.620    -0.051    -0.342    -0.111
    63.630    -0.040    -0.312    -0.137
    63.640    -0.044    -0.264    -0.154
    63.650    -0.058    -0.206    -0.155
    63.660    -0.069    -0.138    -0.155
    63.670    -0.078    -0.064    -0.146
    63.680    -0.090     0.009    -0.141
    63.690    -0.094     0.080    -0.137
    63.700    -0.098     0.142    -0.128
    63.710    -0.098     0.204    -0.119
    63.720    -0.089     0.262    -0.102
    63.730    -0.070     0.311    -0.082
    63.740    -0.040     0.357    -0.056
    63.750    -0.006     0.394    -0.021
    63.760     0.034     0.418     0.008
    63.770     0.073     0.434     0.033
    63.780     0.110     0.441     0.047
    63.790     0.142     0.433     0.049
    63.800     0.164     0.412     0.041
    63.810     0.173     0.381     0.026
    63.820     0.171     0.339     0.018
    63.830     0.169     0.293     0.020
    63.840     0.169     0.247     0.039
    63.850     0.167     0.205     0.077
    63.860     0.169     0.165     0.127
    63.870     0.163     0.123     0.180
    63.880     0.145     0.083     0.230
    63.890     0.120     0.043     0.269
    63.900     0.091     0.007     0.289
    63.910     0.059    -0.021     0.296
    63.920     0.026    -0.041     0.288
    63.930    -0.002    -0.053     0.260
    63.940    -0.027    -0.049     0.221
    63.950    -0.043    -0.040     0.180
    63.960    -0.052    -0.040     0.136
    63.970    -0.058    -0.045     0.090
    63.980    -0.063    -0.055     0.045
    63.990    -0.066    -0.071     0.003
    64.000    -0.061    -0.080    -0.029
    64.010    -0.059    -0.090    -0.048
    64.020    -0.054    -0.092    -0.057
    64.030    -0.039    -0.084    -0.064
    64.040    -0.023    -0.069    -0.070
    64.050    -0.001    -0.044    -0.075
    64.060     0.028    -0.016    -0.090
    64.070     0.059     0.022    -0.119
    64.080     0.083     0.062    -0.154
    64.090     0.094     0.098    -0.198
    64.100     0.090     0.130    -0.241
    64.110     0.067     0.156    -0.277
    64.120     0.034     0.174    -0.296
    64.130    -0.004     0.180    -0.298
    64.140    -0.042     0.184    -0.287
    64.150    -0.079     0.182    -0.262
    64.160    -0.115     0.169    -0.236
    64.170    -0.143     0.149    -0.206
    64.180    -0.163     0.115    -0.177
    64.190    -0.171     0.065    -0.155
    64.200    -0.163     0.005    -0.129
    64.210    -0.144    -0.060    -0.094
    64.220    -0.119    -0.136    -0.049
    64.230    -0.089    -0.208    -0.003
    64.240    -0.064    -0.270     0.040
    64.250    -0.049    -0.315     0.078
    64.260    -0.040    -0.339     0.107
    64.270    -0.037    -0.342     0.130
    64.280    -0.048    -0.326     0.146
    64.290    -0.069    -0.300     0.154
    64.300    -0.078    -0.262     0.160
    64.310    -0.080    -0.221     0.160
    64.320    -0.075    -0.188     0.151
    64.330    -0.051    -0.162     0.136
    64.340    -0.018    -0.142     0.112
    64.350     0.021    -0.130     0.084
    64.360     0.051    -0.122     0.059
    64.370     0.068    -0.122     0.037
    64.380     0.076    -0.128     0.020
    64.390     0.071    -0.144     0.006
    64.400     0.065    -0.164    -0.007
    64.410     0.051    -0.182    -0.011
    64.420     0.035    -0.199    -0.006
    64.430     0.018    -0.201     0.005
    64.440     0.004    -0.190     0.022
    64.450    -0.003    -0.171     0.045
    64.460    -0.002    -0.136     0.068
    64.470     0.007    -0.091     0.083
    64.480     0.011    -0.043     0.093
    64.490     0.012     0.004     0.092
    64.500     0.015     0.049     0.081
    64.510     0.019     0.098     0.069
    64.520     0.025     0.146     0.055
    64.530     0.037     0.192     0.039
    64.540     0.054     0.232     0.027
    64.550     0.070     0.266     0.026
    64.560     0.082     0.293     0.027
    64.570     0.082     0.310     0.031
    64.580     0.073     0.324     0.045
    64.590     0.063     0.331     0.054
    64.600     0.056     0.335     0.064
    64.610     0.052     0.336     0.073
    64.620     0.051     0.328     0.072
    64.630     0.059     0.319     0.064
    64.640     0.070     0.310     0.048
    64.650     0.075     0.293     0.031
    64.660     0.071     0.272     0.019
    64.670     0.058     0.240     0.009
    64.680     0.024     0.195     0.004
    64.690    -0.023     0.138     0.005
    64.700    -0.067     0.075     0.005
    64.710    -0.104     0.013     0.008
    64.720    -0.126    -0.046     0.007
    64.730    -0.130    -0.095     0.007
    64.740    -0.120    -0.133     0.014
    64.750    -0.099    -0.168     0.014
    64.760    -0.071    -0.202     0.004
    64.770    -0.045    -0.236    -0.015
    64.780    -0.026    -0.267    -0.041
    64.790    -0.018    -0.297    -0.075
    64.800    -0.021    -0.319    -0.115
    64.810    -0.030    -0.328    -0.150
    64.820    -0.037    -0.323    -0.175
    64.830    -0.038    -0.302    -0.184
    64.840    -0.035    -0.265    -0.180
    64.850    -0.028    -0.213    -0.168
    64.860    -0.010    -0.152    -0.146
    64.870     0.014    -0.075    -0.128
    64.880     0.042     0.009    -0.115
    64.890     0.068     0.091    -0.113
    64.900     0.092     0.169    -0.122
    64.910     0.104     0.235    -0.134
    64.920     0.099     0.289    -0.146
    64.930     0.084     0.328    -0.156
    64.940     0.057     0.350    -0.164
    64.950     0.015     0.359    -0.159
    64.960    -0.027     0.355    -0.146
    64.970    -0.059     0.342    -0.124
    64.980    -0.082     0.323    -0.089
    64.990    -0.092     0.296    -0.056
    65.000    -0.088     0.268    -0.024
    65.010    -0.076     0.238     0.010
    65.020    -0.062     0.195     0.039
    65.030    -0.051     0.143     0.065
    65.040    -0.047     0.086     0.083
    65.050    -0.056     0.025     0.096
    65.060    -0.072    -0.031     0.103
    65.070    -0.083    -0.079     0.110
    65.080    -0.084    -0.122     0.126
    65.090    -0.071    -0.165     0.146
    65.100    -0.040    -0.200     0.166
    65.110     0.001    -0.231     0.182
    65.120     0.039    -0.268     0.191
    65.130     0.066    -0.302     0.200
    65.140     0.078    -0.333     0.206
    65.150     0.077    -0.362     0.206
    65.160     0.072    -0.382     0.194
    65.170     0.066    -0.391     0.171
    65.180     0.059    -0.393     0.144
    65.190     0.053    -0.386     0.110
    65.200     0.044    -0.373     0.069
    65.210     0.030    -0.353     0.032
    65.220     0.019    -0.327    -0.001
    65.230     0.013    -0.290    -0.027
    65.240     0.008    -0.239    -0.045
    65.250     0.003    -0.185    -0.057
    65.260     0.002    -0.126    -0.068
    65.270     0.005    -0.065    -0.082
    65.280     0.001    -0.010    -0.096
    65.290    -0.002     0.035    -0.111
    65.300     0.007     0.071    -0.123
    65.310     0.020     0.105    -0.124
    65.320     0.042     0.135    -0.126
    65.330     0.065     0.162    -0.123
    65.340     0.086     0.190    -0.110
    65.350     0.105     0.220    -0.092
    65.360     0.115     0.247    -0.068
    65.370     0.113     0.269    -0.043
    65.380     0.093     0.285    -0.015
    65.390     0.069     0.295     0.005
    65.400     0.043     0.299     0.017
    65.410     0.015     0.291     0.030
    65.420    -0.007     0.273     0.043
    65.430    -0.022     0.244     0.064
    65.440    -0.041     0.207     0.085
    65.450    -0.065     0.161     0.112
    65.460    -0.079     0.111     0.137
    65.470    -0.080     0.064     0.149
    65.480    -0.079     0.022     0.153
    65.490    -0.074    -0.011     0.141
    65.500    -0.063    -0.036     0.121
    65.510    -0.048    -0.056     0.092
    65.520    -0.036    -0.068     0.050
    65.530    -0.022    -0.079     0.008
    65.540    -0.009    -0.092    -0.034
    65.550    -0.004    -0.111    -0.067
    65.560     0.003    -0.135    -0.089
    65.570     0.016    -0.151    -0.105
    65.580     0.030    -0.159    -0.111
    65.590     0.043    -0.154    -0.110
    65.600     0.053    -0.136    -0.106
    65.610     0.060    -0.108    -0.097
    65.620     0.068    -0.073    -0.078
    65.630     0.084    -0.036    -0.056
    65.640     0.106    -0.002    -0.028
    65.650     0.119     0.019     0.003
    65.660     0.122     0.031     0.027
    65.670     0.112     0.037     0.041
    65.680     0.086     0.030     0.047
    65.690     0.053     0.009     0.051
    65.700     0.017    -0.017     0.049
    65.710    -0.023    -0.037     0.047
    65.720    -0.061    -0.049     0.042
    65.730    -0.098    -0.056     0.028
    65.740    -0.129    -0.052     0.019
    65.750    -0.151    -0.039     0.009
    65.760    -0.157    -0.017    -0.006
    65.770    -0.146     0.018    -0.020
    65.780    -0.125     0.058    -0.033
    65.790    -0.094     0.096    -0.049
    65.800    -0.061     0.135    -0.071
    65.810    -0.035     0.166    -0.090
    65.820    -0.015     0.185    -0.107
    65.830     0.000     0.191    -0.130
    65.840     0.008     0.184    -0.143
    65.850     0.007     0.172    -0.142
    65.860     0.005     0.154    -0.127
    65.870     0.005     0.137    -0.101
    65.880     0.004     0.112    -0.066
    65.890     0.007     0.083    -0.024
    65.900     0.019     0.057     0.012
    65.910     0.033     0.027     0.045
    65.920     0.045    -0.002     0.073
    65.930     0.053    -0.029     0.093
    65.940     0.058    -0.056     0.110
    65.950     0.054    -0.077     0.125
    65.960     0.042    -0.101     0.136
    65.970     0.025    -0.125     0.141
    65.980     0.004    -0.146     0.143
    65.990    -0.017    -0.167     0.140
    66.000    -0.034    -0.182     0.133
    66.010    -0.054    -0.192     0.128
    66.020    -0.073    -0.195     0.118
    66.030    -0.089    -0.183     0.105
    66.040    -0.106    -0.157     0.088
    66.050    -0.128    -0.130     0.075
    66.060    -0.145    -0.112     0.060
    66.070    -0.146    -0.098     0.041
    66.080    -0.144    -0.087     0.026
    66.090    -0.137    -0.080     0.007
    66.100    -0.123    -0.076    -0.010
    66.110    -0.108    -0.074    -0.026
    66.120    -0.087    -0.069    -0.051
    66.130    -0.061    -0.066    -0.070
    66.140    -0.028    -0.071    -0.082
    66.150    -0.002    -0.083    -0.083
    66.160     0.020    -0.089    -0.066
    66.170     0.044    -0.087    -0.038
    66.180     0.062    -0.081     0.003
    66.190     0.087    -0.068     0.041
    66.200     0.116    -0.049     0.067
    66.210     0.140    -0.025     0.083
    66.220     0.164     0.001     0.078
    66.230     0.189     0.025     0.053
    66.240     0.211     0.049     0.019
    66.250     0.224     0.077    -0.014
    66.260     0.222     0.107    -0.045
    66.270     0.219     0.142    -0.068
    66.280     0.204     0.184    -0.073
    66.290     0.177     0.225    -0.068
    66.300     0.152     0.265    -0.053
    66.310     0.117     0.302    -0.033
    66.320     0.078     0.328    -0.013
    66.330     0.032     0.340     0.001
    66.340    -0.014     0.336     0.007
    66.350    -0.052     0.314     0.007
    66.360    -0.083     0.284    -0.004
    66.370    -0.092     0.249    -0.019
    66.380    -0.092     0.206    -0.031
    66.390    -0.083     0.167    -0.045
    66.400    -0.071     0.127    -0.059
    66.410    -0.075     0.085    -0.070
    66.420    -0.086     0.039    -0.082
    66.430    -0.102    -0.013    -0.092
    66.440    -0.124    -0.062    -0.095
    66.450    -0.147    -0.114    -0.088
    66.460    -0.152    -0.165    -0.076
    66.470    -0.145    -0.206    -0.053
    66.480    -0.130    -0.235    -0.018
    66.490    -0.104    -0.248     0.010
    66.500    -0.077    -0.250     0.027
    66.510    -0.051    -0.239     0.035
    66.520    -0.033    -0.215     0.028
    66.530    -0.022    -0.187     0.016
    66.540    -0.014    -0.151    -0.004
    66.550    -0.010    -0.110    -0.022
    66.560    -0.002    -0.073    -0.038
    66.570     0.009    -0.040    -0.049
    66.580     0.024    -0.019    -0.047
    66.590     0.044    -0.007    -0.047
    66.600     0.063    -0.010    -0.047
    66.610     0.079    -0.028    -0.039
    66.620     0.094    -0.055    -0.038
    66.630     0.110    -0.079    -0.038
    66.640     0.111    -0.097    -0.035
    66.650     0.090    -0.117    -0.029
    66.660     0.062    -0.138    -0.016
    66.670     0.031    -0.152     0.000
    66.680    -0.001    -0.166     0.024
    66.690    -0.023    -0.179     0.050
    66.700    -0.035    -0.194     0.071
    66.710    -0.048    -0.206     0.086
    66.720    -0.060    -0.212     0.097
    66.730    -0.064    -0.209     0.107
    66.740    -0.062    -0.194     0.115
    66.750    -0.059    -0.168     0.119
    66.760    -0.048    -0.133     0.107
    66.770    -0.035    -0.093     0.087
    66.780    -0.026    -0.049     0.059
    66.790    -0.017    -0.004     0.021
    66.800    -0.015     0.041    -0.018
    66.810    -0.017     0.084    -0.053
    66.820    -0.015     0.119    -0.076
    66.830    -0.011     0.153    -0.084
    66.840    -0.003     0.187    -0.076
    66.850     0.010     0.218    -0.053
    66.860     0.034     0.251    -0.022
    66.870     0.061     0.281     0.016
    66.880     0.083     0.310     0.053
    66.890     0.103     0.328     0.083
    66.900     0.116     0.334     0.096
    66.910     0.117     0.335     0.091
    66.920     0.109     0.324     0.070
    66.930     0.093     0.305     0.033
    66.940     0.067     0.285    -0.002
    66.950     0.033     0.271    -0.035
    66.960    -0.003     0.259    -0.056
    66.970    -0.036     0.244    -0.060
    66.980    -0.061     0.224    -0.052
    66.990    -0.072     0.207    -0.029
    67.000    -0.068     0.190    -0.004
    67.010    -0.063     0.166     0.027
    67.020    -0.054     0.137     0.054
    67.030    -0.041     0.102     0.070
    67.040    -0.033     0.060     0.079
    67.050    -0.028     0.011     0.073
    67.060    -0.020    -0.045     0.057
    67.070    -0.013    -0.101     0.032
    67.080    -0.012    -0.159     0.009
    67.090    -0.010    -0.216    -0.004
    67.100    -0.008    -0.271    -0.013
    67.110    -0.012    -0.326    -0.014
    67.120    -0.017    -0.378    -0.011
    67.130    -0.021    -0.422    -0.007
    67.140    -0.022    -0.445    -0.008
    67.150    -0.023    -0.452    -0.015
    67.160    -0.019    -0.440    -0.025
    67.170    -0.006    -0.405    -0.033
    67.180     0.008    -0.354    -0.036
    67.190     0.021    -0.286    -0.036
    67.200     0.027    -0.206    -0.035
    67.210     0.024    -0.128    -0.026
    67.220     0.021    -0.057    -0.018
    67.230     0.020     0.007    -0.022
    67.240     0.017     0.057    -0.028
    67.250     0.013     0.083    -0.036
    67.260     0.013     0.102    -0.053
    67.270     0.012     0.124    -0.071
    67.280     0.005     0.146    -0.090
    67.290    -0.012     0.166    -0.107
    67.300    -0.031     0.187    -0.119
    67.310    -0.054     0.212    -0.124
    67.320    -0.076     0.233    -0.119
    67.330    -0.089     0.246    -0.112
    67.340    -0.097     0.246    -0.098
    67.350    -0.094     0.234    -0.080
    67.360    -0.081     0.218    -0.070
    67.370    -0.062     0.197    -0.051
    67.380    -0.039     0.175    -0.028
    67.390    -0.017     0.157    -0.005
    67.400    -0.003     0.144     0.021
    67.410     0.003     0.139     0.045
    67.420     0.012     0.133     0.064
    67.430     0.025     0.125     0.076
    67.440     0.036     0.115     0.078
    67.450     0.042     0.101     0.071
    67.460     0.054     0.083     0.051
    67.470     0.070     0.071     0.025
    67.480     0.082     0.055    -0.002
    67.490     0.094     0.034    -0.020
    67.500     0.102     0.012    -0.030
    67.510     0.101    -0.016    -0.023
    67.520     0.093    -0.040    -0.006
    67.530     0.083    -0.069     0.014
    67.540     0.069    -0.095     0.041
    67.550     0.051    -0.121     0.063
    67.560     0.030    -0.150     0.078
    67.570     0.002    -0.169     0.088
    67.580    -0.025    -0.184     0.088
    67.590    -0.051    -0.191     0.085
    67.600    -0.071    -0.190     0.076
    67.610    -0.082    -0.185     0.072
    67.620    -0.082    -0.179     0.075
    67.630    -0.073    -0.173     0.077
    67.640    -0.060    -0.163     0.089
    67.650    -0.045    -0.157     0.102
    67.660    -0.026    -0.151     0.116
    67.670    -0.005    -0.140     0.134
    67.680     0.010    -0.133     0.148
    67.690     0.024    -0.124     0.165
    67.700     0.033    -0.123     0.183
    67.710     0.028    -0.128     0.201
    67.720     0.019    -0.130     0.207
    67.730     0.007    -0.126     0.197
    67.740    -0.010    -0.112     0.183
    67.750    -0.027    -0.089     0.152
    67.760    -0.040    -0.056     0.111
    67.770    -0.042    -0.009     0.064
    67.780    -0.032     0.043     0.007
    67.790    -0.011     0.088    -0.051
    67.800     0.014     0.123    -0.116
    67.810     0.031     0.148    -0.174
    67.820     0.047     0.167    -0.223
    67.830     0.065     0.179    -0.267
    67.840     0.074     0.185    -0.297
    67.850     0.074     0.179    -0.315
    67.860     0.068     0.167    -0.317
    67.870     0.062     0.151    -0.308
    67.880     0.051     0.131    -0.287
    67.890     0.040     0.104    -0.251
    67.900     0.032     0.081    -0.211
    67.910     0.018     0.055    -0.153
    67.920     0.001     0.028    -0.090
    67.930    -0.022     0.003    -0.030
    67.940    -0.053    -0.024     0.029
    67.950    -0.084    -0.044     0.070
    67.960    -0.113    -0.063     0.100
    67.970    -0.135    -0.078     0.111
    67.980    -0.150    -0.090     0.105
    67.990    -0.155    -0.100     0.081
    68.000    -0.149    -0.097     0.047
    68.010    -0.134    -0.086     0.020
    68.020    -0.106    -0.062    -0.006
    68.030    -0.076    -0.028    -0.020
    68.040    -0.050     0.009    -0.019
    68.050    -0.027     0.050    -0.009
    68.060    -0.007     0.082     0.009
    68.070     0.005     0.111     0.021
    68.080     0.007     0.128     0.032
    68.090     0.007     0.137     0.039
    68.100     0.009     0.140     0.036
    68.110     0.009     0.128     0.035
    68.120     0.012     0.106     0.027
    68.130     0.020     0.078     0.022
    68.140     0.029     0.049     0.026
    68.150     0.042     0.021     0.026
    68.160     0.062    -0.002     0.030
    68.170     0.085    -0.017     0.036
    68.180     0.108    -0.021     0.038
    68.190     0.123    -0.012     0.036
    68.200     0.124     0.000     0.024
    68.210     0.111     0.010     0.013
    68.220     0.093     0.013     0.003
    68.230     0.073     0.010    -0.013
    68.240     0.044     0.002    -0.020
    68.250     0.008    -0.017    -0.018
    68.260    -0.022    -0.043    -0.010
    68.270    -0.044    -0.072     0.002
    68.280    -0.060    -0.098     0.017
    68.290    -0.067    -0.117     0.035
    68.300    -0.065    -0.132     0.052
    68.310    -0.059    -0.146     0.069
    68.320    -0.048    -0.154     0.082
    68.330    -0.033    -0.162     0.083
    68.340    -0.020    -0.171     0.073
    68.350    -0.017    -0.175     0.051
    68.360    -0.019    -0.165     0.018
    68.370    -0.019    -0.137    -0.012
    68.380    -0.021    -0.104    -0.036
    68.390    -0.023    -0.064    -0.058
    68.400    -0.028    -0.016    -0.070
    68.410    -0.040     0.033    -0.070
    68.420    -0.046     0.073    -0.062
    68.430    -0.048     0.112    -0.049
    68.440    -0.049     0.148    -0.034
    68.450    -0.049     0.175    -0.015
    68.460    -0.045     0.196     0.003
    68.470    -0.034     0.210     0.019
    68.480    -0.025     0.212     0.040
    68.490    -0.005     0.207     0.059
    68.500     0.024     0.206     0.069
    68.510     0.059     0.203     0.072
    68.520     0.093     0.204     0.069
    68.530     0.122     0.209     0.065
    68.540     0.141     0.209     0.061
    68.550     0.141     0.205     0.055
    68.560     0.134     0.195     0.048
    68.570     0.117     0.177     0.039
    68.580     0.094     0.153     0.031
    68.590     0.073     0.119     0.014
    68.600     0.058     0.077    -0.007
    68.610     0.044     0.028    -0.024
    68.620     0.029    -0.029    -0.047
    68.630     0.016    -0.095    -0.065
    68.640    -0.002    -0.164    -0.069
    68.650    -0.023    -0.231    -0.061
    68.660    -0.042    -0.295    -0.046
    68.670    -0.061    -0.350    -0.029
    68.680    -0.085    -0.395    -0.006
    68.690    -0.107    -0.426     0.014
    68.700    -0.121    -0.434     0.030
    68.710    -0.135    -0.419     0.047
    68.720    -0.146    -0.383     0.057
    68.730    -0.144    -0.325     0.062
    68.740    -0.139    -0.256     0.068
    68.750    -0.128    -0.177     0.074
    68.760    -0.103    -0.099     0.075
    68.770    -0.068    -0.027     0.071
    68.780    -0.030     0.033     0.068
    68.790     0.007     0.072     0.058
    68.800     0.042     0.094     0.049
    68.810     0.066     0.105     0.040
    68.820     0.086     0.108     0.026
    68.830     0.105     0.108     0.012
    68.840     0.112     0.108    -0.004
    68.850     0.112     0.110    -0.012
    68.860     0.113     0.115    -0.020
    68.870     0.113     0.131    -0.027
    68.880     0.109     0.156    -0.029
    68.890     0.103     0.175    -0.034
    68.900     0.091     0.194    -0.040
    68.910     0.071     0.211    -0.045
    68.920     0.051     0.220    -0.054
    68.930     0.041     0.222    -0.063
    68.940     0.036     0.213    -0.069
    68.950     0.033     0.194    -0.075
    68.960     0.036     0.168    -0.087
    68.970     0.038     0.136    -0.090
    68.980     0.038     0.104    -0.089
    68.990     0.041     0.078    -0.095
    69.000     0.044     0.058    -0.099
    69.010     0.044     0.044    -0.102
    69.020     0.038     0.031    -0.111
    69.030     0.033     0.021    -0.123
    69.040     0.018     0.011    -0.131
    69.050    -0.003     0.001    -0.137
    69.060    -0.024    -0.016    -0.143
    69.070    -0.054    -0.040    -0.144
    69.080    -0.086    -0.074    -0.133
    69.090    -0.120    -0.112    -0.113
    69.100    -0.151    -0.142    -0.083
    69.110    -0.178    -0.173    -0.047
    69.120    -0.196    -0.198    -0.016
    69.130    -0.196    -0.213     0.011
    69.140    -0.185    -0.218     0.032
    69.150    -0.166    -0.210     0.045
    69.160    -0.134    -0.196     0.048
    69.170    -0.097    -0.173     0.042
    69.180    -0.062    -0.154     0.033
    69.190    -0.018    -0.131     0.019
    69.200     0.024    -0.104     0.003
    69.210     0.055    -0.081    -0.008
    69.220     0.079    -0.062    -0.017
    69.230     0.091    -0.053    -0.023
    69.240     0.090    -0.042    -0.027
    69.250     0.078    -0.036    -0.031
    69.260     0.053    -0.035    -0.035
    69.270     0.021    -0.029    -0.038
    69.280    -0.018    -0.031    -0.032
    69.290    -0.050    -0.033    -0.025
    69.300    -0.070    -0.025    -0.020
    69.310    -0.084    -0.013    -0.010
    69.320    -0.088     0.009     0.001
    69.330    -0.084     0.039     0.020
    69.340    -0.076     0.074     0.042
    69.350    -0.064     0.104     0.063
    69.360    -0.043     0.126     0.082
    69.370    -0.013     0.138     0.097
    69.380     0.020     0.139     0.110
    69.390     0.052     0.136     0.113
    69.400     0.076     0.130     0.119
    69.410     0.095     0.124     0.127
    69.420     0.121     0.125     0.132
    69.430     0.151     0.138     0.134
    69.440     0.179     0.147     0.129
    69.450     0.198     0.149     0.116
    69.460     0.209     0.151     0.096
    69.470     0.214     0.151     0.072
    69.480     0.204     0.141     0.052
    69.490     0.183     0.123     0.037
    69.500     0.152     0.099     0.036
    69.510     0.105     0.072     0.047
    69.520     0.058     0.043     0.064
    69.530     0.013     0.018     0.085
    69.540    -0.025    -0.007     0.105
    69.550    -0.052    -0.030     0.120
    69.560    -0.067    -0.045     0.130
    69.570    -0.071    -0.057     0.137
    69.580    -0.071    -0.064     0.141
    69.590    -0.061    -0.069     0.145
    69.600    -0.045    -0.070     0.150
    69.610    -0.024    -0.068     0.157
    69.620     0.002    -0.061     0.164
    69.630     0.028    -0.040     0.162
    69.640     0.047    -0.011     0.153
    69.650     0.055     0.016     0.136
    69.660     0.059     0.037     0.108
    69.670     0.054     0.053     0.079
    69.680     0.036     0.064     0.047
    69.690     0.012     0.066     0.008
    69.700    -0.019     0.065    -0.036
    69.710    -0.050     0.055    -0.081
    69.720    -0.078     0.035    -0.131
    69.730    -0.096     0.006    -0.179
    69.740    -0.105    -0.023    -0.220
    69.750    -0.111    -0.050    -0.258
    69.760    -0.112    -0.079    -0.292
    69.770    -0.115    -0.102    -0.314
    69.780    -0.116    -0.126    -0.329
    69.790    -0.116    -0.143    -0.336
    69.800    -0.110    -0.153    -0.334
    69.810    -0.095    -0.167    -0.325
    69.820    -0.075    -0.178    -0.305
    69.830    -0.050    -0.186    -0.277
    69.840    -0.029    -0.194    -0.245
    69.850    -0.010    -0.204    -0.208
    69.860     0.012    -0.216    -0.177
    69.870     0.029    -0.222    -0.140
    69.880     0.041    -0.229    -0.104
    69.890     0.049    -0.229    -0.074
    69.900     0.055    -0.218    -0.041
    69.910     0.051    -0.201    -0.012
    69.920     0.039    -0.174     0.018
    69.930     0.025    -0.137     0.046
    69.940     0.004    -0.095     0.070
    69.950    -0.023    -0.054     0.098
    69.960    -0.054    -0.013     0.115
    69.970    -0.083     0.023     0.134
    69.980    -0.105     0.047     0.149
    69.990    -0.118     0.067     0.145
    70.000    -0.118     0.082     0.135
    70.010    -0.115     0.088     0.117
    70.020    -0.107     0.096     0.092
    70.030    -0.090     0.113     0.067
    70.040    -0.066     0.139     0.045
    70.050    -0.032     0.160     0.023
    70.060     0.006     0.179     0.007
    70.070     0.044     0.203     0.000
    70.080     0.078     0.223     0.002
    70.090     0.111     0.240     0.007
    70.100     0.142     0.255     0.016
    70.110     0.163     0.265     0.033
    70.120     0.178     0.267     0.048
    70.130     0.184     0.266     0.073
    70.140     0.178     0.262     0.101
    70.150     0.162     0.253     0.128
    70.160     0.138     0.241     0.155
    70.170     0.110     0.228     0.177
    70.180     0.079     0.204     0.192
    70.190     0.053     0.174     0.197
    70.200     0.030     0.136     0.200
    70.210     0.014     0.094     0.201
    70.220     0.007     0.059     0.195
    70.230     0.003     0.026     0.181
    70.240    -0.004    -0.003     0.169
    70.250    -0.010    -0.028     0.154
    70.260    -0.014    -0.050     0.133
    70.270    -0.018    -0.067     0.114
    70.280    -0.022    -0.083     0.094
    70.290    -0.027    -0.093     0.073
    70.300    -0.034    -0.097     0.052
    70.310    -0.043    -0.103     0.035
    70.320    -0.054    -0.109     0.017
    70.330    -0.057    -0.119    -0.001
    70.340    -0.057    -0.133    -0.022
    70.350    -0.056    -0.153    -0.046
    70.360    -0.055    -0.174    -0.070
    70.370    -0.057    -0.190    -0.092
    70.380    -0.058    -0.200    -0.109
    70.390    -0.061    -0.200    -0.127
    70.400    -0.066    -0.187    -0.135
    70.410    -0.070    -0.168    -0.133
    70.420    -0.066    -0.145    -0.131
    70.430    -0.065    -0.118    -0.126
    70.440    -0.063    -0.094    -0.117
    70.450    -0.055    -0.078    -0.108
    70.460    -0.045    -0.065    -0.100
    70.470    -0.034    -0.052    -0.088
    70.480    -0.023    -0.044    -0.076
    70.490     0.000    -0.034    -0.067
    70.500     0.029    -0.020    -0.060
    70.510     0.058     0.001    -0.057
    70.520     0.082     0.019    -0.056
    70.530     0.087     0.031    -0.058
    70.540     0.083     0.041    -0.057
    70.550     0.069     0.050    -0.057
    70.560     0.047     0.056    -0.058
    70.570     0.018     0.058    -0.052
    70.580    -0.016     0.058    -0.045
    70.590    -0.046     0.063    -0.033
    70.600    -0.077     0.068    -0.021
    70.610    -0.096     0.072    -0.015
    70.620    -0.109     0.074    -0.011
    70.630    -0.117     0.073    -0.014
    70.640    -0.126     0.069    -0.019
    70.650    -0.138     0.055    -0.025
    70.660    -0.142     0.038    -0.034
    70.670    -0.142     0.015    -0.036
    70.680    -0.132    -0.010    -0.034
    70.690    -0.108    -0.033    -0.027
    70.700    -0.076    -0.047    -0.014
    70.710    -0.039    -0.052     0.000
    70.720     0.003    -0.049     0.014
    70.730     0.049    -0.039     0.027
    70.740     0.091    -0.022     0.042
    70.750     0.124     0.004     0.063
    70.760     0.149     0.034     0.077
    70.770     0.158     0.064     0.090
    70.780     0.155     0.086     0.099
    70.790     0.144     0.099     0.102
    70.800     0.129     0.106     0.104
    70.810     0.115     0.103     0.098
    70.820     0.109     0.095     0.088
    70.830     0.105     0.081     0.077
    70.840     0.099     0.064     0.062
    70.850     0.098     0.044     0.046
    70.860     0.097     0.029     0.024
    70.870     0.093     0.029    -0.002
    70.880     0.086     0.029    -0.028
    70.890     0.080     0.031    -0.052
    70.900     0.079     0.035    -0.073
    70.910     0.069     0.035    -0.087
    70.920     0.057     0.027    -0.093
    70.930     0.043     0.013    -0.093
    70.940     0.022    -0.007    -0.080
    70.950     0.007    -0.029    -0.059
    70.960    -0.004    -0.050    -0.032
    70.970    -0.013    -0.072    -0.003
    70.980    -0.016    -0.092     0.027
    70.990    -0.019    -0.112     0.051
    71.000    -0.021    -0.130     0.069
    71.010    -0.025    -0.141     0.084
    71.020    -0.032    -0.143     0.083
    71.030    -0.036    -0.139     0.072
    71.040    -0.044    -0.126     0.051
    71.050    -0.047    -0.105     0.017
    71.060    -0.049    -0.076    -0.021
    71.070    -0.062    -0.045    -0.056
    71.080    -0.073    -0.015    -0.086
    71.090    -0.080     0.012    -0.106
    71.100    -0.078     0.041    -0.114
    71.110    -0.067     0.063    -0.119
    71.120    -0.050     0.079    -0.115
    71.130    -0.030     0.089    -0.106
    71.140    -0.014     0.094    -0.093
    71.150     0.005     0.100    -0.076
    71.160     0.024     0.100    -0.064
    71.170     0.035     0.099    -0.048
    71.180     0.041     0.094    -0.036
    71.190     0.041     0.090    -0.028
    71.200     0.036     0.085    -0.013
    71.210     0.027     0.078     0.003
    71.220     0.018     0.077     0.021
    71.230     0.008     0.076     0.033
    71.240    -0.006     0.071     0.042
    71.250    -0.018     0.066     0.053
    71.260    -0.022     0.058     0.054
    71.270    -0.028     0.048     0.050
    71.280    -0.033     0.029     0.047
    71.290    -0.028     0.009     0.040
    71.300    -0.019    -0.009     0.037
    71.310    -0.008    -0.021     0.033
    71.320     0.006    -0.030     0.026
    71.330     0.020    -0.040     0.017
    71.340     0.027    -0.047     0.003
    71.350     0.025    -0.059    -0.014
    71.360     0.014    -0.073    -0.035
    71.370    -0.005    -0.092    -0.053
    71.380    -0.021    -0.118    -0.075
    71.390    -0.035    -0.148    -0.095
    71.400    -0.050    -0.178    -0.107
    71.410    -0.062    -0.202    -0.116
    71.420    -0.069    -0.215    -0.120
    71.430    -0.073    -0.217    -0.122
    71.440    -0.075    -0.209    -0.112
    71.450    -0.072    -0.190    -0.096
    71.460    -0.066    -0.162    -0.080
    71.470    -0.064    -0.131    -0.053
    71.480    -0.068    -0.100    -0.029
    71.490    -0.067    -0.072    -0.005
    71.500    -0.065    -0.044     0.021
    71.510    -0.063    -0.022     0.046
    71.520    -0.054    -0.003     0.078
    71.530    -0.037     0.018     0.104
    71.540    -0.014     0.036     0.130
    71.550     0.011     0.049     0.148
    71.560     0.033     0.059     0.159
    71.570     0.053     0.064     0.166
    71.580     0.069     0.068     0.157
    71.590     0.074     0.073     0.144
    71.600     0.071     0.074     0.129
    71.610     0.067     0.072     0.113
    71.620     0.064     0.074     0.097
    71.630     0.060     0.078     0.079
    71.640     0.054     0.077     0.065
    71.650     0.057     0.073     0.047
    71.660     0.064     0.065     0.032
    71.670     0.064     0.066     0.021
    71.680     0.054     0.069     0.008
    71.690     0.033     0.072     0.000
    71.700     0.007     0.087    -0.005
    71.710    -0.022     0.100    -0.001
    71.720    -0.046     0.114     0.003
    71.730    -0.057     0.132     0.006
    71.740    -0.063     0.150     0.016
    71.750    -0.057     0.169     0.020
    71.760    -0.043     0.189     0.027
    71.770    -0.024     0.208     0.045
    71.780    -0.005     0.226     0.062
    71.790     0.014     0.240     0.089
    71.800     0.030     0.247     0.115
    71.810     0.040     0.247     0.139
    71.820     0.052     0.240     0.156
    71.830     0.052     0.216     0.155
    71.840     0.041     0.180     0.146
    71.850     0.029     0.135     0.118
    71.860     0.018     0.081     0.088
    71.870     0.001     0.025     0.064
    71.880    -0.018    -0.033     0.036
    71.890    -0.026    -0.081     0.011
    71.900    -0.025    -0.127    -0.014
    71.910    -0.015    -0.162    -0.029
    71.920     0.002    -0.186    -0.047
    71.930     0.022    -0.206    -0.069
    71.940     0.044    -0.213    -0.080
    71.950     0.062    -0.218    -0.099
    71.960     0.064    -0.213    -0.101
    71.970     0.057    -0.206    -0.100
    71.980     0.046    -0.214    -0.107
    71.990     0.027    -0.213    -0.107
    72.000     0.013    -0.214    -0.120
    72.010    -0.008    -0.226    -0.124
    72.020    -0.025    -0.234    -0.129
    72.030    -0.038    -0.240    -0.142
    72.040    -0.059    -0.237    -0.138
    72.050    -0.069    -0.220    -0.135
    72.060    -0.078    -0.197    -0.115
    72.070    -0.088    -0.166    -0.087
    72.080    -0.094    -0.125    -0.070
    72.090    -0.091    -0.081    -0.044
    72.100    -0.079    -0.029    -0.025
    72.110    -0.066     0.026    -0.015
    72.120    -0.055     0.081    -0.012
    72.130    -0.054     0.126    -0.012
    72.140    -0.056     0.164    -0.017
    72.150    -0.058     0.191    -0.033
    72.160    -0.059     0.204    -0.041
    72.170    -0.057     0.213    -0.050
    72.180    -0.051     0.207    -0.054
    72.190    -0.035     0.186    -0.055
    72.200    -0.018     0.160    -0.059
    72.210     0.007     0.123    -0.053
    72.220     0.043     0.081    -0.052
    72.230     0.070     0.044    -0.055
    72.240     0.092     0.014    -0.049
    72.250     0.105    -0.006    -0.040
    72.260     0.118    -0.010    -0.031
    72.270     0.124    -0.007    -0.022
    72.280     0.120    -0.004    -0.012
    72.290     0.113     0.005    -0.007
    72.300     0.093     0.009     0.000
    72.310     0.067     0.005     0.006
    72.320     0.039     0.002     0.006
    72.330     0.017    -0.002     0.015
    72.340     0.003    -0.012     0.018
    72.350    -0.009    -0.024     0.024
    72.360    -0.013    -0.041     0.033
    72.370    -0.018    -0.054     0.039
    72.380    -0.022    -0.067     0.045
    72.390    -0.020    -0.078     0.038
    72.400    -0.023    -0.077     0.040
    72.410    -0.020    -0.069     0.044
    72.420    -0.010    -0.049     0.041
    72.430     0.001    -0.019     0.046
    72.440     0.011     0.018     0.045
    72.450     0.013     0.057     0.042
    72.460     0.017     0.093     0.039
    72.470     0.017     0.124     0.031
    72.480     0.008     0.145     0.023
    72.490     0.009     0.157     0.010
    72.500     0.009     0.157    -0.005
    72.510     0.007     0.145    -0.017
    72.520     0.016     0.123    -0.031
    72.530     0.022     0.093    -0.043
    72.540     0.028     0.065    -0.042
    72.550     0.036     0.036    -0.037
    72.560     0.038     0.013    -0.025
    72.570     0.033    -0.002    -0.003
    72.580     0.021    -0.017     0.020
    72.590     0.005    -0.028     0.045
    72.600    -0.011    -0.039     0.071
    72.610    -0.022    -0.052     0.093
    72.620    -0.028    -0.065     0.109
    72.630    -0.033    -0.077     0.122
    72.640    -0.037    -0.093     0.133
    72.650    -0.042    -0.106     0.137
    72.660    -0.042    -0.121     0.134
    72.670    -0.046    -0.135     0.129
    72.680    -0.052    -0.144     0.119
    72.690    -0.048    -0.150     0.102
    72.700    -0.039    -0.148     0.085
    72.710    -0.026    -0.144     0.064
    72.720    -0.010    -0.125     0.038
    72.730    -0.004    -0.098     0.017
    72.740    -0.007    -0.077     0.005
    72.750    -0.014    -0.058    -0.007
    72.760    -0.021    -0.038    -0.017
    72.770    -0.028    -0.018    -0.027
    72.780    -0.045    -0.004    -0.040
    72.790    -0.058     0.011    -0.045
    72.800    -0.068     0.025    -0.045
    72.810    -0.076     0.029    -0.042
    72.820    -0.075     0.025    -0.044
    72.830    -0.072     0.009    -0.048
    72.840    -0.068    -0.003    -0.053
    72.850    -0.060    -0.021    -0.063
    72.860    -0.047    -0.035    -0.073
    72.870    -0.035    -0.036    -0.081
    72.880    -0.021    -0.041    -0.089
    72.890     0.002    -0.034    -0.092
    72.900     0.024    -0.023    -0.087
    72.910     0.043    -0.013    -0.082
    72.920     0.060     0.002    -0.071
    72.930     0.074     0.017    -0.057
    72.940     0.081     0.028    -0.046
    72.950     0.082     0.033    -0.035
    72.960     0.078     0.034    -0.024
    72.970     0.070     0.034    -0.014
    72.980     0.062     0.032    -0.009
    72.990     0.051     0.029    -0.014
    73.000     0.042     0.026    -0.015
    73.010     0.037     0.028    -0.018
    73.020     0.034     0.030    -0.025
    73.030     0.027     0.040    -0.024
    73.040     0.013     0.054    -0.017
    73.050     0.002     0.065    -0.001
    73.060    -0.007     0.077     0.010
    73.070    -0.015     0.085     0.024
    73.080    -0.023     0.092     0.039
    73.090    -0.028     0.092     0.045
    73.100    -0.029     0.092     0.054
    73.110    -0.025     0.083     0.051
    73.120    -0.018     0.069     0.038
    73.130    -0.011     0.055     0.029
    73.140    -0.013     0.037     0.014
    73.150    -0.018     0.022    -0.002
    73.160    -0.022     0.014    -0.017
    73.170    -0.022     0.004    -0.029
    73.180    -0.022    -0.003    -0.041
    73.190    -0.017    -0.006    -0.053
    73.200    -0.005    -0.012    -0.055
    73.210     0.007    -0.018    -0.052
    73.220     0.020    -0.020    -0.045
    73.230     0.031    -0.032    -0.034
    73.240     0.033    -0.051    -0.015
    73.250     0.044    -0.066     0.003
    73.260     0.058    -0.068     0.021
    73.270     0.057    -0.066     0.049
    73.280     0.054    -0.068     0.075
    73.290     0.051    -0.059     0.097
    73.300     0.048    -0.040     0.116
    73.310     0.046    -0.020     0.121
    73.320     0.037    -0.009     0.120
    73.330     0.028     0.008     0.115
    73.340     0.019     0.027     0.106
    73.350     0.017     0.047     0.092
    73.360     0.023     0.064     0.073
    73.370     0.027     0.073     0.061
    73.380     0.028     0.083     0.042
    73.390     0.028     0.091     0.013
    73.400     0.015     0.093    -0.012
    73.410    -0.005     0.092    -0.040
    73.420    -0.023     0.091    -0.066
    73.430    -0.042     0.091    -0.087
    73.440    -0.063     0.083    -0.100
    73.450    -0.078     0.075    -0.100
    73.460    -0.086     0.065    -0.096
    73.470    -0.091     0.051    -0.077
    73.480    -0.090     0.036    -0.054
    73.490    -0.071     0.021    -0.036
    73.500    -0.048     0.013    -0.013
    73.510    -0.024     0.009     0.004
    73.520     0.002     0.008     0.014
    73.530     0.019     0.013     0.018
    73.540     0.030     0.014     0.018
    73.550     0.032     0.011     0.017
    73.560     0.034     0.010     0.010
    73.570     0.032     0.005     0.004
    73.580     0.028    -0.007    -0.009
    73.590     0.031    -0.015    -0.026
    73.600     0.032    -0.020    -0.034
    73.610     0.032    -0.025    -0.042
    73.620     0.032    -0.030    -0.046
    73.630     0.026    -0.031    -0.046
    73.640     0.018    -0.034    -0.041
    73.650     0.011    -0.039    -0.035
    73.660     0.006    -0.041    -0.029
    73.670     0.000    -0.045    -0.019
    73.680    -0.005    -0.048    -0.016
    73.690    -0.011    -0.047    -0.010
    73.700    -0.020    -0.039    -0.008
    73.710    -0.027    -0.029    -0.005
    73.720    -0.034    -0.021     0.002
    73.730    -0.038    -0.011     0.000
    73.740    -0.042    -0.006     0.003
    73.750    -0.042    -0.006     0.006
    73.760    -0.036    -0.012     0.010
    73.770    -0.033    -0.025     0.022
    73.780    -0.029    -0.036     0.025
    73.790    -0.025    -0.051     0.026
    73.800    -0.021    -0.065     0.026
    73.810    -0.014    -0.079     0.019
    73.820    -0.007    -0.084     0.014
    73.830    -0.004    -0.082     0.010
    73.840    -0.004    -0.090     0.011
    73.850    -0.001    -0.095     0.014
    73.860     0.000    -0.096     0.018
    73.870    -0.005    -0.102     0.029
    73.880    -0.012    -0.098     0.036
    73.890    -0.011    -0.090     0.038
    73.900    -0.003    -0.074     0.042
    73.910     0.005    -0.059     0.040
    73.920     0.011    -0.049     0.033
    73.930     0.015    -0.040     0.026
    73.940     0.013    -0.039     0.017
    73.950     0.010    -0.042     0.008
    73.960     0.010    -0.046     0.001
    73.970     0.010    -0.052    -0.007
    73.980     0.018    -0.054    -0.012
    73.990     0.030    -0.053    -0.020
    74.000     0.049    -0.042    -0.027
    74.010     0.068    -0.022    -0.036
    74.020     0.078    -0.002    -0.049
    74.030     0.081     0.022    -0.059
    74.040     0.071     0.042    -0.065
    74.050     0.057     0.057    -0.068
    74.060     0.039     0.078    -0.063
    74.070     0.018     0.094    -0.056
    74.080    -0.003     0.106    -0.048
    74.090    -0.021     0.118    -0.040
    74.100    -0.034     0.130    -0.034
    74.110    -0.046     0.139    -0.022
    74.120    -0.052     0.141    -0.015
    74.130    -0.045     0.140    -0.008
    74.140    -0.041     0.127     0.006
    74.150    -0.035     0.107     0.019
    74.160    -0.024     0.082     0.036
    74.170    -0.017     0.055     0.057
    74.180    -0.010     0.030     0.074
    74.190    -0.002     0.001     0.086
    74.200     0.001    -0.023     0.095
    74.210     0.007    -0.048     0.099
    74.220     0.014    -0.063     0.093
    74.230     0.016    -0.069     0.084
    74.240     0.015    -0.071     0.078
    74.250     0.015    -0.066     0.064
    74.260     0.014    -0.054     0.056
    74.270     0.009    -0.039     0.050
    74.280     0.005    -0.027     0.039
    74.290     0.005    -0.011     0.030
    74.300     0.003     0.007     0.019
    74.310     0.005     0.022     0.007
    74.320     0.009     0.040    -0.014
    74.330     0.009     0.057    -0.039
    74.340     0.005     0.067    -0.061
    74.350     0.000     0.072    -0.087
    74.360     0.001     0.076    -0.108
    74.370     0.001     0.084    -0.124
    74.380    -0.003     0.090    -0.132
    74.390    -0.003     0.091    -0.129
    74.400    -0.001     0.091    -0.118
    74.410     0.005     0.091    -0.106
    74.420     0.014     0.089    -0.094
    74.430     0.021     0.084    -0.078
    74.440     0.024     0.078    -0.058
    74.450     0.032     0.074    -0.036
    74.460     0.044     0.066    -0.016
    74.470     0.049     0.056     0.002
    74.480     0.051     0.044     0.020
    74.490     0.053     0.030     0.035
    74.500     0.045     0.021     0.052
    74.510     0.025     0.009     0.066
    74.520     0.004    -0.004     0.074
    74.530    -0.021    -0.014     0.081
    74.540    -0.049    -0.029     0.083
    74.550    -0.075    -0.045     0.074
    74.560    -0.094    -0.061     0.054
    74.570    -0.101    -0.083     0.031
    74.580    -0.101    -0.106     0.001
    74.590    -0.093    -0.133    -0.035
    74.600    -0.081    -0.163    -0.062
    74.610    -0.070    -0.191    -0.093
    74.620    -0.055    -0.210    -0.120
    74.630    -0.051    -0.220    -0.139
    74.640    -0.051    -0.228    -0.151
    74.650    -0.046    -0.232    -0.151
    74.660    -0.044    -0.226    -0.141
    74.670    -0.040    -0.211    -0.118
    74.680    -0.037    -0.193    -0.096
    74.690    -0.025    -0.169    -0.072
    74.700    -0.012    -0.143    -0.047
    74.710    -0.002    -0.117    -0.028
    74.720     0.011    -0.084    -0.009
    74.730     0.021    -0.043     0.007
    74.740     0.027    -0.005     0.025
    74.750     0.026     0.035     0.039
    74.760     0.025     0.071     0.054
    74.770     0.021     0.102     0.069
    74.780     0.014     0.123     0.081
    74.790     0.010     0.137     0.098
    74.800     0.004     0.148     0.108
    74.810     0.001     0.149     0.113
    74.820     0.002     0.149     0.117
    74.830     0.008     0.151     0.112
    74.840     0.014     0.148     0.108
    74.850     0.025     0.142     0.095
    74.860     0.038     0.136     0.083
    74.870     0.045     0.127     0.078
    74.880     0.051     0.111     0.070
    74.890     0.059     0.092     0.068
    74.900     0.065     0.071     0.070
    74.910     0.066     0.051     0.072
    74.920     0.070     0.040     0.073
    74.930     0.071     0.030     0.084
    74.940     0.066     0.019     0.106
    74.950     0.067     0.009     0.121
    74.960     0.068     0.004     0.135
    74.970     0.067     0.003     0.149
    74.980     0.061     0.006     0.153
    74.990     0.052     0.021     0.154
    75.000     0.045     0.033     0.147
    75.010     0.039     0.043     0.129
    75.020     0.032     0.051     0.098
    75.030     0.018     0.053     0.062
    75.040     0.003     0.052     0.026
    75.050    -0.007     0.043    -0.011
    75.060    -0.023     0.037    -0.043
    75.070    -0.039     0.031    -0.071
    75.080    -0.045     0.017    -0.094
    75.090    -0.048     0.011    -0.113
    75.100    -0.046     0.004    -0.132
    75.110    -0.042    -0.008    -0.147
    75.120    -0.032    -0.015    -0.158
    75.130    -0.022    -0.025    -0.169
    75.140    -0.022    -0.038    -0.174
    75.150    -0.025    -0.051    -0.177
    75.160    -0.034    -0.063    -0.173
    75.170    -0.045    -0.070    -0.161
    75.180    -0.054    -0.074    -0.154
    75.190    -0.057    -0.069    -0.144
    75.200    -0.054    -0.064    -0.132
    75.210    -0.048    -0.059    -0.118
    75.220    -0.031    -0.046    -0.103
    75.230    -0.019    -0.038    -0.088
    75.240    -0.010    -0.034    -0.071
    75.250     0.000    -0.035    -0.066
    75.260     0.001    -0.039    -0.060
    75.270    -0.005    -0.039    -0.054
    75.280    -0.014    -0.044    -0.055
    75.290    -0.020    -0.045    -0.055
    75.300    -0.029    -0.038    -0.058
    75.310    -0.038    -0.034    -0.059
    75.320    -0.037    -0.020    -0.057
    75.330    -0.035     0.000    -0.053
    75.340    -0.037     0.014    -0.045
    75.350    -0.040     0.026    -0.037
    75.360    -0.042     0.032    -0.026
    75.370    -0.044     0.036    -0.012
    75.380    -0.040     0.034    -0.005
    75.390    -0.034     0.032     0.003
    75.400    -0.029     0.030     0.013
    75.410    -0.024     0.020     0.023
    75.420    -0.015     0.018     0.032
    75.430    -0.008     0.023     0.043
    75.440    -0.001     0.030     0.057
    75.450     0.016     0.044     0.071
    75.460     0.033     0.059     0.083
    75.470     0.048     0.077     0.096
    75.480     0.064     0.090     0.109
    75.490     0.082     0.103     0.117
    75.500     0.096     0.110     0.126
    75.510     0.105     0.108     0.131
    75.520     0.117     0.105     0.127
    75.530     0.122     0.096     0.123
    75.540     0.126     0.083     0.116
    75.550     0.128     0.068     0.108
    75.560     0.124     0.057     0.111
    75.570     0.122     0.041     0.113
    75.580     0.115     0.024     0.113
    75.590     0.102     0.007     0.111
    75.600     0.081    -0.017     0.103
    75.610     0.055    -0.045     0.095
    75.620     0.029    -0.071     0.084
    75.630     0.000    -0.093     0.071
    75.640    -0.024    -0.109     0.048
    75.650    -0.043    -0.120     0.016
    75.660    -0.060    -0.124    -0.015
    75.670    -0.075    -0.124    -0.044
    75.680    -0.088    -0.124    -0.069
    75.690    -0.094    -0.118    -0.095
    75.700    -0.102    -0.109    -0.117
    75.710    -0.105    -0.102    -0.131
    75.720    -0.101    -0.097    -0.139
    75.730    -0.095    -0.092    -0.139
    75.740    -0.086    -0.088    -0.133
    75.750    -0.075    -0.082    -0.125
    75.760    -0.061    -0.069    -0.107
    75.770    -0.047    -0.053    -0.086
    75.780    -0.034    -0.033    -0.062
    75.790    -0.023    -0.008    -0.033
    75.800    -0.016     0.016    -0.005
    75.810    -0.009     0.034     0.022
    75.820    -0.001     0.046     0.045
    75.830     0.001     0.053     0.062
    75.840    -0.004     0.054     0.073
    75.850    -0.007     0.051     0.071
    75.860    -0.015     0.048     0.064
    75.870    -0.022     0.046     0.053
    75.880    -0.024     0.040     0.035
    75.890    -0.022     0.040     0.017
    75.900    -0.019     0.044    -0.002
    75.910    -0.014     0.048    -0.021
    75.920    -0.007     0.060    -0.044
    75.930    -0.001     0.066    -0.063
    75.940     0.004     0.072    -0.077
    75.950     0.010     0.073    -0.094
    75.960     0.012     0.070    -0.108
    75.970     0.017     0.069    -0.115
    75.980     0.023     0.062    -0.120
    75.990     0.026     0.056    -0.127
    76.000     0.026     0.049    -0.124
    76.010     0.022     0.039    -0.118
    76.020     0.018     0.031    -0.110
    76.030     0.016     0.021    -0.100
    76.040     0.014     0.011    -0.088
    76.050     0.015     0.008    -0.076
    76.060     0.017     0.010    -0.061
    76.070     0.016     0.004    -0.034
    76.080     0.023    -0.009    -0.009
    76.090     0.032    -0.020     0.015
    76.100     0.035    -0.033     0.043
    76.110     0.033    -0.046     0.068
    76.120     0.027    -0.061     0.091
    76.130     0.022    -0.074     0.110
    76.140     0.016    -0.088     0.123
    76.150     0.007    -0.100     0.131
    76.160    -0.002    -0.107     0.138
    76.170    -0.014    -0.118     0.142
    76.180    -0.024    -0.122     0.139
    76.190    -0.034    -0.123     0.137
    76.200    -0.046    -0.121     0.132
    76.210    -0.054    -0.119     0.124
    76.220    -0.059    -0.114     0.116
    76.230    -0.065    -0.100     0.110
    76.240    -0.067    -0.088     0.104
    76.250    -0.061    -0.070     0.094
    76.260    -0.048    -0.050     0.079
    76.270    -0.033    -0.028     0.064
    76.280    -0.016    -0.007     0.047
    76.290     0.005     0.011     0.034
    76.300     0.019     0.034     0.023
    76.310     0.027     0.045     0.011
    76.320     0.037     0.053     0.003
    76.330     0.042     0.060    -0.002
    76.340     0.045     0.064    -0.003
    76.350     0.046     0.070    -0.004
    76.360     0.045     0.074     0.003
    76.370     0.047     0.079     0.016
    76.380     0.048     0.081     0.024
    76.390     0.050     0.082     0.035
    76.400     0.052     0.081     0.043
    76.410     0.055     0.080     0.045
    76.420     0.063     0.078     0.043
    76.430     0.065     0.080     0.032
    76.440     0.061     0.075     0.022
    76.450     0.056     0.064     0.007
    76.460     0.044     0.055    -0.013
    76.470     0.025     0.044    -0.033
    76.480     0.007     0.028    -0.062
    76.490    -0.008     0.012    -0.088
    76.500    -0.022    -0.002    -0.114
    76.510    -0.041    -0.012    -0.139
    76.520    -0.061    -0.020    -0.158
    76.530    -0.078    -0.029    -0.173
    76.540    -0.092    -0.037    -0.180
    76.550    -0.104    -0.041    -0.180
    76.560    -0.118    -0.045    -0.168
    76.570    -0.132    -0.045    -0.145
    76.580    -0.137    -0.048    -0.128
    76.590    -0.134    -0.049    -0.107
    76.600    -0.126    -0.043    -0.087
    76.610    -0.117    -0.042    -0.071
    76.620    -0.106    -0.036    -0.059
    76.630    -0.089    -0.027    -0.052
    76.640    -0.064    -0.015    -0.041
    76.650    -0.034     0.008    -0.040
    76.660    -0.005     0.032    -0.045
    76.670     0.018     0.058    -0.043
    76.680     0.032     0.086    -0.045
    76.690     0.045     0.107    -0.045
    76.700     0.056     0.126    -0.044
    76.710     0.062     0.133    -0.047
    76.720     0.066     0.131    -0.048
    76.730     0.065     0.129    -0.051
    76.740     0.061     0.121    -0.045
    76.750     0.053     0.116    -0.037
    76.760     0.046     0.109    -0.025
    76.770     0.041     0.100    -0.005
    76.780     0.037     0.092     0.008
    76.790     0.038     0.076     0.026
    76.800     0.040     0.064     0.051
    76.810     0.046     0.044     0.074
    76.820     0.053     0.024     0.099
    76.830     0.058     0.014     0.123
    76.840     0.062    -0.005     0.151
    76.850     0.064    -0.020     0.177
    76.860     0.061    -0.035     0.193
    76.870     0.050    -0.055     0.211
    76.880     0.039    -0.075     0.221
    76.890     0.028    -0.096     0.225
    76.900     0.012    -0.112     0.228
    76.910    -0.007    -0.130     0.224
    76.920    -0.027    -0.143     0.216
    76.930    -0.042    -0.149     0.201
    76.940    -0.054    -0.150     0.184
    76.950    -0.064    -0.144     0.158
    76.960    -0.070    -0.136     0.130
    76.970    -0.071    -0.125     0.109
    76.980    -0.074    -0.113     0.080
    76.990    -0.071    -0.103     0.052
    77.000    -0.066    -0.094     0.026
    77.010    -0.058    -0.090    -0.005
    77.020    -0.043    -0.087    -0.032
    77.030    -0.030    -0.082    -0.054
    77.040    -0.011    -0.075    -0.067
    77.050     0.012    -0.061    -0.074
    77.060     0.036    -0.044    -0.081
    77.070     0.053    -0.023    -0.079
    77.080     0.070    -0.002    -0.076
    77.090     0.089     0.017    -0.073
    77.100     0.106     0.036    -0.064
    77.110     0.125     0.054    -0.056
    77.120     0.141     0.063    -0.044
    77.130     0.156     0.066    -0.032
    77.140     0.164     0.061    -0.022
    77.150     0.163     0.052    -0.016
    77.160     0.149     0.043    -0.010
    77.170     0.123     0.028    -0.001
    77.180     0.096     0.013    -0.003
    77.190     0.069     0.001    -0.010
    77.200     0.037    -0.012    -0.016
    77.210     0.002    -0.021    -0.025
    77.220    -0.034    -0.029    -0.033
    77.230    -0.067    -0.033    -0.042
    77.240    -0.092    -0.042    -0.049
    77.250    -0.107    -0.049    -0.055
    77.260    -0.119    -0.053    -0.064
    77.270    -0.125    -0.060    -0.069
    77.280    -0.125    -0.064    -0.077
    77.290    -0.123    -0.068    -0.084
    77.300    -0.122    -0.064    -0.088
    77.310    -0.118    -0.059    -0.094
    77.320    -0.109    -0.047    -0.103
    77.330    -0.096    -0.022    -0.116
    77.340    -0.080     0.008    -0.135
    77.350    -0.061     0.043    -0.154
    77.360    -0.041     0.080    -0.167
    77.370    -0.021     0.113    -0.177
    77.380    -0.006     0.134    -0.182
    77.390     0.005     0.146    -0.182
    77.400     0.013     0.148    -0.177
    77.410     0.018     0.141    -0.167
    77.420     0.022     0.134    -0.154
    77.430     0.023     0.119    -0.132
    77.440     0.019     0.100    -0.101
    77.450     0.015     0.083    -0.071
    77.460     0.012     0.070    -0.041
    77.470     0.004     0.062    -0.006
    77.480    -0.003     0.053     0.025
    77.490    -0.009     0.048     0.054
    77.500    -0.012     0.039     0.083
    77.510    -0.015     0.028     0.108
    77.520    -0.017     0.017     0.134
    77.530    -0.019     0.004     0.153
    77.540    -0.020    -0.011     0.171
    77.550    -0.015    -0.019     0.189
    77.560    -0.010    -0.022     0.203
    77.570    -0.009    -0.030     0.222
    77.580    -0.009    -0.035     0.230
    77.590    -0.010    -0.041     0.235
    77.600    -0.011    -0.043     0.241
    77.610    -0.010    -0.042     0.233
    77.620    -0.003    -0.042     0.217
    77.630     0.010    -0.036     0.195
    77.640     0.025    -0.036     0.168
    77.650     0.045    -0.033     0.140
    77.660     0.062    -0.023     0.111
    77.670     0.074    -0.016     0.090
    77.680     0.084    -0.013     0.071
    77.690     0.096    -0.007     0.056
    77.700     0.099     0.004     0.046
    77.710     0.091     0.007     0.035
    77.720     0.080     0.009     0.029
    77.730     0.068     0.010     0.027
    77.740     0.061     0.012     0.020
    77.750     0.057     0.014     0.007
    77.760     0.052     0.011    -0.006
    77.770     0.047     0.015    -0.014
    77.780     0.042     0.020    -0.023
    77.790     0.041     0.027    -0.033
    77.800     0.036     0.037    -0.041
    77.810     0.030     0.043    -0.046
    77.820     0.028     0.052    -0.052
    77.830     0.015     0.058    -0.059
    77.840     0.002     0.060    -0.060
    77.850    -0.008     0.064    -0.065
    77.860    -0.020     0.066    -0.069
    77.870    -0.037     0.065    -0.071
    77.880    -0.055     0.051    -0.085
    77.890    -0.068     0.033    -0.098
    77.900    -0.081     0.016    -0.110
    77.910    -0.091    -0.006    -0.128
    77.920    -0.094    -0.026    -0.141
    77.930    -0.094    -0.044    -0.152
    77.940    -0.092    -0.063    -0.159
    77.950    -0.086    -0.078    -0.163
    77.960    -0.082    -0.085    -0.162
    77.970    -0.079    -0.095    -0.151
    77.980    -0.070    -0.103    -0.140
    77.990    -0.061    -0.110    -0.125
    78.000    -0.054    -0.118    -0.103
    78.010    -0.045    -0.125    -0.082
    78.020    -0.037    -0.128    -0.065
    78.030    -0.028    -0.127    -0.053
    78.040    -0.017    -0.127    -0.045
    78.050    -0.001    -0.127    -0.046
    78.060     0.013    -0.121    -0.046
    78.070     0.027    -0.116    -0.040
    78.080     0.042    -0.108    -0.030
    78.090     0.053    -0.099    -0.012
    78.100     0.060    -0.092     0.012
    78.110     0.062    -0.084     0.040
    78.120     0.066    -0.079     0.070
    78.130     0.070    -0.072     0.100
    78.140     0.070    -0.060     0.126
    78.150     0.071    -0.046     0.146
    78.160     0.069    -0.023     0.162
    78.170     0.064     0.003     0.170
    78.180     0.055     0.030     0.161
    78.190     0.040     0.057     0.146
    78.200     0.026     0.078     0.134
    78.210     0.015     0.098     0.113
    78.220     0.001     0.117     0.092
    78.230    -0.012     0.134     0.071
    78.240    -0.020     0.140     0.055
    78.250    -0.018     0.145     0.039
    78.260    -0.015     0.155     0.024
    78.270    -0.018     0.165     0.016
    78.280    -0.017     0.170     0.003
    78.290    -0.015     0.171    -0.012
    78.300    -0.010     0.172    -0.031
    78.310    -0.005     0.171    -0.051
    78.320    -0.001     0.174    -0.067
    78.330     0.001     0.178    -0.081
    78.340    -0.001     0.182    -0.085
    78.350     0.001     0.185    -0.089
    78.360    -0.002     0.180    -0.091
    78.370    -0.004     0.168    -0.087
    78.380    -0.001     0.156    -0.081
    78.390     0.001     0.142    -0.068
    78.400     0.005     0.128    -0.052
    78.410     0.014     0.115    -0.030
    78.420     0.024     0.102    -0.008
    78.430     0.028     0.084     0.018
    78.440     0.032     0.056     0.043
    78.450     0.036     0.022     0.058
    78.460     0.034    -0.009     0.072
    78.470     0.028    -0.045     0.081
    78.480     0.023    -0.084     0.085
    78.490     0.013    -0.114     0.085
    78.500    -0.001    -0.140     0.086
    78.510    -0.012    -0.163     0.084
    78.520    -0.021    -0.181     0.080
    78.530    -0.028    -0.194     0.076
    78.540    -0.035    -0.207     0.065
    78.550    -0.042    -0.217     0.051
    78.560    -0.048    -0.220     0.037
    78.570    -0.052    -0.221     0.015
    78.580    -0.055    -0.220    -0.008
    78.590    -0.055    -0.215    -0.029
    78.600    -0.051    -0.207    -0.046
    78.610    -0.051    -0.193    -0.066
    78.620    -0.047    -0.169    -0.079
    78.630    -0.041    -0.142    -0.080
    78.640    -0.035    -0.114    -0.079
    78.650    -0.022    -0.087    -0.075
    78.660    -0.009    -0.058    -0.068
    78.670     0.003    -0.032    -0.054
    78.680     0.016    -0.012    -0.041
    78.690     0.031     0.002    -0.029
    78.700     0.047     0.011    -0.010
    78.710     0.062     0.018     0.007
    78.720     0.080     0.025     0.029
    78.730     0.093     0.029     0.052
    78.740     0.100     0.033     0.072
    78.750     0.102     0.037     0.092
    78.760     0.093     0.046     0.102
    78.770     0.074     0.053     0.109
    78.780     0.051     0.057     0.112
    78.790     0.030     0.061     0.108
    78.800     0.009     0.061     0.105
    78.810    -0.005     0.062     0.095
    78.820    -0.020     0.064     0.080
    78.830    -0.042     0.062     0.064
    78.840    -0.060     0.056     0.049
    78.850    -0.066     0.054     0.028
    78.860    -0.069     0.054     0.003
    78.870    -0.074     0.054    -0.017
    78.880    -0.074     0.051    -0.037
    78.890    -0.075     0.052    -0.053
    78.900    -0.076     0.059    -0.062
    78.910    -0.071     0.062    -0.074
    78.920    -0.061     0.059    -0.082
    78.930    -0.045     0.057    -0.089
    78.940    -0.028     0.054    -0.099
    78.950    -0.006     0.050    -0.106
    78.960     0.018     0.046    -0.111
    78.970     0.037     0.046    -0.116
    78.980     0.053     0.050    -0.122
    78.990     0.064     0.055    -0.126
    79.000     0.069     0.060    -0.128
    79.010     0.070     0.060    -0.129
    79.020     0.069     0.060    -0.130
    79.030     0.064     0.058    -0.128
    79.040     0.056     0.051    -0.121
    79.050     0.054     0.045    -0.114
    79.060     0.049     0.042    -0.105
    79.070     0.042     0.040    -0.093
    79.080     0.039     0.041    -0.083
    79.090     0.036     0.047    -0.072
    79.100     0.025     0.053    -0.066
    79.110     0.008     0.050    -0.060
    79.120    -0.006     0.051    -0.051
    79.130    -0.025     0.051    -0.044
    79.140    -0.047     0.048    -0.041
    79.150    -0.068     0.042    -0.040
    79.160    -0.089     0.034    -0.038
    79.170    -0.102     0.021    -0.036
    79.180    -0.105     0.008    -0.038
    79.190    -0.101    -0.002    -0.038
    79.200    -0.094    -0.014    -0.030
    79.210    -0.084    -0.028    -0.023
    79.220    -0.070    -0.041    -0.014
    79.230    -0.062    -0.051    -0.003
    79.240    -0.053    -0.061     0.009
    79.250    -0.045    -0.067     0.020
    79.260    -0.039    -0.068     0.028
    79.270    -0.031    -0.064     0.035
    79.280    -0.020    -0.055     0.039
    79.290    -0.005    -0.045     0.043
    79.300     0.009    -0.039     0.050
    79.310     0.024    -0.037     0.054
    79.320     0.038    -0.039     0.058
    79.330     0.045    -0.045     0.068
    79.340     0.047    -0.052     0.075
    79.350     0.052    -0.056     0.081
    79.360     0.055    -0.054     0.091
    79.370     0.052    -0.047     0.102
    79.380     0.045    -0.046     0.113
    79.390     0.039    -0.047     0.130
    79.400     0.036    -0.054     0.142
    79.410     0.037    -0.064     0.147
    79.420     0.040    -0.066     0.153
    79.430     0.036    -0.074     0.157
    79.440     0.032    -0.078     0.163
    79.450     0.034    -0.079     0.161
    79.460     0.032    -0.079     0.154
    79.470     0.029    -0.079     0.147
    79.480     0.034    -0.081     0.136
    79.490     0.040    -0.074     0.132
    79.500     0.044    -0.063     0.120
    79.510     0.047    -0.047     0.102
    79.520     0.044    -0.030     0.088
    79.530     0.041    -0.019     0.067
    79.540     0.036    -0.008     0.051
    79.550     0.029    -0.001     0.031
    79.560     0.022     0.007     0.015
    79.570     0.014     0.014     0.001
    79.580     0.012     0.014    -0.020
    79.590     0.007     0.016    -0.039
    79.600     0.001     0.013    -0.056
    79.610    -0.005     0.007    -0.073
    79.620    -0.012     0.003    -0.085
    79.630    -0.020     0.001    -0.094
    79.640    -0.030     0.001    -0.100
    79.650    -0.037     0.002    -0.103
    79.660    -0.045     0.004    -0.105
    79.670    -0.054     0.007    -0.105
    79.680    -0.059     0.008    -0.104
    79.690    -0.062     0.010    -0.106
    79.700    -0.071     0.012    -0.107
    79.710    -0.080     0.014    -0.110
    79.720    -0.082     0.022    -0.113
    79.730    -0.086     0.031    -0.114
    79.740    -0.082     0.036    -0.117
    79.750    -0.070     0.044    -0.122
    79.760    -0.054     0.056    -0.128
    79.770    -0.034     0.069    -0.131
    79.780    -0.016     0.084    -0.135
    79.790     0.003     0.095    -0.138
    79.800     0.017     0.108    -0.137
    79.810     0.031     0.117    -0.131
    79.820     0.039     0.122    -0.119
    79.830     0.036     0.121    -0.103
    79.840     0.037     0.109    -0.079
    79.850     0.043     0.101    -0.054
    79.860     0.042     0.095    -0.028
    79.870     0.035     0.089     0.002
    79.880     0.032     0.086     0.023
    79.890     0.031     0.084     0.040
    79.900     0.024     0.084     0.056
    79.910     0.014     0.083     0.069
    79.920     0.004     0.077     0.086
    79.930    -0.009     0.068     0.108
    79.940    -0.018     0.057     0.127
    79.950    -0.018     0.044     0.141
    79.960    -0.016     0.033     0.154
    79.970    -0.010     0.024     0.165
    79.980     0.002     0.016     0.171
    79.990     0.012     0.014     0.175
    80.000     0.025     0.016     0.174
    80.010     0.038     0.016     0.164
    80.020     0.037     0.016     0.150
    80.030     0.029     0.017     0.134
    80.040     0.017     0.011     0.112
    80.050     0.001     0.008     0.093
    80.060    -0.016     0.007     0.075
    80.070    -0.032    -0.004     0.054
    80.080    -0.038    -0.013     0.039
    80.090    -0.035    -0.025     0.023
    80.100    -0.034    -0.041     0.006
    80.110    -0.027    -0.061    -0.013
    80.120    -0.013    -0.080    -0.034
    80.130    -0.001    -0.097    -0.048
    80.140     0.008    -0.115    -0.063
    80.150     0.018    -0.128    -0.074
    80.160     0.024    -0.138    -0.078
    80.170     0.023    -0.140    -0.079
    80.180     0.019    -0.140    -0.074
    80.190     0.012    -0.142    -0.064
    80.200     0.004    -0.143    -0.047
    80.210    -0.004    -0.142    -0.031
    80.220    -0.011    -0.137    -0.013
    80.230    -0.022    -0.137     0.007
    80.240    -0.027    -0.138     0.024
    80.250    -0.026    -0.134     0.039
    80.260    -0.031    -0.132     0.051
    80.270    -0.035    -0.131     0.061
    80.280    -0.035    -0.131     0.065
    80.290    -0.032    -0.127     0.063
    80.300    -0.031    -0.123     0.060
    80.310    -0.032    -0.119     0.050
    80.320    -0.029    -0.108     0.039
    80.330    -0.030    -0.094     0.026
    80.340    -0.034    -0.076     0.012
    80.350    -0.035    -0.053     0.002
    80.360    -0.035    -0.025    -0.008
    80.370    -0.031     0.007    -0.016
    80.380    -0.027     0.040    -0.029
    80.390    -0.022     0.070    -0.041
    80.400    -0.017     0.094    -0.048
    80.410    -0.008     0.115    -0.061
    80.420     0.002     0.132    -0.066
    80.430     0.007     0.137    -0.069
    80.440     0.019     0.141    -0.074
    80.450     0.036     0.152    -0.076
    80.460     0.048     0.168    -0.084
    80.470     0.054     0.187    -0.081
    80.480     0.064     0.205    -0.078
    80.490     0.075     0.228    -0.075
    80.500     0.079     0.248    -0.068
    80.510     0.077     0.258    -0.064
    80.520     0.064     0.266    -0.052
    80.530     0.047     0.263    -0.040
    80.540     0.034     0.255    -0.032
    80.550     0.024     0.239    -0.024
    80.560     0.015     0.214    -0.018
    80.570     0.003     0.185    -0.012
    80.580    -0.009     0.143    -0.013
    80.590    -0.021     0.102    -0.010
    80.600    -0.027     0.063    -0.010
    80.610    -0.028     0.024    -0.013
    80.620    -0.028    -0.004    -0.008
    80.630    -0.032    -0.028    -0.003
    80.640    -0.035    -0.053     0.006
    80.650    -0.033    -0.078     0.010
    80.660    -0.032    -0.104     0.014
    80.670    -0.027    -0.125     0.018
    80.680    -0.019    -0.147     0.019
    80.690    -0.017    -0.164     0.029
    80.700    -0.021    -0.176     0.035
    80.710    -0.027    -0.185     0.039
    80.720    -0.032    -0.194     0.042
    80.730    -0.035    -0.202     0.046
    80.740    -0.036    -0.212     0.056
    80.750    -0.034    -0.219     0.056
    80.760    -0.034    -0.218     0.062
    80.770    -0.028    -0.215     0.063
    80.780    -0.015    -0.205     0.058
    80.790    -0.002    -0.189     0.060
    80.800     0.012    -0.167     0.058
    80.810     0.024    -0.144     0.054
    80.820     0.031    -0.120     0.045
    80.830     0.033    -0.097     0.033
    80.840     0.030    -0.079     0.015
    80.850     0.030    -0.062    -0.006
    80.860     0.027    -0.046    -0.022
    80.870     0.019    -0.038    -0.038
    80.880     0.011    -0.033    -0.049
    80.890     0.003    -0.034    -0.055
    80.900     0.002    -0.031    -0.059
    80.910     0.003    -0.028    -0.059
    80.920     0.007    -0.019    -0.061
    80.930     0.007    -0.006    -0.061
    80.940     0.003     0.002    -0.054
    80.950     0.001     0.019    -0.054
    80.960     0.000     0.041    -0.054
    80.970     0.002     0.059    -0.052
    80.980     0.008     0.074    -0.051
    80.990     0.014     0.085    -0.047
    81.000     0.023     0.095    -0.038
    81.010     0.034     0.102    -0.029
    81.020     0.036     0.103    -0.025
    81.030     0.027     0.104    -0.016
    81.040     0.015     0.101    -0.001
    81.050     0.007     0.101     0.012
    81.060     0.000     0.099     0.024
    81.070    -0.008     0.099     0.034
    81.080    -0.010     0.105     0.040
    81.090    -0.009     0.116     0.044
    81.100    -0.011     0.129     0.046
    81.110    -0.006     0.136     0.044
    81.120     0.007     0.135     0.044
    81.130     0.020     0.134     0.046
    81.140     0.028     0.133     0.042
    81.150     0.030     0.128     0.040
    81.160     0.026     0.114     0.035
    81.170     0.022     0.097     0.024
    81.180     0.015     0.081     0.013
    81.190     0.009     0.066     0.003
    81.200     0.004     0.059    -0.001
    81.210     0.000     0.054    -0.008
    81.220    -0.006     0.051    -0.020
    81.230    -0.015     0.045    -0.022
    81.240    -0.023     0.033    -0.031
    81.250    -0.024     0.017    -0.040
    81.260    -0.024     0.003    -0.045
    81.270    -0.022    -0.012    -0.050
    81.280    -0.014    -0.028    -0.048
    81.290    -0.011    -0.044    -0.044
    81.300    -0.010    -0.059    -0.037
    81.310    -0.008    -0.069    -0.027
    81.320    -0.006    -0.075    -0.020
    81.330    -0.005    -0.078    -0.013
    81.340    -0.005    -0.082    -0.012
    81.350     0.000    -0.082    -0.012
    81.360     0.006    -0.082    -0.005
    81.370     0.009    -0.079     0.002
    81.380     0.012    -0.077     0.007
    81.390     0.012    -0.074     0.012
    81.400     0.009    -0.067     0.019
    81.410     0.007    -0.059     0.021
    81.420     0.003    -0.048     0.026
    81.430    -0.004    -0.037     0.035
    81.440    -0.008    -0.031     0.036
    81.450    -0.008    -0.022     0.036
    81.460    -0.012    -0.016     0.034
    81.470    -0.016    -0.013     0.030
    81.480    -0.015    -0.013     0.026
    81.490    -0.010    -0.009     0.013
    81.500    -0.008     0.001     0.004
    81.510    -0.009     0.006    -0.006
    81.520    -0.005     0.012    -0.007
    81.530     0.002     0.018     0.002
    81.540     0.015     0.026     0.005
    81.550     0.026     0.041     0.009
    81.560     0.036     0.049     0.013
    81.570     0.043     0.051     0.022
    81.580     0.051     0.054     0.031
    81.590     0.059     0.054     0.036
    81.600     0.060     0.048     0.045
    81.610     0.060     0.037     0.054
    81.620     0.049     0.019     0.060
    81.630     0.034     0.002     0.064
    81.640     0.021    -0.014     0.062
    81.650     0.010    -0.030     0.050
    81.660    -0.003    -0.041     0.046
    81.670    -0.016    -0.052     0.044
    81.680    -0.022    -0.062     0.041
    81.690    -0.028    -0.065     0.039
    81.700    -0.037    -0.072     0.035
    81.710    -0.044    -0.072     0.029
    81.720    -0.048    -0.067     0.019
    81.730    -0.049    -0.063     0.007
    81.740    -0.045    -0.058    -0.007
    81.750    -0.033    -0.049    -0.018
    81.760    -0.022    -0.034    -0.022
    81.770    -0.011    -0.023    -0.025
    81.780     0.001    -0.023    -0.023
    81.790     0.008    -0.026    -0.018
    81.800     0.012    -0.036    -0.009
    81.810     0.018    -0.045     0.000
    81.820     0.024    -0.049     0.010
    81.830     0.023    -0.053     0.023
    81.840     0.024    -0.058     0.028
    81.850     0.025    -0.060     0.027
    81.860     0.022    -0.059     0.023
    81.870     0.018    -0.052     0.014
    81.880     0.017    -0.046     0.002
    81.890     0.016    -0.041    -0.009
    81.900     0.012    -0.032    -0.021
    81.910     0.008    -0.023    -0.038
    81.920     0.000    -0.012    -0.054
    81.930    -0.008    -0.001    -0.069
    81.940    -0.014     0.013    -0.085
    81.950    -0.017     0.026    -0.096
    81.960    -0.016     0.037    -0.099
    81.970    -0.016     0.048    -0.098
    81.980    -0.012     0.058    -0.100
    81.990    -0.010     0.068    -0.096
    82.000    -0.008     0.078    -0.090
    82.010    -0.004     0.082    -0.085
    82.020    -0.006     0.085    -0.077
    82.030    -0.007     0.084    -0.071
    82.040    -0.003     0.083    -0.067
    82.050    -0.003     0.083    -0.068
    82.060    -0.005     0.080    -0.064
    82.070    -0.009     0.080    -0.061
    82.080    -0.013     0.080    -0.062
    82.090    -0.018     0.085    -0.060
    82.100    -0.027     0.090    -0.060
    82.110    -0.037     0.091    -0.055
    82.120    -0.047     0.091    -0.049
    82.130    -0.053     0.088    -0.043
    82.140    -0.050     0.084    -0.040
    82.150    -0.043     0.081    -0.039
    82.160    -0.033     0.072    -0.032
    82.170    -0.022     0.059    -0.029
    82.180    -0.015     0.045    -0.022
    82.190    -0.004     0.030    -0.003
    82.200     0.011     0.018     0.015
    82.210     0.026    -0.002     0.026
    82.220     0.035    -0.022     0.036
    82.230     0.039    -0.040     0.047
    82.240     0.042    -0.059     0.053
    82.250     0.038    -0.069     0.059
    82.260     0.027    -0.078     0.064
    82.270     0.019    -0.082     0.067
    82.280     0.015    -0.079     0.071
    82.290     0.009    -0.076     0.070
    82.300     0.003    -0.073     0.070
    82.310     0.002    -0.074     0.067
    82.320     0.001    -0.079     0.062
    82.330     0.001    -0.087     0.061
    82.340     0.004    -0.091     0.061
    82.350     0.009    -0.097     0.068
    82.360     0.014    -0.102     0.077
    82.370     0.017    -0.106     0.088
    82.380     0.017    -0.107     0.099
    82.390     0.017    -0.106     0.105
    82.400     0.016    -0.109     0.113
    82.410     0.016    -0.106     0.116
    82.420     0.014    -0.099     0.114
    82.430     0.010    -0.084     0.112
    82.440     0.010    -0.066     0.101
    82.450     0.006    -0.042     0.088
    82.460     0.001    -0.013     0.076
    82.470    -0.001     0.009     0.058
    82.480    -0.004     0.028     0.039
    82.490    -0.009     0.049     0.019
    82.500    -0.013     0.066     0.002
    82.510    -0.018     0.084    -0.012
    82.520    -0.020     0.102    -0.025
    82.530    -0.020     0.112    -0.033
    82.540    -0.023     0.123    -0.039
    82.550    -0.022     0.134    -0.047
    82.560    -0.025     0.141    -0.054
    82.570    -0.029     0.146    -0.066
    82.580    -0.025     0.147    -0.080
    82.590    -0.025     0.149    -0.085
    82.600    -0.027     0.148    -0.090
    82.610    -0.033     0.141    -0.093
    82.620    -0.040     0.131    -0.092
    82.630    -0.044     0.118    -0.091
    82.640    -0.044     0.106    -0.096
    82.650    -0.040     0.098    -0.107
    82.660    -0.044     0.087    -0.112
    82.670    -0.045     0.074    -0.114
    82.680    -0.036     0.069    -0.116
    82.690    -0.027     0.058    -0.115
    82.700    -0.020     0.047    -0.113
    82.710    -0.012     0.036    -0.108
    82.720    -0.001     0.026    -0.097
    82.730     0.007     0.016    -0.085
    82.740     0.017    -0.001    -0.072
    82.750     0.027    -0.018    -0.058
    82.760     0.034    -0.041    -0.041
    82.770     0.036    -0.063    -0.025
    82.780     0.035    -0.081    -0.012
    82.790     0.030    -0.098     0.000
    82.800     0.026    -0.116     0.015
    82.810     0.026    -0.132     0.025
    82.820     0.025    -0.141     0.032
    82.830     0.023    -0.150     0.043
    82.840     0.025    -0.160     0.053
    82.850     0.031    -0.168     0.064
    82.860     0.026    -0.172     0.077
    82.870     0.017    -0.178     0.082
    82.880     0.012    -0.180     0.086
    82.890     0.008    -0.171     0.091
    82.900     0.002    -0.165     0.094
    82.910    -0.002    -0.158     0.097
    82.920    -0.009    -0.147     0.096
    82.930    -0.020    -0.137     0.095
    82.940    -0.032    -0.120     0.090
    82.950    -0.039    -0.108     0.081
    82.960    -0.040    -0.094     0.069
    82.970    -0.041    -0.082     0.057
    82.980    -0.038    -0.070     0.043
    82.990    -0.036    -0.057     0.032
    83.000    -0.030    -0.042     0.023
    83.010    -0.013    -0.021     0.008
    83.020    -0.003     0.001    -0.001
    83.030     0.008     0.028    -0.010
    83.040     0.019     0.057    -0.021
    83.050     0.026     0.086    -0.029
    83.060     0.034     0.118    -0.034
    83.070     0.037     0.144    -0.037
    83.080     0.044     0.168    -0.037
    83.090     0.042     0.189    -0.031
    83.100     0.037     0.199    -0.026
    83.110     0.035     0.207    -0.020
    83.120     0.032     0.206    -0.013
    83.130     0.033     0.202    -0.008
    83.140     0.032     0.194     0.001
    83.150     0.033     0.184     0.010
    83.160     0.030     0.171     0.021
    83.170     0.027     0.162     0.028
    83.180     0.025     0.153     0.029
    83.190     0.019     0.140     0.031
    83.200     0.021     0.129     0.033
    83.210     0.021     0.118     0.027
    83.220     0.015     0.107     0.016
    83.230     0.007     0.093     0.015
    83.240     0.007     0.082     0.016
    83.250     0.012     0.076     0.016
    83.260     0.011     0.063     0.025
    83.270     0.010     0.043     0.025
    83.280     0.006     0.020     0.027
    83.290     0.002    -0.001     0.031
    83.300     0.000    -0.022     0.031
    83.310    -0.002    -0.049     0.036
    83.320    -0.002    -0.073     0.036
    83.330    -0.003    -0.097     0.032
    83.340    -0.003    -0.116     0.032
    83.350    -0.006    -0.131     0.028
    83.360    -0.006    -0.144     0.024
    83.370     0.000    -0.152     0.018
    83.380     0.004    -0.160     0.010
    83.390     0.004    -0.168     0.006
    83.400     0.003    -0.176     0.000
    83.410     0.000    -0.181    -0.015
    83.420    -0.010    -0.182    -0.026
    83.430    -0.027    -0.185    -0.040
    83.440    -0.043    -0.184    -0.060
    83.450    -0.054    -0.179    -0.079
    83.460    -0.066    -0.171    -0.095
    83.470    -0.073    -0.163    -0.108
    83.480    -0.074    -0.149    -0.120
    83.490    -0.074    -0.129    -0.123
    83.500    -0.070    -0.112    -0.117
    83.510    -0.064    -0.094    -0.115
    83.520    -0.056    -0.079    -0.111
    83.530    -0.049    -0.069    -0.106
    83.540    -0.045    -0.059    -0.101
    83.550    -0.040    -0.047    -0.093
    83.560    -0.033    -0.031    -0.087
    83.570    -0.024    -0.015    -0.081
    83.580    -0.015     0.002    -0.076
    83.590    -0.009     0.016    -0.070
    83.600    -0.007     0.027    -0.066
    83.610    -0.004     0.046    -0.062
    83.620    -0.001     0.062    -0.060
    83.630     0.001     0.076    -0.056
    83.640     0.005     0.090    -0.053
    83.650     0.008     0.101    -0.048
    83.660     0.004     0.114    -0.032
    83.670     0.006     0.123    -0.020
    83.680     0.011     0.127    -0.008
    83.690     0.017     0.128     0.007
    83.700     0.025     0.129     0.019
    83.710     0.028     0.134     0.034
    83.720     0.035     0.136     0.050
    83.730     0.039     0.134     0.070
    83.740     0.043     0.133     0.086
    83.750     0.051     0.130     0.097
    83.760     0.057     0.125     0.103
    83.770     0.065     0.115     0.102
    83.780     0.068     0.102     0.106
    83.790     0.069     0.088     0.109
    83.800     0.067     0.069     0.111
    83.810     0.060     0.052     0.112
    83.820     0.049     0.037     0.111
    83.830     0.033     0.018     0.115
    83.840     0.024     0.000     0.113
    83.850     0.020    -0.012     0.112
    83.860     0.015    -0.021     0.115
    83.870     0.008    -0.030     0.114
    83.880     0.002    -0.039     0.120
    83.890    -0.005    -0.049     0.122
    83.900    -0.014    -0.060     0.123
    83.910    -0.013    -0.065     0.117
    83.920    -0.014    -0.066     0.105
    83.930    -0.016    -0.066     0.095
    83.940    -0.009    -0.063     0.077
    83.950    -0.003    -0.059     0.066
    83.960     0.006    -0.051     0.054
    83.970     0.016    -0.042     0.035
    83.980     0.026    -0.034     0.014
    83.990     0.032    -0.028    -0.005
    84.000     0.035    -0.023    -0.018
    84.010     0.041    -0.014    -0.034
    84.020     0.041    -0.007    -0.044
    84.030     0.040    -0.004    -0.050
    84.040     0.037    -0.003    -0.060
    84.050     0.028    -0.006    -0.069
    84.060     0.016    -0.006    -0.078
    84.070     0.001    -0.007    -0.083
    84.080    -0.010    -0.004    -0.089
    84.090    -0.023     0.001    -0.094
    84.100    -0.039     0.003    -0.096
    84.110    -0.048     0.011    -0.102
    84.120    -0.053     0.019    -0.100
    84.130    -0.057     0.029    -0.095
    84.140    -0.056     0.035    -0.091
    84.150    -0.050     0.035    -0.085
    84.160    -0.044     0.036    -0.078
    84.170    -0.034     0.027    -0.077
    84.180    -0.028     0.019    -0.077
    84.190    -0.028     0.011    -0.073
    84.200    -0.029     0.002    -0.068
    84.210    -0.033     0.001    -0.062
    84.220    -0.035    -0.004    -0.050
    84.230    -0.037    -0.018    -0.040
    84.240    -0.034    -0.029    -0.036
    84.250    -0.026    -0.031    -0.030
    84.260    -0.023    -0.032    -0.022
    84.270    -0.020    -0.033    -0.013
    84.280    -0.012    -0.029    -0.005
    84.290    -0.010    -0.024    -0.004
    84.300    -0.007    -0.022    -0.004
    84.310     0.000    -0.022    -0.005
    84.320     0.002    -0.019    -0.008
    84.330     0.001    -0.016    -0.005
    84.340     0.001    -0.012    -0.003
    84.350     0.001    -0.006     0.002
    84.360    -0.001     0.001     0.006
    84.370    -0.003     0.007     0.007
    84.380    -0.003     0.016     0.015
    84.390    -0.004     0.021     0.024
    84.400    -0.001     0.026     0.035
    84.410     0.005     0.026     0.044
    84.420     0.014     0.018     0.056
    84.430     0.023     0.004     0.068
    84.440     0.033    -0.012     0.071
    84.450     0.041    -0.017     0.073
    84.460     0.045    -0.016     0.071
    84.470     0.049    -0.016     0.065
    84.480     0.051    -0.014     0.051
    84.490     0.041    -0.012     0.035
    84.500     0.030    -0.014     0.020
    84.510     0.022    -0.008     0.004
    84.520     0.016     0.003    -0.008
    84.530     0.009     0.015    -0.016
    84.540     0.007     0.024    -0.028
    84.550     0.006     0.029    -0.036
    84.560     0.001     0.033    -0.040
    84.570    -0.003     0.036    -0.040
    84.580    -0.010     0.042    -0.037
    84.590    -0.016     0.045    -0.031
    84.600    -0.016     0.044    -0.026
    84.610    -0.016     0.045    -0.026
    84.620    -0.016     0.039    -0.021
    84.630    -0.014     0.031    -0.012
    84.640    -0.009     0.026    -0.001
    84.650    -0.004     0.026     0.014
    84.660    -0.004     0.024     0.026
    84.670    -0.003     0.017     0.032
    84.680    -0.001     0.013     0.031
    84.690    -0.003     0.004     0.027
    84.700    -0.004    -0.009     0.020
    84.710    -0.006    -0.021     0.013
    84.720    -0.011    -0.029     0.010
    84.730    -0.016    -0.037     0.007
    84.740    -0.021    -0.042     0.006
    84.750    -0.021    -0.049     0.006
    84.760    -0.017    -0.051     0.006
    84.770    -0.010    -0.051     0.005
    84.780    -0.004    -0.049    -0.001
    84.790    -0.003    -0.051    -0.008
    84.800    -0.001    -0.054    -0.010
    84.810     0.004    -0.051    -0.011
    84.820     0.004    -0.046    -0.002
    84.830     0.000    -0.040     0.012
    84.840     0.004    -0.036     0.025
    84.850     0.009    -0.031     0.041
    84.860     0.010    -0.026     0.057
    84.870     0.012    -0.020     0.064
    84.880     0.008    -0.011     0.065
    84.890     0.002    -0.002     0.069
    84.900     0.000     0.009     0.072
    84.910     0.001     0.022     0.074
    84.920     0.003     0.035     0.076
    84.930     0.002     0.043     0.070
    84.940     0.003     0.048     0.055
    84.950     0.005     0.055     0.040
    84.960     0.007     0.059     0.025
    84.970     0.015     0.066     0.005
    84.980     0.017     0.073    -0.016
    84.990     0.014     0.075    -0.028
    85.000     0.011     0.078    -0.038
    85.010     0.011     0.082    -0.048
    85.020     0.011     0.087    -0.051
    85.030     0.012     0.091    -0.057
    85.040     0.019     0.095    -0.062
    85.050     0.022     0.099    -0.062
    85.060     0.018     0.099    -0.059
    85.070     0.015     0.091    -0.052
    85.080     0.014     0.081    -0.049
    85.090     0.015     0.068    -0.042
    85.100     0.019     0.051    -0.038
    85.110     0.020     0.034    -0.039
    85.120     0.020     0.018    -0.039
    85.130     0.019     0.004    -0.040
    85.140     0.014    -0.003    -0.039
    85.150     0.010    -0.005    -0.034
    85.160     0.003    -0.007    -0.023
    85.170    -0.009    -0.008    -0.019
    85.180    -0.020    -0.005    -0.020
    85.190    -0.031    -0.003    -0.019
    85.200    -0.037    -0.005    -0.020
    85.210    -0.041    -0.006    -0.017
    85.220    -0.044    -0.012    -0.018
    85.230    -0.044    -0.024    -0.022
    85.240    -0.046    -0.037    -0.026
    85.250    -0.050    -0.051    -0.031
    85.260    -0.059    -0.064    -0.029
    85.270    -0.064    -0.075    -0.027
    85.280    -0.061    -0.088    -0.024
    85.290    -0.058    -0.098    -0.018
    85.300    -0.052    -0.100    -0.010
    85.310    -0.037    -0.097     0.008
    85.320    -0.019    -0.091     0.028
    85.330    -0.002    -0.081     0.048
    85.340     0.018    -0.070     0.053
    85.350     0.034    -0.055     0.054
    85.360     0.045    -0.040     0.061
    85.370     0.054    -0.032     0.058
    85.380     0.059    -0.033     0.056
    85.390     0.063    -0.037     0.055
    85.400     0.068    -0.032     0.056
    85.410     0.075    -0.022     0.062
    85.420     0.071    -0.019     0.061
    85.430     0.059    -0.023     0.061
    85.440     0.050    -0.027     0.057
    85.450     0.038    -0.027     0.057
    85.460     0.030    -0.018     0.064
    85.470     0.030    -0.006     0.061
    85.480     0.028     0.006     0.053
    85.490     0.017     0.016     0.046
    85.500     0.004     0.029     0.040
    85.510    -0.004     0.044     0.032
    85.520    -0.011     0.052     0.022
    85.530    -0.019     0.049     0.007
    85.540    -0.023     0.042    -0.006
    85.550    -0.026     0.038    -0.013
    85.560    -0.030     0.034    -0.019
    85.570    -0.027     0.037    -0.026
    85.580    -0.023     0.034    -0.035
    85.590    -0.025     0.022    -0.039
    85.600    -0.019     0.013    -0.044
    85.610    -0.011     0.002    -0.051
    85.620    -0.002    -0.002    -0.047
    85.630     0.007    -0.007    -0.047
    85.640     0.011    -0.012    -0.043
    85.650     0.011    -0.014    -0.033
    85.660     0.004    -0.019    -0.027
    85.670    -0.001    -0.018    -0.021
    85.680    -0.004    -0.016    -0.018
    85.690    -0.008    -0.016    -0.008
    85.700    -0.007    -0.011     0.007
    85.710    -0.002    -0.002     0.020
    85.720     0.000     0.012     0.031
    85.730     0.000     0.023     0.038
    85.740     0.001     0.022     0.040
    85.750    -0.003     0.017     0.041
    85.760    -0.009     0.015     0.040
    85.770    -0.008     0.012     0.033
    85.780    -0.007     0.014     0.026
    85.790    -0.007     0.013     0.016
    85.800    -0.007     0.005     0.004
    85.810    -0.009    -0.005    -0.003
    85.820    -0.010    -0.013    -0.016
    85.830    -0.010    -0.018    -0.021
    85.840    -0.006    -0.016    -0.023
    85.850    -0.007    -0.011    -0.026
    85.860    -0.012    -0.008    -0.022
    85.870    -0.008    -0.004    -0.026
    85.880    -0.002    -0.004    -0.028
    85.890     0.004    -0.004    -0.026
    85.900     0.010    -0.004    -0.023
    85.910     0.014    -0.007    -0.017
    85.920     0.019    -0.006    -0.018
    85.930     0.018    -0.001    -0.016
    85.940     0.021     0.011    -0.012
    85.950     0.022     0.024    -0.008
    85.960     0.020     0.033     0.001
    85.970     0.019     0.040     0.003
    85.980     0.009     0.047     0.006
    85.990     0.001     0.054     0.002
    86.000     0.000     0.061    -0.004
    86.010    -0.003     0.068    -0.009
    86.020    -0.004     0.074    -0.014
    86.030    -0.006     0.080    -0.014
    86.040    -0.008     0.086    -0.019
    86.050    -0.007     0.092    -0.018
    86.060    -0.007     0.093    -0.016
    86.070    -0.007     0.086    -0.018
    86.080    -0.009     0.079    -0.020
    86.090    -0.015     0.069    -0.029
    86.100    -0.022     0.060    -0.035
    86.110    -0.023     0.049    -0.043
    86.120    -0.025     0.035    -0.046
    86.130    -0.022     0.022    -0.043
    86.140    -0.011     0.007    -0.050
    86.150     0.002    -0.008    -0.052
    86.160     0.016    -0.019    -0.053
    86.170     0.029    -0.034    -0.059
    86.180     0.034    -0.048    -0.055
    86.190     0.035    -0.058    -0.046
    86.200     0.038    -0.068    -0.039
    86.210     0.036    -0.072    -0.028
    86.220     0.029    -0.078    -0.019
    86.230     0.019    -0.090    -0.010
    86.240     0.009    -0.100     0.000
    86.250    -0.002    -0.112     0.007
    86.260    -0.011    -0.122     0.016
    86.270    -0.011    -0.125     0.021
    86.280    -0.011    -0.124     0.027
    86.290    -0.011    -0.119     0.033
    86.300    -0.010    -0.116     0.033
    86.310    -0.004    -0.108     0.032
    86.320     0.002    -0.099     0.033
    86.330     0.005    -0.086     0.033
    86.340     0.002    -0.068     0.033
    86.350    -0.003    -0.055     0.037
    86.360    -0.008    -0.039     0.036
    86.370    -0.013    -0.024     0.033
    86.380    -0.019    -0.014     0.032
    86.390    -0.026    -0.003     0.031
    86.400    -0.032     0.003     0.035
    86.410    -0.034     0.009     0.034
    86.420    -0.042     0.013     0.038
    86.430    -0.046     0.011     0.042
    86.440    -0.042     0.013     0.038
    86.450    -0.033     0.018     0.043
    86.460    -0.023     0.027     0.048
    86.470    -0.013     0.037     0.049
    86.480    -0.003     0.049     0.055
    86.490     0.008     0.061     0.056
    86.500     0.017     0.068     0.051
    86.510     0.024     0.074     0.042
    86.520     0.022     0.080     0.039
    86.530     0.019     0.083     0.038
    86.540     0.024     0.080     0.032
    86.550     0.027     0.070     0.028
    86.560     0.034     0.060     0.016
    86.570     0.035     0.055     0.000
    86.580     0.039     0.055    -0.012
    86.590     0.045     0.059    -0.022
    86.600     0.050     0.065    -0.029
    86.610     0.059     0.074    -0.038
    86.620     0.057     0.081    -0.037
    86.630     0.056     0.085    -0.038
    86.640     0.053     0.087    -0.042
    86.650     0.042     0.085    -0.040
    86.660     0.029     0.076    -0.039
    86.670     0.015     0.066    -0.037
    86.680     0.005     0.057    -0.031
    86.690    -0.005     0.045    -0.024
    86.700    -0.011     0.029    -0.017
    86.710    -0.013     0.020    -0.012
    86.720    -0.014     0.010    -0.003
    86.730    -0.017    -0.004     0.001
    86.740    -0.021    -0.018    -0.003
    86.750    -0.022    -0.033     0.001
    86.760    -0.026    -0.046     0.000
    86.770    -0.026    -0.055    -0.001
    86.780    -0.027    -0.057     0.004
    86.790    -0.032    -0.056     0.006
    86.800    -0.033    -0.058     0.007
    86.810    -0.032    -0.056     0.010
    86.820    -0.033    -0.055     0.014
    86.830    -0.028    -0.055     0.016
    86.840    -0.018    -0.055     0.013
    86.850    -0.011    -0.059     0.016
    86.860    -0.004    -0.060     0.019
    86.870     0.006    -0.059     0.016
    86.880     0.013    -0.054     0.018
    86.890     0.013    -0.049     0.018
    86.900     0.013    -0.050     0.012
    86.910     0.015    -0.048     0.006
    86.920     0.015    -0.045    -0.003
    86.930     0.017    -0.038    -0.009
    86.940     0.019    -0.032    -0.015
    86.950     0.019    -0.030    -0.017
    86.960     0.015    -0.027    -0.013
    86.970     0.013    -0.029    -0.019
    86.980     0.009    -0.028    -0.022
    86.990     0.003    -0.027    -0.022
    87.000     0.009    -0.020    -0.023
    87.010     0.012    -0.007    -0.022
    87.020     0.011     0.000    -0.020
    87.030     0.010     0.012    -0.014
    87.040     0.007     0.028    -0.012
    87.050     0.005     0.049    -0.010
    87.060    -0.002     0.063    -0.007
    87.070    -0.007     0.070    -0.005
    87.080    -0.008     0.083    -0.003
    87.090    -0.010     0.090    -0.002
    87.100    -0.007     0.091    -0.005
    87.110     0.000     0.088    -0.014
    87.120     0.001     0.086    -0.015
    87.130    -0.003     0.087    -0.016
    87.140    -0.011     0.084    -0.019
    87.150    -0.013     0.082    -0.016
    87.160    -0.015     0.072    -0.018
    87.170    -0.014     0.060    -0.022
    87.180    -0.010     0.051    -0.028
    87.190    -0.004     0.038    -0.034
    87.200     0.000     0.030    -0.037
    87.210    -0.004     0.027    -0.040
    87.220    -0.010     0.026    -0.034
    87.230    -0.016     0.025    -0.031
    87.240    -0.013     0.026    -0.035
    87.250    -0.009     0.032    -0.030
    87.260    -0.011     0.036    -0.030
    87.270    -0.006     0.037    -0.031
    87.280     0.002     0.036    -0.026
    87.290     0.007     0.034    -0.027
    87.300     0.010     0.030    -0.026
    87.310     0.008     0.026    -0.026
    87.320     0.006     0.018    -0.024
    87.330    -0.001     0.003    -0.019
    87.340    -0.003    -0.015    -0.016
    87.350    -0.001    -0.034    -0.006
    87.360     0.001    -0.052     0.000
    87.370     0.010    -0.068    -0.004
    87.380     0.009    -0.087    -0.001
    87.390     0.000    -0.100     0.007
    87.400    -0.007    -0.110     0.014
    87.410    -0.020    -0.116     0.024
    87.420    -0.033    -0.119     0.035
    87.430    -0.040    -0.124     0.046
    87.440    -0.041    -0.122     0.049
    87.450    -0.039    -0.124     0.048
    87.460    -0.038    -0.127     0.049
    87.470    -0.031    -0.125     0.047
    87.480    -0.022    -0.122     0.046
    87.490    -0.014    -0.112     0.048
    87.500    -0.005    -0.105     0.050
    87.510     0.003    -0.096     0.053
    87.520     0.012    -0.085     0.052
    87.530     0.021    -0.082     0.049
    87.540     0.026    -0.070     0.046
    87.550     0.032    -0.050     0.044
    87.560     0.031    -0.032     0.045
    87.570     0.026    -0.015     0.045
    87.580     0.022    -0.001     0.049
    87.590     0.018     0.009     0.058
    87.600     0.025     0.022     0.062
    87.610     0.038     0.034     0.065
    87.620     0.046     0.042     0.065
    87.630     0.056     0.049     0.058
    87.640     0.060     0.056     0.056
    87.650     0.061     0.064     0.052
    87.660     0.060     0.071     0.045
    87.670     0.058     0.078     0.034
    87.680     0.055     0.083     0.020
    87.690     0.044     0.087     0.018
    87.700     0.035     0.084     0.012
    87.710     0.030     0.081     0.003
    87.720     0.023     0.077    -0.002
    87.730     0.016     0.072    -0.015
    87.740     0.007     0.072    -0.025
    87.750    -0.003     0.071    -0.031
    87.760    -0.015     0.069    -0.038
    87.770    -0.023     0.067    -0.048
    87.780    -0.032     0.063    -0.054
    87.790    -0.039     0.059    -0.058
    87.800    -0.043     0.055    -0.067
    87.810    -0.044     0.049    -0.072
    87.820    -0.045     0.042    -0.075
    87.830    -0.048     0.036    -0.076
    87.840    -0.049     0.026    -0.073
    87.850    -0.054     0.018    -0.072
    87.860    -0.054     0.009    -0.068
    87.870    -0.048     0.000    -0.068
    87.880    -0.043    -0.008    -0.067
    87.890    -0.036    -0.022    -0.062
    87.900    -0.032    -0.033    -0.059
    87.910    -0.025    -0.041    -0.053
    87.920    -0.020    -0.042    -0.049
    87.930    -0.017    -0.044    -0.039
    87.940    -0.009    -0.043    -0.031
    87.950    -0.002    -0.040    -0.022
    87.960     0.005    -0.037    -0.011
    87.970     0.011    -0.028    -0.013
    87.980     0.009    -0.022    -0.013
    87.990     0.005    -0.020    -0.014
    88.000     0.002    -0.018    -0.017
    88.010     0.002    -0.011    -0.015
    88.020    -0.001     0.003    -0.019
    88.030    -0.004     0.010    -0.019
    88.040     0.001     0.012    -0.021
    88.050     0.004     0.017    -0.026
    88.060     0.011     0.017    -0.023
    88.070     0.023     0.022    -0.021
    88.080     0.030     0.029    -0.018
    88.090     0.033     0.039    -0.010
    88.100     0.031     0.050     0.001
    88.110     0.028     0.050     0.010
    88.120     0.021     0.051     0.014
    88.130     0.013     0.044     0.015
    88.140     0.010     0.036     0.016
    88.150     0.007     0.035     0.020
    88.160     0.005     0.026     0.022
    88.170     0.001     0.024     0.022
    88.180    -0.009     0.018     0.020
    88.190    -0.016     0.014     0.024
    88.200    -0.018     0.019     0.028
    88.210    -0.015     0.018     0.025
    88.220    -0.016     0.021     0.033
    88.230    -0.020     0.020     0.035
    88.240    -0.016     0.019     0.035
    88.250    -0.015     0.018     0.037
    88.260    -0.014     0.010     0.027
    88.270    -0.008     0.000     0.019
    88.280    -0.009    -0.010     0.009
    88.290    -0.008    -0.021     0.003
    88.300    -0.006    -0.029    -0.002
    88.310    -0.003    -0.036    -0.009
    88.320     0.003    -0.043    -0.009
    88.330     0.007    -0.047    -0.012
    88.340     0.011    -0.048    -0.008
    88.350     0.007    -0.047     0.004
    88.360     0.003    -0.049     0.015
    88.370     0.005    -0.052     0.028
    88.380     0.004    -0.057     0.039
    88.390     0.004    -0.068     0.048
    88.400     0.006    -0.077     0.052
    88.410     0.008    -0.078     0.052
    88.420     0.008    -0.076     0.057
    88.430     0.002    -0.073     0.059
    88.440     0.000    -0.068     0.064
    88.450    -0.006    -0.060     0.064
    88.460    -0.011    -0.049     0.064
    88.470    -0.010    -0.040     0.063
    88.480    -0.010    -0.030     0.055
    88.490    -0.001    -0.015     0.055
    88.500     0.010    -0.001     0.050
    88.510     0.017     0.019     0.048
    88.520     0.025     0.040     0.046
    88.530     0.031     0.049     0.034
    88.540     0.039     0.063     0.031
    88.550     0.043     0.071     0.026
    88.560     0.043     0.078     0.018
    88.570     0.045     0.081     0.011
    88.580     0.042     0.076     0.002
    88.590     0.036     0.074     0.001
    88.600     0.029     0.068    -0.006
    88.610     0.018     0.060    -0.011
    88.620     0.005     0.053    -0.008
    88.630     0.001     0.049    -0.013
    88.640     0.000     0.048    -0.012
    88.650     0.000     0.045    -0.015
    88.660     0.001     0.036    -0.023
    88.670     0.002     0.027    -0.028
    88.680     0.005     0.028    -0.037
    88.690    -0.002     0.025    -0.045
    88.700    -0.007     0.020    -0.058
    88.710    -0.013     0.016    -0.073
    88.720    -0.025     0.003    -0.076
    88.730    -0.030    -0.003    -0.084
    88.740    -0.035    -0.014    -0.092
    88.750    -0.041    -0.022    -0.102
    88.760    -0.046    -0.030    -0.111
    88.770    -0.051    -0.032    -0.112
    88.780    -0.052    -0.029    -0.109
    88.790    -0.054    -0.032    -0.099
    88.800    -0.048    -0.036    -0.090
    88.810    -0.039    -0.041    -0.081
    88.820    -0.033    -0.050    -0.067
    88.830    -0.025    -0.056    -0.058
    88.840    -0.017    -0.062    -0.051
    88.850    -0.008    -0.061    -0.044
    88.860    -0.002    -0.064    -0.038
    88.870     0.003    -0.069    -0.030
    88.880     0.008    -0.071    -0.024
    88.890     0.008    -0.076    -0.021
    88.900     0.009    -0.076    -0.020
    88.910     0.013    -0.076    -0.022
    88.920     0.012    -0.071    -0.021
    88.930     0.011    -0.064    -0.019
    88.940     0.008    -0.059    -0.020
    88.950     0.000    -0.048    -0.014
    88.960    -0.006    -0.038    -0.008
    88.970    -0.006    -0.032    -0.001
    88.980    -0.006    -0.027     0.012
    88.990    -0.009    -0.024     0.020
    89.000    -0.010    -0.019     0.024
    89.010    -0.010    -0.015     0.024
    89.020    -0.011    -0.011     0.023
    89.030    -0.009    -0.004     0.023
    89.040    -0.003     0.002     0.021
    89.050    -0.002     0.013     0.022
    89.060     0.001     0.019     0.025
    89.070     0.011     0.028     0.028
    89.080     0.020     0.039     0.037
    89.090     0.028     0.048     0.049
    89.100     0.036     0.062     0.063
    89.110     0.041     0.076     0.079
    89.120     0.041     0.088     0.096
    89.130     0.041     0.095     0.103
    89.140     0.042     0.099     0.106
    89.150     0.042     0.101     0.105
    89.160     0.040     0.100     0.100
    89.170     0.039     0.101     0.094
    89.180     0.034     0.099     0.082
    89.190     0.024     0.094     0.075
    89.200     0.024     0.094     0.065
    89.210     0.025     0.095     0.055
    89.220     0.021     0.091     0.054
    89.230     0.019     0.085     0.048
    89.240     0.018     0.077     0.047
    89.250     0.017     0.066     0.042
    89.260     0.013     0.048     0.036
    89.270     0.012     0.032     0.036
    89.280     0.006     0.021     0.031
    89.290    -0.001     0.003     0.030
    89.300     0.001    -0.012     0.026
    89.310     0.003    -0.024     0.019
    89.320     0.002    -0.038     0.011
    89.330     0.001    -0.046    -0.003
    89.340    -0.001    -0.056    -0.007
    89.350     0.001    -0.066    -0.010
    89.360     0.001    -0.072    -0.014
    89.370    -0.001    -0.073    -0.017
    89.380    -0.005    -0.072    -0.022
    89.390    -0.013    -0.073    -0.019
    89.400    -0.015    -0.071    -0.021
    89.410    -0.026    -0.069    -0.031
    89.420    -0.038    -0.070    -0.031
    89.430    -0.044    -0.069    -0.034
    89.440    -0.051    -0.068    -0.036
    89.450    -0.060    -0.062    -0.038
    89.460    -0.067    -0.059    -0.041
    89.470    -0.066    -0.059    -0.044
    89.480    -0.063    -0.056    -0.048
    89.490    -0.056    -0.053    -0.047
    89.500    -0.046    -0.052    -0.046
    89.510    -0.037    -0.048    -0.039
    89.520    -0.030    -0.044    -0.033
    89.530    -0.023    -0.041    -0.028
    89.540    -0.015    -0.038    -0.019
    89.550    -0.010    -0.033    -0.018
    89.560    -0.002    -0.031    -0.019
    89.570     0.005    -0.022    -0.022
    89.580     0.006    -0.014    -0.030
    89.590     0.007    -0.012    -0.033
    89.600     0.012    -0.001    -0.046
    89.610     0.012     0.007    -0.052
    89.620     0.009     0.016    -0.054
    89.630     0.008     0.018    -0.061
    89.640     0.007     0.021    -0.061
    89.650     0.006     0.026    -0.063
    89.660     0.004     0.025    -0.060
    89.670     0.004     0.025    -0.061
    89.680     0.003     0.023    -0.061
    89.690    -0.002     0.019    -0.054
    89.700     0.001     0.017    -0.056
    89.710     0.003     0.022    -0.052
    89.720    -0.001     0.029    -0.049
    89.730    -0.004     0.035    -0.050
    89.740    -0.007     0.041    -0.040
    89.750    -0.009     0.043    -0.031
    89.760    -0.011     0.046    -0.021
    89.770    -0.011     0.052    -0.011
    89.780    -0.008     0.054    -0.006
    89.790    -0.003     0.057     0.010
    89.800     0.009     0.059     0.023
    89.810     0.016     0.058     0.033
    89.820     0.020     0.056     0.045
    89.830     0.024     0.055     0.055
    89.840     0.029     0.054     0.066
    89.850     0.032     0.057     0.071
    89.860     0.033     0.055     0.075
    89.870     0.036     0.051     0.070
    89.880     0.025     0.047     0.063
    89.890     0.019     0.042     0.059
    89.900     0.018     0.041     0.050
    89.910     0.017     0.037     0.046
    89.920     0.018     0.033     0.042
    89.930     0.016     0.025     0.040
    89.940     0.021     0.016     0.036
    89.950     0.018     0.006     0.036
    89.960     0.020    -0.003     0.036
    89.970     0.029    -0.005     0.036
    89.980     0.030    -0.010     0.039
    89.990     0.036    -0.017     0.041
