#Earthquake Information
#Origin Time(GMT+08): 2026/09/14-06:44:41
#EpicenterLongitude(E): 121.55
#EpicenterLatitude(N): 22.63
#Depth(km): 10.1
#Magnitude(Ml): 4.9

#Station Information
#StationCode: SHUL
#StationName: Shuilian
#StationLongitude(E): 121.563
#StationLatitude(N): 23.788
#InstrumentKind: FBA
#StartTime(GMT+08): 2026/09/14-06:44:30.000
#RecordLength(sec): 90
#SampleRate(Hz): 100
#AmplitudeUnit:  gal. DCoffset(corr)
#AmplitudeMAX. U:    0.410~   -0.461
#AmplitudeMAX. N:    0.663~   -0.685
#AmplitudeMAX. E:    0.775~   -0.735
#DataSequence: Time U(+); N(+); E(+)
#Data: 4F10.3 
     0.000     0.002    -0.001    -0.002
     0.010    -0.003    -0.003     0.000
     0.020    -0.003    -0.003    -0.002
     0.030     0.002    -0.002     0.000
     0.040     0.000    -0.004     0.001
     0.050     0.001    -0.002     0.000
     0.060     0.000     0.001    -0.002
     0.070    -0.006    -0.006     0.000
     0.080    -0.004    -0.004    -0.001
     0.090    -0.002    -0.002    -0.003
     0.100    -0.002    -0.006     0.000
     0.110     0.000    -0.002     0.001
     0.120    -0.001    -0.003    -0.002
     0.130    -0.001    -0.004    -0.001
     0.140    -0.001    -0.002     0.000
     0.150     0.000    -0.003    -0.002
     0.160     0.000    -0.002     0.001
     0.170     0.001    -0.003     0.003
     0.180     0.001    -0.001     0.000
     0.190    -0.002    -0.001     0.003
     0.200     0.001    -0.002     0.002
     0.210     0.000    -0.001    -0.003
     0.220    -0.001    -0.005     0.002
     0.230    -0.001    -0.002     0.002
     0.240    -0.001    -0.001    -0.004
     0.250     0.003    -0.003     0.001
     0.260     0.000    -0.001     0.001
     0.270    -0.002    -0.002    -0.002
     0.280    -0.002    -0.004     0.001
     0.290    -0.001    -0.004     0.001
     0.300     0.001    -0.003     0.002
     0.310     0.000    -0.002     0.002
     0.320    -0.003    -0.002    -0.003
     0.330    -0.003    -0.003    -0.003
     0.340    -0.003    -0.002    -0.001
     0.350    -0.005    -0.005    -0.001
     0.360    -0.002    -0.003    -0.001
     0.370    -0.002    -0.001     0.000
     0.380    -0.001    -0.002    -0.001
     0.390     0.001     0.001     0.000
     0.400    -0.001    -0.002     0.002
     0.410    -0.001    -0.003    -0.002
     0.420     0.000    -0.001     0.001
     0.430     0.001    -0.002     0.003
     0.440    -0.002    -0.002    -0.001
     0.450    -0.002    -0.002     0.000
     0.460    -0.001    -0.003    -0.001
     0.470    -0.002    -0.002    -0.001
     0.480    -0.002    -0.002     0.000
     0.490    -0.003    -0.005     0.000
     0.500    -0.003    -0.004     0.000
     0.510     0.000    -0.003     0.000
     0.520    -0.004    -0.006     0.000
     0.530    -0.004    -0.003     0.000
     0.540     0.000     0.000     0.000
     0.550    -0.001    -0.003     0.001
     0.560    -0.002    -0.002     0.003
     0.570    -0.001     0.000     0.000
     0.580    -0.001    -0.002     0.002
     0.590    -0.002    -0.001     0.001
     0.600    -0.002     0.000    -0.003
     0.610    -0.003    -0.002     0.000
     0.620    -0.001    -0.001     0.000
     0.630     0.000    -0.002     0.000
     0.640    -0.003    -0.004     0.002
     0.650    -0.003    -0.003    -0.002
     0.660    -0.001     0.000    -0.001
     0.670    -0.002     0.000     0.001
     0.680    -0.001    -0.002    -0.002
     0.690    -0.002    -0.002    -0.002
     0.700    -0.004    -0.003     0.000
     0.710    -0.004    -0.002    -0.003
     0.720    -0.004    -0.002    -0.006
     0.730    -0.002    -0.006    -0.003
     0.740    -0.003    -0.003     0.000
     0.750    -0.005    -0.001     0.000
     0.760    -0.002    -0.005     0.000
     0.770    -0.002    -0.002    -0.001
     0.780    -0.005     0.000    -0.004
     0.790    -0.003    -0.003    -0.003
     0.800    -0.004    -0.001    -0.001
     0.810    -0.004    -0.003    -0.003
     0.820     0.000    -0.003    -0.001
     0.830     0.000     0.000     0.002
     0.840    -0.001     0.000    -0.001
     0.850     0.000    -0.002    -0.002
     0.860     0.001    -0.003    -0.002
     0.870    -0.003    -0.002    -0.002
     0.880    -0.002    -0.002     0.000
     0.890     0.000    -0.002     0.001
     0.900    -0.001    -0.001     0.000
     0.910     0.000    -0.003     0.000
     0.920    -0.002    -0.001     0.000
     0.930    -0.001     0.000     0.000
     0.940    -0.001    -0.001     0.000
     0.950    -0.003     0.001     0.000
     0.960    -0.001     0.000    -0.001
     0.970    -0.001    -0.002    -0.001
     0.980     0.000    -0.002     0.000
     0.990     0.000     0.000    -0.001
     1.000     0.000    -0.002     0.000
     1.010     0.000    -0.004     0.001
     1.020    -0.002    -0.003    -0.002
     1.030    -0.004    -0.004    -0.001
     1.040    -0.002    -0.003     0.000
     1.050    -0.002    -0.001    -0.001
     1.060     0.000    -0.002     0.000
     1.070    -0.002    -0.001     0.002
     1.080    -0.002    -0.001    -0.001
     1.090    -0.001    -0.001     0.000
     1.100     0.000    -0.001     0.001
     1.110     0.000     0.000    -0.001
     1.120    -0.003    -0.001     0.001
     1.130     0.001    -0.003    -0.001
     1.140    -0.001    -0.003    -0.004
     1.150    -0.003    -0.003    -0.001
     1.160    -0.002    -0.002     0.000
     1.170    -0.002     0.000     0.001
     1.180     0.001    -0.002     0.000
     1.190    -0.004    -0.003     0.001
     1.200    -0.002    -0.001    -0.001
     1.210    -0.001    -0.002    -0.002
     1.220    -0.003     0.001     0.000
     1.230     0.000     0.001    -0.003
     1.240    -0.001    -0.002     0.000
     1.250    -0.002    -0.001     0.003
     1.260    -0.001     0.000     0.001
     1.270    -0.001    -0.001     0.000
     1.280    -0.001    -0.004     0.003
     1.290    -0.006    -0.003     0.000
     1.300    -0.005    -0.001    -0.001
     1.310     0.000    -0.002     0.003
     1.320     0.001     0.000     0.000
     1.330    -0.001    -0.002     0.001
     1.340    -0.004    -0.003     0.000
     1.350    -0.004    -0.001    -0.001
     1.360    -0.003    -0.003    -0.003
     1.370    -0.001    -0.003     0.002
     1.380     0.000     0.001     0.003
     1.390    -0.003     0.000    -0.001
     1.400    -0.001    -0.004     0.002
     1.410    -0.002    -0.001     0.000
     1.420    -0.005    -0.001    -0.001
     1.430    -0.002    -0.005     0.000
     1.440     0.000    -0.001     0.003
     1.450    -0.004     0.000     0.002
     1.460    -0.003    -0.003    -0.002
     1.470     0.001    -0.001     0.001
     1.480    -0.002     0.000     0.000
     1.490    -0.002    -0.002     0.002
     1.500     0.000    -0.001     0.000
     1.510    -0.003    -0.001    -0.002
     1.520    -0.002    -0.001     0.001
     1.530     0.001    -0.001     0.002
     1.540     0.000    -0.002     0.003
     1.550    -0.002    -0.003     0.000
     1.560     0.002    -0.002     0.001
     1.570    -0.004    -0.001     0.000
     1.580    -0.003    -0.002    -0.001
     1.590     0.002    -0.002     0.002
     1.600    -0.002    -0.002    -0.002
     1.610     0.000    -0.004    -0.001
     1.620    -0.002    -0.002     0.000
     1.630    -0.004    -0.001    -0.002
     1.640    -0.002    -0.001    -0.001
     1.650    -0.003    -0.001    -0.001
     1.660    -0.001     0.001     0.002
     1.670    -0.001     0.000     0.000
     1.680    -0.002    -0.003    -0.002
     1.690     0.000     0.000     0.001
     1.700    -0.001     0.001     0.000
     1.710     0.000    -0.001     0.001
     1.720     0.000     0.001     0.001
     1.730    -0.001     0.001    -0.001
     1.740     0.001    -0.001     0.000
     1.750    -0.002     0.000    -0.002
     1.760    -0.003    -0.001    -0.001
     1.770    -0.002    -0.003     0.000
     1.780    -0.002     0.001     0.000
     1.790     0.000     0.000     0.001
     1.800    -0.001    -0.001     0.003
     1.810     0.000     0.002     0.001
     1.820    -0.001    -0.004    -0.003
     1.830    -0.002    -0.003    -0.001
     1.840    -0.002    -0.001    -0.001
     1.850    -0.002    -0.002    -0.001
     1.860     0.000    -0.001     0.002
     1.870    -0.001    -0.002     0.000
     1.880     0.000     0.002     0.000
     1.890     0.001    -0.001    -0.001
     1.900    -0.002    -0.002    -0.001
     1.910    -0.001    -0.002     0.000
     1.920     0.001    -0.004     0.000
     1.930     0.000     0.000     0.000
     1.940    -0.002     0.001    -0.002
     1.950     0.000     0.000     0.001
     1.960     0.001     0.000    -0.002
     1.970    -0.001     0.001    -0.001
     1.980     0.003     0.001     0.001
     1.990     0.000     0.000     0.000
     2.000    -0.001     0.001    -0.004
     2.010     0.002    -0.002    -0.003
     2.020     0.002    -0.001     0.002
     2.030     0.001     0.000    -0.001
     2.040     0.001     0.000     0.002
     2.050     0.001     0.002     0.002
     2.060     0.001     0.001    -0.003
     2.070     0.001    -0.001     0.000
     2.080     0.005    -0.002    -0.001
     2.090     0.004     0.000     0.000
     2.100    -0.001    -0.001    -0.001
     2.110     0.002     0.000    -0.002
     2.120     0.002     0.003    -0.001
     2.130     0.004     0.002    -0.002
     2.140     0.003     0.000     0.002
     2.150     0.002    -0.002     0.001
     2.160     0.002     0.001    -0.001
     2.170     0.002     0.000     0.001
     2.180     0.006     0.002     0.000
     2.190     0.002     0.005     0.001
     2.200     0.003    -0.001     0.003
     2.210     0.004     0.002     0.003
     2.220     0.002     0.003    -0.001
     2.230     0.003     0.001    -0.002
     2.240     0.002     0.004     0.003
     2.250     0.005     0.003     0.000
     2.260     0.004     0.000     0.000
     2.270     0.005     0.003     0.003
     2.280     0.005     0.003     0.003
     2.290     0.004     0.001     0.001
     2.300     0.004     0.002     0.000
     2.310     0.002     0.000     0.002
     2.320     0.005     0.002     0.000
     2.330     0.005     0.003    -0.001
     2.340     0.005     0.004     0.005
     2.350     0.005     0.003     0.006
     2.360     0.003     0.004    -0.001
     2.370     0.006     0.004    -0.003
     2.380     0.005    -0.002     0.003
     2.390     0.004     0.002     0.006
     2.400     0.002     0.002     0.000
     2.410     0.004    -0.001    -0.003
     2.420     0.008     0.004     0.001
     2.430     0.003     0.003     0.001
     2.440     0.005     0.001     0.000
     2.450     0.003     0.000     0.000
     2.460     0.003     0.002     0.000
     2.470     0.006     0.003     0.003
     2.480     0.003     0.002     0.002
     2.490     0.004     0.005     0.000
     2.500     0.004     0.004     0.003
     2.510     0.004     0.001     0.005
     2.520     0.007     0.004     0.003
     2.530     0.005     0.003     0.001
     2.540     0.004    -0.003     0.000
     2.550     0.006     0.003     0.003
     2.560     0.003     0.005     0.003
     2.570     0.003     0.001    -0.002
     2.580     0.004     0.003     0.002
     2.590     0.004     0.002     0.001
     2.600     0.005     0.003     0.000
     2.610     0.004     0.003     0.001
     2.620     0.006     0.002    -0.001
     2.630     0.007     0.004     0.002
     2.640     0.007     0.003     0.000
     2.650     0.009     0.005     0.000
     2.660     0.007     0.003     0.003
     2.670     0.004     0.002     0.001
     2.680     0.005     0.005     0.003
     2.690     0.008     0.002     0.004
     2.700     0.007     0.003     0.002
     2.710     0.006     0.006     0.001
     2.720     0.006     0.002     0.001
     2.730     0.003     0.002     0.002
     2.740     0.006     0.006     0.005
     2.750     0.007     0.005     0.004
     2.760     0.005     0.002     0.000
     2.770     0.004     0.004     0.000
     2.780     0.006     0.004     0.004
     2.790     0.007     0.001     0.003
     2.800     0.005     0.002     0.003
     2.810     0.006     0.002     0.005
     2.820     0.005     0.004     0.002
     2.830     0.004     0.004     0.001
     2.840     0.004     0.002     0.002
     2.850     0.005     0.001     0.003
     2.860     0.006     0.004     0.003
     2.870     0.004     0.003     0.000
     2.880     0.007     0.002     0.002
     2.890     0.004     0.005     0.004
     2.900     0.002     0.001     0.002
     2.910     0.006    -0.001     0.004
     2.920     0.005     0.003     0.002
     2.930     0.003     0.003     0.000
     2.940     0.004     0.003     0.002
     2.950     0.006     0.005     0.002
     2.960     0.004     0.002     0.004
     2.970     0.005     0.000     0.002
     2.980     0.006     0.003     0.000
     2.990     0.004     0.005     0.001
     3.000     0.005     0.002     0.002
     3.010     0.002     0.001     0.001
     3.020     0.002     0.002    -0.002
     3.030     0.004     0.001     0.003
     3.040     0.004     0.001     0.006
     3.050     0.002     0.003     0.000
     3.060     0.003     0.002    -0.001
     3.070     0.003     0.001     0.001
     3.080     0.002     0.003     0.002
     3.090     0.002     0.001     0.000
     3.100     0.003     0.000     0.000
     3.110     0.006     0.007     0.001
     3.120     0.004     0.000     0.000
     3.130     0.002    -0.001     0.001
     3.140     0.005     0.003     0.001
     3.150     0.006     0.000     0.002
     3.160     0.005     0.004     0.006
     3.170     0.004     0.002     0.001
     3.180     0.003     0.000     0.001
     3.190     0.005     0.001     0.002
     3.200     0.005     0.000     0.002
     3.210     0.002     0.001     0.003
     3.220     0.003     0.001    -0.001
     3.230     0.003     0.002     0.001
     3.240     0.003     0.002     0.002
     3.250     0.005     0.003     0.003
     3.260     0.001     0.002     0.001
     3.270     0.004     0.003     0.001
     3.280     0.006     0.002     0.004
     3.290     0.004    -0.001     0.000
     3.300     0.003     0.003     0.002
     3.310     0.002     0.002     0.004
     3.320     0.003     0.001     0.003
     3.330     0.003     0.002     0.001
     3.340     0.001    -0.001     0.001
     3.350     0.002     0.000     0.001
     3.360     0.002     0.002     0.000
     3.370     0.002    -0.002     0.001
     3.380     0.003     0.002     0.000
     3.390     0.003     0.005     0.001
     3.400     0.002     0.000     0.001
     3.410     0.001    -0.002     0.003
     3.420     0.001     0.000    -0.001
     3.430     0.003    -0.001     0.000
     3.440     0.001     0.003     0.004
     3.450     0.000     0.002    -0.002
     3.460     0.002    -0.001     0.001
     3.470     0.002     0.003     0.001
     3.480     0.003     0.002     0.002
     3.490     0.000    -0.001     0.003
     3.500     0.000    -0.001    -0.002
     3.510     0.001     0.001     0.001
     3.520     0.000     0.001     0.002
     3.530     0.003     0.000     0.001
     3.540     0.003     0.002     0.002
     3.550     0.001     0.002     0.000
     3.560     0.002     0.002     0.001
     3.570     0.002     0.002     0.002
     3.580     0.003     0.003     0.001
     3.590     0.003     0.003    -0.002
     3.600     0.004     0.000    -0.001
     3.610     0.003     0.003     0.004
     3.620    -0.001     0.003     0.002
     3.630     0.003     0.002    -0.001
     3.640     0.005     0.004     0.004
     3.650     0.002    -0.001     0.003
     3.660     0.001    -0.001    -0.002
     3.670     0.000     0.000     0.000
     3.680     0.001     0.001     0.001
     3.690     0.003     0.003     0.000
     3.700     0.002     0.002     0.000
     3.710     0.002     0.001     0.000
     3.720     0.003     0.002    -0.001
     3.730    -0.001     0.002    -0.001
     3.740     0.003     0.001     0.000
     3.750     0.003     0.001    -0.001
     3.760     0.000     0.002    -0.001
     3.770     0.003     0.000     0.003
     3.780     0.003     0.001     0.005
     3.790     0.002     0.001     0.001
     3.800     0.001     0.001     0.001
     3.810     0.004     0.002     0.000
     3.820     0.002     0.003     0.000
     3.830     0.003     0.006     0.002
     3.840     0.004     0.002     0.001
     3.850     0.005     0.005     0.003
     3.860     0.004     0.003     0.000
     3.870     0.003     0.002     0.003
     3.880     0.004     0.004     0.003
     3.890    -0.001    -0.001    -0.001
     3.900     0.005     0.003     0.005
     3.910     0.003     0.003    -0.001
     3.920     0.000    -0.003    -0.003
     3.930     0.005     0.003     0.003
     3.940    -0.004     0.002     0.002
     3.950     0.005     0.000     0.001
     3.960     0.007     0.005     0.001
     3.970    -0.003    -0.001     0.001
     3.980     0.003     0.003    -0.002
     3.990     0.004     0.006    -0.001
     4.000     0.001    -0.002    -0.002
     4.010     0.002     0.003     0.001
     4.020     0.004     0.003     0.004
     4.030     0.003     0.000     0.000
     4.040     0.003     0.003     0.003
     4.050     0.004     0.001     0.004
     4.060     0.005     0.006     0.000
     4.070     0.003     0.005     0.000
     4.080     0.002     0.000     0.001
     4.090     0.001     0.003    -0.003
     4.100     0.001     0.002     0.000
     4.110     0.006     0.002     0.003
     4.120     0.005     0.006     0.003
     4.130     0.004     0.003     0.002
     4.140     0.004     0.002    -0.002
     4.150    -0.001     0.001     0.002
     4.160     0.002     0.001     0.003
     4.170     0.003     0.002    -0.001
     4.180     0.003     0.002     0.001
     4.190     0.003     0.003     0.003
     4.200     0.001     0.002     0.001
     4.210     0.003     0.004    -0.001
     4.220     0.002     0.002     0.000
     4.230     0.003     0.001     0.000
     4.240     0.006     0.007     0.005
     4.250     0.004     0.002     0.005
     4.260     0.002     0.001     0.003
     4.270     0.002     0.003    -0.001
     4.280     0.003    -0.002    -0.002
     4.290     0.001     0.003     0.003
     4.300     0.001     0.003     0.001
     4.310     0.002    -0.001     0.000
     4.320     0.001     0.002    -0.001
     4.330     0.000     0.002    -0.003
     4.340     0.001     0.002     0.002
     4.350     0.002     0.001     0.000
     4.360     0.001     0.000     0.000
     4.370     0.001    -0.001     0.000
     4.380    -0.003     0.000     0.000
     4.390     0.001     0.000     0.002
     4.400     0.003    -0.003    -0.002
     4.410    -0.003    -0.001     0.001
     4.420    -0.001     0.002     0.000
     4.430     0.002     0.000     0.001
     4.440     0.001     0.001     0.004
     4.450    -0.002    -0.001    -0.001
     4.460    -0.001    -0.001     0.000
     4.470    -0.001    -0.002    -0.003
     4.480    -0.003    -0.001    -0.004
     4.490     0.002     0.001     0.000
     4.500     0.001    -0.003     0.001
     4.510     0.000     0.001     0.001
     4.520     0.000     0.000     0.000
     4.530    -0.003    -0.006     0.001
     4.540     0.000     0.000     0.001
     4.550     0.001     0.000    -0.003
     4.560    -0.002    -0.002    -0.005
     4.570    -0.001     0.003     0.000
     4.580     0.000     0.002     0.000
     4.590    -0.002    -0.002    -0.001
     4.600    -0.001     0.000     0.001
     4.610     0.000    -0.001     0.000
     4.620    -0.002     0.001     0.002
     4.630    -0.001     0.003    -0.003
     4.640    -0.002    -0.002    -0.003
     4.650    -0.001    -0.002     0.000
     4.660     0.000     0.001    -0.001
     4.670    -0.001     0.001     0.006
     4.680     0.001     0.002     0.001
     4.690    -0.001    -0.001    -0.003
     4.700     0.000     0.001    -0.002
     4.710    -0.002     0.001    -0.005
     4.720    -0.002    -0.001    -0.001
     4.730     0.000    -0.001     0.002
     4.740     0.000    -0.005     0.004
     4.750     0.001    -0.001     0.001
     4.760    -0.003     0.001     0.000
     4.770    -0.002     0.000     0.000
     4.780    -0.001     0.002    -0.004
     4.790    -0.002     0.000    -0.003
     4.800    -0.001    -0.001     0.000
     4.810    -0.002    -0.003     0.002
     4.820     0.001    -0.004     0.003
     4.830     0.000     0.000     0.006
     4.840    -0.002     0.001    -0.001
     4.850    -0.002     0.002    -0.005
     4.860     0.001     0.003     0.000
     4.870     0.000     0.001    -0.002
     4.880    -0.006    -0.002     0.000
     4.890     0.000    -0.005     0.002
     4.900     0.000    -0.003     0.000
     4.910     0.000     0.001     0.000
     4.920     0.001     0.001    -0.001
     4.930    -0.002     0.002     0.000
     4.940     0.001     0.002     0.000
     4.950     0.000    -0.001    -0.001
     4.960     0.003    -0.001     0.004
     4.970     0.003     0.000     0.003
     4.980    -0.001    -0.002     0.001
     4.990     0.001    -0.001     0.000
     5.000    -0.001     0.001    -0.003
     5.010     0.001     0.001     0.001
     5.020     0.000     0.003     0.000
     5.030     0.001     0.001    -0.002
     5.040     0.001    -0.002     0.000
     5.050    -0.001     0.001     0.000
     5.060     0.002     0.001     0.000
     5.070    -0.002    -0.002     0.000
     5.080     0.000    -0.001     0.001
     5.090     0.001     0.000    -0.001
     5.100    -0.001     0.000     0.000
     5.110     0.004     0.003     0.001
     5.120    -0.002     0.002    -0.003
     5.130     0.001     0.000    -0.001
     5.140     0.002     0.001     0.000
     5.150    -0.003    -0.003     0.000
     5.160     0.002    -0.002     0.002
     5.170    -0.001    -0.001     0.000
     5.180    -0.002    -0.001     0.000
     5.190    -0.001     0.001     0.002
     5.200    -0.001    -0.001    -0.001
     5.210     0.001     0.000    -0.002
     5.220    -0.001     0.000     0.001
     5.230     0.001     0.000     0.001
     5.240     0.001     0.001     0.000
     5.250    -0.002     0.000     0.001
     5.260     0.001     0.001     0.000
     5.270    -0.001    -0.001    -0.001
     5.280    -0.002    -0.001     0.000
     5.290     0.001    -0.001    -0.002
     5.300    -0.002     0.001    -0.002
     5.310    -0.001     0.000     0.000
     5.320    -0.001     0.000    -0.004
     5.330    -0.001     0.004    -0.002
     5.340     0.001     0.000     0.002
     5.350    -0.001     0.000     0.001
     5.360     0.001     0.001     0.000
     5.370     0.002    -0.002     0.000
     5.380     0.002     0.001     0.000
     5.390     0.000     0.002    -0.001
     5.400    -0.002     0.000    -0.001
     5.410    -0.001    -0.001    -0.002
     5.420    -0.002    -0.001    -0.002
     5.430     0.000    -0.002     0.000
     5.440     0.001     0.001     0.001
     5.450    -0.001     0.001     0.001
     5.460     0.000     0.000     0.001
     5.470     0.001     0.003     0.001
     5.480    -0.001     0.001    -0.001
     5.490    -0.001    -0.002    -0.003
     5.500     0.000     0.000    -0.003
     5.510     0.000     0.002    -0.002
     5.520    -0.001     0.000     0.001
     5.530    -0.001     0.001     0.001
     5.540     0.000     0.001    -0.002
     5.550     0.001     0.000     0.000
     5.560     0.001     0.001     0.000
     5.570    -0.001     0.000    -0.002
     5.580    -0.004    -0.002     0.000
     5.590    -0.002    -0.003    -0.001
     5.600     0.002     0.003    -0.001
     5.610    -0.001     0.003     0.001
     5.620     0.000    -0.002     0.000
     5.630     0.001     0.002     0.001
     5.640    -0.001     0.000     0.001
     5.650     0.001    -0.001    -0.002
     5.660     0.000     0.001     0.000
     5.670    -0.003    -0.002     0.000
     5.680    -0.003    -0.001     0.000
     5.690    -0.004     0.000     0.002
     5.700    -0.002     0.000    -0.003
     5.710    -0.001    -0.002    -0.001
     5.720    -0.003     0.001     0.000
     5.730     0.000     0.000     0.001
     5.740     0.001    -0.003     0.002
     5.750     0.000     0.002     0.000
     5.760    -0.001     0.001     0.002
     5.770    -0.001    -0.001     0.000
     5.780    -0.001    -0.002    -0.001
     5.790    -0.003    -0.002    -0.001
     5.800    -0.001    -0.002    -0.002
     5.810     0.000    -0.001     0.000
     5.820    -0.001     0.002     0.003
     5.830     0.002    -0.001     0.002
     5.840     0.000    -0.001    -0.002
     5.850     0.001     0.000     0.001
     5.860     0.001    -0.001     0.000
     5.870     0.000     0.000     0.002
     5.880     0.001     0.001     0.001
     5.890    -0.002    -0.001    -0.003
     5.900    -0.001    -0.001     0.001
     5.910    -0.001     0.001    -0.001
     5.920     0.001    -0.002     0.001
     5.930     0.002     0.000     0.002
     5.940    -0.002     0.001    -0.003
     5.950    -0.001    -0.003     0.001
     5.960     0.000    -0.003    -0.003
     5.970     0.000     0.000    -0.001
     5.980    -0.003    -0.003     0.000
     5.990    -0.001    -0.002    -0.003
     6.000     0.002     0.000     0.000
     6.010     0.000    -0.003     0.001
     6.020    -0.002    -0.003    -0.003
     6.030    -0.004    -0.001    -0.005
     6.040     0.000    -0.002     0.001
     6.050    -0.002    -0.001     0.001
     6.060    -0.003     0.001    -0.002
     6.070     0.001    -0.002     0.000
     6.080    -0.001    -0.001    -0.001
     6.090    -0.003    -0.001    -0.004
     6.100    -0.001    -0.003     0.000
     6.110     0.002    -0.001     0.000
     6.120     0.001     0.000     0.000
     6.130    -0.001    -0.001     0.001
     6.140     0.000     0.000    -0.002
     6.150    -0.003     0.001    -0.003
     6.160    -0.002    -0.002     0.000
     6.170     0.000    -0.003     0.000
     6.180     0.000    -0.001    -0.002
     6.190     0.000     0.001     0.000
     6.200    -0.001     0.000     0.001
     6.210    -0.002    -0.001     0.001
     6.220    -0.002    -0.001     0.000
     6.230    -0.001    -0.001    -0.002
     6.240     0.000     0.000     0.000
     6.250     0.000     0.000    -0.001
     6.260     0.000     0.001     0.000
     6.270     0.003     0.003    -0.001
     6.280    -0.001    -0.001    -0.002
     6.290    -0.001    -0.002     0.001
     6.300     0.002     0.001     0.000
     6.310    -0.002     0.000     0.000
     6.320     0.001    -0.001     0.001
     6.330     0.001     0.000     0.001
     6.340    -0.001     0.001     0.000
     6.350     0.004    -0.001    -0.003
     6.360     0.001    -0.002    -0.001
     6.370    -0.001    -0.001     0.000
     6.380     0.000    -0.001     0.000
     6.390     0.000     0.000    -0.003
     6.400     0.002    -0.001    -0.003
     6.410     0.000    -0.002     0.001
     6.420    -0.002    -0.001     0.000
     6.430     0.002     0.000    -0.002
     6.440     0.001    -0.002     0.000
     6.450    -0.001    -0.003    -0.001
     6.460     0.001     0.001     0.000
     6.470     0.000    -0.004     0.003
     6.480    -0.002    -0.002     0.000
     6.490    -0.002     0.000     0.000
     6.500    -0.001    -0.002     0.000
     6.510    -0.001     0.001     0.000
     6.520     0.000     0.001     0.002
     6.530     0.000    -0.003     0.000
     6.540    -0.002    -0.002    -0.001
     6.550    -0.003     0.000     0.000
     6.560     0.000    -0.002     0.001
     6.570     0.002    -0.001     0.004
     6.580     0.000    -0.001     0.000
     6.590     0.000    -0.003    -0.002
     6.600    -0.002    -0.002    -0.001
     6.610    -0.001    -0.001    -0.003
     6.620     0.001    -0.001     0.000
     6.630    -0.001     0.000     0.000
     6.640    -0.002    -0.001    -0.003
     6.650    -0.001    -0.002    -0.001
     6.660     0.003     0.000     0.000
     6.670     0.002    -0.001     0.000
     6.680     0.002     0.001     0.002
     6.690    -0.001     0.001     0.001
     6.700     0.002     0.000     0.000
     6.710     0.004     0.000     0.000
     6.720    -0.002    -0.001     0.001
     6.730     0.002     0.002     0.004
     6.740     0.002    -0.002     0.000
     6.750     0.000    -0.001    -0.002
     6.760     0.002     0.002    -0.001
     6.770    -0.001    -0.002     0.000
     6.780     0.001     0.000     0.001
     6.790     0.001    -0.001     0.000
     6.800     0.001    -0.001     0.001
     6.810     0.002     0.001     0.002
     6.820    -0.002    -0.001     0.000
     6.830     0.001     0.000     0.000
     6.840     0.004    -0.001     0.000
     6.850     0.001     0.002     0.000
     6.860     0.001     0.004     0.003
     6.870     0.001     0.000     0.000
     6.880     0.001    -0.002    -0.002
     6.890     0.001     0.000     0.002
     6.900     0.000     0.000    -0.001
     6.910     0.001    -0.001    -0.003
     6.920     0.001     0.000     0.001
     6.930    -0.001    -0.002    -0.001
     6.940    -0.002    -0.001    -0.001
     6.950     0.001     0.001     0.000
     6.960    -0.001    -0.003    -0.002
     6.970    -0.002    -0.002     0.001
     6.980     0.003     0.002    -0.001
     6.990     0.000     0.002     0.000
     7.000     0.001    -0.001     0.003
     7.010     0.000    -0.001    -0.001
     7.020     0.001     0.000     0.003
     7.030     0.004     0.000     0.000
     7.040    -0.002    -0.001    -0.004
     7.050     0.000    -0.001     0.004
     7.060     0.003     0.000     0.002
     7.070     0.001     0.001     0.000
     7.080     0.003     0.000     0.002
     7.090     0.002     0.002     0.002
     7.100     0.000     0.002     0.001
     7.110     0.002    -0.001     0.000
     7.120     0.000    -0.002     0.000
     7.130     0.001     0.000     0.002
     7.140     0.001     0.000     0.001
     7.150    -0.002    -0.001    -0.003
     7.160     0.002    -0.001    -0.003
     7.170     0.003    -0.001     0.003
     7.180     0.001     0.001     0.002
     7.190     0.000     0.000    -0.001
     7.200     0.001    -0.003     0.001
     7.210     0.002     0.000     0.001
     7.220     0.001     0.000     0.000
     7.230     0.000     0.000     0.000
     7.240     0.002     0.001     0.001
     7.250     0.004     0.002     0.002
     7.260     0.003     0.003     0.001
     7.270     0.003     0.002     0.001
     7.280     0.004     0.000     0.001
     7.290     0.001     0.001     0.000
     7.300     0.002     0.001     0.000
     7.310     0.004     0.000     0.001
     7.320     0.004     0.003     0.003
     7.330     0.003     0.002     0.004
     7.340     0.004     0.003     0.004
     7.350     0.003     0.004    -0.001
     7.360     0.003     0.002     0.001
     7.370     0.006     0.003     0.002
     7.380     0.003     0.002     0.000
     7.390     0.005     0.003     0.005
     7.400     0.003     0.001     0.000
     7.410     0.001    -0.002     0.000
     7.420     0.003     0.000     0.003
     7.430     0.000     0.000     0.001
     7.440     0.005     0.003     0.004
     7.450     0.006     0.001     0.002
     7.460     0.001     0.001     0.002
     7.470     0.004     0.005     0.002
     7.480     0.004     0.002     0.002
     7.490     0.004     0.003     0.005
     7.500     0.004     0.003     0.002
     7.510     0.001    -0.001     0.002
     7.520     0.005     0.002     0.003
     7.530     0.005     0.002     0.000
     7.540     0.003     0.002     0.002
     7.550     0.005     0.003     0.003
     7.560     0.003     0.001     0.000
     7.570     0.004     0.003     0.003
     7.580     0.004     0.003     0.005
     7.590     0.006     0.004     0.000
     7.600     0.004     0.002     0.001
     7.610     0.000     0.001     0.001
     7.620     0.003     0.003    -0.002
     7.630     0.003     0.000     0.002
     7.640     0.005     0.003     0.003
     7.650     0.005     0.005     0.002
     7.660     0.002     0.001     0.000
     7.670     0.003     0.001     0.000
     7.680     0.005     0.002     0.003
     7.690     0.002     0.003     0.003
     7.700     0.005     0.004     0.004
     7.710     0.007     0.006     0.001
     7.720     0.002     0.002    -0.002
     7.730     0.003     0.001     0.002
     7.740     0.002     0.003     0.000
     7.750     0.004     0.001     0.002
     7.760     0.006     0.003     0.005
     7.770     0.004     0.003     0.002
     7.780     0.006     0.002     0.005
     7.790     0.004     0.002     0.002
     7.800     0.003     0.002     0.001
     7.810     0.003     0.002     0.001
     7.820     0.001     0.000     0.001
     7.830     0.003     0.003     0.004
     7.840     0.001     0.002     0.002
     7.850     0.002     0.001     0.002
     7.860     0.003     0.001    -0.001
     7.870     0.002     0.000     0.000
     7.880     0.003     0.003     0.002
     7.890     0.003     0.001     0.002
     7.900     0.003     0.001     0.003
     7.910     0.001     0.002     0.004
     7.920     0.002     0.002     0.003
     7.930     0.004     0.001    -0.002
     7.940     0.004     0.002     0.002
     7.950     0.003     0.002     0.003
     7.960    -0.001     0.000     0.001
     7.970     0.000     0.001     0.002
     7.980     0.004     0.003     0.000
     7.990     0.003     0.002     0.003
     8.000     0.003     0.002     0.003
     8.010     0.001     0.000     0.002
     8.020     0.000    -0.001     0.002
     8.030     0.003     0.000     0.000
     8.040     0.001    -0.001     0.000
     8.050     0.001     0.000    -0.004
     8.060    -0.001    -0.001    -0.002
     8.070     0.001     0.001     0.003
     8.080     0.002     0.001     0.000
     8.090    -0.001    -0.002     0.000
     8.100     0.004     0.001    -0.001
     8.110     0.003     0.004    -0.001
     8.120     0.001     0.000     0.001
     8.130     0.003     0.000     0.002
     8.140     0.003     0.001     0.002
     8.150     0.003     0.001     0.001
     8.160     0.003     0.002     0.001
     8.170     0.003     0.002     0.000
     8.180     0.000    -0.001     0.001
     8.190     0.002     0.000     0.000
     8.200     0.003     0.003    -0.001
     8.210     0.002     0.001     0.000
     8.220     0.003     0.003     0.000
     8.230     0.003     0.002     0.002
     8.240     0.002     0.001     0.004
     8.250     0.003     0.003     0.002
     8.260     0.002     0.001     0.003
     8.270     0.002     0.001     0.003
     8.280     0.002     0.001     0.001
     8.290     0.001     0.002    -0.001
     8.300     0.003     0.001     0.001
     8.310     0.004     0.003     0.003
     8.320     0.004     0.003     0.000
     8.330     0.003     0.002     0.001
     8.340     0.002     0.001     0.003
     8.350     0.003     0.001    -0.001
     8.360     0.001     0.000     0.001
     8.370     0.003     0.001     0.000
     8.380     0.003     0.003     0.000
     8.390     0.000     0.000     0.005
     8.400     0.005     0.002     0.003
     8.410     0.005     0.002     0.002
     8.420     0.004     0.003     0.000
     8.430     0.003     0.003    -0.001
     8.440     0.000     0.001     0.000
     8.450     0.003     0.002     0.002
     8.460     0.003     0.001     0.003
     8.470     0.004     0.003     0.002
     8.480     0.005     0.002     0.003
     8.490     0.000     0.000     0.000
     8.500     0.004     0.004     0.002
     8.510     0.004     0.003     0.005
     8.520     0.002     0.001     0.003
     8.530     0.003     0.003     0.000
     8.540     0.004     0.002     0.001
     8.550     0.002     0.003     0.003
     8.560     0.002     0.005     0.001
     8.570     0.005     0.000     0.002
     8.580     0.002     0.002     0.004
     8.590     0.005     0.006     0.002
     8.600     0.006     0.003    -0.001
     8.610     0.006     0.002     0.002
     8.620     0.002     0.002     0.004
     8.630    -0.003     0.001     0.001
     8.640     0.005     0.003     0.001
     8.650     0.003     0.001     0.001
     8.660     0.000     0.000     0.002
     8.670     0.001     0.004    -0.002
     8.680     0.003     0.001    -0.001
     8.690     0.005     0.001     0.002
     8.700     0.003     0.002     0.002
     8.710     0.002     0.000     0.002
     8.720     0.002     0.002     0.000
     8.730     0.004     0.002     0.001
     8.740     0.002    -0.002     0.000
     8.750     0.003     0.002     0.001
     8.760     0.004     0.003     0.004
     8.770     0.003     0.003     0.004
     8.780     0.003     0.001     0.003
     8.790     0.002    -0.001     0.000
     8.800    -0.001     0.001     0.000
     8.810     0.000     0.000    -0.001
     8.820     0.003    -0.001     0.002
     8.830     0.003     0.002     0.005
     8.840     0.002     0.002     0.000
     8.850     0.001    -0.001     0.002
     8.860     0.003     0.001     0.002
     8.870     0.001     0.002    -0.001
     8.880     0.002     0.000     0.003
     8.890     0.003     0.003     0.002
     8.900     0.000     0.001     0.001
     8.910     0.001     0.001     0.003
     8.920     0.002     0.002     0.001
     8.930     0.001     0.000    -0.002
     8.940     0.003     0.002     0.002
     8.950     0.001     0.001     0.002
     8.960     0.003     0.002     0.001
     8.970     0.002     0.000     0.004
     8.980    -0.001    -0.001     0.000
     8.990     0.002     0.005     0.003
     9.000     0.002     0.000     0.002
     9.010     0.003     0.002     0.002
     9.020     0.002     0.006     0.001
     9.030     0.001     0.000     0.000
     9.040     0.003     0.002     0.005
     9.050     0.002     0.001     0.000
     9.060     0.000     0.000     0.001
     9.070     0.003     0.002     0.003
     9.080     0.002     0.001     0.001
     9.090     0.000     0.002     0.004
     9.100     0.005     0.003     0.000
     9.110     0.003     0.001     0.001
     9.120     0.002     0.001     0.004
     9.130     0.005     0.003     0.001
     9.140     0.004     0.003     0.004
     9.150     0.004     0.003     0.001
     9.160     0.005     0.002     0.002
     9.170     0.003     0.002     0.001
     9.180     0.003     0.004     0.000
     9.190     0.004     0.001     0.004
     9.200     0.002     0.001     0.001
     9.210     0.003     0.002     0.000
     9.220     0.003     0.003     0.001
     9.230     0.006     0.004    -0.001
     9.240     0.004     0.000     0.001
     9.250     0.001     0.003     0.002
     9.260     0.006     0.003     0.002
     9.270     0.003     0.000     0.002
     9.280     0.007     0.003     0.000
     9.290     0.004     0.002     0.002
     9.300    -0.001     0.000     0.005
     9.310     0.007     0.003     0.000
     9.320     0.004     0.001     0.000
     9.330     0.003     0.001     0.003
     9.340     0.003     0.002     0.001
     9.350     0.003     0.002     0.001
     9.360     0.004     0.003     0.003
     9.370     0.002     0.001     0.001
     9.380     0.003     0.003     0.000
     9.390     0.003     0.003     0.000
     9.400     0.003     0.001     0.001
     9.410     0.002     0.002     0.000
     9.420     0.003     0.002     0.002
     9.430     0.005     0.003     0.004
     9.440     0.002     0.001     0.001
     9.450     0.002     0.000     0.003
     9.460     0.003     0.002     0.002
     9.470     0.003     0.003     0.001
     9.480     0.003     0.001     0.003
     9.490     0.000     0.001    -0.001
     9.500     0.003     0.007     0.002
     9.510     0.006     0.004     0.005
     9.520     0.003     0.002     0.001
     9.530     0.002     0.003     0.001
     9.540     0.003     0.001     0.003
     9.550     0.004     0.004     0.003
     9.560     0.003     0.004     0.002
     9.570     0.003     0.001     0.006
     9.580     0.004     0.005     0.002
     9.590     0.003     0.001    -0.002
     9.600     0.003     0.000     0.002
     9.610     0.003     0.003     0.000
     9.620     0.003     0.001     0.003
     9.630     0.003     0.001     0.003
     9.640     0.005     0.003     0.000
     9.650     0.002     0.002     0.002
     9.660     0.000     0.000     0.000
     9.670     0.003     0.001     0.000
     9.680     0.000     0.002     0.000
     9.690     0.002     0.001     0.001
     9.700     0.002     0.001     0.000
     9.710     0.001     0.003     0.001
     9.720     0.002    -0.001     0.003
     9.730     0.002    -0.002     0.001
     9.740     0.002     0.003     0.002
     9.750     0.003     0.002     0.003
     9.760     0.003     0.002     0.002
     9.770     0.002     0.002     0.001
     9.780     0.001    -0.002     0.001
     9.790     0.002     0.001     0.000
     9.800     0.003     0.002    -0.002
     9.810     0.005     0.000     0.001
     9.820     0.003     0.002     0.004
     9.830    -0.002     0.000     0.004
     9.840     0.000    -0.002     0.000
     9.850     0.003     0.003    -0.002
     9.860     0.004     0.001     0.000
     9.870     0.002     0.000     0.003
     9.880     0.000     0.005     0.001
     9.890     0.002    -0.001     0.001
     9.900     0.002    -0.001     0.003
     9.910     0.003     0.001    -0.001
     9.920     0.001    -0.001    -0.001
     9.930     0.001     0.001    -0.001
     9.940     0.002     0.002     0.001
     9.950     0.002     0.001     0.004
     9.960     0.003     0.002     0.001
     9.970     0.001     0.003     0.000
     9.980     0.002     0.001     0.001
     9.990     0.001     0.002     0.003
    10.000     0.003     0.002     0.002
    10.010     0.003     0.001     0.000
    10.020     0.003     0.002    -0.001
    10.030     0.002     0.001    -0.001
    10.040     0.002     0.002     0.002
    10.050     0.005     0.002     0.002
    10.060     0.003     0.001     0.002
    10.070     0.004     0.001     0.002
    10.080     0.003     0.002     0.000
    10.090     0.003     0.003     0.001
    10.100     0.006     0.004     0.003
    10.110     0.003     0.002     0.000
    10.120     0.001     0.002     0.000
    10.130     0.005     0.006     0.004
    10.140     0.003    -0.001     0.003
    10.150     0.003     0.001     0.000
    10.160     0.005     0.004     0.003
    10.170     0.002     0.002     0.002
    10.180     0.004     0.004     0.000
    10.190     0.003    -0.001     0.002
    10.200     0.004     0.003     0.003
    10.210     0.006     0.006     0.004
    10.220     0.004     0.002     0.002
    10.230     0.005     0.003     0.000
    10.240     0.004     0.003     0.000
    10.250     0.004     0.003     0.001
    10.260     0.005     0.005     0.004
    10.270     0.004     0.004     0.001
    10.280     0.005     0.000     0.003
    10.290     0.004     0.001     0.003
    10.300     0.004     0.005     0.000
    10.310     0.003     0.001     0.003
    10.320     0.004     0.002     0.001
    10.330     0.003     0.002    -0.001
    10.340     0.003     0.001     0.003
    10.350     0.003     0.003     0.002
    10.360    -0.002     0.000     0.000
    10.370     0.002     0.001     0.003
    10.380     0.005     0.005     0.000
    10.390     0.003     0.002     0.003
    10.400     0.002    -0.001     0.003
    10.410    -0.002     0.000     0.000
    10.420     0.000     0.000     0.001
    10.430     0.001    -0.001    -0.001
    10.440     0.002     0.001     0.002
    10.450     0.002     0.002     0.003
    10.460     0.001     0.000    -0.001
    10.470     0.003     0.002     0.000
    10.480     0.004     0.003     0.002
    10.490     0.005     0.002     0.004
    10.500     0.001     0.002     0.000
    10.510     0.002     0.001     0.000
    10.520     0.004     0.000     0.002
    10.530     0.002     0.002     0.001
    10.540     0.003     0.000     0.002
    10.550     0.000     0.001     0.002
    10.560     0.002     0.001    -0.001
    10.570     0.003     0.001     0.000
    10.580     0.003     0.001     0.001
    10.590     0.003     0.003     0.000
    10.600     0.000     0.002     0.000
    10.610     0.006    -0.002     0.002
    10.620     0.004     0.003     0.001
    10.630     0.000     0.001     0.000
    10.640     0.003    -0.001     0.000
    10.650     0.001     0.002     0.001
    10.660     0.004     0.001     0.003
    10.670     0.003     0.002     0.001
    10.680     0.001     0.001    -0.002
    10.690     0.002     0.000     0.001
    10.700     0.004     0.002     0.002
    10.710     0.005     0.002     0.002
    10.720     0.004     0.002     0.005
    10.730     0.003     0.002     0.003
    10.740     0.005     0.004     0.002
    10.750     0.005     0.002     0.000
    10.760     0.003     0.000     0.000
    10.770     0.004     0.003     0.001
    10.780     0.003     0.000     0.001
    10.790     0.006     0.000     0.005
    10.800     0.005     0.004     0.000
    10.810     0.000    -0.001     0.000
    10.820     0.004    -0.002     0.001
    10.830     0.004     0.004     0.000
    10.840     0.002     0.000     0.002
    10.850     0.003    -0.001    -0.001
    10.860    -0.001     0.002    -0.001
    10.870     0.001     0.000     0.003
    10.880     0.004     0.001     0.003
    10.890     0.001     0.001     0.002
    10.900     0.001    -0.002     0.001
    10.910     0.003     0.001     0.001
    10.920     0.004     0.001    -0.001
    10.930     0.003     0.000     0.000
    10.940     0.004     0.004     0.002
    10.950     0.003     0.002     0.002
    10.960     0.003     0.000     0.003
    10.970     0.005     0.005     0.001
    10.980     0.002     0.002     0.000
    10.990     0.002     0.000     0.001
    11.000     0.003     0.001     0.001
    11.010     0.002     0.000     0.000
    11.020     0.001     0.000     0.002
    11.030    -0.001    -0.001     0.000
    11.040    -0.001     0.001     0.000
    11.050    -0.001    -0.001     0.000
    11.060     0.002    -0.002    -0.002
    11.070     0.001     0.000    -0.001
    11.080    -0.001     0.000     0.000
    11.090     0.002     0.001    -0.001
    11.100    -0.001    -0.001     0.000
    11.110     0.004     0.000     0.002
    11.120     0.002    -0.001     0.003
    11.130    -0.001    -0.002     0.000
    11.140     0.003    -0.002     0.002
    11.150     0.000    -0.002     0.003
    11.160    -0.001     0.001    -0.001
    11.170    -0.002     0.000     0.000
    11.180     0.002     0.001     0.000
    11.190     0.003    -0.002     0.002
    11.200    -0.003    -0.002     0.005
    11.210    -0.003     0.002     0.003
    11.220     0.000    -0.001     0.001
    11.230     0.001     0.000     0.002
    11.240     0.000     0.001     0.000
    11.250    -0.002     0.000    -0.002
    11.260    -0.002    -0.003    -0.001
    11.270    -0.001    -0.003     0.000
    11.280     0.000    -0.001     0.001
    11.290    -0.002    -0.003     0.002
    11.300    -0.003     0.000     0.002
    11.310     0.001    -0.002    -0.002
    11.320    -0.005    -0.005     0.000
    11.330    -0.003     0.001     0.002
    11.340    -0.001     0.000    -0.001
    11.350    -0.005    -0.003     0.002
    11.360     0.000     0.000     0.003
    11.370    -0.003    -0.002    -0.003
    11.380    -0.001    -0.001     0.002
    11.390    -0.001    -0.001     0.001
    11.400    -0.004    -0.003    -0.002
    11.410     0.002     0.001     0.002
    11.420    -0.001    -0.001     0.000
    11.430    -0.002    -0.003     0.000
    11.440    -0.001    -0.004     0.002
    11.450    -0.002    -0.005     0.000
    11.460     0.002    -0.001    -0.001
    11.470     0.000    -0.002     0.000
    11.480    -0.001     0.000    -0.001
    11.490     0.001     0.000     0.000
    11.500     0.001    -0.001     0.003
    11.510     0.000     0.001     0.004
    11.520    -0.001     0.001     0.002
    11.530     0.000     0.000     0.000
    11.540     0.000    -0.002     0.002
    11.550    -0.001    -0.002     0.001
    11.560     0.001     0.000    -0.002
    11.570    -0.001    -0.001     0.001
    11.580    -0.001     0.000     0.000
    11.590    -0.002    -0.001     0.000
    11.600    -0.001    -0.001     0.001
    11.610    -0.002    -0.004    -0.001
    11.620     0.001    -0.001     0.003
    11.630     0.000     0.001     0.003
    11.640    -0.003    -0.002    -0.001
    11.650    -0.002     0.000    -0.001
    11.660    -0.003    -0.004    -0.001
    11.670    -0.002    -0.004     0.002
    11.680     0.000     0.000     0.003
    11.690    -0.003    -0.003     0.001
    11.700    -0.003    -0.003     0.001
    11.710    -0.002    -0.004     0.000
    11.720    -0.002    -0.001     0.000
    11.730    -0.003     0.000     0.000
    11.740    -0.004    -0.005     0.001
    11.750    -0.001     0.001     0.002
    11.760    -0.001     0.000     0.002
    11.770    -0.002    -0.004     0.004
    11.780    -0.001     0.000    -0.001
    11.790     0.000    -0.001    -0.003
    11.800     0.000    -0.002     0.000
    11.810    -0.003    -0.002     0.000
    11.820    -0.004    -0.001     0.001
    11.830     0.002     0.001    -0.002
    11.840     0.006    -0.001     0.000
    11.850     0.001    -0.002     0.004
    11.860    -0.005    -0.003     0.001
    11.870    -0.004    -0.004     0.000
    11.880     0.001    -0.002     0.000
    11.890     0.005     0.001     0.002
    11.900     0.000    -0.001     0.001
    11.910    -0.002    -0.003    -0.002
    11.920     0.001    -0.002    -0.001
    11.930    -0.002    -0.004     0.003
    11.940    -0.002    -0.002     0.000
    11.950    -0.003     0.000    -0.004
    11.960    -0.001    -0.001     0.001
    11.970     0.000    -0.002     0.000
    11.980    -0.004    -0.003     0.001
    11.990     0.000    -0.002     0.002
    12.000     0.000     0.000     0.000
    12.010    -0.001     0.000     0.001
    12.020     0.001    -0.001     0.001
    12.030    -0.001    -0.001     0.002
    12.040     0.000    -0.001     0.000
    12.050    -0.001    -0.001    -0.001
    12.060    -0.002    -0.002    -0.001
    12.070    -0.003     0.001    -0.002
    12.080    -0.003    -0.004    -0.001
    12.090    -0.001    -0.004     0.000
    12.100    -0.001     0.003     0.000
    12.110     0.002     0.000     0.002
    12.120     0.001    -0.002     0.002
    12.130    -0.001    -0.003     0.002
    12.140    -0.004    -0.003    -0.001
    12.150    -0.002    -0.001    -0.003
    12.160     0.003    -0.002     0.001
    12.170    -0.001     0.000     0.000
    12.180     0.000    -0.001     0.000
    12.190    -0.001    -0.003    -0.001
    12.200    -0.004    -0.002    -0.002
    12.210     0.000    -0.004     0.000
    12.220    -0.001    -0.002     0.002
    12.230    -0.001    -0.001     0.000
    12.240     0.002    -0.003    -0.001
    12.250    -0.001    -0.001     0.002
    12.260     0.002     0.001     0.000
    12.270     0.002     0.000     0.002
    12.280     0.000     0.002     0.002
    12.290     0.003     0.002    -0.001
    12.300     0.000    -0.002     0.001
    12.310     0.000     0.001     0.001
    12.320     0.001     0.001    -0.001
    12.330     0.000    -0.001     0.000
    12.340     0.003     0.001     0.003
    12.350     0.000     0.000     0.002
    12.360    -0.001    -0.002     0.000
    12.370     0.000    -0.002     0.003
    12.380    -0.002    -0.002     0.002
    12.390    -0.002    -0.003     0.001
    12.400    -0.002    -0.002     0.001
    12.410     0.000    -0.001    -0.001
    12.420    -0.001    -0.002     0.000
    12.430     0.000    -0.004     0.000
    12.440    -0.003    -0.003     0.002
    12.450    -0.004    -0.002     0.001
    12.460     0.000    -0.001     0.000
    12.470     0.000    -0.001     0.004
    12.480    -0.002    -0.002     0.003
    12.490    -0.003     0.000     0.002
    12.500    -0.001    -0.001     0.002
    12.510    -0.001    -0.001    -0.002
    12.520    -0.001    -0.001     0.001
    12.530    -0.003    -0.002    -0.001
    12.540    -0.004    -0.002    -0.004
    12.550     0.000    -0.001     0.003
    12.560    -0.002    -0.002     0.001
    12.570     0.000    -0.001     0.000
    12.580     0.000    -0.001     0.003
    12.590    -0.003    -0.003     0.000
    12.600    -0.001    -0.002     0.000
    12.610    -0.002    -0.003     0.001
    12.620    -0.001    -0.002     0.000
    12.630    -0.001     0.000     0.001
    12.640     0.000    -0.004    -0.002
    12.650    -0.001    -0.001    -0.001
    12.660    -0.003     0.000     0.001
    12.670    -0.002    -0.004     0.000
    12.680    -0.002    -0.003    -0.001
    12.690     0.000    -0.001     0.000
    12.700     0.003    -0.001     0.002
    12.710     0.001    -0.001     0.002
    12.720    -0.002    -0.001     0.000
    12.730     0.000    -0.002     0.000
    12.740    -0.001    -0.001     0.001
    12.750    -0.001    -0.002     0.000
    12.760     0.000    -0.001     0.000
    12.770    -0.003    -0.001    -0.001
    12.780    -0.002    -0.002    -0.001
    12.790     0.000    -0.002     0.000
    12.800    -0.001    -0.003     0.000
    12.810    -0.001    -0.001     0.003
    12.820    -0.002    -0.002    -0.001
    12.830    -0.002    -0.003     0.001
    12.840    -0.002    -0.002     0.001
    12.850    -0.001    -0.002    -0.002
    12.860     0.001    -0.001     0.002
    12.870     0.000    -0.002    -0.001
    12.880    -0.001    -0.003     0.000
    12.890    -0.001    -0.003     0.002
    12.900     0.000     0.000    -0.001
    12.910     0.001    -0.001     0.001
    12.920     0.000    -0.003     0.000
    12.930     0.000    -0.002     0.000
    12.940     0.000    -0.004     0.000
    12.950    -0.001    -0.001     0.003
    12.960    -0.002    -0.002     0.000
    12.970     0.001    -0.001    -0.003
    12.980     0.005     0.000    -0.001
    12.990    -0.002    -0.005    -0.002
    13.000    -0.006    -0.002     0.001
    13.010    -0.001    -0.001     0.002
    13.020     0.002    -0.001    -0.001
    13.030     0.003     0.000    -0.004
    13.040     0.002    -0.004    -0.001
    13.050    -0.001     0.000     0.002
    13.060     0.001     0.002    -0.001
    13.070     0.003    -0.002     0.000
    13.080     0.003     0.000    -0.002
    13.090     0.004     0.001    -0.003
    13.100     0.005     0.000     0.001
    13.110     0.002     0.002     0.004
    13.120     0.005     0.003     0.003
    13.130     0.003     0.003    -0.002
    13.140     0.002     0.002     0.001
    13.150     0.003     0.000     0.000
    13.160     0.000     0.000     0.000
    13.170     0.004     0.002     0.003
    13.180     0.004     0.003    -0.001
    13.190     0.003     0.001     0.000
    13.200     0.002     0.000     0.001
    13.210     0.001     0.004     0.000
    13.220     0.005     0.000     0.000
    13.230     0.003    -0.002    -0.001
    13.240     0.002     0.003     0.000
    13.250     0.005     0.002     0.004
    13.260     0.005     0.001     0.003
    13.270     0.002     0.002    -0.001
    13.280     0.001     0.002     0.000
    13.290     0.002     0.001     0.000
    13.300     0.003     0.001     0.000
    13.310     0.006     0.001     0.002
    13.320     0.003     0.002     0.002
    13.330     0.002     0.004     0.002
    13.340     0.003     0.000     0.001
    13.350     0.003     0.000    -0.001
    13.360     0.003     0.002    -0.003
    13.370     0.002     0.002     0.000
    13.380     0.002     0.002     0.001
    13.390     0.005     0.002     0.000
    13.400     0.007     0.003     0.004
    13.410     0.002     0.000     0.003
    13.420     0.005     0.002     0.000
    13.430     0.006     0.005     0.004
    13.440     0.003     0.002     0.003
    13.450     0.006     0.003     0.000
    13.460     0.003     0.002     0.000
    13.470     0.003     0.000     0.001
    13.480     0.003     0.002     0.004
    13.490     0.004     0.002     0.003
    13.500     0.006     0.002     0.000
    13.510     0.005     0.002     0.002
    13.520     0.006     0.003     0.000
    13.530     0.004     0.001     0.000
    13.540     0.005     0.002     0.005
    13.550     0.005     0.005     0.002
    13.560     0.007     0.002     0.000
    13.570     0.006     0.002     0.003
    13.580     0.003     0.003     0.000
    13.590     0.005     0.004     0.000
    13.600     0.004     0.003     0.000
    13.610     0.006     0.003    -0.001
    13.620     0.007     0.003     0.003
    13.630     0.005     0.002     0.005
    13.640     0.007     0.005     0.002
    13.650     0.006     0.004     0.001
    13.660     0.009     0.004     0.003
    13.670     0.008     0.007     0.002
    13.680     0.005     0.003     0.001
    13.690     0.005     0.002     0.002
    13.700     0.003     0.003     0.000
    13.710     0.007     0.003     0.004
    13.720     0.008     0.005     0.002
    13.730     0.008     0.004    -0.001
    13.740     0.010     0.005     0.004
    13.750     0.007     0.005     0.002
    13.760     0.008     0.006     0.002
    13.770     0.007     0.005     0.003
    13.780     0.006     0.002     0.001
    13.790     0.011     0.009     0.003
    13.800     0.012     0.010     0.004
    13.810     0.012     0.006     0.002
    13.820     0.011     0.006     0.002
    13.830     0.010     0.006     0.004
    13.840     0.008     0.004     0.000
    13.850     0.006     0.003     0.000
    13.860     0.009     0.007     0.004
    13.870     0.008     0.006     0.006
    13.880     0.009     0.007     0.005
    13.890     0.012     0.009     0.001
    13.900     0.008     0.004     0.002
    13.910     0.007     0.008     0.004
    13.920     0.008     0.007     0.004
    13.930     0.009     0.003     0.005
    13.940     0.009     0.008     0.000
    13.950     0.009     0.006     0.001
    13.960     0.008     0.002     0.003
    13.970     0.010     0.008     0.000
    13.980     0.013     0.006     0.005
    13.990     0.009     0.003     0.005
    14.000     0.010     0.008     0.004
    14.010     0.011     0.005     0.004
    14.020     0.011     0.005     0.002
    14.030     0.011     0.007     0.003
    14.040     0.008     0.005     0.003
    14.050     0.013     0.009     0.004
    14.060     0.012     0.006     0.007
    14.070     0.008     0.006     0.003
    14.080     0.011     0.006     0.001
    14.090     0.006     0.004     0.003
    14.100     0.008     0.007     0.000
    14.110     0.010     0.005     0.000
    14.120     0.010     0.005     0.001
    14.130     0.012     0.004     0.003
    14.140     0.005     0.002     0.007
    14.150     0.006     0.006     0.002
    14.160     0.010     0.006    -0.004
    14.170     0.009     0.006     0.003
    14.180     0.009     0.010     0.007
    14.190     0.007     0.005     0.002
    14.200     0.009     0.003     0.006
    14.210     0.011     0.005     0.004
    14.220     0.009     0.005     0.005
    14.230     0.008     0.007     0.006
    14.240     0.008     0.006     0.001
    14.250     0.008     0.005     0.003
    14.260     0.008     0.006     0.003
    14.270     0.008     0.004     0.004
    14.280     0.008     0.004     0.004
    14.290     0.007     0.002     0.002
    14.300     0.006     0.002     0.004
    14.310     0.007     0.009     0.001
    14.320     0.005     0.007     0.000
    14.330     0.007     0.004     0.002
    14.340     0.007     0.003     0.003
    14.350     0.001    -0.001     0.002
    14.360     0.002    -0.002     0.002
    14.370     0.003     0.002     0.000
    14.380     0.003     0.006    -0.002
    14.390     0.005     0.007    -0.001
    14.400     0.003     0.005     0.001
    14.410     0.001     0.002     0.003
    14.420     0.002    -0.001     0.004
    14.430     0.001     0.001     0.002
    14.440     0.004     0.004     0.000
    14.450     0.004     0.004     0.003
    14.460     0.003     0.003     0.002
    14.470     0.003     0.002    -0.002
    14.480     0.004     0.002     0.003
    14.490     0.004     0.002     0.002
    14.500     0.003     0.002     0.001
    14.510     0.006     0.002     0.005
    14.520     0.002     0.001     0.001
    14.530     0.000     0.002    -0.001
    14.540     0.004     0.001     0.001
    14.550     0.000     0.001     0.000
    14.560     0.001     0.003     0.002
    14.570     0.003    -0.001     0.004
    14.580     0.003    -0.002     0.004
    14.590     0.001     0.000     0.002
    14.600     0.001     0.000     0.001
    14.610     0.002     0.002     0.001
    14.620    -0.001     0.002    -0.004
    14.630     0.000    -0.001    -0.003
    14.640     0.002    -0.002     0.001
    14.650     0.002    -0.003     0.002
    14.660    -0.001    -0.001     0.004
    14.670     0.002     0.000     0.001
    14.680     0.002    -0.001    -0.001
    14.690     0.000     0.000    -0.003
    14.700     0.003     0.000    -0.001
    14.710     0.000     0.001     0.000
    14.720     0.003     0.001    -0.002
    14.730     0.002     0.000     0.002
    14.740     0.001     0.003     0.002
    14.750     0.003     0.001    -0.001
    14.760     0.002    -0.001     0.001
    14.770     0.002     0.002     0.002
    14.780     0.002     0.000     0.002
    14.790     0.001     0.000     0.001
    14.800     0.001     0.000    -0.002
    14.810     0.001    -0.001     0.002
    14.820     0.000    -0.001     0.003
    14.830     0.000     0.002    -0.001
    14.840     0.002     0.002    -0.001
    14.850     0.001     0.002     0.002
    14.860     0.002     0.002     0.003
    14.870     0.000     0.000     0.000
    14.880     0.000     0.000     0.002
    14.890     0.001     0.002     0.000
    14.900     0.001     0.003    -0.001
    14.910     0.003     0.003     0.002
    14.920     0.002     0.002     0.000
    14.930     0.003     0.001     0.000
    14.940     0.001    -0.004     0.003
    14.950     0.000    -0.002     0.001
    14.960     0.002     0.002    -0.001
    14.970     0.002     0.001     0.000
    14.980     0.001     0.002     0.001
    14.990     0.001     0.003     0.003
    15.000     0.003     0.001     0.000
    15.010    -0.002    -0.002    -0.002
    15.020    -0.002    -0.001    -0.002
    15.030     0.000    -0.001    -0.001
    15.040    -0.001     0.000     0.000
    15.050     0.003     0.002     0.000
    15.060     0.003     0.000     0.000
    15.070     0.002     0.000     0.002
    15.080     0.000     0.002    -0.001
    15.090     0.002     0.000    -0.001
    15.100     0.002     0.001     0.002
    15.110     0.003     0.003    -0.001
    15.120     0.004     0.001     0.002
    15.130     0.001     0.001     0.003
    15.140     0.001     0.002    -0.003
    15.150     0.000     0.001     0.001
    15.160    -0.001     0.000     0.002
    15.170     0.000     0.002    -0.003
    15.180     0.002     0.000     0.000
    15.190     0.001    -0.001     0.002
    15.200     0.001     0.003     0.000
    15.210     0.002    -0.001    -0.001
    15.220    -0.001    -0.001     0.000
    15.230     0.002     0.004     0.002
    15.240    -0.001    -0.001     0.000
    15.250    -0.001     0.001     0.002
    15.260     0.001     0.001     0.001
    15.270     0.000     0.000     0.000
    15.280     0.001     0.002     0.001
    15.290     0.001     0.001     0.000
    15.300     0.001     0.001     0.000
    15.310    -0.002     0.001     0.000
    15.320     0.002    -0.001     0.000
    15.330    -0.001     0.001     0.001
    15.340    -0.003    -0.001    -0.001
    15.350     0.000    -0.002    -0.001
    15.360    -0.003     0.002    -0.003
    15.370     0.000    -0.001    -0.002
    15.380     0.001     0.000     0.001
    15.390     0.001     0.002     0.000
    15.400     0.000    -0.001     0.000
    15.410    -0.005    -0.001     0.000
    15.420    -0.002    -0.001    -0.002
    15.430    -0.002    -0.001     0.000
    15.440    -0.002     0.001     0.001
    15.450    -0.003     0.000    -0.001
    15.460    -0.004    -0.003    -0.001
    15.470    -0.003    -0.004    -0.001
    15.480    -0.003    -0.003    -0.002
    15.490    -0.001    -0.001     0.000
    15.500    -0.003     0.000     0.000
    15.510    -0.002     0.000    -0.001
    15.520    -0.003    -0.001    -0.001
    15.530    -0.005    -0.002     0.000
    15.540    -0.001     0.001    -0.001
    15.550    -0.001     0.001     0.002
    15.560     0.001     0.001     0.004
    15.570     0.001     0.002     0.000
    15.580    -0.001     0.001     0.000
    15.590    -0.001     0.001     0.000
    15.600     0.000     0.000     0.001
    15.610     0.001     0.000    -0.001
    15.620    -0.002     0.000    -0.001
    15.630     0.000     0.002     0.002
    15.640     0.001     0.002     0.000
    15.650    -0.002    -0.001     0.001
    15.660    -0.003    -0.002    -0.001
    15.670    -0.002     0.002     0.002
    15.680     0.001     0.003     0.004
    15.690    -0.002     0.002    -0.003
    15.700    -0.001     0.000     0.000
    15.710     0.000    -0.002     0.001
    15.720    -0.003    -0.001     0.002
    15.730    -0.001     0.001     0.002
    15.740     0.002    -0.001     0.000
    15.750    -0.002     0.000     0.002
    15.760    -0.001     0.003    -0.001
    15.770     0.002     0.000     0.001
    15.780    -0.002     0.000    -0.001
    15.790    -0.002    -0.002    -0.004
    15.800    -0.002    -0.003     0.003
    15.810    -0.003     0.002    -0.001
    15.820     0.000     0.001    -0.002
    15.830     0.002     0.000     0.000
    15.840    -0.002     0.000    -0.002
    15.850    -0.005    -0.002     0.000
    15.860    -0.004    -0.002     0.000
    15.870    -0.002    -0.001     0.000
    15.880    -0.001    -0.001    -0.001
    15.890    -0.004    -0.002    -0.002
    15.900     0.000    -0.002    -0.001
    15.910     0.000    -0.001    -0.003
    15.920    -0.005     0.000    -0.001
    15.930     0.001    -0.001     0.001
    15.940    -0.002     0.001    -0.001
    15.950    -0.003    -0.001     0.000
    15.960     0.000    -0.001     0.001
    15.970    -0.002     0.002     0.001
    15.980     0.000    -0.001     0.002
    15.990    -0.001    -0.002     0.002
    16.000     0.000     0.002     0.000
    16.010     0.000     0.002    -0.003
    16.020    -0.002    -0.003    -0.001
    16.030    -0.004     0.000    -0.004
    16.040    -0.003     0.000    -0.002
    16.050    -0.001    -0.002     0.002
    16.060    -0.003     0.001    -0.002
    16.070    -0.003    -0.001    -0.001
    16.080    -0.002    -0.003     0.000
    16.090    -0.004    -0.001    -0.005
    16.100    -0.002    -0.003    -0.003
    16.110     0.000    -0.002     0.002
    16.120    -0.004     0.000    -0.001
    16.130    -0.003    -0.001     0.000
    16.140    -0.001    -0.002     0.000
    16.150    -0.004    -0.003    -0.001
    16.160    -0.003    -0.001     0.003
    16.170     0.000     0.000     0.000
    16.180    -0.003    -0.002     0.000
    16.190    -0.003    -0.002     0.000
    16.200     0.000    -0.002     0.000
    16.210    -0.005    -0.001     0.001
    16.220    -0.003    -0.001    -0.001
    16.230    -0.004    -0.002    -0.001
    16.240    -0.004    -0.001    -0.001
    16.250    -0.003     0.000    -0.001
    16.260    -0.004    -0.001     0.003
    16.270     0.001     0.001     0.000
    16.280     0.001     0.002    -0.002
    16.290     0.000    -0.004     0.003
    16.300    -0.005    -0.002     0.003
    16.310    -0.006     0.002    -0.003
    16.320    -0.001    -0.005    -0.002
    16.330    -0.004    -0.003    -0.002
    16.340    -0.003    -0.003     0.000
    16.350    -0.005    -0.003     0.002
    16.360    -0.002     0.001    -0.002
    16.370     0.002    -0.001     0.002
    16.380    -0.003     0.002     0.006
    16.390    -0.004    -0.001     0.003
    16.400    -0.005    -0.001     0.000
    16.410    -0.005    -0.001     0.000
    16.420    -0.004    -0.005     0.002
    16.430    -0.004     0.000    -0.001
    16.440    -0.002    -0.002    -0.002
    16.450    -0.003    -0.002     0.000
    16.460    -0.001     0.000     0.001
    16.470    -0.001    -0.001     0.003
    16.480    -0.002    -0.002     0.001
    16.490    -0.003    -0.002    -0.001
    16.500    -0.006     0.000     0.000
    16.510    -0.004    -0.001     0.001
    16.520    -0.004    -0.001     0.001
    16.530    -0.002     0.001     0.003
    16.540    -0.002    -0.001     0.002
    16.550    -0.004    -0.001     0.000
    16.560    -0.001    -0.001     0.000
    16.570    -0.001    -0.002     0.000
    16.580    -0.004    -0.003    -0.001
    16.590    -0.006    -0.004    -0.002
    16.600    -0.005    -0.004     0.000
    16.610    -0.005    -0.004     0.000
    16.620    -0.002    -0.002    -0.001
    16.630    -0.002    -0.001     0.000
    16.640    -0.005    -0.002     0.000
    16.650    -0.004    -0.003    -0.002
    16.660    -0.004    -0.003     0.000
    16.670    -0.002    -0.001    -0.001
    16.680    -0.003    -0.001    -0.001
    16.690    -0.003    -0.004     0.003
    16.700    -0.002    -0.005    -0.001
    16.710    -0.003    -0.003    -0.003
    16.720    -0.003    -0.004    -0.001
    16.730    -0.004    -0.001    -0.002
    16.740    -0.005     0.000     0.000
    16.750    -0.004    -0.004     0.000
    16.760    -0.003    -0.001     0.000
    16.770    -0.004    -0.002    -0.001
    16.780    -0.004    -0.003    -0.002
    16.790    -0.004    -0.002    -0.001
    16.800    -0.003    -0.004    -0.001
    16.810    -0.001    -0.002     0.000
    16.820    -0.004    -0.004    -0.001
    16.830    -0.005    -0.006    -0.003
    16.840    -0.003    -0.004    -0.002
    16.850    -0.005    -0.005     0.000
    16.860    -0.007    -0.002    -0.001
    16.870    -0.001    -0.002    -0.003
    16.880    -0.002    -0.005    -0.002
    16.890    -0.004    -0.002    -0.001
    16.900    -0.002    -0.002     0.000
    16.910    -0.003    -0.003     0.000
    16.920    -0.003     0.000     0.000
    16.930    -0.005    -0.003    -0.001
    16.940    -0.006    -0.004     0.000
    16.950    -0.006    -0.002     0.000
    16.960    -0.005    -0.004    -0.001
    16.970    -0.003    -0.004     0.000
    16.980    -0.006    -0.003    -0.003
    16.990    -0.005    -0.004    -0.003
    17.000    -0.004    -0.004     0.000
    17.010    -0.004    -0.005    -0.001
    17.020    -0.003    -0.005     0.000
    17.030    -0.003    -0.001     0.002
    17.040    -0.002    -0.001     0.001
    17.050    -0.004    -0.003     0.001
    17.060    -0.003    -0.002    -0.001
    17.070    -0.002    -0.002    -0.003
    17.080    -0.004    -0.004     0.000
    17.090    -0.003    -0.003     0.003
    17.100    -0.003     0.000     0.002
    17.110    -0.002    -0.002    -0.003
    17.120     0.000    -0.005     0.000
    17.130    -0.004    -0.004     0.004
    17.140    -0.008    -0.003     0.000
    17.150    -0.002    -0.003    -0.003
    17.160    -0.002    -0.004    -0.004
    17.170    -0.004    -0.003    -0.002
    17.180    -0.003    -0.001    -0.003
    17.190    -0.004    -0.005    -0.005
    17.200    -0.003    -0.003    -0.002
    17.210    -0.002    -0.003     0.003
    17.220    -0.002    -0.004     0.002
    17.230    -0.003    -0.002    -0.003
    17.240    -0.004    -0.004    -0.001
    17.250    -0.002    -0.002     0.000
    17.260    -0.004    -0.001     0.000
    17.270    -0.001    -0.002     0.000
    17.280    -0.001    -0.001     0.000
    17.290    -0.003    -0.003     0.001
    17.300    -0.001    -0.002     0.000
    17.310    -0.001    -0.003     0.000
    17.320    -0.001    -0.003     0.000
    17.330    -0.004    -0.004    -0.003
    17.340    -0.004    -0.006    -0.003
    17.350    -0.002    -0.004    -0.003
    17.360    -0.004    -0.003     0.000
    17.370    -0.002    -0.003     0.001
    17.380    -0.002    -0.003    -0.002
    17.390    -0.003    -0.003    -0.001
    17.400     0.002    -0.003     0.001
    17.410    -0.001    -0.003    -0.002
    17.420    -0.001    -0.002     0.000
    17.430     0.001     0.001     0.002
    17.440    -0.002     0.000    -0.001
    17.450     0.000    -0.002    -0.001
    17.460    -0.003    -0.002     0.000
    17.470    -0.002    -0.001     0.002
    17.480    -0.002     0.000     0.002
    17.490    -0.004    -0.002    -0.001
    17.500     0.001    -0.003    -0.001
    17.510    -0.002    -0.001    -0.004
    17.520    -0.001    -0.002    -0.002
    17.530     0.000    -0.003     0.001
    17.540    -0.002    -0.001     0.000
    17.550    -0.001    -0.003     0.002
    17.560    -0.002    -0.004     0.001
    17.570    -0.002    -0.003     0.000
    17.580    -0.003    -0.005     0.000
    17.590    -0.003    -0.003    -0.002
    17.600     0.000     0.000     0.003
    17.610    -0.002    -0.003     0.002
    17.620    -0.002    -0.002    -0.002
    17.630    -0.002    -0.001     0.000
    17.640    -0.004    -0.002     0.000
    17.650    -0.003    -0.001     0.001
    17.660    -0.003    -0.004    -0.002
    17.670    -0.002    -0.004    -0.003
    17.680    -0.004     0.001     0.000
    17.690     0.000     0.001     0.000
    17.700     0.000    -0.003     0.001
    17.710    -0.004    -0.005     0.001
    17.720    -0.002    -0.002     0.000
    17.730    -0.003     0.000    -0.002
    17.740     0.002    -0.004    -0.006
    17.750     0.001    -0.004    -0.003
    17.760    -0.006    -0.003     0.000
    17.770    -0.003    -0.004     0.000
    17.780    -0.002    -0.004    -0.002
    17.790    -0.001    -0.004     0.001
    17.800    -0.003    -0.003     0.001
    17.810    -0.004    -0.004    -0.001
    17.820    -0.002    -0.002     0.001
    17.830    -0.004    -0.003     0.002
    17.840    -0.003    -0.004    -0.001
    17.850    -0.001    -0.002    -0.003
    17.860     0.000    -0.003     0.001
    17.870    -0.001    -0.002     0.001
    17.880    -0.004    -0.001    -0.002
    17.890     0.000    -0.003    -0.001
    17.900    -0.002    -0.002     0.001
    17.910    -0.003    -0.002    -0.002
    17.920     0.000    -0.003    -0.001
    17.930    -0.001    -0.001     0.002
    17.940    -0.001    -0.001     0.001
    17.950    -0.004    -0.003     0.003
    17.960    -0.003    -0.003     0.000
    17.970    -0.002    -0.003    -0.001
    17.980    -0.002    -0.002     0.000
    17.990     0.001    -0.003     0.001
    18.000    -0.001    -0.003     0.002
    18.010     0.000    -0.003    -0.002
    18.020     0.000    -0.003     0.002
    18.030    -0.003    -0.003     0.001
    18.040    -0.004    -0.002    -0.001
    18.050     0.000    -0.002    -0.001
    18.060    -0.001    -0.002    -0.002
    18.070    -0.004     0.000     0.000
    18.080    -0.001    -0.003    -0.003
    18.090    -0.003    -0.004    -0.002
    18.100    -0.003    -0.004    -0.002
    18.110    -0.003    -0.003     0.000
    18.120    -0.003     0.000     0.000
    18.130    -0.001    -0.002    -0.001
    18.140    -0.002    -0.002     0.002
    18.150    -0.003    -0.002    -0.003
    18.160    -0.001    -0.002    -0.001
    18.170    -0.001    -0.002     0.001
    18.180    -0.003     0.000    -0.001
    18.190    -0.003    -0.001     0.001
    18.200    -0.002    -0.002     0.000
    18.210    -0.001    -0.001    -0.001
    18.220    -0.003    -0.001    -0.001
    18.230     0.001     0.000     0.002
    18.240     0.001     0.000    -0.001
    18.250    -0.002    -0.001    -0.001
    18.260     0.001    -0.002     0.001
    18.270    -0.005    -0.003    -0.002
    18.280    -0.005    -0.004    -0.003
    18.290    -0.004    -0.003    -0.003
    18.300    -0.006    -0.001    -0.002
    18.310    -0.003    -0.002     0.000
    18.320    -0.002    -0.002     0.003
    18.330    -0.002     0.000     0.000
    18.340     0.000     0.000    -0.001
    18.350     0.000    -0.003     0.004
    18.360    -0.003    -0.004     0.001
    18.370    -0.002     0.000     0.002
    18.380     0.001     0.000     0.000
    18.390    -0.003    -0.002    -0.002
    18.400    -0.003    -0.004     0.001
    18.410    -0.002    -0.004    -0.001
    18.420    -0.003     0.001     0.003
    18.430     0.002     0.002     0.000
    18.440    -0.001    -0.001    -0.002
    18.450    -0.004     0.001     0.001
    18.460    -0.001     0.000     0.000
    18.470    -0.002    -0.002     0.002
    18.480    -0.001    -0.001    -0.001
    18.490    -0.003     0.000     0.000
    18.500     0.000    -0.001     0.002
    18.510     0.001    -0.001    -0.001
    18.520     0.000     0.000     0.000
    18.530     0.002     0.000    -0.001
    18.540    -0.001     0.000     0.002
    18.550     0.001     0.000    -0.001
    18.560    -0.003    -0.001    -0.003
    18.570    -0.003    -0.001     0.001
    18.580     0.002     0.001     0.000
    18.590    -0.002     0.002     0.001
    18.600     0.000     0.001     0.000
    18.610     0.002     0.002    -0.001
    18.620     0.001     0.001    -0.002
    18.630    -0.001    -0.003     0.002
    18.640     0.000     0.003    -0.001
    18.650     0.002     0.002    -0.003
    18.660     0.003    -0.002     0.002
    18.670     0.000     0.004    -0.001
    18.680    -0.002    -0.001     0.003
    18.690     0.000     0.002     0.002
    18.700     0.001     0.005    -0.002
    18.710     0.005    -0.001     0.003
    18.720     0.001     0.002     0.003
    18.730    -0.004    -0.001     0.003
    18.740    -0.001     0.001     0.001
    18.750     0.000     0.002    -0.001
    18.760     0.004     0.000    -0.001
    18.770     0.001     0.001     0.003
    18.780    -0.001    -0.001     0.003
    18.790     0.000     0.004    -0.002
    18.800     0.003     0.000     0.002
    18.810     0.003    -0.001     0.001
    18.820    -0.001     0.003    -0.004
    18.830    -0.001    -0.001     0.002
    18.840    -0.002     0.002     0.002
    18.850     0.003     0.002     0.000
    18.860     0.003     0.002     0.003
    18.870     0.000     0.004    -0.001
    18.880    -0.004    -0.002     0.000
    18.890     0.000     0.001     0.001
    18.900     0.006     0.002    -0.001
    18.910     0.002    -0.002     0.002
    18.920     0.000     0.004     0.000
    18.930     0.000    -0.001     0.000
    18.940     0.003    -0.005    -0.001
    18.950     0.001     0.002    -0.001
    18.960    -0.001     0.001     0.003
    18.970     0.000    -0.001    -0.003
    18.980    -0.001     0.001    -0.003
    18.990     0.004     0.001     0.004
    19.000     0.002     0.002     0.002
    19.010    -0.003    -0.001    -0.002
    19.020    -0.001    -0.002     0.003
    19.030     0.001     0.001     0.003
    19.040     0.001    -0.001    -0.002
    19.050     0.001     0.002     0.000
    19.060     0.001     0.001     0.001
    19.070    -0.001    -0.001     0.000
    19.080    -0.003    -0.002     0.000
    19.090     0.001    -0.001    -0.002
    19.100     0.003     0.003    -0.002
    19.110    -0.002    -0.002    -0.001
    19.120     0.000    -0.001    -0.001
    19.130     0.000    -0.001     0.001
    19.140     0.001     0.000     0.006
    19.150     0.002     0.002     0.003
    19.160    -0.002    -0.002    -0.001
    19.170     0.000    -0.002     0.000
    19.180    -0.003    -0.004     0.001
    19.190    -0.002    -0.001    -0.001
    19.200    -0.002     0.000    -0.001
    19.210    -0.003    -0.002     0.000
    19.220     0.000     0.001    -0.002
    19.230    -0.002    -0.002    -0.003
    19.240    -0.002    -0.003     0.001
    19.250    -0.002     0.000     0.001
    19.260     0.000    -0.001    -0.001
    19.270     0.000     0.001    -0.001
    19.280    -0.003     0.001    -0.001
    19.290     0.000    -0.004     0.000
    19.300    -0.002    -0.002     0.000
    19.310     0.001     0.000     0.002
    19.320     0.003     0.000     0.002
    19.330    -0.003    -0.001    -0.002
    19.340     0.000     0.000     0.001
    19.350     0.002    -0.002     0.000
    19.360    -0.002    -0.004    -0.002
    19.370     0.000     0.001     0.000
    19.380    -0.002    -0.003     0.001
    19.390    -0.001     0.000     0.004
    19.400     0.001     0.002     0.000
    19.410    -0.004    -0.004    -0.002
    19.420    -0.003    -0.005     0.001
    19.430    -0.006    -0.004    -0.003
    19.440    -0.003    -0.001     0.000
    19.450     0.002     0.000     0.001
    19.460    -0.003     0.001    -0.001
    19.470    -0.002    -0.002     0.001
    19.480    -0.002    -0.003     0.000
    19.490    -0.002     0.001    -0.003
    19.500    -0.001    -0.002    -0.001
    19.510    -0.002     0.000     0.003
    19.520    -0.001     0.001     0.000
    19.530    -0.003    -0.002     0.000
    19.540     0.003    -0.001    -0.002
    19.550     0.000    -0.001    -0.001
    19.560     0.001     0.001     0.004
    19.570     0.000     0.000     0.001
    19.580    -0.002    -0.001    -0.001
    19.590     0.004    -0.003    -0.001
    19.600    -0.003    -0.001     0.002
    19.610     0.000     0.001     0.003
    19.620     0.003    -0.001     0.000
    19.630    -0.001     0.001     0.000
    19.640     0.000     0.001     0.001
    19.650    -0.002     0.000    -0.001
    19.660     0.001    -0.001     0.001
    19.670     0.001    -0.001     0.002
    19.680    -0.001     0.002     0.000
    19.690     0.000     0.000     0.002
    19.700     0.000     0.000     0.000
    19.710    -0.001    -0.001    -0.002
    19.720     0.000     0.001     0.000
    19.730     0.001     0.001     0.001
    19.740     0.001     0.001     0.004
    19.750     0.001     0.001     0.003
    19.760    -0.001    -0.002    -0.001
    19.770    -0.003     0.002     0.000
    19.780     0.000    -0.001     0.000
    19.790    -0.002    -0.002     0.000
    19.800    -0.004    -0.001    -0.002
    19.810     0.000    -0.002    -0.001
    19.820    -0.001     0.000     0.002
    19.830    -0.003    -0.001    -0.002
    19.840    -0.001    -0.003    -0.001
    19.850    -0.003    -0.002    -0.001
    19.860    -0.002     0.000    -0.002
    19.870    -0.001    -0.002     0.004
    19.880    -0.002    -0.001     0.003
    19.890    -0.003     0.001     0.000
    19.900    -0.002    -0.002     0.000
    19.910    -0.001    -0.003     0.000
    19.920    -0.002    -0.003     0.000
    19.930    -0.002    -0.001    -0.001
    19.940     0.000    -0.001    -0.001
    19.950    -0.001     0.001     0.000
    19.960     0.001     0.001     0.003
    19.970     0.000    -0.002     0.004
    19.980    -0.001     0.000     0.000
    19.990     0.003     0.001     0.000
    20.000     0.000    -0.003    -0.001
    20.010    -0.003    -0.003    -0.002
    20.020     0.000    -0.002     0.001
    20.030     0.002     0.000     0.003
    20.040     0.001     0.001     0.001
    20.050    -0.002    -0.003    -0.001
    20.060     0.000    -0.003     0.001
    20.070    -0.002    -0.003    -0.002
    20.080    -0.001    -0.001     0.000
    20.090     0.002     0.000     0.002
    20.100    -0.001     0.000     0.000
    20.110     0.001     0.000     0.002
    20.120     0.000    -0.002     0.000
    20.130     0.001     0.001    -0.002
    20.140     0.001     0.000    -0.001
    20.150    -0.001    -0.004     0.003
    20.160    -0.001    -0.001     0.002
    20.170    -0.003     0.001    -0.001
    20.180     0.001    -0.001    -0.001
    20.190     0.004    -0.002     0.001
    20.200    -0.001    -0.002     0.002
    20.210    -0.001     0.000     0.001
    20.220     0.003     0.001    -0.001
    20.230    -0.001    -0.002    -0.003
    20.240    -0.002    -0.003    -0.003
    20.250     0.002    -0.001     0.000
    20.260     0.002     0.002     0.000
    20.270     0.001    -0.001    -0.001
    20.280    -0.001    -0.004     0.001
    20.290     0.001     0.001     0.000
    20.300     0.003     0.002     0.002
    20.310    -0.001     0.001     0.000
    20.320    -0.002    -0.001    -0.004
    20.330    -0.001    -0.002     0.001
    20.340    -0.001    -0.003     0.001
    20.350     0.000    -0.002     0.001
    20.360     0.000     0.001     0.001
    20.370     0.000    -0.002     0.000
    20.380    -0.001     0.000     0.000
    20.390    -0.003    -0.002    -0.004
    20.400    -0.002    -0.004     0.000
    20.410    -0.003    -0.002    -0.001
    20.420    -0.003    -0.003    -0.001
    20.430    -0.001    -0.001     0.002
    20.440    -0.004    -0.002    -0.005
    20.450    -0.001    -0.001    -0.001
    20.460    -0.001     0.000     0.000
    20.470    -0.003    -0.003    -0.005
    20.480    -0.002    -0.003     0.000
    20.490    -0.001    -0.003     0.000
    20.500    -0.001     0.000     0.000
    20.510     0.000     0.000     0.001
    20.520     0.002    -0.002     0.000
    20.530    -0.002     0.000    -0.002
    20.540     0.002    -0.002    -0.001
    20.550     0.003    -0.004     0.000
    20.560    -0.002    -0.002    -0.001
    20.570     0.001    -0.001     0.000
    20.580    -0.001     0.000    -0.001
    20.590     0.000     0.001     0.000
    20.600     0.002     0.001     0.003
    20.610    -0.001    -0.001     0.002
    20.620     0.000    -0.001     0.000
    20.630    -0.001     0.000    -0.001
    20.640    -0.003    -0.004    -0.001
    20.650    -0.002    -0.003    -0.001
    20.660    -0.003     0.000     0.000
    20.670     0.000    -0.002     0.001
    20.680     0.001     0.000     0.001
    20.690    -0.002    -0.003    -0.002
    20.700     0.002    -0.002     0.000
    20.710    -0.001     0.000     0.003
    20.720    -0.003    -0.004    -0.003
    20.730    -0.003    -0.002    -0.003
    20.740    -0.002    -0.001     0.000
    20.750     0.000     0.000     0.001
    20.760    -0.001    -0.001     0.001
    20.770     0.000    -0.001     0.000
    20.780    -0.002     0.000     0.000
    20.790    -0.002    -0.003     0.001
    20.800    -0.003    -0.003     0.000
    20.810    -0.002    -0.001    -0.004
    20.820     0.002    -0.002    -0.003
    20.830     0.001    -0.004     0.001
    20.840    -0.003    -0.001     0.002
    20.850    -0.003     0.000     0.000
    20.860     0.001    -0.001    -0.002
    20.870    -0.003    -0.004    -0.003
    20.880    -0.004    -0.005    -0.002
    20.890    -0.005    -0.002    -0.002
    20.900    -0.004    -0.003    -0.003
    20.910    -0.003    -0.005     0.002
    20.920    -0.008    -0.005     0.000
    20.930    -0.004    -0.002    -0.004
    20.940    -0.002     0.000    -0.003
    20.950    -0.002    -0.003     0.001
    20.960    -0.004    -0.004     0.007
    20.970    -0.005    -0.001    -0.004
    20.980    -0.003    -0.004    -0.004
    20.990    -0.003    -0.004     0.003
    21.000    -0.006    -0.001     0.001
    21.010    -0.007    -0.004    -0.001
    21.020    -0.001    -0.002    -0.007
    21.030    -0.001    -0.002    -0.003
    21.040    -0.006    -0.003     0.000
    21.050    -0.003    -0.004     0.000
    21.060    -0.002    -0.003    -0.002
    21.070    -0.005    -0.003    -0.003
    21.080    -0.004    -0.005    -0.003
    21.090    -0.005    -0.004    -0.005
    21.100    -0.006    -0.005     0.000
    21.110    -0.006    -0.002     0.000
    21.120    -0.004     0.000    -0.001
    21.130    -0.002    -0.004     0.000
    21.140    -0.006    -0.003    -0.003
    21.150    -0.006    -0.005    -0.001
    21.160    -0.005    -0.005    -0.003
    21.170    -0.005    -0.002    -0.005
    21.180    -0.007    -0.006    -0.002
    21.190    -0.005    -0.005    -0.003
    21.200    -0.005    -0.002    -0.005
    21.210    -0.007    -0.003     0.000
    21.220    -0.001    -0.002     0.001
    21.230    -0.002    -0.003    -0.003
    21.240    -0.002    -0.003    -0.002
    21.250    -0.002    -0.004     0.000
    21.260    -0.002    -0.003     0.000
    21.270    -0.003    -0.003     0.001
    21.280    -0.005    -0.004    -0.001
    21.290    -0.003    -0.002    -0.003
    21.300    -0.006    -0.005    -0.002
    21.310    -0.004    -0.004    -0.001
    21.320    -0.003    -0.002    -0.002
    21.330    -0.006    -0.003    -0.002
    21.340    -0.003    -0.001     0.001
    21.350    -0.005    -0.003    -0.001
    21.360    -0.006    -0.007    -0.003
    21.370    -0.004    -0.004     0.001
    21.380     0.000    -0.002    -0.001
    21.390    -0.003    -0.005    -0.001
    21.400    -0.006    -0.006     0.000
    21.410    -0.001    -0.004     0.001
    21.420    -0.002    -0.001     0.003
    21.430    -0.005    -0.004     0.000
    21.440    -0.005    -0.005    -0.003
    21.450    -0.004    -0.003    -0.003
    21.460     0.001    -0.002     0.000
    21.470    -0.002    -0.002    -0.003
    21.480    -0.004    -0.004    -0.002
    21.490    -0.001     0.000     0.003
    21.500    -0.001     0.000    -0.001
    21.510    -0.002    -0.006     0.003
    21.520    -0.003    -0.002     0.001
    21.530    -0.001    -0.001    -0.003
    21.540    -0.001    -0.004     0.003
    21.550    -0.005    -0.001    -0.002
    21.560    -0.005    -0.003    -0.005
    21.570    -0.002    -0.005     0.001
    21.580    -0.002     0.000     0.001
    21.590    -0.002    -0.002     0.000
    21.600    -0.001    -0.002     0.000
    21.610    -0.002    -0.002    -0.003
    21.620    -0.003    -0.005    -0.002
    21.630    -0.005    -0.004     0.001
    21.640    -0.003    -0.003    -0.002
    21.650    -0.001    -0.002    -0.003
    21.660    -0.003    -0.003    -0.002
    21.670    -0.001    -0.001    -0.001
    21.680    -0.004    -0.005    -0.002
    21.690    -0.002    -0.006     0.002
    21.700    -0.002    -0.001     0.002
    21.710    -0.007    -0.004    -0.003
    21.720    -0.002    -0.004     0.000
    21.730    -0.001    -0.003    -0.002
    21.740    -0.002    -0.004    -0.001
    21.750    -0.004    -0.003     0.004
    21.760    -0.003    -0.002    -0.002
    21.770     0.000     0.000     0.001
    21.780    -0.002    -0.003     0.000
    21.790    -0.001    -0.003    -0.001
    21.800    -0.003    -0.002     0.003
    21.810    -0.003    -0.005    -0.004
    21.820     0.000    -0.002    -0.002
    21.830    -0.003    -0.004     0.001
    21.840    -0.005    -0.005     0.000
    21.850    -0.003    -0.002    -0.002
    21.860    -0.004    -0.004     0.000
    21.870    -0.003    -0.002     0.001
    21.880    -0.001    -0.001    -0.001
    21.890    -0.003    -0.003     0.001
    21.900    -0.005    -0.004    -0.001
    21.910    -0.007    -0.004    -0.003
    21.920    -0.005    -0.005    -0.002
    21.930    -0.001    -0.003    -0.002
    21.940    -0.001    -0.001    -0.003
    21.950    -0.004    -0.004    -0.001
    21.960    -0.004    -0.003     0.003
    21.970    -0.001    -0.002    -0.001
    21.980    -0.003    -0.005    -0.002
    21.990    -0.001    -0.002     0.001
    22.000     0.000    -0.003     0.000
    22.010    -0.004    -0.005     0.000
    22.020    -0.002    -0.001    -0.003
    22.030    -0.001    -0.002    -0.003
    22.040    -0.006    -0.005    -0.001
    22.050    -0.004    -0.003    -0.002
    22.060    -0.005    -0.003     0.000
    22.070    -0.003    -0.005     0.000
    22.080    -0.002    -0.002    -0.004
    22.090    -0.003    -0.002    -0.001
    22.100     0.000    -0.004     0.000
    22.110    -0.001    -0.003     0.001
    22.120    -0.005    -0.003    -0.001
    22.130    -0.004    -0.003     0.000
    22.140     0.000    -0.001     0.000
    22.150    -0.001    -0.003    -0.003
    22.160    -0.003    -0.004     0.002
    22.170    -0.001    -0.003     0.000
    22.180    -0.004    -0.003    -0.002
    22.190    -0.004    -0.002     0.000
    22.200    -0.004    -0.002    -0.003
    22.210    -0.004    -0.003     0.000
    22.220    -0.003    -0.004    -0.001
    22.230    -0.001    -0.003    -0.002
    22.240    -0.004    -0.004     0.001
    22.250    -0.006    -0.003    -0.001
    22.260    -0.002    -0.002    -0.003
    22.270    -0.003    -0.004    -0.002
    22.280    -0.003    -0.002     0.003
    22.290    -0.002     0.000     0.000
    22.300    -0.001    -0.002     0.000
    22.310     0.003    -0.001     0.005
    22.320     0.001     0.002     0.000
    22.330     0.001     0.001     0.001
    22.340     0.001     0.000     0.002
    22.350    -0.002     0.000     0.001
    22.360     0.000    -0.004     0.003
    22.370     0.002     0.001     0.000
    22.380    -0.001     0.002    -0.002
    22.390    -0.001    -0.003     0.000
    22.400    -0.001    -0.001     0.001
    22.410    -0.002    -0.001    -0.003
    22.420     0.000    -0.002     0.000
    22.430     0.001     0.000     0.001
    22.440     0.002    -0.001     0.000
    22.450    -0.003    -0.003     0.003
    22.460    -0.001     0.000    -0.001
    22.470     0.002     0.001     0.000
    22.480    -0.003    -0.003     0.002
    22.490    -0.001     0.001    -0.001
    22.500     0.000     0.001     0.000
    22.510    -0.002    -0.001     0.000
    22.520    -0.001     0.000    -0.002
    22.530    -0.001    -0.001     0.001
    22.540    -0.001    -0.001     0.004
    22.550     0.002     0.002     0.002
    22.560     0.003     0.001     0.001
    22.570     0.000    -0.001     0.003
    22.580    -0.001     0.001    -0.001
    22.590     0.003    -0.001    -0.002
    22.600     0.000    -0.002     0.004
    22.610     0.001     0.001     0.004
    22.620     0.002     0.001     0.001
    22.630    -0.002    -0.001     0.000
    22.640    -0.003    -0.004     0.000
    22.650    -0.002    -0.003     0.001
    22.660    -0.002    -0.001     0.000
    22.670    -0.001     0.000     0.000
    22.680    -0.002    -0.002     0.001
    22.690    -0.003    -0.004     0.000
    22.700    -0.002    -0.002    -0.001
    22.710    -0.002    -0.003     0.000
    22.720    -0.002    -0.002     0.001
    22.730    -0.001     0.001     0.002
    22.740    -0.001    -0.002     0.003
    22.750    -0.002    -0.002     0.000
    22.760    -0.002    -0.001     0.000
    22.770     0.000    -0.002     0.000
    22.780    -0.001    -0.002     0.002
    22.790    -0.002     0.001     0.003
    22.800    -0.002    -0.002    -0.002
    22.810    -0.004    -0.005     0.000
    22.820    -0.002     0.001     0.000
    22.830    -0.004    -0.005     0.002
    22.840    -0.004    -0.004     0.004
    22.850     0.000     0.003    -0.004
    22.860    -0.002    -0.006     0.000
    22.870    -0.004    -0.004     0.004
    22.880    -0.007     0.000    -0.003
    22.890    -0.004    -0.006    -0.002
    22.900    -0.001    -0.003    -0.003
    22.910    -0.005    -0.003    -0.002
    22.920    -0.007    -0.004     0.002
    22.930    -0.008    -0.003     0.000
    22.940    -0.003    -0.002     0.000
    22.950    -0.002    -0.003     0.002
    22.960    -0.004    -0.002    -0.001
    22.970    -0.003    -0.001    -0.002
    22.980    -0.003    -0.003     0.002
    22.990    -0.002    -0.002    -0.001
    23.000    -0.003    -0.004    -0.001
    23.010     0.000    -0.003     0.005
    23.020    -0.002    -0.001     0.000
    23.030    -0.007    -0.005    -0.003
    23.040    -0.004    -0.005     0.000
    23.050    -0.005     0.001     0.000
    23.060    -0.005    -0.002    -0.001
    23.070    -0.005    -0.005    -0.002
    23.080    -0.004    -0.002    -0.003
    23.090    -0.005    -0.002     0.002
    23.100    -0.004    -0.002     0.001
    23.110    -0.002    -0.003    -0.002
    23.120    -0.006    -0.004     0.000
    23.130    -0.004    -0.002     0.000
    23.140    -0.001    -0.002    -0.001
    23.150    -0.007    -0.004    -0.002
    23.160    -0.007    -0.005    -0.002
    23.170    -0.003    -0.003     0.001
    23.180    -0.006    -0.001     0.002
    23.190    -0.002    -0.001     0.001
    23.200    -0.001    -0.002     0.000
    23.210    -0.006    -0.001     0.001
    23.220    -0.003    -0.003     0.001
    23.230    -0.004    -0.003    -0.004
    23.240    -0.007    -0.003     0.000
    23.250    -0.005    -0.004     0.000
    23.260    -0.004     0.000    -0.002
    23.270    -0.002    -0.002     0.000
    23.280    -0.002    -0.004     0.000
    23.290    -0.003    -0.002    -0.003
    23.300    -0.006    -0.005    -0.002
    23.310    -0.004    -0.004     0.000
    23.320    -0.003    -0.003    -0.001
    23.330    -0.004    -0.003     0.000
    23.340    -0.002    -0.001    -0.003
    23.350    -0.004    -0.002    -0.001
    23.360    -0.005    -0.005     0.000
    23.370    -0.003    -0.003     0.000
    23.380    -0.005    -0.001     0.003
    23.390    -0.006    -0.003    -0.002
    23.400    -0.002    -0.004    -0.001
    23.410    -0.004    -0.003    -0.001
    23.420    -0.001    -0.003    -0.002
    23.430    -0.002    -0.002     0.001
    23.440    -0.007    -0.001    -0.002
    23.450    -0.001    -0.004    -0.002
    23.460    -0.001    -0.002     0.001
    23.470    -0.002    -0.003     0.002
    23.480    -0.007    -0.005    -0.003
    23.490    -0.005    -0.002    -0.005
    23.500    -0.001    -0.004     0.000
    23.510    -0.006    -0.005     0.001
    23.520    -0.004    -0.002     0.001
    23.530    -0.004    -0.001     0.000
    23.540     0.000    -0.002     0.000
    23.550    -0.002    -0.002     0.001
    23.560    -0.004    -0.003    -0.002
    23.570    -0.003    -0.004    -0.003
    23.580    -0.005    -0.003    -0.001
    23.590    -0.001     0.000     0.003
    23.600    -0.002    -0.002     0.002
    23.610    -0.002    -0.002    -0.003
    23.620    -0.001     0.000     0.000
    23.630    -0.004    -0.001     0.003
    23.640    -0.002    -0.001     0.000
    23.650    -0.003    -0.001    -0.002
    23.660    -0.001    -0.003    -0.001
    23.670    -0.001     0.000     0.001
    23.680    -0.006    -0.003     0.000
    23.690     0.000    -0.003     0.001
    23.700    -0.002     0.000    -0.001
    23.710    -0.002    -0.001    -0.002
    23.720    -0.001    -0.001     0.001
    23.730    -0.005    -0.002    -0.001
    23.740    -0.001    -0.002     0.001
    23.750    -0.001    -0.001     0.000
    23.760     0.000    -0.001    -0.001
    23.770    -0.002     0.001     0.003
    23.780    -0.001    -0.002    -0.001
    23.790     0.001    -0.002     0.000
    23.800    -0.003     0.000     0.002
    23.810     0.000     0.001     0.002
    23.820     0.001     0.000     0.003
    23.830    -0.002    -0.001     0.002
    23.840    -0.001     0.000     0.000
    23.850    -0.004    -0.001    -0.003
    23.860    -0.001    -0.002     0.003
    23.870     0.001    -0.001     0.003
    23.880     0.001     0.001    -0.001
    23.890     0.001     0.000     0.002
    23.900    -0.002     0.001     0.001
    23.910     0.002     0.003     0.002
    23.920    -0.001    -0.003     0.003
    23.930    -0.002    -0.003    -0.003
    23.940     0.000    -0.001    -0.004
    23.950    -0.004    -0.002     0.000
    23.960     0.000     0.002     0.002
    23.970     0.000     0.000     0.002
    23.980     0.000    -0.002     0.000
    23.990     0.000     0.000    -0.001
    24.000    -0.002    -0.001     0.000
    24.010    -0.002    -0.004    -0.001
    24.020    -0.003     0.000    -0.002
    24.030     0.000     0.000     0.000
    24.040    -0.001     0.000     0.001
    24.050     0.000     0.000     0.001
    24.060     0.000    -0.003     0.001
    24.070    -0.001    -0.003     0.001
    24.080     0.003     0.000     0.000
    24.090     0.000     0.003    -0.003
    24.100     0.002     0.000     0.000
    24.110     0.003     0.000     0.002
    24.120    -0.005    -0.001     0.001
    24.130    -0.005    -0.003     0.001
    24.140     0.003     0.002    -0.002
    24.150     0.004     0.000    -0.002
    24.160     0.000     0.000    -0.001
    24.170    -0.002     0.000     0.001
    24.180    -0.003    -0.003     0.004
    24.190     0.002    -0.002     0.003
    24.200     0.003     0.002    -0.001
    24.210    -0.001     0.002    -0.001
    24.220     0.002    -0.002     0.000
    24.230     0.001    -0.003    -0.001
    24.240     0.000    -0.004     0.002
    24.250     0.000    -0.001     0.000
    24.260     0.001     0.002     0.000
    24.270     0.000    -0.001     0.001
    24.280     0.000     0.001    -0.002
    24.290    -0.001     0.000     0.000
    24.300    -0.003    -0.002    -0.001
    24.310    -0.001    -0.002    -0.001
    24.320    -0.003    -0.002     0.000
    24.330    -0.001    -0.001    -0.001
    24.340     0.003    -0.001     0.000
    24.350    -0.002     0.001     0.001
    24.360    -0.001    -0.001     0.001
    24.370     0.000    -0.004    -0.001
    24.380     0.000     0.000     0.001
    24.390    -0.002    -0.001     0.003
    24.400    -0.001    -0.002    -0.001
    24.410     0.001     0.001     0.000
    24.420     0.001     0.002     0.003
    24.430     0.003     0.003     0.002
    24.440     0.001     0.003    -0.001
    24.450     0.001    -0.002     0.000
    24.460     0.002     0.000     0.001
    24.470     0.000     0.002     0.002
    24.480     0.001     0.001     0.002
    24.490     0.003     0.003     0.000
    24.500     0.001     0.002     0.001
    24.510     0.000     0.001    -0.001
    24.520     0.003     0.001    -0.002
    24.530     0.001     0.000     0.001
    24.540     0.002     0.003     0.003
    24.550     0.002     0.002     0.003
    24.560     0.001     0.001     0.002
    24.570     0.003     0.002     0.003
    24.580     0.001    -0.001     0.001
    24.590     0.000     0.002     0.000
    24.600    -0.001     0.001     0.001
    24.610    -0.001    -0.001    -0.002
    24.620     0.001     0.002     0.001
    24.630     0.003     0.002     0.005
    24.640     0.003     0.002     0.001
    24.650     0.002     0.003     0.000
    24.660     0.001     0.001    -0.001
    24.670     0.003     0.002     0.001
    24.680     0.002     0.003     0.003
    24.690     0.003     0.002     0.003
    24.700     0.004     0.003     0.002
    24.710     0.003     0.003     0.002
    24.720     0.004     0.001     0.002
    24.730     0.000     0.002     0.003
    24.740    -0.002     0.002     0.001
    24.750     0.001    -0.003    -0.001
    24.760     0.002     0.001     0.003
    24.770     0.001     0.002     0.003
    24.780     0.000    -0.001    -0.001
    24.790    -0.001     0.001    -0.001
    24.800     0.002     0.002     0.002
    24.810     0.003     0.000     0.003
    24.820     0.000     0.001    -0.002
    24.830     0.001    -0.001     0.002
    24.840     0.000    -0.001     0.003
    24.850     0.001     0.002     0.000
    24.860     0.003     0.000     0.002
    24.870     0.002     0.000     0.001
    24.880     0.001     0.003    -0.001
    24.890     0.002     0.001    -0.001
    24.900     0.000     0.001     0.001
    24.910     0.002     0.002     0.003
    24.920     0.002     0.001     0.002
    24.930     0.001     0.001     0.003
    24.940     0.000     0.000    -0.001
    24.950    -0.001    -0.001    -0.002
    24.960     0.001     0.000     0.002
    24.970     0.001     0.000     0.000
    24.980     0.001     0.001     0.000
    24.990    -0.001     0.000     0.000
    25.000    -0.001     0.002     0.001
    25.010     0.003     0.001     0.003
    25.020     0.002    -0.001     0.002
    25.030     0.001     0.000     0.001
    25.040     0.000    -0.001     0.000
    25.050     0.001     0.001     0.002
    25.060    -0.001     0.000     0.001
    25.070     0.000     0.001     0.001
    25.080     0.002     0.002     0.002
    25.090    -0.002     0.000    -0.001
    25.100     0.000     0.000    -0.001
    25.110     0.000     0.000     0.001
    25.120     0.001     0.000     0.000
    25.130     0.001    -0.001     0.001
    25.140     0.001     0.004     0.002
    25.150     0.001     0.000    -0.002
    25.160    -0.002    -0.004    -0.002
    25.170     0.000     0.000    -0.004
    25.180    -0.001    -0.001    -0.002
    25.190     0.001    -0.001     0.002
    25.200     0.001     0.001     0.000
    25.210     0.001     0.001     0.004
    25.220     0.003     0.001     0.001
    25.230    -0.001     0.000    -0.002
    25.240     0.000    -0.001     0.001
    25.250     0.003     0.000     0.002
    25.260    -0.001     0.000     0.000
    25.270    -0.003    -0.002    -0.001
    25.280     0.001     0.000     0.000
    25.290     0.001     0.002     0.000
    25.300     0.000     0.003     0.000
    25.310     0.003     0.002     0.004
    25.320     0.000     0.001     0.003
    25.330    -0.002     0.003     0.000
    25.340     0.000     0.003     0.000
    25.350     0.001     0.001    -0.002
    25.360     0.004    -0.004     0.000
    25.370     0.000    -0.004     0.005
    25.380    -0.008    -0.001     0.000
    25.390    -0.001     0.001    -0.003
    25.400     0.003     0.004     0.001
    25.410    -0.003     0.002     0.001
    25.420     0.000     0.000     0.002
    25.430     0.003    -0.002     0.001
    25.440     0.003     0.001     0.003
    25.450     0.001     0.004     0.005
    25.460    -0.001     0.000     0.000
    25.470     0.002     0.003    -0.003
    25.480     0.002     0.002     0.002
    25.490     0.003     0.000     0.005
    25.500     0.000     0.002     0.000
    25.510    -0.002    -0.001    -0.001
    25.520     0.003     0.000    -0.001
    25.530     0.001    -0.001     0.002
    25.540     0.000     0.000     0.001
    25.550     0.001     0.001    -0.001
    25.560    -0.001     0.000     0.002
    25.570     0.001     0.000     0.001
    25.580     0.003    -0.001     0.000
    25.590     0.002     0.001     0.001
    25.600     0.001     0.001     0.001
    25.610     0.002     0.002     0.003
    25.620     0.001     0.003     0.000
    25.630     0.002     0.000     0.001
    25.640     0.004     0.002     0.004
    25.650    -0.001     0.000     0.001
    25.660     0.000     0.001     0.001
    25.670     0.003     0.002     0.001
    25.680     0.000     0.002    -0.001
    25.690     0.001     0.000     0.002
    25.700     0.001     0.001     0.000
    25.710     0.001     0.003     0.002
    25.720     0.004     0.001     0.004
    25.730     0.001     0.000     0.000
    25.740     0.002     0.002     0.003
    25.750     0.004     0.003     0.005
    25.760     0.002     0.001     0.001
    25.770     0.003     0.002     0.000
    25.780     0.001     0.002     0.000
    25.790     0.003     0.001     0.000
    25.800     0.003     0.001     0.004
    25.810     0.001     0.002     0.004
    25.820     0.002     0.002     0.001
    25.830     0.001     0.000    -0.001
    25.840     0.001     0.001     0.002
    25.850     0.001     0.001     0.001
    25.860     0.003     0.001     0.000
    25.870     0.005     0.004     0.004
    25.880     0.003     0.003     0.001
    25.890     0.002     0.002     0.003
    25.900     0.004     0.001     0.001
    25.910     0.002     0.001     0.000
    25.920     0.002     0.004     0.005
    25.930     0.007     0.003     0.000
    25.940     0.003     0.002    -0.002
    25.950     0.001     0.003     0.001
    25.960     0.003     0.001     0.001
    25.970     0.000     0.000     0.000
    25.980     0.002     0.001     0.001
    25.990     0.004     0.003     0.004
    26.000     0.000     0.002     0.003
    26.010     0.003     0.002     0.001
    26.020     0.003     0.000     0.000
    26.030    -0.001    -0.001     0.002
    26.040    -0.001     0.002     0.002
    26.050     0.000     0.002    -0.001
    26.060     0.002     0.002     0.002
    26.070     0.002     0.001     0.002
    26.080     0.004     0.001     0.000
    26.090     0.004     0.005     0.002
    26.100     0.001     0.002     0.000
    26.110     0.000     0.000     0.003
    26.120     0.000     0.001     0.001
    26.130     0.002     0.001    -0.002
    26.140     0.004     0.001    -0.002
    26.150     0.004     0.002     0.001
    26.160     0.004     0.002     0.004
    26.170     0.004     0.001     0.000
    26.180     0.003     0.003     0.000
    26.190     0.001     0.000     0.001
    26.200     0.005     0.001     0.002
    26.210     0.004     0.004     0.000
    26.220     0.003     0.002     0.000
    26.230     0.004     0.002     0.000
    26.240    -0.002    -0.001     0.001
    26.250     0.003     0.002     0.003
    26.260     0.005     0.003     0.001
    26.270     0.000     0.001     0.002
    26.280     0.002     0.004     0.000
    26.290     0.001     0.003     0.001
    26.300     0.003     0.003     0.003
    26.310     0.003     0.002     0.000
    26.320     0.002     0.001     0.003
    26.330     0.003     0.003     0.001
    26.340     0.002     0.001     0.000
    26.350     0.002     0.001    -0.001
    26.360     0.000     0.002    -0.003
    26.370     0.003     0.002     0.002
    26.380     0.003     0.001     0.000
    26.390     0.001    -0.001     0.001
    26.400     0.003     0.001     0.003
    26.410     0.000     0.003    -0.001
    26.420     0.001     0.001     0.002
    26.430     0.002    -0.001     0.001
    26.440     0.000     0.000    -0.001
    26.450     0.000     0.001    -0.003
    26.460     0.001     0.001     0.001
    26.470     0.001     0.000     0.003
    26.480    -0.002     0.000     0.000
    26.490     0.001    -0.001     0.001
    26.500     0.002     0.002     0.001
    26.510    -0.002     0.002     0.001
    26.520     0.000    -0.002     0.000
    26.530     0.001    -0.001    -0.001
    26.540    -0.002     0.000     0.001
    26.550    -0.001    -0.001     0.000
    26.560     0.001     0.002     0.003
    26.570     0.002     0.000     0.003
    26.580     0.003     0.002    -0.001
    26.590     0.001     0.003     0.000
    26.600    -0.001    -0.002     0.002
    26.610    -0.002    -0.002     0.000
    26.620     0.001     0.001     0.000
    26.630     0.002     0.000     0.003
    26.640    -0.001     0.000     0.000
    26.650     0.000     0.000    -0.002
    26.660     0.000    -0.002     0.000
    26.670     0.003     0.001     0.000
    26.680     0.003     0.002     0.001
    26.690     0.001     0.001     0.002
    26.700     0.002     0.002    -0.001
    26.710     0.000     0.000     0.000
    26.720    -0.002    -0.001     0.000
    26.730     0.000     0.000    -0.001
    26.740     0.000    -0.001     0.000
    26.750    -0.003     0.001     0.001
    26.760     0.001     0.001     0.001
    26.770     0.003    -0.001     0.001
    26.780     0.000     0.000     0.000
    26.790     0.000     0.000    -0.002
    26.800    -0.001    -0.003    -0.003
    26.810    -0.002    -0.001    -0.003
    26.820     0.002     0.003     0.000
    26.830     0.005     0.001     0.003
    26.840     0.000    -0.002     0.003
    26.850    -0.001     0.000     0.002
    26.860     0.002     0.001     0.000
    26.870    -0.002     0.001    -0.001
    26.880     0.000     0.000     0.000
    26.890     0.000     0.001     0.000
    26.900    -0.002    -0.003    -0.001
    26.910     0.000    -0.003     0.000
    26.920    -0.003    -0.002     0.002
    26.930     0.000    -0.002     0.000
    26.940     0.002     0.001    -0.002
    26.950    -0.001    -0.001    -0.001
    26.960     0.001     0.000     0.000
    26.970    -0.002    -0.001    -0.002
    26.980    -0.002    -0.007    -0.001
    26.990     0.000    -0.002     0.001
    27.000    -0.002     0.000     0.000
    27.010     0.000    -0.001     0.000
    27.020     0.001    -0.001    -0.002
    27.030    -0.004     0.000    -0.001
    27.040    -0.002     0.000    -0.001
    27.050     0.000    -0.002    -0.001
    27.060     0.001     0.002     0.003
    27.070     0.001     0.000     0.003
    27.080    -0.002    -0.002     0.002
    27.090     0.000     0.001     0.000
    27.100    -0.001    -0.002    -0.001
    27.110    -0.001     0.000    -0.003
    27.120    -0.001     0.001    -0.002
    27.130    -0.001    -0.001     0.001
    27.140     0.002     0.000     0.002
    27.150    -0.003    -0.001     0.002
    27.160    -0.004    -0.001    -0.003
    27.170     0.000     0.001    -0.002
    27.180    -0.002     0.000     0.001
    27.190    -0.001     0.000    -0.002
    27.200    -0.001    -0.001     0.000
    27.210     0.000     0.001     0.004
    27.220     0.000     0.000    -0.001
    27.230    -0.002    -0.004    -0.002
    27.240    -0.002    -0.003     0.001
    27.250    -0.001     0.000    -0.002
    27.260     0.002     0.002     0.001
    27.270     0.001     0.002     0.002
    27.280     0.001     0.001     0.000
    27.290    -0.001    -0.004     0.001
    27.300    -0.004    -0.001     0.000
    27.310     0.000     0.001     0.001
    27.320     0.000     0.000     0.002
    27.330     0.000     0.003     0.001
    27.340     0.001     0.000     0.000
    27.350     0.000     0.000     0.000
    27.360    -0.001     0.001     0.001
    27.370    -0.003    -0.002     0.002
    27.380     0.001     0.003     0.003
    27.390     0.002     0.002     0.001
    27.400    -0.002    -0.001    -0.001
    27.410     0.001     0.001     0.000
    27.420    -0.002     0.000     0.001
    27.430    -0.001    -0.001     0.000
    27.440     0.001    -0.001     0.002
    27.450     0.000     0.000     0.001
    27.460     0.001     0.001     0.000
    27.470    -0.001     0.000     0.001
    27.480    -0.001    -0.001     0.000
    27.490     0.000     0.000     0.002
    27.500    -0.001     0.001     0.000
    27.510     0.000    -0.001     0.000
    27.520    -0.002    -0.001     0.001
    27.530    -0.002     0.000     0.000
    27.540     0.001    -0.001     0.000
    27.550    -0.001     0.000     0.001
    27.560    -0.002    -0.001     0.003
    27.570    -0.001    -0.003    -0.004
    27.580    -0.003    -0.001    -0.001
    27.590    -0.002    -0.001     0.003
    27.600    -0.002     0.001     0.002
    27.610     0.000    -0.001     0.003
    27.620    -0.001    -0.003     0.000
    27.630    -0.005    -0.002     0.001
    27.640    -0.002     0.000    -0.002
    27.650     0.000     0.001    -0.001
    27.660    -0.004    -0.003     0.003
    27.670    -0.002     0.000     0.001
    27.680     0.000    -0.002     0.000
    27.690     0.000    -0.004     0.001
    27.700    -0.001     0.001     0.000
    27.710    -0.004    -0.001    -0.002
    27.720    -0.002    -0.001     0.001
    27.730    -0.001     0.000     0.000
    27.740    -0.001     0.000     0.001
    27.750     0.001     0.001     0.004
    27.760    -0.003    -0.004    -0.001
    27.770    -0.007    -0.003    -0.001
    27.780    -0.003     0.000     0.000
    27.790     0.002     0.000     0.002
    27.800     0.002     0.002     0.005
    27.810    -0.002     0.000     0.001
    27.820    -0.003    -0.003     0.001
    27.830     0.002     0.002     0.000
    27.840     0.000    -0.001     0.000
    27.850    -0.001     0.000     0.000
    27.860     0.002     0.004    -0.003
    27.870    -0.001    -0.002     0.002
    27.880     0.000     0.001     0.000
    27.890     0.002     0.003    -0.003
    27.900     0.003     0.002     0.003
    27.910     0.003     0.005     0.000
    27.920    -0.002     0.001    -0.001
    27.930     0.001     0.000     0.002
    27.940     0.002     0.001    -0.002
    27.950    -0.001    -0.002    -0.003
    27.960     0.002     0.002     0.002
    27.970     0.004     0.004     0.003
    27.980     0.003     0.000     0.002
    27.990     0.000     0.001     0.000
    28.000     0.002     0.002     0.001
    28.010     0.002     0.002     0.000
    28.020     0.002     0.002     0.001
    28.030     0.002     0.001     0.004
    28.040     0.002     0.002     0.002
    28.050     0.003     0.001     0.000
    28.060     0.002     0.000    -0.001
    28.070     0.001     0.002    -0.001
    28.080     0.001     0.000    -0.001
    28.090     0.002     0.001    -0.003
    28.100     0.001     0.001     0.000
    28.110     0.002     0.001     0.001
    28.120     0.003     0.004     0.000
    28.130     0.002     0.001     0.000
    28.140     0.004     0.002     0.000
    28.150     0.005     0.004     0.000
    28.160     0.003     0.002    -0.002
    28.170     0.003     0.003     0.001
    28.180     0.003     0.003     0.002
    28.190     0.001     0.002     0.000
    28.200     0.002     0.000    -0.003
    28.210     0.004     0.003    -0.001
    28.220     0.000     0.003     0.000
    28.230     0.001     0.002    -0.001
    28.240     0.000     0.000    -0.002
    28.250     0.002     0.000    -0.004
    28.260     0.004     0.003     0.000
    28.270     0.003     0.001     0.001
    28.280     0.003     0.001     0.001
    28.290     0.001     0.001     0.000
    28.300     0.003     0.000    -0.001
    28.310     0.003     0.002     0.001
    28.320     0.003     0.002    -0.001
    28.330     0.002    -0.001    -0.001
    28.340     0.003     0.001     0.002
    28.350     0.003     0.003     0.001
    28.360     0.001     0.001     0.003
    28.370     0.003     0.001     0.000
    28.380     0.002     0.001    -0.003
    28.390     0.004     0.002     0.001
    28.400     0.004     0.003     0.000
    28.410     0.002     0.000    -0.001
    28.420     0.002     0.002     0.000
    28.430     0.000     0.002    -0.002
    28.440     0.003     0.000     0.001
    28.450     0.001     0.000     0.002
    28.460    -0.001     0.000     0.000
    28.470    -0.001     0.001    -0.002
    28.480     0.000     0.001    -0.003
    28.490     0.000     0.002     0.000
    28.500    -0.002    -0.002    -0.002
    28.510    -0.002    -0.004    -0.002
    28.520     0.001     0.002     0.003
    28.530     0.001     0.001    -0.001
    28.540     0.002     0.000     0.000
    28.550     0.000     0.002     0.000
    28.560     0.002     0.003     0.000
    28.570     0.002     0.002     0.002
    28.580    -0.001    -0.003     0.000
    28.590     0.003     0.001     0.002
    28.600     0.003     0.002     0.002
    28.610     0.000     0.001     0.000
    28.620     0.002     0.001    -0.002
    28.630     0.001     0.000    -0.002
    28.640     0.001     0.002    -0.001
    28.650     0.000     0.001    -0.001
    28.660     0.000     0.001     0.003
    28.670     0.003     0.003     0.003
    28.680     0.003    -0.001     0.002
    28.690     0.001    -0.002     0.001
    28.700    -0.001     0.002    -0.002
    28.710     0.002     0.001     0.001
    28.720     0.001     0.001    -0.001
    28.730    -0.002     0.000     0.000
    28.740     0.000    -0.002     0.001
    28.750     0.002    -0.002     0.000
    28.760     0.003     0.001     0.005
    28.770     0.003     0.002     0.001
    28.780     0.000     0.003    -0.002
    28.790    -0.001     0.002     0.000
    28.800     0.002     0.001    -0.001
    28.810     0.002     0.000    -0.003
    28.820    -0.001    -0.002     0.000
    28.830     0.002     0.002     0.003
    28.840    -0.002     0.000    -0.001
    28.850     0.000    -0.003     0.000
    28.860     0.003     0.001    -0.003
    28.870     0.001     0.001    -0.004
    28.880     0.002     0.002     0.002
    28.890     0.000     0.001     0.001
    28.900     0.001     0.001     0.003
    28.910     0.003     0.002     0.000
    28.920     0.006     0.001     0.000
    28.930     0.003     0.002    -0.001
    28.940    -0.002    -0.001    -0.004
    28.950     0.003     0.001     0.001
    28.960    -0.001     0.002    -0.001
    28.970     0.001     0.000    -0.001
    28.980     0.001    -0.001    -0.003
    28.990    -0.001     0.001    -0.001
    29.000     0.004     0.003     0.003
    29.010     0.002     0.002     0.000
    29.020     0.004     0.004     0.000
    29.030     0.003    -0.001     0.000
    29.040     0.003     0.001     0.000
    29.050     0.003     0.003    -0.003
    29.060     0.000    -0.003    -0.002
    29.070     0.005     0.003     0.001
    29.080     0.002     0.002    -0.003
    29.090     0.000     0.002     0.000
    29.100     0.004     0.004     0.000
    29.110     0.002     0.002    -0.001
    29.120     0.001     0.001    -0.001
    29.130     0.000     0.000    -0.004
    29.140     0.003     0.003     0.003
    29.150     0.003     0.002     0.000
    29.160     0.001     0.000    -0.001
    29.170     0.003     0.001     0.000
    29.180     0.001     0.001    -0.002
    29.190     0.000     0.003     0.000
    29.200     0.002     0.001    -0.002
    29.210     0.001     0.000     0.003
    29.220     0.001     0.003     0.000
    29.230     0.002     0.003    -0.002
    29.240    -0.001     0.000    -0.001
    29.250    -0.001    -0.002    -0.003
    29.260     0.001     0.000     0.001
    29.270    -0.001     0.000     0.000
    29.280     0.000     0.003     0.001
    29.290     0.002     0.001    -0.003
    29.300    -0.004    -0.003    -0.004
    29.310     0.000     0.002    -0.001
    29.320     0.003     0.000    -0.003
    29.330     0.000    -0.002     0.001
    29.340     0.001     0.002     0.000
    29.350     0.000     0.000    -0.001
    29.360     0.002     0.001     0.000
    29.370     0.002     0.001    -0.003
    29.380     0.000    -0.002    -0.001
    29.390     0.001     0.002     0.004
    29.400     0.002     0.002     0.003
    29.410     0.001    -0.002    -0.004
    29.420     0.000    -0.002    -0.003
    29.430    -0.001     0.000    -0.001
    29.440    -0.001     0.001    -0.004
    29.450     0.000     0.000     0.002
    29.460    -0.001     0.000     0.001
    29.470     0.000     0.000    -0.003
    29.480     0.001     0.000     0.000
    29.490    -0.001     0.000    -0.001
    29.500     0.000    -0.003     0.000
    29.510     0.000    -0.001    -0.001
    29.520    -0.001     0.001    -0.001
    29.530     0.001     0.001     0.000
    29.540    -0.001    -0.001     0.000
    29.550    -0.002     0.000     0.002
    29.560     0.000     0.001     0.000
    29.570     0.000     0.000     0.000
    29.580    -0.001     0.002    -0.001
    29.590    -0.001    -0.001    -0.002
    29.600     0.002     0.001     0.000
    29.610     0.001     0.001     0.000
    29.620    -0.001    -0.001     0.000
    29.630     0.000     0.002     0.001
    29.640     0.000     0.001     0.000
    29.650     0.001    -0.002    -0.004
    29.660     0.000    -0.001     0.002
    29.670    -0.003     0.000     0.003
    29.680    -0.001    -0.002    -0.003
    29.690    -0.001     0.001     0.000
    29.700    -0.002     0.002    -0.001
    29.710    -0.001     0.000    -0.002
    29.720     0.001    -0.001    -0.002
    29.730     0.001    -0.001     0.000
    29.740    -0.003    -0.001     0.000
    29.750    -0.002    -0.003    -0.002
    29.760    -0.001    -0.004    -0.003
    29.770    -0.003    -0.001    -0.003
    29.780     0.000    -0.003     0.000
    29.790    -0.001    -0.002     0.000
    29.800     0.000     0.001     0.000
    29.810     0.000    -0.002    -0.001
    29.820    -0.002    -0.002    -0.004
    29.830     0.001    -0.001    -0.001
    29.840     0.000    -0.002     0.001
    29.850     0.000    -0.001     0.000
    29.860     0.001    -0.003     0.000
    29.870    -0.001    -0.002    -0.002
    29.880    -0.001     0.000    -0.003
    29.890     0.001    -0.001    -0.001
    29.900    -0.002    -0.002     0.001
    29.910    -0.002    -0.001     0.001
    29.920     0.001    -0.001     0.000
    29.930    -0.001    -0.003     0.000
    29.940    -0.003     0.000    -0.003
    29.950    -0.004     0.000    -0.001
    29.960     0.000     0.001    -0.001
    29.970    -0.001     0.000     0.000
    29.980    -0.005    -0.003    -0.001
    29.990    -0.003    -0.003    -0.005
    30.000    -0.002    -0.004    -0.002
    30.010    -0.002     0.002    -0.004
    30.020    -0.002    -0.001    -0.003
    30.030    -0.001    -0.004    -0.001
    30.040    -0.002    -0.004    -0.001
    30.050     0.000    -0.004     0.000
    30.060    -0.002     0.000    -0.002
    30.070    -0.004    -0.002    -0.001
    30.080    -0.001    -0.001     0.000
    30.090    -0.002    -0.003     0.000
    30.100    -0.002    -0.003     0.001
    30.110    -0.004     0.001    -0.002
    30.120    -0.001     0.001    -0.001
    30.130     0.001     0.001     0.002
    30.140    -0.001     0.000     0.000
    30.150     0.001    -0.001     0.003
    30.160    -0.003    -0.001     0.001
    30.170    -0.005     0.000    -0.002
    30.180    -0.001    -0.004    -0.001
    30.190    -0.002    -0.004     0.001
    30.200    -0.001    -0.001     0.003
    30.210     0.001     0.000     0.000
    30.220    -0.001    -0.001    -0.003
    30.230    -0.001     0.000     0.000
    30.240    -0.001     0.001    -0.001
    30.250    -0.004    -0.003    -0.001
    30.260    -0.002    -0.003     0.000
    30.270     0.000     0.001     0.001
    30.280     0.001     0.003     0.002
    30.290     0.002     0.001     0.000
    30.300    -0.003    -0.002    -0.001
    30.310    -0.003    -0.002     0.000
    30.320     0.000    -0.001     0.000
    30.330    -0.003    -0.002     0.000
    30.340    -0.003    -0.002     0.001
    30.350    -0.001    -0.001    -0.001
    30.360     0.000    -0.002     0.001
    30.370    -0.001    -0.002     0.001
    30.380    -0.004    -0.002    -0.001
    30.390    -0.001     0.000    -0.001
    30.400     0.000    -0.001    -0.004
    30.410    -0.005    -0.003    -0.001
    30.420    -0.003    -0.001     0.001
    30.430     0.001    -0.001    -0.002
    30.440     0.000    -0.002     0.001
    30.450    -0.003    -0.001     0.004
    30.460    -0.005    -0.004     0.000
    30.470    -0.002    -0.003    -0.003
    30.480    -0.001     0.003    -0.005
    30.490     0.001     0.001     0.000
    30.500    -0.002    -0.004     0.005
    30.510    -0.004    -0.003     0.002
    30.520     0.001     0.001    -0.002
    30.530     0.002     0.002    -0.002
    30.540     0.001    -0.001     0.000
    30.550    -0.004     0.000     0.000
    30.560    -0.004    -0.001    -0.002
    30.570    -0.002    -0.003    -0.004
    30.580    -0.002    -0.002    -0.002
    30.590    -0.002    -0.001     0.000
    30.600    -0.001     0.001     0.001
    30.610     0.001     0.000    -0.001
    30.620     0.000     0.000    -0.001
    30.630    -0.001     0.000     0.000
    30.640    -0.002     0.001     0.002
    30.650    -0.002    -0.001     0.002
    30.660    -0.002    -0.006     0.000
    30.670    -0.004    -0.003    -0.001
    30.680    -0.004    -0.001    -0.004
    30.690    -0.002    -0.003    -0.002
    30.700    -0.002     0.000     0.000
    30.710    -0.002     0.000     0.000
    30.720     0.000    -0.002     0.001
    30.730     0.000    -0.003    -0.003
    30.740    -0.003    -0.003     0.000
    30.750    -0.004     0.000     0.000
    30.760    -0.002    -0.002    -0.002
    30.770    -0.002    -0.003     0.000
    30.780     0.000     0.002    -0.002
    30.790     0.001     0.001     0.000
    30.800    -0.002    -0.004    -0.001
    30.810     0.001    -0.001     0.000
    30.820    -0.001     0.001     0.000
    30.830    -0.004    -0.002    -0.006
    30.840    -0.001    -0.002    -0.001
    30.850    -0.002    -0.005     0.000
    30.860    -0.001    -0.002    -0.003
    30.870     0.000     0.001    -0.002
    30.880     0.000     0.001    -0.002
    30.890     0.000     0.002     0.000
    30.900    -0.003    -0.003    -0.001
    30.910    -0.002    -0.005    -0.002
    30.920    -0.001    -0.002    -0.002
    30.930     0.000     0.002    -0.001
    30.940    -0.002     0.002     0.000
    30.950    -0.002    -0.004    -0.003
    30.960     0.002    -0.004    -0.001
    30.970     0.000     0.001     0.001
    30.980     0.000     0.004    -0.001
    30.990     0.002     0.005    -0.002
    31.000     0.000     0.000    -0.001
    31.010     0.003    -0.002     0.002
    31.020     0.002    -0.003     0.002
    31.030    -0.003    -0.001     0.001
    31.040     0.001     0.003    -0.003
    31.050     0.000     0.000    -0.002
    31.060    -0.002    -0.003     0.002
    31.070    -0.001     0.000    -0.001
    31.080     0.000     0.003     0.001
    31.090     0.000     0.000     0.000
    31.100     0.000     0.000    -0.001
    31.110     0.000     0.000     0.001
    31.120    -0.001    -0.002     0.001
    31.130    -0.001     0.001     0.000
    31.140     0.001     0.002    -0.001
    31.150     0.001     0.002    -0.001
    31.160     0.002    -0.001     0.000
    31.170     0.002     0.000     0.001
    31.180    -0.001     0.000    -0.002
    31.190     0.002     0.000    -0.002
    31.200     0.002     0.001     0.000
    31.210    -0.001     0.000    -0.002
    31.220     0.001     0.001     0.000
    31.230     0.002     0.001     0.002
    31.240     0.003     0.002     0.001
    31.250     0.003    -0.001     0.001
    31.260    -0.001    -0.002    -0.001
    31.270     0.000     0.004    -0.002
    31.280     0.002     0.002     0.000
    31.290     0.002     0.000    -0.001
    31.300     0.001     0.002    -0.001
    31.310     0.000    -0.001    -0.001
    31.320     0.002    -0.001    -0.002
    31.330     0.001    -0.002     0.000
    31.340     0.001     0.001    -0.001
    31.350     0.001     0.005     0.000
    31.360    -0.001     0.001     0.002
    31.370     0.002     0.001     0.000
    31.380     0.002     0.000     0.000
    31.390    -0.001     0.000    -0.001
    31.400     0.002     0.003     0.000
    31.410     0.001    -0.001    -0.002
    31.420    -0.001     0.001    -0.005
    31.430     0.003     0.006    -0.001
    31.440     0.004     0.001     0.002
    31.450     0.001    -0.002     0.001
    31.460     0.001     0.000     0.001
    31.470     0.001    -0.002     0.000
    31.480     0.001     0.002    -0.003
    31.490     0.001     0.005    -0.003
    31.500    -0.001     0.002     0.000
    31.510     0.003     0.004    -0.001
    31.520     0.003    -0.001    -0.001
    31.530    -0.001    -0.004     0.000
    31.540     0.000     0.000    -0.003
    31.550     0.000     0.000    -0.002
    31.560     0.001     0.003    -0.001
    31.570     0.002     0.002    -0.001
    31.580     0.003     0.000     0.000
    31.590     0.003     0.001     0.002
    31.600     0.002     0.002     0.004
    31.610     0.003     0.002     0.004
    31.620     0.003    -0.001     0.001
    31.630     0.003     0.002    -0.001
    31.640     0.004     0.006     0.001
    31.650     0.006     0.003     0.001
    31.660     0.008     0.001     0.000
    31.670     0.006    -0.002     0.001
    31.680     0.008     0.000     0.002
    31.690     0.010     0.003    -0.001
    31.700     0.009     0.002    -0.001
    31.710     0.012     0.005     0.001
    31.720     0.013     0.008     0.000
    31.730     0.011     0.006     0.003
    31.740     0.012     0.000     0.004
    31.750     0.011     0.002     0.002
    31.760     0.009     0.005     0.001
    31.770     0.009     0.007     0.001
    31.780     0.011     0.010     0.000
    31.790     0.011     0.005     0.001
    31.800     0.013     0.003     0.003
    31.810     0.015     0.003     0.000
    31.820     0.013     0.005     0.003
    31.830     0.012     0.009     0.002
    31.840     0.009     0.008     0.003
    31.850     0.005     0.007     0.006
    31.860     0.005     0.007     0.001
    31.870     0.012     0.007     0.004
    31.880     0.013     0.008     0.001
    31.890     0.014     0.009    -0.002
    31.900     0.013     0.008     0.001
    31.910     0.005     0.007     0.001
    31.920     0.000     0.010     0.005
    31.930    -0.008     0.004     0.003
    31.940    -0.021     0.000     0.005
    31.950    -0.032     0.002     0.001
    31.960    -0.035    -0.002     0.004
    31.970    -0.035     0.002     0.011
    31.980    -0.030     0.006     0.000
    31.990    -0.020    -0.002    -0.002
    32.000    -0.013    -0.008     0.002
    32.010    -0.013    -0.012     0.002
    32.020    -0.018    -0.012     0.004
    32.030    -0.021    -0.007     0.000
    32.040    -0.022    -0.006     0.003
    32.050    -0.024    -0.011     0.006
    32.060    -0.023    -0.011     0.006
    32.070    -0.018    -0.009     0.004
    32.080    -0.012    -0.009     0.004
    32.090     0.002    -0.009     0.002
    32.100     0.015    -0.008    -0.008
    32.110     0.024    -0.004    -0.010
    32.120     0.026    -0.002    -0.011
    32.130     0.006    -0.008    -0.008
    32.140    -0.023    -0.016    -0.002
    32.150    -0.039    -0.021     0.001
    32.160    -0.037    -0.018     0.007
    32.170    -0.021    -0.009     0.003
    32.180    -0.005     0.003    -0.004
    32.190     0.007     0.003    -0.009
    32.200     0.018    -0.009    -0.007
    32.210     0.026    -0.017    -0.003
    32.220     0.025    -0.017    -0.010
    32.230     0.023    -0.007    -0.014
    32.240     0.017     0.004    -0.015
    32.250     0.004     0.005    -0.008
    32.260     0.001     0.006     0.008
    32.270     0.010     0.004     0.015
    32.280     0.019     0.001     0.013
    32.290     0.012     0.002     0.005
    32.300    -0.016     0.003    -0.004
    32.310    -0.049     0.001    -0.007
    32.320    -0.059    -0.003    -0.013
    32.330    -0.021    -0.004    -0.018
    32.340     0.038     0.000    -0.022
    32.350     0.078     0.004    -0.025
    32.360     0.080     0.008    -0.023
    32.370     0.052     0.009    -0.006
    32.380     0.021     0.007     0.015
    32.390     0.009     0.009     0.024
    32.400     0.026     0.019     0.027
    32.410     0.038     0.030     0.019
    32.420     0.013     0.027     0.000
    32.430    -0.026     0.019    -0.012
    32.440    -0.026     0.013    -0.016
    32.450     0.014     0.007    -0.015
    32.460     0.062     0.014    -0.011
    32.470     0.081     0.028    -0.004
    32.480     0.039     0.029     0.010
    32.490    -0.027     0.025     0.025
    32.500    -0.084     0.014     0.031
    32.510    -0.117     0.003     0.027
    32.520    -0.109     0.003     0.007
    32.530    -0.050     0.004    -0.014
    32.540     0.040     0.005    -0.027
    32.550     0.098     0.008    -0.031
    32.560     0.106     0.002    -0.019
    32.570     0.059    -0.014     0.004
    32.580    -0.016    -0.020     0.033
    32.590    -0.053    -0.007     0.057
    32.600    -0.037     0.013     0.066
    32.610     0.005     0.026     0.057
    32.620     0.030     0.022     0.023
    32.630     0.003     0.002    -0.011
    32.640    -0.086    -0.021    -0.031
    32.650    -0.159    -0.026    -0.033
    32.660    -0.114    -0.023    -0.013
    32.670     0.017    -0.020     0.010
    32.680     0.112    -0.005     0.010
    32.690     0.112     0.011    -0.002
    32.700     0.052     0.013     0.012
    32.710    -0.031    -0.006     0.037
    32.720    -0.102    -0.030     0.039
    32.730    -0.100    -0.042     0.020
    32.740    -0.005    -0.039    -0.003
    32.750     0.089    -0.020    -0.028
    32.760     0.079    -0.001    -0.074
    32.770    -0.008     0.011    -0.094
    32.780    -0.073    -0.004    -0.057
    32.790    -0.049    -0.022    -0.007
    32.800     0.031    -0.017     0.021
    32.810     0.077    -0.011     0.021
    32.820     0.079    -0.004     0.019
    32.830     0.044    -0.009     0.017
    32.840    -0.032    -0.021     0.004
    32.850    -0.092    -0.008    -0.013
    32.860    -0.067     0.002    -0.022
    32.870     0.044     0.004    -0.022
    32.880     0.152     0.012    -0.036
    32.890     0.163     0.016    -0.043
    32.900     0.070     0.019    -0.015
    32.910    -0.042     0.007     0.028
    32.920    -0.105    -0.010     0.063
    32.930    -0.105    -0.008     0.066
    32.940    -0.043     0.013     0.040
    32.950     0.033     0.027     0.017
    32.960     0.071     0.026    -0.010
    32.970     0.066     0.027    -0.028
    32.980     0.024     0.017    -0.025
    32.990     0.001     0.002    -0.019
    33.000     0.030    -0.001    -0.003
    33.010     0.067    -0.004     0.013
    33.020     0.079     0.002     0.020
    33.030     0.052     0.025     0.035
    33.040    -0.008     0.044     0.049
    33.050    -0.069     0.043     0.048
    33.060    -0.091     0.031     0.026
    33.070    -0.031     0.014    -0.001
    33.080     0.075    -0.006    -0.019
    33.090     0.126    -0.019    -0.024
    33.100     0.082    -0.020    -0.017
    33.110     0.002    -0.019     0.008
    33.120    -0.065    -0.015     0.030
    33.130    -0.098     0.008     0.028
    33.140    -0.070     0.039     0.018
    33.150     0.013     0.050     0.021
    33.160     0.062     0.040     0.029
    33.170     0.013     0.013     0.019
    33.180    -0.084    -0.011     0.017
    33.190    -0.165    -0.020     0.022
    33.200    -0.178    -0.019    -0.001
    33.210    -0.117    -0.010    -0.028
    33.220    -0.056    -0.011    -0.046
    33.230    -0.020    -0.010    -0.049
    33.240     0.005    -0.009    -0.028
    33.250     0.021    -0.020     0.002
    33.260     0.023    -0.011     0.032
    33.270     0.026     0.000     0.039
    33.280     0.059    -0.019     0.031
    33.290     0.067    -0.038     0.011
    33.300     0.025    -0.037    -0.026
    33.310    -0.024    -0.023    -0.042
    33.320    -0.054    -0.003    -0.040
    33.330    -0.037     0.019    -0.030
    33.340     0.018     0.026    -0.021
    33.350     0.074     0.013    -0.018
    33.360     0.070    -0.001    -0.012
    33.370     0.012    -0.009    -0.002
    33.380    -0.028    -0.016     0.021
    33.390    -0.034    -0.029     0.027
    33.400    -0.025    -0.025     0.003
    33.410    -0.003     0.010    -0.035
    33.420     0.019     0.025    -0.065
    33.430     0.004     0.008    -0.080
    33.440    -0.025    -0.005    -0.083
    33.450    -0.016    -0.004    -0.054
    33.460     0.035     0.001    -0.008
    33.470     0.089     0.010     0.023
    33.480     0.102     0.005     0.042
    33.490     0.063    -0.007     0.045
    33.500    -0.026    -0.011     0.034
    33.510    -0.106    -0.007     0.023
    33.520    -0.111     0.008     0.006
    33.530    -0.039     0.021    -0.023
    33.540     0.070     0.039    -0.047
    33.550     0.138     0.050    -0.041
    33.560     0.117     0.037    -0.006
    33.570     0.035     0.016     0.029
    33.580    -0.036    -0.009     0.043
    33.590    -0.069    -0.028     0.040
    33.600    -0.090    -0.029     0.028
    33.610    -0.097    -0.013     0.023
    33.620    -0.064     0.000     0.034
    33.630    -0.008     0.005     0.036
    33.640     0.016     0.012     0.007
    33.650     0.019     0.017    -0.021
    33.660     0.059     0.018    -0.013
    33.670     0.123     0.007     0.020
    33.680     0.139     0.014     0.052
    33.690     0.095     0.040     0.061
    33.700     0.026     0.045     0.045
    33.710    -0.040     0.021     0.013
    33.720    -0.075    -0.011    -0.020
    33.730    -0.060    -0.019    -0.037
    33.740     0.002    -0.022    -0.023
    33.750     0.055    -0.021    -0.008
    33.760     0.061     0.003    -0.007
    33.770     0.035     0.024     0.018
    33.780    -0.032     0.018     0.046
    33.790    -0.105    -0.002     0.043
    33.800    -0.114    -0.013     0.028
    33.810    -0.050    -0.020     0.018
    33.820     0.044    -0.014     0.020
    33.830     0.105     0.005     0.026
    33.840     0.092     0.011     0.017
    33.850     0.024     0.001    -0.011
    33.860    -0.074    -0.012    -0.023
    33.870    -0.151    -0.017    -0.017
    33.880    -0.127    -0.003    -0.007
    33.890    -0.012     0.022    -0.007
    33.900     0.074     0.036    -0.032
    33.910     0.060     0.036    -0.056
    33.920     0.000     0.012    -0.051
    33.930    -0.007    -0.030    -0.028
    33.940     0.050    -0.062    -0.019
    33.950     0.123    -0.063    -0.017
    33.960     0.159    -0.035     0.003
    33.970     0.102    -0.009     0.029
    33.980    -0.037     0.017     0.041
    33.990    -0.166     0.041     0.021
    34.000    -0.179     0.042    -0.005
    34.010    -0.060     0.032    -0.029
    34.020     0.079     0.009    -0.059
    34.030     0.130    -0.020    -0.062
    34.040     0.073    -0.044    -0.023
    34.050    -0.040    -0.063     0.020
    34.060    -0.104    -0.065     0.038
    34.070    -0.077    -0.040     0.034
    34.080    -0.023    -0.005     0.018
    34.090    -0.005     0.011    -0.008
    34.100     0.000     0.016    -0.014
    34.110     0.030     0.012    -0.002
    34.120     0.072     0.007     0.000
    34.130     0.094     0.012    -0.017
    34.140     0.088     0.011    -0.041
    34.150     0.061     0.014    -0.033
    34.160     0.011     0.007     0.005
    34.170    -0.055    -0.004     0.056
    34.180    -0.091     0.004     0.101
    34.190    -0.087     0.031     0.098
    34.200    -0.061     0.050     0.049
    34.210    -0.024     0.033     0.004
    34.220    -0.013    -0.009    -0.008
    34.230    -0.035    -0.058    -0.004
    34.240    -0.031    -0.071     0.001
    34.250     0.026    -0.039     0.005
    34.260     0.093     0.003     0.016
    34.270     0.098     0.039     0.018
    34.280     0.053     0.053     0.006
    34.290     0.025     0.043     0.012
    34.300     0.021     0.021     0.022
    34.310     0.003     0.012     0.004
    34.320    -0.023     0.006    -0.031
    34.330    -0.008    -0.015    -0.058
    34.340     0.036    -0.026    -0.078
    34.350     0.042    -0.017    -0.080
    34.360     0.003    -0.004    -0.042
    34.370    -0.057    -0.004     0.026
    34.380    -0.077    -0.009     0.088
    34.390    -0.035     0.008     0.088
    34.400     0.040     0.036     0.040
    34.410     0.123     0.047    -0.007
    34.420     0.169     0.033    -0.037
    34.430     0.132     0.012    -0.048
    34.440     0.000    -0.006    -0.048
    34.450    -0.138    -0.017    -0.022
    34.460    -0.185    -0.004     0.025
    34.470    -0.135     0.041     0.053
    34.480    -0.049     0.086     0.056
    34.490    -0.014     0.096     0.038
    34.500    -0.030     0.064     0.010
    34.510    -0.050     0.015    -0.019
    34.520    -0.042    -0.040    -0.045
    34.530     0.013    -0.089    -0.053
    34.540     0.090    -0.104    -0.044
    34.550     0.131    -0.086    -0.028
    34.560     0.096    -0.056    -0.023
    34.570     0.017    -0.014    -0.026
    34.580    -0.043     0.026    -0.023
    34.590    -0.041     0.042    -0.012
    34.600     0.012     0.044     0.007
    34.610     0.019     0.043     0.019
    34.620    -0.044     0.037     0.015
    34.630    -0.108     0.032     0.008
    34.640    -0.118     0.018    -0.008
    34.650    -0.007     0.011    -0.027
    34.660     0.188     0.010    -0.031
    34.670     0.297    -0.010    -0.015
    34.680     0.224    -0.042     0.014
    34.690     0.016    -0.067     0.043
    34.700    -0.185    -0.071     0.068
    34.710    -0.254    -0.040     0.063
    34.720    -0.160     0.016     0.009
    34.730     0.018     0.066    -0.056
    34.740     0.139     0.089    -0.094
    34.750     0.137     0.080    -0.099
    34.760     0.053     0.037    -0.065
    34.770    -0.029    -0.015     0.002
    34.780    -0.045    -0.039     0.062
    34.790    -0.003    -0.042     0.095
    34.800     0.032    -0.048     0.091
    34.810     0.037    -0.044     0.057
    34.820     0.019    -0.036     0.028
    34.830     0.003    -0.026     0.015
    34.840     0.000     0.000     0.009
    34.850    -0.006     0.028     0.007
    34.860     0.001     0.052     0.014
    34.870     0.005     0.046     0.029
    34.880    -0.041     0.018     0.044
    34.890    -0.127     0.005     0.055
    34.900    -0.175     0.005     0.052
    34.910    -0.126     0.006     0.040
    34.920    -0.005    -0.005     0.016
    34.930     0.106    -0.023    -0.012
    34.940     0.133    -0.034    -0.017
    34.950     0.079    -0.038     0.002
    34.960    -0.005    -0.026     0.029
    34.970    -0.069    -0.006     0.042
    34.980    -0.079     0.016     0.021
    34.990    -0.035     0.020    -0.022
    35.000     0.036     0.012    -0.053
    35.010     0.083     0.015    -0.066
    35.020     0.074     0.010    -0.059
    35.030     0.015    -0.008    -0.036
    35.040    -0.055    -0.019    -0.022
    35.050    -0.079    -0.019    -0.030
    35.060    -0.029    -0.019    -0.044
    35.070     0.075    -0.020    -0.037
    35.080     0.132    -0.013     0.000
    35.090     0.082    -0.001     0.027
    35.100    -0.011     0.015     0.025
    35.110    -0.071     0.016     0.010
    35.120    -0.078     0.007    -0.014
    35.130    -0.075     0.003    -0.025
    35.140    -0.080    -0.004    -0.013
    35.150    -0.057     0.000     0.016
    35.160     0.000     0.015     0.041
    35.170     0.050     0.011     0.026
    35.180     0.083    -0.023    -0.016
    35.190     0.119    -0.060    -0.052
    35.200     0.110    -0.064    -0.058
    35.210     0.050    -0.015    -0.031
    35.220    -0.017     0.047    -0.001
    35.230    -0.067     0.073     0.023
    35.240    -0.082     0.066     0.019
    35.250    -0.051     0.050    -0.012
    35.260    -0.001     0.024    -0.038
    35.270     0.033    -0.001    -0.046
    35.280     0.036    -0.008    -0.022
    35.290    -0.018    -0.020    -0.006
    35.300    -0.098    -0.030    -0.011
    35.310    -0.130    -0.024    -0.017
    35.320    -0.080    -0.008    -0.006
    35.330     0.015     0.015     0.016
    35.340     0.078     0.031     0.016
    35.350     0.088     0.035     0.018
    35.360     0.055     0.031     0.034
    35.370     0.018     0.024     0.038
    35.380     0.009     0.013     0.037
    35.390     0.006     0.008     0.019
    35.400     0.001     0.009    -0.009
    35.410    -0.005     0.009    -0.022
    35.420    -0.008     0.005    -0.026
    35.430     0.010    -0.027    -0.011
    35.440     0.030    -0.078     0.015
    35.450     0.038    -0.103     0.021
    35.460     0.034    -0.086     0.027
    35.470     0.000    -0.053     0.042
    35.480    -0.049    -0.019     0.042
    35.490    -0.075     0.016     0.028
    35.500    -0.045     0.048     0.002
    35.510     0.004     0.075    -0.025
    35.520     0.014     0.085    -0.050
    35.530     0.005     0.075    -0.049
    35.540     0.018     0.041    -0.015
    35.550     0.060     0.009     0.023
    35.560     0.102    -0.008     0.034
    35.570     0.102    -0.022     0.014
    35.580     0.056    -0.037     0.004
    35.590    -0.005    -0.049     0.008
    35.600    -0.054    -0.051     0.003
    35.610    -0.087    -0.040    -0.013
    35.620    -0.106    -0.006    -0.036
    35.630    -0.099     0.029    -0.039
    35.640    -0.045     0.042    -0.013
    35.650     0.043     0.037     0.020
    35.660     0.126     0.001     0.020
    35.670     0.140    -0.039     0.001
    35.680     0.064    -0.055    -0.017
    35.690    -0.039    -0.055    -0.026
    35.700    -0.098    -0.050     0.000
    35.710    -0.089    -0.031     0.034
    35.720    -0.014     0.003     0.060
    35.730     0.064     0.035     0.077
    35.740     0.084     0.064     0.063
    35.750     0.061     0.087     0.041
    35.760     0.013     0.098     0.026
    35.770    -0.043     0.088     0.012
    35.780    -0.094     0.061     0.006
    35.790    -0.131     0.036     0.004
    35.800    -0.134     0.020     0.001
    35.810    -0.112    -0.001    -0.017
    35.820    -0.068    -0.025    -0.049
    35.830    -0.002    -0.034    -0.072
    35.840     0.059    -0.049    -0.078
    35.850     0.077    -0.076    -0.071
    35.860     0.051    -0.083    -0.048
    35.870    -0.006    -0.075    -0.026
    35.880    -0.062    -0.051    -0.029
    35.890    -0.083    -0.003    -0.047
    35.900    -0.083     0.043    -0.044
    35.910    -0.058     0.074    -0.020
    35.920     0.011     0.080     0.006
    35.930     0.101     0.045     0.029
    35.940     0.167    -0.009     0.038
    35.950     0.166    -0.049     0.029
    35.960     0.102    -0.076     0.021
    35.970     0.006    -0.081     0.023
    35.980    -0.089    -0.068     0.028
    35.990    -0.149    -0.063     0.023
    36.000    -0.135    -0.044     0.004
    36.010    -0.058    -0.015    -0.012
    36.020     0.033     0.000    -0.020
    36.030     0.105     0.005    -0.027
    36.040     0.113    -0.018    -0.016
    36.050     0.053    -0.062     0.020
    36.060    -0.014    -0.085     0.068
    36.070    -0.047    -0.082     0.106
    36.080    -0.053    -0.051     0.105
    36.090    -0.050     0.006     0.053
    36.100    -0.028     0.057     0.002
    36.110     0.010     0.087    -0.025
    36.120     0.040     0.091    -0.043
    36.130     0.037     0.082    -0.039
    36.140     0.000     0.069    -0.013
    36.150    -0.026     0.058     0.014
    36.160    -0.004     0.054     0.041
    36.170     0.034     0.058     0.063
    36.180     0.006     0.063     0.067
    36.190    -0.073     0.062     0.062
    36.200    -0.107     0.062     0.051
    36.210    -0.083     0.049     0.020
    36.220    -0.038     0.014    -0.028
    36.230    -0.015    -0.021    -0.075
    36.240    -0.020    -0.055    -0.093
    36.250     0.003    -0.067    -0.063
    36.260     0.066    -0.045    -0.019
    36.270     0.124    -0.013    -0.002
    36.280     0.125     0.010    -0.022
    36.290     0.061     0.035    -0.068
    36.300    -0.021     0.066    -0.101
    36.310    -0.071     0.081    -0.098
    36.320    -0.066     0.079    -0.067
    36.330    -0.031     0.060    -0.027
    36.340     0.012     0.025    -0.013
    36.350     0.045    -0.012    -0.033
    36.360     0.024    -0.066    -0.051
    36.370    -0.042    -0.121    -0.036
    36.380    -0.091    -0.156     0.011
    36.390    -0.076    -0.158     0.055
    36.400    -0.010    -0.131     0.083
    36.410     0.055    -0.104     0.076
    36.420     0.086    -0.074     0.041
    36.430     0.071    -0.039    -0.001
    36.440     0.009    -0.007    -0.037
    36.450    -0.068     0.019    -0.036
    36.460    -0.092     0.047    -0.007
    36.470    -0.045     0.077     0.028
    36.480     0.020     0.077     0.056
    36.490     0.060     0.061     0.068
    36.500     0.062     0.037     0.066
    36.510     0.035    -0.010     0.052
    36.520    -0.004    -0.051     0.050
    36.530    -0.040    -0.061     0.057
    36.540    -0.036    -0.041     0.061
    36.550     0.006    -0.002     0.044
    36.560     0.032     0.032    -0.002
    36.570     0.042     0.037    -0.039
    36.580     0.027     0.013    -0.063
    36.590    -0.009    -0.004    -0.079
    36.600    -0.009     0.009    -0.069
    36.610     0.049     0.035    -0.035
    36.620     0.101     0.043     0.007
    36.630     0.055     0.025     0.032
    36.640    -0.045    -0.004     0.034
    36.650    -0.103    -0.037     0.040
    36.660    -0.093    -0.056     0.041
    36.670     0.002    -0.038     0.005
    36.680     0.131    -0.026    -0.037
    36.690     0.189    -0.035    -0.052
    36.700     0.125    -0.038    -0.052
    36.710    -0.015    -0.031    -0.045
    36.720    -0.126    -0.005    -0.034
    36.730    -0.146     0.043    -0.033
    36.740    -0.099     0.092    -0.036
    36.750    -0.065     0.112    -0.034
    36.760    -0.077     0.104    -0.017
    36.770    -0.086     0.066     0.021
    36.780    -0.036     0.014     0.061
    36.790     0.047    -0.022     0.074
    36.800     0.094    -0.040     0.058
    36.810     0.094    -0.045     0.041
    36.820     0.066    -0.039     0.041
    36.830     0.024    -0.018     0.043
    36.840     0.006     0.011     0.036
    36.850     0.032     0.030     0.018
    36.860     0.088     0.036     0.000
    36.870     0.133     0.041    -0.009
    36.880     0.111     0.048    -0.014
    36.890     0.025     0.039    -0.023
    36.900    -0.042     0.031    -0.029
    36.910    -0.069     0.014    -0.024
    36.920    -0.097    -0.022    -0.016
    36.930    -0.117    -0.038    -0.007
    36.940    -0.110    -0.042     0.003
    36.950    -0.071    -0.054    -0.003
    36.960    -0.008    -0.062    -0.038
    36.970     0.039    -0.077    -0.068
    36.980     0.045    -0.089    -0.063
    36.990     0.025    -0.076    -0.040
    37.000    -0.023    -0.053    -0.013
    37.010    -0.069    -0.039     0.014
    37.020    -0.081    -0.039     0.036
    37.030    -0.074    -0.054     0.053
    37.040    -0.053    -0.057     0.057
    37.050    -0.029    -0.020     0.052
    37.060    -0.038     0.010     0.041
    37.070    -0.058     0.011     0.014
    37.080    -0.039     0.002    -0.007
    37.090     0.010    -0.009    -0.012
    37.100     0.046     0.009    -0.012
    37.110     0.042     0.046    -0.011
    37.120     0.020     0.057    -0.005
    37.130    -0.002     0.022     0.023
    37.140    -0.011    -0.034     0.047
    37.150    -0.008    -0.070     0.064
    37.160    -0.008    -0.075     0.069
    37.170     0.006    -0.047     0.038
    37.180     0.039    -0.022    -0.009
    37.190     0.054    -0.012    -0.065
    37.200     0.034     0.013    -0.121
    37.210     0.026     0.031    -0.136
    37.220     0.074     0.028    -0.106
    37.230     0.117     0.027    -0.061
    37.240     0.097     0.035    -0.035
    37.250     0.041     0.043    -0.027
    37.260    -0.015     0.040    -0.016
    37.270    -0.043     0.037     0.010
    37.280    -0.049     0.044     0.032
    37.290    -0.057     0.057     0.031
    37.300    -0.068     0.057     0.029
    37.310    -0.062     0.054     0.038
    37.320    -0.048     0.047     0.043
    37.330    -0.043     0.033     0.034
    37.340    -0.034     0.032     0.023
    37.350    -0.022     0.036     0.028
    37.360    -0.002     0.030     0.037
    37.370     0.006     0.014     0.032
    37.380    -0.005     0.010     0.019
    37.390    -0.013     0.015     0.013
    37.400    -0.030     0.027     0.009
    37.410    -0.023     0.047     0.006
    37.420     0.020     0.046     0.018
    37.430     0.044     0.034     0.017
    37.440     0.076     0.025    -0.009
    37.450     0.130     0.012    -0.020
    37.460     0.123    -0.012    -0.019
    37.470     0.020    -0.030    -0.019
    37.480    -0.089    -0.024    -0.001
    37.490    -0.129    -0.014     0.039
    37.500    -0.109     0.006     0.062
    37.510    -0.032     0.033     0.055
    37.520     0.064     0.023     0.042
    37.530     0.101    -0.019     0.030
    37.540     0.051    -0.057     0.011
    37.550    -0.022    -0.075    -0.015
    37.560    -0.038    -0.073    -0.030
    37.570     0.003    -0.061    -0.037
    37.580     0.055    -0.053    -0.061
    37.590     0.072    -0.067    -0.070
    37.600     0.031    -0.098    -0.056
    37.610    -0.049    -0.120    -0.039
    37.620    -0.112    -0.117    -0.012
    37.630    -0.148    -0.090     0.003
    37.640    -0.175    -0.055    -0.004
    37.650    -0.133    -0.039    -0.005
    37.660    -0.014    -0.051    -0.010
    37.670     0.088    -0.059    -0.017
    37.680     0.097    -0.046    -0.020
    37.690     0.046    -0.026    -0.013
    37.700     0.004    -0.019     0.015
    37.710    -0.028    -0.017     0.033
    37.720    -0.068     0.011     0.021
    37.730    -0.090     0.042    -0.007
    37.740    -0.047     0.054    -0.020
    37.750     0.027     0.049    -0.018
    37.760     0.054     0.042    -0.008
    37.770     0.046     0.041     0.016
    37.780     0.060     0.024     0.048
    37.790     0.084     0.009     0.069
    37.800     0.061     0.018     0.048
    37.810     0.009     0.048    -0.005
    37.820    -0.013     0.064    -0.039
    37.830    -0.011     0.046    -0.051
    37.840    -0.018     0.029    -0.074
    37.850    -0.034     0.019    -0.084
    37.860    -0.041     0.014    -0.054
    37.870    -0.038     0.010    -0.002
    37.880    -0.037     0.012     0.042
    37.890    -0.055     0.028     0.062
    37.900    -0.097     0.047     0.060
    37.910    -0.112     0.059     0.048
    37.920    -0.028     0.051     0.039
    37.930     0.107     0.014     0.021
    37.940     0.174    -0.036    -0.004
    37.950     0.122    -0.067    -0.023
    37.960     0.006    -0.061    -0.017
    37.970    -0.061    -0.031     0.016
    37.980    -0.047     0.006     0.020
    37.990    -0.001     0.043    -0.019
    38.000     0.036     0.072    -0.078
    38.010     0.060     0.083    -0.110
    38.020     0.063     0.062    -0.092
    38.030     0.028     0.014    -0.053
    38.040    -0.039    -0.039    -0.013
    38.050    -0.105    -0.084     0.020
    38.060    -0.122    -0.104     0.047
    38.070    -0.067    -0.088     0.057
    38.080     0.028    -0.057     0.062
    38.090     0.118    -0.034     0.067
    38.100     0.166    -0.019     0.053
    38.110     0.151    -0.017     0.042
    38.120     0.094    -0.022     0.029
    38.130     0.014    -0.024     0.012
    38.140    -0.076    -0.021     0.007
    38.150    -0.116    -0.003    -0.010
    38.160    -0.076     0.022    -0.028
    38.170    -0.013     0.035    -0.043
    38.180     0.024     0.036    -0.056
    38.190     0.033     0.028    -0.038
    38.200     0.020     0.000     0.005
    38.210    -0.012    -0.039     0.025
    38.220    -0.045    -0.054     0.020
    38.230    -0.061    -0.042     0.010
    38.240    -0.064    -0.024    -0.017
    38.250    -0.053    -0.008    -0.059
    38.260    -0.027    -0.003    -0.094
    38.270     0.011     0.000    -0.115
    38.280     0.055     0.013    -0.122
    38.290     0.083     0.028    -0.089
    38.300     0.059     0.031    -0.021
    38.310    -0.003     0.026     0.050
    38.320    -0.007     0.020     0.116
    38.330     0.060     0.020     0.145
    38.340     0.111     0.037     0.113
    38.350     0.109     0.054     0.047
    38.360     0.080     0.048    -0.010
    38.370     0.045     0.040    -0.034
    38.380     0.015     0.046    -0.015
    38.390    -0.009     0.055     0.029
    38.400    -0.022     0.052     0.073
    38.410    -0.040     0.038     0.088
    38.420    -0.076     0.030     0.059
    38.430    -0.130     0.020     0.020
    38.440    -0.178     0.000     0.000
    38.450    -0.163    -0.011     0.001
    38.460    -0.117    -0.025    -0.003
    38.470    -0.091    -0.041    -0.025
    38.480    -0.070    -0.048    -0.040
    38.490    -0.014    -0.053    -0.029
    38.500     0.099    -0.036    -0.007
    38.510     0.196     0.007    -0.007
    38.520     0.212     0.044    -0.019
    38.530     0.151     0.038    -0.030
    38.540     0.026    -0.003    -0.025
    38.550    -0.115    -0.030    -0.030
    38.560    -0.191    -0.028    -0.057
    38.570    -0.184    -0.004    -0.075
    38.580    -0.141     0.019    -0.080
    38.590    -0.077     0.021    -0.058
    38.600     0.007    -0.004     0.000
    38.610     0.102    -0.045     0.074
    38.620     0.175    -0.060     0.118
    38.630     0.170    -0.051     0.122
    38.640     0.099    -0.045     0.106
    38.650     0.051    -0.043     0.089
    38.660     0.085    -0.026     0.085
    38.670     0.150     0.012     0.068
    38.680     0.162     0.049     0.034
    38.690     0.099     0.055     0.015
    38.700    -0.016     0.035     0.029
    38.710    -0.123     0.028     0.054
    38.720    -0.155     0.042     0.063
    38.730    -0.124     0.036     0.057
    38.740    -0.088     0.012     0.038
    38.750    -0.083    -0.009     0.019
    38.760    -0.101    -0.030     0.007
    38.770    -0.132    -0.047    -0.011
    38.780    -0.156    -0.067    -0.034
    38.790    -0.129    -0.084    -0.054
    38.800    -0.061    -0.081    -0.074
    38.810     0.010    -0.063    -0.091
    38.820     0.076    -0.030    -0.107
    38.830     0.113     0.007    -0.121
    38.840     0.081     0.024    -0.139
    38.850     0.002     0.024    -0.154
    38.860    -0.049     0.006    -0.142
    38.870    -0.057    -0.019    -0.106
    38.880    -0.026    -0.019    -0.078
    38.890     0.031     0.013    -0.075
    38.900     0.075     0.048    -0.080
    38.910     0.096     0.066    -0.081
    38.920     0.078     0.058    -0.077
    38.930     0.030     0.018    -0.051
    38.940    -0.001    -0.012    -0.001
    38.950     0.006    -0.002     0.048
    38.960     0.031     0.021     0.091
    38.970     0.070     0.046     0.129
    38.980     0.091     0.054     0.152
    38.990     0.069     0.021     0.146
    39.000     0.037    -0.023     0.113
    39.010    -0.012    -0.058     0.089
    39.020    -0.043    -0.071     0.094
    39.030    -0.018    -0.050     0.108
    39.040     0.036    -0.011     0.107
    39.050     0.072     0.032     0.084
    39.060     0.052     0.082     0.056
    39.070    -0.007     0.108     0.036
    39.080    -0.076     0.095     0.026
    39.090    -0.134     0.071     0.009
    39.100    -0.160     0.049    -0.009
    39.110    -0.120     0.029    -0.010
    39.120    -0.030    -0.007    -0.016
    39.130     0.059    -0.069    -0.033
    39.140     0.092    -0.131    -0.056
    39.150     0.038    -0.155    -0.075
    39.160    -0.032    -0.127    -0.060
    39.170    -0.058    -0.080    -0.004
    39.180    -0.046    -0.030     0.051
    39.190    -0.010     0.019     0.074
    39.200     0.033     0.069     0.057
    39.210     0.063     0.111     0.019
    39.220     0.061     0.117    -0.031
    39.230     0.036     0.092    -0.086
    39.240     0.014     0.064    -0.118
    39.250     0.018     0.058    -0.117
    39.260     0.047     0.061    -0.095
    39.270     0.050     0.058    -0.074
    39.280     0.043     0.033    -0.051
    39.290     0.063    -0.017    -0.025
    39.300     0.070    -0.071    -0.009
    39.310     0.046    -0.104    -0.001
    39.320    -0.025    -0.112     0.005
    39.330    -0.114    -0.113     0.015
    39.340    -0.149    -0.111     0.019
    39.350    -0.134    -0.087     0.008
    39.360    -0.102    -0.036    -0.009
    39.370    -0.050     0.027    -0.004
    39.380     0.014     0.056     0.038
    39.390     0.054     0.040     0.076
    39.400     0.037     0.012     0.077
    39.410    -0.021     0.007     0.056
    39.420    -0.073     0.015     0.028
    39.430    -0.081     0.023     0.002
    39.440    -0.064     0.025    -0.037
    39.450    -0.039     0.022    -0.073
    39.460     0.015     0.029    -0.081
    39.470     0.086     0.028    -0.061
    39.480     0.124     0.012    -0.008
    39.490     0.111     0.008     0.046
    39.500     0.071     0.001     0.075
    39.510     0.014    -0.021     0.078
    39.520    -0.032    -0.027     0.050
    39.530    -0.030    -0.009     0.016
    39.540     0.013     0.011    -0.004
    39.550     0.065     0.027    -0.019
    39.560     0.075     0.047    -0.042
    39.570     0.050     0.058    -0.050
    39.580     0.003     0.048    -0.043
    39.590    -0.044     0.033    -0.045
    39.600    -0.041     0.026    -0.038
    39.610    -0.017     0.013    -0.035
    39.620    -0.006    -0.005    -0.037
    39.630    -0.001    -0.041    -0.018
    39.640    -0.001    -0.093     0.006
    39.650    -0.027    -0.123     0.026
    39.660    -0.059    -0.112     0.044
    39.670    -0.050    -0.074     0.053
    39.680    -0.027    -0.042     0.043
    39.690    -0.015    -0.018     0.012
    39.700     0.005    -0.002    -0.015
    39.710     0.023    -0.006    -0.010
    39.720     0.011    -0.006     0.014
    39.730    -0.032    -0.003     0.031
    39.740    -0.060    -0.011     0.053
    39.750    -0.048    -0.019     0.076
    39.760    -0.020    -0.006     0.057
    39.770     0.005     0.023     0.020
    39.780     0.024     0.037    -0.012
    39.790     0.016     0.016    -0.042
    39.800    -0.017    -0.030    -0.052
    39.810    -0.038    -0.062    -0.052
    39.820     0.000    -0.059    -0.040
    39.830     0.090    -0.038    -0.012
    39.840     0.162    -0.016     0.005
    39.850     0.170     0.009     0.013
    39.860     0.135     0.037     0.032
    39.870     0.086     0.058     0.046
    39.880     0.049     0.071     0.036
    39.890     0.031     0.076     0.023
    39.900    -0.001     0.064     0.008
    39.910    -0.059     0.047    -0.004
    39.920    -0.106     0.039    -0.008
    39.930    -0.097     0.043    -0.004
    39.940    -0.058     0.059     0.015
    39.950    -0.055     0.064     0.033
    39.960    -0.089     0.066     0.040
    39.970    -0.111     0.059     0.050
    39.980    -0.081     0.030     0.053
    39.990    -0.016     0.015     0.028
    40.000     0.039     0.023    -0.019
    40.010     0.067     0.037    -0.071
    40.020     0.035     0.034    -0.102
    40.030    -0.046     0.011    -0.103
    40.040    -0.100    -0.002    -0.082
    40.050    -0.091    -0.001    -0.054
    40.060    -0.025    -0.001    -0.037
    40.070     0.052    -0.009    -0.039
    40.080     0.080    -0.023    -0.044
    40.090     0.061    -0.044    -0.033
    40.100     0.027    -0.066    -0.031
    40.110     0.016    -0.081    -0.042
    40.120     0.043    -0.082    -0.059
    40.130     0.075    -0.070    -0.066
    40.140     0.082    -0.058    -0.040
    40.150     0.036    -0.043     0.009
    40.160    -0.038    -0.031     0.060
    40.170    -0.073    -0.023     0.100
    40.180    -0.053    -0.010     0.115
    40.190    -0.005     0.005     0.089
    40.200     0.033     0.012     0.054
    40.210     0.032    -0.005     0.030
    40.220     0.003    -0.037     0.016
    40.230    -0.024    -0.060     0.029
    40.240    -0.025    -0.070     0.055
    40.250    -0.028    -0.059     0.082
    40.260    -0.054    -0.023     0.102
    40.270    -0.089     0.034     0.094
    40.280    -0.123     0.091     0.063
    40.290    -0.132     0.127     0.032
    40.300    -0.101     0.131     0.002
    40.310    -0.045     0.106    -0.017
    40.320     0.001     0.062    -0.019
    40.330     0.011     0.012    -0.031
    40.340    -0.007    -0.030    -0.042
    40.350    -0.020    -0.048    -0.041
    40.360    -0.025    -0.040    -0.038
    40.370    -0.003    -0.006    -0.038
    40.380     0.071     0.019    -0.040
    40.390     0.134     0.005    -0.035
    40.400     0.145    -0.017    -0.021
    40.410     0.136    -0.029    -0.007
    40.420     0.120    -0.035     0.008
    40.430     0.085    -0.037     0.013
    40.440     0.048    -0.027     0.000
    40.450     0.037    -0.001    -0.007
    40.460     0.062     0.024     0.005
    40.470     0.081     0.034     0.008
    40.480     0.054     0.034    -0.003
    40.490    -0.001     0.034    -0.009
    40.500    -0.066     0.019    -0.008
    40.510    -0.121    -0.002    -0.013
    40.520    -0.121    -0.013    -0.039
    40.530    -0.052    -0.038    -0.071
    40.540     0.040    -0.056    -0.081
    40.550     0.097    -0.045    -0.081
    40.560     0.097    -0.025    -0.076
    40.570     0.043    -0.011    -0.052
    40.580    -0.031    -0.001    -0.019
    40.590    -0.107     0.008     0.008
    40.600    -0.148     0.018     0.026
    40.610    -0.118     0.024     0.025
    40.620    -0.053     0.018     0.011
    40.630     0.003     0.021    -0.016
    40.640     0.025     0.031    -0.061
    40.650     0.016     0.025    -0.080
    40.660     0.006     0.025    -0.042
    40.670     0.013     0.030     0.022
    40.680     0.049     0.043     0.085
    40.690     0.091     0.054     0.120
    40.700     0.120     0.041     0.114
    40.710     0.133     0.034     0.088
    40.720     0.120     0.023     0.066
    40.730     0.086    -0.002     0.057
    40.740     0.047    -0.038     0.071
    40.750     0.004    -0.084     0.093
    40.760    -0.049    -0.116     0.092
    40.770    -0.085    -0.109     0.076
    40.780    -0.097    -0.080     0.045
    40.790    -0.099    -0.059    -0.001
    40.800    -0.074    -0.034    -0.050
    40.810    -0.017    -0.018    -0.083
    40.820     0.019    -0.026    -0.086
    40.830     0.006    -0.045    -0.067
    40.840    -0.031    -0.066    -0.026
    40.850    -0.071    -0.067     0.003
    40.860    -0.065    -0.034    -0.005
    40.870    -0.007     0.014    -0.037
    40.880     0.041     0.059    -0.079
    40.890     0.054     0.081    -0.106
    40.900     0.015     0.070    -0.103
    40.910    -0.049     0.059    -0.059
    40.920    -0.093     0.067     0.008
    40.930    -0.101     0.074     0.054
    40.940    -0.083     0.070     0.064
    40.950    -0.071     0.054     0.037
    40.960    -0.066     0.036    -0.008
    40.970    -0.045     0.016    -0.038
    40.980    -0.017    -0.013    -0.038
    40.990    -0.001    -0.036    -0.020
    41.000     0.015    -0.034     0.003
    41.010     0.052    -0.019     0.020
    41.020     0.072    -0.003     0.021
    41.030     0.059     0.016     0.017
    41.040     0.034     0.023     0.010
    41.050     0.005     0.008     0.008
    41.060     0.011    -0.017     0.014
    41.070     0.048    -0.051     0.023
    41.080     0.081    -0.078     0.037
    41.090     0.107    -0.084     0.037
    41.100     0.111    -0.077     0.025
    41.110     0.092    -0.045     0.010
    41.120     0.063     0.015    -0.014
    41.130     0.026     0.079    -0.033
    41.140     0.011     0.124    -0.055
    41.150     0.022     0.122    -0.084
    41.160     0.036     0.092    -0.100
    41.170     0.038     0.074    -0.101
    41.180     0.006     0.055    -0.093
    41.190    -0.056     0.026    -0.076
    41.200    -0.104    -0.006    -0.047
    41.210    -0.114    -0.044    -0.003
    41.220    -0.084    -0.063     0.048
    41.230    -0.029    -0.061     0.092
    41.240     0.015    -0.045     0.121
    41.250     0.032    -0.015     0.140
    41.260     0.030     0.006     0.144
    41.270     0.011     0.013     0.136
    41.280    -0.021     0.023     0.129
    41.290    -0.024     0.038     0.119
    41.300    -0.003     0.049     0.096
    41.310     0.008     0.054     0.064
    41.320     0.017     0.050     0.038
    41.330     0.029     0.040     0.031
    41.340     0.048     0.028     0.040
    41.350     0.018     0.007     0.038
    41.360    -0.081    -0.024     0.017
    41.370    -0.159    -0.048    -0.008
    41.380    -0.158    -0.049    -0.028
    41.390    -0.088    -0.028    -0.056
    41.400     0.007    -0.001    -0.102
    41.410     0.094     0.008    -0.131
    41.420     0.154    -0.009    -0.121
    41.430     0.151    -0.033    -0.100
    41.440     0.067    -0.047    -0.075
    41.450    -0.027    -0.043    -0.057
    41.460    -0.065    -0.021    -0.057
    41.470    -0.048     0.009    -0.076
    41.480    -0.002     0.041    -0.114
    41.490     0.029     0.067    -0.141
    41.500     0.057     0.079    -0.131
    41.510     0.098     0.072    -0.091
    41.520     0.122     0.055    -0.044
    41.530     0.109     0.043     0.004
    41.540     0.070     0.025     0.044
    41.550     0.012     0.000     0.068
    41.560    -0.054    -0.012     0.076
    41.570    -0.096    -0.010     0.060
    41.580    -0.103    -0.016     0.049
    41.590    -0.062    -0.025     0.054
    41.600     0.013    -0.025     0.068
    41.610     0.041    -0.030     0.094
    41.620    -0.011    -0.032     0.118
    41.630    -0.091    -0.034     0.132
    41.640    -0.145    -0.044     0.131
    41.650    -0.144    -0.046     0.108
    41.660    -0.092    -0.030     0.056
    41.670    -0.026    -0.013    -0.001
    41.680     0.015    -0.009    -0.047
    41.690     0.002    -0.030    -0.074
    41.700    -0.034    -0.074    -0.065
    41.710    -0.029    -0.117    -0.041
    41.720     0.007    -0.140    -0.040
    41.730     0.052    -0.129    -0.062
    41.740     0.099    -0.078    -0.089
    41.750     0.130    -0.019    -0.095
    41.760     0.148     0.033    -0.079
    41.770     0.141     0.073    -0.071
    41.780     0.092     0.098    -0.058
    41.790     0.027     0.122    -0.036
    41.800    -0.013     0.124    -0.015
    41.810    -0.025     0.098     0.009
    41.820    -0.022     0.081     0.022
    41.830     0.001     0.070     0.024
    41.840     0.060     0.037     0.024
    41.850     0.144    -0.008     0.028
    41.860     0.178    -0.042     0.033
    41.870     0.130    -0.054     0.046
    41.880     0.062    -0.040     0.069
    41.890     0.001    -0.003     0.083
    41.900    -0.053     0.061     0.073
    41.910    -0.089     0.129     0.044
    41.920    -0.112     0.159     0.020
    41.930    -0.111     0.150     0.012
    41.940    -0.086     0.140     0.012
    41.950    -0.051     0.139     0.029
    41.960    -0.005     0.119     0.073
    41.970     0.025     0.077     0.113
    41.980     0.010     0.024     0.104
    41.990    -0.038    -0.028     0.063
    42.000    -0.068    -0.068     0.022
    42.010    -0.034    -0.091    -0.003
    42.020     0.032    -0.102    -0.021
    42.030     0.043    -0.097    -0.054
    42.040    -0.011    -0.071    -0.072
    42.050    -0.076    -0.048    -0.062
    42.060    -0.116    -0.035    -0.039
    42.070    -0.119    -0.011    -0.017
    42.080    -0.094     0.017    -0.010
    42.090    -0.035     0.032    -0.019
    42.100     0.055     0.025    -0.036
    42.110     0.123    -0.002    -0.056
    42.120     0.119    -0.053    -0.069
    42.130     0.066    -0.120    -0.062
    42.140     0.000    -0.170    -0.043
    42.150    -0.067    -0.183    -0.022
    42.160    -0.084    -0.151     0.000
    42.170    -0.036    -0.106     0.008
    42.180     0.030    -0.061    -0.002
    42.190     0.086    -0.025    -0.017
    42.200     0.105    -0.020    -0.021
    42.210     0.082    -0.025     0.005
    42.220     0.039    -0.017     0.035
    42.230    -0.004     0.003     0.053
    42.240    -0.026     0.044     0.064
    42.250    -0.006     0.091     0.057
    42.260     0.050     0.136     0.030
    42.270     0.113     0.170    -0.002
    42.280     0.156     0.168    -0.042
    42.290     0.141     0.140    -0.069
    42.300     0.057     0.107    -0.082
    42.310    -0.068     0.081    -0.095
    42.320    -0.172     0.078    -0.082
    42.330    -0.176     0.100    -0.036
    42.340    -0.081     0.104     0.016
    42.350     0.039     0.070     0.048
    42.360     0.126     0.022     0.057
    42.370     0.147    -0.042     0.065
    42.380     0.117    -0.098     0.073
    42.390     0.071    -0.125     0.071
    42.400     0.016    -0.124     0.052
    42.410    -0.004    -0.089     0.038
    42.420     0.011    -0.050     0.023
    42.430     0.026    -0.016     0.000
    42.440     0.059     0.009    -0.016
    42.450     0.093    -0.007    -0.018
    42.460     0.094    -0.041     0.007
    42.470     0.061    -0.066     0.045
    42.480     0.006    -0.073     0.074
    42.490    -0.049    -0.048     0.083
    42.500    -0.082    -0.005     0.051
    42.510    -0.078     0.045    -0.023
    42.520    -0.048     0.100    -0.093
    42.530    -0.028     0.131    -0.138
    42.540    -0.047     0.131    -0.155
    42.550    -0.086     0.126    -0.133
    42.560    -0.119     0.100    -0.083
    42.570    -0.118     0.054    -0.024
    42.580    -0.081     0.022     0.020
    42.590    -0.033     0.004     0.042
    42.600     0.008    -0.009     0.048
    42.610     0.042    -0.013     0.040
    42.620     0.055    -0.021     0.035
    42.630     0.039    -0.029     0.043
    42.640     0.029    -0.024     0.073
    42.650     0.015    -0.018     0.110
    42.660    -0.021     0.002     0.118
    42.670    -0.039     0.034     0.105
    42.680    -0.030     0.038     0.094
    42.690    -0.004    -0.001     0.095
    42.700     0.022    -0.051     0.087
    42.710     0.028    -0.088     0.073
    42.720     0.034    -0.106     0.072
    42.730     0.032    -0.113     0.068
    42.740     0.009    -0.112     0.047
    42.750    -0.034    -0.082     0.000
    42.760    -0.068    -0.032    -0.053
    42.770    -0.056     0.023    -0.084
    42.780    -0.006     0.064    -0.106
    42.790     0.040     0.072    -0.118
    42.800     0.037     0.058    -0.099
    42.810     0.010     0.045    -0.052
    42.820     0.003     0.036    -0.001
    42.830     0.022     0.022     0.033
    42.840     0.039    -0.008     0.035
    42.850     0.013    -0.060     0.000
    42.860    -0.029    -0.096    -0.036
    42.870    -0.045    -0.113    -0.056
    42.880    -0.046    -0.127    -0.065
    42.890    -0.024    -0.113    -0.064
    42.900     0.023    -0.087    -0.060
    42.910     0.059    -0.077    -0.041
    42.920     0.048    -0.059    -0.037
    42.930     0.020    -0.028    -0.049
    42.940     0.006     0.003    -0.049
    42.950     0.003     0.044    -0.058
    42.960     0.007     0.092    -0.076
    42.970     0.010     0.115    -0.071
    42.980     0.006     0.112    -0.046
    42.990    -0.009     0.102    -0.016
    43.000    -0.018     0.094     0.016
    43.010     0.002     0.092     0.038
    43.020     0.036     0.091     0.043
    43.030     0.061     0.085     0.046
    43.040     0.083     0.077     0.050
    43.050     0.084     0.054     0.054
    43.060     0.054     0.035     0.057
    43.070     0.021     0.018     0.042
    43.080    -0.015    -0.019     0.028
    43.090    -0.047    -0.053     0.036
    43.100    -0.066    -0.074     0.040
    43.110    -0.079    -0.074     0.049
    43.120    -0.088    -0.051     0.057
    43.130    -0.076    -0.018     0.056
    43.140    -0.028     0.007     0.061
    43.150     0.038     0.017     0.050
    43.160     0.079     0.014     0.014
    43.170     0.057     0.000    -0.034
    43.180    -0.002    -0.004    -0.066
    43.190    -0.054     0.009    -0.089
    43.200    -0.085     0.020    -0.106
    43.210    -0.089     0.022    -0.119
    43.220    -0.060     0.019    -0.134
    43.230     0.001     0.018    -0.133
    43.240     0.065     0.014    -0.125
    43.250     0.096     0.010    -0.111
    43.260     0.086    -0.001    -0.063
    43.270     0.052    -0.009    -0.006
    43.280     0.013     0.003     0.042
    43.290    -0.005     0.034     0.068
    43.300     0.034     0.056     0.067
    43.310     0.108     0.043     0.074
    43.320     0.156    -0.003     0.091
    43.330     0.140    -0.061     0.101
    43.340     0.066    -0.107     0.099
    43.350    -0.007    -0.133     0.096
    43.360    -0.051    -0.126     0.098
    43.370    -0.087    -0.082     0.093
    43.380    -0.121    -0.018     0.084
    43.390    -0.141     0.051     0.075
    43.400    -0.138     0.093     0.075
    43.410    -0.116     0.099     0.078
    43.420    -0.073     0.070     0.076
    43.430    -0.032     0.024     0.077
    43.440    -0.018    -0.012     0.070
    43.450    -0.036    -0.036     0.048
    43.460    -0.059    -0.048     0.025
    43.470    -0.051    -0.047    -0.011
    43.480    -0.017    -0.032    -0.072
    43.490     0.005    -0.020    -0.132
    43.500     0.017    -0.023    -0.174
    43.510     0.056    -0.033    -0.181
    43.520     0.118    -0.049    -0.157
    43.530     0.168    -0.051    -0.140
    43.540     0.191    -0.036    -0.129
    43.550     0.182    -0.023    -0.111
    43.560     0.134    -0.022    -0.087
    43.570     0.071    -0.013    -0.066
    43.580     0.017     0.006    -0.041
    43.590    -0.039     0.022    -0.028
    43.600    -0.075     0.043    -0.013
    43.610    -0.083     0.061     0.010
    43.620    -0.094     0.075     0.014
    43.630    -0.139     0.084     0.022
    43.640    -0.198     0.080     0.041
    43.650    -0.214     0.074     0.073
    43.660    -0.177     0.062     0.113
    43.670    -0.104     0.055     0.139
    43.680    -0.035     0.052     0.143
    43.690    -0.006     0.031     0.108
    43.700     0.004    -0.002     0.040
    43.710     0.027    -0.027    -0.035
    43.720     0.066    -0.039    -0.086
    43.730     0.093    -0.036    -0.117
    43.740     0.097    -0.028    -0.116
    43.750     0.079    -0.029    -0.075
    43.760     0.040    -0.031    -0.023
    43.770     0.006    -0.035     0.031
    43.780     0.009    -0.043     0.068
    43.790     0.049    -0.056     0.072
    43.800     0.098    -0.075     0.060
    43.810     0.120    -0.087     0.042
    43.820     0.096    -0.088     0.036
    43.830     0.034    -0.071     0.043
    43.840    -0.053    -0.047     0.030
    43.850    -0.140    -0.027     0.000
    43.860    -0.178    -0.001    -0.023
    43.870    -0.138     0.027    -0.045
    43.880    -0.051     0.047    -0.061
    43.890     0.022     0.066    -0.064
    43.900     0.065     0.090    -0.056
    43.910     0.072     0.106    -0.044
    43.920     0.037     0.111    -0.028
    43.930    -0.014     0.107    -0.018
    43.940    -0.036     0.094    -0.002
    43.950    -0.007     0.067     0.033
    43.960     0.031     0.032     0.053
    43.970     0.049     0.007     0.065
    43.980     0.054    -0.020     0.078
    43.990     0.037    -0.058     0.084
    44.000     0.003    -0.095     0.088
    44.010    -0.026    -0.122     0.086
    44.020    -0.027    -0.129     0.075
    44.030    -0.009    -0.119     0.055
    44.040     0.018    -0.088     0.018
    44.050     0.039    -0.043    -0.043
    44.060     0.035    -0.003    -0.100
    44.070     0.020     0.018    -0.127
    44.080     0.004     0.024    -0.128
    44.090     0.013     0.023    -0.082
    44.100     0.015     0.013    -0.023
    44.110    -0.037     0.005     0.016
    44.120    -0.094     0.006     0.046
    44.130    -0.099     0.021     0.058
    44.140    -0.057     0.037     0.050
    44.150     0.007     0.051     0.018
    44.160     0.081     0.055    -0.026
    44.170     0.126     0.029    -0.056
    44.180     0.102    -0.007    -0.065
    44.190     0.046    -0.019    -0.057
    44.200     0.015     0.000    -0.028
    44.210     0.024     0.021     0.010
    44.220     0.044     0.023     0.022
    44.230     0.018     0.014     0.021
    44.240    -0.048    -0.010     0.014
    44.250    -0.112    -0.032     0.002
    44.260    -0.140    -0.028    -0.001
    44.270    -0.123     0.002    -0.012
    44.280    -0.082     0.043    -0.031
    44.290    -0.033     0.067    -0.039
    44.300    -0.001     0.071    -0.036
    44.310    -0.012     0.068    -0.022
    44.320    -0.056     0.062    -0.001
    44.330    -0.078     0.071     0.016
    44.340    -0.044     0.092     0.017
    44.350     0.021     0.097     0.003
    44.360     0.052     0.074    -0.027
    44.370     0.012     0.036    -0.051
    44.380    -0.038     0.010    -0.041
    44.390    -0.037    -0.006    -0.012
    44.400     0.009    -0.013     0.022
    44.410     0.074    -0.017     0.056
    44.420     0.117    -0.047     0.076
    44.430     0.116    -0.087     0.095
    44.440     0.071    -0.112     0.103
    44.450     0.023    -0.119     0.085
    44.460     0.015    -0.115     0.057
    44.470     0.032    -0.112     0.026
    44.480     0.035    -0.099     0.005
    44.490     0.009    -0.085     0.006
    44.500    -0.032    -0.085     0.020
    44.510    -0.063    -0.090     0.027
    44.520    -0.047    -0.075     0.031
    44.530     0.026    -0.041     0.034
    44.540     0.093    -0.025     0.030
    44.550     0.094    -0.022     0.018
    44.560     0.012    -0.026    -0.018
    44.570    -0.078    -0.027    -0.058
    44.580    -0.094     0.001    -0.086
    44.590    -0.029     0.052    -0.108
    44.600     0.063     0.101    -0.125
    44.610     0.122     0.116    -0.130
    44.620     0.123     0.096    -0.117
    44.630     0.059     0.063    -0.099
    44.640    -0.031     0.033    -0.079
    44.650    -0.112     0.020    -0.070
    44.660    -0.149     0.019    -0.054
    44.670    -0.097     0.017    -0.041
    44.680     0.020     0.013    -0.045
    44.690     0.132     0.010    -0.040
    44.700     0.163     0.009    -0.038
    44.710     0.116     0.004    -0.026
    44.720     0.048    -0.015     0.016
    44.730    -0.027    -0.040     0.051
    44.740    -0.082    -0.037     0.083
    44.750    -0.101    -0.021     0.123
    44.760    -0.103    -0.020     0.152
    44.770    -0.085    -0.019     0.170
    44.780    -0.054    -0.015     0.168
    44.790    -0.037    -0.016     0.141
    44.800    -0.038    -0.020     0.114
    44.810    -0.045    -0.033     0.105
    44.820    -0.051    -0.033     0.096
    44.830    -0.041     0.001     0.075
    44.840    -0.012     0.049     0.022
    44.850     0.024     0.082    -0.054
    44.860     0.052     0.099    -0.106
    44.870     0.054     0.091    -0.132
    44.880     0.034     0.063    -0.135
    44.890     0.025     0.037    -0.100
    44.900     0.039     0.010    -0.053
    44.910     0.085     0.007    -0.021
    44.920     0.153     0.020    -0.005
    44.930     0.182     0.022    -0.016
    44.940     0.130     0.030    -0.040
    44.950     0.048     0.029    -0.039
    44.960    -0.024     0.009    -0.015
    44.970    -0.077    -0.003     0.012
    44.980    -0.080     0.004     0.041
    44.990    -0.036     0.020     0.073
    45.000     0.018     0.033     0.100
    45.010     0.061     0.037     0.104
    45.020     0.060     0.023     0.077
    45.030     0.008    -0.001     0.023
    45.040    -0.050    -0.017    -0.045
    45.050    -0.095    -0.037    -0.094
    45.060    -0.129    -0.048    -0.106
    45.070    -0.119    -0.043    -0.099
    45.080    -0.061    -0.040    -0.079
    45.090     0.001    -0.024    -0.057
    45.100     0.032     0.001    -0.054
    45.110     0.039     0.026    -0.050
    45.120     0.036     0.050    -0.029
    45.130     0.036     0.071     0.004
    45.140     0.036     0.091     0.046
    45.150     0.020     0.097     0.078
    45.160    -0.006     0.094     0.080
    45.170    -0.036     0.090     0.054
    45.180    -0.057     0.084     0.001
    45.190    -0.036     0.069    -0.050
    45.200     0.049     0.053    -0.051
    45.210     0.145     0.031    -0.012
    45.220     0.164     0.003     0.034
    45.230     0.103    -0.023     0.066
    45.240     0.019    -0.063     0.071
    45.250    -0.056    -0.108     0.052
    45.260    -0.104    -0.138     0.022
    45.270    -0.110    -0.139    -0.003
    45.280    -0.089    -0.109    -0.009
    45.290    -0.063    -0.066     0.012
    45.300    -0.046    -0.025     0.047
    45.310    -0.049    -0.006     0.089
    45.320    -0.058    -0.003     0.123
    45.330    -0.050     0.001     0.125
    45.340    -0.039     0.003     0.113
    45.350    -0.042     0.002     0.080
    45.360    -0.027    -0.008     0.037
    45.370     0.013    -0.044     0.004
    45.380     0.038    -0.083    -0.035
    45.390     0.029    -0.077    -0.071
    45.400     0.005    -0.048    -0.080
    45.410    -0.012    -0.039    -0.075
    45.420    -0.025    -0.032    -0.084
    45.430    -0.023     0.003    -0.102
    45.440    -0.014     0.050    -0.132
    45.450    -0.006     0.086    -0.160
    45.460     0.028     0.104    -0.156
    45.470     0.062     0.088    -0.126
    45.480     0.059     0.055    -0.070
    45.490     0.047     0.017     0.000
    45.500     0.060    -0.022     0.067
    45.510     0.083    -0.048     0.116
    45.520     0.093    -0.052     0.129
    45.530     0.104    -0.033     0.124
    45.540     0.128    -0.009     0.111
    45.550     0.160     0.018     0.081
    45.560     0.165     0.044     0.032
    45.570     0.134     0.057    -0.009
    45.580     0.059     0.035    -0.035
    45.590    -0.067    -0.003    -0.063
    45.600    -0.184    -0.031    -0.079
    45.610    -0.245    -0.056    -0.080
    45.620    -0.229    -0.053    -0.068
    45.630    -0.149    -0.039    -0.049
    45.640    -0.034    -0.028    -0.040
    45.650     0.070    -0.014    -0.039
    45.660     0.119    -0.015    -0.037
    45.670     0.100    -0.013    -0.023
    45.680     0.017     0.003     0.006
    45.690    -0.065     0.046     0.040
    45.700    -0.072     0.094     0.054
    45.710     0.004     0.111     0.049
    45.720     0.105     0.101     0.025
    45.730     0.142     0.054    -0.007
    45.740     0.087    -0.005    -0.008
    45.750    -0.025    -0.059     0.019
    45.760    -0.133    -0.094     0.053
    45.770    -0.163    -0.089     0.084
    45.780    -0.089    -0.055     0.098
    45.790     0.022     0.003     0.082
    45.800     0.092     0.062     0.034
    45.810     0.103     0.097    -0.020
    45.820     0.064     0.103    -0.056
    45.830     0.004     0.087    -0.070
    45.840    -0.040     0.068    -0.074
    45.850    -0.038     0.045    -0.046
    45.860    -0.002     0.032     0.008
    45.870     0.025     0.031     0.031
    45.880     0.034     0.028     0.023
    45.890     0.038     0.004    -0.001
    45.900     0.051    -0.041    -0.017
    45.910     0.075    -0.078    -0.008
    45.920     0.091    -0.093     0.004
    45.930     0.068    -0.093     0.005
    45.940    -0.002    -0.065    -0.010
    45.950    -0.067    -0.005    -0.027
    45.960    -0.082     0.051    -0.044
    45.970    -0.056     0.076    -0.065
    45.980    -0.006     0.076    -0.077
    45.990     0.041     0.052    -0.060
    46.000     0.050     0.009     0.006
    46.010    -0.015    -0.047     0.063
    46.020    -0.134    -0.096     0.093
    46.030    -0.218    -0.110     0.105
    46.040    -0.225    -0.094     0.079
    46.050    -0.156    -0.054     0.053
    46.060    -0.054    -0.009     0.048
    46.070     0.002     0.014     0.060
    46.080     0.018     0.043     0.090
    46.090     0.026     0.073     0.117
    46.100     0.020     0.079     0.126
    46.110     0.019     0.074     0.108
    46.120     0.029     0.074     0.076
    46.130     0.028     0.082     0.024
    46.140     0.010     0.094    -0.039
    46.150    -0.004     0.106    -0.088
    46.160     0.012     0.098    -0.125
    46.170     0.067     0.070    -0.145
    46.180     0.134     0.032    -0.162
    46.190     0.151    -0.013    -0.171
    46.200     0.116    -0.048    -0.144
    46.210     0.055    -0.071    -0.100
    46.220     0.001    -0.082    -0.048
    46.230    -0.005    -0.074    -0.005
    46.240     0.005    -0.067     0.006
    46.250     0.019    -0.063     0.007
    46.260     0.036    -0.059     0.029
    46.270     0.005    -0.073     0.056
    46.280    -0.071    -0.083     0.067
    46.290    -0.141    -0.075     0.082
    46.300    -0.171    -0.054     0.090
    46.310    -0.138    -0.014     0.095
    46.320    -0.053     0.017     0.084
    46.330     0.029     0.027     0.034
    46.340     0.089     0.027    -0.010
    46.350     0.116     0.023    -0.038
    46.360     0.102     0.023    -0.051
    46.370     0.072     0.034    -0.051
    46.380     0.064     0.053    -0.067
    46.390     0.083     0.080    -0.082
    46.400     0.103     0.119    -0.091
    46.410     0.103     0.149    -0.094
    46.420     0.077     0.149    -0.067
    46.430     0.048     0.117    -0.008
    46.440     0.032     0.064     0.052
    46.450     0.031     0.004     0.093
    46.460     0.058    -0.046     0.128
    46.470     0.065    -0.070     0.144
    46.480     0.015    -0.063     0.148
    46.490    -0.063    -0.047     0.133
    46.500    -0.127    -0.040     0.106
    46.510    -0.172    -0.048     0.091
    46.520    -0.185    -0.065     0.070
    46.530    -0.139    -0.086     0.051
    46.540    -0.042    -0.102     0.040
    46.550     0.052    -0.104     0.018
    46.560     0.086    -0.100    -0.011
    46.570     0.076    -0.096    -0.034
    46.580     0.061    -0.087    -0.054
    46.590     0.055    -0.058    -0.071
    46.600     0.042    -0.012    -0.081
    46.610     0.003     0.031    -0.089
    46.620    -0.038     0.057    -0.076
    46.630    -0.052     0.063    -0.044
    46.640    -0.040     0.060    -0.037
    46.650    -0.008     0.046    -0.041
    46.660     0.022     0.021    -0.047
    46.670     0.031    -0.007    -0.070
    46.680     0.023    -0.011    -0.079
    46.690    -0.001     0.002    -0.068
    46.700    -0.030     0.012    -0.057
    46.710    -0.034     0.015    -0.054
    46.720     0.015     0.003    -0.075
    46.730     0.082    -0.009    -0.112
    46.740     0.101    -0.005    -0.146
    46.750     0.044     0.008    -0.157
    46.760    -0.071     0.017    -0.129
    46.770    -0.162     0.021    -0.070
    46.780    -0.177     0.019    -0.009
    46.790    -0.112     0.031     0.032
    46.800    -0.013     0.061     0.054
    46.810     0.049     0.075     0.050
    46.820     0.068     0.068     0.055
    46.830     0.056     0.043     0.082
    46.840     0.025     0.001     0.107
    46.850     0.002    -0.036     0.130
    46.860     0.016    -0.052     0.142
    46.870     0.050    -0.060     0.132
    46.880     0.068    -0.054     0.110
    46.890     0.079    -0.035     0.086
    46.900     0.063    -0.014     0.065
    46.910     0.019     0.007     0.060
    46.920    -0.017     0.005     0.071
    46.930    -0.033    -0.017     0.098
    46.940    -0.029    -0.030     0.131
    46.950    -0.049    -0.019     0.112
    46.960    -0.093     0.017     0.051
    46.970    -0.123     0.064    -0.014
    46.980    -0.125     0.086    -0.073
    46.990    -0.092     0.085    -0.113
    47.000    -0.024     0.069    -0.127
    47.010     0.030     0.032    -0.118
    47.020     0.020     0.004    -0.096
    47.030    -0.028     0.001    -0.068
    47.040    -0.065    -0.014    -0.049
    47.050    -0.070    -0.058    -0.044
    47.060    -0.048    -0.122    -0.057
    47.070     0.003    -0.196    -0.081
    47.080     0.061    -0.260    -0.069
    47.090     0.090    -0.297    -0.037
    47.100     0.104    -0.291     0.002
    47.110     0.131    -0.253     0.054
    47.120     0.162    -0.193     0.085
    47.130     0.180    -0.096     0.093
    47.140     0.185     0.011     0.095
    47.150     0.138     0.110     0.085
    47.160     0.026     0.203     0.067
    47.170    -0.059     0.268     0.068
    47.180    -0.075     0.287     0.079
    47.190    -0.047     0.265     0.073
    47.200    -0.023     0.220     0.062
    47.210    -0.038     0.166     0.061
    47.220    -0.067     0.111     0.086
    47.230    -0.089     0.061     0.120
    47.240    -0.105     0.028     0.123
    47.250    -0.094    -0.003     0.100
    47.260    -0.039    -0.044     0.055
    47.270     0.038    -0.082     0.010
    47.280     0.117    -0.118    -0.018
    47.290     0.183    -0.137    -0.043
    47.300     0.202    -0.136    -0.055
    47.310     0.181    -0.116    -0.051
    47.320     0.148    -0.079    -0.048
    47.330     0.107    -0.038    -0.059
    47.340     0.043     0.006    -0.078
    47.350    -0.045     0.051    -0.112
    47.360    -0.108     0.089    -0.141
    47.370    -0.112     0.112    -0.142
    47.380    -0.082     0.108    -0.145
    47.390    -0.064     0.083    -0.141
    47.400    -0.075     0.044    -0.122
    47.410    -0.100     0.001    -0.109
    47.420    -0.098    -0.023    -0.103
    47.430    -0.063    -0.024    -0.108
    47.440    -0.028    -0.005    -0.130
    47.450     0.013     0.029    -0.151
    47.460     0.068     0.070    -0.155
    47.470     0.094     0.116    -0.148
    47.480     0.039     0.156    -0.124
    47.490    -0.073     0.197    -0.091
    47.500    -0.150     0.232    -0.029
    47.510    -0.156     0.245     0.068
    47.520    -0.121     0.239     0.153
    47.530    -0.082     0.217     0.211
    47.540    -0.048     0.179     0.239
    47.550    -0.008     0.133     0.228
    47.560     0.029     0.102     0.190
    47.570     0.062     0.084     0.152
    47.580     0.069     0.053     0.119
    47.590     0.034     0.001     0.093
    47.600    -0.023    -0.064     0.082
    47.610    -0.072    -0.126     0.061
    47.620    -0.087    -0.185     0.024
    47.630    -0.075    -0.246    -0.048
    47.640    -0.041    -0.290    -0.156
    47.650     0.020    -0.311    -0.244
    47.660     0.083    -0.346    -0.278
    47.670     0.116    -0.402    -0.251
    47.680     0.110    -0.444    -0.167
    47.690     0.090    -0.440    -0.055
    47.700     0.065    -0.380     0.042
    47.710     0.044    -0.269     0.121
    47.720     0.065    -0.114     0.182
    47.730     0.112     0.074     0.222
    47.740     0.152     0.278     0.252
    47.750     0.166     0.459     0.269
    47.760     0.127     0.560     0.288
    47.770     0.050     0.569     0.294
    47.780    -0.039     0.515     0.248
    47.790    -0.111     0.416     0.166
    47.800    -0.153     0.291     0.058
    47.810    -0.185     0.159    -0.082
    47.820    -0.213     0.027    -0.230
    47.830    -0.235    -0.081    -0.353
    47.840    -0.214    -0.158    -0.432
    47.850    -0.105    -0.208    -0.451
    47.860     0.068    -0.220    -0.433
    47.870     0.230    -0.205    -0.405
    47.880     0.290    -0.182    -0.353
    47.890     0.242    -0.170    -0.280
    47.900     0.147    -0.180    -0.181
    47.910     0.063    -0.208    -0.063
    47.920     0.029    -0.228     0.056
    47.930     0.021    -0.230     0.180
    47.940     0.017    -0.215     0.320
    47.950    -0.014    -0.172     0.471
    47.960    -0.083    -0.092     0.620
    47.970    -0.145     0.001     0.738
    47.980    -0.189     0.078     0.775
    47.990    -0.215     0.120     0.714
    48.000    -0.204     0.115     0.550
    48.010    -0.177     0.082     0.297
    48.020    -0.148     0.027     0.014
    48.030    -0.102    -0.038    -0.254
    48.040    -0.013    -0.071    -0.463
    48.050     0.093    -0.071    -0.586
    48.060     0.153    -0.050    -0.629
    48.070     0.145    -0.021    -0.598
    48.080     0.100     0.002    -0.513
    48.090     0.090     0.047    -0.404
    48.100     0.116     0.105    -0.289
    48.110     0.109     0.128    -0.169
    48.120     0.063     0.105    -0.054
    48.130     0.018     0.029     0.058
    48.140    -0.003    -0.074     0.161
    48.150    -0.009    -0.129     0.221
    48.160    -0.018    -0.104     0.270
    48.170    -0.018    -0.009     0.332
    48.180     0.002     0.120     0.370
    48.190     0.050     0.241     0.354
    48.200     0.122     0.341     0.248
    48.210     0.153     0.417     0.050
    48.220     0.115     0.471    -0.181
    48.230     0.037     0.492    -0.365
    48.240    -0.064     0.446    -0.466
    48.250    -0.156     0.317    -0.465
    48.260    -0.209     0.126    -0.369
    48.270    -0.195    -0.086    -0.215
    48.280    -0.104    -0.257    -0.029
    48.290     0.001    -0.348     0.109
    48.300     0.049    -0.359     0.155
    48.310     0.059    -0.305     0.124
    48.320     0.091    -0.207     0.053
    48.330     0.120    -0.102    -0.018
    48.340     0.131    -0.010    -0.045
    48.350     0.141     0.059     0.017
    48.360     0.139     0.078     0.129
    48.370     0.122     0.051     0.242
    48.380     0.053    -0.001     0.319
    48.390    -0.047    -0.063     0.352
    48.400    -0.095    -0.120     0.365
    48.410    -0.081    -0.158     0.326
    48.420    -0.051    -0.186     0.233
    48.430    -0.068    -0.212     0.104
    48.440    -0.121    -0.246    -0.026
    48.450    -0.144    -0.258    -0.120
    48.460    -0.118    -0.216    -0.197
    48.470    -0.077    -0.102    -0.245
    48.480    -0.055     0.080    -0.244
    48.490    -0.052     0.257    -0.212
    48.500    -0.037     0.363    -0.178
    48.510     0.005     0.349    -0.176
    48.520     0.060     0.227    -0.214
    48.530     0.100     0.052    -0.242
    48.540     0.110    -0.117    -0.206
    48.550     0.090    -0.218    -0.103
    48.560     0.031    -0.249     0.043
    48.570    -0.023    -0.223     0.195
    48.580    -0.011    -0.176     0.301
    48.590     0.065    -0.133     0.352
    48.600     0.152    -0.082     0.355
    48.610     0.194    -0.019     0.317
    48.620     0.189     0.056     0.280
    48.630     0.144     0.143     0.230
    48.640     0.050     0.241     0.154
    48.650    -0.068     0.337     0.064
    48.660    -0.155     0.372    -0.015
    48.670    -0.187     0.304    -0.051
    48.680    -0.166     0.171    -0.055
    48.690    -0.108     0.054    -0.055
    48.700    -0.057     0.010    -0.078
    48.710    -0.025     0.033    -0.124
    48.720     0.002     0.072    -0.201
    48.730     0.027     0.095    -0.279
    48.740     0.073     0.098    -0.343
    48.750     0.125     0.068    -0.402
    48.760     0.174     0.009    -0.411
    48.770     0.192    -0.054    -0.381
    48.780     0.128    -0.074    -0.352
    48.790     0.029    -0.036    -0.330
    48.800    -0.045     0.012    -0.287
    48.810    -0.089     0.038    -0.197
    48.820    -0.104     0.027    -0.059
    48.830    -0.111    -0.037     0.119
    48.840    -0.125    -0.134     0.290
    48.850    -0.168    -0.238     0.418
    48.860    -0.247    -0.330     0.486
    48.870    -0.320    -0.372     0.487
    48.880    -0.311    -0.325     0.446
    48.890    -0.195    -0.207     0.369
    48.900    -0.024    -0.072     0.268
    48.910     0.148     0.035     0.196
    48.920     0.269     0.082     0.157
    48.930     0.306     0.073     0.136
    48.940     0.275     0.043     0.129
    48.950     0.206    -0.003     0.111
    48.960     0.141    -0.052     0.082
    48.970     0.112    -0.101     0.044
    48.980     0.091    -0.157    -0.025
    48.990     0.053    -0.199    -0.100
    49.000     0.003    -0.189    -0.145
    49.010    -0.035    -0.104    -0.142
    49.020    -0.032     0.039    -0.095
    49.030     0.004     0.174    -0.044
    49.040     0.010     0.254    -0.022
    49.050    -0.033     0.297    -0.034
    49.060    -0.088     0.296    -0.047
    49.070    -0.125     0.253    -0.019
    49.080    -0.157     0.179     0.043
    49.090    -0.209     0.067     0.095
    49.100    -0.227    -0.038     0.109
    49.110    -0.162    -0.101     0.073
    49.120    -0.032    -0.124    -0.012
    49.130     0.112    -0.121    -0.109
    49.140     0.226    -0.116    -0.186
    49.150     0.268    -0.103    -0.227
    49.160     0.230    -0.048    -0.245
    49.170     0.169     0.032    -0.242
    49.180     0.136     0.082    -0.208
    49.190     0.109     0.080    -0.171
    49.200     0.050     0.048    -0.164
    49.210     0.000     0.025    -0.158
    49.220    -0.026    -0.004    -0.108
    49.230    -0.053    -0.053    -0.039
    49.240    -0.073    -0.101     0.018
    49.250    -0.068    -0.151     0.067
    49.260    -0.060    -0.201     0.082
    49.270    -0.108    -0.223     0.050
    49.280    -0.190    -0.194    -0.032
    49.290    -0.254    -0.126    -0.133
    49.300    -0.251    -0.038    -0.205
    49.310    -0.168     0.054    -0.225
    49.320    -0.025     0.130    -0.188
    49.330     0.141     0.166    -0.144
    49.340     0.258     0.158    -0.132
    49.350     0.315     0.122    -0.127
    49.360     0.321     0.078    -0.088
    49.370     0.283     0.029     0.007
    49.380     0.208    -0.010     0.126
    49.390     0.137     0.014     0.239
    49.400     0.093     0.087     0.329
    49.410     0.022     0.152     0.380
    49.420    -0.060     0.179     0.395
    49.430    -0.128     0.154     0.381
    49.440    -0.172     0.122     0.359
    49.450    -0.179     0.133     0.331
    49.460    -0.158     0.182     0.322
    49.470    -0.105     0.236     0.362
    49.480    -0.064     0.274     0.399
    49.490    -0.067     0.274     0.392
    49.500    -0.093     0.221     0.324
    49.510    -0.099     0.117     0.180
    49.520    -0.060    -0.010    -0.021
    49.530    -0.004    -0.117    -0.244
    49.540     0.032    -0.198    -0.465
    49.550     0.044    -0.253    -0.629
    49.560     0.060    -0.280    -0.692
    49.570     0.068    -0.267    -0.683
    49.580     0.059    -0.191    -0.617
    49.590     0.053    -0.095    -0.490
    49.600     0.034    -0.022    -0.327
    49.610    -0.009     0.019    -0.166
    49.620    -0.040     0.025    -0.048
    49.630    -0.052     0.012    -0.006
    49.640    -0.046     0.017    -0.037
    49.650    -0.032     0.043    -0.093
    49.660    -0.050     0.061    -0.120
    49.670    -0.074     0.054    -0.084
    49.680    -0.051    -0.012     0.008
    49.690     0.028    -0.138     0.104
    49.700     0.115    -0.317     0.181
    49.710     0.155    -0.502     0.252
    49.720     0.138    -0.615     0.329
    49.730     0.095    -0.619     0.427
    49.740     0.074    -0.503     0.523
    49.750     0.087    -0.312     0.598
    49.760     0.150    -0.095     0.647
    49.770     0.242     0.105     0.646
    49.780     0.276     0.263     0.572
    49.790     0.221     0.393     0.410
    49.800     0.098     0.498     0.186
    49.810    -0.065     0.592    -0.055
    49.820    -0.215     0.663    -0.259
    49.830    -0.333     0.658    -0.389
    49.840    -0.419     0.534    -0.426
    49.850    -0.454     0.337    -0.352
    49.860    -0.431     0.147    -0.208
    49.870    -0.363     0.003    -0.065
    49.880    -0.268    -0.089     0.037
    49.890    -0.167    -0.150     0.100
    49.900    -0.077    -0.178     0.127
    49.910     0.007    -0.191     0.093
    49.920     0.091    -0.198     0.019
    49.930     0.181    -0.150    -0.075
    49.940     0.272    -0.027    -0.166
    49.950     0.344     0.137    -0.212
    49.960     0.385     0.274    -0.236
    49.970     0.370     0.310    -0.264
    49.980     0.295     0.251    -0.315
    49.990     0.196     0.162    -0.400
    50.000     0.114     0.077    -0.458
    50.010     0.053    -0.002    -0.421
    50.020     0.000    -0.095    -0.269
    50.030    -0.051    -0.191    -0.047
    50.040    -0.094    -0.266     0.169
    50.050    -0.112    -0.329     0.288
    50.060    -0.128    -0.362     0.270
    50.070    -0.124    -0.336     0.183
    50.080    -0.066    -0.258     0.092
    50.090     0.009    -0.133     0.043
    50.100     0.057     0.011     0.049
    50.110     0.027     0.104     0.097
    50.120    -0.048     0.142     0.180
    50.130    -0.098     0.153     0.247
    50.140    -0.105     0.144     0.262
    50.150    -0.035     0.137     0.214
    50.160     0.092     0.107     0.123
    50.170     0.192     0.034    -0.007
    50.180     0.218    -0.033    -0.160
    50.190     0.158    -0.059    -0.292
    50.200     0.039    -0.042    -0.370
    50.210    -0.055    -0.006    -0.352
    50.220    -0.089     0.004    -0.259
    50.230    -0.083    -0.015    -0.135
    50.240    -0.064    -0.049    -0.027
    50.250    -0.073    -0.087     0.034
    50.260    -0.099    -0.123     0.072
    50.270    -0.125    -0.145     0.077
    50.280    -0.111    -0.148     0.056
    50.290    -0.044    -0.138     0.019
    50.300     0.048    -0.148    -0.037
    50.310     0.126    -0.221    -0.069
    50.320     0.171    -0.317    -0.054
    50.330     0.203    -0.384    -0.021
    50.340     0.208    -0.401    -0.009
    50.350     0.197    -0.350    -0.034
    50.360     0.153    -0.256    -0.076
    50.370     0.079    -0.137    -0.088
    50.380     0.009    -0.022    -0.043
    50.390    -0.056     0.039     0.030
    50.400    -0.112     0.040     0.093
    50.410    -0.129    -0.001     0.107
    50.420    -0.080    -0.058     0.072
    50.430    -0.021    -0.085     0.009
    50.440    -0.023    -0.054    -0.069
    50.450    -0.132     0.025    -0.141
    50.460    -0.305     0.132    -0.161
    50.470    -0.430     0.252    -0.104
    50.480    -0.461     0.362    -0.019
    50.490    -0.380     0.466     0.044
    50.500    -0.225     0.536     0.074
    50.510    -0.072     0.547     0.081
    50.520     0.022     0.512     0.085
    50.530     0.029     0.425     0.089
    50.540    -0.007     0.313     0.094
    50.550    -0.028     0.209     0.112
    50.560    -0.008     0.127     0.145
    50.570     0.041     0.070     0.187
    50.580     0.088     0.009     0.222
    50.590     0.135    -0.068     0.230
    50.600     0.196    -0.159     0.224
    50.610     0.259    -0.233     0.226
    50.620     0.292    -0.256     0.230
    50.630     0.280    -0.222     0.220
    50.640     0.243    -0.148     0.171
    50.650     0.218    -0.063     0.067
    50.660     0.213     0.008    -0.041
    50.670     0.203     0.061    -0.125
    50.680     0.165     0.088    -0.151
    50.690     0.110     0.085    -0.100
    50.700     0.033     0.074    -0.039
    50.710    -0.091     0.086     0.002
    50.720    -0.214     0.167     0.013
    50.730    -0.272     0.293    -0.002
    50.740    -0.278     0.409    -0.022
    50.750    -0.249     0.481    -0.034
    50.760    -0.194     0.473    -0.008
    50.770    -0.119     0.396     0.039
    50.780    -0.021     0.273     0.053
    50.790     0.064     0.127    -0.001
    50.800     0.099    -0.016    -0.113
    50.810     0.066    -0.141    -0.260
    50.820    -0.026    -0.223    -0.399
    50.830    -0.113    -0.238    -0.471
    50.840    -0.133    -0.227    -0.438
    50.850    -0.092    -0.246    -0.295
    50.860    -0.025    -0.295    -0.101
    50.870     0.046    -0.359     0.104
    50.880     0.065    -0.411     0.284
    50.890     0.040    -0.429     0.406
    50.900     0.020    -0.426     0.489
    50.910     0.009    -0.395     0.513
    50.920     0.043    -0.332     0.471
    50.930     0.121    -0.276     0.382
    50.940     0.194    -0.253     0.249
    50.950     0.240    -0.225     0.097
    50.960     0.235    -0.154    -0.061
    50.970     0.180    -0.028    -0.205
    50.980     0.115     0.137    -0.325
    50.990     0.037     0.284    -0.431
    51.000    -0.023     0.381    -0.495
    51.010    -0.034     0.413    -0.528
    51.020    -0.018     0.401    -0.530
    51.030    -0.025     0.359    -0.492
    51.040    -0.112     0.277    -0.441
    51.050    -0.252     0.152    -0.358
    51.060    -0.346     0.005    -0.234
    51.070    -0.349    -0.123    -0.092
    51.080    -0.275    -0.224     0.069
    51.090    -0.146    -0.262     0.236
    51.100    -0.007    -0.236     0.361
    51.110     0.107    -0.148     0.415
    51.120     0.182    -0.017     0.382
    51.130     0.211     0.083     0.296
    51.140     0.222     0.137     0.201
    51.150     0.226     0.148     0.098
    51.160     0.229     0.136     0.005
    51.170     0.224     0.108    -0.056
    51.180     0.201     0.060    -0.065
    51.190     0.140     0.014    -0.030
    51.200     0.072    -0.032     0.029
    51.210     0.033    -0.074     0.096
    51.220    -0.002    -0.100     0.151
    51.230    -0.031    -0.105     0.194
    51.240    -0.046    -0.080     0.227
    51.250    -0.065    -0.037     0.259
    51.260    -0.099     0.009     0.257
    51.270    -0.138     0.043     0.208
    51.280    -0.169     0.064     0.130
    51.290    -0.180     0.087     0.032
    51.300    -0.166     0.102    -0.047
    51.310    -0.148     0.110    -0.086
    51.320    -0.128     0.101    -0.103
    51.330    -0.103     0.058    -0.122
    51.340    -0.055    -0.012    -0.147
    51.350     0.010    -0.094    -0.180
    51.360     0.047    -0.155    -0.220
    51.370     0.061    -0.157    -0.231
    51.380     0.052    -0.107    -0.210
    51.390     0.034    -0.028    -0.163
    51.400     0.027     0.032    -0.095
    51.410     0.016     0.024    -0.028
    51.420    -0.007    -0.026     0.045
    51.430    -0.020    -0.080     0.133
    51.440    -0.039    -0.132     0.222
    51.450    -0.084    -0.181     0.291
    51.460    -0.127    -0.219     0.311
    51.470    -0.155    -0.253     0.296
    51.480    -0.168    -0.278     0.271
    51.490    -0.174    -0.294     0.249
    51.500    -0.189    -0.301     0.248
    51.510    -0.164    -0.258     0.275
    51.520    -0.084    -0.166     0.304
    51.530     0.007    -0.049     0.304
    51.540     0.098     0.068     0.257
    51.550     0.189     0.145     0.171
    51.560     0.253     0.206     0.066
    51.570     0.295     0.293    -0.049
    51.580     0.327     0.383    -0.149
    51.590     0.348     0.442    -0.226
    51.600     0.353     0.456    -0.294
    51.610     0.301     0.427    -0.374
    51.620     0.188     0.393    -0.484
    51.630     0.045     0.357    -0.590
    51.640    -0.086     0.295    -0.649
    51.650    -0.152     0.199    -0.629
    51.660    -0.137     0.057    -0.552
    51.670    -0.087    -0.135    -0.462
    51.680    -0.054    -0.338    -0.375
    51.690    -0.049    -0.508    -0.312
    51.700    -0.064    -0.599    -0.248
    51.710    -0.074    -0.569    -0.169
    51.720    -0.068    -0.446    -0.075
    51.730    -0.043    -0.273     0.064
    51.740     0.003    -0.094     0.231
    51.750     0.055     0.040     0.405
    51.760     0.097     0.135     0.560
    51.770     0.118     0.211     0.646
    51.780     0.101     0.273     0.648
    51.790     0.031     0.323     0.568
    51.800    -0.052     0.351     0.427
    51.810    -0.109     0.321     0.272
    51.820    -0.125     0.242     0.130
    51.830    -0.109     0.122     0.014
    51.840    -0.084    -0.013    -0.070
    51.850    -0.056    -0.098    -0.113
    51.860    -0.040    -0.111    -0.126
    51.870    -0.039    -0.059    -0.141
    51.880    -0.055     0.029    -0.165
    51.890    -0.090     0.120    -0.207
    51.900    -0.124     0.195    -0.262
    51.910    -0.099     0.241    -0.291
    51.920    -0.005     0.231    -0.274
    51.930     0.099     0.162    -0.210
    51.940     0.155     0.065    -0.110
    51.950     0.144    -0.050     0.015
    51.960     0.108    -0.165     0.159
    51.970     0.055    -0.249     0.265
    51.980     0.015    -0.299     0.304
    51.990     0.049    -0.306     0.282
    52.000     0.118    -0.275     0.214
    52.010     0.188    -0.209     0.130
    52.020     0.241    -0.135     0.035
    52.030     0.240    -0.110    -0.046
    52.040     0.172    -0.134    -0.119
    52.050     0.076    -0.173    -0.190
    52.060     0.005    -0.208    -0.236
    52.070    -0.028    -0.216    -0.264
    52.080    -0.020    -0.176    -0.258
    52.090     0.005    -0.112    -0.214
    52.100    -0.004    -0.044    -0.144
    52.110    -0.074     0.051    -0.062
    52.120    -0.187     0.169     0.019
    52.130    -0.275     0.316     0.107
    52.140    -0.296     0.454     0.169
    52.150    -0.259     0.519     0.185
    52.160    -0.183     0.520     0.177
    52.170    -0.103     0.456     0.162
    52.180    -0.064     0.344     0.166
    52.190    -0.084     0.197     0.190
    52.200    -0.131     0.038     0.211
    52.210    -0.145    -0.068     0.225
    52.220    -0.081    -0.091     0.197
    52.230     0.050    -0.043     0.101
    52.240     0.159     0.047    -0.046
    52.250     0.195     0.144    -0.224
    52.260     0.179     0.208    -0.391
    52.270     0.164     0.229    -0.513
    52.280     0.199     0.193    -0.595
    52.290     0.272     0.097    -0.616
    52.300     0.344    -0.030    -0.564
    52.310     0.367    -0.193    -0.455
    52.320     0.292    -0.383    -0.303
    52.330     0.160    -0.542    -0.131
    52.340     0.039    -0.647     0.057
    52.350    -0.033    -0.685     0.256
    52.360    -0.042    -0.660     0.427
    52.370    -0.008    -0.589     0.552
    52.380     0.009    -0.467     0.624
    52.390    -0.039    -0.322     0.633
    52.400    -0.124    -0.170     0.604
    52.410    -0.200    -0.032     0.580
    52.420    -0.240     0.072     0.564
    52.430    -0.259     0.134     0.529
    52.440    -0.262     0.142     0.467
    52.450    -0.249     0.105     0.355
    52.460    -0.232     0.041     0.201
    52.470    -0.193     0.001     0.044
    52.480    -0.127    -0.004    -0.098
    52.490    -0.060     0.033    -0.229
    52.500     0.011     0.115    -0.344
    52.510     0.079     0.200    -0.423
    52.520     0.113     0.281    -0.485
    52.530     0.127     0.323    -0.527
    52.540     0.159     0.314    -0.560
    52.550     0.208     0.299    -0.594
    52.560     0.257     0.295    -0.597
    52.570     0.253     0.288    -0.562
    52.580     0.180     0.245    -0.476
    52.590     0.086     0.163    -0.356
    52.600    -0.003     0.064    -0.229
    52.610    -0.071    -0.014    -0.085
    52.620    -0.107    -0.049     0.058
    52.630    -0.107    -0.052     0.211
    52.640    -0.070    -0.016     0.363
    52.650    -0.012     0.048     0.480
    52.660     0.037     0.123     0.571
    52.670     0.060     0.211     0.637
    52.680     0.049     0.288     0.689
    52.690    -0.007     0.351     0.712
    52.700    -0.076     0.400     0.695
    52.710    -0.121     0.413     0.630
    52.720    -0.128     0.378     0.512
    52.730    -0.106     0.279     0.344
    52.740    -0.090     0.137     0.132
    52.750    -0.085    -0.013    -0.084
    52.760    -0.093    -0.175    -0.293
    52.770    -0.103    -0.328    -0.479
    52.780    -0.097    -0.433    -0.616
    52.790    -0.073    -0.481    -0.707
    52.800    -0.033    -0.474    -0.735
    52.810     0.035    -0.414    -0.694
    52.820     0.126    -0.338    -0.582
    52.830     0.208    -0.255    -0.416
    52.840     0.257    -0.153    -0.219
    52.850     0.246    -0.041    -0.019
    52.860     0.180     0.068     0.161
    52.870     0.098     0.149     0.296
    52.880     0.032     0.172     0.358
    52.890    -0.007     0.129     0.348
    52.900    -0.032     0.042     0.280
    52.910    -0.073    -0.053     0.174
    52.920    -0.116    -0.105     0.064
    52.930    -0.137    -0.107    -0.047
    52.940    -0.149    -0.071    -0.155
    52.950    -0.158     0.020    -0.253
    52.960    -0.146     0.133    -0.329
    52.970    -0.109     0.226    -0.359
    52.980    -0.045     0.267    -0.359
    52.990     0.023     0.223    -0.351
    53.000     0.051     0.102    -0.321
    53.010     0.056    -0.048    -0.254
    53.020     0.065    -0.181    -0.147
    53.030     0.090    -0.271    -0.012
    53.040     0.121    -0.313     0.125
    53.050     0.117    -0.320     0.258
    53.060     0.073    -0.296     0.389
    53.070    -0.002    -0.254     0.499
    53.080    -0.084    -0.219     0.585
    53.090    -0.142    -0.181     0.641
    53.100    -0.149    -0.127     0.657
    53.110    -0.106    -0.063     0.636
    53.120    -0.046     0.005     0.576
    53.130     0.000     0.060     0.472
    53.140     0.014     0.104     0.322
    53.150     0.044     0.153     0.139
    53.160     0.113     0.207    -0.046
    53.170     0.190     0.274    -0.205
    53.180     0.243     0.369    -0.333
    53.190     0.232     0.454    -0.444
    53.200     0.166     0.497    -0.536
    53.210     0.087     0.486    -0.590
    53.220     0.003     0.421    -0.603
    53.230    -0.083     0.346    -0.557
    53.240    -0.135     0.296    -0.437
    53.250    -0.148     0.271    -0.268
    53.260    -0.141     0.252    -0.075
    53.270    -0.128     0.212     0.082
    53.280    -0.107     0.165     0.189
    53.290    -0.067     0.118     0.253
    53.300    -0.028     0.060     0.265
    53.310    -0.018    -0.001     0.277
    53.320    -0.017    -0.063     0.308
    53.330    -0.008    -0.124     0.329
    53.340    -0.016    -0.178     0.312
    53.350    -0.028    -0.242     0.236
    53.360    -0.017    -0.311     0.120
    53.370     0.015    -0.350    -0.008
    53.380     0.065    -0.347    -0.128
    53.390     0.113    -0.321    -0.222
    53.400     0.144    -0.300    -0.258
    53.410     0.148    -0.296    -0.244
    53.420     0.099    -0.298    -0.218
    53.430     0.005    -0.321    -0.194
    53.440    -0.086    -0.367    -0.184
    53.450    -0.140    -0.396    -0.173
    53.460    -0.157    -0.377    -0.134
    53.470    -0.147    -0.314    -0.070
    53.480    -0.132    -0.234     0.033
    53.490    -0.119    -0.161     0.163
    53.500    -0.089    -0.087     0.278
    53.510    -0.043    -0.023     0.349
    53.520     0.012     0.017     0.359
    53.530     0.057     0.026     0.300
    53.540     0.073     0.012     0.192
    53.550     0.064    -0.004     0.074
    53.560     0.025    -0.036    -0.031
    53.570    -0.025    -0.091    -0.104
    53.580    -0.034    -0.153    -0.152
    53.590     0.008    -0.187    -0.218
    53.600     0.067    -0.164    -0.328
    53.610     0.113    -0.082    -0.471
    53.620     0.123     0.044    -0.597
    53.630     0.093     0.189    -0.652
    53.640     0.042     0.320    -0.610
    53.650    -0.009     0.397    -0.463
    53.660    -0.021     0.390    -0.233
    53.670     0.025     0.327     0.019
    53.680     0.083     0.267     0.217
    53.690     0.115     0.230     0.351
    53.700     0.112     0.191     0.442
    53.710     0.084     0.127     0.510
    53.720     0.050     0.042     0.565
    53.730     0.014    -0.048     0.575
    53.740     0.002    -0.116     0.533
    53.750     0.009    -0.163     0.478
    53.760     0.002    -0.189     0.423
    53.770    -0.015    -0.188     0.384
    53.780    -0.024    -0.171     0.362
    53.790    -0.035    -0.140     0.317
    53.800    -0.075    -0.082     0.246
    53.810    -0.151     0.010     0.164
    53.820    -0.219     0.124     0.091
    53.830    -0.237     0.261     0.031
    53.840    -0.211     0.391    -0.034
    53.850    -0.150     0.476    -0.106
    53.860    -0.050     0.496    -0.165
    53.870     0.063     0.433    -0.212
    53.880     0.142     0.321    -0.283
    53.890     0.175     0.196    -0.369
    53.900     0.170     0.081    -0.452
    53.910     0.132     0.004    -0.520
    53.920     0.095    -0.030    -0.562
    53.930     0.085    -0.030    -0.591
    53.940     0.101    -0.009    -0.601
    53.950     0.122     0.013    -0.581
    53.960     0.115     0.014    -0.527
    53.970     0.080    -0.005    -0.417
    53.980     0.036    -0.038    -0.253
    53.990     0.000    -0.058    -0.061
    54.000    -0.008    -0.042     0.131
    54.010     0.001    -0.011     0.277
    54.020    -0.017     0.012     0.348
    54.030    -0.065     0.012     0.360
    54.040    -0.098    -0.009     0.349
    54.050    -0.118    -0.037     0.331
    54.060    -0.118    -0.048     0.290
    54.070    -0.103    -0.046     0.228
    54.080    -0.097    -0.066     0.153
    54.090    -0.131    -0.112     0.062
    54.100    -0.209    -0.195    -0.044
    54.110    -0.272    -0.293    -0.162
    54.120    -0.292    -0.357    -0.280
    54.130    -0.244    -0.372    -0.386
    54.140    -0.146    -0.335    -0.441
    54.150    -0.041    -0.268    -0.434
    54.160     0.071    -0.203    -0.363
    54.170     0.180    -0.129    -0.229
    54.180     0.283    -0.030    -0.061
    54.190     0.366     0.083     0.122
    54.200     0.410     0.201     0.304
    54.210     0.382     0.303     0.456
    54.220     0.281     0.359     0.544
    54.230     0.169     0.351     0.576
    54.240     0.074     0.286     0.551
    54.250     0.013     0.195     0.480
    54.260    -0.028     0.091     0.407
    54.270    -0.069    -0.029     0.348
    54.280    -0.125    -0.167     0.322
    54.290    -0.191    -0.296     0.302
    54.300    -0.234    -0.395     0.253
    54.310    -0.244    -0.447     0.189
    54.320    -0.227    -0.436     0.108
    54.330    -0.186    -0.377     0.029
    54.340    -0.133    -0.285    -0.049
    54.350    -0.073    -0.185    -0.133
    54.360    -0.016    -0.089    -0.229
    54.370     0.014    -0.010    -0.322
    54.380     0.025     0.056    -0.387
    54.390     0.040     0.092    -0.403
    54.400     0.044     0.090    -0.347
    54.410     0.038     0.096    -0.258
    54.420     0.043     0.101    -0.144
    54.430     0.080     0.105    -0.018
    54.440     0.142     0.115     0.068
    54.450     0.201     0.146     0.091
    54.460     0.252     0.201     0.035
    54.470     0.279     0.252    -0.086
    54.480     0.268     0.280    -0.235
    54.490     0.222     0.277    -0.363
    54.500     0.148     0.249    -0.463
    54.510     0.051     0.194    -0.517
    54.520    -0.043     0.126    -0.501
    54.530    -0.109     0.053    -0.427
    54.540    -0.164    -0.016    -0.296
    54.550    -0.211    -0.056    -0.129
    54.560    -0.255    -0.073     0.039
    54.570    -0.279    -0.073     0.199
    54.580    -0.260    -0.053     0.337
    54.590    -0.209    -0.019     0.445
    54.600    -0.133     0.020     0.538
    54.610    -0.062     0.042     0.615
    54.620    -0.037     0.053     0.668
    54.630    -0.050     0.058     0.688
    54.640    -0.060     0.038     0.664
    54.650    -0.070    -0.022     0.593
    54.660    -0.076    -0.109     0.489
    54.670    -0.060    -0.182     0.358
    54.680    -0.030    -0.226     0.217
    54.690     0.027    -0.233     0.083
    54.700     0.080    -0.203    -0.073
    54.710     0.117    -0.155    -0.248
    54.720     0.160    -0.101    -0.409
    54.730     0.201    -0.062    -0.541
    54.740     0.233    -0.031    -0.620
    54.750     0.235     0.002    -0.652
    54.760     0.204     0.020    -0.652
    54.770     0.165     0.028    -0.621
    54.780     0.148     0.019    -0.571
    54.790     0.127     0.017    -0.529
    54.800     0.087     0.034    -0.488
    54.810     0.047     0.043    -0.424
    54.820    -0.018     0.032    -0.327
    54.830    -0.095     0.015    -0.185
    54.840    -0.157    -0.005    -0.009
    54.850    -0.198    -0.031     0.183
    54.860    -0.217    -0.042     0.358
    54.870    -0.232    -0.030     0.466
    54.880    -0.235     0.001     0.504
    54.890    -0.220     0.030     0.494
    54.900    -0.207     0.019     0.435
    54.910    -0.193    -0.019     0.355
    54.920    -0.164    -0.078     0.285
    54.930    -0.119    -0.127     0.219
    54.940    -0.061    -0.121     0.167
    54.950    -0.006    -0.071     0.111
    54.960     0.030    -0.006     0.034
    54.970     0.049     0.054    -0.048
    54.980     0.052     0.092    -0.138
    54.990     0.057     0.119    -0.217
    55.000     0.076     0.125    -0.259
    55.010     0.101     0.116    -0.251
    55.020     0.115     0.123    -0.195
    55.030     0.113     0.168    -0.112
    55.040     0.107     0.239    -0.013
    55.050     0.086     0.284     0.084
    55.060     0.077     0.286     0.179
    55.070     0.070     0.234     0.258
    55.080     0.036     0.145     0.286
    55.090     0.004     0.052     0.252
    55.100    -0.008    -0.027     0.157
    55.110    -0.005    -0.058     0.033
    55.120     0.014    -0.030    -0.088
    55.130     0.050     0.021    -0.176
    55.140     0.098     0.064    -0.180
    55.150     0.124     0.085    -0.113
    55.160     0.092     0.078    -0.008
    55.170     0.026     0.056     0.123
    55.180    -0.031     0.024     0.241
    55.190    -0.071    -0.013     0.311
    55.200    -0.103    -0.028     0.298
    55.210    -0.127    -0.033     0.207
    55.220    -0.144    -0.044     0.090
    55.230    -0.147    -0.070    -0.022
    55.240    -0.128    -0.125    -0.120
    55.250    -0.102    -0.195    -0.196
    55.260    -0.093    -0.254    -0.241
    55.270    -0.106    -0.287    -0.261
    55.280    -0.104    -0.261    -0.227
    55.290    -0.074    -0.177    -0.141
    55.300    -0.028    -0.087    -0.048
    55.310     0.036    -0.019     0.041
    55.320     0.110     0.034     0.080
    55.330     0.173     0.075     0.081
    55.340     0.192     0.100     0.067
    55.350     0.165     0.099     0.033
    55.360     0.103     0.075    -0.005
    55.370     0.037     0.058    -0.048
    55.380    -0.006     0.054    -0.083
    55.390    -0.032     0.035    -0.086
    55.400    -0.031    -0.028    -0.058
    55.410    -0.029    -0.129    -0.036
    55.420    -0.040    -0.240    -0.032
    55.430    -0.065    -0.329    -0.032
    55.440    -0.100    -0.384    -0.041
    55.450    -0.114    -0.385    -0.035
    55.460    -0.086    -0.314    -0.007
    55.470    -0.011    -0.184     0.021
    55.480     0.087    -0.007     0.039
    55.490     0.173     0.156     0.050
    55.500     0.209     0.269     0.063
    55.510     0.205     0.340     0.085
    55.520     0.179     0.364     0.117
    55.530     0.145     0.373     0.145
    55.540     0.111     0.365     0.136
    55.550     0.066     0.321     0.072
    55.560     0.013     0.248    -0.046
    55.570    -0.057     0.158    -0.206
    55.580    -0.134     0.049    -0.373
    55.590    -0.209    -0.066    -0.507
    55.600    -0.269    -0.155    -0.576
    55.610    -0.294    -0.206    -0.568
    55.620    -0.281    -0.204    -0.502
    55.630    -0.232    -0.188    -0.405
    55.640    -0.174    -0.177    -0.323
    55.650    -0.111    -0.161    -0.254
    55.660    -0.042    -0.142    -0.175
    55.670     0.014    -0.097    -0.091
    55.680     0.059    -0.012     0.014
    55.690     0.100     0.093     0.126
    55.700     0.127     0.184     0.225
    55.710     0.142     0.242     0.301
    55.720     0.158     0.252     0.335
    55.730     0.147     0.207     0.348
    55.740     0.104     0.119     0.353
    55.750     0.063     0.019     0.359
    55.760     0.049    -0.065     0.389
    55.770     0.064    -0.127     0.427
    55.780     0.081    -0.178     0.461
    55.790     0.079    -0.219     0.475
    55.800     0.050    -0.236     0.444
    55.810    -0.008    -0.223     0.369
    55.820    -0.085    -0.172     0.284
    55.830    -0.148    -0.091     0.211
    55.840    -0.176    -0.003     0.166
    55.850    -0.172     0.088     0.148
    55.860    -0.147     0.173     0.124
    55.870    -0.131     0.244     0.102
    55.880    -0.132     0.299     0.082
    55.890    -0.136     0.312     0.048
    55.900    -0.131     0.268     0.012
    55.910    -0.103     0.181    -0.036
    55.920    -0.065     0.081    -0.115
    55.930    -0.016     0.003    -0.216
    55.940     0.045    -0.054    -0.322
    55.950     0.111    -0.093    -0.415
    55.960     0.180    -0.094    -0.470
    55.970     0.228    -0.053    -0.497
    55.980     0.263     0.019    -0.487
    55.990     0.288     0.101    -0.439
    56.000     0.276     0.153    -0.371
    56.010     0.241     0.175    -0.280
    56.020     0.196     0.177    -0.181
    56.030     0.131     0.141    -0.091
    56.040     0.042     0.072    -0.019
    56.050    -0.037    -0.006     0.054
    56.060    -0.065    -0.078     0.124
    56.070    -0.065    -0.134     0.176
    56.080    -0.054    -0.154     0.224
    56.090    -0.065    -0.166     0.256
    56.100    -0.114    -0.193     0.295
    56.110    -0.174    -0.213     0.304
    56.120    -0.237    -0.223     0.254
    56.130    -0.258    -0.200     0.176
    56.140    -0.205    -0.150     0.090
    56.150    -0.108    -0.102     0.023
    56.160     0.011    -0.038    -0.019
    56.170     0.126     0.020    -0.043
    56.180     0.206     0.064    -0.072
    56.190     0.239     0.114    -0.113
    56.200     0.226     0.159    -0.169
    56.210     0.171     0.188    -0.231
    56.220     0.104     0.197    -0.271
    56.230     0.034     0.173    -0.305
    56.240    -0.052     0.115    -0.330
    56.250    -0.145     0.038    -0.351
    56.260    -0.230    -0.046    -0.365
    56.270    -0.280    -0.129    -0.342
    56.280    -0.291    -0.187    -0.292
    56.290    -0.281    -0.210    -0.200
    56.300    -0.245    -0.203    -0.069
    56.310    -0.173    -0.189     0.074
    56.320    -0.078    -0.184     0.228
    56.330     0.003    -0.164     0.361
    56.340     0.044    -0.125     0.455
    56.350     0.045    -0.074     0.519
    56.360     0.024    -0.014     0.567
    56.370     0.014     0.030     0.593
    56.380     0.015     0.056     0.573
    56.390     0.014     0.061     0.513
    56.400     0.031     0.036     0.423
    56.410     0.050    -0.012     0.322
    56.420     0.064    -0.080     0.227
    56.430     0.092    -0.155     0.125
    56.440     0.136    -0.203     0.046
    56.450     0.174    -0.188    -0.011
    56.460     0.175    -0.094    -0.070
    56.470     0.141     0.053    -0.124
    56.480     0.098     0.197    -0.182
    56.490     0.064     0.312    -0.234
    56.500     0.037     0.387    -0.275
    56.510     0.021     0.409    -0.306
    56.520     0.012     0.384    -0.321
    56.530     0.001     0.318    -0.317
    56.540    -0.005     0.223    -0.301
    56.550    -0.020     0.123    -0.284
    56.560    -0.037     0.042    -0.244
    56.570    -0.061    -0.025    -0.186
    56.580    -0.090    -0.097    -0.123
    56.590    -0.081    -0.169    -0.057
    56.600    -0.050    -0.239    -0.006
    56.610    -0.008    -0.283     0.045
    56.620     0.036    -0.283     0.070
    56.630     0.071    -0.263     0.051
    56.640     0.084    -0.222     0.018
    56.650     0.075    -0.167    -0.018
    56.660     0.055    -0.121    -0.018
    56.670     0.045    -0.092     0.026
    56.680     0.073    -0.098     0.089
    56.690     0.088    -0.137     0.147
    56.700     0.072    -0.175     0.199
    56.710     0.045    -0.189     0.258
    56.720     0.007    -0.179     0.294
    56.730    -0.018    -0.145     0.297
    56.740    -0.033    -0.096     0.250
    56.750    -0.029    -0.035     0.167
    56.760     0.007     0.030     0.074
    56.770     0.035     0.105    -0.052
    56.780     0.026     0.196    -0.173
    56.790     0.003     0.276    -0.254
    56.800    -0.022     0.318    -0.294
    56.810    -0.040     0.329    -0.292
    56.820    -0.036     0.320    -0.280
    56.830    -0.039     0.281    -0.283
    56.840    -0.055     0.225    -0.299
    56.850    -0.065     0.167    -0.326
    56.860    -0.062     0.106    -0.348
    56.870    -0.013     0.057    -0.343
    56.880     0.069     0.006    -0.316
    56.890     0.137    -0.055    -0.273
    56.900     0.173    -0.104    -0.205
    56.910     0.175    -0.137    -0.140
    56.920     0.132    -0.141    -0.095
    56.930     0.053    -0.107    -0.064
    56.940    -0.029    -0.071    -0.042
    56.950    -0.096    -0.068    -0.014
    56.960    -0.141    -0.107     0.032
    56.970    -0.173    -0.163     0.095
    56.980    -0.206    -0.207     0.179
    56.990    -0.222    -0.219     0.276
    57.000    -0.226    -0.203     0.372
    57.010    -0.216    -0.169     0.468
    57.020    -0.191    -0.126     0.544
    57.030    -0.164    -0.083     0.576
    57.040    -0.122    -0.036     0.557
    57.050    -0.077     0.015     0.491
    57.060    -0.035     0.080     0.402
    57.070     0.020     0.166     0.337
    57.080     0.072     0.242     0.287
    57.090     0.100     0.282     0.239
    57.100     0.107     0.272     0.199
    57.110     0.104     0.201     0.158
    57.120     0.087     0.095     0.125
    57.130     0.066    -0.001     0.082
    57.140     0.045    -0.083     0.017
    57.150     0.018    -0.149    -0.057
    57.160     0.013    -0.190    -0.136
    57.170     0.042    -0.204    -0.220
    57.180     0.102    -0.182    -0.296
    57.190     0.160    -0.133    -0.355
    57.200     0.151    -0.070    -0.394
    57.210     0.087     0.006    -0.396
    57.220     0.019     0.064    -0.368
    57.230    -0.033     0.076    -0.331
    57.240    -0.060     0.048    -0.288
    57.250    -0.073    -0.005    -0.249
    57.260    -0.083    -0.051    -0.200
    57.270    -0.089    -0.070    -0.138
    57.280    -0.105    -0.061    -0.098
    57.290    -0.125    -0.032    -0.057
    57.300    -0.110    -0.013    -0.007
    57.310    -0.059    -0.024     0.041
    57.320     0.010    -0.043     0.085
    57.330     0.079    -0.054     0.100
    57.340     0.124    -0.050     0.101
    57.350     0.142    -0.016     0.093
    57.360     0.135     0.036     0.071
    57.370     0.113     0.086     0.044
    57.380     0.096     0.129     0.009
    57.390     0.093     0.138    -0.031
    57.400     0.100     0.104    -0.084
    57.410     0.099     0.049    -0.149
    57.420     0.091     0.002    -0.216
    57.430     0.049    -0.008    -0.260
    57.440    -0.030     0.022    -0.248
    57.450    -0.098     0.081    -0.179
    57.460    -0.127     0.130    -0.065
    57.470    -0.107     0.140     0.052
    57.480    -0.082     0.109     0.125
    57.490    -0.070     0.052     0.156
    57.500    -0.070    -0.006     0.142
    57.510    -0.100    -0.061     0.093
    57.520    -0.136    -0.097     0.046
    57.530    -0.152    -0.100     0.020
    57.540    -0.132    -0.082     0.021
    57.550    -0.078    -0.042     0.048
    57.560    -0.003     0.009     0.089
    57.570     0.051     0.051     0.142
    57.580     0.069     0.087     0.200
    57.590     0.059     0.116     0.240
    57.600     0.024     0.124     0.248
    57.610    -0.010     0.113     0.236
    57.620    -0.026     0.100     0.195
    57.630    -0.018     0.088     0.143
    57.640     0.005     0.075     0.094
    57.650     0.013     0.057     0.040
    57.660     0.001     0.038    -0.002
    57.670     0.005     0.035    -0.040
    57.680     0.048     0.045    -0.092
    57.690     0.093     0.061    -0.150
    57.700     0.100     0.082    -0.204
    57.710     0.074     0.104    -0.226
    57.720     0.052     0.124    -0.190
    57.730     0.039     0.131    -0.125
    57.740     0.022     0.127    -0.054
    57.750     0.016     0.115     0.014
    57.760     0.037     0.095     0.050
    57.770     0.079     0.073     0.042
    57.780     0.111     0.057    -0.005
    57.790     0.098     0.054    -0.069
    57.800     0.048     0.035    -0.103
    57.810    -0.017    -0.026    -0.090
    57.820    -0.087    -0.126    -0.055
    57.830    -0.148    -0.249    -0.023
    57.840    -0.181    -0.364    -0.005
    57.850    -0.184    -0.462    -0.011
    57.860    -0.162    -0.517    -0.017
    57.870    -0.118    -0.508    -0.008
    57.880    -0.069    -0.457     0.013
    57.890    -0.032    -0.383     0.056
    57.900    -0.001    -0.311     0.086
    57.910     0.027    -0.235     0.090
    57.920     0.055    -0.155     0.081
    57.930     0.080    -0.093     0.072
    57.940     0.098    -0.022     0.076
    57.950     0.129     0.074     0.096
    57.960     0.172     0.176     0.132
    57.970     0.197     0.263     0.169
    57.980     0.195     0.313     0.198
    57.990     0.179     0.318     0.192
    58.000     0.150     0.293     0.133
    58.010     0.113     0.253     0.036
    58.020     0.060     0.213    -0.062
    58.030    -0.011     0.173    -0.122
    58.040    -0.069     0.112    -0.153
    58.050    -0.109     0.043    -0.170
    58.060    -0.126    -0.006    -0.192
    58.070    -0.114    -0.020    -0.228
    58.080    -0.109    -0.009    -0.264
    58.090    -0.115     0.014    -0.279
    58.100    -0.122     0.022    -0.261
    58.110    -0.137    -0.004    -0.216
    58.120    -0.135    -0.036    -0.140
    58.130    -0.107    -0.071    -0.043
    58.140    -0.074    -0.105     0.050
    58.150    -0.051    -0.117     0.144
    58.160    -0.039    -0.106     0.218
    58.170    -0.025    -0.061     0.274
    58.180     0.002     0.014     0.321
    58.190     0.041     0.096     0.335
    58.200     0.072     0.160     0.323
    58.210     0.083     0.197     0.288
    58.220     0.071     0.203     0.239
    58.230     0.044     0.189     0.189
    58.240     0.015     0.172     0.131
    58.250    -0.011     0.160     0.078
    58.260    -0.024     0.141     0.046
    58.270    -0.034     0.105     0.038
    58.280    -0.040     0.062     0.024
    58.290    -0.029     0.032     0.008
    58.300    -0.003     0.010    -0.020
    58.310     0.013    -0.029    -0.078
    58.320     0.007    -0.095    -0.153
    58.330    -0.011    -0.171    -0.235
    58.340    -0.040    -0.223    -0.297
    58.350    -0.038    -0.231    -0.312
    58.360     0.023    -0.203    -0.283
    58.370     0.089    -0.160    -0.226
    58.380     0.132    -0.110    -0.163
    58.390     0.144    -0.073    -0.111
    58.400     0.132    -0.053    -0.077
    58.410     0.129    -0.031    -0.063
    58.420     0.126    -0.010    -0.075
    58.430     0.115     0.021    -0.089
    58.440     0.090     0.060    -0.090
    58.450     0.039     0.088    -0.079
    58.460    -0.034     0.099    -0.054
    58.470    -0.107     0.079    -0.023
    58.480    -0.152     0.030     0.006
    58.490    -0.151    -0.020     0.027
    58.500    -0.116    -0.057     0.031
    58.510    -0.086    -0.071     0.024
    58.520    -0.069    -0.054     0.029
    58.530    -0.065    -0.026     0.049
    58.540    -0.078     0.015     0.079
    58.550    -0.075     0.070     0.112
    58.560    -0.044     0.122     0.128
    58.570     0.015     0.165     0.148
    58.580     0.072     0.176     0.169
    58.590     0.083     0.147     0.181
    58.600     0.053     0.091     0.189
    58.610     0.006     0.017     0.183
    58.620    -0.034    -0.058     0.157
    58.630    -0.049    -0.109     0.121
    58.640    -0.035    -0.120     0.076
    58.650    -0.009    -0.077     0.011
    58.660     0.014     0.002    -0.052
    58.670     0.026     0.070    -0.121
    58.680     0.011     0.093    -0.182
    58.690    -0.025     0.073    -0.218
    58.700    -0.057     0.038    -0.241
    58.710    -0.091    -0.003    -0.233
    58.720    -0.117    -0.040    -0.198
    58.730    -0.125    -0.064    -0.158
    58.740    -0.124    -0.069    -0.114
    58.750    -0.100    -0.056    -0.068
    58.760    -0.071    -0.042    -0.019
    58.770    -0.049    -0.026     0.046
    58.780    -0.010    -0.011     0.119
    58.790     0.022    -0.013     0.175
    58.800     0.025    -0.026     0.202
    58.810     0.000    -0.053     0.191
    58.820    -0.050    -0.092     0.130
    58.830    -0.111    -0.127     0.034
    58.840    -0.150    -0.146    -0.071
    58.850    -0.158    -0.149    -0.153
    58.860    -0.146    -0.140    -0.179
    58.870    -0.111    -0.124    -0.150
    58.880    -0.054    -0.100    -0.088
    58.890     0.013    -0.081    -0.013
    58.900     0.062    -0.072     0.042
    58.910     0.073    -0.062     0.076
    58.920     0.075    -0.066     0.098
    58.930     0.080    -0.077     0.097
    58.940     0.085    -0.071     0.074
    58.950     0.090    -0.046     0.036
    58.960     0.095     0.003     0.002
    58.970     0.100     0.075    -0.021
    58.980     0.097     0.155    -0.018
    58.990     0.098     0.237     0.007
    59.000     0.100     0.292     0.048
    59.010     0.104     0.294     0.097
    59.020     0.106     0.260     0.120
    59.030     0.085     0.206     0.114
    59.040     0.055     0.156     0.085
    59.050     0.041     0.124     0.036
    59.060     0.035     0.096    -0.003
    59.070     0.023     0.071    -0.032
    59.080     0.009     0.051    -0.064
    59.090     0.010     0.022    -0.088
    59.100     0.011    -0.009    -0.118
    59.110     0.005    -0.024    -0.153
    59.120    -0.007    -0.046    -0.169
    59.130    -0.019    -0.079    -0.175
    59.140    -0.036    -0.109    -0.184
    59.150    -0.051    -0.128    -0.199
    59.160    -0.042    -0.121    -0.220
    59.170    -0.001    -0.077    -0.229
    59.180     0.067    -0.019    -0.218
    59.190     0.135     0.037    -0.200
    59.200     0.175     0.094    -0.175
    59.210     0.181     0.134    -0.129
    59.220     0.152     0.161    -0.066
    59.230     0.105     0.189     0.000
    59.240     0.054     0.212     0.057
    59.250     0.015     0.231     0.084
    59.260    -0.009     0.218     0.086
    59.270    -0.024     0.150     0.077
    59.280    -0.057     0.045     0.053
    59.290    -0.110    -0.064     0.039
    59.300    -0.143    -0.158     0.043
    59.310    -0.145    -0.221     0.063
    59.320    -0.116    -0.253     0.085
    59.330    -0.071    -0.276     0.090
    59.340    -0.022    -0.287     0.087
    59.350     0.012    -0.308     0.061
    59.360     0.007    -0.344     0.020
    59.370    -0.022    -0.359    -0.013
    59.380    -0.045    -0.346    -0.020
    59.390    -0.045    -0.302     0.015
    59.400    -0.013    -0.215     0.068
    59.410     0.022    -0.115     0.120
    59.420     0.029    -0.024     0.166
    59.430     0.019     0.056     0.193
    59.440    -0.002     0.111     0.196
    59.450    -0.019     0.150     0.181
    59.460    -0.024     0.183     0.156
    59.470    -0.034     0.198     0.112
    59.480    -0.041     0.187     0.046
    59.490    -0.058     0.160    -0.051
    59.500    -0.091     0.132    -0.151
    59.510    -0.119     0.114    -0.216
    59.520    -0.127     0.109    -0.243
    59.530    -0.102     0.107    -0.227
    59.540    -0.060     0.100    -0.188
    59.550    -0.022     0.086    -0.150
    59.560     0.007     0.054    -0.125
    59.570     0.008     0.010    -0.124
    59.580    -0.014    -0.021    -0.141
    59.590    -0.046    -0.033    -0.150
    59.600    -0.071    -0.030    -0.121
    59.610    -0.061    -0.001    -0.066
    59.620    -0.027     0.033     0.012
    59.630     0.014     0.072     0.098
    59.640     0.035     0.106     0.166
    59.650     0.015     0.107     0.225
    59.660    -0.019     0.082     0.283
    59.670    -0.058     0.039     0.331
    59.680    -0.093    -0.008     0.366
    59.690    -0.110    -0.042     0.374
    59.700    -0.103    -0.075     0.343
    59.710    -0.067    -0.115     0.291
    59.720    -0.009    -0.142     0.231
    59.730     0.045    -0.148     0.167
    59.740     0.076    -0.149     0.123
    59.750     0.087    -0.146     0.106
    59.760     0.096    -0.134     0.103
    59.770     0.108    -0.114     0.111
    59.780     0.119    -0.088     0.124
    59.790     0.108    -0.057     0.128
    59.800     0.082    -0.043     0.129
    59.810     0.051    -0.053     0.123
    59.820     0.021    -0.060     0.091
    59.830     0.015    -0.065     0.048
    59.840     0.024    -0.063    -0.002
    59.850     0.046    -0.044    -0.069
    59.860     0.072    -0.021    -0.124
    59.870     0.102     0.012    -0.186
    59.880     0.137     0.052    -0.255
    59.890     0.146     0.089    -0.310
    59.900     0.142     0.134    -0.350
    59.910     0.120     0.177    -0.364
    59.920     0.085     0.195    -0.353
    59.930     0.047     0.200    -0.324
    59.940    -0.008     0.178    -0.278
    59.950    -0.057     0.130    -0.214
    59.960    -0.095     0.071    -0.133
    59.970    -0.122     0.013    -0.061
    59.980    -0.128    -0.028     0.002
    59.990    -0.128    -0.072     0.048
    60.000    -0.119    -0.121     0.080
    60.010    -0.105    -0.169     0.107
    60.020    -0.089    -0.199     0.124
    60.030    -0.070    -0.186     0.129
    60.040    -0.050    -0.141     0.133
    60.050    -0.025    -0.055     0.134
    60.060    -0.011     0.054     0.120
    60.070    -0.012     0.141     0.111
    60.080    -0.017     0.206     0.095
    60.090    -0.013     0.241     0.059
    60.100    -0.002     0.248     0.011
    60.110     0.002     0.249    -0.061
    60.120    -0.006     0.240    -0.125
    60.130    -0.029     0.215    -0.173
    60.140    -0.053     0.175    -0.214
    60.150    -0.066     0.128    -0.240
    60.160    -0.070     0.078    -0.246
    60.170    -0.048     0.028    -0.227
    60.180    -0.009    -0.028    -0.187
    60.190     0.022    -0.095    -0.133
    60.200     0.051    -0.146    -0.080
    60.210     0.063    -0.187    -0.030
    60.220     0.067    -0.205     0.024
    60.230     0.100    -0.186     0.072
    60.240     0.139    -0.157     0.112
    60.250     0.173    -0.112     0.129
    60.260     0.170    -0.057     0.124
    60.270     0.128    -0.013     0.123
    60.280     0.085     0.011     0.126
    60.290     0.040     0.025     0.129
    60.300    -0.002     0.036     0.122
    60.310    -0.041     0.033     0.101
    60.320    -0.086     0.019     0.068
    60.330    -0.139    -0.013     0.017
    60.340    -0.164    -0.052    -0.041
    60.350    -0.140    -0.080    -0.098
    60.360    -0.084    -0.102    -0.144
    60.370    -0.021    -0.113    -0.155
    60.380     0.020    -0.107    -0.132
    60.390     0.030    -0.105    -0.065
    60.400     0.007    -0.095     0.016
    60.410    -0.032    -0.051     0.083
    60.420    -0.053     0.008     0.149
    60.430    -0.040     0.059     0.207
    60.440     0.000     0.093     0.240
    60.450     0.044     0.084     0.242
    60.460     0.088     0.040     0.213
    60.470     0.114    -0.024     0.175
    60.480     0.095    -0.101     0.142
    60.490     0.053    -0.165     0.121
    60.500     0.011    -0.206     0.095
    60.510    -0.017    -0.220     0.059
    60.520    -0.008    -0.189     0.025
    60.530     0.012    -0.129    -0.007
    60.540     0.021    -0.071    -0.023
    60.550     0.024    -0.017    -0.025
    60.560     0.016     0.023    -0.023
    60.570     0.008     0.047    -0.016
    60.580    -0.001     0.057    -0.022
    60.590    -0.028     0.054    -0.042
    60.600    -0.058     0.050    -0.058
    60.610    -0.079     0.049    -0.064
    60.620    -0.091     0.050    -0.065
    60.630    -0.079     0.042    -0.062
    60.640    -0.044     0.027    -0.057
    60.650    -0.008     0.023    -0.061
    60.660     0.017     0.031    -0.059
    60.670     0.026     0.048    -0.050
    60.680     0.024     0.070    -0.036
    60.690     0.019     0.090    -0.013
    60.700     0.026     0.116     0.006
    60.710     0.040     0.130     0.015
    60.720     0.042     0.114     0.003
    60.730     0.035     0.082    -0.025
    60.740     0.027     0.044    -0.066
    60.750     0.010     0.000    -0.102
    60.760    -0.019    -0.036    -0.119
    60.770    -0.045    -0.058    -0.112
    60.780    -0.062    -0.066    -0.072
    60.790    -0.070    -0.076    -0.024
    60.800    -0.070    -0.092     0.014
    60.810    -0.052    -0.106     0.029
    60.820    -0.005    -0.115     0.002
    60.830     0.053    -0.131    -0.047
    60.840     0.094    -0.155    -0.094
    60.850     0.102    -0.166    -0.122
    60.860     0.087    -0.162    -0.132
    60.870     0.063    -0.140    -0.125
    60.880     0.020    -0.092    -0.112
    60.890    -0.033    -0.033    -0.109
    60.900    -0.071     0.023    -0.099
    60.910    -0.074     0.071    -0.091
    60.920    -0.037     0.106    -0.086
    60.930     0.014     0.128    -0.070
    60.940     0.056     0.137    -0.048
    60.950     0.081     0.138    -0.008
    60.960     0.075     0.127     0.048
    60.970     0.039     0.105     0.104
    60.980     0.006     0.074     0.152
    60.990    -0.007     0.052     0.181
    61.000     0.005     0.058     0.192
    61.010     0.024     0.100     0.181
    61.020     0.015     0.169     0.155
    61.030    -0.025     0.239     0.113
    61.040    -0.076     0.289     0.059
    61.050    -0.117     0.307     0.012
    61.060    -0.138     0.292    -0.026
    61.070    -0.131     0.248    -0.042
    61.080    -0.088     0.180    -0.031
    61.090    -0.034     0.107    -0.012
    61.100     0.009     0.038     0.008
    61.110     0.044    -0.026     0.036
    61.120     0.066    -0.086     0.049
    61.130     0.086    -0.135     0.041
    61.140     0.114    -0.177     0.022
    61.150     0.135    -0.207    -0.006
    61.160     0.148    -0.224    -0.019
    61.170     0.155    -0.236    -0.031
    61.180     0.146    -0.228    -0.040
    61.190     0.118    -0.216    -0.041
    61.200     0.082    -0.202    -0.037
    61.210     0.045    -0.185    -0.021
    61.220     0.013    -0.168     0.006
    61.230    -0.016    -0.145     0.050
    61.240    -0.048    -0.118     0.085
    61.250    -0.078    -0.090     0.113
    61.260    -0.096    -0.071     0.133
    61.270    -0.119    -0.051     0.122
    61.280    -0.144    -0.028     0.096
    61.290    -0.153    -0.002     0.055
    61.300    -0.147     0.036     0.002
    61.310    -0.133     0.068    -0.056
    61.320    -0.108     0.100    -0.123
    61.330    -0.070     0.138    -0.189
    61.340    -0.023     0.160    -0.250
    61.350     0.015     0.177    -0.282
    61.360     0.037     0.183    -0.280
    61.370     0.055     0.173    -0.239
    61.380     0.062     0.153    -0.163
    61.390     0.054     0.132    -0.092
    61.400     0.058     0.120    -0.028
    61.410     0.083     0.095     0.022
    61.420     0.110     0.054     0.042
    61.430     0.119     0.011     0.054
    61.440     0.107    -0.029     0.054
    61.450     0.079    -0.066     0.051
    61.460     0.033    -0.097     0.060
    61.470    -0.019    -0.100     0.063
    61.480    -0.062    -0.086     0.067
    61.490    -0.082    -0.071     0.077
    61.500    -0.074    -0.051     0.096
    61.510    -0.055    -0.033     0.121
    61.520    -0.030    -0.012     0.152
    61.530     0.000     0.006     0.185
    61.540     0.017     0.013     0.192
    61.550     0.017     0.014     0.173
    61.560     0.007     0.017     0.123
    61.570    -0.010     0.026     0.060
    61.580    -0.019     0.026     0.006
    61.590    -0.014     0.027    -0.032
    61.600    -0.005     0.024    -0.030
    61.610     0.009     0.022     0.007
    61.620     0.010     0.033     0.048
    61.630    -0.005     0.033     0.083
    61.640    -0.023     0.031     0.105
    61.650    -0.026     0.024     0.117
    61.660    -0.016     0.007     0.122
    61.670     0.003    -0.008     0.114
    61.680     0.041    -0.014     0.105
    61.690     0.072    -0.007     0.099
    61.700     0.087     0.004     0.087
    61.710     0.082     0.019     0.067
    61.720     0.059     0.038     0.031
    61.730     0.048     0.048    -0.016
    61.740     0.046     0.048    -0.068
    61.750     0.035     0.033    -0.116
    61.760     0.017     0.013    -0.145
    61.770    -0.008    -0.012    -0.149
    61.780    -0.037    -0.046    -0.138
    61.790    -0.052    -0.075    -0.119
    61.800    -0.066    -0.089    -0.101
    61.810    -0.081    -0.078    -0.085
    61.820    -0.076    -0.048    -0.054
    61.830    -0.066    -0.002    -0.024
    61.840    -0.051     0.054    -0.005
    61.850    -0.032     0.105     0.008
    61.860    -0.018     0.143     0.007
    61.870    -0.008     0.156     0.018
    61.880    -0.005     0.149     0.029
    61.890     0.006     0.141     0.019
    61.900     0.025     0.123     0.006
    61.910     0.042     0.099    -0.022
    61.920     0.048     0.063    -0.065
    61.930     0.039     0.009    -0.108
    61.940     0.027    -0.043    -0.146
    61.950     0.001    -0.090    -0.165
    61.960    -0.034    -0.133    -0.164
    61.970    -0.059    -0.156    -0.148
    61.980    -0.068    -0.170    -0.120
    61.990    -0.064    -0.181    -0.087
    62.000    -0.070    -0.182    -0.063
    62.010    -0.089    -0.177    -0.052
    62.020    -0.103    -0.169    -0.047
    62.030    -0.099    -0.145    -0.045
    62.040    -0.094    -0.105    -0.035
    62.050    -0.097    -0.059    -0.013
    62.060    -0.095    -0.010     0.010
    62.070    -0.091     0.025     0.021
    62.080    -0.074     0.041     0.024
    62.090    -0.048     0.048     0.015
    62.100    -0.024     0.044    -0.005
    62.110    -0.003     0.024    -0.010
    62.120     0.011     0.002     0.009
    62.130     0.028    -0.011     0.049
    62.140     0.057    -0.025     0.105
    62.150     0.083    -0.022     0.151
    62.160     0.093     0.004     0.164
    62.170     0.090     0.031     0.145
    62.180     0.086     0.056     0.109
    62.190     0.075     0.076     0.056
    62.200     0.063     0.096     0.003
    62.210     0.064     0.123    -0.040
    62.220     0.078     0.136    -0.074
    62.230     0.086     0.121    -0.082
    62.240     0.075     0.094    -0.076
    62.250     0.049     0.061    -0.057
    62.260     0.027     0.032    -0.028
    62.270     0.024     0.017    -0.011
    62.280     0.048     0.011    -0.001
    62.290     0.077     0.011     0.018
    62.300     0.075     0.015     0.032
    62.310     0.043     0.032     0.053
    62.320     0.010     0.059     0.082
    62.330    -0.008     0.096     0.106
    62.340    -0.023     0.123     0.133
    62.350    -0.046     0.124     0.154
    62.360    -0.081     0.106     0.166
    62.370    -0.127     0.079     0.162
    62.380    -0.161     0.062     0.140
    62.390    -0.164     0.055     0.116
    62.400    -0.143     0.036     0.093
    62.410    -0.107     0.000     0.072
    62.420    -0.064    -0.035     0.059
    62.430    -0.029    -0.061     0.060
    62.440    -0.007    -0.071     0.076
    62.450     0.013    -0.052     0.096
    62.460     0.031    -0.033     0.112
    62.470     0.048    -0.018     0.115
    62.480     0.075    -0.004     0.097
    62.490     0.105    -0.007     0.066
    62.500     0.130    -0.020     0.029
    62.510     0.138    -0.042    -0.008
    62.520     0.118    -0.065    -0.028
    62.530     0.087    -0.075    -0.030
    62.540     0.047    -0.065    -0.023
    62.550     0.011    -0.055    -0.022
    62.560    -0.002    -0.052    -0.023
    62.570     0.013    -0.050    -0.026
    62.580     0.038    -0.056    -0.035
    62.590     0.053    -0.069    -0.047
    62.600     0.048    -0.080    -0.073
    62.610     0.024    -0.101    -0.106
    62.620    -0.009    -0.111    -0.144
    62.630    -0.048    -0.093    -0.190
    62.640    -0.075    -0.058    -0.228
    62.650    -0.074    -0.012    -0.247
    62.660    -0.053     0.033    -0.252
    62.670    -0.021     0.061    -0.233
    62.680     0.014     0.068    -0.190
    62.690     0.030     0.058    -0.135
    62.700     0.024     0.038    -0.076
    62.710     0.005     0.008    -0.033
    62.720    -0.031    -0.028    -0.019
    62.730    -0.060    -0.062    -0.012
    62.740    -0.065    -0.088    -0.006
    62.750    -0.049    -0.098     0.005
    62.760    -0.036    -0.090     0.025
    62.770    -0.025    -0.072     0.034
    62.780    -0.019    -0.058     0.046
    62.790    -0.028    -0.059     0.050
    62.800    -0.029    -0.066     0.038
    62.810    -0.033    -0.071     0.017
    62.820    -0.025    -0.073    -0.008
    62.830     0.005    -0.054    -0.028
    62.840     0.041    -0.016    -0.046
    62.850     0.075     0.025    -0.055
    62.860     0.097     0.060    -0.052
    62.870     0.103     0.065    -0.044
    62.880     0.098     0.038    -0.023
    62.890     0.092     0.009     0.005
    62.900     0.079    -0.023     0.036
    62.910     0.069    -0.055     0.076
    62.920     0.066    -0.081     0.119
    62.930     0.045    -0.115     0.160
    62.940     0.004    -0.140     0.198
    62.950    -0.042    -0.139     0.220
    62.960    -0.069    -0.112     0.228
    62.970    -0.061    -0.062     0.218
    62.980    -0.027     0.000     0.182
    62.990     0.003     0.053     0.139
    63.000     0.014     0.091     0.105
    63.010    -0.007     0.120     0.086
    63.020    -0.060     0.142     0.085
    63.030    -0.106     0.161     0.097
    63.040    -0.122     0.173     0.110
    63.050    -0.104     0.168     0.113
    63.060    -0.044     0.146     0.103
    63.070     0.038     0.120     0.064
    63.080     0.093     0.094     0.000
    63.090     0.104     0.082    -0.064
    63.100     0.092     0.096    -0.118
    63.110     0.070     0.110    -0.168
    63.120     0.058     0.115    -0.217
    63.130     0.064     0.099    -0.259
    63.140     0.074     0.066    -0.293
    63.150     0.070     0.026    -0.316
    63.160     0.042    -0.015    -0.325
    63.170     0.010    -0.052    -0.314
    63.180    -0.022    -0.091    -0.286
    63.190    -0.054    -0.116    -0.255
    63.200    -0.076    -0.125    -0.217
    63.210    -0.076    -0.110    -0.160
    63.220    -0.052    -0.071    -0.100
    63.230    -0.027    -0.027    -0.047
    63.240    -0.009     0.022    -0.011
    63.250    -0.004     0.063     0.014
    63.260    -0.016     0.080     0.047
    63.270    -0.040     0.083     0.070
    63.280    -0.072     0.096     0.086
    63.290    -0.091     0.107     0.102
    63.300    -0.095     0.106     0.119
    63.310    -0.090     0.096     0.134
    63.320    -0.067     0.085     0.148
    63.330    -0.042     0.073     0.163
    63.340    -0.035     0.060     0.170
    63.350    -0.042     0.054     0.175
    63.360    -0.042     0.054     0.164
    63.370    -0.028     0.064     0.130
    63.380    -0.017     0.064     0.100
    63.390    -0.005     0.056     0.073
    63.400     0.007     0.045     0.054
    63.410     0.019     0.013     0.050
    63.420     0.037    -0.019     0.046
    63.430     0.045    -0.051     0.048
    63.440     0.045    -0.086     0.060
    63.450     0.047    -0.127     0.067
    63.460     0.048    -0.173     0.063
    63.470     0.043    -0.208     0.051
    63.480     0.041    -0.214     0.035
    63.490     0.043    -0.195     0.021
    63.500     0.048    -0.158     0.023
    63.510     0.059    -0.110     0.037
    63.520     0.064    -0.065     0.056
    63.530     0.061    -0.024     0.072
    63.540     0.044     0.012     0.076
    63.550     0.022     0.040     0.066
    63.560     0.006     0.062     0.047
    63.570    -0.009     0.068     0.028
    63.580    -0.031     0.064     0.008
    63.590    -0.056     0.054    -0.001
    63.600    -0.069     0.043    -0.013
    63.610    -0.073     0.040    -0.021
    63.620    -0.067     0.033    -0.028
    63.630    -0.048     0.028    -0.039
    63.640    -0.033     0.021    -0.043
    63.650    -0.009     0.001    -0.041
    63.660     0.012    -0.022    -0.041
    63.670     0.020    -0.049    -0.054
    63.680     0.032    -0.079    -0.069
    63.690     0.045    -0.095    -0.084
    63.700     0.057    -0.095    -0.090
    63.710     0.059    -0.082    -0.075
    63.720     0.056    -0.048    -0.044
    63.730     0.047    -0.013     0.014
    63.740     0.035     0.022     0.083
    63.750     0.016     0.060     0.143
    63.760    -0.005     0.091     0.189
    63.770    -0.003     0.120     0.214
    63.780     0.010     0.137     0.210
    63.790     0.016     0.137     0.179
    63.800     0.003     0.131     0.133
    63.810    -0.033     0.113     0.078
    63.820    -0.080     0.086     0.018
    63.830    -0.123     0.056    -0.051
    63.840    -0.132     0.033    -0.128
    63.850    -0.114     0.019    -0.209
    63.860    -0.079     0.012    -0.288
    63.870    -0.044     0.009    -0.357
    63.880    -0.030     0.002    -0.402
    63.890    -0.017    -0.009    -0.404
    63.900     0.003    -0.020    -0.365
    63.910     0.034    -0.030    -0.289
    63.920     0.068    -0.042    -0.196
    63.930     0.082    -0.063    -0.105
    63.940     0.075    -0.091    -0.023
    63.950     0.049    -0.112     0.025
    63.960     0.011    -0.119     0.042
    63.970    -0.027    -0.116     0.048
    63.980    -0.054    -0.103     0.048
    63.990    -0.068    -0.089     0.052
    64.000    -0.078    -0.088     0.073
    64.010    -0.070    -0.089     0.093
    64.020    -0.049    -0.093     0.113
    64.030    -0.025    -0.107     0.129
    64.040    -0.002    -0.124     0.122
    64.050     0.007    -0.141     0.111
    64.060     0.017    -0.152     0.077
    64.070     0.035    -0.141     0.020
    64.080     0.060    -0.113    -0.034
    64.090     0.092    -0.084    -0.083
    64.100     0.126    -0.053    -0.107
    64.110     0.135    -0.028    -0.110
    64.120     0.111    -0.003    -0.099
    64.130     0.086     0.020    -0.086
    64.140     0.063     0.033    -0.078
    64.150     0.043     0.044    -0.079
    64.160     0.027     0.064    -0.093
    64.170     0.007     0.088    -0.096
    64.180     0.005     0.101    -0.074
    64.190     0.006     0.112    -0.037
    64.200     0.002     0.133     0.001
    64.210     0.007     0.154     0.044
    64.220     0.000     0.171     0.072
    64.230    -0.022     0.171     0.077
    64.240    -0.048     0.145     0.071
    64.250    -0.065     0.107     0.052
    64.260    -0.068     0.066     0.036
    64.270    -0.061     0.030     0.012
    64.280    -0.042    -0.003    -0.021
    64.290    -0.022    -0.043    -0.031
    64.300    -0.002    -0.074    -0.013
    64.310     0.014    -0.087     0.021
    64.320     0.013    -0.082     0.075
    64.330     0.011    -0.062     0.144
    64.340     0.011    -0.044     0.199
    64.350     0.009    -0.028     0.225
    64.360     0.010    -0.008     0.217
    64.370     0.016     0.023     0.183
    64.380     0.018     0.054     0.138
    64.390     0.013     0.087     0.091
    64.400     0.004     0.128     0.045
    64.410    -0.006     0.155     0.006
    64.420     0.001     0.163    -0.015
    64.430     0.006     0.149    -0.029
    64.440     0.006     0.116    -0.029
    64.450     0.008     0.082    -0.016
    64.460     0.008     0.047    -0.008
    64.470     0.006     0.006    -0.002
    64.480    -0.007    -0.033    -0.012
    64.490    -0.021    -0.067    -0.041
    64.500    -0.034    -0.106    -0.079
    64.510    -0.025    -0.136    -0.114
    64.520    -0.001    -0.148    -0.141
    64.530     0.024    -0.148    -0.159
    64.540     0.045    -0.127    -0.166
    64.550     0.034    -0.093    -0.172
    64.560     0.008    -0.061    -0.162
    64.570    -0.013    -0.028    -0.132
    64.580    -0.029    -0.004    -0.091
    64.590    -0.030     0.001    -0.037
    64.600    -0.023     0.000     0.024
    64.610    -0.009    -0.020     0.079
    64.620    -0.015    -0.048     0.118
    64.630    -0.037    -0.061     0.136
    64.640    -0.043    -0.063     0.144
    64.650    -0.025    -0.060     0.154
    64.660     0.021    -0.053     0.157
    64.670     0.069    -0.039     0.155
    64.680     0.091    -0.028     0.152
    64.690     0.092    -0.025     0.140
    64.700     0.072    -0.018     0.127
    64.710     0.044     0.003     0.111
    64.720     0.026     0.045     0.094
    64.730     0.013     0.101     0.085
    64.740     0.007     0.157     0.088
    64.750     0.013     0.195     0.102
    64.760     0.008     0.211     0.114
    64.770    -0.003     0.204     0.114
    64.780    -0.020     0.186     0.085
    64.790    -0.039     0.154     0.037
    64.800    -0.035     0.114    -0.004
    64.810    -0.026     0.078    -0.042
    64.820    -0.016     0.038    -0.071
    64.830    -0.010    -0.007    -0.089
    64.840    -0.027    -0.055    -0.112
    64.850    -0.041    -0.100    -0.119
    64.860    -0.042    -0.132    -0.110
    64.870    -0.036    -0.149    -0.094
    64.880    -0.022    -0.156    -0.059
    64.890    -0.005    -0.157    -0.014
    64.900     0.016    -0.151     0.027
    64.910     0.030    -0.153     0.061
    64.920     0.023    -0.156     0.068
    64.930     0.009    -0.149     0.047
    64.940     0.011    -0.131     0.023
    64.950     0.023    -0.094    -0.005
    64.960     0.031    -0.043    -0.025
    64.970     0.040     0.009    -0.037
    64.980     0.050     0.047    -0.044
    64.990     0.049     0.074    -0.049
    65.000     0.035     0.080    -0.056
    65.010     0.026     0.069    -0.057
    65.020     0.021     0.057    -0.062
    65.030     0.019     0.037    -0.074
    65.040     0.027     0.016    -0.084
    65.050     0.037     0.001    -0.090
    65.060     0.043    -0.015    -0.081
    65.070     0.041    -0.026    -0.064
    65.080     0.040    -0.024    -0.045
    65.090     0.043    -0.019    -0.024
    65.100     0.052    -0.005    -0.004
    65.110     0.058     0.015     0.010
    65.120     0.053     0.023     0.027
    65.130     0.043     0.027     0.050
    65.140     0.018     0.024     0.067
    65.150    -0.013     0.019     0.079
    65.160    -0.035     0.016     0.077
    65.170    -0.052     0.004     0.052
    65.180    -0.053    -0.009     0.021
    65.190    -0.048    -0.017    -0.015
    65.200    -0.047    -0.019    -0.052
    65.210    -0.046    -0.025    -0.067
    65.220    -0.042    -0.033    -0.077
    65.230    -0.026    -0.050    -0.088
    65.240    -0.011    -0.083    -0.092
    65.250    -0.004    -0.107    -0.101
    65.260    -0.003    -0.121    -0.108
    65.270    -0.007    -0.122    -0.115
    65.280    -0.012    -0.097    -0.129
    65.290    -0.014    -0.065    -0.146
    65.300    -0.019    -0.023    -0.153
    65.310    -0.016     0.025    -0.156
    65.320    -0.002     0.067    -0.159
    65.330     0.004     0.095    -0.150
    65.340     0.000     0.108    -0.136
    65.350    -0.017     0.115    -0.100
    65.360    -0.029     0.109    -0.051
    65.370    -0.041     0.091    -0.018
    65.380    -0.059     0.067     0.018
    65.390    -0.060     0.040     0.047
    65.400    -0.054     0.014     0.065
    65.410    -0.043    -0.014     0.089
    65.420    -0.017    -0.038     0.105
    65.430     0.020    -0.047     0.127
    65.440     0.045    -0.046     0.153
    65.450     0.054    -0.038     0.168
    65.460     0.053    -0.022     0.176
    65.470     0.038    -0.010     0.163
    65.480     0.024    -0.001     0.124
    65.490     0.009     0.018     0.067
    65.500     0.000     0.043     0.021
    65.510     0.000     0.071     0.005
    65.520    -0.001     0.091     0.013
    65.530     0.002     0.087     0.051
    65.540     0.013     0.060     0.099
    65.550     0.033     0.021     0.140
    65.560     0.049    -0.019     0.161
    65.570     0.068    -0.042     0.159
    65.580     0.089    -0.036     0.146
    65.590     0.095    -0.009     0.132
    65.600     0.096     0.036     0.117
    65.610     0.092     0.073     0.097
    65.620     0.085     0.089     0.076
    65.630     0.077     0.084     0.049
    65.640     0.058     0.060     0.013
    65.650     0.038     0.035    -0.016
    65.660     0.013     0.022    -0.046
    65.670    -0.022     0.022    -0.090
    65.680    -0.054     0.020    -0.128
    65.690    -0.070     0.025    -0.155
    65.700    -0.069     0.041    -0.180
    65.710    -0.059     0.059    -0.197
    65.720    -0.038     0.094    -0.201
    65.730    -0.018     0.134    -0.193
    65.740    -0.011     0.163    -0.163
    65.750    -0.009     0.174    -0.117
    65.760    -0.017     0.160    -0.072
    65.770    -0.025     0.124    -0.019
    65.780    -0.023     0.074     0.033
    65.790    -0.027     0.021     0.083
    65.800    -0.025    -0.029     0.137
    65.810    -0.021    -0.078     0.178
    65.820    -0.024    -0.123     0.206
    65.830    -0.019    -0.143     0.206
    65.840    -0.012    -0.133     0.179
    65.850     0.004    -0.096     0.143
    65.860     0.018    -0.046     0.104
    65.870     0.023     0.000     0.073
    65.880     0.022     0.027     0.061
    65.890     0.015     0.025     0.063
    65.900    -0.002     0.010     0.064
    65.910    -0.031    -0.010     0.061
    65.920    -0.059    -0.040     0.058
    65.930    -0.083    -0.076     0.048
    65.940    -0.097    -0.115     0.027
    65.950    -0.095    -0.160    -0.010
    65.960    -0.090    -0.199    -0.069
    65.970    -0.077    -0.224    -0.131
    65.980    -0.051    -0.238    -0.181
    65.990    -0.017    -0.231    -0.223
    66.000     0.011    -0.209    -0.256
    66.010     0.028    -0.172    -0.268
    66.020     0.042    -0.112    -0.249
    66.030     0.052    -0.050    -0.212
    66.040     0.060     0.012    -0.163
    66.050     0.056     0.073    -0.118
    66.060     0.041     0.111    -0.082
    66.070     0.022     0.131    -0.047
    66.080    -0.003     0.138    -0.022
    66.090    -0.030     0.128     0.004
    66.100    -0.046     0.118     0.034
    66.110    -0.063     0.119     0.052
    66.120    -0.086     0.130     0.055
    66.130    -0.091     0.144     0.049
    66.140    -0.085     0.147     0.044
    66.150    -0.072     0.136     0.045
    66.160    -0.060     0.112     0.051
    66.170    -0.048     0.087     0.067
    66.180    -0.034     0.055     0.095
    66.190    -0.023     0.025     0.117
    66.200    -0.005     0.002     0.129
    66.210     0.021    -0.022     0.129
    66.220     0.046    -0.037     0.107
    66.230     0.046    -0.042     0.068
    66.240     0.028    -0.032     0.032
    66.250     0.011    -0.015     0.005
    66.260    -0.002    -0.002    -0.017
    66.270    -0.002     0.012    -0.028
    66.280    -0.008     0.016    -0.032
    66.290    -0.009     0.011    -0.028
    66.300    -0.001     0.000    -0.013
    66.310     0.011    -0.008    -0.007
    66.320     0.022    -0.009    -0.008
    66.330     0.019    -0.018    -0.007
    66.340     0.031    -0.024    -0.008
    66.350     0.043    -0.033    -0.011
    66.360     0.052    -0.053    -0.022
    66.370     0.064    -0.068    -0.030
    66.380     0.057    -0.072    -0.030
    66.390     0.045    -0.071    -0.031
    66.400     0.022    -0.050    -0.028
    66.410     0.001    -0.016    -0.024
    66.420     0.006     0.021    -0.018
    66.430     0.026     0.064    -0.022
    66.440     0.042     0.104    -0.035
    66.450     0.048     0.125    -0.035
    66.460     0.045     0.124    -0.021
    66.470     0.022     0.097     0.005
    66.480    -0.001     0.055     0.039
    66.490    -0.013     0.024     0.067
    66.500    -0.014     0.005     0.078
    66.510     0.006    -0.005     0.077
    66.520     0.023    -0.006     0.059
    66.530     0.033    -0.007     0.035
    66.540     0.046    -0.007     0.022
    66.550     0.052    -0.001     0.009
    66.560     0.057    -0.005     0.004
    66.570     0.061    -0.019     0.009
    66.580     0.049    -0.038     0.015
    66.590     0.029    -0.059     0.025
    66.600     0.015    -0.076     0.030
    66.610     0.008    -0.092     0.027
    66.620    -0.005    -0.107     0.020
    66.630    -0.014    -0.111     0.010
    66.640    -0.015    -0.104    -0.002
    66.650    -0.020    -0.096    -0.014
    66.660    -0.021    -0.077    -0.021
    66.670    -0.020    -0.040    -0.026
    66.680    -0.019    -0.002    -0.031
    66.690    -0.018     0.027    -0.022
    66.700    -0.028     0.044    -0.004
    66.710    -0.041     0.047     0.013
    66.720    -0.038     0.041     0.031
    66.730    -0.025     0.033     0.036
    66.740    -0.017     0.022     0.039
    66.750    -0.021     0.009     0.039
    66.760    -0.041    -0.009     0.030
    66.770    -0.068    -0.028     0.019
    66.780    -0.084    -0.034    -0.002
    66.790    -0.085    -0.032    -0.021
    66.800    -0.078    -0.029    -0.028
    66.810    -0.058    -0.010    -0.023
    66.820    -0.036     0.015    -0.010
    66.830    -0.018     0.028    -0.001
    66.840    -0.004     0.033     0.018
    66.850    -0.002     0.022     0.040
    66.860    -0.006     0.002     0.064
    66.870    -0.004    -0.014     0.085
    66.880     0.003    -0.022     0.097
    66.890     0.014    -0.025     0.098
    66.900     0.034    -0.019     0.094
    66.910     0.069     0.003     0.081
    66.920     0.099     0.026     0.055
    66.930     0.116     0.059     0.027
    66.940     0.110     0.086    -0.005
    66.950     0.081     0.087    -0.025
    66.960     0.049     0.090    -0.033
    66.970     0.014     0.089    -0.039
    66.980    -0.020     0.079    -0.033
    66.990    -0.036     0.073    -0.019
    67.000    -0.040     0.064    -0.003
    67.010    -0.045     0.047     0.008
    67.020    -0.045     0.028     0.014
    67.030    -0.037     0.003     0.019
    67.040    -0.020    -0.027     0.029
    67.050    -0.002    -0.047     0.037
    67.060     0.003    -0.061     0.035
    67.070    -0.002    -0.073     0.030
    67.080    -0.007    -0.082     0.009
    67.090    -0.014    -0.097    -0.021
    67.100    -0.012    -0.116    -0.046
    67.110    -0.005    -0.130    -0.067
    67.120    -0.001    -0.145    -0.079
    67.130     0.002    -0.158    -0.078
    67.140     0.003    -0.158    -0.067
    67.150     0.007    -0.156    -0.049
    67.160     0.012    -0.151    -0.028
    67.170     0.023    -0.123    -0.022
    67.180     0.040    -0.082    -0.027
    67.190     0.050    -0.040    -0.041
    67.200     0.053    -0.002    -0.059
    67.210     0.040     0.026    -0.074
    67.220     0.022     0.043    -0.086
    67.230     0.006     0.054    -0.088
    67.240    -0.008     0.064    -0.086
    67.250    -0.011     0.067    -0.076
    67.260    -0.012     0.073    -0.066
    67.270    -0.015     0.081    -0.050
    67.280    -0.014     0.086    -0.021
    67.290    -0.008     0.087     0.001
    67.300     0.003     0.071     0.019
    67.310     0.020     0.046     0.031
    67.320     0.040     0.033     0.028
    67.330     0.055     0.025     0.022
    67.340     0.067     0.031     0.026
    67.350     0.063     0.050     0.030
    67.360     0.047     0.066     0.039
    67.370     0.033     0.077     0.053
    67.380     0.013     0.079     0.063
    67.390     0.003     0.069     0.071
    67.400    -0.003     0.062     0.073
    67.410    -0.011     0.055     0.066
    67.420    -0.020     0.043     0.059
    67.430    -0.031     0.025     0.056
    67.440    -0.038    -0.003     0.047
    67.450    -0.039    -0.037     0.038
    67.460    -0.042    -0.068     0.027
    67.470    -0.048    -0.088     0.000
    67.480    -0.056    -0.098    -0.025
    67.490    -0.059    -0.090    -0.048
    67.500    -0.063    -0.066    -0.075
    67.510    -0.063    -0.043    -0.089
    67.520    -0.046    -0.017    -0.090
    67.530    -0.025     0.016    -0.078
    67.540    -0.007     0.039    -0.052
    67.550     0.001     0.061    -0.025
    67.560    -0.004     0.077    -0.002
    67.570    -0.018     0.075     0.006
    67.580    -0.041     0.077    -0.006
    67.590    -0.046     0.082    -0.029
    67.600    -0.037     0.071    -0.053
    67.610    -0.016     0.064    -0.075
    67.620     0.010     0.059    -0.084
    67.630     0.022     0.039    -0.065
    67.640     0.023     0.012    -0.036
    67.650     0.010    -0.011    -0.008
    67.660     0.002    -0.027     0.022
    67.670     0.001    -0.026     0.037
    67.680     0.002    -0.018     0.036
    67.690     0.010    -0.015     0.032
    67.700     0.014    -0.003     0.022
    67.710     0.011     0.007     0.013
    67.720     0.005     0.014     0.016
    67.730     0.001     0.028     0.017
    67.740    -0.007     0.038     0.014
    67.750    -0.014     0.051     0.020
    67.760    -0.018     0.063     0.022
    67.770    -0.021     0.058     0.023
    67.780    -0.020     0.033     0.027
    67.790    -0.015    -0.007     0.031
    67.800    -0.006    -0.055     0.027
    67.810     0.004    -0.092     0.019
    67.820     0.011    -0.105     0.022
    67.830     0.007    -0.101     0.039
    67.840     0.001    -0.092     0.064
    67.850    -0.004    -0.079     0.083
    67.860    -0.003    -0.069     0.088
    67.870     0.015    -0.056     0.076
    67.880     0.039    -0.046     0.042
    67.890     0.064    -0.050     0.002
    67.900     0.076    -0.065    -0.039
    67.910     0.066    -0.085    -0.075
    67.920     0.044    -0.111    -0.090
    67.930     0.018    -0.129    -0.086
    67.940     0.005    -0.130    -0.076
    67.950     0.010    -0.129    -0.067
    67.960     0.016    -0.122    -0.058
    67.970     0.017    -0.107    -0.047
    67.980     0.013    -0.091    -0.032
    67.990     0.012    -0.078    -0.017
    68.000     0.018    -0.066    -0.009
    68.010     0.026    -0.046    -0.007
    68.020     0.041    -0.018    -0.008
    68.030     0.057     0.009    -0.003
    68.040     0.062     0.028     0.010
    68.050     0.056     0.052     0.024
    68.060     0.041     0.076     0.022
    68.070     0.034     0.093     0.010
    68.080     0.034     0.109    -0.002
    68.090     0.027     0.114    -0.023
    68.100     0.005     0.103    -0.039
    68.110    -0.021     0.083    -0.048
    68.120    -0.045     0.059    -0.056
    68.130    -0.067     0.038    -0.054
    68.140    -0.076     0.020    -0.047
    68.150    -0.072     0.012    -0.037
    68.160    -0.045     0.014    -0.022
    68.170    -0.011     0.025    -0.015
    68.180     0.018     0.049    -0.018
    68.190     0.039     0.077    -0.022
    68.200     0.044     0.104    -0.027
    68.210     0.042     0.130    -0.035
    68.220     0.032     0.145    -0.033
    68.230     0.027     0.150    -0.021
    68.240     0.024     0.148    -0.011
    68.250     0.018     0.127     0.004
    68.260     0.009     0.103     0.019
    68.270    -0.002     0.075     0.028
    68.280     0.000     0.044     0.042
    68.290     0.007     0.026     0.054
    68.300     0.004     0.011     0.057
    68.310     0.000    -0.004     0.058
    68.320    -0.002    -0.009     0.056
    68.330    -0.003    -0.020     0.055
    68.340     0.004    -0.031     0.059
    68.350     0.013    -0.034     0.058
    68.360     0.016    -0.045     0.056
    68.370     0.012    -0.058     0.061
    68.380     0.004    -0.069     0.066
    68.390    -0.017    -0.083     0.063
    68.400    -0.035    -0.093     0.054
    68.410    -0.039    -0.095     0.034
    68.420    -0.033    -0.084     0.010
    68.430    -0.018    -0.069    -0.013
    68.440    -0.011    -0.051    -0.035
    68.450    -0.022    -0.027    -0.044
    68.460    -0.044    -0.007    -0.048
    68.470    -0.062     0.014    -0.052
    68.480    -0.068     0.039    -0.049
    68.490    -0.061     0.055    -0.041
    68.500    -0.043     0.057    -0.037
    68.510    -0.030     0.042    -0.029
    68.520    -0.016     0.011    -0.018
    68.530    -0.004    -0.020    -0.016
    68.540     0.002    -0.051    -0.018
    68.550     0.008    -0.085    -0.017
    68.560     0.009    -0.106    -0.022
    68.570     0.011    -0.124    -0.025
    68.580     0.018    -0.136    -0.019
    68.590     0.033    -0.134    -0.011
    68.600     0.051    -0.131     0.003
    68.610     0.069    -0.114     0.020
    68.620     0.078    -0.089     0.028
    68.630     0.071    -0.059     0.036
    68.640     0.056    -0.023     0.045
    68.650     0.031     0.005     0.040
    68.660    -0.001     0.025     0.029
    68.670    -0.018     0.038     0.012
    68.680    -0.017     0.038    -0.009
    68.690    -0.007     0.021    -0.021
    68.700    -0.001     0.010    -0.035
    68.710     0.001     0.012    -0.047
    68.720     0.002     0.018    -0.052
    68.730     0.000     0.037    -0.057
    68.740    -0.003     0.057    -0.065
    68.750     0.000     0.058    -0.085
    68.760     0.012     0.043    -0.113
    68.770     0.020     0.020    -0.140
    68.780     0.021    -0.003    -0.151
    68.790     0.013    -0.017    -0.138
    68.800    -0.001    -0.019    -0.106
    68.810    -0.009    -0.015    -0.054
    68.820     0.002     0.003     0.003
    68.830     0.026     0.024     0.048
    68.840     0.045     0.031     0.090
    68.850     0.058     0.031     0.117
    68.860     0.060     0.027     0.131
    68.870     0.049     0.025     0.143
    68.880     0.034     0.032     0.151
    68.890     0.018     0.041     0.161
    68.900     0.003     0.045     0.161
    68.910    -0.007     0.048     0.149
    68.920    -0.009     0.048     0.137
    68.930    -0.005     0.046     0.128
    68.940    -0.001     0.042     0.123
    68.950    -0.003     0.036     0.117
    68.960    -0.007     0.023     0.112
    68.970    -0.013     0.002     0.103
    68.980    -0.026    -0.019     0.085
    68.990    -0.031    -0.044     0.059
    69.000    -0.019    -0.061     0.027
    69.010     0.007    -0.075     0.003
    69.020     0.037    -0.082    -0.006
    69.030     0.045    -0.075    -0.009
    69.040     0.041    -0.065    -0.004
    69.050     0.036    -0.050     0.010
    69.060     0.024    -0.026     0.012
    69.070     0.000    -0.006    -0.005
    69.080    -0.021     0.015    -0.025
    69.090    -0.022     0.038    -0.051
    69.100    -0.021     0.054    -0.085
    69.110    -0.020     0.067    -0.112
    69.120    -0.014     0.082    -0.134
    69.130    -0.011     0.088    -0.146
    69.140    -0.007     0.089    -0.143
    69.150    -0.004     0.089    -0.145
    69.160    -0.004     0.087    -0.135
    69.170    -0.006     0.083    -0.102
    69.180    -0.013     0.077    -0.070
    69.190    -0.014     0.068    -0.040
    69.200    -0.015     0.056    -0.015
    69.210    -0.016     0.037    -0.001
    69.220    -0.017     0.013     0.007
    69.230    -0.037    -0.014     0.013
    69.240    -0.059    -0.028     0.017
    69.250    -0.082    -0.040     0.020
    69.260    -0.103    -0.050     0.029
    69.270    -0.099    -0.048     0.036
    69.280    -0.087    -0.054     0.045
    69.290    -0.070    -0.067     0.057
    69.300    -0.050    -0.073     0.066
    69.310    -0.043    -0.072     0.074
    69.320    -0.028    -0.060     0.072
    69.330    -0.006    -0.047     0.060
    69.340     0.009    -0.037     0.042
    69.350     0.017    -0.023     0.019
    69.360     0.017    -0.003    -0.011
    69.370     0.012     0.016    -0.036
    69.380     0.014     0.035    -0.053
    69.390     0.019     0.057    -0.067
    69.400     0.015     0.070    -0.080
    69.410     0.011     0.068    -0.087
    69.420     0.009     0.050    -0.087
    69.430     0.012     0.023    -0.088
    69.440     0.030    -0.002    -0.085
    69.450     0.048    -0.022    -0.076
    69.460     0.052    -0.040    -0.063
    69.470     0.059    -0.053    -0.037
    69.480     0.067    -0.068    -0.022
    69.490     0.073    -0.087    -0.009
    69.500     0.089    -0.101     0.007
    69.510     0.104    -0.106     0.012
    69.520     0.094    -0.109     0.008
    69.530     0.065    -0.106    -0.002
    69.540     0.023    -0.088    -0.012
    69.550    -0.018    -0.070    -0.023
    69.560    -0.043    -0.055    -0.031
    69.570    -0.057    -0.040    -0.034
    69.580    -0.056    -0.033    -0.039
    69.590    -0.057    -0.025    -0.044
    69.600    -0.060    -0.016    -0.044
    69.610    -0.067    -0.007    -0.039
    69.620    -0.081     0.005    -0.028
    69.630    -0.082     0.022    -0.017
    69.640    -0.082     0.044    -0.009
    69.650    -0.076     0.076     0.000
    69.660    -0.067     0.103     0.006
    69.670    -0.061     0.104     0.014
    69.680    -0.048     0.102     0.021
    69.690    -0.033     0.096     0.018
    69.700    -0.013     0.076     0.020
    69.710     0.004     0.061     0.024
    69.720     0.016     0.048     0.030
    69.730     0.017     0.038     0.038
    69.740     0.013     0.034     0.040
    69.750     0.015     0.031     0.032
    69.760     0.014     0.025     0.020
    69.770     0.018     0.029     0.001
    69.780     0.025     0.042    -0.019
    69.790     0.037     0.049    -0.023
    69.800     0.050     0.061    -0.017
    69.810     0.049     0.067    -0.003
    69.820     0.038     0.064     0.026
    69.830     0.009     0.054     0.051
    69.840    -0.033     0.024     0.078
    69.850    -0.064    -0.020     0.106
    69.860    -0.074    -0.068     0.117
    69.870    -0.063    -0.112     0.115
    69.880    -0.038    -0.144     0.105
    69.890    -0.008    -0.154     0.090
    69.900     0.013    -0.148     0.078
    69.910     0.017    -0.129     0.072
    69.920     0.015    -0.098     0.068
    69.930     0.011    -0.065     0.069
    69.940     0.019    -0.034     0.076
    69.950     0.033    -0.001     0.079
    69.960     0.037     0.024     0.081
    69.970     0.036     0.039     0.077
    69.980     0.021     0.054     0.067
    69.990     0.000     0.062     0.049
    70.000    -0.008     0.063     0.035
    70.010    -0.008     0.067     0.026
    70.020    -0.008     0.066     0.016
    70.030    -0.008     0.059     0.010
    70.040    -0.004     0.052    -0.001
    70.050     0.006     0.045    -0.011
    70.060     0.013     0.035    -0.023
    70.070     0.014     0.022    -0.048
    70.080     0.010     0.005    -0.071
    70.090     0.012    -0.011    -0.087
    70.100     0.016    -0.022    -0.104
    70.110     0.008    -0.035    -0.111
    70.120    -0.003    -0.036    -0.105
    70.130    -0.018    -0.027    -0.099
    70.140    -0.037    -0.023    -0.090
    70.150    -0.051    -0.016    -0.076
    70.160    -0.062    -0.006    -0.068
    70.170    -0.060     0.006    -0.065
    70.180    -0.042     0.021    -0.059
    70.190    -0.025     0.042    -0.059
    70.200    -0.010     0.060    -0.064
    70.210     0.001     0.075    -0.062
    70.220     0.007     0.085    -0.058
    70.230     0.000     0.078    -0.044
    70.240    -0.004     0.067    -0.018
    70.250    -0.010     0.048     0.011
    70.260    -0.013     0.017     0.030
    70.270    -0.004    -0.011     0.028
    70.280     0.004    -0.040     0.011
    70.290     0.011    -0.066    -0.016
    70.300     0.011    -0.078    -0.038
    70.310     0.004    -0.077    -0.054
    70.320    -0.005    -0.068    -0.059
    70.330    -0.012    -0.044    -0.047
    70.340    -0.023    -0.006    -0.032
    70.350    -0.037     0.027    -0.011
    70.360    -0.043     0.054     0.008
    70.370    -0.040     0.072     0.018
    70.380    -0.026     0.070     0.030
    70.390    -0.003     0.061     0.035
    70.400     0.015     0.049     0.029
    70.410     0.025     0.036     0.034
    70.420     0.037     0.036     0.046
    70.430     0.043     0.045     0.053
    70.440     0.054     0.054     0.064
    70.450     0.072     0.066     0.067
    70.460     0.081     0.074     0.064
    70.470     0.092     0.063     0.064
    70.480     0.089     0.038     0.064
    70.490     0.081     0.010     0.062
    70.500     0.064    -0.019     0.058
    70.510     0.024    -0.032     0.055
    70.520    -0.009    -0.033     0.048
    70.530    -0.041    -0.033     0.050
    70.540    -0.056    -0.026     0.047
    70.550    -0.043    -0.015     0.038
    70.560    -0.019    -0.007     0.032
    70.570     0.002    -0.003     0.017
    70.580     0.007    -0.007     0.002
    70.590     0.011    -0.013    -0.002
    70.600     0.011    -0.014    -0.011
    70.610     0.016    -0.017    -0.021
    70.620     0.027    -0.021    -0.028
    70.630     0.038    -0.013    -0.043
    70.640     0.049    -0.006    -0.059
    70.650     0.047    -0.011    -0.070
    70.660     0.040    -0.023    -0.086
    70.670     0.026    -0.045    -0.092
    70.680     0.010    -0.070    -0.089
    70.690     0.000    -0.085    -0.084
    70.700    -0.008    -0.102    -0.070
    70.710    -0.006    -0.117    -0.052
    70.720    -0.006    -0.125    -0.033
    70.730    -0.006    -0.123    -0.018
    70.740     0.003    -0.105    -0.002
    70.750     0.012    -0.074     0.010
    70.760     0.021    -0.039     0.022
    70.770     0.024    -0.003     0.034
    70.780     0.022     0.036     0.031
    70.790     0.014     0.062     0.021
    70.800    -0.004     0.077     0.011
    70.810    -0.022     0.084     0.004
    70.820    -0.035     0.079     0.007
    70.830    -0.042     0.062     0.017
    70.840    -0.044     0.035     0.018
    70.850    -0.035     0.005     0.017
    70.860    -0.022    -0.021     0.012
    70.870    -0.009    -0.032     0.001
    70.880    -0.001    -0.031    -0.005
    70.890     0.010    -0.017    -0.011
    70.900     0.019     0.014    -0.016
    70.910     0.022     0.039    -0.019
    70.920     0.033     0.062    -0.012
    70.930     0.035     0.072    -0.003
    70.940     0.032     0.062     0.006
    70.950     0.029     0.047     0.021
    70.960     0.018     0.027     0.024
    70.970    -0.003     0.001     0.035
    70.980    -0.018    -0.026     0.039
    70.990    -0.018    -0.044     0.037
    71.000    -0.021    -0.054     0.037
    71.010    -0.016    -0.047     0.031
    71.020    -0.007    -0.036     0.029
    71.030     0.004    -0.028     0.029
    71.040     0.026    -0.017     0.033
    71.050     0.031    -0.016     0.019
    71.060     0.021    -0.024     0.002
    71.070     0.017    -0.025    -0.005
    71.080    -0.001    -0.026    -0.021
    71.090    -0.024    -0.029    -0.033
    71.100    -0.032    -0.024    -0.045
    71.110    -0.043    -0.022    -0.062
    71.120    -0.046    -0.023    -0.077
    71.130    -0.036    -0.020    -0.096
    71.140    -0.029    -0.021    -0.115
    71.150    -0.021    -0.020    -0.116
    71.160    -0.013    -0.018    -0.109
    71.170    -0.004    -0.014    -0.099
    71.180     0.007    -0.009    -0.078
    71.190     0.017    -0.005    -0.063
    71.200     0.023     0.004    -0.044
    71.210     0.021     0.014    -0.022
    71.220     0.019     0.029    -0.003
    71.230     0.011     0.040     0.017
    71.240    -0.003     0.044     0.036
    71.250    -0.009     0.053     0.056
    71.260    -0.022     0.058     0.072
    71.270    -0.037     0.061     0.090
    71.280    -0.048     0.065     0.098
    71.290    -0.052     0.074     0.098
    71.300    -0.042     0.082     0.098
    71.310    -0.027     0.091     0.080
    71.320    -0.023     0.097     0.046
    71.330    -0.018     0.095     0.017
    71.340    -0.012     0.087    -0.009
    71.350    -0.010     0.075    -0.027
    71.360    -0.005     0.061    -0.037
    71.370    -0.003     0.044    -0.045
    71.380     0.002     0.026    -0.041
    71.390     0.000     0.008    -0.033
    71.400    -0.001    -0.006    -0.026
    71.410    -0.001    -0.016    -0.021
    71.420     0.000    -0.023    -0.018
    71.430     0.016    -0.019    -0.019
    71.440     0.027    -0.015    -0.022
    71.450     0.034    -0.011    -0.016
    71.460     0.039     0.001     0.000
    71.470     0.036     0.014     0.019
    71.480     0.033     0.024     0.038
    71.490     0.023     0.037     0.054
    71.500     0.008     0.040     0.058
    71.510    -0.014     0.032     0.048
    71.520    -0.034     0.022     0.022
    71.530    -0.049     0.000    -0.007
    71.540    -0.059    -0.023    -0.030
    71.550    -0.051    -0.041    -0.056
    71.560    -0.039    -0.063    -0.068
    71.570    -0.024    -0.085    -0.079
    71.580    -0.012    -0.103    -0.099
    71.590    -0.005    -0.122    -0.104
    71.600     0.011    -0.140    -0.107
    71.610     0.019    -0.147    -0.107
    71.620     0.019    -0.148    -0.097
    71.630     0.026    -0.146    -0.081
    71.640     0.032    -0.137    -0.059
    71.650     0.041    -0.125    -0.030
    71.660     0.051    -0.113     0.000
    71.670     0.053    -0.100     0.026
    71.680     0.058    -0.092     0.055
    71.690     0.064    -0.088     0.083
    71.700     0.062    -0.082     0.104
    71.710     0.054    -0.078     0.120
    71.720     0.045    -0.065     0.124
    71.730     0.028    -0.042     0.106
    71.740     0.011    -0.025     0.077
    71.750     0.001    -0.002     0.048
    71.760    -0.010     0.022     0.018
    71.770    -0.016     0.038    -0.003
    71.780    -0.018     0.051    -0.016
    71.790    -0.023     0.064    -0.025
    71.800    -0.026     0.071    -0.025
    71.810    -0.018     0.073    -0.032
    71.820    -0.014     0.068    -0.049
    71.830    -0.012     0.047    -0.056
    71.840    -0.007     0.022    -0.065
    71.850    -0.003    -0.006    -0.069
    71.860     0.002    -0.030    -0.060
    71.870     0.006    -0.041    -0.051
    71.880     0.007    -0.043    -0.037
    71.890     0.003    -0.039    -0.011
    71.900     0.003    -0.024     0.024
    71.910    -0.002     0.004     0.057
    71.920    -0.008     0.035     0.087
    71.930     0.001     0.070     0.106
    71.940     0.020     0.105     0.109
    71.950     0.042     0.125     0.103
    71.960     0.051     0.132     0.086
    71.970     0.044     0.122     0.067
    71.980     0.025     0.103     0.047
    71.990     0.005     0.088     0.027
    72.000    -0.019     0.077     0.005
    72.010    -0.039     0.071    -0.014
    72.020    -0.043     0.071    -0.028
    72.030    -0.044     0.071    -0.051
    72.040    -0.031     0.073    -0.062
    72.050    -0.022     0.073    -0.065
    72.060    -0.025     0.068    -0.060
    72.070    -0.037     0.059    -0.033
    72.080    -0.051     0.055    -0.004
    72.090    -0.049     0.055     0.027
    72.100    -0.035     0.050     0.053
    72.110    -0.005     0.043     0.067
    72.120     0.022     0.029     0.076
    72.130     0.041     0.006     0.075
    72.140     0.050    -0.016     0.065
    72.150     0.036    -0.037     0.057
    72.160     0.024    -0.051     0.049
    72.170     0.014    -0.057     0.039
    72.180     0.003    -0.057     0.044
    72.190     0.005    -0.054     0.056
    72.200     0.012    -0.043     0.062
    72.210     0.016    -0.037     0.066
    72.220     0.013    -0.038     0.064
    72.230     0.002    -0.042     0.064
    72.240    -0.020    -0.057     0.053
    72.250    -0.042    -0.075     0.036
    72.260    -0.061    -0.085     0.010
    72.270    -0.073    -0.095    -0.030
    72.280    -0.070    -0.103    -0.067
    72.290    -0.060    -0.110    -0.104
    72.300    -0.047    -0.117    -0.126
    72.310    -0.038    -0.124    -0.132
    72.320    -0.029    -0.124    -0.130
    72.330    -0.016    -0.123    -0.111
    72.340    -0.007    -0.120    -0.083
    72.350     0.006    -0.103    -0.057
    72.360     0.024    -0.091    -0.036
    72.370     0.034    -0.074    -0.031
    72.380     0.041    -0.047    -0.050
    72.390     0.044    -0.027    -0.079
    72.400     0.046     0.000    -0.111
    72.410     0.046     0.031    -0.140
    72.420     0.044     0.062    -0.155
    72.430     0.037     0.087    -0.153
    72.440     0.018     0.108    -0.141
    72.450     0.000     0.116    -0.122
    72.460    -0.014     0.112    -0.097
    72.470    -0.022     0.105    -0.087
    72.480    -0.024     0.091    -0.076
    72.490    -0.015     0.086    -0.060
    72.500    -0.011     0.080    -0.058
    72.510    -0.019     0.069    -0.047
    72.520    -0.025     0.068    -0.036
    72.530    -0.032     0.067    -0.028
    72.540    -0.030     0.068    -0.011
    72.550    -0.018     0.074     0.010
    72.560    -0.007     0.078     0.035
    72.570    -0.003     0.071     0.071
    72.580    -0.008     0.058     0.115
    72.590    -0.009     0.038     0.152
    72.600    -0.008     0.014     0.188
    72.610     0.005    -0.004     0.216
    72.620     0.018    -0.017     0.229
    72.630     0.027    -0.019     0.239
    72.640     0.035    -0.017     0.240
    72.650     0.025    -0.010     0.221
    72.660     0.013    -0.001     0.193
    72.670     0.008     0.005     0.163
    72.680     0.001     0.002     0.132
    72.690     0.001    -0.012     0.107
    72.700    -0.003    -0.026     0.084
    72.710    -0.014    -0.040     0.056
    72.720    -0.026    -0.058     0.033
    72.730    -0.038    -0.074    -0.001
    72.740    -0.047    -0.084    -0.040
    72.750    -0.052    -0.089    -0.072
    72.760    -0.055    -0.091    -0.098
    72.770    -0.049    -0.083    -0.111
    72.780    -0.038    -0.079    -0.115
    72.790    -0.024    -0.071    -0.115
    72.800    -0.013    -0.067    -0.111
    72.810    -0.001    -0.071    -0.097
    72.820     0.015    -0.065    -0.079
    72.830     0.016    -0.065    -0.067
    72.840     0.012    -0.067    -0.052
    72.850     0.009    -0.063    -0.037
    72.860     0.001    -0.063    -0.032
    72.870    -0.008    -0.064    -0.033
    72.880    -0.013    -0.057    -0.037
    72.890    -0.019    -0.050    -0.039
    72.900    -0.019    -0.046    -0.035
    72.910    -0.014    -0.039    -0.026
    72.920    -0.009    -0.036    -0.011
    72.930    -0.001    -0.031     0.015
    72.940     0.011    -0.024     0.037
    72.950     0.018    -0.021     0.053
    72.960     0.021    -0.009     0.062
    72.970     0.017     0.004     0.053
    72.980     0.008     0.021     0.040
    72.990    -0.002     0.043     0.022
    73.000    -0.011     0.059     0.000
    73.010    -0.012     0.074    -0.007
    73.020    -0.011     0.074    -0.013
    73.030    -0.014     0.072    -0.017
    73.040    -0.020     0.070    -0.015
    73.050    -0.025     0.060    -0.012
    73.060    -0.027     0.056    -0.012
    73.070    -0.030     0.056    -0.021
    73.080    -0.032     0.054    -0.031
    73.090    -0.032     0.055    -0.043
    73.100    -0.023     0.054    -0.054
    73.110    -0.004     0.053    -0.054
    73.120     0.015     0.054    -0.049
    73.130     0.027     0.054    -0.034
    73.140     0.024     0.053    -0.005
    73.150     0.016     0.055     0.014
    73.160     0.007     0.050     0.029
    73.170     0.001     0.047     0.039
    73.180    -0.006     0.048     0.029
    73.190    -0.010     0.043     0.018
    73.200    -0.001     0.042     0.015
    73.210     0.010     0.037     0.019
    73.220     0.018     0.031     0.035
    73.230     0.022     0.022     0.055
    73.240     0.015     0.008     0.076
    73.250     0.011    -0.004     0.098
    73.260     0.012    -0.020     0.110
    73.270     0.013    -0.033     0.101
    73.280     0.018    -0.035     0.078
    73.290     0.034    -0.029     0.046
    73.300     0.041    -0.019     0.006
    73.310     0.029    -0.004    -0.018
    73.320     0.015     0.016    -0.030
    73.330     0.002     0.039    -0.038
    73.340    -0.004     0.055    -0.038
    73.350    -0.001     0.072    -0.047
    73.360    -0.003     0.088    -0.062
    73.370    -0.009     0.087    -0.071
    73.380    -0.016     0.085    -0.085
    73.390    -0.019     0.077    -0.101
    73.400    -0.018     0.056    -0.104
    73.410    -0.010     0.031    -0.099
    73.420     0.002     0.000    -0.089
    73.430     0.009    -0.033    -0.070
    73.440     0.012    -0.057    -0.049
    73.450     0.014    -0.077    -0.031
    73.460     0.008    -0.095    -0.017
    73.470     0.001    -0.103    -0.007
    73.480    -0.005    -0.104    -0.003
    73.490    -0.015    -0.108    -0.002
    73.500    -0.024    -0.111    -0.003
    73.510    -0.031    -0.104    -0.007
    73.520    -0.033    -0.097    -0.004
    73.530    -0.031    -0.090     0.002
    73.540    -0.031    -0.079     0.006
    73.550    -0.026    -0.069     0.017
    73.560    -0.023    -0.059     0.025
    73.570    -0.029    -0.054     0.026
    73.580    -0.035    -0.056     0.032
    73.590    -0.043    -0.059     0.032
    73.600    -0.047    -0.070     0.030
    73.610    -0.038    -0.082     0.027
    73.620    -0.028    -0.076     0.014
    73.630    -0.021    -0.060     0.005
    73.640    -0.009    -0.037     0.009
    73.650     0.002    -0.004     0.014
    73.660     0.003     0.022     0.018
    73.670     0.013     0.041     0.020
    73.680     0.025     0.059     0.010
    73.690     0.038     0.072    -0.008
    73.700     0.039     0.075    -0.036
    73.710     0.024     0.076    -0.063
    73.720     0.007     0.072    -0.079
    73.730    -0.005     0.060    -0.086
    73.740    -0.002     0.047    -0.082
    73.750     0.003     0.028    -0.065
    73.760     0.017     0.015    -0.034
    73.770     0.030     0.010     0.000
    73.780     0.026     0.008     0.036
    73.790     0.024     0.011     0.073
    73.800     0.012     0.017     0.101
    73.810     0.006     0.027     0.124
    73.820     0.010     0.037     0.132
    73.830     0.009     0.051     0.120
    73.840     0.012     0.060     0.106
    73.850     0.015     0.055     0.089
    73.860     0.017     0.050     0.067
    73.870     0.019     0.045     0.051
    73.880     0.022     0.037     0.045
    73.890     0.025     0.025     0.043
    73.900     0.029     0.010     0.039
    73.910     0.035    -0.011     0.026
    73.920     0.036    -0.034     0.002
    73.930     0.033    -0.061    -0.014
    73.940     0.025    -0.079    -0.024
    73.950     0.007    -0.083    -0.029
    73.960    -0.014    -0.082    -0.019
    73.970    -0.025    -0.069    -0.006
    73.980    -0.026    -0.045     0.006
    73.990    -0.020    -0.019     0.018
    74.000    -0.015     0.004     0.018
    74.010    -0.013     0.030     0.018
    74.020    -0.010     0.052     0.021
    74.030    -0.009     0.064     0.014
    74.040    -0.013     0.064     0.011
    74.050    -0.018     0.053     0.011
    74.060    -0.022     0.039     0.007
    74.070    -0.041     0.024    -0.004
    74.080    -0.061     0.013    -0.018
    74.090    -0.073     0.009    -0.025
    74.100    -0.083     0.010    -0.034
    74.110    -0.083     0.005    -0.038
    74.120    -0.073    -0.001    -0.035
    74.130    -0.051    -0.007    -0.043
    74.140    -0.030    -0.016    -0.050
    74.150    -0.013    -0.019    -0.055
    74.160    -0.013    -0.016    -0.056
    74.170    -0.022    -0.011    -0.047
    74.180    -0.032    -0.005    -0.041
    74.190    -0.037     0.003    -0.034
    74.200    -0.022     0.008    -0.025
    74.210    -0.003     0.013    -0.026
    74.220     0.022     0.018    -0.030
    74.230     0.035     0.015    -0.034
    74.240     0.034     0.017    -0.044
    74.250     0.029     0.018    -0.053
    74.260     0.009     0.021    -0.056
    74.270    -0.004     0.030    -0.064
    74.280    -0.014     0.030    -0.070
    74.290    -0.020     0.024    -0.072
    74.300    -0.016     0.017    -0.074
    74.310    -0.012     0.002    -0.068
    74.320    -0.005    -0.012    -0.052
    74.330    -0.008    -0.022    -0.031
    74.340    -0.015    -0.032    -0.002
    74.350    -0.013    -0.041     0.038
    74.360    -0.007    -0.046     0.066
    74.370     0.010    -0.049     0.079
    74.380     0.024    -0.050     0.084
    74.390     0.025    -0.049     0.080
    74.400     0.018    -0.045     0.075
    74.410     0.012    -0.038     0.069
    74.420     0.011    -0.026     0.059
    74.430     0.011    -0.015     0.052
    74.440     0.013    -0.006     0.050
    74.450     0.010    -0.003     0.047
    74.460     0.003    -0.003     0.051
    74.470     0.003    -0.009     0.066
    74.480    -0.005    -0.011     0.070
    74.490    -0.011    -0.012     0.067
    74.500    -0.004    -0.014     0.067
    74.510     0.006    -0.005     0.060
    74.520     0.017     0.001     0.044
    74.530     0.025     0.007     0.024
    74.540     0.030     0.017     0.004
    74.550     0.028     0.019    -0.009
    74.560     0.033     0.022    -0.018
    74.570     0.041     0.022    -0.025
    74.580     0.040     0.011    -0.027
    74.590     0.049    -0.007    -0.025
    74.600     0.055    -0.023    -0.026
    74.610     0.053    -0.044    -0.022
    74.620     0.055    -0.061    -0.009
    74.630     0.055    -0.065     0.001
    74.640     0.054    -0.063     0.017
    74.650     0.053    -0.053     0.031
    74.660     0.049    -0.042     0.031
    74.670     0.043    -0.033     0.037
    74.680     0.042    -0.025     0.047
    74.690     0.039    -0.022     0.048
    74.700     0.023    -0.022     0.048
    74.710     0.003    -0.018     0.045
    74.720    -0.020    -0.011     0.025
    74.730    -0.034    -0.012     0.010
    74.740    -0.032    -0.015    -0.002
    74.750    -0.023    -0.014    -0.024
    74.760    -0.008    -0.014    -0.036
    74.770     0.007    -0.013    -0.041
    74.780     0.012    -0.012    -0.040
    74.790     0.005    -0.015    -0.036
    74.800    -0.002    -0.015    -0.034
    74.810    -0.007    -0.009    -0.035
    74.820     0.002    -0.004    -0.035
    74.830     0.016    -0.001    -0.037
    74.840     0.023    -0.001    -0.041
    74.850     0.031    -0.005    -0.037
    74.860     0.028    -0.015    -0.033
    74.870     0.017    -0.022    -0.030
    74.880     0.009    -0.031    -0.016
    74.890     0.003    -0.034     0.000
    74.900    -0.008    -0.023     0.003
    74.910    -0.017    -0.015     0.001
    74.920    -0.018    -0.006    -0.003
    74.930    -0.027     0.003    -0.023
    74.940    -0.029     0.004    -0.041
    74.950    -0.026     0.010    -0.054
    74.960    -0.028     0.021    -0.068
    74.970    -0.024     0.031    -0.064
    74.980    -0.024     0.044    -0.052
    74.990    -0.029     0.054    -0.037
    75.000    -0.034     0.062    -0.014
    75.010    -0.036     0.072     0.008
    75.020    -0.033     0.069     0.019
    75.030    -0.025     0.056     0.029
    75.040    -0.006     0.043     0.033
    75.050     0.004     0.026     0.021
    75.060     0.012     0.007     0.017
    75.070     0.015    -0.001     0.015
    75.080     0.007    -0.010     0.013
    75.090     0.000    -0.018     0.029
    75.100    -0.011    -0.011     0.048
    75.110    -0.010    -0.006     0.062
    75.120    -0.007     0.000     0.075
    75.130    -0.007     0.009     0.070
    75.140    -0.008     0.015     0.054
    75.150    -0.013     0.024     0.036
    75.160    -0.017     0.033     0.008
    75.170    -0.022     0.044    -0.014
    75.180    -0.019     0.051    -0.032
    75.190    -0.012     0.056    -0.053
    75.200    -0.005     0.050    -0.069
    75.210     0.007     0.033    -0.084
    75.220     0.018     0.029    -0.095
    75.230     0.021     0.015    -0.102
    75.240     0.017     0.002    -0.094
    75.250     0.010    -0.005    -0.084
    75.260     0.002    -0.016    -0.069
    75.270    -0.001    -0.020    -0.052
    75.280    -0.001    -0.019    -0.047
    75.290     0.007    -0.009    -0.030
    75.300     0.020     0.001    -0.011
    75.310     0.028     0.010    -0.006
    75.320     0.034     0.018     0.005
    75.330     0.037     0.017     0.019
    75.340     0.031     0.017     0.023
    75.350     0.020     0.010     0.028
    75.360     0.011    -0.002     0.038
    75.370     0.003    -0.009     0.043
    75.380    -0.001    -0.020     0.044
    75.390    -0.001    -0.026     0.044
    75.400     0.005    -0.022     0.032
    75.410     0.013    -0.015     0.023
    75.420     0.016    -0.007     0.014
    75.430     0.021     0.003     0.005
    75.440     0.028     0.012     0.004
    75.450     0.038     0.011     0.000
    75.460     0.043     0.013    -0.004
    75.470     0.032     0.020    -0.007
    75.480     0.030     0.028    -0.009
    75.490     0.026     0.041    -0.012
    75.500     0.017     0.043    -0.018
    75.510     0.016     0.049    -0.022
    75.520     0.018     0.053    -0.034
    75.530     0.027     0.043    -0.039
    75.540     0.034     0.043    -0.043
    75.550     0.034     0.041    -0.057
    75.560     0.034     0.035    -0.054
    75.570     0.026     0.032    -0.045
    75.580     0.020     0.034    -0.037
    75.590     0.013     0.033    -0.016
    75.600    -0.002     0.022     0.010
    75.610    -0.018     0.012     0.036
    75.620    -0.023     0.000     0.064
    75.630    -0.020    -0.009     0.083
    75.640    -0.013    -0.008     0.091
    75.650    -0.008    -0.008     0.098
    75.660    -0.007    -0.003     0.108
    75.670    -0.012    -0.003     0.114
    75.680    -0.024    -0.014     0.118
    75.690    -0.031    -0.027     0.123
    75.700    -0.034    -0.041     0.120
    75.710    -0.035    -0.052     0.116
    75.720    -0.028    -0.053     0.106
    75.730    -0.026    -0.045     0.090
    75.740    -0.025    -0.033     0.076
    75.750    -0.015    -0.013     0.051
    75.760    -0.006     0.007     0.020
    75.770     0.012     0.018    -0.009
    75.780     0.033     0.025    -0.034
    75.790     0.048     0.027    -0.056
    75.800     0.061     0.024    -0.070
    75.810     0.062     0.021    -0.080
    75.820     0.053     0.019    -0.090
    75.830     0.041     0.013    -0.086
    75.840     0.031     0.010    -0.078
    75.850     0.026     0.005    -0.065
    75.860     0.026    -0.009    -0.043
    75.870     0.029    -0.017    -0.020
    75.880     0.037    -0.024     0.001
    75.890     0.039    -0.035     0.021
    75.900     0.030    -0.032     0.036
    75.910     0.020    -0.029     0.045
    75.920     0.006    -0.037     0.056
    75.930    -0.001    -0.040     0.060
    75.940    -0.004    -0.045     0.052
    75.950    -0.007    -0.051     0.041
    75.960    -0.008    -0.056     0.024
    75.970    -0.014    -0.063     0.011
    75.980    -0.017    -0.071     0.001
    75.990    -0.019    -0.071    -0.019
    76.000    -0.022    -0.065    -0.028
    76.010    -0.024    -0.063    -0.042
    76.020    -0.027    -0.053    -0.062
    76.030    -0.021    -0.041    -0.070
    76.040    -0.011    -0.030    -0.079
    76.050    -0.008    -0.004    -0.080
    76.060    -0.007     0.016    -0.074
    76.070    -0.004     0.035    -0.062
    76.080    -0.001     0.058    -0.053
    76.090    -0.003     0.071    -0.049
    76.100    -0.006     0.084    -0.046
    76.110    -0.017     0.087    -0.055
    76.120    -0.027     0.084    -0.059
    76.130    -0.029     0.074    -0.057
    76.140    -0.031     0.057    -0.051
    76.150    -0.028     0.045    -0.033
    76.160    -0.017     0.033    -0.009
    76.170    -0.006     0.025     0.012
    76.180    -0.005     0.007     0.030
    76.190    -0.005    -0.014     0.049
    76.200     0.000    -0.018     0.064
    76.210     0.009    -0.020     0.075
    76.220     0.027    -0.016     0.076
    76.230     0.037     0.001     0.066
    76.240     0.038     0.015     0.058
    76.250     0.027     0.030     0.048
    76.260     0.008     0.043     0.038
    76.270    -0.009     0.046     0.033
    76.280    -0.021     0.045     0.028
    76.290    -0.029     0.043     0.020
    76.300    -0.034     0.036     0.010
    76.310    -0.032     0.029     0.001
    76.320    -0.038     0.021    -0.012
    76.330    -0.033     0.012    -0.017
    76.340    -0.024     0.004    -0.018
    76.350    -0.020     0.000    -0.019
    76.360     0.001    -0.010    -0.004
    76.370     0.019    -0.024     0.006
    76.380     0.033    -0.027     0.001
    76.390     0.044    -0.031    -0.002
    76.400     0.047    -0.033    -0.017
    76.410     0.045    -0.033    -0.033
    76.420     0.039    -0.031    -0.033
    76.430     0.025    -0.026    -0.040
    76.440     0.009    -0.014    -0.043
    76.450     0.006     0.007    -0.034
    76.460     0.014     0.025    -0.033
    76.470     0.024     0.043    -0.043
    76.480     0.031     0.051    -0.055
    76.490     0.031     0.053    -0.068
    76.500     0.021     0.049    -0.084
    76.510     0.011     0.036    -0.089
    76.520     0.003     0.028    -0.090
    76.530    -0.005     0.018    -0.086
    76.540    -0.009     0.004    -0.074
    76.550    -0.007    -0.008    -0.064
    76.560    -0.005    -0.019    -0.051
    76.570    -0.005    -0.031    -0.032
    76.580    -0.004    -0.035    -0.013
    76.590    -0.005    -0.029     0.003
    76.600    -0.004    -0.025     0.020
    76.610     0.001    -0.015     0.033
    76.620    -0.003    -0.005     0.038
    76.630    -0.014    -0.003     0.041
    76.640    -0.019     0.004     0.038
    76.650    -0.030     0.005     0.029
    76.660    -0.040     0.001     0.027
    76.670    -0.039     0.002     0.023
    76.680    -0.041    -0.007     0.015
    76.690    -0.040    -0.016     0.013
    76.700    -0.034    -0.017     0.010
    76.710    -0.026    -0.018     0.007
    76.720    -0.013    -0.021     0.008
    76.730     0.001    -0.019     0.010
    76.740     0.015    -0.014     0.007
    76.750     0.024    -0.012     0.001
    76.760     0.028    -0.006    -0.006
    76.770     0.033     0.001    -0.013
    76.780     0.035     0.009    -0.014
    76.790     0.041     0.021    -0.017
    76.800     0.042     0.022    -0.012
    76.810     0.034     0.018    -0.003
    76.820     0.026     0.016     0.007
    76.830     0.015     0.008     0.019
    76.840     0.003     0.000     0.025
    76.850    -0.002    -0.003     0.031
    76.860    -0.006    -0.007     0.040
    76.870    -0.008    -0.007     0.049
    76.880    -0.013    -0.002     0.049
    76.890    -0.012    -0.002     0.048
    76.900    -0.006    -0.004     0.042
    76.910    -0.008    -0.002     0.035
    76.920    -0.008     0.000     0.029
    76.930    -0.012     0.002     0.027
    76.940    -0.017     0.004     0.032
    76.950    -0.020     0.002     0.039
    76.960    -0.022     0.006     0.048
    76.970    -0.017     0.012     0.048
    76.980    -0.010     0.009     0.047
    76.990    -0.003     0.011     0.047
    77.000    -0.004     0.015     0.034
    77.010    -0.013     0.014     0.025
    77.020    -0.022     0.011     0.019
    77.030    -0.030     0.011     0.007
    77.040    -0.040     0.012     0.002
    77.050    -0.044     0.013    -0.006
    77.060    -0.044     0.017    -0.017
    77.070    -0.045     0.014    -0.024
    77.080    -0.037     0.008    -0.034
    77.090    -0.034     0.004    -0.037
    77.100    -0.031    -0.009    -0.036
    77.110    -0.018    -0.016    -0.033
    77.120    -0.013    -0.028    -0.030
    77.130    -0.010    -0.040    -0.027
    77.140    -0.003    -0.038    -0.021
    77.150     0.003    -0.033    -0.021
    77.160     0.012    -0.024    -0.015
    77.170     0.025    -0.011    -0.016
    77.180     0.034    -0.003    -0.022
    77.190     0.046    -0.003    -0.016
    77.200     0.059    -0.003    -0.014
    77.210     0.053    -0.005    -0.005
    77.220     0.047    -0.006     0.009
    77.230     0.038    -0.006     0.013
    77.240     0.024    -0.016     0.027
    77.250     0.022    -0.022     0.040
    77.260     0.018    -0.026     0.042
    77.270     0.012    -0.030     0.039
    77.280     0.006    -0.027     0.028
    77.290    -0.001    -0.019     0.015
    77.300    -0.008    -0.010     0.003
    77.310    -0.007     0.001    -0.002
    77.320     0.000     0.003    -0.001
    77.330     0.002    -0.005    -0.009
    77.340     0.011    -0.009    -0.012
    77.350     0.008    -0.014    -0.011
    77.360     0.004    -0.015    -0.012
    77.370     0.006    -0.005    -0.009
    77.380    -0.006     0.005    -0.008
    77.390    -0.011     0.020    -0.006
    77.400    -0.005     0.030    -0.006
    77.410    -0.001     0.034    -0.002
    77.420     0.006     0.044    -0.003
    77.430     0.013     0.055    -0.011
    77.440     0.014     0.062    -0.005
    77.450     0.013     0.066    -0.004
    77.460     0.009     0.063    -0.009
    77.470     0.001     0.054    -0.010
    77.480     0.001     0.048    -0.009
    77.490     0.002     0.038    -0.006
    77.500    -0.001     0.028    -0.002
    77.510    -0.004     0.021    -0.003
    77.520    -0.003     0.010    -0.001
    77.530    -0.002     0.002     0.009
    77.540    -0.002     0.001     0.011
    77.550     0.011     0.002     0.018
    77.560     0.027     0.001     0.025
    77.570     0.038    -0.003     0.019
    77.580     0.047    -0.002     0.017
    77.590     0.050    -0.001     0.010
    77.600     0.057     0.000    -0.001
    77.610     0.054     0.006     0.002
    77.620     0.043     0.013     0.001
    77.630     0.036     0.012    -0.003
    77.640     0.026     0.003     0.001
    77.650     0.019    -0.002    -0.008
    77.660     0.016    -0.002    -0.019
    77.670     0.020    -0.001    -0.025
    77.680     0.023     0.000    -0.031
    77.690     0.022    -0.007    -0.026
    77.700     0.019    -0.014    -0.012
    77.710     0.020    -0.026    -0.004
    77.720     0.018    -0.034     0.009
    77.730     0.014    -0.031     0.029
    77.740     0.013    -0.033     0.037
    77.750     0.011    -0.025     0.047
    77.760     0.013    -0.008     0.055
    77.770     0.015     0.012     0.050
    77.780     0.013     0.035     0.048
    77.790     0.011     0.052     0.048
    77.800     0.010     0.062     0.049
    77.810     0.004     0.063     0.050
    77.820    -0.002     0.058     0.046
    77.830    -0.002     0.049     0.034
    77.840    -0.001     0.036     0.029
    77.850     0.000     0.023     0.019
    77.860    -0.004     0.013     0.003
    77.870     0.002     0.018     0.003
    77.880     0.004     0.027     0.000
    77.890    -0.002     0.030    -0.004
    77.900    -0.002     0.034     0.002
    77.910    -0.008     0.028     0.005
    77.920    -0.011     0.021     0.010
    77.930    -0.008     0.015     0.011
    77.940    -0.012     0.002    -0.001
    77.950    -0.014     0.002    -0.009
    77.960    -0.016     0.000    -0.023
    77.970    -0.023    -0.008    -0.044
    77.980    -0.024    -0.010    -0.060
    77.990    -0.019    -0.018    -0.078
    78.000    -0.019    -0.021    -0.095
    78.010    -0.020    -0.024    -0.102
    78.020    -0.018    -0.023    -0.104
    78.030    -0.015    -0.024    -0.108
    78.040    -0.011    -0.034    -0.112
    78.050    -0.007    -0.041    -0.109
    78.060    -0.003    -0.051    -0.107
    78.070    -0.006    -0.060    -0.102
    78.080    -0.012    -0.066    -0.091
    78.090    -0.019    -0.068    -0.074
    78.100    -0.020    -0.066    -0.055
    78.110    -0.014    -0.070    -0.040
    78.120    -0.001    -0.064    -0.021
    78.130     0.015    -0.047    -0.005
    78.140     0.013    -0.038     0.008
    78.150     0.007    -0.025     0.024
    78.160     0.002    -0.015     0.043
    78.170    -0.004    -0.014     0.060
    78.180     0.001    -0.014     0.073
    78.190     0.011    -0.013     0.081
    78.200     0.016    -0.012     0.081
    78.210     0.008    -0.005     0.079
    78.220     0.004     0.005     0.073
    78.230     0.003     0.006     0.067
    78.240     0.008     0.010     0.061
    78.250     0.021     0.007     0.049
    78.260     0.027     0.001     0.039
    78.270     0.032     0.002     0.041
    78.280     0.031    -0.008     0.037
    78.290     0.027    -0.016     0.036
    78.300     0.030    -0.015     0.042
    78.310     0.030    -0.015     0.032
    78.320     0.027    -0.012     0.024
    78.330     0.022    -0.007     0.017
    78.340     0.011     0.000     0.002
    78.350    -0.002     0.009    -0.006
    78.360    -0.013     0.015    -0.011
    78.370    -0.023     0.011    -0.010
    78.380    -0.023     0.009     0.002
    78.390    -0.019     0.004     0.014
    78.400    -0.021    -0.008     0.019
    78.410    -0.022    -0.016     0.024
    78.420    -0.020    -0.024     0.026
    78.430    -0.019    -0.029     0.031
    78.440    -0.012    -0.031     0.043
    78.450    -0.003    -0.042     0.047
    78.460    -0.002    -0.047     0.051
    78.470     0.008    -0.045     0.051
    78.480     0.013    -0.045     0.040
    78.490     0.006    -0.043     0.028
    78.500     0.014    -0.037     0.021
    78.510     0.016    -0.036     0.016
    78.520     0.016    -0.028     0.010
    78.530     0.015    -0.014     0.012
    78.540     0.007    -0.003     0.018
    78.550     0.002     0.012     0.019
    78.560    -0.002     0.022     0.011
    78.570    -0.005     0.028     0.002
    78.580    -0.004     0.036    -0.007
    78.590    -0.004     0.037    -0.019
    78.600    -0.010     0.034    -0.025
    78.610    -0.012     0.030    -0.028
    78.620    -0.013     0.017    -0.035
    78.630    -0.018     0.008    -0.034
    78.640    -0.017     0.009    -0.033
    78.650    -0.016     0.007    -0.033
    78.660    -0.019     0.013    -0.026
    78.670    -0.016     0.024    -0.019
    78.680    -0.014     0.028    -0.016
    78.690    -0.009     0.035    -0.016
    78.700     0.005     0.044    -0.021
    78.710     0.013     0.052    -0.029
    78.720     0.021     0.058    -0.041
    78.730     0.024     0.062    -0.050
    78.740     0.018     0.061    -0.056
    78.750     0.017     0.060    -0.062
    78.760     0.014     0.055    -0.066
    78.770     0.010     0.048    -0.060
    78.780     0.006     0.037    -0.037
    78.790     0.001     0.019    -0.014
    78.800    -0.008    -0.002     0.014
    78.810    -0.018    -0.021     0.034
    78.820    -0.019    -0.037     0.048
    78.830    -0.018    -0.047     0.059
    78.840    -0.014    -0.047     0.055
    78.850    -0.008    -0.041     0.046
    78.860    -0.004    -0.029     0.037
    78.870     0.002    -0.012     0.026
    78.880    -0.001     0.001     0.018
    78.890     0.003     0.018     0.013
    78.900     0.008     0.032     0.008
    78.910     0.003     0.037     0.004
    78.920     0.001     0.049    -0.003
    78.930    -0.002     0.055    -0.020
    78.940    -0.010     0.049    -0.033
    78.950    -0.019     0.038    -0.042
    78.960    -0.028     0.022    -0.060
    78.970    -0.035     0.012    -0.071
    78.980    -0.034     0.004    -0.079
    78.990    -0.032     0.002    -0.092
    79.000    -0.027     0.006    -0.092
    79.010    -0.018     0.008    -0.088
    79.020    -0.016     0.006    -0.087
    79.030    -0.008     0.010    -0.078
    79.040     0.001     0.015    -0.068
    79.050     0.007     0.022    -0.053
    79.060     0.015     0.036    -0.039
    79.070     0.018     0.046    -0.025
    79.080     0.016     0.054    -0.004
    79.090     0.019     0.056     0.019
    79.100     0.024     0.050     0.038
    79.110     0.020     0.042     0.042
    79.120     0.014     0.037     0.038
    79.130     0.004     0.033     0.024
    79.140    -0.004     0.031     0.011
    79.150    -0.005     0.027     0.003
    79.160    -0.005     0.013    -0.010
    79.170    -0.007    -0.002    -0.014
    79.180    -0.006    -0.020    -0.014
    79.190    -0.008    -0.040    -0.012
    79.200    -0.012    -0.050     0.000
    79.210    -0.004    -0.054     0.008
    79.220     0.002    -0.057     0.014
    79.230     0.015    -0.052     0.017
    79.240     0.030    -0.042     0.015
    79.250     0.030    -0.031     0.015
    79.260     0.027    -0.013     0.015
    79.270     0.023    -0.002     0.015
    79.280     0.021     0.005     0.013
    79.290     0.023     0.016     0.008
    79.300     0.027     0.020     0.001
    79.310     0.028     0.026     0.003
    79.320     0.022     0.033     0.004
    79.330     0.014     0.030     0.010
    79.340     0.007     0.028     0.018
    79.350     0.009     0.022     0.025
    79.360     0.005     0.010     0.029
    79.370     0.008     0.004     0.025
    79.380     0.009    -0.003     0.021
    79.390     0.001    -0.010     0.009
    79.400     0.000    -0.008    -0.005
    79.410    -0.001    -0.009    -0.015
    79.420    -0.005    -0.011    -0.023
    79.430    -0.007    -0.006    -0.020
    79.440    -0.003    -0.006    -0.018
    79.450    -0.004    -0.008    -0.007
    79.460     0.000    -0.002     0.006
    79.470     0.003    -0.002     0.009
    79.480     0.006     0.001     0.014
    79.490     0.009     0.005     0.014
    79.500     0.003     0.005     0.009
    79.510     0.003     0.011     0.010
    79.520     0.003     0.010    -0.002
    79.530    -0.002     0.003    -0.016
    79.540    -0.002     0.003    -0.020
    79.550    -0.006    -0.002    -0.030
    79.560    -0.012    -0.008    -0.033
    79.570    -0.014    -0.002    -0.027
    79.580    -0.016     0.001    -0.022
    79.590    -0.011     0.006    -0.011
    79.600    -0.001     0.010    -0.002
    79.610     0.004     0.006     0.004
    79.620     0.007     0.007     0.011
    79.630     0.007     0.006     0.012
    79.640    -0.002     0.000     0.009
    79.650    -0.010     0.000     0.009
    79.660    -0.010    -0.003     0.007
    79.670    -0.009    -0.006     0.007
    79.680     0.001    -0.003     0.004
    79.690     0.007    -0.002    -0.003
    79.700     0.002     0.000    -0.005
    79.710     0.002     0.007    -0.009
    79.720    -0.003     0.006    -0.011
    79.730    -0.013     0.003    -0.011
    79.740    -0.011     0.001    -0.015
    79.750    -0.008    -0.008    -0.018
    79.760    -0.009    -0.011    -0.023
    79.770    -0.007    -0.016    -0.026
    79.780    -0.010    -0.026    -0.025
    79.790    -0.015    -0.027    -0.021
    79.800    -0.020    -0.031    -0.011
    79.810    -0.020    -0.036    -0.002
    79.820    -0.021    -0.035     0.011
    79.830    -0.024    -0.037     0.025
    79.840    -0.025    -0.039     0.036
    79.850    -0.023    -0.041     0.048
    79.860    -0.008    -0.042     0.048
    79.870     0.003    -0.037     0.041
    79.880     0.003    -0.025     0.035
    79.890     0.001    -0.015     0.029
    79.900    -0.009    -0.015     0.025
    79.910    -0.016    -0.010     0.026
    79.920    -0.019    -0.009     0.018
    79.930    -0.024    -0.008     0.013
    79.940    -0.020     0.001     0.014
    79.950    -0.015     0.000     0.011
    79.960    -0.008    -0.003     0.012
    79.970     0.003    -0.003     0.010
    79.980     0.008    -0.007     0.004
    79.990     0.014    -0.009     0.008
    80.000     0.027    -0.011     0.011
    80.010     0.037    -0.017     0.019
    80.020     0.045    -0.023     0.027
    80.030     0.043    -0.030     0.030
    80.040     0.038    -0.036     0.039
    80.050     0.041    -0.035     0.038
    80.060     0.040    -0.032     0.032
    80.070     0.032    -0.028     0.029
    80.080     0.024    -0.017     0.018
    80.090     0.018    -0.009     0.012
    80.100     0.011    -0.002     0.006
    80.110     0.009     0.013     0.001
    80.120     0.010     0.022     0.004
    80.130     0.009     0.028     0.007
    80.140     0.009     0.036     0.009
    80.150     0.001     0.033     0.010
    80.160     0.001     0.032     0.006
    80.170     0.010     0.025     0.000
    80.180     0.008     0.019    -0.004
    80.190     0.011     0.023    -0.005
    80.200     0.012     0.026    -0.006
    80.210     0.009     0.029     0.002
    80.220     0.013     0.033     0.011
    80.230     0.020     0.031     0.012
    80.240     0.027     0.023     0.021
    80.250     0.028     0.017     0.028
    80.260     0.028     0.015     0.031
    80.270     0.023     0.021     0.034
    80.280     0.017     0.029     0.029
    80.290     0.014     0.035     0.024
    80.300     0.011     0.046     0.019
    80.310     0.017     0.051     0.015
    80.320     0.021     0.049     0.009
    80.330     0.020     0.053     0.002
    80.340     0.018     0.046    -0.002
    80.350     0.011     0.032    -0.011
    80.360     0.009     0.019    -0.018
    80.370     0.004    -0.003    -0.032
    80.380    -0.004    -0.025    -0.044
    80.390    -0.005    -0.037    -0.050
    80.400    -0.008    -0.047    -0.060
    80.410    -0.002    -0.054    -0.059
    80.420     0.005    -0.049    -0.060
    80.430     0.004    -0.039    -0.061
    80.440    -0.001    -0.027    -0.052
    80.450    -0.008    -0.011    -0.047
    80.460    -0.007     0.007    -0.033
    80.470    -0.007     0.023    -0.020
    80.480    -0.006     0.029    -0.013
    80.490    -0.004     0.024     0.000
    80.500     0.000     0.018     0.007
    80.510     0.006     0.009     0.010
    80.520    -0.001    -0.007     0.015
    80.530    -0.005    -0.016     0.021
    80.540    -0.007    -0.026     0.030
    80.550    -0.005    -0.033     0.037
    80.560     0.001    -0.032     0.040
    80.570     0.002    -0.036     0.042
    80.580     0.008    -0.040     0.051
    80.590     0.008    -0.044     0.058
    80.600     0.001    -0.053     0.060
    80.610    -0.005    -0.063     0.063
    80.620    -0.009    -0.071     0.059
    80.630    -0.008    -0.073     0.053
    80.640    -0.003    -0.068     0.048
    80.650     0.005    -0.057     0.033
    80.660     0.006    -0.055     0.018
    80.670     0.002    -0.048     0.006
    80.680    -0.005    -0.036    -0.010
    80.690    -0.017    -0.031    -0.021
    80.700    -0.022    -0.020    -0.025
    80.710    -0.027    -0.018    -0.032
    80.720    -0.026    -0.023    -0.040
    80.730    -0.018    -0.023    -0.052
    80.740    -0.016    -0.024    -0.068
    80.750    -0.013    -0.023    -0.073
    80.760    -0.016    -0.027    -0.072
    80.770    -0.011    -0.032    -0.062
    80.780    -0.006    -0.030    -0.047
    80.790     0.002    -0.022    -0.038
    80.800     0.007    -0.012    -0.026
    80.810    -0.001     0.001    -0.017
    80.820     0.000     0.013    -0.014
    80.830    -0.008     0.021    -0.007
    80.840    -0.010     0.039    -0.005
    80.850    -0.004     0.048    -0.008
    80.860    -0.004     0.051    -0.008
    80.870     0.003     0.064    -0.010
    80.880    -0.010     0.061    -0.017
    80.890    -0.023     0.056    -0.017
    80.900    -0.029     0.054    -0.021
    80.910    -0.039     0.044    -0.030
    80.920    -0.035     0.043    -0.028
    80.930    -0.032     0.043    -0.034
    80.940    -0.030     0.046    -0.039
    80.950    -0.027     0.053    -0.037
    80.960    -0.028     0.057    -0.039
    80.970    -0.025     0.062    -0.035
    80.980    -0.019     0.064    -0.028
    80.990    -0.004     0.064    -0.018
    81.000     0.012     0.061    -0.004
    81.010     0.022     0.062     0.004
    81.020     0.026     0.063     0.013
    81.030     0.023     0.058     0.023
    81.040     0.025     0.055     0.028
    81.050     0.023     0.049     0.029
    81.060     0.019     0.044     0.030
    81.070     0.018     0.042     0.033
    81.080     0.017     0.038     0.031
    81.090     0.017     0.033     0.031
    81.100     0.008     0.032     0.032
    81.110    -0.003     0.025     0.030
    81.120    -0.012     0.013     0.033
    81.130    -0.013     0.001     0.037
    81.140    -0.009    -0.014     0.035
    81.150    -0.004    -0.023     0.029
    81.160     0.004    -0.032     0.016
    81.170     0.009    -0.041     0.009
    81.180     0.007    -0.043     0.007
    81.190     0.008    -0.045     0.000
    81.200     0.012    -0.045    -0.003
    81.210     0.017    -0.033    -0.004
    81.220     0.024    -0.021    -0.009
    81.230     0.030    -0.012    -0.012
    81.240     0.036     0.001    -0.011
    81.250     0.035     0.007    -0.013
    81.260     0.026     0.009    -0.017
    81.270     0.019     0.016    -0.018
    81.280     0.007     0.012    -0.016
    81.290    -0.002     0.009    -0.005
    81.300    -0.008     0.005     0.004
    81.310    -0.016    -0.012     0.007
    81.320    -0.014    -0.020     0.012
    81.330    -0.009    -0.035     0.006
    81.340    -0.008    -0.051    -0.009
    81.350    -0.007    -0.054    -0.016
    81.360    -0.007    -0.060    -0.027
    81.370    -0.009    -0.066    -0.039
    81.380    -0.008    -0.068    -0.042
    81.390    -0.005    -0.068    -0.052
    81.400     0.000    -0.061    -0.058
    81.410     0.008    -0.052    -0.055
    81.420     0.005    -0.043    -0.057
    81.430    -0.007    -0.027    -0.056
    81.440    -0.012    -0.009    -0.056
    81.450    -0.019     0.002    -0.056
    81.460    -0.019     0.015    -0.050
    81.470    -0.014     0.024    -0.046
    81.480    -0.013     0.027    -0.037
    81.490    -0.008     0.033    -0.025
    81.500    -0.006     0.037    -0.016
    81.510    -0.010     0.040    -0.003
    81.520    -0.013     0.043     0.014
    81.530    -0.014     0.042     0.022
    81.540    -0.011     0.043     0.031
    81.550    -0.005     0.045     0.039
    81.560    -0.004     0.037     0.038
    81.570    -0.011     0.025     0.044
    81.580    -0.019     0.017     0.048
    81.590    -0.025     0.004     0.049
    81.600    -0.021    -0.005     0.057
    81.610    -0.004    -0.016     0.060
    81.620     0.008    -0.034     0.066
    81.630     0.014    -0.039     0.071
    81.640     0.018    -0.045     0.069
    81.650     0.011    -0.056     0.076
    81.660     0.007    -0.056     0.080
    81.670     0.009    -0.055     0.071
    81.680     0.005    -0.052     0.071
    81.690     0.009    -0.040     0.066
    81.700     0.013    -0.035     0.056
    81.710     0.010    -0.027     0.049
    81.720     0.013    -0.014     0.037
    81.730     0.016    -0.009     0.027
    81.740     0.018     0.000     0.023
    81.750     0.024     0.010     0.025
    81.760     0.026     0.017     0.028
    81.770     0.025     0.029     0.033
    81.780     0.027     0.036     0.040
    81.790     0.021     0.035     0.041
    81.800     0.018     0.036     0.042
    81.810     0.024     0.033     0.035
    81.820     0.024     0.026     0.027
    81.830     0.026     0.021     0.022
    81.840     0.026     0.012     0.010
    81.850     0.017     0.000    -0.002
    81.860     0.020    -0.004    -0.006
    81.870     0.024    -0.012    -0.015
    81.880     0.021    -0.016    -0.018
    81.890     0.024    -0.016    -0.021
    81.900     0.026    -0.020    -0.028
    81.910     0.026    -0.018    -0.027
    81.920     0.024    -0.012    -0.021
    81.930     0.010    -0.009    -0.017
    81.940    -0.009     0.001    -0.015
    81.950    -0.018     0.015    -0.011
    81.960    -0.026     0.025    -0.012
    81.970    -0.027     0.040    -0.014
    81.980    -0.019     0.054    -0.016
    81.990    -0.014     0.054    -0.020
    82.000    -0.010     0.058    -0.022
    82.010    -0.009     0.057    -0.027
    82.020    -0.015     0.047    -0.034
    82.030    -0.018     0.041    -0.037
    82.040    -0.021     0.031    -0.040
    82.050    -0.022     0.021    -0.041
    82.060    -0.011     0.017    -0.039
    82.070    -0.006     0.005    -0.040
    82.080    -0.005    -0.003    -0.035
    82.090    -0.004    -0.009    -0.032
    82.100    -0.016    -0.014    -0.030
    82.110    -0.030    -0.007    -0.015
    82.120    -0.036     0.001    -0.009
    82.130    -0.033    -0.002     0.002
    82.140    -0.029    -0.003     0.025
    82.150    -0.030    -0.001     0.034
    82.160    -0.026    -0.004     0.036
    82.170    -0.018    -0.008     0.043
    82.180    -0.011    -0.015     0.055
    82.190    -0.009    -0.024     0.061
    82.200     0.000    -0.028     0.062
    82.210     0.009    -0.032     0.060
    82.220     0.011    -0.032     0.057
    82.230     0.019    -0.028     0.053
    82.240     0.022    -0.026     0.041
    82.250     0.020    -0.017     0.038
    82.260     0.021    -0.011     0.035
    82.270     0.018    -0.015     0.029
    82.280     0.017    -0.019     0.034
    82.290     0.012    -0.021     0.035
    82.300     0.003    -0.023     0.028
    82.310     0.000    -0.029     0.026
    82.320    -0.003    -0.025     0.020
    82.330    -0.006    -0.017     0.015
    82.340    -0.006    -0.016     0.009
    82.350    -0.008    -0.018    -0.004
    82.360    -0.013    -0.017    -0.013
    82.370    -0.019    -0.013    -0.018
    82.380    -0.028    -0.012    -0.022
    82.390    -0.037    -0.010    -0.028
    82.400    -0.037    -0.010    -0.033
    82.410    -0.036    -0.008    -0.034
    82.420    -0.031    -0.004    -0.032
    82.430    -0.024     0.001    -0.034
    82.440    -0.019     0.005    -0.031
    82.450    -0.016     0.010    -0.020
    82.460    -0.011     0.020    -0.015
    82.470    -0.012     0.029    -0.008
    82.480    -0.011     0.039    -0.004
    82.490    -0.005     0.048    -0.009
    82.500    -0.007     0.052    -0.009
    82.510     0.000     0.057    -0.014
    82.520     0.007     0.053    -0.021
    82.530     0.004     0.048    -0.025
    82.540     0.005     0.048    -0.029
    82.550    -0.004     0.036    -0.030
    82.560    -0.012     0.028    -0.030
    82.570    -0.011     0.027    -0.030
    82.580    -0.009     0.015    -0.025
    82.590    -0.003     0.007    -0.020
    82.600    -0.001    -0.005    -0.018
    82.610     0.001    -0.018    -0.016
    82.620     0.002    -0.024    -0.009
    82.630     0.006    -0.033    -0.006
    82.640     0.007    -0.038    -0.005
    82.650     0.008    -0.037     0.000
    82.660     0.014    -0.037    -0.001
    82.670     0.013    -0.035    -0.003
    82.680     0.022    -0.024     0.003
    82.690     0.024    -0.019    -0.001
    82.700     0.023    -0.014     0.003
    82.710     0.031     0.000     0.003
    82.720     0.032     0.003    -0.010
    82.730     0.037     0.009    -0.015
    82.740     0.040     0.012    -0.023
    82.750     0.036     0.008    -0.024
    82.760     0.029     0.003    -0.018
    82.770     0.020    -0.007    -0.017
    82.780     0.006    -0.015    -0.005
    82.790    -0.002    -0.017     0.008
    82.800     0.003    -0.013     0.015
    82.810    -0.008    -0.009     0.017
    82.820    -0.014    -0.003     0.022
    82.830    -0.012     0.003     0.028
    82.840    -0.019     0.004     0.034
    82.850    -0.012     0.012     0.045
    82.860    -0.008     0.014     0.047
    82.870    -0.003     0.014     0.055
    82.880     0.007     0.017     0.061
    82.890     0.011     0.016     0.060
    82.900     0.010     0.022     0.064
    82.910     0.005     0.024     0.050
    82.920    -0.002     0.022     0.037
    82.930    -0.002     0.025     0.032
    82.940     0.006     0.025     0.019
    82.950     0.009     0.024     0.007
    82.960     0.012     0.026     0.002
    82.970     0.015     0.025    -0.004
    82.980     0.008     0.021    -0.016
    82.990     0.005     0.019    -0.018
    83.000     0.003     0.018    -0.028
    83.010     0.001     0.019    -0.038
    83.020     0.009     0.019    -0.042
    83.030     0.011     0.014    -0.054
    83.040     0.010     0.016    -0.056
    83.050     0.010     0.021    -0.054
    83.060     0.009     0.024    -0.050
    83.070     0.007     0.027    -0.041
    83.080     0.006     0.028    -0.034
    83.090     0.008     0.026    -0.024
    83.100     0.008     0.020    -0.016
    83.110     0.008     0.007    -0.011
    83.120     0.000    -0.003    -0.006
    83.130    -0.005    -0.012    -0.004
    83.140    -0.005    -0.023    -0.006
    83.150    -0.013    -0.033    -0.009
    83.160    -0.012    -0.038    -0.012
    83.170    -0.010    -0.041    -0.019
    83.180    -0.010    -0.048    -0.028
    83.190    -0.007    -0.052    -0.032
    83.200    -0.010    -0.060    -0.041
    83.210    -0.012    -0.064    -0.045
    83.220    -0.007    -0.060    -0.044
    83.230    -0.008    -0.060    -0.050
    83.240    -0.012    -0.053    -0.047
    83.250    -0.016    -0.042    -0.043
    83.260    -0.024    -0.040    -0.041
    83.270    -0.027    -0.033    -0.036
    83.280    -0.025    -0.027    -0.037
    83.290    -0.024    -0.022    -0.038
    83.300    -0.019    -0.009    -0.041
    83.310    -0.015     0.002    -0.046
    83.320    -0.016     0.006    -0.044
    83.330    -0.019     0.011    -0.044
    83.340    -0.015     0.015    -0.045
    83.350    -0.011     0.017    -0.036
    83.360    -0.007     0.019    -0.028
    83.370     0.004     0.017    -0.017
    83.380     0.001     0.013    -0.002
    83.390     0.004     0.010     0.007
    83.400     0.004     0.005     0.016
    83.410     0.001     0.001     0.031
    83.420     0.007    -0.003     0.044
    83.430     0.000    -0.009     0.057
    83.440     0.000    -0.013     0.071
    83.450     0.005    -0.013     0.076
    83.460     0.009    -0.013     0.076
    83.470     0.016    -0.011     0.077
    83.480     0.013    -0.007     0.075
    83.490     0.007    -0.006     0.074
    83.500     0.001    -0.003     0.074
    83.510    -0.004    -0.001     0.064
    83.520    -0.001    -0.003     0.055
    83.530     0.004    -0.002     0.051
    83.540     0.005    -0.008     0.040
    83.550     0.001    -0.013     0.031
    83.560    -0.004    -0.017     0.027
    83.570    -0.009    -0.026     0.016
    83.580    -0.011    -0.034     0.006
    83.590    -0.012    -0.041     0.000
    83.600    -0.014    -0.051    -0.009
    83.610    -0.016    -0.053    -0.012
    83.620    -0.015    -0.049    -0.015
    83.630    -0.014    -0.050    -0.019
    83.640    -0.013    -0.043    -0.013
    83.650    -0.008    -0.034    -0.015
    83.660    -0.006    -0.029    -0.013
    83.670    -0.005    -0.022    -0.008
    83.680    -0.004    -0.020    -0.009
    83.690    -0.004    -0.021    -0.006
    83.700     0.003    -0.019    -0.004
    83.710     0.011    -0.016    -0.006
    83.720     0.012    -0.015    -0.003
    83.730     0.017    -0.006    -0.004
    83.740     0.019    -0.001    -0.013
    83.750     0.013     0.002    -0.014
    83.760     0.009     0.010    -0.017
    83.770     0.001     0.009    -0.020
    83.780    -0.007     0.010    -0.016
    83.790    -0.009     0.014    -0.017
    83.800    -0.017     0.011    -0.017
    83.810    -0.022     0.009    -0.012
    83.820    -0.018     0.009    -0.004
    83.830    -0.024     0.009     0.003
    83.840    -0.025     0.013     0.009
    83.850    -0.022     0.018     0.006
    83.860    -0.024     0.019     0.003
    83.870    -0.017     0.024     0.002
    83.880    -0.012     0.020    -0.007
    83.890    -0.011     0.012    -0.010
    83.900    -0.007     0.013    -0.011
    83.910    -0.010     0.007    -0.015
    83.920    -0.012     0.000    -0.015
    83.930    -0.010    -0.002    -0.009
    83.940    -0.003    -0.008    -0.005
    83.950     0.003    -0.012     0.002
    83.960     0.009    -0.014     0.005
    83.970     0.009    -0.017     0.002
    83.980     0.001    -0.017     0.001
    83.990    -0.001    -0.017     0.000
    84.000    -0.001    -0.021    -0.007
    84.010     0.002    -0.014    -0.011
    84.020     0.012    -0.007    -0.022
    84.030     0.018    -0.001    -0.033
    84.040     0.023     0.011    -0.028
    84.050     0.022     0.016    -0.029
    84.060     0.014     0.021    -0.024
    84.070     0.008     0.030    -0.008
    84.080     0.003     0.033     0.006
    84.090    -0.003     0.032     0.023
    84.100     0.004     0.030     0.033
    84.110     0.003     0.023     0.037
    84.120    -0.001     0.020     0.037
    84.130     0.003     0.022     0.032
    84.140     0.001     0.020     0.023
    84.150     0.007     0.024     0.020
    84.160     0.018     0.029     0.019
    84.170     0.027     0.028     0.017
    84.180     0.034     0.033     0.023
    84.190     0.034     0.035     0.025
    84.200     0.024     0.037     0.025
    84.210     0.015     0.043     0.025
    84.220     0.006     0.044     0.018
    84.230    -0.003     0.043     0.013
    84.240    -0.001     0.041     0.010
    84.250    -0.002     0.033    -0.002
    84.260    -0.006     0.019    -0.015
    84.270    -0.001     0.009    -0.028
    84.280    -0.001    -0.005    -0.046
    84.290    -0.004    -0.014    -0.058
    84.300    -0.002    -0.018    -0.067
    84.310    -0.003    -0.026    -0.070
    84.320    -0.007    -0.025    -0.065
    84.330    -0.003    -0.024    -0.062
    84.340    -0.002    -0.027    -0.055
    84.350    -0.008    -0.024    -0.042
    84.360    -0.009    -0.028    -0.031
    84.370    -0.013    -0.032    -0.018
    84.380    -0.018    -0.031    -0.003
    84.390    -0.019    -0.037     0.006
    84.400    -0.019    -0.047     0.017
    84.410    -0.017    -0.049     0.026
    84.420    -0.012    -0.050     0.028
    84.430    -0.008    -0.044     0.033
    84.440    -0.003    -0.029     0.035
    84.450     0.005    -0.017     0.031
    84.460     0.018    -0.004     0.033
    84.470     0.029     0.009     0.033
    84.480     0.022     0.012     0.019
    84.490     0.013     0.016     0.012
    84.500     0.010     0.020     0.006
    84.510     0.006     0.017    -0.008
    84.520     0.002     0.018    -0.020
    84.530    -0.006     0.014    -0.035
    84.540    -0.016     0.011    -0.037
    84.550    -0.018     0.018    -0.038
    84.560    -0.017     0.026    -0.045
    84.570    -0.016     0.033    -0.045
    84.580    -0.011     0.040    -0.040
    84.590    -0.009     0.036    -0.037
    84.600    -0.009     0.026    -0.030
    84.610    -0.003     0.016    -0.020
    84.620     0.002     0.002    -0.015
    84.630     0.008    -0.008    -0.005
    84.640     0.011    -0.015     0.003
    84.650     0.015    -0.019     0.004
    84.660     0.015    -0.018     0.010
    84.670     0.013    -0.019     0.007
    84.680     0.014    -0.014     0.001
    84.690     0.011    -0.007    -0.001
    84.700     0.013    -0.004    -0.010
    84.710     0.008     0.002    -0.021
    84.720    -0.004     0.014    -0.026
    84.730    -0.009     0.020    -0.034
    84.740    -0.016     0.019    -0.040
    84.750    -0.014     0.024    -0.038
    84.760    -0.009     0.025    -0.043
    84.770    -0.013     0.022    -0.038
    84.780    -0.015     0.024    -0.037
    84.790    -0.018     0.020    -0.044
    84.800    -0.022     0.020    -0.045
    84.810    -0.017     0.026    -0.055
    84.820    -0.011     0.028    -0.061
    84.830    -0.011     0.033    -0.058
    84.840    -0.008     0.033    -0.056
    84.850    -0.008     0.028    -0.049
    84.860    -0.012     0.028    -0.034
    84.870    -0.013     0.026    -0.018
    84.880    -0.015     0.021    -0.009
    84.890    -0.014     0.020     0.002
    84.900    -0.006     0.016     0.007
    84.910    -0.007     0.007     0.005
    84.920    -0.012     0.001     0.009
    84.930    -0.015    -0.011     0.015
    84.940    -0.017    -0.024     0.022
    84.950    -0.009    -0.034     0.032
    84.960    -0.005    -0.047     0.038
    84.970    -0.006    -0.054     0.045
    84.980    -0.008    -0.057     0.050
    84.990    -0.010    -0.057     0.048
    85.000    -0.016    -0.048     0.047
    85.010    -0.017    -0.036     0.044
    85.020    -0.018    -0.026     0.040
    85.030    -0.022    -0.018     0.045
    85.040    -0.017    -0.010     0.044
    85.050    -0.026    -0.006     0.039
    85.060    -0.029     0.000     0.039
    85.070    -0.028     0.001     0.033
    85.080    -0.030    -0.005     0.027
    85.090    -0.017    -0.006     0.021
    85.100    -0.008    -0.011     0.008
    85.110    -0.001    -0.013     0.001
    85.120     0.006    -0.008     0.000
    85.130     0.005    -0.005    -0.004
    85.140     0.005     0.001     0.002
    85.150     0.007     0.007     0.006
    85.160     0.006     0.002     0.003
    85.170     0.008     0.001     0.008
    85.180     0.012     0.002     0.004
    85.190     0.005    -0.004    -0.007
    85.200     0.000    -0.004    -0.009
    85.210     0.000    -0.001    -0.012
    85.220    -0.001    -0.002    -0.012
    85.230     0.002     0.004    -0.007
    85.240     0.006     0.007    -0.004
    85.250     0.007     0.010     0.001
    85.260     0.010     0.016     0.007
    85.270     0.004     0.014     0.006
    85.280    -0.007     0.017     0.004
    85.290    -0.007     0.023     0.005
    85.300    -0.001     0.024     0.009
    85.310    -0.002     0.030     0.016
    85.320     0.006     0.034     0.019
    85.330     0.012     0.034     0.015
    85.340     0.009     0.037     0.014
    85.350     0.009     0.042     0.009
    85.360     0.003     0.044    -0.004
    85.370     0.000     0.045    -0.012
    85.380    -0.004     0.040    -0.024
    85.390    -0.014     0.031    -0.029
    85.400    -0.019     0.025    -0.026
    85.410    -0.021     0.015    -0.025
    85.420    -0.021     0.002    -0.019
    85.430    -0.018    -0.010    -0.007
    85.440    -0.012    -0.017     0.003
    85.450    -0.009    -0.027     0.005
    85.460    -0.003    -0.034     0.008
    85.470     0.003    -0.041     0.010
    85.480     0.001    -0.051     0.009
    85.490     0.002    -0.055     0.004
    85.500     0.007    -0.061     0.002
    85.510     0.003    -0.063     0.010
    85.520     0.000    -0.058     0.014
    85.530    -0.009    -0.063     0.020
    85.540    -0.018    -0.066     0.033
    85.550    -0.022    -0.070     0.035
    85.560    -0.031    -0.072     0.037
    85.570    -0.030    -0.065     0.042
    85.580    -0.030    -0.065     0.039
    85.590    -0.034    -0.067     0.038
    85.600    -0.038    -0.063     0.040
    85.610    -0.036    -0.063     0.031
    85.620    -0.033    -0.064     0.030
    85.630    -0.031    -0.062     0.028
    85.640    -0.017    -0.059     0.016
    85.650    -0.010    -0.055     0.010
    85.660     0.001    -0.047     0.004
    85.670     0.009    -0.041    -0.005
    85.680     0.008    -0.031    -0.010
    85.690     0.016    -0.023    -0.011
    85.700     0.015    -0.019    -0.012
    85.710     0.018    -0.012    -0.008
    85.720     0.021    -0.009    -0.010
    85.730     0.019    -0.004    -0.019
    85.740     0.025     0.004    -0.020
    85.750     0.024     0.013    -0.027
    85.760     0.023     0.019    -0.033
    85.770     0.024     0.029    -0.032
    85.780     0.016     0.034    -0.037
    85.790     0.008     0.041    -0.035
    85.800     0.006     0.054    -0.033
    85.810     0.006     0.063    -0.032
    85.820     0.013     0.069    -0.028
    85.830     0.019     0.069    -0.025
    85.840     0.019     0.063    -0.019
    85.850     0.018     0.054    -0.014
    85.860     0.017     0.044    -0.005
    85.870     0.012     0.030     0.003
    85.880     0.011     0.021     0.015
    85.890     0.011     0.012     0.022
    85.900     0.008     0.003     0.022
    85.910     0.009    -0.001     0.025
    85.920     0.013    -0.003     0.019
    85.930     0.013    -0.004     0.012
    85.940     0.012    -0.003     0.006
    85.950     0.015     0.000     0.001
    85.960     0.015     0.002     0.004
    85.970     0.014     0.005     0.008
    85.980     0.015     0.002     0.010
    85.990     0.013    -0.003     0.019
    86.000     0.016    -0.004     0.029
    86.010     0.014    -0.009     0.031
    86.020     0.015    -0.009     0.031
    86.030     0.022    -0.009     0.025
    86.040     0.023    -0.014     0.020
    86.050     0.029    -0.006     0.017
    86.060     0.030    -0.003     0.011
    86.070     0.022     0.000     0.013
    86.080     0.020     0.012     0.022
    86.090     0.024     0.015     0.027
    86.100     0.022     0.016     0.036
    86.110     0.024     0.018     0.044
    86.120     0.024     0.016     0.040
    86.130     0.015     0.018     0.041
    86.140     0.013     0.018     0.039
    86.150     0.007     0.012     0.032
    86.160    -0.002     0.005     0.024
    86.170    -0.005    -0.003     0.011
    86.180    -0.013    -0.014    -0.004
    86.190    -0.017    -0.016    -0.014
    86.200    -0.019    -0.011    -0.013
    86.210    -0.021    -0.008    -0.018
    86.220    -0.017     0.004    -0.018
    86.230    -0.010     0.013    -0.012
    86.240    -0.006     0.016    -0.011
    86.250    -0.006     0.020    -0.004
    86.260    -0.003     0.016     0.000
    86.270    -0.002     0.012     0.004
    86.280     0.008     0.010     0.008
    86.290     0.013     0.002     0.005
    86.300     0.011    -0.004     0.003
    86.310     0.021    -0.010     0.005
    86.320     0.020    -0.019     0.005
    86.330     0.012    -0.020     0.004
    86.340     0.011    -0.021     0.005
    86.350     0.012    -0.021     0.003
    86.360     0.006    -0.019     0.006
    86.370     0.008    -0.021     0.001
    86.380     0.005    -0.020    -0.008
    86.390    -0.005    -0.013    -0.013
    86.400    -0.005    -0.011    -0.018
    86.410    -0.012    -0.009    -0.018
    86.420    -0.006    -0.006    -0.022
    86.430     0.001    -0.008    -0.025
    86.440     0.001    -0.005    -0.032
    86.450     0.004     0.002    -0.043
    86.460     0.000     0.001    -0.050
    86.470    -0.004     0.004    -0.059
    86.480    -0.005     0.011    -0.061
    86.490    -0.010     0.009    -0.066
    86.500    -0.013     0.006    -0.064
    86.510    -0.007     0.000    -0.063
    86.520    -0.005    -0.006    -0.064
    86.530     0.001    -0.006    -0.053
    86.540     0.014    -0.007    -0.046
    86.550     0.014    -0.015    -0.034
    86.560     0.011    -0.021    -0.019
    86.570     0.010    -0.022    -0.010
    86.580     0.003    -0.026     0.001
    86.590     0.004    -0.020     0.007
    86.600     0.005    -0.013     0.011
    86.610     0.003    -0.007     0.015
    86.620     0.008     0.007     0.022
    86.630     0.006     0.013     0.025
    86.640     0.002     0.016     0.028
    86.650     0.000     0.018     0.033
    86.660    -0.004     0.015     0.035
    86.670    -0.005     0.009     0.038
    86.680    -0.005     0.002     0.039
    86.690    -0.005    -0.004     0.043
    86.700    -0.009    -0.012     0.043
    86.710    -0.011    -0.020     0.037
    86.720    -0.015    -0.029     0.038
    86.730    -0.018    -0.037     0.033
    86.740    -0.015    -0.040     0.027
    86.750    -0.018    -0.046     0.022
    86.760    -0.018    -0.042     0.016
    86.770    -0.016    -0.039     0.015
    86.780    -0.016    -0.035     0.010
    86.790    -0.013    -0.029     0.010
    86.800    -0.009    -0.028     0.008
    86.810    -0.010    -0.020     0.007
    86.820    -0.007    -0.013     0.014
    86.830    -0.009    -0.011     0.013
    86.840    -0.017    -0.006     0.016
    86.850    -0.016     0.001     0.014
    86.860    -0.019     0.009     0.006
    86.870    -0.022     0.013     0.000
    86.880    -0.023     0.017    -0.013
    86.890    -0.023     0.016    -0.022
    86.900    -0.019     0.016    -0.030
    86.910    -0.012     0.016    -0.040
    86.920    -0.010     0.012    -0.047
    86.930    -0.008     0.018    -0.052
    86.940    -0.003     0.020    -0.056
    86.950    -0.010     0.015    -0.062
    86.960    -0.007     0.017    -0.066
    86.970     0.000     0.015    -0.069
    86.980     0.006     0.014    -0.069
    86.990     0.022     0.018    -0.071
    87.000     0.026     0.016    -0.071
    87.010     0.035     0.019    -0.060
    87.020     0.041     0.021    -0.053
    87.030     0.041     0.015    -0.048
    87.040     0.041     0.018    -0.032
    87.050     0.040     0.019    -0.017
    87.060     0.034     0.020    -0.004
    87.070     0.021     0.026     0.012
    87.080     0.014     0.028     0.022
    87.090     0.006     0.029     0.027
    87.100    -0.004     0.031     0.034
    87.110    -0.010     0.030     0.034
    87.120    -0.017     0.025     0.031
    87.130    -0.020     0.021     0.032
    87.140    -0.025     0.014     0.028
    87.150    -0.029     0.006     0.020
    87.160    -0.028     0.000     0.018
    87.170    -0.031    -0.010     0.017
    87.180    -0.036    -0.015     0.021
    87.190    -0.033    -0.019     0.023
    87.200    -0.033    -0.022     0.019
    87.210    -0.031    -0.017     0.017
    87.220    -0.022    -0.012     0.016
    87.230    -0.020    -0.008     0.012
    87.240    -0.010     0.002     0.010
    87.250     0.002     0.011     0.009
    87.260     0.002     0.018     0.011
    87.270     0.000     0.025     0.012
    87.280    -0.002     0.024     0.005
    87.290    -0.011     0.027    -0.003
    87.300    -0.011     0.031    -0.009
    87.310    -0.008     0.025    -0.020
    87.320    -0.009     0.027    -0.023
    87.330    -0.005     0.027    -0.019
    87.340    -0.010     0.019    -0.022
    87.350    -0.013     0.019    -0.022
    87.360    -0.009     0.012    -0.023
    87.370    -0.010     0.003    -0.032
    87.380    -0.006     0.005    -0.035
    87.390     0.009     0.005    -0.038
    87.400     0.020     0.003    -0.042
    87.410     0.026     0.004    -0.040
    87.420     0.028     0.002    -0.041
    87.430     0.024     0.000    -0.035
    87.440     0.022     0.002    -0.024
    87.450     0.016    -0.001    -0.018
    87.460     0.011    -0.001    -0.008
    87.470     0.015     0.003     0.001
    87.480     0.014     0.000     0.002
    87.490     0.014     0.001     0.010
    87.500     0.013    -0.002     0.016
    87.510     0.014    -0.009     0.016
    87.520     0.014    -0.008     0.016
    87.530     0.006    -0.008     0.008
    87.540     0.004    -0.009     0.003
    87.550     0.001    -0.010    -0.001
    87.560     0.002    -0.007    -0.006
    87.570    -0.002    -0.010    -0.010
    87.580    -0.006    -0.009    -0.015
    87.590     0.001    -0.008    -0.016
    87.600     0.001    -0.016    -0.015
    87.610     0.005    -0.013    -0.015
    87.620     0.006    -0.012    -0.020
    87.630     0.007    -0.004    -0.013
    87.640     0.014     0.010    -0.009
    87.650     0.019     0.012    -0.010
    87.660     0.031     0.019     0.003
    87.670     0.033     0.023     0.005
    87.680     0.028     0.023     0.008
    87.690     0.022     0.026     0.016
    87.700     0.018     0.022     0.014
    87.710     0.012     0.014     0.013
    87.720     0.009     0.005     0.012
    87.730     0.011     0.000     0.006
    87.740     0.008    -0.003     0.002
    87.750     0.013    -0.006     0.010
    87.760     0.013    -0.013     0.007
    87.770     0.011    -0.021     0.008
    87.780     0.018    -0.023     0.020
    87.790     0.022    -0.026     0.021
    87.800     0.026    -0.025     0.028
    87.810     0.024    -0.021     0.033
    87.820     0.017    -0.022     0.029
    87.830     0.009    -0.020     0.034
    87.840     0.001    -0.015     0.035
    87.850    -0.009    -0.020     0.030
    87.860    -0.017    -0.025     0.031
    87.870    -0.013    -0.027     0.031
    87.880    -0.018    -0.032     0.033
    87.890    -0.021    -0.032     0.040
    87.900    -0.017    -0.030     0.042
    87.910    -0.025    -0.032     0.038
    87.920    -0.025    -0.026     0.037
    87.930    -0.022    -0.022     0.030
    87.940    -0.024    -0.015     0.026
    87.950    -0.021    -0.007     0.025
    87.960    -0.018    -0.004     0.019
    87.970    -0.020     0.002     0.017
    87.980    -0.019     0.002     0.013
    87.990    -0.018    -0.004     0.003
    88.000    -0.018    -0.010    -0.002
    88.010    -0.015    -0.016    -0.009
    88.020    -0.015    -0.024    -0.018
    88.030    -0.019    -0.031    -0.016
    88.040    -0.014    -0.031    -0.016
    88.050    -0.010    -0.035    -0.010
    88.060    -0.006    -0.031    -0.003
    88.070     0.000    -0.029    -0.002
    88.080    -0.001    -0.031     0.005
    88.090    -0.003    -0.026     0.010
    88.100    -0.009    -0.025     0.012
    88.110    -0.014    -0.024     0.010
    88.120    -0.011    -0.021     0.002
    88.130    -0.009    -0.020    -0.005
    88.140    -0.006    -0.018    -0.009
    88.150    -0.004    -0.010    -0.016
    88.160    -0.004    -0.006    -0.022
    88.170    -0.012    -0.002    -0.021
    88.180    -0.013     0.008    -0.021
    88.190    -0.011     0.011    -0.019
    88.200    -0.018     0.013    -0.016
    88.210    -0.018     0.020    -0.017
    88.220    -0.018     0.021    -0.018
    88.230    -0.019     0.024    -0.020
    88.240    -0.016     0.026    -0.025
    88.250    -0.018     0.026    -0.025
    88.260    -0.020     0.029    -0.020
    88.270    -0.023     0.031    -0.019
    88.280    -0.026     0.036    -0.011
    88.290    -0.023     0.047     0.000
    88.300    -0.022     0.052     0.005
    88.310    -0.028     0.056     0.015
    88.320    -0.020     0.060     0.023
    88.330    -0.018     0.055     0.020
    88.340    -0.018     0.051     0.021
    88.350    -0.010     0.048     0.022
    88.360    -0.013     0.040     0.018
    88.370    -0.008     0.033     0.020
    88.380    -0.004     0.025     0.014
    88.390    -0.002     0.016     0.012
    88.400     0.003     0.014     0.013
    88.410     0.006     0.009     0.004
    88.420     0.008     0.004     0.004
    88.430     0.006     0.008    -0.003
    88.440     0.009     0.009    -0.007
    88.450     0.010     0.014    -0.003
    88.460     0.015     0.024    -0.004
    88.470     0.019     0.026    -0.001
    88.480     0.010     0.026     0.000
    88.490     0.008     0.026     0.003
    88.500     0.003     0.018     0.000
    88.510     0.001     0.013     0.000
    88.520     0.011     0.013    -0.001
    88.530     0.009     0.004    -0.007
    88.540     0.013     0.005    -0.004
    88.550     0.021     0.006    -0.009
    88.560     0.018     0.003    -0.015
    88.570     0.024     0.006    -0.015
    88.580     0.030     0.003    -0.017
    88.590     0.029     0.001    -0.019
    88.600     0.029     0.004    -0.018
    88.610     0.025     0.010    -0.021
    88.620     0.011     0.015    -0.017
    88.630     0.009     0.020    -0.014
    88.640     0.006     0.014    -0.014
    88.650     0.001     0.011    -0.007
    88.660     0.002     0.008    -0.011
    88.670    -0.003     0.001    -0.015
    88.680    -0.004     0.002    -0.009
    88.690    -0.006    -0.006    -0.007
    88.700    -0.001    -0.016    -0.005
    88.710     0.001    -0.019    -0.003
    88.720     0.004    -0.024     0.000
    88.730     0.007    -0.029     0.006
    88.740     0.004    -0.035     0.014
    88.750     0.009    -0.041     0.014
    88.760     0.005    -0.047     0.012
    88.770     0.005    -0.047     0.011
    88.780     0.007    -0.047     0.007
    88.790     0.002    -0.043     0.007
    88.800     0.004    -0.031     0.009
    88.810     0.002    -0.026     0.009
    88.820    -0.008    -0.018     0.017
    88.830    -0.006    -0.008     0.019
    88.840    -0.009    -0.007     0.018
    88.850    -0.012    -0.003     0.021
    88.860    -0.010     0.000     0.013
    88.870    -0.018    -0.002     0.004
    88.880    -0.015     0.002     0.001
    88.890    -0.016     0.007    -0.008
    88.900    -0.016     0.007    -0.016
    88.910    -0.008     0.011    -0.014
    88.920    -0.002     0.011    -0.018
    88.930     0.004     0.006    -0.015
    88.940     0.006     0.011    -0.010
    88.950     0.004     0.010    -0.018
    88.960    -0.002     0.009    -0.013
    88.970     0.005     0.016    -0.008
    88.980     0.008     0.014    -0.008
    88.990     0.007     0.016    -0.001
    89.000     0.017     0.018     0.002
    89.010     0.013     0.011     0.004
    89.020     0.006     0.012     0.007
    89.030     0.005     0.013     0.011
    89.040    -0.003     0.010     0.011
    89.050    -0.003     0.010     0.009
    89.060    -0.001     0.006     0.004
    89.070    -0.004     0.002    -0.002
    89.080     0.001     0.003    -0.005
    89.090     0.003    -0.001    -0.016
    89.100    -0.001    -0.005    -0.019
    89.110     0.001    -0.005    -0.015
    89.120     0.004    -0.011    -0.014
    89.130     0.003    -0.019    -0.015
    89.140     0.004    -0.020    -0.018
    89.150     0.002    -0.020    -0.022
    89.160    -0.001    -0.014    -0.021
    89.170     0.003    -0.002    -0.018
    89.180    -0.001    -0.002    -0.017
    89.190     0.003     0.000    -0.013
    89.200     0.008     0.001    -0.006
    89.210     0.003    -0.007    -0.006
    89.220     0.003    -0.009    -0.003
    89.230    -0.005    -0.014     0.004
    89.240    -0.008    -0.021     0.012
    89.250    -0.005    -0.019     0.018
    89.260     0.000    -0.021     0.020
    89.270    -0.001    -0.021     0.027
    89.280    -0.001    -0.015     0.033
    89.290     0.006    -0.019     0.031
    89.300     0.005    -0.024     0.036
    89.310     0.009    -0.025     0.032
    89.320     0.010    -0.032     0.021
    89.330     0.004    -0.033     0.011
    89.340     0.003    -0.030     0.003
    89.350    -0.003    -0.028    -0.003
    89.360    -0.003    -0.023    -0.005
    89.370    -0.001    -0.016    -0.002
    89.380    -0.001    -0.011    -0.007
    89.390     0.002    -0.007    -0.007
    89.400     0.003    -0.004    -0.007
    89.410     0.002    -0.005    -0.010
    89.420     0.002     0.000    -0.008
    89.430     0.002     0.001    -0.014
    89.440    -0.005     0.000    -0.015
    89.450    -0.009     0.007    -0.014
    89.460    -0.008     0.005    -0.020
    89.470    -0.006     0.002    -0.018
    89.480     0.003     0.000    -0.019
    89.490     0.002    -0.010    -0.024
    89.500     0.002    -0.016    -0.019
    89.510     0.007    -0.017    -0.017
    89.520     0.003    -0.018    -0.016
    89.530     0.003    -0.018    -0.009
    89.540     0.005    -0.015    -0.008
    89.550    -0.001    -0.013    -0.007
    89.560     0.003    -0.009    -0.004
    89.570     0.007    -0.004    -0.001
    89.580     0.003    -0.004     0.003
    89.590     0.003     0.003     0.006
    89.600     0.001     0.005     0.005
    89.610    -0.010     0.002     0.009
    89.620    -0.011     0.010     0.014
    89.630    -0.008     0.006     0.014
    89.640    -0.011     0.007     0.015
    89.650    -0.011     0.012     0.014
    89.660    -0.015     0.012     0.006
    89.670    -0.018     0.022     0.002
    89.680    -0.010     0.026    -0.002
    89.690    -0.004     0.031    -0.015
    89.700     0.001     0.041    -0.018
    89.710     0.003     0.042    -0.024
    89.720     0.001     0.041    -0.033
    89.730     0.001     0.042    -0.032
    89.740    -0.002     0.037    -0.032
    89.750    -0.006     0.034    -0.027
    89.760    -0.008     0.033    -0.020
    89.770    -0.009     0.032    -0.015
    89.780    -0.011     0.030    -0.003
    89.790    -0.011     0.034     0.010
    89.800    -0.013     0.035     0.017
    89.810    -0.015     0.033     0.026
    89.820    -0.004     0.036     0.036
    89.830     0.001     0.033     0.037
    89.840     0.000     0.025     0.037
    89.850     0.007     0.021     0.037
    89.860     0.008     0.010     0.027
    89.870     0.005     0.006     0.026
    89.880     0.004     0.006     0.021
    89.890    -0.003     0.002     0.011
    89.900    -0.003     0.005     0.012
    89.910     0.003     0.003     0.011
    89.920     0.005     0.006     0.015
    89.930     0.012     0.013     0.016
    89.940     0.010     0.011     0.013
    89.950     0.003     0.007     0.019
    89.960     0.008     0.005     0.024
    89.970     0.006    -0.001     0.028
    89.980     0.007    -0.002     0.034
    89.990     0.014    -0.003     0.035
