#Earthquake Information
#Origin Time(GMT+08): 2026/09/14-06:44:41
#EpicenterLongitude(E): 121.55
#EpicenterLatitude(N): 22.63
#Depth(km): 10.1
#Magnitude(Ml): 4.9

#Station Information
#StationCode: WCHH
#StationName: Changhua City
#StationLongitude(E): 120.558
#StationLatitude(N): 24.080
#InstrumentKind: FBA
#StartTime(GMT+08): 2026/09/14-06:44:30.000
#RecordLength(sec): 90
#SampleRate(Hz): 100
#AmplitudeUnit:  gal. DCoffset(corr)
#AmplitudeMAX. U:    0.797~   -0.733
#AmplitudeMAX. N:    1.515~   -1.498
#AmplitudeMAX. E:    1.417~   -1.285
#DataSequence: Time U(+); N(+); E(+)
#Data: 4F10.3 
     0.000    -0.003    -0.018    -0.031
     0.010     0.011     0.004    -0.015
     0.020     0.003     0.025     0.020
     0.030    -0.006     0.019     0.007
     0.040    -0.008    -0.013    -0.028
     0.050     0.002    -0.030    -0.025
     0.060     0.004    -0.006     0.003
     0.070     0.001     0.000    -0.006
     0.080     0.016    -0.009    -0.012
     0.090     0.015     0.001     0.007
     0.100    -0.002     0.006     0.013
     0.110    -0.006     0.010     0.010
     0.120    -0.002     0.000    -0.006
     0.130     0.001    -0.025    -0.015
     0.140    -0.001    -0.024     0.008
     0.150    -0.004    -0.014     0.020
     0.160     0.001    -0.014     0.009
     0.170     0.007     0.009     0.000
     0.180    -0.001     0.015     0.005
     0.190    -0.003     0.003     0.021
     0.200     0.001     0.008     0.030
     0.210    -0.003     0.007     0.034
     0.220    -0.001     0.006     0.014
     0.230    -0.003     0.000    -0.002
     0.240    -0.003    -0.009    -0.006
     0.250     0.005     0.003     0.007
     0.260    -0.002     0.006     0.031
     0.270    -0.003     0.015     0.012
     0.280    -0.005     0.032     0.000
     0.290    -0.013     0.016     0.005
     0.300    -0.003    -0.003    -0.009
     0.310    -0.006    -0.011    -0.032
     0.320    -0.002    -0.013    -0.037
     0.330     0.002     0.011     0.003
     0.340    -0.001     0.007    -0.011
     0.350     0.001     0.001    -0.045
     0.360     0.000     0.006    -0.008
     0.370     0.011    -0.005    -0.003
     0.380    -0.005    -0.001    -0.015
     0.390    -0.011    -0.018    -0.018
     0.400     0.001    -0.035    -0.022
     0.410     0.015    -0.020    -0.009
     0.420     0.022     0.010     0.006
     0.430    -0.011     0.016     0.021
     0.440    -0.010    -0.014     0.028
     0.450     0.003    -0.025     0.020
     0.460     0.007    -0.018     0.015
     0.470     0.009     0.001     0.028
     0.480     0.003    -0.003     0.006
     0.490     0.016    -0.014     0.002
     0.500     0.007     0.011     0.027
     0.510    -0.004     0.029     0.002
     0.520    -0.012     0.028     0.010
     0.530    -0.009    -0.006     0.017
     0.540     0.010    -0.037     0.009
     0.550     0.001     0.003     0.011
     0.560    -0.008     0.035    -0.015
     0.570    -0.017     0.013     0.002
     0.580    -0.004    -0.017     0.002
     0.590     0.002    -0.023    -0.022
     0.600    -0.014     0.015     0.004
     0.610    -0.009     0.028     0.014
     0.620    -0.004    -0.006     0.000
     0.630     0.007    -0.010    -0.014
     0.640     0.011     0.001    -0.026
     0.650     0.006     0.014    -0.004
     0.660    -0.003     0.019     0.010
     0.670    -0.008    -0.025    -0.020
     0.680    -0.003    -0.038    -0.034
     0.690    -0.006    -0.006    -0.018
     0.700     0.007     0.014     0.028
     0.710    -0.001     0.007     0.025
     0.720    -0.001    -0.027    -0.035
     0.730     0.006    -0.011    -0.006
     0.740     0.001     0.000     0.025
     0.750     0.011    -0.003    -0.004
     0.760     0.002     0.024    -0.015
     0.770     0.002    -0.001    -0.001
     0.780     0.001    -0.011     0.021
     0.790    -0.007     0.002     0.021
     0.800    -0.008    -0.004    -0.002
     0.810     0.003    -0.002     0.001
     0.820     0.011     0.003     0.027
     0.830    -0.003     0.019     0.005
     0.840    -0.002     0.023    -0.021
     0.850    -0.009     0.010    -0.003
     0.860    -0.015    -0.001     0.001
     0.870    -0.012    -0.006    -0.008
     0.880    -0.014    -0.006    -0.015
     0.890    -0.005     0.000    -0.026
     0.900    -0.009    -0.004     0.006
     0.910     0.002    -0.012     0.012
     0.920     0.012    -0.002    -0.023
     0.930    -0.007    -0.003     0.005
     0.940    -0.008    -0.020     0.030
     0.950     0.001    -0.023     0.011
     0.960     0.006     0.004     0.002
     0.970     0.006     0.024     0.002
     0.980     0.000     0.003    -0.009
     0.990     0.000    -0.007     0.014
     1.000     0.000    -0.003     0.020
     1.010     0.005     0.002    -0.008
     1.020     0.000     0.020     0.012
     1.030     0.007     0.008     0.004
     1.040     0.014    -0.003     0.015
     1.050    -0.009     0.006     0.034
     1.060    -0.004     0.007    -0.013
     1.070    -0.005     0.005    -0.019
     1.080    -0.006     0.000     0.002
     1.090     0.003     0.011     0.010
     1.100    -0.006     0.000    -0.008
     1.110     0.001    -0.009    -0.027
     1.120     0.003     0.005    -0.005
     1.130     0.002    -0.004    -0.017
     1.140     0.000     0.007    -0.021
     1.150    -0.004     0.015    -0.002
     1.160    -0.004    -0.002    -0.016
     1.170    -0.008    -0.004    -0.025
     1.180    -0.010    -0.008    -0.004
     1.190    -0.013    -0.029     0.015
     1.200     0.009    -0.021     0.003
     1.210     0.016     0.012    -0.004
     1.220    -0.005     0.009     0.000
     1.230    -0.008    -0.007     0.011
     1.240     0.001    -0.018     0.015
     1.250     0.012    -0.016    -0.029
     1.260     0.009     0.011    -0.023
     1.270    -0.006     0.016     0.028
     1.280    -0.003    -0.013     0.034
     1.290     0.003    -0.016     0.019
     1.300     0.006     0.011     0.003
     1.310     0.002     0.025     0.023
     1.320    -0.002    -0.017     0.029
     1.330     0.011    -0.032     0.004
     1.340     0.009     0.020     0.012
     1.350    -0.005     0.041     0.015
     1.360    -0.004     0.039     0.022
     1.370     0.003    -0.006    -0.008
     1.380     0.003    -0.028    -0.026
     1.390    -0.011     0.024     0.014
     1.400    -0.009     0.019    -0.022
     1.410     0.002     0.001    -0.050
     1.420     0.000     0.020    -0.009
     1.430    -0.005     0.013     0.009
     1.440    -0.006     0.004    -0.007
     1.450    -0.003    -0.017    -0.051
     1.460     0.003    -0.018    -0.031
     1.470    -0.001     0.016     0.027
     1.480    -0.001     0.015     0.008
     1.490     0.010     0.004    -0.020
     1.500    -0.001    -0.026    -0.017
     1.510    -0.005    -0.052    -0.013
     1.520     0.003    -0.012     0.014
     1.530     0.006    -0.001     0.022
     1.540     0.015    -0.006     0.004
     1.550     0.004     0.001     0.032
     1.560    -0.012    -0.038     0.030
     1.570     0.006    -0.047    -0.011
     1.580     0.012    -0.007     0.006
     1.590     0.004     0.011     0.027
     1.600     0.010     0.012     0.028
     1.610     0.009    -0.010     0.006
     1.620     0.012    -0.007    -0.021
     1.630    -0.006     0.027     0.016
     1.640    -0.019     0.019     0.034
     1.650    -0.001     0.019    -0.005
     1.660    -0.003     0.013    -0.017
     1.670    -0.010     0.005    -0.007
     1.680    -0.018     0.030     0.000
     1.690    -0.007     0.006    -0.007
     1.700     0.017     0.002    -0.014
     1.710     0.009     0.040     0.001
     1.720    -0.002     0.058     0.010
     1.730    -0.010     0.036    -0.009
     1.740    -0.012    -0.032    -0.026
     1.750     0.000    -0.031    -0.019
     1.760     0.006     0.010    -0.013
     1.770     0.001    -0.001    -0.013
     1.780     0.003    -0.010     0.005
     1.790     0.007    -0.023     0.011
     1.800     0.008    -0.025    -0.006
     1.810     0.015     0.001    -0.004
     1.820     0.007    -0.020    -0.004
     1.830     0.012    -0.041    -0.012
     1.840     0.011    -0.011     0.022
     1.850    -0.007     0.002     0.014
     1.860     0.008     0.001    -0.012
     1.870     0.001    -0.013     0.010
     1.880    -0.006    -0.024     0.006
     1.890    -0.006    -0.011     0.013
     1.900    -0.006    -0.015     0.012
     1.910     0.013     0.007    -0.014
     1.920    -0.006     0.032    -0.006
     1.930    -0.017     0.014     0.017
     1.940    -0.007     0.004     0.040
     1.950    -0.005    -0.013     0.003
     1.960    -0.006     0.004    -0.020
     1.970    -0.011     0.022     0.011
     1.980     0.004     0.004     0.016
     1.990     0.015     0.015     0.007
     2.000     0.012     0.013    -0.017
     2.010     0.005     0.021    -0.005
     2.020     0.002     0.030     0.017
     2.030     0.001    -0.002     0.003
     2.040    -0.001    -0.005    -0.002
     2.050     0.006     0.005    -0.017
     2.060     0.003     0.022    -0.011
     2.070     0.000     0.024     0.001
     2.080    -0.004    -0.015    -0.012
     2.090     0.004    -0.018    -0.013
     2.100     0.012     0.004     0.014
     2.110     0.000     0.004     0.030
     2.120     0.004    -0.003     0.006
     2.130     0.002    -0.017    -0.001
     2.140     0.002    -0.025     0.010
     2.150     0.008    -0.025    -0.001
     2.160     0.006    -0.008    -0.020
     2.170     0.010     0.003    -0.006
     2.180     0.000    -0.012     0.021
     2.190     0.003    -0.003     0.023
     2.200     0.011     0.008    -0.008
     2.210     0.008    -0.008    -0.023
     2.220     0.008    -0.005     0.014
     2.230     0.001     0.013     0.016
     2.240    -0.003     0.030    -0.008
     2.250    -0.010     0.006    -0.012
     2.260    -0.001    -0.027    -0.014
     2.270     0.014     0.006     0.007
     2.280    -0.009     0.017     0.000
     2.290    -0.024    -0.011    -0.020
     2.300    -0.008    -0.008    -0.004
     2.310     0.000    -0.004     0.012
     2.320    -0.009     0.027     0.033
     2.330    -0.015     0.019     0.007
     2.340    -0.007    -0.035    -0.030
     2.350     0.005    -0.018    -0.008
     2.360     0.003     0.008     0.007
     2.370    -0.005     0.004    -0.008
     2.380     0.009     0.001    -0.010
     2.390     0.007    -0.003     0.026
     2.400    -0.004    -0.010     0.026
     2.410    -0.005    -0.009    -0.016
     2.420     0.005     0.005    -0.023
     2.430     0.014     0.010     0.000
     2.440     0.003     0.002     0.023
     2.450     0.010     0.012     0.034
     2.460     0.007     0.026     0.011
     2.470     0.000     0.013    -0.012
     2.480     0.003    -0.006    -0.006
     2.490     0.004    -0.025     0.001
     2.500     0.021    -0.001     0.009
     2.510     0.007     0.040     0.017
     2.520    -0.011     0.011     0.001
     2.530    -0.005    -0.024    -0.007
     2.540    -0.001    -0.016     0.004
     2.550     0.000     0.010     0.005
     2.560     0.002     0.020    -0.003
     2.570     0.007    -0.014    -0.024
     2.580     0.005    -0.022    -0.017
     2.590     0.001     0.016     0.027
     2.600    -0.003     0.012     0.016
     2.610    -0.007    -0.020    -0.030
     2.620    -0.008    -0.019    -0.002
     2.630    -0.015    -0.024     0.034
     2.640    -0.009    -0.030     0.010
     2.650     0.002    -0.003    -0.001
     2.660     0.004    -0.010    -0.018
     2.670     0.003    -0.026    -0.014
     2.680    -0.004    -0.005     0.018
     2.690    -0.007     0.008     0.000
     2.700     0.002     0.029    -0.013
     2.710     0.000     0.041     0.006
     2.720    -0.014     0.013     0.022
     2.730    -0.009    -0.007     0.013
     2.740    -0.002     0.008    -0.008
     2.750    -0.010     0.046    -0.004
     2.760    -0.016     0.036    -0.001
     2.770    -0.001    -0.013     0.006
     2.780     0.013    -0.013     0.009
     2.790     0.007     0.026     0.015
     2.800     0.003     0.048     0.026
     2.810     0.001     0.009    -0.017
     2.820     0.005    -0.021    -0.014
     2.830     0.004    -0.008     0.033
     2.840    -0.002    -0.009     0.020
     2.850    -0.002    -0.004    -0.008
     2.860    -0.002    -0.010    -0.001
     2.870     0.002    -0.024     0.021
     2.880     0.007    -0.025     0.012
     2.890     0.014    -0.018     0.009
     2.900     0.015    -0.005     0.001
     2.910     0.006    -0.006    -0.008
     2.920    -0.001     0.009     0.006
     2.930    -0.001    -0.001    -0.005
     2.940     0.003    -0.014    -0.006
     2.950     0.003     0.013    -0.002
     2.960    -0.008     0.005     0.006
     2.970    -0.011    -0.011     0.020
     2.980     0.004    -0.002    -0.013
     2.990     0.005     0.023    -0.042
     3.000    -0.003     0.037    -0.008
     3.010    -0.006     0.008     0.014
     3.020    -0.001    -0.019    -0.023
     3.030     0.000    -0.003    -0.038
     3.040    -0.003     0.014    -0.014
     3.050    -0.004     0.011    -0.002
     3.060    -0.006    -0.004    -0.007
     3.070     0.000    -0.010    -0.011
     3.080     0.004     0.014     0.002
     3.090    -0.005     0.026     0.019
     3.100     0.002     0.009    -0.004
     3.110     0.013    -0.010    -0.031
     3.120     0.006    -0.010    -0.014
     3.130    -0.001     0.004     0.027
     3.140    -0.006    -0.027     0.029
     3.150     0.001    -0.041     0.002
     3.160     0.005     0.005     0.015
     3.170    -0.007     0.017     0.028
     3.180    -0.004     0.008     0.009
     3.190    -0.005    -0.005    -0.016
     3.200     0.001    -0.009    -0.021
     3.210     0.007     0.016     0.010
     3.220    -0.003     0.009     0.021
     3.230     0.000    -0.011     0.013
     3.240     0.006    -0.023     0.014
     3.250     0.003    -0.023    -0.002
     3.260     0.001     0.017    -0.005
     3.270    -0.002     0.039     0.013
     3.280    -0.008    -0.006    -0.011
     3.290    -0.001    -0.036    -0.018
     3.300     0.001    -0.019     0.005
     3.310     0.009     0.010     0.006
     3.320     0.011     0.039     0.002
     3.330    -0.003     0.013    -0.009
     3.340     0.000    -0.018     0.002
     3.350     0.001    -0.006     0.023
     3.360     0.003     0.014     0.014
     3.370     0.001     0.032     0.007
     3.380    -0.007     0.001     0.009
     3.390    -0.002    -0.018     0.004
     3.400     0.003     0.005    -0.001
     3.410    -0.008     0.003    -0.007
     3.420    -0.011     0.000    -0.005
     3.430     0.006     0.001     0.004
     3.440     0.002    -0.004     0.003
     3.450    -0.006     0.013    -0.005
     3.460    -0.012     0.010    -0.016
     3.470    -0.008    -0.020    -0.032
     3.480     0.002    -0.018    -0.007
     3.490    -0.003    -0.003     0.014
     3.500     0.007     0.004    -0.022
     3.510     0.004    -0.008    -0.029
     3.520     0.011    -0.019    -0.002
     3.530     0.008    -0.015     0.000
     3.540    -0.006    -0.011    -0.001
     3.550     0.014     0.011    -0.006
     3.560     0.003    -0.011    -0.010
     3.570     0.005    -0.032     0.000
     3.580     0.000     0.003     0.029
     3.590    -0.011    -0.006     0.027
     3.600     0.022    -0.014    -0.006
     3.610     0.020     0.010     0.025
     3.620     0.007     0.013     0.052
     3.630    -0.001     0.011     0.027
     3.640    -0.004     0.005     0.011
     3.650    -0.005    -0.008     0.002
     3.660    -0.010    -0.005     0.001
     3.670     0.007     0.003     0.013
     3.680     0.011     0.016     0.035
     3.690     0.005     0.022     0.024
     3.700     0.003     0.021     0.005
     3.710    -0.002     0.019    -0.017
     3.720    -0.008     0.009    -0.016
     3.730    -0.014     0.001     0.012
     3.740    -0.002    -0.018    -0.051
     3.750     0.000    -0.016    -0.060
     3.760    -0.016     0.000     0.009
     3.770    -0.013    -0.012     0.006
     3.780    -0.007    -0.022    -0.010
     3.790     0.001    -0.044    -0.037
     3.800     0.009    -0.022    -0.032
     3.810     0.003     0.041     0.008
     3.820     0.003     0.035     0.005
     3.830     0.004    -0.015    -0.020
     3.840     0.015    -0.045    -0.034
     3.850     0.008    -0.014     0.003
     3.860    -0.007     0.013     0.036
     3.870     0.003    -0.009     0.026
     3.880     0.014    -0.009     0.006
     3.890     0.021     0.009     0.012
     3.900     0.006     0.019     0.038
     3.910     0.004     0.009     0.018
     3.920     0.008    -0.009     0.002
     3.930    -0.001    -0.004     0.015
     3.940     0.007     0.018     0.014
     3.950    -0.006     0.021     0.011
     3.960    -0.004    -0.017     0.004
     3.970     0.009    -0.022     0.006
     3.980     0.003     0.021     0.018
     3.990    -0.004     0.055     0.037
     4.000    -0.018     0.034     0.016
     4.010    -0.014    -0.024    -0.037
     4.020    -0.006    -0.034    -0.044
     4.030     0.001    -0.016    -0.012
     4.040     0.011    -0.005    -0.001
     4.050     0.019     0.000    -0.019
     4.060     0.022     0.007     0.002
     4.070     0.008     0.019     0.038
     4.080    -0.009     0.025     0.014
     4.090    -0.018     0.009    -0.026
     4.100    -0.009    -0.034    -0.042
     4.110    -0.001    -0.037    -0.021
     4.120     0.004    -0.006     0.015
     4.130     0.011     0.006     0.007
     4.140     0.011    -0.012    -0.016
     4.150     0.014    -0.014    -0.004
     4.160     0.007     0.010     0.000
     4.170    -0.005     0.010    -0.010
     4.180    -0.009     0.002     0.007
     4.190    -0.003    -0.018     0.012
     4.200     0.002    -0.020     0.006
     4.210    -0.010     0.019     0.003
     4.220    -0.016     0.021    -0.012
     4.230    -0.009    -0.001     0.011
     4.240     0.003    -0.009     0.026
     4.250     0.007    -0.011    -0.013
     4.260     0.003    -0.004    -0.020
     4.270     0.012     0.012     0.017
     4.280     0.008     0.026     0.033
     4.290    -0.006     0.034     0.007
     4.300    -0.009     0.009    -0.009
     4.310    -0.008    -0.029    -0.009
     4.320     0.005    -0.023    -0.020
     4.330     0.009     0.010    -0.017
     4.340     0.011     0.037     0.000
     4.350     0.012     0.032     0.020
     4.360     0.002     0.001     0.023
     4.370    -0.003    -0.010     0.015
     4.380    -0.007     0.010     0.007
     4.390     0.001     0.014    -0.016
     4.400     0.005    -0.010    -0.015
     4.410     0.005    -0.039    -0.006
     4.420     0.015    -0.029     0.000
     4.430     0.007     0.014     0.012
     4.440    -0.008     0.022     0.016
     4.450    -0.017    -0.009    -0.007
     4.460    -0.005    -0.037    -0.035
     4.470     0.001    -0.013     0.002
     4.480    -0.008     0.018     0.018
     4.490    -0.004     0.003    -0.028
     4.500     0.003    -0.026    -0.039
     4.510     0.017    -0.038    -0.001
     4.520     0.008     0.008     0.018
     4.530    -0.002     0.051    -0.007
     4.540    -0.008     0.028    -0.024
     4.550    -0.015    -0.018    -0.019
     4.560    -0.005    -0.016     0.001
     4.570    -0.008     0.031     0.015
     4.580    -0.013     0.040     0.004
     4.590    -0.024     0.010     0.004
     4.600    -0.019    -0.031     0.001
     4.610     0.006    -0.036    -0.009
     4.620     0.012     0.020     0.001
     4.630     0.007     0.057     0.037
     4.640    -0.011     0.029     0.044
     4.650    -0.016    -0.025     0.008
     4.660    -0.003    -0.036    -0.007
     4.670     0.011     0.006     0.000
     4.680     0.013     0.038     0.015
     4.690     0.005     0.018     0.002
     4.700     0.008    -0.005    -0.021
     4.710     0.003     0.006     0.014
     4.720     0.000     0.001     0.015
     4.730     0.013    -0.014    -0.019
     4.740     0.013    -0.016    -0.017
     4.750     0.000    -0.011     0.014
     4.760    -0.003     0.006     0.022
     4.770     0.002     0.006    -0.026
     4.780     0.002    -0.007    -0.040
     4.790    -0.004    -0.012     0.006
     4.800    -0.008    -0.009     0.028
     4.810     0.005     0.006    -0.007
     4.820     0.004     0.002    -0.028
     4.830    -0.002     0.003     0.009
     4.840     0.002     0.022     0.029
     4.850    -0.005     0.014    -0.005
     4.860    -0.003    -0.018    -0.035
     4.870    -0.006    -0.019    -0.009
     4.880    -0.009    -0.013     0.019
     4.890     0.003    -0.011     0.013
     4.900     0.009    -0.007    -0.001
     4.910     0.010    -0.007    -0.006
     4.920    -0.005     0.015     0.012
     4.930    -0.013     0.000     0.002
     4.940    -0.003    -0.012    -0.026
     4.950     0.001     0.015     0.000
     4.960     0.004     0.010    -0.002
     4.970     0.005     0.006    -0.022
     4.980    -0.009     0.002     0.004
     4.990    -0.009    -0.016    -0.007
     5.000     0.007     0.001    -0.034
     5.010     0.003     0.032    -0.017
     5.020    -0.015     0.029     0.024
     5.030    -0.017    -0.005     0.023
     5.040    -0.001    -0.036    -0.021
     5.050     0.008    -0.018    -0.025
     5.060     0.001     0.019     0.023
     5.070     0.000     0.036     0.035
     5.080     0.003     0.025    -0.007
     5.090    -0.007    -0.012    -0.017
     5.100    -0.005    -0.034    -0.012
     5.110     0.003    -0.012     0.002
     5.120     0.000     0.021     0.025
     5.130     0.006     0.019     0.019
     5.140     0.013     0.000    -0.004
     5.150     0.010    -0.013    -0.030
     5.160    -0.002    -0.011    -0.004
     5.170    -0.004    -0.008     0.025
     5.180     0.007    -0.012     0.005
     5.190    -0.001    -0.006     0.011
     5.200     0.003    -0.019     0.012
     5.210     0.008    -0.020    -0.013
     5.220    -0.004     0.002    -0.006
     5.230    -0.006     0.002    -0.007
     5.240     0.001    -0.015    -0.023
     5.250     0.010    -0.020    -0.012
     5.260     0.003    -0.011     0.011
     5.270     0.002    -0.010     0.016
     5.280     0.012     0.000    -0.009
     5.290     0.001     0.017    -0.011
     5.300    -0.009    -0.010     0.003
     5.310     0.003    -0.034    -0.025
     5.320     0.010     0.010    -0.025
     5.330    -0.005     0.050     0.003
     5.340    -0.009     0.026    -0.012
     5.350    -0.001    -0.005    -0.012
     5.360    -0.010    -0.003     0.014
     5.370    -0.013     0.011     0.003
     5.380    -0.013     0.029    -0.015
     5.390    -0.016     0.005    -0.005
     5.400    -0.001    -0.028     0.001
     5.410     0.012    -0.008    -0.002
     5.420     0.006     0.023     0.004
     5.430    -0.010     0.022     0.010
     5.440    -0.010    -0.003     0.004
     5.450     0.007    -0.014    -0.014
     5.460     0.003    -0.010    -0.011
     5.470     0.000    -0.009     0.005
     5.480     0.014    -0.004     0.011
     5.490     0.012     0.003     0.007
     5.500    -0.003     0.009    -0.002
     5.510    -0.009    -0.010    -0.015
     5.520     0.008    -0.038    -0.032
     5.530     0.012    -0.024    -0.009
     5.540    -0.002     0.013     0.025
     5.550     0.006     0.012    -0.002
     5.560     0.006    -0.021    -0.020
     5.570     0.001    -0.020     0.016
     5.580     0.009     0.007     0.019
     5.590     0.004     0.014    -0.015
     5.600    -0.001     0.004    -0.015
     5.610     0.002    -0.005     0.017
     5.620    -0.003     0.000     0.031
     5.630    -0.004     0.001    -0.014
     5.640     0.003    -0.007    -0.023
     5.650     0.007    -0.019     0.010
     5.660     0.008    -0.001     0.000
     5.670     0.002     0.054     0.004
     5.680     0.002     0.050     0.000
     5.690     0.003     0.002    -0.010
     5.700    -0.005    -0.018     0.016
     5.710     0.000    -0.016     0.000
     5.720     0.004     0.014    -0.016
     5.730     0.004     0.029    -0.005
     5.740     0.004     0.013     0.004
     5.750     0.003    -0.005     0.016
     5.760    -0.003    -0.031    -0.004
     5.770    -0.009    -0.014    -0.006
     5.780    -0.002     0.011     0.002
     5.790    -0.004    -0.016    -0.039
     5.800     0.004    -0.015    -0.040
     5.810     0.006     0.006     0.017
     5.820    -0.007    -0.009     0.033
     5.830    -0.002    -0.004     0.009
     5.840    -0.012    -0.001     0.006
     5.850    -0.008    -0.017     0.004
     5.860     0.006    -0.013    -0.009
     5.870     0.005    -0.006    -0.012
     5.880     0.015     0.023     0.006
     5.890    -0.003     0.036     0.049
     5.900    -0.008    -0.009     0.019
     5.910     0.009    -0.023    -0.025
     5.920     0.010    -0.001     0.010
     5.930     0.006     0.011     0.022
     5.940    -0.002     0.019     0.003
     5.950     0.010     0.004    -0.012
     5.960     0.012    -0.003     0.002
     5.970     0.011     0.007     0.004
     5.980     0.015     0.002    -0.027
     5.990     0.012     0.000    -0.014
     6.000     0.016     0.014    -0.013
     6.010     0.003     0.023    -0.013
     6.020    -0.010     0.012     0.013
     6.030    -0.002    -0.015    -0.005
     6.040     0.006    -0.007    -0.012
     6.050    -0.002     0.032     0.001
     6.060    -0.010     0.026    -0.016
     6.070    -0.002    -0.003    -0.019
     6.080     0.004    -0.019    -0.009
     6.090     0.000    -0.016    -0.009
     6.100    -0.007     0.015     0.024
     6.110    -0.014     0.003     0.031
     6.120    -0.012    -0.022     0.004
     6.130     0.003    -0.013    -0.007
     6.140     0.008    -0.027    -0.029
     6.150     0.005    -0.012     0.018
     6.160     0.001     0.009     0.059
     6.170    -0.002    -0.015     0.006
     6.180    -0.001    -0.013    -0.015
     6.190     0.005    -0.014    -0.005
     6.200     0.011    -0.008     0.011
     6.210     0.005     0.010     0.016
     6.220    -0.004     0.008    -0.015
     6.230    -0.006     0.022    -0.012
     6.240     0.000     0.018    -0.017
     6.250     0.003     0.014    -0.027
     6.260    -0.002     0.010     0.007
     6.270     0.004    -0.017     0.011
     6.280     0.014     0.005     0.013
     6.290     0.006     0.031     0.013
     6.300    -0.001     0.010    -0.014
     6.310     0.004    -0.004    -0.007
     6.320     0.009     0.006     0.002
     6.330     0.007     0.021     0.000
     6.340    -0.001     0.010     0.004
     6.350     0.002     0.001    -0.001
     6.360     0.013     0.012     0.006
     6.370     0.005     0.000     0.006
     6.380     0.003    -0.014    -0.021
     6.390     0.002    -0.006    -0.014
     6.400    -0.012    -0.014     0.006
     6.410     0.003    -0.009     0.004
     6.420    -0.001     0.003     0.019
     6.430    -0.014    -0.024     0.021
     6.440    -0.004    -0.032     0.003
     6.450    -0.009    -0.016    -0.005
     6.460    -0.010    -0.006    -0.010
     6.470    -0.004    -0.009    -0.008
     6.480     0.004    -0.010     0.008
     6.490     0.000     0.005     0.013
     6.500    -0.013     0.007    -0.001
     6.510    -0.014     0.002    -0.009
     6.520    -0.015    -0.007    -0.016
     6.530    -0.008    -0.021    -0.015
     6.540     0.007    -0.012     0.000
     6.550     0.012     0.011    -0.015
     6.560     0.006     0.029    -0.005
     6.570     0.002     0.010     0.007
     6.580     0.017    -0.006    -0.019
     6.590     0.011     0.023     0.001
     6.600    -0.002     0.020     0.002
     6.610     0.000     0.012     0.007
     6.620    -0.002     0.008     0.023
     6.630     0.004    -0.001    -0.012
     6.640     0.005     0.023    -0.005
     6.650     0.011     0.022     0.009
     6.660     0.009     0.010     0.001
     6.670    -0.004     0.000     0.002
     6.680    -0.005    -0.002     0.009
     6.690    -0.008     0.007     0.007
     6.700     0.000    -0.001    -0.001
     6.710    -0.005     0.004     0.010
     6.720    -0.005    -0.012     0.010
     6.730     0.000    -0.039     0.000
     6.740     0.006    -0.027     0.000
     6.750     0.005     0.005     0.026
     6.760    -0.018     0.017     0.019
     6.770    -0.013    -0.009    -0.012
     6.780    -0.002    -0.034    -0.009
     6.790     0.000    -0.032    -0.021
     6.800    -0.001     0.017    -0.001
     6.810    -0.005     0.044     0.049
     6.820     0.004    -0.001     0.025
     6.830     0.002    -0.028    -0.032
     6.840    -0.004    -0.010    -0.043
     6.850    -0.001     0.003    -0.015
     6.860     0.000    -0.001     0.011
     6.870    -0.002     0.007     0.010
     6.880     0.007     0.016     0.004
     6.890     0.003     0.002     0.010
     6.900    -0.002     0.002     0.009
     6.910     0.005     0.006     0.001
     6.920     0.003    -0.018    -0.016
     6.930     0.013    -0.022    -0.009
     6.940     0.009     0.010     0.024
     6.950    -0.004     0.015     0.021
     6.960    -0.002     0.007    -0.008
     6.970    -0.010     0.004    -0.011
     6.980    -0.006    -0.022     0.010
     6.990     0.007    -0.005    -0.005
     7.000    -0.002     0.026    -0.029
     7.010    -0.016     0.023     0.004
     7.020    -0.017     0.010     0.039
     7.030    -0.012    -0.019     0.001
     7.040    -0.009    -0.009    -0.020
     7.050    -0.005     0.008     0.031
     7.060     0.002     0.001     0.041
     7.070    -0.004     0.009    -0.006
     7.080    -0.008    -0.008    -0.047
     7.090     0.003    -0.026    -0.035
     7.100     0.008    -0.026     0.009
     7.110     0.017    -0.015     0.007
     7.120     0.016     0.029     0.002
     7.130     0.001     0.049     0.012
     7.140    -0.006     0.023     0.017
     7.150    -0.005    -0.010     0.011
     7.160     0.005    -0.041    -0.025
     7.170     0.003    -0.017    -0.026
     7.180    -0.002     0.013     0.008
     7.190     0.007    -0.019     0.020
     7.200     0.014    -0.013     0.026
     7.210     0.011     0.024     0.018
     7.220    -0.007     0.040     0.014
     7.230    -0.017     0.008    -0.004
     7.240    -0.005    -0.044    -0.035
     7.250    -0.002    -0.019     0.004
     7.260     0.001     0.034     0.039
     7.270     0.002     0.033    -0.003
     7.280    -0.008    -0.012    -0.007
     7.290    -0.007    -0.044     0.025
     7.300    -0.004    -0.015     0.003
     7.310    -0.011     0.034    -0.005
     7.320    -0.006     0.031    -0.009
     7.330     0.002    -0.014    -0.023
     7.340    -0.002    -0.038    -0.020
     7.350     0.010    -0.012    -0.023
     7.360     0.017     0.032    -0.001
     7.370     0.008     0.026    -0.005
     7.380    -0.001    -0.005    -0.012
     7.390    -0.001    -0.019    -0.007
     7.400     0.000    -0.025    -0.012
     7.410    -0.007     0.001     0.008
     7.420     0.002    -0.001     0.010
     7.430     0.003    -0.032     0.003
     7.440     0.002    -0.018     0.010
     7.450     0.000     0.018     0.008
     7.460    -0.007     0.021    -0.015
     7.470    -0.006    -0.011    -0.008
     7.480    -0.004    -0.016     0.010
     7.490     0.011     0.036    -0.004
     7.500    -0.009     0.053     0.007
     7.510    -0.019     0.009     0.019
     7.520     0.006    -0.023     0.011
     7.530     0.008    -0.005    -0.001
     7.540    -0.003     0.051    -0.017
     7.550    -0.011     0.035    -0.013
     7.560    -0.003    -0.040     0.005
     7.570     0.015    -0.054    -0.005
     7.580     0.024     0.004    -0.018
     7.590     0.010     0.074     0.006
     7.600    -0.008     0.033     0.014
     7.610    -0.005    -0.063    -0.012
     7.620     0.001    -0.067    -0.042
     7.630     0.004    -0.015    -0.020
     7.640     0.004     0.017     0.039
     7.650     0.016     0.001     0.016
     7.660     0.004    -0.009    -0.008
     7.670    -0.021    -0.010     0.021
     7.680    -0.011    -0.033    -0.007
     7.690    -0.005    -0.020    -0.033
     7.700    -0.004     0.004    -0.001
     7.710     0.000     0.013     0.029
     7.720     0.013     0.023     0.035
     7.730     0.013     0.026     0.024
     7.740     0.000     0.021     0.006
     7.750    -0.005     0.015     0.001
     7.760    -0.018     0.023     0.003
     7.770    -0.010     0.021    -0.025
     7.780    -0.005    -0.007    -0.034
     7.790    -0.006    -0.014    -0.001
     7.800     0.006     0.006     0.026
     7.810     0.007     0.021     0.009
     7.820     0.012     0.040    -0.026
     7.830     0.001     0.021    -0.019
     7.840     0.002    -0.034    -0.015
     7.850     0.008    -0.030    -0.008
     7.860    -0.002     0.009    -0.003
     7.870    -0.006     0.024    -0.002
     7.880    -0.004    -0.003     0.004
     7.890     0.010    -0.032    -0.016
     7.900     0.005    -0.020     0.007
     7.910    -0.001    -0.015     0.024
     7.920     0.001    -0.004     0.014
     7.930     0.001     0.002     0.022
     7.940     0.004    -0.034    -0.012
     7.950     0.007    -0.038    -0.013
     7.960     0.018     0.001     0.011
     7.970     0.001     0.024     0.000
     7.980    -0.008     0.016     0.021
     7.990     0.005     0.004     0.023
     8.000     0.004     0.003    -0.004
     8.010    -0.006     0.008     0.006
     8.020    -0.017     0.018     0.005
     8.030    -0.005     0.014    -0.007
     8.040     0.001     0.003    -0.023
     8.050    -0.003    -0.015    -0.033
     8.060     0.006    -0.007     0.005
     8.070     0.011     0.029     0.014
     8.080     0.003     0.039    -0.003
     8.090    -0.009     0.027    -0.003
     8.100    -0.001     0.001    -0.013
     8.110     0.020    -0.004    -0.006
     8.120     0.014     0.002    -0.005
     8.130    -0.005    -0.001    -0.019
     8.140    -0.005     0.008     0.001
     8.150     0.002    -0.001     0.026
     8.160     0.000    -0.006     0.000
     8.170    -0.010     0.004    -0.031
     8.180    -0.002    -0.013     0.001
     8.190     0.009    -0.038     0.033
     8.200     0.003    -0.027    -0.005
     8.210     0.005     0.020    -0.028
     8.220    -0.007     0.029     0.003
     8.230    -0.014    -0.040     0.031
     8.240     0.002    -0.078     0.001
     8.250     0.007    -0.023    -0.025
     8.260     0.000     0.042     0.039
     8.270     0.009     0.026     0.043
     8.280     0.017    -0.017    -0.002
     8.290    -0.006    -0.023     0.002
     8.300    -0.010    -0.026    -0.011
     8.310     0.015     0.006     0.011
     8.320     0.024     0.029    -0.003
     8.330     0.002     0.021    -0.034
     8.340    -0.011     0.038     0.016
     8.350     0.004     0.009     0.022
     8.360     0.006    -0.020    -0.020
     8.370     0.006     0.006    -0.031
     8.380     0.005     0.023    -0.012
     8.390    -0.008     0.035     0.055
     8.400    -0.025     0.024     0.048
     8.410    -0.007    -0.028    -0.058
     8.420     0.010    -0.035    -0.056
     8.430     0.002     0.010    -0.030
     8.440     0.020     0.052    -0.029
     8.450     0.002     0.044     0.003
     8.460    -0.014    -0.036     0.014
     8.470    -0.008    -0.079     0.037
     8.480    -0.010    -0.033    -0.018
     8.490    -0.002     0.039    -0.026
     8.500     0.004     0.023     0.023
     8.510     0.026    -0.056    -0.041
     8.520     0.018    -0.043    -0.020
     8.530    -0.004    -0.001     0.035
     8.540    -0.005     0.004     0.013
     8.550    -0.008     0.011     0.004
     8.560    -0.004     0.025     0.007
     8.570    -0.003     0.034     0.023
     8.580     0.003    -0.009     0.002
     8.590    -0.001    -0.061    -0.024
     8.600     0.001    -0.035    -0.016
     8.610     0.016     0.026     0.008
     8.620     0.019     0.074     0.039
     8.630    -0.004     0.054     0.030
     8.640    -0.036    -0.028    -0.001
     8.650    -0.013    -0.036    -0.030
     8.660     0.018    -0.010    -0.023
     8.670     0.014     0.018     0.009
     8.680     0.008     0.051     0.011
     8.690    -0.005     0.016     0.001
     8.700    -0.008    -0.021    -0.048
     8.710    -0.014    -0.030    -0.083
     8.720    -0.001    -0.009    -0.019
     8.730     0.029     0.019     0.042
     8.740     0.013     0.008     0.038
     8.750    -0.017     0.015     0.010
     8.760    -0.027    -0.020    -0.062
     8.770     0.002    -0.058    -0.091
     8.780     0.019    -0.015    -0.032
     8.790    -0.002     0.016     0.010
     8.800    -0.004     0.017     0.031
     8.810     0.002    -0.030     0.012
     8.820     0.010    -0.045    -0.011
     8.830     0.007     0.021     0.035
     8.840    -0.011     0.028     0.053
     8.850    -0.008    -0.014     0.009
     8.860     0.005    -0.052    -0.004
     8.870     0.003    -0.040     0.016
     8.880     0.010     0.033     0.041
     8.890     0.023     0.052     0.052
     8.900     0.009     0.003     0.016
     8.910    -0.019    -0.017    -0.006
     8.920    -0.032     0.038    -0.011
     8.930    -0.020     0.067    -0.017
     8.940    -0.001     0.020    -0.012
     8.950     0.009    -0.042    -0.049
     8.960     0.022    -0.038    -0.026
     8.970     0.005     0.037     0.032
     8.980    -0.019     0.058    -0.005
     8.990    -0.013     0.027    -0.055
     9.000    -0.012    -0.027    -0.061
     9.010    -0.012    -0.054    -0.043
     9.020    -0.002    -0.015    -0.028
     9.030     0.023    -0.004    -0.030
     9.040     0.039     0.004    -0.008
     9.050     0.023     0.020     0.034
     9.060     0.011     0.019     0.023
     9.070    -0.014    -0.010    -0.008
     9.080    -0.041    -0.045    -0.005
     9.090    -0.022    -0.040     0.007
     9.100     0.005    -0.018     0.028
     9.110     0.022     0.003     0.022
     9.120     0.018     0.022     0.028
     9.130    -0.006     0.019     0.035
     9.140    -0.009    -0.028     0.007
     9.150    -0.009    -0.050    -0.018
     9.160     0.005    -0.015    -0.026
     9.170     0.014     0.036     0.020
     9.180    -0.006     0.043     0.054
     9.190    -0.015     0.008     0.028
     9.200    -0.015    -0.004    -0.008
     9.210    -0.011    -0.017    -0.018
     9.220    -0.011    -0.019    -0.028
     9.230     0.009     0.016    -0.036
     9.240     0.013     0.036     0.012
     9.250    -0.001     0.018     0.020
     9.260     0.021     0.011    -0.023
     9.270     0.012     0.020    -0.030
     9.280    -0.015     0.013    -0.013
     9.290    -0.016     0.001     0.006
     9.300     0.010    -0.016    -0.009
     9.310     0.025     0.001    -0.019
     9.320     0.002     0.006    -0.005
     9.330     0.000     0.003     0.009
     9.340     0.007     0.011     0.010
     9.350     0.007    -0.028    -0.010
     9.360     0.002    -0.019     0.002
     9.370    -0.009    -0.010     0.007
     9.380    -0.013    -0.039    -0.011
     9.390    -0.003    -0.024    -0.003
     9.400     0.022    -0.018    -0.002
     9.410     0.026     0.000     0.011
     9.420     0.009     0.026     0.047
     9.430    -0.007     0.011     0.019
     9.440    -0.016    -0.008    -0.023
     9.450    -0.026    -0.016    -0.011
     9.460    -0.023    -0.025     0.005
     9.470     0.001    -0.002     0.015
     9.480    -0.001     0.019     0.028
     9.490     0.002    -0.001     0.005
     9.500     0.020    -0.001    -0.018
     9.510     0.017     0.022    -0.001
     9.520     0.013     0.030     0.007
     9.530     0.000     0.034     0.020
     9.540    -0.004     0.032     0.017
     9.550    -0.006     0.009     0.000
     9.560    -0.013    -0.002    -0.002
     9.570     0.003     0.005    -0.037
     9.580     0.000     0.001    -0.018
     9.590    -0.012     0.002     0.029
     9.600     0.002     0.005    -0.002
     9.610    -0.004     0.023    -0.038
     9.620    -0.011     0.011    -0.039
     9.630     0.003    -0.034    -0.019
     9.640     0.012    -0.030    -0.005
     9.650     0.011     0.005    -0.003
     9.660    -0.004     0.012     0.013
     9.670    -0.002    -0.015     0.005
     9.680     0.009    -0.019     0.001
     9.690     0.002    -0.018     0.016
     9.700     0.000    -0.016     0.006
     9.710    -0.002    -0.001     0.007
     9.720     0.002    -0.011     0.007
     9.730     0.011    -0.012     0.000
     9.740     0.015     0.013     0.018
     9.750     0.024     0.022     0.022
     9.760     0.011    -0.004     0.001
     9.770     0.003     0.001     0.004
     9.780     0.000     0.028     0.022
     9.790    -0.005    -0.006     0.003
     9.800     0.004    -0.030    -0.006
     9.810     0.006    -0.009     0.007
     9.820    -0.007     0.026     0.010
     9.830    -0.019     0.033     0.018
     9.840    -0.008    -0.005    -0.008
     9.850     0.011    -0.010    -0.032
     9.860     0.001     0.013    -0.010
     9.870    -0.014     0.040     0.015
     9.880    -0.027     0.039     0.015
     9.890    -0.029    -0.006    -0.022
     9.900    -0.020    -0.006    -0.022
     9.910    -0.015    -0.003    -0.011
     9.920     0.002    -0.008    -0.030
     9.930     0.007     0.029     0.004
     9.940    -0.002     0.025     0.016
     9.950    -0.003     0.006    -0.007
     9.960     0.000     0.006     0.000
     9.970     0.007    -0.023    -0.014
     9.980     0.001    -0.026    -0.016
     9.990    -0.002    -0.011     0.016
    10.000     0.010    -0.015     0.021
    10.010     0.013    -0.010     0.012
    10.020     0.015    -0.009     0.014
    10.030     0.012    -0.010     0.024
    10.040     0.004    -0.028     0.030
    10.050     0.018    -0.024     0.004
    10.060     0.020     0.011    -0.018
    10.070     0.003     0.012     0.020
    10.080     0.004     0.012     0.047
    10.090     0.001     0.005     0.011
    10.100    -0.010    -0.007     0.000
    10.110    -0.013     0.018     0.009
    10.120    -0.011     0.017    -0.007
    10.130    -0.004     0.010    -0.031
    10.140     0.002     0.012    -0.036
    10.150    -0.003     0.029     0.000
    10.160    -0.014     0.027     0.008
    10.170    -0.008    -0.018    -0.024
    10.180    -0.003    -0.010    -0.030
    10.190    -0.015     0.013    -0.010
    10.200    -0.015    -0.008     0.002
    10.210     0.002    -0.023    -0.013
    10.220     0.017    -0.013    -0.016
    10.230     0.020     0.022    -0.006
    10.240     0.005     0.043     0.023
    10.250    -0.008     0.005     0.036
    10.260     0.001    -0.032     0.003
    10.270     0.001    -0.015    -0.007
    10.280    -0.003     0.008     0.014
    10.290     0.007    -0.002     0.025
    10.300     0.018    -0.021     0.000
    10.310     0.012    -0.012     0.000
    10.320     0.002     0.007     0.022
    10.330     0.009    -0.002     0.004
    10.340     0.010    -0.003     0.004
    10.350     0.000     0.010     0.015
    10.360    -0.004     0.026     0.005
    10.370    -0.003     0.025     0.001
    10.380     0.004    -0.006    -0.001
    10.390     0.012     0.007    -0.005
    10.400     0.000     0.037     0.009
    10.410    -0.015     0.035     0.007
    10.420    -0.007     0.018    -0.009
    10.430    -0.010    -0.018    -0.022
    10.440    -0.006    -0.013    -0.024
    10.450    -0.004     0.013     0.015
    10.460    -0.003    -0.007    -0.007
    10.470     0.011    -0.021    -0.055
    10.480    -0.002    -0.016    -0.016
    10.490     0.000    -0.012     0.016
    10.500     0.012     0.016     0.009
    10.510    -0.004     0.011    -0.014
    10.520    -0.011    -0.026    -0.029
    10.530    -0.013    -0.032    -0.004
    10.540    -0.009    -0.040     0.016
    10.550     0.013    -0.016     0.014
    10.560     0.019     0.001    -0.005
    10.570     0.017    -0.004    -0.002
    10.580     0.011     0.019     0.031
    10.590    -0.002    -0.009     0.016
    10.600    -0.008    -0.023    -0.022
    10.610    -0.007    -0.006    -0.016
    10.620     0.006    -0.003     0.003
    10.630     0.011     0.045     0.035
    10.640    -0.005     0.055     0.037
    10.650    -0.009     0.022    -0.007
    10.660    -0.004    -0.005    -0.006
    10.670     0.004    -0.023     0.002
    10.680     0.012     0.019    -0.003
    10.690     0.002     0.052     0.030
    10.700    -0.007     0.006     0.015
    10.710     0.001    -0.027    -0.023
    10.720     0.013    -0.017    -0.016
    10.730     0.014     0.010    -0.016
    10.740    -0.001     0.031    -0.002
    10.750     0.001     0.006     0.011
    10.760     0.009    -0.030    -0.031
    10.770     0.002    -0.032    -0.044
    10.780    -0.007    -0.006    -0.010
    10.790    -0.003     0.002    -0.002
    10.800     0.008    -0.014    -0.002
    10.810    -0.001    -0.023    -0.011
    10.820    -0.007    -0.017    -0.003
    10.830    -0.007    -0.005     0.029
    10.840     0.001    -0.009     0.010
    10.850     0.002     0.001     0.002
    10.860    -0.005     0.007     0.010
    10.870    -0.001     0.007    -0.003
    10.880    -0.011     0.009    -0.012
    10.890    -0.004     0.009    -0.019
    10.900     0.007     0.007     0.017
    10.910     0.010    -0.007     0.033
    10.920     0.017     0.005     0.006
    10.930     0.005     0.024    -0.017
    10.940    -0.001     0.008    -0.021
    10.950     0.000    -0.008     0.027
    10.960     0.012    -0.008     0.035
    10.970     0.018    -0.007    -0.033
    10.980     0.006     0.017    -0.017
    10.990    -0.012     0.008     0.050
    11.000    -0.012    -0.048     0.009
    11.010     0.010    -0.031    -0.019
    11.020     0.010     0.010     0.015
    11.030     0.009     0.009     0.027
    11.040     0.005    -0.004     0.034
    11.050     0.006    -0.016    -0.008
    11.060     0.002    -0.001    -0.036
    11.070    -0.017     0.008     0.000
    11.080    -0.003    -0.014    -0.012
    11.090     0.012    -0.011    -0.013
    11.100     0.006     0.018     0.022
    11.110     0.000     0.039     0.000
    11.120    -0.007     0.020    -0.036
    11.130    -0.005    -0.044    -0.046
    11.140     0.014    -0.027    -0.019
    11.150     0.012     0.050     0.020
    11.160    -0.008     0.063     0.022
    11.170    -0.018     0.004    -0.003
    11.180    -0.003    -0.073    -0.028
    11.190     0.018    -0.039    -0.010
    11.200     0.013     0.033     0.003
    11.210     0.000     0.026     0.003
    11.220    -0.001    -0.022    -0.005
    11.230     0.010    -0.046     0.000
    11.240     0.001     0.000     0.036
    11.250    -0.007     0.023     0.013
    11.260    -0.001     0.006     0.006
    11.270     0.000    -0.011     0.021
    11.280     0.008    -0.027     0.000
    11.290     0.008     0.013     0.010
    11.300     0.001     0.037     0.023
    11.310    -0.014    -0.010     0.008
    11.320    -0.005    -0.043    -0.019
    11.330     0.003    -0.017    -0.008
    11.340    -0.008     0.025     0.021
    11.350    -0.002     0.034     0.004
    11.360    -0.004     0.004    -0.007
    11.370     0.005    -0.023     0.008
    11.380     0.007    -0.014     0.010
    11.390    -0.008    -0.005    -0.014
    11.400     0.000    -0.005    -0.037
    11.410     0.006    -0.019    -0.016
    11.420     0.013    -0.011     0.001
    11.430     0.007     0.028    -0.016
    11.440    -0.006     0.017    -0.021
    11.450    -0.004    -0.004    -0.006
    11.460    -0.008    -0.014    -0.004
    11.470     0.010    -0.013    -0.020
    11.480     0.009     0.015    -0.002
    11.490    -0.009     0.017     0.022
    11.500    -0.001     0.019     0.002
    11.510    -0.006     0.002    -0.037
    11.520     0.002    -0.019    -0.044
    11.530     0.003     0.018     0.025
    11.540    -0.002     0.008     0.042
    11.550     0.006     0.001    -0.002
    11.560    -0.012     0.019     0.019
    11.570    -0.008    -0.015     0.029
    11.580     0.007    -0.023     0.008
    11.590     0.008    -0.009    -0.017
    11.600     0.012     0.016    -0.013
    11.610    -0.008     0.024     0.038
    11.620    -0.011    -0.026     0.027
    11.630     0.004    -0.046    -0.039
    11.640     0.005    -0.007    -0.036
    11.650    -0.006     0.031     0.034
    11.660    -0.006     0.020     0.041
    11.670     0.000    -0.037    -0.020
    11.680    -0.007    -0.043    -0.021
    11.690     0.007     0.017     0.025
    11.700     0.002     0.022     0.009
    11.710    -0.011    -0.021    -0.039
    11.720    -0.003    -0.039    -0.034
    11.730    -0.001    -0.030    -0.015
    11.740     0.009     0.015     0.010
    11.750     0.014     0.045     0.021
    11.760     0.010     0.028    -0.003
    11.770    -0.004     0.010    -0.007
    11.780    -0.017    -0.016    -0.008
    11.790    -0.006    -0.020    -0.014
    11.800     0.009     0.004    -0.020
    11.810     0.002     0.008     0.006
    11.820    -0.003     0.013     0.029
    11.830     0.008     0.016     0.002
    11.840     0.002     0.022    -0.011
    11.850    -0.009     0.033     0.004
    11.860    -0.008     0.010     0.008
    11.870    -0.003    -0.008    -0.006
    11.880    -0.005    -0.007     0.018
    11.890    -0.008    -0.009     0.030
    11.900    -0.005     0.002     0.002
    11.910    -0.007     0.004    -0.012
    11.920     0.001    -0.011    -0.013
    11.930     0.000    -0.003     0.015
    11.940    -0.003     0.023     0.020
    11.950    -0.001     0.015    -0.007
    11.960    -0.004    -0.012    -0.017
    11.970     0.013    -0.012    -0.015
    11.980     0.016     0.004    -0.004
    11.990     0.006    -0.006     0.002
    12.000     0.003    -0.019     0.005
    12.010    -0.002    -0.011     0.000
    12.020     0.004    -0.002     0.006
    12.030     0.000    -0.001     0.015
    12.040    -0.004    -0.022     0.005
    12.050     0.010    -0.033    -0.011
    12.060     0.017     0.000    -0.006
    12.070     0.011     0.020     0.021
    12.080     0.004     0.012     0.011
    12.090     0.004     0.005     0.006
    12.100    -0.002    -0.012    -0.006
    12.110    -0.001    -0.017    -0.039
    12.120     0.002     0.016     0.007
    12.130    -0.004     0.030     0.045
    12.140    -0.006     0.019    -0.002
    12.150     0.000     0.005    -0.038
    12.160     0.003    -0.003    -0.007
    12.170     0.000     0.009     0.023
    12.180     0.000     0.019    -0.001
    12.190     0.002     0.029    -0.030
    12.200     0.007     0.031     0.001
    12.210     0.001     0.015     0.039
    12.220    -0.012    -0.011     0.005
    12.230    -0.010    -0.021    -0.024
    12.240    -0.009     0.000    -0.010
    12.250    -0.002     0.004    -0.007
    12.260     0.003    -0.011    -0.003
    12.270     0.011    -0.020     0.014
    12.280     0.015    -0.014    -0.007
    12.290     0.001     0.014    -0.021
    12.300    -0.002     0.017     0.010
    12.310     0.001    -0.028     0.002
    12.320     0.000    -0.043    -0.003
    12.330     0.008    -0.006     0.009
    12.340     0.009     0.013     0.013
    12.350     0.004     0.013     0.019
    12.360     0.010     0.019     0.006
    12.370     0.001     0.016     0.016
    12.380    -0.003    -0.005     0.020
    12.390     0.004    -0.011    -0.004
    12.400     0.007    -0.009     0.013
    12.410     0.010    -0.006     0.031
    12.420     0.000     0.013    -0.007
    12.430     0.004     0.013    -0.023
    12.440    -0.001    -0.002     0.019
    12.450    -0.005    -0.009     0.020
    12.460     0.002     0.010    -0.020
    12.470    -0.001     0.039    -0.026
    12.480     0.000     0.037    -0.005
    12.490    -0.008     0.026     0.001
    12.500     0.000     0.012    -0.019
    12.510    -0.009    -0.009    -0.028
    12.520    -0.013    -0.017    -0.042
    12.530     0.003    -0.007    -0.024
    12.540     0.000    -0.010     0.016
    12.550     0.005    -0.009    -0.008
    12.560    -0.003     0.005    -0.010
    12.570     0.002    -0.001     0.000
    12.580     0.010    -0.019    -0.011
    12.590     0.004    -0.022    -0.005
    12.600     0.004     0.000    -0.002
    12.610    -0.003     0.010     0.030
    12.620     0.002     0.000     0.035
    12.630    -0.003    -0.014     0.016
    12.640    -0.008    -0.028     0.044
    12.650     0.006    -0.020     0.030
    12.660     0.011    -0.002    -0.012
    12.670     0.011     0.011    -0.015
    12.680     0.001     0.027     0.025
    12.690    -0.011     0.010     0.034
    12.700     0.001    -0.016    -0.026
    12.710     0.010    -0.014    -0.020
    12.720     0.017    -0.007     0.015
    12.730     0.003     0.024     0.012
    12.740    -0.013     0.043     0.002
    12.750    -0.006     0.012    -0.031
    12.760    -0.013    -0.013    -0.037
    12.770     0.000     0.000    -0.014
    12.780     0.002     0.009     0.009
    12.790    -0.001     0.012    -0.005
    12.800     0.015     0.028    -0.024
    12.810     0.008     0.030    -0.016
    12.820     0.009     0.019    -0.010
    12.830    -0.006     0.002     0.010
    12.840    -0.008    -0.023    -0.008
    12.850     0.003    -0.037    -0.015
    12.860    -0.012    -0.023     0.012
    12.870    -0.004    -0.007     0.007
    12.880    -0.005    -0.024     0.025
    12.890     0.001    -0.031     0.015
    12.900     0.008    -0.001     0.000
    12.910    -0.004     0.005     0.029
    12.920     0.007    -0.012     0.025
    12.930     0.010    -0.020     0.010
    12.940     0.018     0.002     0.016
    12.950     0.011     0.021     0.026
    12.960    -0.014    -0.004     0.020
    12.970    -0.005    -0.007     0.003
    12.980     0.006    -0.006    -0.007
    12.990     0.011     0.008    -0.002
    13.000     0.003     0.049     0.007
    13.010    -0.005     0.037    -0.014
    13.020    -0.005     0.015    -0.022
    13.030    -0.009    -0.012    -0.021
    13.040     0.010    -0.008    -0.020
    13.050     0.010     0.027     0.000
    13.060     0.001    -0.013    -0.009
    13.070     0.007    -0.021    -0.023
    13.080     0.007     0.004    -0.020
    13.090     0.005     0.019    -0.008
    13.100    -0.006     0.020     0.025
    13.110     0.001    -0.042     0.002
    13.120     0.014    -0.051    -0.011
    13.130     0.003     0.001     0.029
    13.140     0.000     0.009     0.009
    13.150     0.000    -0.002     0.000
    13.160     0.007    -0.011     0.031
    13.170     0.009    -0.005     0.019
    13.180    -0.009     0.015     0.005
    13.190    -0.007     0.000     0.011
    13.200     0.011    -0.022     0.000
    13.210     0.008     0.002     0.004
    13.220    -0.007     0.042     0.033
    13.230    -0.008     0.033     0.024
    13.240     0.001    -0.016    -0.007
    13.250    -0.005    -0.023     0.009
    13.260     0.001     0.003     0.016
    13.270     0.009     0.034    -0.015
    13.280    -0.002     0.044     0.000
    13.290    -0.009    -0.002     0.009
    13.300    -0.008    -0.034    -0.026
    13.310     0.001    -0.017    -0.033
    13.320     0.007     0.006    -0.012
    13.330     0.005     0.010     0.014
    13.340     0.018    -0.009     0.004
    13.350     0.015     0.002    -0.006
    13.360    -0.004     0.011     0.014
    13.370    -0.002    -0.020    -0.007
    13.380     0.008    -0.034    -0.024
    13.390     0.013    -0.025     0.012
    13.400     0.007     0.000     0.027
    13.410     0.003     0.027     0.019
    13.420     0.008     0.004     0.005
    13.430     0.015    -0.024    -0.004
    13.440     0.013    -0.002     0.020
    13.450     0.006     0.024     0.009
    13.460     0.004     0.032     0.001
    13.470    -0.019     0.009     0.023
    13.480    -0.022    -0.028     0.016
    13.490    -0.002    -0.015    -0.002
    13.500    -0.002     0.009    -0.031
    13.510     0.003     0.033     0.005
    13.520    -0.003     0.036     0.031
    13.530    -0.003     0.002    -0.015
    13.540     0.008    -0.003    -0.021
    13.550     0.002     0.002    -0.007
    13.560     0.002     0.019     0.010
    13.570     0.001     0.009    -0.009
    13.580     0.003    -0.015    -0.028
    13.590     0.006     0.018     0.012
    13.600    -0.009     0.002     0.004
    13.610    -0.002    -0.037    -0.019
    13.620     0.011    -0.032    -0.002
    13.630    -0.005    -0.030     0.017
    13.640    -0.006     0.019     0.042
    13.650    -0.003     0.025     0.021
    13.660     0.005    -0.017    -0.037
    13.670     0.017    -0.011     0.001
    13.680     0.003    -0.019     0.041
    13.690     0.007    -0.001    -0.009
    13.700    -0.004     0.032     0.012
    13.710    -0.016    -0.009     0.027
    13.720    -0.005    -0.033     0.000
    13.730    -0.009     0.004     0.017
    13.740     0.002     0.030    -0.007
    13.750    -0.006     0.034    -0.017
    13.760    -0.016     0.020    -0.009
    13.770    -0.003    -0.002    -0.022
    13.780     0.004    -0.014    -0.020
    13.790     0.007    -0.019    -0.022
    13.800     0.001    -0.002     0.009
    13.810     0.002     0.006     0.019
    13.820     0.005    -0.007    -0.016
    13.830     0.006     0.013    -0.012
    13.840    -0.004     0.014    -0.009
    13.850     0.004    -0.030    -0.030
    13.860     0.020    -0.024    -0.013
    13.870     0.003     0.006     0.017
    13.880     0.003     0.019     0.022
    13.890     0.010     0.011    -0.006
    13.900     0.005    -0.030    -0.023
    13.910    -0.003    -0.024     0.019
    13.920    -0.002     0.011     0.031
    13.930     0.008     0.027     0.000
    13.940    -0.002     0.027     0.006
    13.950    -0.004    -0.026     0.011
    13.960    -0.001    -0.033     0.013
    13.970    -0.013     0.001     0.018
    13.980    -0.018    -0.006     0.003
    13.990    -0.008    -0.013     0.018
    14.000    -0.002    -0.019     0.016
    14.010    -0.008     0.006     0.003
    14.020    -0.006     0.029     0.022
    14.030    -0.006    -0.009    -0.012
    14.040    -0.003    -0.010    -0.023
    14.050     0.004     0.013     0.023
    14.060     0.007    -0.005     0.000
    14.070     0.001     0.019    -0.019
    14.080    -0.021     0.020     0.011
    14.090    -0.009    -0.025    -0.014
    14.100    -0.003    -0.026    -0.044
    14.110    -0.004    -0.007    -0.028
    14.120     0.010     0.023     0.007
    14.130     0.004     0.010     0.014
    14.140     0.013    -0.018    -0.029
    14.150     0.009     0.003    -0.021
    14.160     0.007     0.020    -0.010
    14.170     0.011     0.032     0.004
    14.180    -0.013    -0.002     0.012
    14.190     0.002    -0.048    -0.041
    14.200     0.006    -0.016    -0.017
    14.210    -0.003     0.019     0.015
    14.220     0.007     0.017     0.017
    14.230     0.007    -0.014     0.014
    14.240     0.020    -0.034    -0.008
    14.250     0.018     0.025     0.031
    14.260     0.004     0.043     0.054
    14.270     0.005     0.002     0.013
    14.280     0.006    -0.019    -0.020
    14.290    -0.001    -0.033     0.010
    14.300    -0.004    -0.015     0.018
    14.310    -0.002    -0.002    -0.011
    14.320    -0.007     0.000    -0.003
    14.330    -0.007     0.005     0.015
    14.340    -0.009    -0.021     0.003
    14.350     0.003    -0.019    -0.023
    14.360     0.001     0.007    -0.009
    14.370    -0.015     0.016     0.021
    14.380    -0.009     0.031     0.014
    14.390    -0.012     0.004    -0.023
    14.400    -0.014    -0.035    -0.024
    14.410    -0.001    -0.016    -0.007
    14.420     0.000     0.011     0.011
    14.430    -0.012     0.019     0.031
    14.440    -0.001    -0.008    -0.004
    14.450     0.020    -0.018    -0.025
    14.460     0.009     0.013     0.008
    14.470    -0.007     0.009     0.022
    14.480     0.000     0.009    -0.014
    14.490     0.005     0.003    -0.010
    14.500     0.009    -0.019     0.010
    14.510     0.023     0.004    -0.010
    14.520     0.010     0.028     0.000
    14.530    -0.002     0.003    -0.002
    14.540    -0.003    -0.033    -0.016
    14.550     0.008    -0.018    -0.010
    14.560     0.018     0.048     0.011
    14.570    -0.006     0.042     0.029
    14.580    -0.006    -0.032    -0.008
    14.590     0.008    -0.045    -0.030
    14.600     0.000    -0.013     0.002
    14.610    -0.008     0.036     0.015
    14.620    -0.007     0.057     0.003
    14.630    -0.001     0.000    -0.005
    14.640     0.000    -0.041    -0.009
    14.650    -0.004    -0.026     0.003
    14.660     0.002     0.019     0.013
    14.670     0.007     0.033     0.021
    14.680     0.009    -0.015     0.018
    14.690     0.011    -0.032     0.001
    14.700     0.001    -0.022     0.013
    14.710    -0.013    -0.018     0.021
    14.720     0.000    -0.008     0.001
    14.730     0.008    -0.019     0.011
    14.740    -0.009    -0.037     0.020
    14.750    -0.003    -0.024    -0.002
    14.760     0.013     0.017    -0.010
    14.770     0.010     0.029     0.001
    14.780     0.003     0.016    -0.016
    14.790    -0.006    -0.006    -0.026
    14.800     0.001    -0.008     0.015
    14.810     0.007     0.015     0.027
    14.820     0.000     0.008    -0.015
    14.830    -0.007     0.010    -0.039
    14.840    -0.011    -0.004    -0.004
    14.850     0.000    -0.009    -0.014
    14.860     0.008     0.024    -0.050
    14.870    -0.004     0.030    -0.008
    14.880     0.000     0.033     0.022
    14.890     0.000     0.029     0.009
    14.900    -0.011     0.000    -0.034
    14.910    -0.003    -0.023    -0.015
    14.920     0.011    -0.023     0.044
    14.930     0.022     0.004     0.024
    14.940     0.014     0.047     0.007
    14.950    -0.006     0.029    -0.006
    14.960    -0.013    -0.044     0.004
    14.970     0.003    -0.061     0.027
    14.980     0.022    -0.019     0.011
    14.990     0.005     0.031     0.028
    15.000     0.003     0.020     0.044
    15.010     0.020    -0.028     0.020
    15.020     0.005    -0.028    -0.010
    15.030    -0.007     0.003    -0.006
    15.040     0.002     0.006     0.017
    15.050     0.006    -0.019     0.001
    15.060    -0.013    -0.036    -0.024
    15.070    -0.007    -0.008    -0.008
    15.080     0.007     0.024     0.005
    15.090    -0.008     0.006    -0.025
    15.100    -0.017     0.004    -0.027
    15.110    -0.021     0.000    -0.001
    15.120    -0.008    -0.022     0.000
    15.130     0.000     0.010    -0.009
    15.140    -0.002     0.016    -0.031
    15.150     0.000     0.010    -0.006
    15.160    -0.008     0.017     0.027
    15.170     0.003    -0.001    -0.024
    15.180     0.006     0.007    -0.055
    15.190     0.002     0.021     0.002
    15.200     0.001     0.007     0.039
    15.210     0.005    -0.007     0.010
    15.220     0.011     0.018    -0.008
    15.230     0.009     0.019    -0.001
    15.240     0.013    -0.014     0.018
    15.250     0.008    -0.032     0.029
    15.260     0.010    -0.010    -0.003
    15.270     0.003     0.039    -0.007
    15.280    -0.002     0.028     0.015
    15.290     0.013    -0.004     0.005
    15.300     0.006    -0.032    -0.015
    15.310     0.005    -0.021    -0.012
    15.320     0.009     0.025     0.025
    15.330     0.000    -0.011     0.003
    15.340    -0.003    -0.042    -0.026
    15.350    -0.009    -0.034     0.018
    15.360    -0.005    -0.027     0.023
    15.370     0.004     0.010     0.004
    15.380    -0.004     0.017    -0.013
    15.390    -0.008    -0.004    -0.005
    15.400    -0.001     0.011     0.020
    15.410    -0.004     0.010    -0.001
    15.420    -0.008    -0.003    -0.006
    15.430    -0.001    -0.015    -0.014
    15.440     0.005    -0.008    -0.003
    15.450     0.003     0.043     0.003
    15.460     0.008     0.030    -0.032
    15.470     0.008     0.020     0.014
    15.480    -0.008     0.019     0.022
    15.490    -0.009    -0.010    -0.014
    15.500    -0.010     0.005     0.001
    15.510    -0.006    -0.005    -0.006
    15.520     0.003     0.003     0.025
    15.530     0.006     0.025     0.016
    15.540     0.002     0.009    -0.026
    15.550    -0.005     0.009     0.006
    15.560     0.015    -0.028    -0.001
    15.570     0.024    -0.022    -0.023
    15.580     0.015     0.037    -0.001
    15.590     0.002     0.019     0.019
    15.600    -0.003    -0.019     0.021
    15.610     0.001    -0.027    -0.016
    15.620    -0.016    -0.025    -0.020
    15.630    -0.008    -0.016     0.020
    15.640     0.001    -0.013     0.018
    15.650    -0.005     0.000     0.004
    15.660     0.003     0.012    -0.002
    15.670    -0.003     0.004    -0.007
    15.680     0.006     0.014    -0.006
    15.690    -0.004     0.006    -0.013
    15.700    -0.015    -0.026    -0.016
    15.710     0.006    -0.005     0.009
    15.720     0.000     0.010     0.012
    15.730     0.009     0.018     0.006
    15.740     0.000     0.034     0.017
    15.750    -0.017     0.022    -0.005
    15.760    -0.013     0.021     0.011
    15.770    -0.017    -0.014    -0.006
    15.780     0.006    -0.022    -0.018
    15.790     0.016     0.012     0.029
    15.800     0.023     0.005    -0.006
    15.810     0.004     0.010     0.013
    15.820    -0.016    -0.011     0.029
    15.830     0.005    -0.039    -0.007
    15.840    -0.003    -0.025    -0.008
    15.850     0.002     0.000    -0.021
    15.860     0.005     0.026     0.003
    15.870    -0.014    -0.010    -0.003
    15.880    -0.012    -0.022    -0.032
    15.890     0.001     0.009    -0.019
    15.900     0.004     0.001    -0.007
    15.910     0.004     0.010     0.012
    15.920     0.008     0.019     0.007
    15.930    -0.002     0.011    -0.015
    15.940    -0.011    -0.012    -0.015
    15.950    -0.015    -0.038    -0.009
    15.960     0.003    -0.010    -0.010
    15.970     0.018     0.030     0.007
    15.980    -0.002     0.043     0.015
    15.990     0.000     0.026    -0.009
    16.000     0.004    -0.011    -0.004
    16.010     0.006    -0.017     0.028
    16.020     0.005     0.006     0.021
    16.030    -0.013     0.016     0.024
    16.040    -0.006    -0.006     0.014
    16.050     0.002    -0.038    -0.008
    16.060    -0.009    -0.024     0.031
    16.070     0.006     0.002     0.034
    16.080     0.023     0.025     0.004
    16.090     0.009     0.036     0.013
    16.100    -0.016     0.013     0.027
    16.110    -0.025    -0.004     0.015
    16.120    -0.013    -0.005    -0.031
    16.130    -0.017     0.001    -0.036
    16.140    -0.027    -0.013     0.020
    16.150    -0.006    -0.033     0.008
    16.160     0.006    -0.022    -0.057
    16.170    -0.004     0.016    -0.021
    16.180    -0.003     0.043     0.044
    16.190     0.011     0.030     0.010
    16.200     0.008     0.012    -0.030
    16.210    -0.009     0.003    -0.025
    16.220    -0.003    -0.010    -0.010
    16.230     0.002    -0.025    -0.022
    16.240     0.005    -0.015    -0.020
    16.250     0.007     0.003     0.018
    16.260     0.004    -0.011    -0.002
    16.270     0.015    -0.008    -0.014
    16.280     0.001     0.000     0.013
    16.290     0.000     0.006     0.021
    16.300     0.016     0.022     0.016
    16.310     0.004    -0.009     0.000
    16.320     0.002    -0.036     0.004
    16.330     0.004    -0.019     0.006
    16.340     0.003     0.003     0.026
    16.350     0.003     0.025     0.032
    16.360    -0.004     0.008    -0.017
    16.370    -0.009    -0.002    -0.015
    16.380    -0.016    -0.006     0.007
    16.390    -0.001    -0.030    -0.006
    16.400     0.022     0.019    -0.027
    16.410     0.009     0.060    -0.018
    16.420    -0.013     0.022     0.027
    16.430    -0.006    -0.032     0.014
    16.440     0.007    -0.050    -0.047
    16.450     0.008     0.011    -0.020
    16.460    -0.004     0.039     0.049
    16.470    -0.008    -0.005     0.020
    16.480     0.006    -0.024    -0.022
    16.490    -0.004    -0.015    -0.008
    16.500    -0.011     0.007    -0.008
    16.510     0.001     0.012     0.002
    16.520     0.007    -0.014    -0.008
    16.530     0.012    -0.006    -0.016
    16.540     0.001     0.036     0.021
    16.550    -0.003     0.033     0.025
    16.560    -0.009    -0.013     0.013
    16.570    -0.010    -0.055    -0.006
    16.580     0.013    -0.021    -0.024
    16.590    -0.001     0.052     0.018
    16.600    -0.012     0.038     0.021
    16.610     0.006    -0.019     0.000
    16.620     0.010    -0.029     0.018
    16.630     0.004     0.011    -0.004
    16.640    -0.008     0.049    -0.011
    16.650    -0.010     0.019    -0.002
    16.660     0.001    -0.018     0.018
    16.670     0.008     0.001     0.010
    16.680     0.009     0.013    -0.033
    16.690     0.009     0.011    -0.013
    16.700     0.006    -0.023    -0.009
    16.710     0.006    -0.035    -0.006
    16.720    -0.001     0.026     0.013
    16.730    -0.001     0.019    -0.008
    16.740     0.010    -0.005    -0.027
    16.750     0.006    -0.021    -0.044
    16.760     0.009    -0.026    -0.010
    16.770     0.014     0.011     0.029
    16.780     0.008    -0.014    -0.012
    16.790     0.001    -0.028    -0.026
    16.800     0.000    -0.026     0.010
    16.810     0.013    -0.021     0.000
    16.820     0.011     0.024     0.004
    16.830    -0.012    -0.008     0.026
    16.840    -0.008    -0.049     0.017
    16.850     0.012    -0.002     0.022
    16.860     0.001     0.037     0.015
    16.870    -0.014     0.024     0.011
    16.880    -0.015    -0.022     0.003
    16.890     0.001    -0.019    -0.001
    16.900     0.004     0.038     0.022
    16.910    -0.016     0.050     0.016
    16.920    -0.016     0.020     0.016
    16.930    -0.007    -0.043    -0.002
    16.940     0.009    -0.049    -0.014
    16.950     0.006     0.041    -0.004
    16.960    -0.004     0.046    -0.013
    16.970     0.009     0.003     0.017
    16.980     0.005    -0.027    -0.013
    16.990     0.004    -0.007    -0.044
    17.000    -0.001     0.062     0.012
    17.010    -0.004     0.023    -0.003
    17.020     0.018    -0.011    -0.031
    17.030     0.010     0.006    -0.007
    17.040    -0.011     0.012     0.024
    17.050    -0.006     0.020     0.034
    17.060     0.003    -0.036    -0.026
    17.070     0.002    -0.062    -0.049
    17.080     0.005     0.008     0.010
    17.090     0.012     0.059     0.031
    17.100     0.003     0.045     0.027
    17.110    -0.015    -0.023     0.008
    17.120    -0.016    -0.069    -0.036
    17.130     0.006    -0.028    -0.008
    17.140     0.002     0.006     0.034
    17.150    -0.003     0.003    -0.006
    17.160     0.003    -0.020    -0.030
    17.170    -0.013    -0.044     0.027
    17.180    -0.004     0.005     0.058
    17.190     0.002     0.035     0.010
    17.200    -0.008     0.006    -0.021
    17.210    -0.003    -0.025     0.002
    17.220     0.002    -0.039    -0.007
    17.230     0.008     0.004    -0.039
    17.240    -0.005     0.041    -0.007
    17.250    -0.001     0.031     0.015
    17.260     0.023     0.015     0.000
    17.270    -0.001    -0.009     0.027
    17.280    -0.008    -0.004     0.021
    17.290     0.010     0.018    -0.020
    17.300    -0.002     0.016    -0.017
    17.310    -0.007     0.019     0.011
    17.320    -0.007     0.007     0.022
    17.330     0.000    -0.007    -0.017
    17.340     0.005     0.021    -0.013
    17.350     0.000     0.025     0.013
    17.360     0.003    -0.004    -0.016
    17.370     0.004    -0.020     0.005
    17.380     0.004    -0.027     0.030
    17.390     0.001    -0.007    -0.008
    17.400    -0.011     0.020    -0.009
    17.410    -0.017     0.003     0.015
    17.420    -0.002    -0.037     0.000
    17.430     0.013    -0.042    -0.011
    17.440     0.007     0.012     0.007
    17.450    -0.003     0.044     0.027
    17.460    -0.015    -0.002     0.007
    17.470    -0.014    -0.043    -0.023
    17.480     0.000    -0.040    -0.029
    17.490     0.011     0.003    -0.026
    17.500    -0.001     0.047     0.015
    17.510    -0.015     0.019     0.022
    17.520    -0.009    -0.035    -0.024
    17.530    -0.013    -0.041    -0.025
    17.540    -0.001    -0.002    -0.008
    17.550     0.013     0.023     0.002
    17.560     0.007     0.008     0.000
    17.570     0.004     0.007    -0.002
    17.580    -0.001     0.005     0.006
    17.590     0.005    -0.015     0.002
    17.600     0.016     0.000     0.009
    17.610     0.004     0.014     0.013
    17.620    -0.014     0.003     0.007
    17.630    -0.001    -0.002    -0.012
    17.640     0.006    -0.007    -0.015
    17.650     0.013     0.011     0.019
    17.660     0.019     0.014     0.015
    17.670    -0.005    -0.002    -0.006
    17.680     0.002     0.012    -0.008
    17.690     0.005    -0.007    -0.008
    17.700     0.002    -0.029     0.007
    17.710     0.017    -0.023     0.003
    17.720     0.009    -0.015    -0.008
    17.730     0.005     0.035     0.028
    17.740    -0.003     0.018     0.010
    17.750    -0.005    -0.048    -0.062
    17.760     0.008    -0.031    -0.044
    17.770     0.005    -0.003     0.002
    17.780    -0.002     0.023     0.011
    17.790    -0.013     0.021     0.015
    17.800    -0.011    -0.013     0.001
    17.810    -0.005    -0.002    -0.007
    17.820    -0.007    -0.002    -0.003
    17.830     0.000     0.005     0.008
    17.840    -0.009    -0.008     0.016
    17.850    -0.005    -0.022    -0.005
    17.860     0.018     0.048     0.010
    17.870     0.002     0.045     0.036
    17.880    -0.003     0.007     0.000
    17.890     0.003     0.011    -0.004
    17.900    -0.010    -0.007     0.000
    17.910    -0.010     0.016    -0.003
    17.920    -0.013     0.003     0.031
    17.930     0.002    -0.041     0.000
    17.940     0.007    -0.010    -0.001
    17.950    -0.007     0.000     0.022
    17.960     0.013     0.011    -0.022
    17.970     0.013     0.020    -0.015
    17.980     0.004    -0.009    -0.016
    17.990    -0.003     0.000    -0.008
    18.000    -0.011    -0.038     0.006
    18.010     0.002    -0.060    -0.035
    18.020    -0.001    -0.002    -0.008
    18.030    -0.005     0.010     0.027
    18.040     0.005     0.000     0.002
    18.050     0.009    -0.015    -0.020
    18.060    -0.007    -0.017     0.004
    18.070    -0.015    -0.009     0.014
    18.080    -0.003    -0.020    -0.039
    18.090    -0.001    -0.008    -0.030
    18.100     0.012     0.004     0.013
    18.110     0.014     0.016     0.023
    18.120     0.013     0.037     0.023
    18.130     0.012     0.031     0.001
    18.140    -0.002     0.018     0.000
    18.150     0.001    -0.005     0.009
    18.160    -0.005    -0.039    -0.009
    18.170     0.018    -0.014     0.008
    18.180     0.019     0.029     0.026
    18.190    -0.005     0.041     0.003
    18.200    -0.005     0.042     0.021
    18.210    -0.016    -0.033    -0.013
    18.220    -0.002    -0.063    -0.047
    18.230     0.006     0.000     0.014
    18.240    -0.002     0.014     0.011
    18.250    -0.011     0.022     0.007
    18.260    -0.012    -0.004     0.006
    18.270    -0.001    -0.036    -0.028
    18.280    -0.013     0.003     0.000
    18.290    -0.008     0.025    -0.003
    18.300    -0.006     0.011    -0.011
    18.310    -0.006    -0.036    -0.011
    18.320     0.011    -0.019    -0.023
    18.330     0.011     0.062     0.014
    18.340    -0.004     0.033     0.015
    18.350    -0.016    -0.033    -0.008
    18.360     0.007    -0.046    -0.007
    18.370     0.011    -0.011     0.007
    18.380     0.007     0.047     0.014
    18.390     0.003     0.031     0.005
    18.400    -0.008    -0.020     0.011
    18.410     0.011    -0.032     0.012
    18.420    -0.002    -0.015    -0.008
    18.430     0.005     0.019    -0.029
    18.440     0.003     0.014     0.001
    18.450    -0.010    -0.032     0.029
    18.460     0.016    -0.030    -0.012
    18.470    -0.002     0.006    -0.033
    18.480     0.001     0.038    -0.010
    18.490     0.005     0.029     0.001
    18.500    -0.002    -0.015    -0.017
    18.510     0.012    -0.004    -0.011
    18.520    -0.010    -0.001     0.019
    18.530    -0.003    -0.003    -0.001
    18.540     0.006     0.018     0.002
    18.550    -0.003    -0.007     0.013
    18.560     0.001     0.000    -0.021
    18.570    -0.008     0.028    -0.006
    18.580    -0.013    -0.004     0.012
    18.590    -0.002    -0.033     0.002
    18.600     0.010    -0.013     0.002
    18.610     0.004     0.007    -0.006
    18.620    -0.002     0.008     0.007
    18.630     0.006     0.010     0.022
    18.640     0.000    -0.007     0.004
    18.650    -0.007    -0.019    -0.007
    18.660     0.001     0.005     0.000
    18.670    -0.003     0.013    -0.003
    18.680    -0.016    -0.003     0.005
    18.690    -0.008    -0.002    -0.009
    18.700     0.009     0.006    -0.039
    18.710     0.005     0.022    -0.008
    18.720    -0.002     0.021     0.022
    18.730     0.002    -0.005    -0.016
    18.740    -0.001    -0.009    -0.057
    18.750    -0.005    -0.002    -0.022
    18.760     0.000     0.016     0.010
    18.770    -0.002     0.029     0.001
    18.780    -0.012     0.025     0.015
    18.790    -0.010     0.005    -0.006
    18.800    -0.008    -0.036    -0.024
    18.810     0.004    -0.036    -0.010
    18.820     0.029     0.005     0.009
    18.830     0.025     0.041     0.026
    18.840     0.005     0.045     0.006
    18.850    -0.017     0.000     0.010
    18.860    -0.025    -0.080    -0.007
    18.870     0.008    -0.075    -0.044
    18.880     0.018     0.019     0.007
    18.890    -0.003     0.034     0.051
    18.900     0.003     0.007     0.018
    18.910     0.006    -0.011    -0.016
    18.920    -0.004    -0.025    -0.009
    18.930    -0.002    -0.008    -0.005
    18.940     0.005     0.006    -0.001
    18.950     0.000     0.008     0.029
    18.960    -0.005    -0.030     0.000
    18.970     0.010    -0.024    -0.032
    18.980     0.014     0.038     0.001
    18.990     0.004     0.046     0.005
    19.000    -0.011     0.028     0.002
    19.010    -0.002    -0.011    -0.015
    19.020     0.006    -0.021    -0.032
    19.030    -0.009     0.013     0.022
    19.040     0.003     0.022     0.026
    19.050     0.002     0.005    -0.017
    19.060    -0.008    -0.028    -0.006
    19.070    -0.004    -0.013     0.013
    19.080     0.002     0.021    -0.003
    19.090     0.002     0.017    -0.022
    19.100    -0.011    -0.013    -0.028
    19.110     0.012    -0.027    -0.012
    19.120     0.026     0.014     0.023
    19.130     0.011     0.044     0.017
    19.140    -0.009     0.019     0.002
    19.150    -0.011    -0.019    -0.007
    19.160     0.004    -0.038    -0.027
    19.170    -0.003    -0.024    -0.014
    19.180     0.006     0.024    -0.007
    19.190    -0.002     0.033    -0.012
    19.200    -0.011    -0.008    -0.009
    19.210     0.007    -0.014    -0.010
    19.220     0.001     0.003     0.003
    19.230    -0.005     0.010     0.028
    19.240    -0.004    -0.009     0.017
    19.250     0.009    -0.029    -0.018
    19.260     0.015     0.010     0.012
    19.270     0.000     0.029     0.023
    19.280    -0.004     0.003    -0.013
    19.290    -0.003    -0.013     0.001
    19.300    -0.004    -0.031     0.024
    19.310    -0.004    -0.010     0.022
    19.320     0.006     0.028     0.001
    19.330     0.011     0.018     0.000
    19.340     0.006    -0.010    -0.005
    19.350     0.001    -0.025    -0.007
    19.360    -0.008    -0.009     0.005
    19.370     0.003    -0.012    -0.033
    19.380     0.010    -0.006    -0.025
    19.390     0.004     0.027     0.007
    19.400     0.004     0.013    -0.018
    19.410    -0.010    -0.013    -0.029
    19.420    -0.003    -0.013    -0.020
    19.430     0.011     0.000    -0.012
    19.440     0.003     0.006    -0.010
    19.450    -0.002     0.007    -0.005
    19.460    -0.001    -0.003    -0.003
    19.470    -0.003    -0.016    -0.011
    19.480    -0.007    -0.002    -0.005
    19.490     0.004     0.003    -0.010
    19.500     0.010    -0.011     0.012
    19.510     0.006    -0.019     0.028
    19.520     0.004     0.016     0.003
    19.530    -0.004     0.034     0.000
    19.540    -0.003    -0.014     0.001
    19.550     0.000    -0.029     0.013
    19.560     0.006     0.002     0.019
    19.570     0.003     0.025     0.026
    19.580    -0.004     0.020     0.025
    19.590    -0.001    -0.018    -0.021
    19.600     0.000    -0.005    -0.018
    19.610    -0.005     0.027     0.023
    19.620    -0.003     0.018     0.018
    19.630     0.002     0.020    -0.019
    19.640    -0.009    -0.009    -0.030
    19.650    -0.019    -0.012     0.007
    19.660    -0.016     0.015     0.021
    19.670     0.001    -0.008    -0.018
    19.680     0.007    -0.008    -0.014
    19.690    -0.004    -0.003     0.018
    19.700    -0.003     0.014     0.008
    19.710     0.000     0.014    -0.030
    19.720     0.001    -0.030    -0.045
    19.730     0.008    -0.011    -0.004
    19.740     0.009    -0.001     0.018
    19.750     0.009    -0.016    -0.006
    19.760     0.009     0.001    -0.014
    19.770     0.002    -0.021     0.001
    19.780     0.012    -0.027     0.016
    19.790     0.010    -0.015     0.001
    19.800     0.004    -0.010    -0.014
    19.810     0.004     0.020     0.012
    19.820    -0.013    -0.011     0.015
    19.830    -0.001    -0.037    -0.023
    19.840     0.019    -0.009    -0.019
    19.850     0.005     0.005     0.017
    19.860    -0.013     0.029     0.036
    19.870    -0.013     0.029     0.003
    19.880    -0.004    -0.007    -0.048
    19.890     0.000    -0.019    -0.022
    19.900    -0.005     0.003     0.015
    19.910    -0.008     0.034     0.013
    19.920    -0.019     0.029     0.016
    19.930    -0.022    -0.008    -0.008
    19.940    -0.006    -0.011    -0.016
    19.950    -0.004     0.003     0.006
    19.960     0.002     0.011     0.011
    19.970     0.006     0.016     0.009
    19.980     0.002     0.002    -0.011
    19.990     0.007     0.004     0.007
    20.000     0.016     0.024     0.018
    20.010     0.007     0.023    -0.012
    20.020    -0.011    -0.026    -0.014
    20.030     0.003    -0.051    -0.015
    20.040     0.004    -0.020     0.003
    20.050     0.000     0.002     0.013
    20.060     0.000    -0.003     0.000
    20.070     0.002    -0.039    -0.004
    20.080     0.016    -0.031     0.012
    20.090     0.011     0.014     0.023
    20.100     0.015     0.019    -0.030
    20.110     0.004     0.018    -0.027
    20.120    -0.006     0.000     0.029
    20.130    -0.005    -0.030     0.004
    20.140    -0.008    -0.016    -0.022
    20.150    -0.003     0.014     0.020
    20.160    -0.012     0.016     0.043
    20.170    -0.003     0.003     0.005
    20.180     0.012     0.010    -0.030
    20.190     0.005     0.020    -0.018
    20.200    -0.004     0.010     0.022
    20.210    -0.013     0.005     0.020
    20.220    -0.001    -0.018    -0.040
    20.230     0.007    -0.011    -0.043
    20.240    -0.001     0.045     0.019
    20.250    -0.001     0.039     0.029
    20.260    -0.005     0.007    -0.009
    20.270    -0.001    -0.011    -0.031
    20.280     0.002    -0.011    -0.021
    20.290     0.002     0.013     0.000
    20.300     0.007    -0.003     0.007
    20.310     0.011    -0.012    -0.012
    20.320     0.015     0.017    -0.019
    20.330    -0.002     0.037     0.015
    20.340    -0.013     0.018     0.003
    20.350    -0.001    -0.041    -0.020
    20.360     0.008    -0.060     0.007
    20.370     0.019    -0.020     0.017
    20.380     0.014     0.021     0.024
    20.390    -0.002     0.015     0.038
    20.400     0.005    -0.039     0.016
    20.410     0.010    -0.059    -0.015
    20.420     0.006    -0.005    -0.008
    20.430    -0.001     0.042     0.026
    20.440    -0.008     0.014     0.027
    20.450     0.001    -0.023    -0.010
    20.460    -0.003    -0.018    -0.012
    20.470    -0.003     0.018     0.031
    20.480    -0.008     0.019     0.009
    20.490    -0.003     0.000    -0.024
    20.500     0.006     0.015     0.001
    20.510     0.001     0.011    -0.007
    20.520     0.004     0.027    -0.005
    20.530    -0.003     0.024    -0.007
    20.540    -0.014     0.001    -0.010
    20.550    -0.017     0.022     0.006
    20.560    -0.008     0.004    -0.012
    20.570    -0.004    -0.016    -0.010
    20.580    -0.001    -0.017    -0.012
    20.590     0.001     0.000    -0.008
    20.600    -0.010     0.017     0.009
    20.610    -0.012    -0.025    -0.019
    20.620    -0.002    -0.046    -0.037
    20.630     0.019    -0.013    -0.013
    20.640     0.018     0.022     0.027
    20.650     0.007     0.029     0.031
    20.660     0.007    -0.006    -0.021
    20.670     0.006    -0.038    -0.039
    20.680     0.009    -0.028    -0.010
    20.690     0.015    -0.004    -0.003
    20.700     0.015     0.010     0.007
    20.710     0.007     0.009     0.021
    20.720     0.014     0.015     0.021
    20.730     0.017     0.028     0.000
    20.740     0.006     0.023    -0.010
    20.750    -0.009     0.012     0.009
    20.760    -0.015    -0.016     0.002
    20.770     0.007    -0.005     0.001
    20.780     0.012     0.036     0.006
    20.790    -0.001     0.047    -0.004
    20.800    -0.016     0.031     0.007
    20.810    -0.018    -0.026    -0.003
    20.820    -0.005    -0.047    -0.025
    20.830    -0.008    -0.010    -0.016
    20.840    -0.014     0.021     0.019
    20.850    -0.013     0.001     0.023
    20.860     0.003    -0.044    -0.015
    20.870    -0.001    -0.030    -0.001
    20.880    -0.014    -0.017     0.009
    20.890     0.003    -0.018     0.000
    20.900     0.006    -0.015     0.010
    20.910     0.009    -0.018    -0.001
    20.920     0.001     0.005     0.009
    20.930    -0.010    -0.008    -0.005
    20.940    -0.005    -0.038    -0.035
    20.950    -0.002    -0.028    -0.015
    20.960     0.011     0.013     0.008
    20.970     0.002     0.056     0.012
    20.980    -0.008     0.008    -0.007
    20.990     0.005    -0.032    -0.021
    21.000     0.015     0.019     0.007
    21.010     0.007     0.048     0.026
    21.020     0.000     0.035     0.004
    21.030     0.005    -0.003    -0.015
    21.040     0.003    -0.014    -0.015
    21.050     0.000     0.017    -0.004
    21.060     0.003     0.025    -0.010
    21.070     0.010     0.015    -0.009
    21.080     0.001     0.006     0.021
    21.090    -0.006    -0.003     0.008
    21.100    -0.001    -0.004    -0.012
    21.110     0.002    -0.005    -0.015
    21.120     0.004    -0.007    -0.011
    21.130     0.002     0.010     0.006
    21.140    -0.006     0.021     0.008
    21.150    -0.011    -0.005     0.004
    21.160    -0.010    -0.045    -0.013
    21.170    -0.003    -0.040    -0.012
    21.180     0.002     0.002     0.029
    21.190     0.002     0.013     0.033
    21.200    -0.001     0.016     0.003
    21.210    -0.009    -0.006     0.000
    21.220    -0.002    -0.051     0.006
    21.230     0.019    -0.030     0.011
    21.240     0.028     0.033     0.032
    21.250     0.012     0.059     0.036
    21.260    -0.014     0.013     0.009
    21.270    -0.018    -0.049    -0.023
    21.280    -0.009    -0.062    -0.040
    21.290     0.019    -0.027    -0.032
    21.300     0.025     0.033    -0.001
    21.310     0.010     0.061     0.019
    21.320    -0.009     0.017    -0.005
    21.330    -0.021    -0.053    -0.049
    21.340    -0.003    -0.028    -0.029
    21.350    -0.004     0.016     0.018
    21.360     0.001     0.009     0.014
    21.370     0.000     0.009     0.007
    21.380     0.004    -0.008    -0.015
    21.390     0.013     0.019    -0.010
    21.400    -0.005     0.037     0.007
    21.410    -0.003    -0.008    -0.020
    21.420    -0.002    -0.018    -0.002
    21.430     0.008     0.000     0.025
    21.440     0.000     0.033     0.014
    21.450    -0.017     0.042    -0.002
    21.460    -0.009     0.003    -0.011
    21.470    -0.007    -0.039    -0.020
    21.480     0.003    -0.038    -0.008
    21.490    -0.003    -0.004     0.025
    21.500     0.001     0.008     0.019
    21.510     0.008     0.023    -0.003
    21.520     0.002     0.022     0.005
    21.530     0.000    -0.012     0.003
    21.540     0.000    -0.020    -0.011
    21.550     0.009     0.010    -0.009
    21.560    -0.002     0.020     0.005
    21.570    -0.005     0.001     0.014
    21.580     0.003    -0.015    -0.004
    21.590     0.003    -0.020    -0.012
    21.600     0.001    -0.016     0.005
    21.610     0.002    -0.008     0.002
    21.620     0.011     0.016    -0.011
    21.630     0.000     0.016    -0.003
    21.640     0.001    -0.024    -0.022
    21.650     0.012    -0.024    -0.029
    21.660     0.005     0.011     0.028
    21.670    -0.009     0.017     0.025
    21.680    -0.008    -0.007    -0.017
    21.690     0.006    -0.023    -0.015
    21.700     0.006    -0.007    -0.002
    21.710    -0.004     0.029     0.008
    21.720    -0.013     0.032    -0.008
    21.730    -0.009    -0.006    -0.024
    21.740     0.006    -0.027    -0.007
    21.750     0.019     0.007    -0.002
    21.760     0.016     0.050     0.000
    21.770    -0.005     0.027     0.021
    21.780    -0.012    -0.019     0.010
    21.790    -0.014    -0.027    -0.017
    21.800    -0.013    -0.003    -0.019
    21.810    -0.007     0.004    -0.007
    21.820     0.006    -0.003     0.003
    21.830     0.016     0.009    -0.003
    21.840    -0.003     0.019     0.012
    21.850    -0.009     0.013     0.000
    21.860    -0.002    -0.019    -0.015
    21.870     0.004    -0.031     0.009
    21.880     0.009    -0.006    -0.002
    21.890     0.005     0.036     0.004
    21.900    -0.006     0.051     0.018
    21.910    -0.011    -0.010     0.000
    21.920     0.002    -0.053    -0.018
    21.930     0.009    -0.020    -0.017
    21.940     0.001     0.034     0.028
    21.950    -0.001     0.035     0.025
    21.960     0.005    -0.013    -0.034
    21.970     0.013    -0.033    -0.041
    21.980     0.012     0.000     0.001
    21.990    -0.001     0.036     0.024
    22.000    -0.008    -0.007    -0.005
    22.010    -0.007    -0.058    -0.038
    22.020     0.011    -0.014    -0.032
    22.030     0.004     0.053     0.003
    22.040    -0.016     0.041     0.034
    22.050    -0.002    -0.022     0.007
    22.060    -0.004    -0.053    -0.040
    22.070    -0.015    -0.011    -0.009
    22.080    -0.008     0.050     0.039
    22.090     0.012     0.039     0.013
    22.100     0.005     0.003    -0.017
    22.110    -0.016    -0.007     0.011
    22.120    -0.006    -0.002     0.033
    22.130     0.001    -0.001     0.000
    22.140     0.010     0.007    -0.017
    22.150     0.004     0.018     0.010
    22.160    -0.010    -0.011     0.012
    22.170    -0.004    -0.004     0.014
    22.180     0.002     0.004     0.011
    22.190     0.002    -0.015    -0.018
    22.200    -0.006    -0.013     0.000
    22.210     0.000    -0.013     0.023
    22.220     0.008     0.004     0.002
    22.230     0.003     0.009    -0.036
    22.240    -0.006     0.004    -0.044
    22.250    -0.004    -0.012    -0.006
    22.260     0.008    -0.031    -0.016
    22.270     0.006     0.005    -0.029
    22.280     0.002     0.022    -0.007
    22.290     0.002     0.003     0.004
    22.300     0.002    -0.002    -0.003
    22.310     0.004    -0.010    -0.027
    22.320     0.003     0.002    -0.003
    22.330    -0.003     0.032     0.030
    22.340    -0.013     0.025     0.017
    22.350    -0.010    -0.004    -0.003
    22.360    -0.004    -0.035    -0.011
    22.370     0.001    -0.048     0.004
    22.380     0.016     0.003     0.040
    22.390     0.019     0.045     0.042
    22.400     0.002     0.032    -0.006
    22.410    -0.010     0.009    -0.004
    22.420    -0.008    -0.017     0.016
    22.430    -0.003    -0.006    -0.007
    22.440    -0.014     0.022     0.001
    22.450    -0.005     0.007     0.002
    22.460     0.013    -0.010    -0.002
    22.470     0.012     0.009     0.020
    22.480     0.006     0.050     0.006
    22.490    -0.016     0.034     0.000
    22.500    -0.018    -0.038    -0.020
    22.510     0.000    -0.043    -0.034
    22.520    -0.008     0.004    -0.004
    22.530    -0.001     0.021    -0.002
    22.540     0.007     0.000    -0.010
    22.550     0.005    -0.029    -0.005
    22.560     0.005     0.001     0.016
    22.570    -0.005     0.017     0.004
    22.580     0.002    -0.027    -0.025
    22.590     0.014    -0.034     0.006
    22.600     0.015    -0.023     0.021
    22.610     0.002     0.003     0.009
    22.620    -0.013     0.015     0.012
    22.630    -0.009    -0.025    -0.008
    22.640     0.007    -0.027    -0.030
    22.650     0.010     0.019    -0.003
    22.660    -0.013     0.041     0.039
    22.670    -0.015     0.019     0.022
    22.680    -0.005    -0.019    -0.036
    22.690     0.003    -0.019    -0.026
    22.700     0.017     0.020     0.027
    22.710     0.002     0.039     0.029
    22.720    -0.014     0.020     0.007
    22.730    -0.019    -0.036    -0.006
    22.740    -0.002    -0.058    -0.021
    22.750     0.026     0.020    -0.017
    22.760     0.010     0.074     0.011
    22.770    -0.006     0.037    -0.003
    22.780    -0.006    -0.013    -0.020
    22.790    -0.005    -0.027    -0.004
    22.800    -0.001    -0.015    -0.008
    22.810    -0.001     0.011    -0.002
    22.820     0.012     0.005     0.013
    22.830     0.007    -0.029     0.007
    22.840    -0.002    -0.011    -0.026
    22.850     0.005     0.036    -0.028
    22.860    -0.006     0.037     0.023
    22.870    -0.002    -0.025     0.014
    22.880     0.002    -0.051    -0.034
    22.890     0.001     0.000    -0.028
    22.900    -0.003     0.038     0.019
    22.910    -0.015     0.025     0.015
    22.920     0.006     0.000    -0.021
    22.930     0.002    -0.019    -0.013
    22.940    -0.011    -0.042     0.011
    22.950    -0.004    -0.018     0.014
    22.960     0.006     0.021    -0.015
    22.970     0.002     0.021    -0.002
    22.980    -0.010     0.001     0.015
    22.990     0.008    -0.011    -0.007
    23.000     0.004    -0.005    -0.010
    23.010    -0.005     0.001     0.007
    23.020    -0.006     0.010     0.029
    23.030    -0.001     0.002     0.004
    23.040     0.016    -0.003    -0.001
    23.050     0.004     0.000     0.022
    23.060    -0.001    -0.010    -0.009
    23.070     0.004    -0.008    -0.021
    23.080     0.003     0.002    -0.003
    23.090     0.001     0.023    -0.007
    23.100    -0.014     0.033    -0.001
    23.110    -0.009    -0.006    -0.010
    23.120     0.000    -0.035    -0.033
    23.130    -0.007    -0.014    -0.001
    23.140     0.002     0.006     0.001
    23.150     0.008    -0.003    -0.035
    23.160     0.003    -0.004    -0.013
    23.170     0.008     0.014     0.025
    23.180     0.005     0.014     0.016
    23.190     0.002    -0.004    -0.020
    23.200    -0.003    -0.008    -0.012
    23.210    -0.001    -0.005     0.019
    23.220     0.002    -0.007     0.019
    23.230    -0.005    -0.006    -0.006
    23.240     0.000    -0.007    -0.012
    23.250     0.004     0.014    -0.004
    23.260     0.000     0.031    -0.014
    23.270    -0.004     0.010    -0.012
    23.280    -0.006    -0.019     0.000
    23.290    -0.008    -0.029     0.022
    23.300    -0.007    -0.003     0.029
    23.310     0.002     0.007    -0.001
    23.320     0.004    -0.005    -0.014
    23.330     0.010     0.004     0.003
    23.340     0.004    -0.003     0.000
    23.350     0.002    -0.007    -0.023
    23.360     0.007     0.025    -0.012
    23.370    -0.007     0.009     0.012
    23.380    -0.001    -0.027     0.014
    23.390     0.005    -0.031    -0.001
    23.400     0.003    -0.035    -0.017
    23.410     0.003     0.002    -0.024
    23.420    -0.003     0.030    -0.004
    23.430     0.001     0.026    -0.004
    23.440    -0.005     0.009    -0.033
    23.450    -0.008    -0.020     0.000
    23.460     0.000    -0.015     0.018
    23.470    -0.001    -0.013    -0.009
    23.480     0.005     0.001     0.002
    23.490     0.004     0.015     0.020
    23.500     0.005    -0.003     0.002
    23.510     0.002    -0.002    -0.026
    23.520    -0.010    -0.007    -0.014
    23.530     0.006    -0.002     0.008
    23.540     0.005     0.021     0.012
    23.550    -0.010     0.008     0.000
    23.560     0.002     0.006    -0.003
    23.570     0.003     0.017     0.025
    23.580    -0.001     0.011     0.023
    23.590    -0.004     0.002    -0.024
    23.600    -0.006    -0.012    -0.040
    23.610    -0.005    -0.011     0.010
    23.620    -0.007    -0.001     0.042
    23.630     0.002     0.000     0.014
    23.640     0.002    -0.003    -0.007
    23.650     0.001    -0.015     0.005
    23.660     0.017    -0.012    -0.005
    23.670     0.015     0.009    -0.031
    23.680    -0.006     0.008    -0.003
    23.690    -0.022    -0.022     0.021
    23.700    -0.006    -0.023    -0.007
    23.710     0.011     0.008    -0.023
    23.720    -0.006     0.029     0.000
    23.730    -0.008     0.021     0.035
    23.740    -0.003    -0.028     0.003
    23.750     0.001    -0.048    -0.043
    23.760     0.009     0.009     0.002
    23.770     0.003     0.034     0.042
    23.780     0.002    -0.016     0.008
    23.790     0.006    -0.047    -0.029
    23.800     0.005     0.001    -0.009
    23.810     0.004     0.058     0.019
    23.820     0.002     0.030    -0.001
    23.830     0.001    -0.034    -0.008
    23.840     0.013    -0.041    -0.010
    23.850     0.011     0.015     0.000
    23.860     0.000     0.046     0.016
    23.870     0.011    -0.005    -0.012
    23.880     0.011    -0.029    -0.005
    23.890     0.002    -0.002     0.029
    23.900    -0.012    -0.001     0.003
    23.910    -0.015    -0.013    -0.025
    23.920    -0.004    -0.022    -0.018
    23.930    -0.003    -0.024    -0.022
    23.940     0.010     0.012    -0.005
    23.950     0.012     0.054     0.038
    23.960    -0.005     0.027     0.022
    23.970    -0.017    -0.011    -0.008
    23.980    -0.010    -0.019    -0.025
    23.990     0.010    -0.006    -0.033
    24.000     0.005     0.026     0.016
    24.010    -0.004     0.015     0.024
    24.020    -0.007    -0.021     0.012
    24.030    -0.007    -0.042     0.021
    24.040     0.015    -0.019    -0.027
    24.050     0.014     0.040    -0.016
    24.060    -0.005     0.026     0.021
    24.070    -0.003    -0.027     0.007
    24.080     0.001    -0.019     0.012
    24.090     0.001     0.015    -0.007
    24.100    -0.001     0.036    -0.003
    24.110     0.001     0.002     0.011
    24.120     0.018    -0.043    -0.032
    24.130     0.021    -0.011    -0.009
    24.140     0.006     0.039     0.045
    24.150    -0.003     0.029     0.030
    24.160    -0.009    -0.018    -0.014
    24.170    -0.006    -0.036    -0.039
    24.180     0.001    -0.007    -0.013
    24.190     0.001     0.026     0.010
    24.200     0.001     0.025    -0.001
    24.210     0.004     0.004    -0.014
    24.220     0.012    -0.004    -0.014
    24.230     0.008     0.004     0.006
    24.240    -0.007     0.010    -0.012
    24.250    -0.005    -0.005    -0.043
    24.260    -0.001    -0.011    -0.029
    24.270    -0.003    -0.013    -0.001
    24.280     0.001    -0.024     0.013
    24.290     0.015    -0.008    -0.002
    24.300     0.003     0.013    -0.002
    24.310    -0.012     0.009     0.005
    24.320     0.008     0.007    -0.012
    24.330     0.005     0.007    -0.008
    24.340    -0.008    -0.004     0.018
    24.350     0.001    -0.028     0.034
    24.360     0.019    -0.021     0.000
    24.370     0.014     0.028    -0.011
    24.380    -0.018     0.030     0.011
    24.390    -0.004    -0.007     0.000
    24.400     0.016    -0.011     0.017
    24.410     0.015    -0.006     0.023
    24.420     0.008     0.019     0.023
    24.430    -0.008     0.029     0.033
    24.440    -0.006    -0.011     0.010
    24.450     0.001    -0.028    -0.010
    24.460     0.008    -0.014    -0.029
    24.470     0.000     0.024     0.006
    24.480    -0.007     0.040     0.056
    24.490     0.012     0.010     0.010
    24.500     0.013    -0.006    -0.037
    24.510    -0.008    -0.033    -0.006
    24.520    -0.005    -0.036     0.000
    24.530     0.010     0.013    -0.023
    24.540     0.003     0.031    -0.018
    24.550     0.007     0.026    -0.023
    24.560     0.009     0.016    -0.024
    24.570     0.003    -0.011    -0.023
    24.580    -0.003    -0.010     0.003
    24.590    -0.017    -0.023     0.008
    24.600     0.002    -0.025    -0.029
    24.610     0.008     0.007     0.000
    24.620    -0.001     0.003     0.018
    24.630     0.005     0.024    -0.006
    24.640    -0.003     0.026    -0.018
    24.650    -0.009    -0.020    -0.027
    24.660     0.001    -0.023    -0.013
    24.670     0.008    -0.010     0.010
    24.680    -0.004    -0.002     0.022
    24.690    -0.006    -0.009     0.025
    24.700     0.000    -0.014     0.023
    24.710     0.006     0.018     0.006
    24.720    -0.004     0.036     0.023
    24.730    -0.008     0.010     0.023
    24.740     0.014    -0.008    -0.011
    24.750    -0.001    -0.015     0.015
    24.760    -0.010    -0.029     0.010
    24.770     0.002    -0.018    -0.006
    24.780     0.009     0.005     0.027
    24.790     0.014     0.016     0.027
    24.800    -0.003     0.012    -0.004
    24.810    -0.007    -0.012    -0.029
    24.820    -0.001    -0.012    -0.014
    24.830     0.003     0.020     0.006
    24.840    -0.004     0.032     0.000
    24.850    -0.009    -0.005    -0.006
    24.860     0.007    -0.053    -0.012
    24.870     0.017    -0.023    -0.012
    24.880     0.019     0.039    -0.007
    24.890     0.006     0.028     0.000
    24.900     0.000    -0.013     0.000
    24.910     0.002    -0.034    -0.016
    24.920    -0.003    -0.032    -0.033
    24.930     0.004     0.011    -0.006
    24.940    -0.005     0.037     0.038
    24.950    -0.005     0.001     0.013
    24.960     0.010    -0.013    -0.017
    24.970     0.000     0.004    -0.008
    24.980    -0.007     0.025     0.006
    24.990    -0.013     0.024     0.028
    25.000    -0.001    -0.022    -0.003
    25.010     0.007    -0.019    -0.023
    25.020    -0.011     0.026     0.024
    25.030    -0.014     0.019     0.027
    25.040    -0.012    -0.021    -0.016
    25.050     0.001    -0.045    -0.026
    25.060     0.014     0.011     0.011
    25.070     0.007     0.075     0.022
    25.080    -0.007     0.039    -0.008
    25.090    -0.013    -0.036    -0.015
    25.100     0.002    -0.066    -0.012
    25.110     0.014    -0.026    -0.037
    25.120     0.016     0.034    -0.019
    25.130     0.001     0.029     0.027
    25.140    -0.010    -0.030     0.016
    25.150     0.000    -0.042    -0.010
    25.160    -0.001    -0.013    -0.014
    25.170    -0.006     0.016     0.007
    25.180     0.004     0.028     0.015
    25.190     0.000    -0.009    -0.015
    25.200    -0.007    -0.027    -0.008
    25.210     0.000    -0.004     0.005
    25.220     0.000    -0.004    -0.002
    25.230     0.007    -0.002     0.014
    25.240     0.017    -0.007     0.014
    25.250     0.016     0.009     0.003
    25.260     0.002     0.039     0.001
    25.270    -0.015     0.009    -0.008
    25.280     0.000    -0.011    -0.014
    25.290     0.006    -0.001    -0.003
    25.300    -0.009     0.013    -0.001
    25.310    -0.011     0.034    -0.016
    25.320    -0.002     0.013    -0.008
    25.330     0.006    -0.005     0.008
    25.340     0.001     0.011     0.009
    25.350    -0.006     0.017    -0.015
    25.360    -0.005     0.008     0.004
    25.370    -0.014    -0.013     0.038
    25.380    -0.001    -0.033    -0.018
    25.390     0.018    -0.004    -0.025
    25.400     0.017     0.035     0.027
    25.410     0.006     0.011     0.039
    25.420    -0.009    -0.040     0.004
    25.430     0.004    -0.053    -0.032
    25.440     0.003    -0.018     0.009
    25.450    -0.003     0.015     0.030
    25.460    -0.006     0.006     0.004
    25.470    -0.016    -0.030    -0.012
    25.480    -0.001    -0.045    -0.017
    25.490     0.011    -0.009    -0.013
    25.500     0.016     0.059    -0.005
    25.510    -0.005     0.059     0.002
    25.520    -0.016    -0.005    -0.008
    25.530     0.004    -0.024    -0.023
    25.540     0.003    -0.002    -0.036
    25.550    -0.009     0.049     0.007
    25.560    -0.018     0.054     0.039
    25.570    -0.003    -0.014    -0.031
    25.580     0.004    -0.036    -0.048
    25.590     0.003     0.013     0.006
    25.600     0.004     0.064     0.046
    25.610    -0.002     0.038     0.018
    25.620     0.013    -0.029    -0.049
    25.630     0.007    -0.034    -0.006
    25.640     0.003    -0.011     0.037
    25.650     0.008    -0.005     0.011
    25.660    -0.001    -0.006    -0.011
    25.670     0.010    -0.012    -0.020
    25.680     0.011    -0.002     0.002
    25.690     0.001    -0.012     0.000
    25.700     0.001    -0.005    -0.006
    25.710     0.000     0.007     0.014
    25.720    -0.008    -0.020     0.046
    25.730    -0.008    -0.037     0.021
    25.740     0.009    -0.029    -0.031
    25.750     0.011     0.022     0.006
    25.760     0.002     0.031     0.024
    25.770    -0.008     0.002    -0.014
    25.780    -0.005    -0.002    -0.038
    25.790     0.000    -0.003    -0.020
    25.800    -0.016     0.019     0.021
    25.810    -0.010     0.023     0.008
    25.820    -0.004     0.000    -0.026
    25.830    -0.005     0.003    -0.013
    25.840    -0.009     0.015     0.009
    25.850    -0.008     0.007     0.000
    25.860     0.006     0.002    -0.003
    25.870     0.002    -0.025    -0.017
    25.880     0.006    -0.021    -0.019
    25.890     0.009     0.014     0.009
    25.900     0.014     0.005    -0.007
    25.910     0.010     0.016    -0.004
    25.920    -0.007    -0.010     0.024
    25.930     0.002    -0.038     0.020
    25.940     0.004     0.001     0.005
    25.950     0.004     0.026    -0.007
    25.960    -0.008     0.026     0.018
    25.970    -0.016    -0.021     0.035
    25.980     0.004    -0.044    -0.008
    25.990     0.009     0.013    -0.021
    26.000     0.000     0.054     0.017
    26.010     0.000     0.034     0.007
    26.020     0.002    -0.020    -0.012
    26.030    -0.001    -0.030    -0.002
    26.040     0.008     0.023    -0.008
    26.050    -0.004     0.037    -0.002
    26.060    -0.003    -0.007    -0.010
    26.070     0.018    -0.014    -0.016
    26.080     0.000     0.001    -0.010
    26.090    -0.009     0.008    -0.024
    26.100    -0.008     0.005    -0.018
    26.110    -0.007    -0.019    -0.021
    26.120     0.001    -0.028    -0.031
    26.130     0.003    -0.022     0.003
    26.140     0.008    -0.018     0.015
    26.150     0.001     0.004     0.005
    26.160    -0.012     0.000     0.016
    26.170    -0.001    -0.024     0.002
    26.180     0.015     0.000    -0.011
    26.190    -0.002     0.029     0.009
    26.200    -0.028     0.017     0.025
    26.210    -0.024    -0.023     0.015
    26.220     0.000    -0.049    -0.017
    26.230     0.013     0.005     0.012
    26.240     0.002     0.048     0.042
    26.250    -0.001     0.019    -0.001
    26.260     0.011     0.013     0.002
    26.270     0.003     0.001     0.023
    26.280    -0.002     0.004     0.000
    26.290     0.002     0.032     0.000
    26.300     0.008     0.008     0.008
    26.310     0.006    -0.008    -0.001
    26.320    -0.005    -0.006    -0.007
    26.330     0.005     0.006    -0.019
    26.340     0.011     0.022    -0.016
    26.350     0.000     0.000    -0.006
    26.360     0.002    -0.007    -0.008
    26.370     0.006    -0.013    -0.008
    26.380    -0.005    -0.008    -0.017
    26.390    -0.007     0.027    -0.007
    26.400    -0.008     0.004    -0.001
    26.410    -0.005    -0.037    -0.022
    26.420    -0.002    -0.026    -0.005
    26.430    -0.011    -0.016     0.019
    26.440    -0.001     0.000     0.018
    26.450     0.003     0.013     0.017
    26.460     0.014     0.001     0.004
    26.470     0.018    -0.009     0.005
    26.480     0.002    -0.023     0.009
    26.490     0.009    -0.002     0.005
    26.500    -0.001     0.017     0.030
    26.510    -0.011    -0.012     0.016
    26.520    -0.006    -0.011    -0.023
    26.530    -0.008     0.010    -0.006
    26.540    -0.007    -0.002     0.001
    26.550    -0.005    -0.009    -0.009
    26.560     0.001    -0.005    -0.021
    26.570     0.003     0.000    -0.019
    26.580    -0.001     0.026     0.033
    26.590     0.001     0.026     0.022
    26.600     0.009    -0.004    -0.038
    26.610    -0.004    -0.017    -0.024
    26.620    -0.005    -0.015    -0.008
    26.630     0.016     0.024    -0.005
    26.640     0.010     0.036     0.013
    26.650    -0.007    -0.003     0.005
    26.660    -0.016    -0.023     0.008
    26.670    -0.002    -0.038     0.005
    26.680     0.013    -0.012    -0.007
    26.690    -0.001     0.035    -0.010
    26.700     0.002     0.035     0.004
    26.710     0.001     0.023     0.039
    26.720    -0.007    -0.002    -0.003
    26.730    -0.001     0.004    -0.026
    26.740    -0.010     0.013     0.022
    26.750     0.000    -0.028     0.008
    26.760     0.013    -0.015     0.003
    26.770    -0.001     0.019     0.012
    26.780    -0.014     0.004     0.014
    26.790    -0.006    -0.028     0.010
    26.800     0.013    -0.057    -0.016
    26.810     0.018    -0.020     0.002
    26.820     0.006     0.034     0.018
    26.830    -0.006     0.021     0.014
    26.840    -0.001    -0.020    -0.014
    26.850     0.006    -0.057    -0.029
    26.860     0.009    -0.015     0.001
    26.870     0.015     0.053     0.025
    26.880     0.012     0.041     0.023
    26.890     0.009     0.007    -0.031
    26.900    -0.002    -0.013    -0.037
    26.910    -0.003    -0.009     0.003
    26.920     0.010     0.000    -0.001
    26.930    -0.004    -0.004    -0.020
    26.940    -0.010     0.017    -0.016
    26.950    -0.011     0.025     0.012
    26.960    -0.004     0.002     0.000
    26.970     0.008     0.013    -0.017
    26.980    -0.004     0.023    -0.021
    26.990    -0.011     0.002    -0.010
    27.000    -0.018    -0.001     0.023
    27.010    -0.008    -0.015    -0.003
    27.020     0.003    -0.015    -0.016
    27.030    -0.011    -0.003     0.019
    27.040    -0.005    -0.008     0.034
    27.050     0.001    -0.024     0.008
    27.060     0.006    -0.034    -0.027
    27.070     0.006     0.016     0.002
    27.080    -0.006     0.024     0.031
    27.090     0.000    -0.024     0.010
    27.100     0.011    -0.038    -0.012
    27.110     0.008    -0.006    -0.011
    27.120     0.001     0.036     0.012
    27.130     0.008     0.017     0.009
    27.140     0.011    -0.015    -0.016
    27.150     0.011    -0.019    -0.015
    27.160     0.011     0.004     0.004
    27.170     0.002     0.032     0.014
    27.180     0.001     0.021    -0.005
    27.190     0.001    -0.005    -0.033
    27.200     0.005    -0.010    -0.025
    27.210    -0.001     0.004     0.009
    27.220    -0.001     0.010     0.020
    27.230     0.009     0.005    -0.001
    27.240     0.004     0.011    -0.016
    27.250     0.008     0.022    -0.002
    27.260     0.008     0.018     0.025
    27.270    -0.004    -0.009     0.009
    27.280    -0.007    -0.020    -0.024
    27.290    -0.005     0.000    -0.001
    27.300    -0.004     0.002     0.034
    27.310    -0.011    -0.003     0.021
    27.320    -0.020    -0.027    -0.019
    27.330    -0.012    -0.049    -0.019
    27.340     0.002    -0.016     0.004
    27.350     0.006     0.021     0.009
    27.360     0.002     0.028    -0.003
    27.370     0.000     0.014    -0.002
    27.380     0.004    -0.017     0.002
    27.390     0.012    -0.029    -0.028
    27.400     0.005     0.003    -0.027
    27.410     0.001     0.029     0.000
    27.420    -0.003     0.030     0.015
    27.430    -0.016     0.001     0.006
    27.440    -0.014    -0.028    -0.022
    27.450    -0.007     0.004    -0.021
    27.460     0.003     0.002     0.004
    27.470     0.014    -0.005     0.012
    27.480     0.021     0.021    -0.017
    27.490     0.018     0.027     0.000
    27.500    -0.004     0.031     0.045
    27.510    -0.013    -0.005     0.026
    27.520    -0.007    -0.021    -0.020
    27.530     0.001     0.000    -0.016
    27.540    -0.001     0.012     0.035
    27.550     0.000     0.019     0.027
    27.560     0.011    -0.007    -0.024
    27.570     0.001    -0.028    -0.003
    27.580     0.002    -0.022     0.040
    27.590     0.015    -0.001     0.021
    27.600     0.005     0.007    -0.011
    27.610     0.002    -0.011    -0.012
    27.620     0.004    -0.028    -0.003
    27.630     0.013    -0.010     0.000
    27.640     0.005     0.016    -0.010
    27.650    -0.008    -0.001    -0.028
    27.660     0.002    -0.005    -0.005
    27.670     0.000    -0.006     0.020
    27.680    -0.002    -0.014    -0.028
    27.690     0.001     0.009    -0.050
    27.700    -0.001     0.009     0.002
    27.710    -0.006    -0.012     0.035
    27.720    -0.010    -0.019    -0.001
    27.730     0.002    -0.001    -0.039
    27.740     0.000     0.029     0.007
    27.750    -0.006     0.020     0.029
    27.760     0.003     0.018    -0.017
    27.770    -0.004     0.020    -0.017
    27.780    -0.010    -0.005     0.000
    27.790     0.000    -0.002     0.015
    27.800     0.003     0.010     0.029
    27.810    -0.001     0.010     0.016
    27.820    -0.002     0.013     0.002
    27.830     0.000     0.006     0.007
    27.840     0.002    -0.010     0.007
    27.850     0.004    -0.009     0.009
    27.860     0.004     0.008     0.006
    27.870     0.007     0.007     0.004
    27.880     0.008    -0.014     0.011
    27.890     0.011    -0.020    -0.029
    27.900    -0.001     0.005    -0.024
    27.910    -0.016     0.003     0.019
    27.920     0.014    -0.013    -0.014
    27.930     0.009     0.002    -0.010
    27.940    -0.017    -0.004     0.021
    27.950    -0.012    -0.021     0.021
    27.960     0.007    -0.035    -0.014
    27.970     0.024    -0.022    -0.040
    27.980     0.002     0.031     0.015
    27.990    -0.008     0.022     0.024
    28.000     0.003    -0.012    -0.006
    28.010     0.000     0.002     0.005
    28.020    -0.011     0.007     0.001
    28.030    -0.007     0.023    -0.016
    28.040     0.009     0.013    -0.009
    28.050     0.010    -0.024    -0.001
    28.060     0.008     0.004    -0.024
    28.070    -0.008     0.041     0.006
    28.080    -0.010     0.031     0.033
    28.090     0.004    -0.011    -0.012
    28.100     0.001    -0.008    -0.018
    28.110     0.003     0.030     0.009
    28.120     0.009     0.012     0.022
    28.130     0.012    -0.009     0.003
    28.140     0.011     0.003    -0.016
    28.150    -0.004     0.002     0.006
    28.160    -0.009    -0.024     0.014
    28.170     0.002    -0.038    -0.006
    28.180     0.003    -0.025    -0.026
    28.190    -0.004     0.008    -0.003
    28.200    -0.005     0.008     0.015
    28.210     0.015    -0.009    -0.005
    28.220     0.012     0.015     0.004
    28.230    -0.017     0.005    -0.001
    28.240    -0.015    -0.009    -0.013
    28.250    -0.003    -0.014    -0.004
    28.260    -0.001    -0.010     0.000
    28.270    -0.014     0.022     0.016
    28.280    -0.022    -0.010     0.007
    28.290    -0.001    -0.036    -0.017
    28.300     0.004     0.004    -0.002
    28.310    -0.010     0.029     0.004
    28.320    -0.001     0.028     0.006
    28.330     0.009     0.003     0.007
    28.340     0.008    -0.002    -0.032
    28.350     0.001     0.036    -0.018
    28.360    -0.012     0.015     0.022
    28.370     0.007    -0.019    -0.016
    28.380     0.018     0.001    -0.023
    28.390     0.004     0.009     0.005
    28.400     0.001     0.021     0.013
    28.410    -0.004     0.009     0.015
    28.420     0.008    -0.030    -0.032
    28.430     0.012    -0.011    -0.010
    28.440     0.013     0.035     0.044
    28.450     0.004     0.041     0.017
    28.460    -0.027    -0.007    -0.001
    28.470    -0.013    -0.059    -0.034
    28.480     0.011    -0.043    -0.037
    28.490     0.013     0.003     0.017
    28.500     0.009     0.033     0.026
    28.510    -0.003     0.020     0.006
    28.520    -0.007    -0.033    -0.012
    28.530    -0.006    -0.026     0.003
    28.540    -0.005     0.001     0.002
    28.550    -0.006     0.007    -0.012
    28.560    -0.010     0.005     0.028
    28.570    -0.011    -0.030     0.017
    28.580    -0.009    -0.025    -0.032
    28.590    -0.005     0.021    -0.018
    28.600    -0.012     0.019     0.004
    28.610    -0.006    -0.006     0.001
    28.620     0.002     0.002    -0.001
    28.630    -0.007     0.011    -0.003
    28.640    -0.003     0.019     0.007
    28.650     0.002     0.001    -0.008
    28.660     0.007    -0.019    -0.031
    28.670     0.001    -0.009     0.001
    28.680    -0.002    -0.017     0.001
    28.690     0.013     0.005    -0.014
    28.700     0.014     0.022     0.007
    28.710     0.012     0.018     0.008
    28.720     0.008     0.014    -0.003
    28.730    -0.002    -0.011    -0.019
    28.740    -0.008    -0.007    -0.009
    28.750     0.005     0.013     0.003
    28.760     0.008     0.021     0.004
    28.770     0.005     0.007     0.004
    28.780     0.017    -0.011    -0.008
    28.790     0.006     0.006     0.014
    28.800    -0.008     0.013     0.023
    28.810    -0.008     0.003    -0.004
    28.820     0.004     0.000    -0.023
    28.830     0.006    -0.008    -0.001
    28.840    -0.002    -0.001     0.035
    28.850     0.001     0.000     0.009
    28.860    -0.003    -0.006    -0.011
    28.870     0.003    -0.011    -0.009
    28.880     0.007    -0.010     0.003
    28.890    -0.007     0.013     0.007
    28.900    -0.013    -0.001    -0.022
    28.910    -0.016    -0.016    -0.004
    28.920    -0.007    -0.011    -0.004
    28.930     0.010    -0.003    -0.023
    28.940     0.009     0.019    -0.005
    28.950    -0.003    -0.004     0.003
    28.960    -0.014    -0.019     0.014
    28.970     0.001    -0.022     0.007
    28.980     0.008    -0.027     0.001
    28.990     0.008     0.009    -0.003
    29.000     0.020     0.024    -0.014
    29.010     0.006     0.006     0.006
    29.020     0.006    -0.018    -0.014
    29.030     0.011    -0.005    -0.020
    29.040     0.007     0.014     0.012
    29.050     0.009     0.007     0.003
    29.060     0.000     0.014     0.010
    29.070     0.007     0.014     0.005
    29.080     0.000     0.009     0.000
    29.090    -0.013     0.008     0.023
    29.100    -0.001    -0.003     0.008
    29.110     0.008    -0.022    -0.011
    29.120     0.004    -0.018    -0.004
    29.130    -0.010     0.010     0.010
    29.140     0.001     0.016     0.003
    29.150    -0.001     0.001    -0.020
    29.160    -0.005     0.012    -0.014
    29.170    -0.009     0.038     0.017
    29.180    -0.032     0.000     0.006
    29.190    -0.012    -0.033    -0.020
    29.200     0.000    -0.021    -0.023
    29.210     0.000    -0.006    -0.019
    29.220     0.005     0.021     0.006
    29.230     0.009     0.007    -0.021
    29.240     0.018     0.001    -0.035
    29.250    -0.001     0.018    -0.002
    29.260    -0.005     0.007    -0.002
    29.270     0.001     0.002     0.006
    29.280     0.009    -0.026    -0.011
    29.290     0.016    -0.023    -0.006
    29.300     0.014     0.020     0.024
    29.310     0.014     0.024     0.026
    29.320    -0.001     0.002     0.027
    29.330     0.002    -0.038    -0.010
    29.340     0.007    -0.033    -0.014
    29.350     0.000    -0.001     0.021
    29.360    -0.006     0.005     0.014
    29.370    -0.003     0.013    -0.010
    29.380     0.009     0.000     0.006
    29.390    -0.004    -0.012     0.034
    29.400    -0.002    -0.013     0.008
    29.410    -0.003     0.006     0.002
    29.420    -0.011     0.027     0.007
    29.430    -0.010     0.024     0.007
    29.440    -0.022     0.019    -0.002
    29.450    -0.010    -0.019    -0.045
    29.460    -0.005    -0.021    -0.022
    29.470    -0.003     0.012     0.007
    29.480     0.004     0.010    -0.008
    29.490    -0.004     0.009     0.000
    29.500    -0.002    -0.008    -0.010
    29.510     0.001    -0.010    -0.013
    29.520    -0.002     0.000     0.006
    29.530     0.001    -0.009    -0.007
    29.540     0.011     0.002    -0.014
    29.550     0.009     0.003     0.005
    29.560     0.003    -0.003     0.017
    29.570     0.002     0.000     0.010
    29.580     0.002    -0.018    -0.011
    29.590     0.009    -0.018     0.002
    29.600     0.004    -0.014     0.022
    29.610     0.012    -0.004    -0.002
    29.620     0.025     0.049     0.002
    29.630     0.000     0.048     0.023
    29.640    -0.015    -0.012    -0.009
    29.650     0.002    -0.021    -0.022
    29.660     0.007     0.000     0.005
    29.670     0.003     0.025     0.011
    29.680    -0.007     0.037     0.016
    29.690    -0.013    -0.020    -0.009
    29.700    -0.010    -0.019    -0.020
    29.710    -0.012     0.041     0.016
    29.720    -0.004     0.045     0.013
    29.730    -0.012     0.000    -0.003
    29.740    -0.012    -0.059     0.000
    29.750     0.002    -0.041     0.006
    29.760    -0.008     0.002     0.018
    29.770    -0.001    -0.004     0.008
    29.780     0.006    -0.018    -0.006
    29.790     0.007    -0.030    -0.003
    29.800     0.005    -0.005    -0.010
    29.810    -0.006     0.029    -0.019
    29.820    -0.005     0.013    -0.012
    29.830     0.002    -0.031    -0.001
    29.840     0.016    -0.040    -0.004
    29.850     0.009     0.001    -0.001
    29.860    -0.008     0.028     0.026
    29.870    -0.006    -0.002     0.013
    29.880     0.000    -0.035    -0.032
    29.890     0.003     0.001    -0.015
    29.900    -0.004     0.034     0.020
    29.910     0.001     0.006     0.012
    29.920     0.011    -0.019    -0.019
    29.930     0.012    -0.007    -0.020
    29.940     0.011     0.033     0.029
    29.950     0.001     0.044     0.037
    29.960    -0.001     0.006     0.002
    29.970    -0.001    -0.034     0.003
    29.980     0.002    -0.013     0.012
    29.990    -0.003     0.046     0.021
    30.000    -0.017     0.033    -0.005
    30.010     0.001    -0.025    -0.046
    30.020     0.006    -0.028    -0.021
    30.030     0.004     0.013     0.007
    30.040     0.009     0.057     0.005
    30.050    -0.014     0.029    -0.007
    30.060    -0.018    -0.039    -0.013
    30.070    -0.009    -0.054    -0.011
    30.080    -0.004    -0.037    -0.035
    30.090     0.004     0.007    -0.033
    30.100     0.004     0.023    -0.008
    30.110     0.002    -0.010     0.001
    30.120    -0.002    -0.018     0.002
    30.130    -0.001    -0.029    -0.018
    30.140     0.003    -0.019    -0.011
    30.150     0.002     0.019     0.005
    30.160    -0.003    -0.001    -0.015
    30.170     0.004    -0.009    -0.010
    30.180     0.010    -0.004     0.017
    30.190     0.006    -0.004     0.029
    30.200     0.005     0.035     0.039
    30.210     0.002     0.013     0.022
    30.220     0.004    -0.020     0.001
    30.230     0.012    -0.007     0.004
    30.240     0.006    -0.001     0.013
    30.250    -0.003     0.019     0.022
    30.260    -0.001     0.027     0.013
    30.270     0.001     0.008     0.005
    30.280     0.001    -0.008     0.003
    30.290     0.016    -0.010    -0.006
    30.300     0.023     0.015     0.004
    30.310     0.002     0.047     0.043
    30.320    -0.015     0.030     0.016
    30.330    -0.007    -0.019    -0.056
    30.340    -0.007    -0.043    -0.055
    30.350    -0.011    -0.022    -0.015
    30.360    -0.011     0.019     0.007
    30.370    -0.011     0.005    -0.020
    30.380    -0.004    -0.029    -0.041
    30.390    -0.004    -0.015    -0.021
    30.400    -0.002     0.004    -0.022
    30.410    -0.002     0.011    -0.011
    30.420     0.001    -0.003    -0.007
    30.430    -0.001    -0.019    -0.027
    30.440    -0.008     0.011     0.005
    30.450    -0.003     0.018     0.034
    30.460     0.002    -0.014     0.017
    30.470     0.000    -0.028     0.017
    30.480    -0.004    -0.023     0.018
    30.490     0.000     0.000     0.006
    30.500     0.008     0.003    -0.004
    30.510     0.013    -0.007     0.004
    30.520     0.010    -0.005     0.030
    30.530     0.003     0.000     0.031
    30.540     0.001     0.019     0.013
    30.550     0.001     0.014     0.003
    30.560     0.006    -0.006    -0.005
    30.570     0.013     0.008    -0.011
    30.580     0.001     0.041    -0.001
    30.590    -0.023     0.035    -0.011
    30.600    -0.017    -0.009    -0.040
    30.610    -0.002    -0.026    -0.040
    30.620     0.004    -0.012    -0.010
    30.630     0.014     0.022     0.005
    30.640     0.015     0.035    -0.011
    30.650     0.001     0.009     0.006
    30.660    -0.010    -0.018     0.002
    30.670     0.001    -0.026    -0.027
    30.680     0.002    -0.008    -0.022
    30.690    -0.002    -0.005     0.001
    30.700    -0.011    -0.014     0.033
    30.710    -0.006    -0.016     0.001
    30.720     0.006    -0.004    -0.020
    30.730     0.001     0.000     0.013
    30.740     0.006    -0.010    -0.005
    30.750     0.004    -0.007    -0.006
    30.760    -0.001    -0.019     0.021
    30.770     0.003    -0.001     0.016
    30.780     0.012     0.043     0.020
    30.790     0.007     0.024     0.010
    30.800    -0.003    -0.015    -0.004
    30.810     0.002    -0.014    -0.001
    30.820    -0.001     0.009    -0.008
    30.830    -0.001     0.028    -0.006
    30.840    -0.003     0.016     0.003
    30.850     0.001    -0.012     0.001
    30.860     0.003    -0.014     0.015
    30.870    -0.003    -0.007     0.004
    30.880     0.005     0.017    -0.029
    30.890    -0.001     0.026     0.007
    30.900     0.004     0.008     0.028
    30.910     0.008     0.013    -0.001
    30.920     0.004     0.022     0.005
    30.930    -0.003     0.018     0.004
    30.940    -0.022    -0.029    -0.012
    30.950    -0.008    -0.061    -0.024
    30.960     0.012    -0.012    -0.014
    30.970     0.010     0.038     0.026
    30.980    -0.003     0.038     0.040
    30.990    -0.008    -0.009     0.002
    31.000     0.001    -0.052    -0.027
    31.010     0.006    -0.028    -0.010
    31.020     0.002    -0.002    -0.009
    31.030     0.001    -0.007    -0.015
    31.040     0.013     0.015    -0.002
    31.050     0.001     0.018     0.006
    31.060    -0.010     0.004     0.006
    31.070    -0.003    -0.012    -0.018
    31.080     0.002    -0.032    -0.026
    31.090     0.009     0.014     0.008
    31.100    -0.001     0.044     0.029
    31.110    -0.006     0.019    -0.007
    31.120     0.004     0.002    -0.027
    31.130     0.002    -0.013    -0.003
    31.140    -0.004    -0.010     0.003
    31.150    -0.005     0.012    -0.002
    31.160    -0.003     0.012     0.001
    31.170    -0.001     0.003     0.010
    31.180     0.006     0.009     0.011
    31.190     0.008     0.014     0.007
    31.200     0.003     0.014     0.006
    31.210    -0.009     0.000     0.010
    31.220    -0.009     0.004     0.008
    31.230    -0.003     0.018     0.002
    31.240    -0.002    -0.015     0.000
    31.250     0.014    -0.028    -0.005
    31.260     0.008    -0.004     0.003
    31.270    -0.006     0.024     0.001
    31.280    -0.004     0.034    -0.010
    31.290    -0.008    -0.023    -0.021
    31.300    -0.005    -0.061    -0.008
    31.310     0.009    -0.024     0.022
    31.320     0.010     0.021     0.006
    31.330    -0.008     0.020    -0.015
    31.340    -0.002    -0.019    -0.020
    31.350     0.012    -0.022    -0.019
    31.360     0.010     0.003    -0.002
    31.370    -0.001     0.007     0.021
    31.380    -0.005    -0.007     0.013
    31.390     0.001    -0.018    -0.012
    31.400    -0.007    -0.008    -0.010
    31.410     0.004     0.004    -0.002
    31.420     0.005     0.008     0.008
    31.430     0.000     0.019     0.000
    31.440     0.002     0.033    -0.004
    31.450    -0.011     0.018    -0.002
    31.460     0.002    -0.002    -0.024
    31.470     0.003     0.000    -0.010
    31.480     0.000     0.019     0.006
    31.490    -0.003     0.043    -0.003
    31.500    -0.017     0.020     0.001
    31.510    -0.007    -0.016    -0.019
    31.520     0.000    -0.013    -0.023
    31.530     0.002     0.025     0.011
    31.540    -0.007     0.021     0.015
    31.550    -0.006    -0.023    -0.009
    31.560     0.018    -0.019    -0.021
    31.570     0.017     0.010    -0.013
    31.580     0.007     0.029     0.014
    31.590     0.002     0.001     0.024
    31.600     0.003    -0.051    -0.018
    31.610     0.002    -0.039    -0.008
    31.620    -0.003     0.006     0.027
    31.630    -0.004     0.009     0.006
    31.640    -0.005    -0.030     0.012
    31.650     0.009    -0.051     0.013
    31.660     0.012    -0.014     0.010
    31.670    -0.005     0.035     0.025
    31.680    -0.013     0.022     0.018
    31.690     0.001    -0.034    -0.011
    31.700     0.015    -0.037    -0.028
    31.710     0.006     0.022    -0.002
    31.720    -0.004     0.046     0.022
    31.730     0.002     0.016     0.012
    31.740     0.007    -0.001    -0.010
    31.750    -0.006     0.007     0.006
    31.760    -0.011     0.036     0.010
    31.770    -0.011     0.030    -0.014
    31.780    -0.008    -0.018    -0.034
    31.790     0.008    -0.028    -0.049
    31.800     0.016     0.016    -0.028
    31.810     0.017     0.056    -0.009
    31.820     0.004     0.039     0.001
    31.830    -0.003    -0.005    -0.004
    31.840    -0.002    -0.033    -0.024
    31.850    -0.004    -0.030    -0.018
    31.860     0.001    -0.007     0.004
    31.870    -0.002    -0.004     0.009
    31.880     0.000    -0.020    -0.001
    31.890     0.002    -0.026     0.010
    31.900     0.004    -0.009     0.020
    31.910     0.011    -0.009     0.012
    31.920     0.022    -0.008     0.007
    31.930     0.016     0.003     0.024
    31.940     0.002     0.000     0.032
    31.950     0.011    -0.004     0.007
    31.960     0.005    -0.019    -0.009
    31.970     0.003    -0.005    -0.014
    31.980     0.006     0.023     0.015
    31.990    -0.008     0.005     0.025
    32.000     0.002    -0.002    -0.002
    32.010     0.003     0.022     0.014
    32.020    -0.003     0.017    -0.008
    32.030    -0.004    -0.008    -0.023
    32.040    -0.003    -0.021     0.004
    32.050     0.011     0.011     0.000
    32.060     0.003     0.047     0.019
    32.070    -0.003     0.004     0.000
    32.080     0.004    -0.032    -0.038
    32.090     0.003    -0.023    -0.022
    32.100     0.001    -0.006    -0.005
    32.110    -0.008     0.010    -0.015
    32.120     0.006     0.003    -0.033
    32.130     0.007     0.015     0.006
    32.140    -0.003     0.005     0.017
    32.150    -0.007    -0.016    -0.011
    32.160    -0.010    -0.014    -0.009
    32.170     0.011    -0.014    -0.008
    32.180     0.008     0.004     0.000
    32.190     0.004     0.004    -0.007
    32.200     0.005    -0.006     0.013
    32.210    -0.006    -0.009     0.038
    32.220     0.001    -0.008    -0.002
    32.230    -0.004     0.015    -0.013
    32.240     0.001     0.021     0.018
    32.250     0.006     0.003     0.021
    32.260     0.016    -0.005     0.011
    32.270     0.018     0.008     0.014
    32.280    -0.013     0.021     0.026
    32.290    -0.017     0.008     0.011
    32.300    -0.004    -0.036    -0.038
    32.310     0.010    -0.048    -0.048
    32.320     0.016     0.010    -0.007
    32.330     0.005     0.043     0.026
    32.340    -0.005     0.008     0.004
    32.350    -0.004    -0.032    -0.026
    32.360     0.006    -0.026    -0.009
    32.370     0.006     0.011     0.014
    32.380     0.000     0.023     0.010
    32.390     0.006    -0.009    -0.022
    32.400     0.017    -0.021    -0.029
    32.410     0.005     0.020     0.017
    32.420    -0.013     0.035     0.013
    32.430    -0.010    -0.003    -0.030
    32.440    -0.009    -0.041    -0.024
    32.450    -0.005    -0.037    -0.009
    32.460     0.008     0.011    -0.004
    32.470     0.013     0.031     0.004
    32.480     0.011     0.024     0.022
    32.490     0.005     0.015     0.015
    32.500    -0.011    -0.017    -0.023
    32.510    -0.017    -0.016     0.004
    32.520     0.004    -0.003     0.022
    32.530     0.011    -0.001    -0.013
    32.540     0.001     0.012     0.007
    32.550    -0.003    -0.007     0.036
    32.560     0.000    -0.025     0.004
    32.570     0.010    -0.016    -0.035
    32.580     0.006    -0.005    -0.014
    32.590     0.011     0.022     0.038
    32.600     0.011     0.028     0.036
    32.610    -0.001     0.005    -0.002
    32.620     0.004     0.002    -0.027
    32.630    -0.009     0.018    -0.029
    32.640    -0.017     0.029    -0.006
    32.650    -0.009    -0.001     0.003
    32.660     0.004    -0.032    -0.013
    32.670     0.012     0.006     0.004
    32.680    -0.002     0.034     0.014
    32.690     0.010     0.020    -0.020
    32.700     0.013     0.003    -0.011
    32.710    -0.001    -0.022     0.006
    32.720     0.002     0.000     0.004
    32.730     0.001     0.032     0.012
    32.740     0.001     0.016     0.001
    32.750     0.006    -0.011    -0.005
    32.760     0.011    -0.010    -0.013
    32.770    -0.003     0.019    -0.010
    32.780    -0.014     0.013     0.022
    32.790    -0.007    -0.031     0.006
    32.800     0.006    -0.044    -0.032
    32.810     0.014    -0.014    -0.003
    32.820     0.018     0.023     0.029
    32.830     0.012     0.027     0.008
    32.840    -0.015    -0.009    -0.018
    32.850    -0.009    -0.038    -0.023
    32.860     0.001    -0.027    -0.007
    32.870    -0.004     0.012     0.004
    32.880    -0.006     0.019    -0.005
    32.890    -0.017    -0.013    -0.003
    32.900    -0.006    -0.019    -0.014
    32.910     0.002     0.003    -0.023
    32.920     0.000     0.037     0.006
    32.930     0.000     0.039     0.007
    32.940     0.004     0.015    -0.009
    32.950     0.002     0.007     0.007
    32.960    -0.007     0.006     0.009
    32.970    -0.005     0.029    -0.003
    32.980    -0.005     0.014    -0.007
    32.990     0.007    -0.016    -0.022
    33.000     0.003    -0.007    -0.009
    33.010    -0.003     0.003     0.007
    33.020     0.008     0.024     0.006
    33.030    -0.006     0.007     0.008
    33.040    -0.002    -0.024    -0.009
    33.050    -0.002    -0.033     0.003
    33.060    -0.002    -0.048     0.017
    33.070     0.020    -0.008    -0.017
    33.080     0.009     0.040     0.001
    33.090     0.000     0.020     0.038
    33.100     0.003    -0.017     0.013
    33.110    -0.005    -0.057    -0.032
    33.120     0.002    -0.033    -0.030
    33.130     0.001     0.034     0.033
    33.140    -0.007     0.017     0.022
    33.150     0.003    -0.003    -0.021
    33.160    -0.003    -0.010    -0.001
    33.170    -0.002    -0.017    -0.003
    33.180     0.002     0.021    -0.002
    33.190    -0.004     0.009    -0.010
    33.200    -0.002    -0.010    -0.014
    33.210    -0.005     0.000     0.016
    33.220    -0.002     0.010     0.022
    33.230    -0.001     0.014     0.014
    33.240     0.000    -0.009    -0.012
    33.250    -0.002     0.006    -0.008
    33.260     0.000     0.031     0.010
    33.270     0.002     0.011    -0.002
    33.280    -0.005    -0.022    -0.018
    33.290     0.002    -0.012    -0.001
    33.300    -0.002     0.023     0.019
    33.310    -0.002     0.017    -0.021
    33.320    -0.006     0.007    -0.015
    33.330    -0.007    -0.006     0.002
    33.340     0.005    -0.008    -0.031
    33.350    -0.003     0.020    -0.024
    33.360     0.001     0.019    -0.010
    33.370     0.006     0.009     0.014
    33.380     0.002    -0.009     0.009
    33.390    -0.001    -0.024    -0.010
    33.400     0.006     0.000    -0.008
    33.410     0.004    -0.004    -0.024
    33.420    -0.006    -0.016     0.001
    33.430     0.008    -0.017     0.018
    33.440     0.010    -0.026     0.017
    33.450     0.005     0.008     0.028
    33.460    -0.003     0.019     0.011
    33.470    -0.014    -0.011     0.010
    33.480    -0.002    -0.024     0.012
    33.490     0.007    -0.016    -0.011
    33.500     0.000     0.007    -0.006
    33.510    -0.005     0.019     0.022
    33.520     0.002     0.022     0.013
    33.530    -0.003     0.021    -0.012
    33.540    -0.022    -0.008    -0.023
    33.550    -0.005    -0.019    -0.008
    33.560     0.005    -0.001     0.035
    33.570    -0.007     0.002     0.023
    33.580     0.004     0.010    -0.003
    33.590     0.003     0.015    -0.008
    33.600     0.003     0.003    -0.028
    33.610     0.001     0.005    -0.011
    33.620    -0.001    -0.008    -0.016
    33.630     0.018    -0.007    -0.027
    33.640     0.009     0.026     0.027
    33.650     0.003     0.039     0.017
    33.660     0.003     0.025    -0.033
    33.670    -0.009    -0.035    -0.016
    33.680     0.009    -0.068    -0.006
    33.690     0.021    -0.023    -0.010
    33.700     0.013     0.035     0.015
    33.710     0.005     0.041     0.010
    33.720    -0.008    -0.031    -0.015
    33.730    -0.001    -0.061    -0.024
    33.740    -0.001    -0.024    -0.015
    33.750    -0.007     0.002     0.015
    33.760     0.002     0.020     0.022
    33.770     0.001    -0.009     0.002
    33.780    -0.008    -0.022     0.009
    33.790    -0.009     0.016     0.012
    33.800    -0.009     0.019    -0.013
    33.810    -0.014    -0.009    -0.007
    33.820    -0.006    -0.031     0.006
    33.830     0.010    -0.007     0.008
    33.840     0.002     0.048     0.026
    33.850    -0.016     0.038     0.009
    33.860    -0.018     0.002    -0.019
    33.870    -0.012    -0.006    -0.028
    33.880    -0.010    -0.009    -0.020
    33.890    -0.002     0.016    -0.008
    33.900     0.007     0.028    -0.008
    33.910    -0.002     0.006     0.016
    33.920     0.003    -0.007     0.016
    33.930     0.015    -0.006    -0.019
    33.940     0.013     0.012    -0.017
    33.950     0.011     0.010     0.007
    33.960     0.008    -0.021     0.000
    33.970     0.018    -0.015    -0.020
    33.980     0.010     0.008     0.017
    33.990     0.005    -0.020     0.035
    34.000     0.021    -0.042     0.004
    34.010     0.009    -0.030     0.015
    34.020    -0.004    -0.024     0.022
    34.030     0.004     0.004    -0.003
    34.040     0.006     0.028    -0.030
    34.050    -0.011     0.008    -0.026
    34.060    -0.014    -0.017    -0.010
    34.070    -0.004    -0.025    -0.019
    34.080    -0.005    -0.007    -0.007
    34.090    -0.002     0.014     0.010
    34.100    -0.001     0.010    -0.005
    34.110    -0.016     0.004    -0.007
    34.120    -0.018    -0.007     0.000
    34.130    -0.009    -0.008    -0.020
    34.140    -0.005     0.005    -0.031
    34.150     0.006     0.023    -0.003
    34.160     0.006     0.041     0.019
    34.170    -0.012     0.024    -0.002
    34.180    -0.016    -0.004    -0.019
    34.190    -0.003    -0.014    -0.006
    34.200     0.006    -0.002    -0.001
    34.210     0.008     0.023     0.014
    34.220     0.007     0.018     0.026
    34.230     0.013    -0.008     0.003
    34.240     0.002    -0.010     0.009
    34.250    -0.012    -0.016     0.018
    34.260     0.008    -0.031     0.000
    34.270     0.013    -0.023    -0.006
    34.280     0.009    -0.004    -0.007
    34.290     0.008     0.017     0.012
    34.300    -0.007     0.004     0.020
    34.310     0.000    -0.013    -0.017
    34.320    -0.001    -0.015    -0.023
    34.330     0.000    -0.015     0.019
    34.340     0.006     0.012     0.019
    34.350     0.004     0.015    -0.026
    34.360     0.010     0.007    -0.030
    34.370     0.011     0.010    -0.008
    34.380     0.004    -0.009    -0.009
    34.390    -0.002    -0.012    -0.009
    34.400     0.002    -0.002    -0.005
    34.410    -0.007    -0.001    -0.003
    34.420    -0.013    -0.005    -0.005
    34.430    -0.004    -0.014    -0.011
    34.440     0.005    -0.018    -0.015
    34.450     0.019     0.019     0.002
    34.460     0.005     0.050     0.012
    34.470    -0.004     0.025    -0.010
    34.480    -0.005     0.004    -0.015
    34.490     0.000    -0.001     0.002
    34.500     0.002    -0.002     0.007
    34.510    -0.014    -0.002    -0.005
    34.520     0.000     0.004    -0.002
    34.530     0.003     0.011     0.013
    34.540     0.002    -0.009     0.000
    34.550     0.012    -0.003    -0.007
    34.560     0.009     0.015     0.009
    34.570     0.006     0.021     0.029
    34.580    -0.008     0.018     0.035
    34.590    -0.009    -0.021    -0.019
    34.600     0.009    -0.026    -0.037
    34.610     0.015     0.010     0.016
    34.620     0.003     0.008     0.018
    34.630     0.001     0.003     0.019
    34.640     0.006     0.006     0.018
    34.650     0.001    -0.009    -0.022
    34.660     0.004    -0.002    -0.008
    34.670     0.003    -0.008    -0.011
    34.680    -0.004    -0.020    -0.022
    34.690    -0.010    -0.008     0.012
    34.700    -0.004    -0.004    -0.002
    34.710     0.006     0.002    -0.030
    34.720    -0.004     0.000    -0.004
    34.730    -0.005     0.009     0.013
    34.740     0.012     0.010    -0.029
    34.750     0.010    -0.003    -0.059
    34.760    -0.005     0.015    -0.020
    34.770     0.001     0.022     0.022
    34.780     0.016     0.015     0.000
    34.790     0.014     0.000    -0.029
    34.800    -0.005    -0.006    -0.003
    34.810    -0.002     0.010     0.033
    34.820     0.010     0.006     0.010
    34.830     0.006     0.007    -0.011
    34.840     0.004     0.001     0.037
    34.850     0.008    -0.026     0.046
    34.860     0.008    -0.002     0.022
    34.870    -0.005     0.028     0.008
    34.880     0.001     0.017    -0.015
    34.890     0.014     0.020     0.008
    34.900    -0.005     0.003     0.013
    34.910    -0.006    -0.015    -0.015
    34.920     0.003    -0.010     0.003
    34.930    -0.005    -0.008     0.029
    34.940    -0.005     0.014     0.035
    34.950    -0.004    -0.013    -0.005
    34.960    -0.003    -0.030    -0.022
    34.970    -0.012    -0.005     0.006
    34.980    -0.008    -0.021    -0.022
    34.990     0.004     0.000    -0.035
    35.000    -0.005     0.017    -0.020
    35.010    -0.007    -0.010    -0.018
    35.020     0.005    -0.021    -0.026
    35.030     0.008    -0.017    -0.035
    35.040     0.002     0.029    -0.014
    35.050     0.009     0.056    -0.004
    35.060     0.012     0.034    -0.023
    35.070     0.006     0.001    -0.038
    35.080     0.013    -0.008    -0.022
    35.090     0.018     0.014     0.002
    35.100     0.011     0.020     0.017
    35.110     0.002    -0.016     0.002
    35.120     0.017    -0.031    -0.001
    35.130     0.014     0.005     0.041
    35.140     0.005     0.018     0.035
    35.150     0.007    -0.002     0.003
    35.160     0.010    -0.022     0.003
    35.170     0.014    -0.008     0.022
    35.180    -0.006     0.002     0.035
    35.190    -0.009    -0.008     0.013
    35.200     0.001     0.002     0.000
    35.210    -0.001    -0.002     0.005
    35.220    -0.001     0.014    -0.004
    35.230    -0.009     0.028     0.010
    35.240    -0.019     0.007    -0.007
    35.250    -0.017    -0.037    -0.046
    35.260     0.005    -0.038    -0.013
    35.270     0.010     0.029     0.000
    35.280    -0.002     0.041    -0.027
    35.290    -0.006     0.022    -0.021
    35.300     0.003     0.006    -0.010
    35.310    -0.003    -0.009    -0.006
    35.320    -0.007     0.006    -0.008
    35.330     0.009     0.003    -0.020
    35.340     0.007    -0.021    -0.016
    35.350     0.012    -0.028    -0.001
    35.360     0.013    -0.016     0.007
    35.370     0.003     0.013     0.000
    35.380     0.007     0.021     0.010
    35.390     0.001    -0.011     0.016
    35.400     0.001    -0.028     0.005
    35.410     0.006    -0.010     0.023
    35.420     0.019     0.016     0.022
    35.430     0.014     0.022     0.000
    35.440    -0.010     0.002    -0.001
    35.450    -0.007    -0.018     0.003
    35.460    -0.004    -0.024     0.013
    35.470    -0.007     0.001    -0.003
    35.480    -0.005     0.037    -0.019
    35.490    -0.006     0.035     0.002
    35.500    -0.004     0.010     0.019
    35.510     0.005     0.001    -0.009
    35.520     0.006     0.016    -0.040
    35.530    -0.006     0.041    -0.010
    35.540    -0.005     0.024     0.004
    35.550    -0.007    -0.034    -0.022
    35.560    -0.003    -0.034    -0.016
    35.570     0.020     0.021     0.007
    35.580     0.009     0.042     0.008
    35.590    -0.005     0.015    -0.007
    35.600    -0.001    -0.017    -0.011
    35.610     0.003    -0.037    -0.015
    35.620     0.018    -0.010    -0.006
    35.630     0.015     0.023     0.021
    35.640     0.006     0.002     0.015
    35.650    -0.003    -0.011     0.016
    35.660    -0.009    -0.024     0.024
    35.670    -0.009    -0.046     0.009
    35.680     0.000    -0.043     0.011
    35.690     0.010    -0.009     0.014
    35.700    -0.002     0.029     0.010
    35.710    -0.005     0.021    -0.015
    35.720    -0.008    -0.015    -0.036
    35.730    -0.009    -0.030     0.006
    35.740     0.001    -0.006     0.027
    35.750    -0.007     0.023    -0.005
    35.760    -0.013     0.033    -0.013
    35.770    -0.008     0.019     0.002
    35.780    -0.004     0.004    -0.010
    35.790    -0.007     0.015    -0.019
    35.800     0.000     0.025     0.013
    35.810     0.005     0.012     0.006
    35.820     0.004     0.005    -0.019
    35.830     0.000     0.025    -0.007
    35.840    -0.005     0.021    -0.010
    35.850    -0.001     0.002    -0.007
    35.860    -0.002    -0.014    -0.005
    35.870     0.000    -0.012     0.006
    35.880     0.002     0.024     0.031
    35.890    -0.005     0.020     0.020
    35.900    -0.010    -0.008     0.002
    35.910    -0.002    -0.026    -0.020
    35.920    -0.003    -0.019    -0.004
    35.930    -0.010    -0.001     0.025
    35.940     0.002    -0.026    -0.004
    35.950     0.015    -0.030    -0.025
    35.960     0.014     0.003    -0.014
    35.970    -0.006     0.005     0.022
    35.980    -0.006    -0.019     0.015
    35.990     0.013    -0.028    -0.045
    36.000     0.008     0.006    -0.012
    36.010     0.001     0.042     0.049
    36.020     0.004     0.014     0.009
    36.030     0.017     0.001    -0.028
    36.040     0.007     0.014    -0.001
    36.050    -0.002     0.005     0.038
    36.060     0.008     0.002     0.027
    36.070     0.003    -0.018    -0.019
    36.080    -0.002    -0.009     0.003
    36.090    -0.012     0.016     0.029
    36.100    -0.007     0.010     0.000
    36.110     0.005     0.020    -0.018
    36.120    -0.007     0.014    -0.011
    36.130    -0.018     0.020     0.022
    36.140    -0.023     0.029     0.027
    36.150    -0.012     0.001    -0.023
    36.160    -0.005     0.009    -0.030
    36.170    -0.010     0.022     0.023
    36.180    -0.010    -0.004     0.046
    36.190    -0.005    -0.040    -0.003
    36.200     0.000    -0.038    -0.030
    36.210    -0.005     0.006     0.010
    36.220    -0.008    -0.002    -0.001
    36.230     0.000    -0.020    -0.043
    36.240     0.013     0.003    -0.029
    36.250     0.009     0.005    -0.003
    36.260     0.012     0.019     0.007
    36.270     0.012     0.024     0.007
    36.280     0.001    -0.017    -0.013
    36.290     0.005    -0.033    -0.007
    36.300     0.006    -0.041     0.005
    36.310     0.009    -0.042    -0.016
    36.320     0.009    -0.013    -0.012
    36.330     0.003     0.000    -0.008
    36.340     0.007     0.004    -0.001
    36.350    -0.002     0.007     0.019
    36.360    -0.001     0.008    -0.010
    36.370     0.007     0.032    -0.021
    36.380    -0.011     0.018     0.005
    36.390    -0.004    -0.014     0.017
    36.400     0.009     0.005     0.015
    36.410    -0.009     0.013     0.023
    36.420    -0.014     0.011     0.038
    36.430    -0.002    -0.004     0.002
    36.440     0.009    -0.008    -0.045
    36.450     0.007     0.036    -0.022
    36.460     0.002     0.042     0.002
    36.470    -0.001    -0.002    -0.002
    36.480    -0.006    -0.041     0.015
    36.490    -0.002    -0.044     0.028
    36.500     0.000    -0.004     0.029
    36.510     0.001     0.030     0.015
    36.520     0.003     0.020    -0.009
    36.530     0.000    -0.016    -0.024
    36.540     0.005    -0.034    -0.012
    36.550     0.013     0.000     0.027
    36.560     0.006     0.022     0.015
    36.570     0.001     0.010    -0.021
    36.580    -0.007    -0.009    -0.014
    36.590    -0.014    -0.046    -0.013
    36.600     0.001    -0.033    -0.022
    36.610     0.002     0.018    -0.008
    36.620    -0.008     0.021     0.021
    36.630    -0.001     0.008     0.014
    36.640    -0.005     0.007    -0.018
    36.650    -0.017     0.000    -0.022
    36.660    -0.005     0.000    -0.029
    36.670     0.013     0.016    -0.003
    36.680     0.008     0.045     0.023
    36.690    -0.006     0.041     0.001
    36.700    -0.009    -0.003     0.009
    36.710     0.005    -0.030    -0.016
    36.720     0.004    -0.027    -0.029
    36.730     0.004     0.024     0.017
    36.740    -0.001     0.027     0.023
    36.750    -0.013    -0.038     0.000
    36.760     0.010    -0.038    -0.002
    36.770     0.016     0.000     0.022
    36.780     0.005     0.030     0.028
    36.790     0.001     0.007     0.009
    36.800     0.008    -0.050    -0.037
    36.810     0.011    -0.038    -0.016
    36.820    -0.016     0.001     0.044
    36.830    -0.017     0.004     0.025
    36.840    -0.002    -0.017    -0.008
    36.850    -0.004    -0.023    -0.015
    36.860    -0.005     0.006     0.023
    36.870    -0.003     0.021     0.028
    36.880     0.002     0.019    -0.012
    36.890    -0.005     0.022    -0.010
    36.900    -0.013    -0.002    -0.011
    36.910    -0.003    -0.020    -0.012
    36.920     0.007     0.000    -0.013
    36.930     0.006     0.006    -0.002
    36.940     0.010     0.013     0.016
    36.950     0.009     0.019     0.000
    36.960    -0.001     0.009    -0.020
    36.970     0.006     0.017    -0.016
    36.980     0.006     0.023     0.000
    36.990    -0.008     0.014     0.002
    37.000    -0.001     0.008     0.003
    37.010     0.004    -0.002     0.006
    37.020     0.007    -0.028    -0.020
    37.030     0.010    -0.044    -0.022
    37.040     0.008    -0.024     0.018
    37.050    -0.002     0.009     0.043
    37.060    -0.019     0.012     0.026
    37.070    -0.010    -0.014    -0.010
    37.080    -0.008    -0.033    -0.004
    37.090    -0.011    -0.021     0.011
    37.100     0.000     0.022    -0.012
    37.110    -0.009     0.029    -0.028
    37.120    -0.006    -0.007    -0.020
    37.130     0.001    -0.015    -0.003
    37.140     0.000    -0.003     0.006
    37.150    -0.004     0.009     0.004
    37.160    -0.015    -0.002    -0.011
    37.170    -0.003    -0.017    -0.007
    37.180     0.009     0.004    -0.006
    37.190     0.009     0.029     0.000
    37.200     0.009     0.032     0.033
    37.210     0.011     0.013     0.032
    37.220     0.006     0.002     0.022
    37.230    -0.006     0.005     0.004
    37.240    -0.003     0.008     0.013
    37.250     0.006    -0.003     0.036
    37.260     0.009    -0.009    -0.001
    37.270     0.001     0.015     0.002
    37.280    -0.009     0.002     0.033
    37.290     0.002    -0.027     0.008
    37.300     0.015    -0.017    -0.020
    37.310     0.010    -0.005    -0.015
    37.320     0.009    -0.011    -0.007
    37.330     0.014    -0.027     0.003
    37.340     0.012    -0.009     0.013
    37.350     0.006     0.032     0.016
    37.360    -0.007     0.013     0.008
    37.370    -0.002    -0.028    -0.036
    37.380     0.005    -0.024    -0.040
    37.390     0.001     0.019    -0.012
    37.400     0.004     0.057    -0.022
    37.410    -0.004     0.017    -0.026
    37.420     0.003    -0.042    -0.032
    37.430     0.002    -0.024    -0.036
    37.440    -0.021     0.014    -0.009
    37.450    -0.015     0.038     0.021
    37.460    -0.003     0.015     0.014
    37.470     0.002    -0.031    -0.012
    37.480    -0.002    -0.020     0.025
    37.490    -0.002    -0.005     0.046
    37.500     0.006    -0.001     0.004
    37.510     0.002     0.000    -0.020
    37.520     0.009    -0.008    -0.026
    37.530     0.005     0.009     0.006
    37.540     0.008    -0.001     0.011
    37.550     0.012    -0.018     0.016
    37.560    -0.002    -0.007     0.060
    37.570    -0.006    -0.011     0.046
    37.580    -0.005    -0.014     0.038
    37.590     0.013    -0.032     0.015
    37.600     0.022    -0.016    -0.012
    37.610     0.011     0.032     0.019
    37.620     0.002     0.027     0.014
    37.630    -0.007    -0.002    -0.004
    37.640    -0.006    -0.014    -0.003
    37.650    -0.001    -0.001     0.004
    37.660     0.003     0.021     0.011
    37.670    -0.001     0.043     0.003
    37.680    -0.006     0.042    -0.016
    37.690    -0.002     0.000    -0.025
    37.700     0.004    -0.019    -0.026
    37.710     0.005     0.007    -0.020
    37.720    -0.002     0.025    -0.004
    37.730    -0.001     0.015    -0.023
    37.740     0.000    -0.019    -0.024
    37.750    -0.001    -0.058    -0.030
    37.760     0.011    -0.026    -0.040
    37.770     0.007     0.026     0.007
    37.780    -0.008     0.007    -0.004
    37.790    -0.002    -0.009    -0.008
    37.800     0.002    -0.019     0.022
    37.810     0.008     0.007     0.008
    37.820     0.013     0.050     0.013
    37.830    -0.002     0.021     0.032
    37.840    -0.017    -0.011     0.031
    37.850    -0.013    -0.032    -0.001
    37.860     0.007    -0.030     0.001
    37.870     0.017     0.001     0.020
    37.880     0.011     0.002     0.017
    37.890     0.002     0.018     0.054
    37.900     0.006     0.005     0.038
    37.910     0.011    -0.037    -0.016
    37.920     0.010    -0.005    -0.006
    37.930     0.008     0.029     0.029
    37.940    -0.008     0.034     0.039
    37.950    -0.008     0.018    -0.010
    37.960    -0.003    -0.021    -0.033
    37.970    -0.002    -0.012    -0.006
    37.980     0.005     0.016     0.017
    37.990    -0.006     0.010     0.007
    38.000    -0.017    -0.033    -0.027
    38.010    -0.014    -0.054    -0.021
    38.020     0.002    -0.011    -0.017
    38.030     0.009     0.033    -0.016
    38.040     0.002     0.027    -0.011
    38.050     0.005    -0.016    -0.023
    38.060    -0.001    -0.028    -0.020
    38.070    -0.003     0.004    -0.002
    38.080    -0.001     0.038     0.036
    38.090    -0.007     0.014     0.034
    38.100    -0.004    -0.036     0.010
    38.110     0.005    -0.036    -0.006
    38.120     0.014     0.006    -0.030
    38.130     0.013     0.038    -0.009
    38.140     0.009     0.013     0.021
    38.150     0.013    -0.035    -0.006
    38.160     0.014    -0.029    -0.010
    38.170     0.004     0.036     0.041
    38.180    -0.005     0.051     0.044
    38.190    -0.005     0.007     0.008
    38.200     0.007    -0.009    -0.017
    38.210     0.011     0.006     0.000
    38.220    -0.008     0.026     0.013
    38.230    -0.014    -0.001    -0.033
    38.240    -0.007    -0.039    -0.028
    38.250     0.006    -0.013     0.002
    38.260     0.014     0.038     0.007
    38.270    -0.006     0.038     0.015
    38.280    -0.014    -0.035    -0.013
    38.290     0.000    -0.066    -0.027
    38.300    -0.002     0.004     0.018
    38.310    -0.007     0.066     0.023
    38.320    -0.010     0.047    -0.004
    38.330    -0.014    -0.009    -0.002
    38.340    -0.002    -0.028    -0.019
    38.350    -0.004     0.001    -0.026
    38.360    -0.008     0.024    -0.003
    38.370     0.009    -0.013     0.001
    38.380     0.010    -0.047     0.003
    38.390     0.008    -0.013     0.018
    38.400     0.010     0.025     0.026
    38.410     0.008     0.014     0.013
    38.420     0.012    -0.027     0.002
    38.430     0.020    -0.032     0.000
    38.440     0.021     0.003     0.010
    38.450     0.008     0.014     0.013
    38.460     0.001     0.002    -0.010
    38.470    -0.006    -0.008    -0.008
    38.480    -0.006    -0.014    -0.003
    38.490     0.002     0.016    -0.022
    38.500    -0.004     0.052    -0.009
    38.510    -0.007     0.051     0.009
    38.520    -0.017     0.011     0.016
    38.530    -0.008    -0.030     0.009
    38.540     0.011    -0.019    -0.018
    38.550     0.009     0.008    -0.007
    38.560     0.008     0.029     0.010
    38.570    -0.004     0.015    -0.004
    38.580    -0.009    -0.023    -0.021
    38.590    -0.004    -0.019    -0.007
    38.600    -0.007    -0.001     0.012
    38.610    -0.012     0.001     0.006
    38.620    -0.008    -0.008    -0.011
    38.630     0.006    -0.002    -0.035
    38.640     0.002     0.017    -0.005
    38.650     0.002     0.021     0.022
    38.660     0.013     0.010     0.001
    38.670    -0.005    -0.015     0.003
    38.680    -0.013    -0.037     0.013
    38.690     0.004    -0.041    -0.001
    38.700     0.015    -0.017    -0.017
    38.710     0.002     0.023     0.019
    38.720    -0.010     0.029     0.036
    38.730     0.005    -0.002    -0.019
    38.740     0.008    -0.003    -0.037
    38.750     0.002     0.032     0.001
    38.760     0.009     0.048    -0.004
    38.770     0.007     0.031    -0.025
    38.780     0.002    -0.016    -0.001
    38.790     0.003    -0.043     0.006
    38.800     0.006    -0.009     0.008
    38.810     0.000     0.027     0.006
    38.820     0.004     0.010    -0.001
    38.830     0.006    -0.008     0.016
    38.840    -0.002    -0.011    -0.004
    38.850    -0.005     0.007    -0.007
    38.860    -0.004     0.027     0.002
    38.870     0.006     0.003    -0.030
    38.880     0.002    -0.007    -0.012
    38.890    -0.014     0.000     0.012
    38.900    -0.013    -0.008    -0.017
    38.910    -0.004    -0.023    -0.002
    38.920     0.001    -0.048     0.018
    38.930     0.002    -0.034     0.011
    38.940    -0.005     0.037     0.038
    38.950    -0.012     0.058     0.027
    38.960    -0.007     0.002    -0.030
    38.970     0.003    -0.029    -0.043
    38.980     0.007    -0.015    -0.005
    38.990     0.007     0.012     0.031
    39.000     0.004     0.003     0.016
    39.010     0.003    -0.029    -0.010
    39.020    -0.006    -0.002     0.023
    39.030    -0.020     0.032     0.069
    39.040    -0.004     0.025     0.024
    39.050     0.010    -0.007    -0.045
    39.060     0.014    -0.020    -0.050
    39.070     0.019     0.025    -0.015
    39.080     0.002     0.032    -0.010
    39.090    -0.002    -0.020    -0.036
    39.100     0.003    -0.047    -0.008
    39.110    -0.001    -0.017     0.023
    39.120    -0.014     0.032     0.027
    39.130    -0.008     0.021     0.003
    39.140     0.011    -0.025    -0.037
    39.150     0.009    -0.018    -0.023
    39.160     0.010     0.032    -0.009
    39.170     0.004     0.034    -0.013
    39.180    -0.003    -0.016    -0.029
    39.190    -0.005    -0.046    -0.006
    39.200    -0.010    -0.015     0.046
    39.210    -0.005     0.029     0.037
    39.220    -0.019     0.020     0.014
    39.230    -0.021    -0.029    -0.001
    39.240    -0.001    -0.039    -0.004
    39.250     0.008     0.039     0.014
    39.260     0.011     0.086     0.038
    39.270     0.001     0.028     0.031
    39.280    -0.002    -0.053    -0.010
    39.290     0.000    -0.048     0.012
    39.300    -0.008     0.001     0.034
    39.310    -0.008     0.008    -0.004
    39.320     0.001    -0.003    -0.024
    39.330     0.010    -0.011     0.002
    39.340     0.002     0.021     0.042
    39.350    -0.009     0.034     0.008
    39.360     0.008     0.008    -0.056
    39.370     0.012    -0.014    -0.044
    39.380     0.008    -0.030    -0.014
    39.390     0.011     0.009    -0.009
    39.400    -0.004     0.000    -0.025
    39.410    -0.010    -0.042    -0.032
    39.420    -0.012    -0.024    -0.001
    39.430     0.006    -0.002    -0.002
    39.440     0.011     0.029    -0.004
    39.450    -0.004     0.023     0.029
    39.460     0.014     0.012     0.027
    39.470     0.008     0.028     0.015
    39.480    -0.004    -0.001     0.017
    39.490     0.002    -0.023    -0.017
    39.500     0.013    -0.014    -0.016
    39.510     0.002    -0.002     0.027
    39.520    -0.028     0.004     0.010
    39.530    -0.018     0.001     0.021
    39.540    -0.009    -0.005     0.037
    39.550     0.001    -0.002    -0.001
    39.560     0.001     0.017     0.005
    39.570     0.001     0.026     0.010
    39.580     0.012     0.015     0.003
    39.590    -0.001    -0.011     0.007
    39.600     0.000    -0.017    -0.002
    39.610    -0.002    -0.009     0.021
    39.620    -0.012    -0.015     0.040
    39.630    -0.003    -0.010     0.001
    39.640    -0.005    -0.006    -0.032
    39.650    -0.003     0.012    -0.026
    39.660     0.002     0.016    -0.020
    39.670     0.003    -0.014    -0.025
    39.680     0.014    -0.013    -0.021
    39.690     0.009    -0.004    -0.009
    39.700     0.001     0.003    -0.004
    39.710     0.009     0.011     0.006
    39.720     0.002    -0.023     0.013
    39.730     0.009    -0.037     0.008
    39.740     0.014    -0.002     0.000
    39.750     0.002     0.020     0.009
    39.760     0.007     0.017     0.008
    39.770     0.013     0.002    -0.023
    39.780     0.015     0.005    -0.012
    39.790     0.002     0.010     0.016
    39.800    -0.010     0.003     0.022
    39.810    -0.013     0.000     0.027
    39.820    -0.022    -0.014     0.021
    39.830    -0.012    -0.007     0.009
    39.840    -0.001     0.014     0.008
    39.850    -0.009     0.014     0.019
    39.860    -0.009     0.012     0.007
    39.870     0.006     0.006    -0.028
    39.880     0.021    -0.008    -0.052
    39.890     0.010    -0.004    -0.013
    39.900    -0.001     0.021     0.027
    39.910     0.003     0.041    -0.009
    39.920    -0.017     0.016    -0.015
    39.930    -0.024    -0.026    -0.005
    39.940     0.000    -0.016     0.002
    39.950     0.008     0.008     0.022
    39.960     0.010     0.013     0.000
    39.970     0.003     0.012     0.004
    39.980    -0.004    -0.010     0.015
    39.990     0.005    -0.022     0.007
    40.000     0.002    -0.010     0.012
    40.010    -0.010     0.000     0.015
    40.020    -0.009     0.000     0.035
    40.030     0.001    -0.008     0.028
    40.040     0.000     0.004    -0.001
    40.050     0.004     0.024     0.002
    40.060     0.006    -0.007     0.000
    40.070    -0.001    -0.034    -0.007
    40.080    -0.001    -0.026    -0.008
    40.090    -0.002    -0.003     0.004
    40.100     0.000     0.018     0.005
    40.110    -0.001     0.001    -0.011
    40.120     0.003    -0.018    -0.008
    40.130     0.008    -0.021    -0.012
    40.140    -0.001    -0.001    -0.015
    40.150     0.010     0.045    -0.011
    40.160     0.011     0.034    -0.017
    40.170    -0.003    -0.007    -0.019
    40.180     0.006     0.008    -0.003
    40.190     0.003     0.023     0.014
    40.200     0.002     0.017    -0.004
    40.210    -0.001     0.022    -0.015
    40.220    -0.005    -0.010    -0.014
    40.230    -0.001    -0.035     0.001
    40.240    -0.013    -0.018     0.023
    40.250    -0.017     0.006     0.011
    40.260    -0.017     0.023     0.015
    40.270    -0.012    -0.003     0.021
    40.280     0.007     0.003     0.019
    40.290     0.007     0.039     0.015
    40.300    -0.002     0.029    -0.013
    40.310    -0.016     0.000    -0.014
    40.320    -0.011    -0.042    -0.002
    40.330     0.001    -0.045    -0.002
    40.340    -0.004     0.000     0.022
    40.350    -0.001     0.035     0.030
    40.360    -0.006     0.014    -0.005
    40.370    -0.005    -0.034    -0.015
    40.380     0.005    -0.041    -0.010
    40.390     0.018    -0.008     0.001
    40.400     0.021     0.031     0.033
    40.410     0.009     0.029     0.009
    40.420    -0.002     0.011    -0.008
    40.430    -0.015    -0.006     0.004
    40.440    -0.004    -0.016    -0.024
    40.450     0.006    -0.001    -0.022
    40.460     0.005     0.008     0.005
    40.470     0.011     0.024     0.015
    40.480     0.007     0.013    -0.011
    40.490     0.008    -0.021    -0.055
    40.500     0.004    -0.026    -0.019
    40.510    -0.005    -0.026     0.018
    40.520    -0.001     0.003     0.010
    40.530    -0.010     0.043     0.041
    40.540    -0.029     0.029     0.031
    40.550    -0.021     0.002    -0.006
    40.560    -0.006    -0.019     0.000
    40.570     0.014    -0.010    -0.020
    40.580     0.021     0.042    -0.022
    40.590     0.007     0.059     0.016
    40.600    -0.007     0.012     0.012
    40.610    -0.019    -0.053     0.001
    40.620     0.001    -0.058     0.013
    40.630     0.011    -0.026     0.000
    40.640    -0.002    -0.009     0.021
    40.650    -0.003     0.006     0.032
    40.660     0.010    -0.001    -0.047
    40.670     0.008     0.004    -0.037
    40.680    -0.012     0.001     0.012
    40.690     0.001    -0.021    -0.007
    40.700     0.009    -0.006    -0.005
    40.710    -0.006     0.005     0.000
    40.720    -0.001     0.014     0.019
    40.730     0.003     0.016     0.015
    40.740    -0.007     0.004     0.006
    40.750    -0.018     0.008     0.014
    40.760    -0.004     0.004    -0.010
    40.770     0.014     0.014    -0.006
    40.780     0.007     0.027     0.009
    40.790    -0.002     0.015     0.005
    40.800     0.003     0.012     0.009
    40.810    -0.006    -0.002     0.010
    40.820    -0.018    -0.024    -0.008
    40.830    -0.009    -0.020    -0.024
    40.840    -0.006    -0.009    -0.006
    40.850    -0.004    -0.003     0.010
    40.860     0.009     0.006    -0.015
    40.870     0.008     0.009    -0.023
    40.880     0.003    -0.011     0.012
    40.890     0.004    -0.015     0.016
    40.900     0.003    -0.002    -0.011
    40.910     0.005     0.000    -0.028
    40.920    -0.011    -0.017    -0.020
    40.930    -0.015    -0.042    -0.012
    40.940    -0.005    -0.024    -0.016
    40.950    -0.006     0.019     0.008
    40.960    -0.001     0.013     0.024
    40.970    -0.006    -0.016     0.013
    40.980     0.009     0.010     0.016
    40.990     0.018     0.056     0.009
    41.000    -0.006     0.057    -0.003
    41.010    -0.013    -0.014     0.010
    41.020     0.007    -0.057     0.012
    41.030     0.017     0.013     0.022
    41.040    -0.002     0.069     0.044
    41.050    -0.018     0.028     0.009
    41.060     0.000    -0.069    -0.036
    41.070     0.025    -0.074    -0.024
    41.080     0.010     0.013    -0.005
    41.090     0.001     0.051     0.007
    41.100     0.007     0.022     0.001
    41.110     0.002    -0.025     0.000
    41.120    -0.005    -0.027     0.023
    41.130     0.004     0.011    -0.017
    41.140     0.010     0.031    -0.039
    41.150    -0.016     0.004    -0.008
    41.160    -0.019    -0.033    -0.009
    41.170    -0.008    -0.047    -0.017
    41.180     0.004    -0.024    -0.013
    41.190     0.006     0.019     0.010
    41.200    -0.009     0.010     0.000
    41.210    -0.005    -0.003    -0.019
    41.220     0.008     0.008     0.011
    41.230     0.008     0.014     0.018
    41.240    -0.007     0.021     0.015
    41.250    -0.009    -0.001     0.014
    41.260    -0.001    -0.018    -0.010
    41.270     0.003     0.004    -0.024
    41.280    -0.001     0.026    -0.012
    41.290    -0.002     0.005     0.007
    41.300     0.010    -0.045     0.024
    41.310     0.015    -0.045     0.034
    41.320     0.014     0.014     0.028
    41.330    -0.002     0.050     0.015
    41.340    -0.010     0.029    -0.004
    41.350     0.005    -0.029    -0.034
    41.360     0.012    -0.037    -0.036
    41.370     0.010     0.027     0.016
    41.380     0.003     0.043     0.029
    41.390     0.000    -0.003    -0.023
    41.400     0.005    -0.046    -0.033
    41.410     0.007    -0.031    -0.030
    41.420    -0.003     0.018    -0.018
    41.430    -0.008     0.022     0.000
    41.440     0.002     0.004    -0.021
    41.450     0.003     0.000    -0.009
    41.460     0.004     0.025     0.037
    41.470     0.000     0.044     0.029
    41.480    -0.009     0.004    -0.024
    41.490    -0.003    -0.017    -0.035
    41.500     0.007     0.003     0.000
    41.510     0.002     0.015     0.028
    41.520    -0.006     0.009     0.018
    41.530    -0.001    -0.035     0.004
    41.540    -0.008    -0.059     0.029
    41.550    -0.002    -0.038     0.011
    41.560     0.016     0.002    -0.010
    41.570     0.019     0.037     0.021
    41.580     0.018     0.028     0.019
    41.590    -0.003     0.011     0.036
    41.600    -0.004    -0.014     0.029
    41.610     0.011    -0.044    -0.039
    41.620     0.001    -0.027    -0.027
    41.630    -0.005     0.004     0.004
    41.640    -0.001     0.020     0.006
    41.650    -0.004     0.028    -0.008
    41.660    -0.011     0.018    -0.046
    41.670    -0.010     0.028    -0.013
    41.680    -0.010     0.027     0.006
    41.690    -0.007     0.002    -0.021
    41.700     0.006    -0.003    -0.016
    41.710     0.018    -0.009    -0.022
    41.720     0.018     0.019    -0.001
    41.730     0.011     0.056     0.028
    41.740    -0.001     0.026     0.013
    41.750    -0.004    -0.024    -0.025
    41.760    -0.004    -0.047    -0.039
    41.770    -0.005    -0.036    -0.005
    41.780     0.006     0.003     0.036
    41.790    -0.005     0.006     0.031
    41.800    -0.007    -0.018     0.000
    41.810    -0.005    -0.028     0.006
    41.820    -0.014    -0.024     0.006
    41.830    -0.002     0.004    -0.022
    41.840     0.001     0.000    -0.012
    41.850     0.015    -0.012     0.012
    41.860     0.020     0.014     0.016
    41.870     0.005     0.015     0.016
    41.880    -0.001     0.002     0.000
    41.890    -0.013    -0.013    -0.037
    41.900    -0.011    -0.017    -0.030
    41.910    -0.007    -0.001     0.026
    41.920    -0.007    -0.004     0.024
    41.930     0.006     0.024     0.007
    41.940     0.005     0.031     0.016
    41.950     0.005    -0.007    -0.010
    41.960     0.013     0.021    -0.007
    41.970     0.013     0.064     0.003
    41.980     0.002     0.045    -0.020
    41.990    -0.003     0.005    -0.021
    42.000     0.013    -0.016    -0.020
    42.010     0.008    -0.003     0.008
    42.020    -0.007     0.001     0.032
    42.030     0.002    -0.006     0.015
    42.040     0.007    -0.002     0.007
    42.050    -0.001     0.001     0.007
    42.060    -0.006     0.009    -0.021
    42.070     0.001     0.000    -0.055
    42.080     0.001    -0.053    -0.031
    42.090    -0.006    -0.081    -0.010
    42.100    -0.003    -0.045    -0.008
    42.110     0.002     0.007     0.008
    42.120    -0.007     0.030     0.006
    42.130    -0.021     0.003     0.015
    42.140    -0.002    -0.036    -0.011
    42.150     0.016    -0.033    -0.024
    42.160     0.005     0.024     0.021
    42.170     0.001     0.064     0.027
    42.180    -0.009     0.035     0.012
    42.190    -0.017    -0.006    -0.001
    42.200    -0.019    -0.021    -0.007
    42.210    -0.017    -0.028     0.009
    42.220     0.004    -0.018     0.013
    42.230     0.010     0.015    -0.003
    42.240     0.002     0.044    -0.009
    42.250     0.000     0.063     0.018
    42.260    -0.009     0.021     0.035
    42.270     0.003    -0.032    -0.002
    42.280     0.020    -0.002    -0.021
    42.290     0.025     0.033     0.017
    42.300     0.016     0.036     0.015
    42.310    -0.001    -0.017    -0.005
    42.320    -0.011    -0.067    -0.014
    42.330    -0.008    -0.048    -0.053
    42.340     0.003     0.004    -0.041
    42.350    -0.008     0.038     0.000
    42.360    -0.014    -0.006    -0.009
    42.370     0.006    -0.035    -0.022
    42.380     0.008    -0.027    -0.004
    42.390    -0.004    -0.001     0.020
    42.400    -0.017     0.042     0.012
    42.410    -0.017     0.008    -0.033
    42.420    -0.017    -0.032    -0.041
    42.430    -0.019    -0.014     0.005
    42.440    -0.013     0.010     0.008
    42.450    -0.015     0.017     0.011
    42.460    -0.012     0.001     0.035
    42.470    -0.002    -0.030     0.003
    42.480     0.007    -0.021    -0.016
    42.490     0.007     0.035     0.013
    42.500    -0.002     0.040     0.011
    42.510    -0.005     0.002    -0.008
    42.520    -0.002    -0.042    -0.006
    42.530     0.012    -0.035    -0.014
    42.540     0.015     0.033    -0.002
    42.550     0.002     0.059     0.029
    42.560     0.003     0.030     0.009
    42.570     0.011    -0.034    -0.025
    42.580     0.017    -0.049    -0.030
    42.590     0.013    -0.005     0.026
    42.600    -0.002    -0.007     0.049
    42.610    -0.008    -0.020    -0.005
    42.620     0.001     0.001     0.000
    42.630     0.004     0.010     0.009
    42.640     0.001     0.026     0.000
    42.650    -0.010     0.037    -0.001
    42.660    -0.015    -0.010    -0.038
    42.670    -0.003    -0.029    -0.039
    42.680    -0.004    -0.016    -0.011
    42.690     0.004     0.007    -0.010
    42.700     0.010     0.014     0.010
    42.710     0.014    -0.009     0.021
    42.720     0.028     0.007     0.014
    42.730     0.021     0.034     0.019
    42.740     0.033     0.039    -0.008
    42.750     0.048     0.027    -0.018
    42.760     0.030     0.006     0.001
    42.770     0.011    -0.007    -0.008
    42.780    -0.012    -0.007    -0.022
    42.790    -0.038    -0.018    -0.051
    42.800    -0.041    -0.022    -0.045
    42.810    -0.039     0.004    -0.002
    42.820    -0.036     0.012     0.009
    42.830    -0.034     0.022     0.019
    42.840    -0.033     0.006     0.004
    42.850    -0.008     0.002     0.002
    42.860    -0.001     0.013     0.052
    42.870     0.020    -0.030     0.054
    42.880     0.068    -0.034    -0.011
    42.890     0.074     0.007    -0.031
    42.900     0.055     0.044     0.005
    42.910     0.028     0.006    -0.003
    42.920     0.006    -0.068    -0.038
    42.930    -0.020    -0.048    -0.029
    42.940    -0.050     0.001     0.024
    42.950    -0.058     0.030     0.048
    42.960    -0.051     0.017     0.015
    42.970    -0.033    -0.030     0.009
    42.980    -0.010    -0.020     0.033
    42.990    -0.001     0.035     0.035
    43.000    -0.013     0.043     0.023
    43.010     0.001    -0.010    -0.018
    43.020     0.030    -0.049    -0.038
    43.030     0.044    -0.028    -0.030
    43.040     0.054     0.028    -0.030
    43.050     0.034     0.053     0.004
    43.060     0.008     0.038     0.008
    43.070    -0.003     0.006    -0.038
    43.080    -0.013    -0.007    -0.044
    43.090    -0.019     0.019    -0.022
    43.100    -0.037     0.031     0.011
    43.110    -0.053     0.006     0.036
    43.120    -0.042    -0.038     0.020
    43.130    -0.019    -0.053     0.004
    43.140    -0.001    -0.021     0.000
    43.150    -0.007     0.021     0.010
    43.160    -0.024     0.045     0.035
    43.170    -0.031     0.012     0.019
    43.180    -0.027    -0.042    -0.026
    43.190    -0.004    -0.049    -0.016
    43.200     0.026    -0.032     0.004
    43.210     0.044    -0.009     0.004
    43.220     0.055     0.056     0.007
    43.230     0.045     0.112    -0.011
    43.240     0.024     0.094    -0.008
    43.250     0.022     0.013     0.006
    43.260     0.019    -0.059     0.011
    43.270     0.005    -0.057     0.038
    43.280    -0.007    -0.010     0.065
    43.290    -0.021     0.017     0.060
    43.300    -0.020    -0.002    -0.007
    43.310    -0.008     0.010    -0.047
    43.320    -0.018     0.058    -0.022
    43.330    -0.036     0.047    -0.020
    43.340    -0.034     0.002    -0.037
    43.350    -0.006    -0.046    -0.061
    43.360     0.027    -0.054    -0.058
    43.370     0.059    -0.007    -0.015
    43.380     0.087     0.031     0.013
    43.390     0.083     0.036     0.041
    43.400     0.045     0.010     0.062
    43.410    -0.002    -0.003     0.058
    43.420    -0.034    -0.023     0.051
    43.430    -0.064    -0.079     0.012
    43.440    -0.080    -0.071    -0.023
    43.450    -0.065     0.001    -0.015
    43.460    -0.052     0.047    -0.004
    43.470    -0.032     0.055    -0.001
    43.480    -0.011     0.005    -0.030
    43.490     0.007    -0.052    -0.049
    43.500     0.024    -0.043    -0.018
    43.510     0.025    -0.010     0.015
    43.520     0.032     0.024     0.047
    43.530     0.035     0.001     0.047
    43.540     0.030    -0.028     0.018
    43.550     0.041     0.021     0.042
    43.560     0.036     0.060     0.050
    43.570     0.009     0.050    -0.012
    43.580    -0.009     0.012    -0.052
    43.590    -0.009    -0.026    -0.051
    43.600    -0.015    -0.002    -0.032
    43.610    -0.053     0.040    -0.013
    43.620    -0.070     0.020    -0.006
    43.630    -0.062    -0.057     0.002
    43.640    -0.027    -0.088    -0.003
    43.650     0.022     0.008    -0.001
    43.660     0.019     0.094     0.017
    43.670     0.016     0.073     0.001
    43.680     0.029     0.021    -0.022
    43.690     0.038    -0.034    -0.032
    43.700     0.067    -0.028    -0.037
    43.710     0.089     0.011    -0.002
    43.720     0.062    -0.007     0.029
    43.730    -0.002    -0.042     0.018
    43.740    -0.025    -0.071    -0.002
    43.750    -0.004    -0.055     0.009
    43.760    -0.014     0.004     0.063
    43.770    -0.054     0.038     0.055
    43.780    -0.091     0.028    -0.009
    43.790    -0.106    -0.012    -0.015
    43.800    -0.095    -0.019     0.007
    43.810    -0.063     0.001     0.006
    43.820    -0.006     0.003     0.003
    43.830     0.038     0.027     0.014
    43.840     0.055     0.069    -0.002
    43.850     0.084     0.074    -0.049
    43.860     0.104     0.019    -0.070
    43.870     0.121    -0.047    -0.045
    43.880     0.134    -0.020     0.010
    43.890     0.097     0.038     0.058
    43.900     0.032     0.009     0.052
    43.910    -0.019    -0.027    -0.015
    43.920    -0.058    -0.009    -0.070
    43.930    -0.103     0.044    -0.046
    43.940    -0.146     0.083     0.018
    43.950    -0.148     0.043     0.008
    43.960    -0.124    -0.028    -0.030
    43.970    -0.090    -0.070     0.011
    43.980    -0.014    -0.068     0.025
    43.990     0.076    -0.004     0.025
    44.000     0.109     0.024     0.063
    44.010     0.097    -0.018     0.018
    44.020     0.075    -0.003    -0.027
    44.030     0.044     0.036    -0.024
    44.040     0.013     0.033    -0.041
    44.050     0.009     0.007    -0.029
    44.060     0.018    -0.029    -0.015
    44.070    -0.005    -0.029    -0.008
    44.080    -0.027    -0.006     0.011
    44.090    -0.010    -0.005     0.039
    44.100     0.004    -0.028     0.090
    44.110     0.002    -0.068     0.083
    44.120    -0.013    -0.063     0.028
    44.130    -0.024     0.005     0.007
    44.140    -0.023     0.026    -0.008
    44.150    -0.016     0.010    -0.048
    44.160     0.019     0.023    -0.071
    44.170     0.035     0.067    -0.033
    44.180     0.026     0.104     0.002
    44.190     0.032     0.059    -0.024
    44.200     0.007     0.000    -0.043
    44.210    -0.023    -0.009    -0.014
    44.220    -0.069    -0.002     0.007
    44.230    -0.114    -0.004     0.007
    44.240    -0.099    -0.028     0.052
    44.250    -0.068    -0.077     0.062
    44.260    -0.020    -0.075    -0.019
    44.270    -0.006    -0.020    -0.052
    44.280    -0.018    -0.026    -0.035
    44.290    -0.013    -0.033    -0.003
    44.300    -0.008    -0.005     0.038
    44.310     0.040     0.028    -0.020
    44.320     0.085     0.054    -0.071
    44.330     0.086     0.039    -0.019
    44.340     0.076     0.006     0.048
    44.350     0.060    -0.051     0.092
    44.360     0.073    -0.066     0.041
    44.370     0.078    -0.018     0.006
    44.380     0.032     0.006     0.000
    44.390    -0.016     0.013    -0.051
    44.400    -0.045     0.018    -0.056
    44.410    -0.045    -0.001    -0.062
    44.420    -0.019     0.013    -0.028
    44.430     0.009     0.065     0.050
    44.440     0.025     0.093     0.080
    44.450     0.005     0.102     0.076
    44.460    -0.026     0.067    -0.016
    44.470    -0.029    -0.003    -0.143
    44.480    -0.028    -0.066    -0.159
    44.490    -0.036    -0.106    -0.045
    44.500    -0.021    -0.089     0.083
    44.510     0.012    -0.066     0.088
    44.520     0.043    -0.040    -0.003
    44.530     0.061     0.018    -0.026
    44.540     0.036     0.027     0.019
    44.550    -0.012     0.002     0.054
    44.560    -0.068    -0.029     0.053
    44.570    -0.115    -0.060     0.017
    44.580    -0.096    -0.005     0.032
    44.590    -0.035     0.068     0.040
    44.600     0.050     0.110    -0.018
    44.610     0.124     0.133    -0.044
    44.620     0.107     0.064    -0.051
    44.630     0.030    -0.042    -0.077
    44.640    -0.048    -0.123    -0.084
    44.650    -0.085    -0.167    -0.055
    44.660    -0.078    -0.147     0.000
    44.670    -0.061    -0.081     0.031
    44.680    -0.004     0.031     0.033
    44.690     0.038     0.100     0.063
    44.700     0.021     0.081     0.090
    44.710     0.001     0.059     0.083
    44.720     0.003     0.011     0.034
    44.730     0.036    -0.032    -0.009
    44.740     0.028    -0.009    -0.006
    44.750    -0.011     0.005    -0.012
    44.760    -0.013     0.010     0.002
    44.770    -0.008     0.014     0.003
    44.780     0.017     0.020    -0.078
    44.790     0.047     0.046    -0.096
    44.800     0.050     0.031    -0.036
    44.810     0.030    -0.008    -0.015
    44.820    -0.028    -0.039     0.009
    44.830    -0.079    -0.064     0.003
    44.840    -0.086    -0.054    -0.022
    44.850    -0.068    -0.014     0.007
    44.860    -0.016     0.029     0.031
    44.870     0.037     0.046     0.051
    44.880     0.060     0.041     0.059
    44.890     0.078     0.047     0.050
    44.900     0.072     0.041     0.013
    44.910     0.051     0.024    -0.040
    44.920     0.030     0.031    -0.030
    44.930     0.002     0.020    -0.018
    44.940    -0.029    -0.015    -0.018
    44.950    -0.075    -0.059    -0.012
    44.960    -0.094    -0.113    -0.020
    44.970    -0.038    -0.077    -0.010
    44.980     0.027     0.034     0.000
    44.990     0.061     0.090     0.008
    45.000     0.119     0.091     0.001
    45.010     0.139     0.056     0.007
    45.020     0.065    -0.027     0.015
    45.030    -0.002    -0.114    -0.018
    45.040    -0.029    -0.140    -0.056
    45.050    -0.030    -0.071    -0.082
    45.060    -0.027     0.044    -0.029
    45.070    -0.017     0.099     0.040
    45.080    -0.003     0.092     0.017
    45.090    -0.037     0.081     0.000
    45.100    -0.074     0.055     0.039
    45.110    -0.111    -0.011     0.057
    45.120    -0.111    -0.114     0.026
    45.130    -0.064    -0.149     0.022
    45.140    -0.052    -0.073     0.065
    45.150    -0.040     0.029     0.095
    45.160    -0.032     0.075     0.096
    45.170    -0.017     0.028     0.028
    45.180     0.021     0.012    -0.074
    45.190     0.033     0.074    -0.115
    45.200     0.057     0.085    -0.125
    45.210     0.085     0.009    -0.134
    45.220     0.115    -0.057    -0.108
    45.230     0.149    -0.053    -0.008
    45.240     0.134    -0.029     0.103
    45.250     0.097    -0.001     0.125
    45.260     0.033     0.019     0.093
    45.270    -0.048     0.019     0.048
    45.280    -0.095     0.028    -0.014
    45.290    -0.109    -0.005    -0.046
    45.300    -0.086    -0.068    -0.030
    45.310    -0.036    -0.082    -0.001
    45.320    -0.006    -0.038     0.010
    45.330    -0.011     0.008    -0.008
    45.340    -0.002     0.035    -0.017
    45.350     0.032     0.093    -0.001
    45.360     0.057     0.141    -0.011
    45.370     0.051     0.143    -0.018
    45.380     0.020     0.048    -0.038
    45.390    -0.013    -0.098    -0.074
    45.400    -0.026    -0.123    -0.047
    45.410     0.006    -0.064     0.007
    45.420     0.020    -0.004     0.078
    45.430    -0.021     0.002     0.126
    45.440    -0.066    -0.047     0.109
    45.450    -0.096    -0.058     0.049
    45.460    -0.095    -0.072    -0.040
    45.470    -0.046    -0.068    -0.084
    45.480     0.003    -0.010    -0.079
    45.490     0.027     0.031    -0.059
    45.500     0.055     0.096    -0.012
    45.510     0.049     0.096     0.027
    45.520     0.034     0.008     0.016
    45.530     0.058     0.017    -0.001
    45.540     0.079     0.059     0.010
    45.550     0.086     0.037     0.007
    45.560     0.046    -0.030    -0.015
    45.570    -0.026    -0.093     0.004
    45.580    -0.100    -0.086     0.035
    45.590    -0.146    -0.053    -0.025
    45.600    -0.111    -0.002    -0.095
    45.610    -0.045     0.037    -0.066
    45.620     0.015     0.053     0.018
    45.630     0.049     0.083     0.072
    45.640     0.058     0.060     0.065
    45.650     0.077    -0.004     0.018
    45.660     0.106    -0.001    -0.045
    45.670     0.098     0.077    -0.079
    45.680     0.050     0.109    -0.043
    45.690     0.003     0.012     0.015
    45.700    -0.051    -0.104     0.039
    45.710    -0.094    -0.116     0.051
    45.720    -0.114    -0.069     0.041
    45.730    -0.112    -0.053     0.035
    45.740    -0.071    -0.035     0.076
    45.750    -0.037     0.008     0.089
    45.760    -0.047     0.029     0.035
    45.770    -0.087     0.012    -0.027
    45.780    -0.102    -0.062    -0.083
    45.790    -0.055    -0.115    -0.112
    45.800     0.012    -0.047    -0.087
    45.810     0.071     0.047    -0.076
    45.820     0.113     0.119    -0.033
    45.830     0.106     0.148     0.036
    45.840     0.076     0.094     0.008
    45.850     0.072     0.048    -0.023
    45.860     0.118     0.000    -0.005
    45.870     0.145    -0.050     0.064
    45.880     0.069    -0.049     0.160
    45.890    -0.063    -0.066     0.163
    45.900    -0.168    -0.112     0.073
    45.910    -0.179    -0.153    -0.063
    45.920    -0.090    -0.112    -0.160
    45.930     0.035     0.024    -0.152
    45.940     0.130     0.118    -0.079
    45.950     0.161     0.117     0.007
    45.960     0.126     0.094     0.040
    45.970     0.071     0.117     0.039
    45.980     0.051     0.203     0.055
    45.990     0.047     0.185     0.030
    46.000     0.056     0.019    -0.083
    46.010     0.057    -0.106    -0.161
    46.020    -0.002    -0.134    -0.088
    46.030    -0.065    -0.102     0.032
    46.040    -0.093    -0.063     0.089
    46.050    -0.096    -0.021     0.099
    46.060    -0.083     0.007     0.068
    46.070    -0.082    -0.039     0.025
    46.080    -0.060    -0.122     0.006
    46.090    -0.032    -0.159     0.036
    46.100    -0.027    -0.085     0.074
    46.110    -0.022     0.038     0.019
    46.120    -0.017     0.112    -0.081
    46.130     0.002     0.109    -0.113
    46.140     0.026     0.060    -0.089
    46.150     0.060     0.016    -0.025
    46.160     0.103    -0.022     0.037
    46.170     0.135    -0.041     0.042
    46.180     0.108     0.019     0.064
    46.190     0.019     0.123     0.104
    46.200    -0.051     0.148     0.067
    46.210    -0.088     0.063    -0.030
    46.220    -0.076    -0.080    -0.133
    46.230    -0.034    -0.185    -0.169
    46.240    -0.019    -0.216    -0.092
    46.250    -0.008    -0.160     0.025
    46.260     0.010    -0.009     0.112
    46.270     0.027     0.155     0.147
    46.280     0.046     0.255     0.133
    46.290     0.054     0.225     0.088
    46.300     0.033     0.096     0.036
    46.310    -0.012    -0.051     0.001
    46.320    -0.040    -0.147    -0.023
    46.330    -0.071    -0.145    -0.028
    46.340    -0.114    -0.081    -0.076
    46.350    -0.120    -0.004    -0.189
    46.360    -0.071     0.039    -0.231
    46.370     0.005     0.008    -0.156
    46.380     0.069    -0.035    -0.025
    46.390     0.077    -0.045     0.108
    46.400     0.051    -0.059     0.200
    46.410     0.068    -0.049     0.241
    46.420     0.099    -0.020     0.196
    46.430     0.078     0.018     0.068
    46.440     0.051     0.047    -0.084
    46.450     0.034     0.044    -0.149
    46.460    -0.020     0.048    -0.092
    46.470    -0.083     0.071    -0.019
    46.480    -0.118     0.114    -0.005
    46.490    -0.148     0.101     0.002
    46.500    -0.176     0.002     0.079
    46.510    -0.160    -0.142     0.108
    46.520    -0.097    -0.234     0.037
    46.530    -0.027    -0.196    -0.048
    46.540     0.059    -0.081    -0.092
    46.550     0.133     0.079    -0.050
    46.560     0.173     0.199     0.010
    46.570     0.202     0.257     0.065
    46.580     0.204     0.255     0.100
    46.590     0.151     0.137     0.011
    46.600     0.059    -0.007    -0.069
    46.610    -0.001    -0.107    -0.044
    46.620    -0.035    -0.138    -0.027
    46.630    -0.062    -0.072    -0.003
    46.640    -0.041     0.004     0.000
    46.650    -0.010     0.030    -0.065
    46.660    -0.005     0.030    -0.106
    46.670     0.001    -0.022    -0.110
    46.680    -0.010    -0.124    -0.104
    46.690    -0.025    -0.177    -0.010
    46.700    -0.007    -0.069     0.158
    46.710     0.007     0.149     0.245
    46.720    -0.019     0.265     0.197
    46.730    -0.073     0.199     0.066
    46.740    -0.107     0.046    -0.076
    46.750    -0.095    -0.080    -0.157
    46.760    -0.082    -0.139    -0.092
    46.770    -0.054    -0.170     0.057
    46.780     0.031    -0.163     0.137
    46.790     0.103    -0.077     0.079
    46.800     0.117     0.008    -0.082
    46.810     0.079     0.020    -0.152
    46.820    -0.005    -0.033    -0.120
    46.830    -0.068    -0.109    -0.107
    46.840    -0.082    -0.093    -0.018
    46.850    -0.062     0.000     0.135
    46.860    -0.029     0.065     0.196
    46.870     0.002     0.083     0.156
    46.880     0.047     0.054     0.074
    46.890     0.111     0.054     0.013
    46.900     0.137     0.105    -0.007
    46.910     0.081     0.116    -0.050
    46.920    -0.024     0.063    -0.060
    46.930    -0.143    -0.035    -0.042
    46.940    -0.197    -0.130    -0.073
    46.950    -0.183    -0.139    -0.086
    46.960    -0.127    -0.066    -0.066
    46.970    -0.022     0.042    -0.006
    46.980     0.075     0.085     0.008
    46.990     0.120     0.057    -0.106
    47.000     0.086     0.051    -0.212
    47.010     0.019     0.069    -0.196
    47.020    -0.018     0.102    -0.066
    47.030     0.004     0.120     0.082
    47.040     0.076     0.098     0.166
    47.050     0.138     0.033     0.214
    47.060     0.184    -0.057     0.234
    47.070     0.192    -0.115     0.210
    47.080     0.137    -0.144     0.147
    47.090     0.011    -0.171     0.012
    47.100    -0.115    -0.165    -0.106
    47.110    -0.184    -0.124    -0.073
    47.120    -0.206    -0.089     0.006
    47.130    -0.191    -0.032     0.004
    47.140    -0.152     0.061    -0.077
    47.150    -0.070     0.179    -0.161
    47.160     0.004     0.271    -0.128
    47.170     0.066     0.245    -0.070
    47.180     0.142     0.141    -0.093
    47.190     0.179     0.024    -0.052
    47.200     0.169    -0.059     0.070
    47.210     0.110    -0.046     0.181
    47.220     0.021     0.016     0.239
    47.230    -0.009     0.050     0.159
    47.240     0.014     0.034     0.005
    47.250     0.002    -0.038    -0.119
    47.260    -0.041    -0.121    -0.168
    47.270    -0.096    -0.170    -0.100
    47.280    -0.143    -0.182    -0.026
    47.290    -0.160    -0.148    -0.008
    47.300    -0.170    -0.076     0.011
    47.310    -0.112     0.017     0.005
    47.320     0.010     0.106     0.022
    47.330     0.105     0.158     0.073
    47.340     0.140     0.160     0.072
    47.350     0.098     0.111     0.041
    47.360     0.024     0.029    -0.008
    47.370    -0.050    -0.024    -0.031
    47.380    -0.094    -0.005     0.010
    47.390    -0.074    -0.026     0.041
    47.400    -0.039    -0.134     0.014
    47.410    -0.026    -0.189    -0.033
    47.420    -0.040    -0.146    -0.017
    47.430    -0.059    -0.071     0.011
    47.440    -0.075     0.002     0.003
    47.450    -0.070     0.055    -0.016
    47.460    -0.013     0.087    -0.010
    47.470     0.057     0.072     0.033
    47.480     0.128     0.009     0.017
    47.490     0.167    -0.017    -0.018
    47.500     0.139     0.023     0.021
    47.510     0.102     0.119     0.097
    47.520     0.084     0.223     0.123
    47.530     0.090     0.210     0.072
    47.540     0.068     0.093     0.004
    47.550    -0.008    -0.051    -0.095
    47.560    -0.076    -0.153    -0.197
    47.570    -0.090    -0.194    -0.224
    47.580    -0.063    -0.201    -0.167
    47.590    -0.037    -0.142    -0.102
    47.600     0.015    -0.054    -0.108
    47.610     0.038     0.024    -0.098
    47.620    -0.006     0.085     0.015
    47.630    -0.055     0.117     0.188
    47.640    -0.079     0.094     0.269
    47.650    -0.055     0.045     0.196
    47.660    -0.019     0.092     0.096
    47.670     0.012     0.133     0.051
    47.680     0.065     0.072     0.006
    47.690     0.116    -0.030    -0.070
    47.700     0.140    -0.121    -0.127
    47.710     0.131    -0.121    -0.144
    47.720     0.076    -0.085    -0.043
    47.730    -0.012    -0.081     0.128
    47.740    -0.077    -0.090     0.151
    47.750    -0.113    -0.105     0.040
    47.760    -0.119    -0.101    -0.095
    47.770    -0.074    -0.065    -0.160
    47.780    -0.035     0.026    -0.111
    47.790    -0.023     0.157    -0.088
    47.800     0.014     0.221    -0.089
    47.810     0.045     0.198    -0.018
    47.820     0.030     0.126     0.094
    47.830     0.009     0.055     0.194
    47.840     0.010     0.030     0.209
    47.850    -0.015    -0.001     0.107
    47.860    -0.060    -0.036    -0.014
    47.870    -0.096    -0.044    -0.060
    47.880    -0.117    -0.088    -0.087
    47.890    -0.090    -0.129    -0.074
    47.900    -0.020    -0.130     0.009
    47.910     0.024    -0.138     0.063
    47.920     0.002    -0.128     0.055
    47.930    -0.036    -0.103     0.001
    47.940    -0.060    -0.078    -0.043
    47.950    -0.053    -0.048    -0.034
    47.960     0.017    -0.003    -0.059
    47.970     0.143     0.077    -0.109
    47.980     0.257     0.165    -0.061
    47.990     0.256     0.185     0.055
    48.000     0.186     0.151     0.169
    48.010     0.106     0.105     0.202
    48.020     0.047     0.058     0.139
    48.030     0.034     0.059     0.072
    48.040     0.000     0.021    -0.020
    48.050    -0.068    -0.085    -0.097
    48.060    -0.137    -0.154    -0.120
    48.070    -0.170    -0.135    -0.119
    48.080    -0.158    -0.002    -0.091
    48.090    -0.095     0.119    -0.082
    48.100    -0.024     0.133    -0.070
    48.110    -0.010     0.061    -0.035
    48.120    -0.017    -0.052    -0.022
    48.130    -0.012    -0.113    -0.040
    48.140     0.044    -0.074    -0.053
    48.150     0.115     0.054    -0.001
    48.160     0.133     0.161     0.043
    48.170     0.120     0.156    -0.001
    48.180     0.078     0.039    -0.028
    48.190     0.011    -0.125     0.017
    48.200    -0.050    -0.225     0.096
    48.210    -0.074    -0.197     0.163
    48.220    -0.081    -0.087     0.178
    48.230    -0.062     0.016     0.123
    48.240    -0.032     0.068    -0.026
    48.250    -0.027     0.074    -0.142
    48.260    -0.049     0.057    -0.096
    48.270    -0.090    -0.016     0.015
    48.280    -0.075    -0.094     0.118
    48.290    -0.031    -0.088     0.156
    48.300     0.029     0.014     0.070
    48.310     0.094     0.175    -0.007
    48.320     0.075     0.215    -0.040
    48.330     0.046     0.138    -0.053
    48.340     0.027     0.032    -0.033
    48.350     0.024    -0.115    -0.079
    48.360     0.011    -0.220    -0.118
    48.370    -0.013    -0.254    -0.111
    48.380     0.029    -0.155    -0.136
    48.390     0.056     0.029    -0.122
    48.400     0.092     0.163    -0.069
    48.410     0.160     0.245     0.001
    48.420     0.175     0.226     0.073
    48.430     0.126     0.144     0.055
    48.440     0.040     0.079    -0.005
    48.450    -0.043     0.007    -0.038
    48.460    -0.122    -0.076    -0.010
    48.470    -0.182    -0.136     0.092
    48.480    -0.213    -0.185     0.152
    48.490    -0.181    -0.212     0.119
    48.500    -0.088    -0.163    -0.001
    48.510     0.005    -0.058    -0.153
    48.520     0.078     0.023    -0.161
    48.530     0.097    -0.014     0.007
    48.540     0.056    -0.077     0.164
    48.550    -0.008    -0.024     0.234
    48.560    -0.045     0.083     0.235
    48.570    -0.023     0.158     0.145
    48.580     0.014     0.165    -0.003
    48.590    -0.007     0.123    -0.147
    48.600    -0.052     0.087    -0.207
    48.610    -0.077     0.055    -0.196
    48.620    -0.090    -0.005    -0.170
    48.630    -0.057    -0.081    -0.099
    48.640    -0.021    -0.131    -0.012
    48.650    -0.005    -0.108     0.075
    48.660     0.015    -0.066     0.121
    48.670     0.021    -0.084     0.074
    48.680     0.011    -0.073     0.089
    48.690    -0.026    -0.004     0.160
    48.700    -0.069     0.048     0.118
    48.710    -0.073     0.051    -0.017
    48.720    -0.055     0.029    -0.157
    48.730    -0.026     0.059    -0.202
    48.740     0.031     0.163    -0.151
    48.750     0.086     0.261    -0.056
    48.760     0.110     0.267     0.051
    48.770     0.116     0.167     0.096
    48.780     0.075     0.020     0.114
    48.790     0.023    -0.164     0.117
    48.800     0.007    -0.352     0.080
    48.810     0.005    -0.399     0.050
    48.820     0.019    -0.261     0.062
    48.830     0.028    -0.064     0.052
    48.840     0.039     0.086    -0.018
    48.850     0.024     0.155    -0.108
    48.860    -0.002     0.129    -0.191
    48.870    -0.023     0.100    -0.167
    48.880    -0.069     0.079    -0.076
    48.890    -0.098     0.016     0.016
    48.900    -0.116    -0.048     0.165
    48.910    -0.106    -0.079     0.276
    48.920    -0.059     0.005     0.269
    48.930    -0.003     0.106     0.103
    48.940     0.076     0.091    -0.178
    48.950     0.134     0.044    -0.311
    48.960     0.161     0.011    -0.250
    48.970     0.164     0.006    -0.119
    48.980     0.124    -0.012     0.026
    48.990     0.061    -0.100     0.082
    49.000     0.003    -0.179     0.069
    49.010    -0.045    -0.185     0.030
    49.020    -0.065    -0.115     0.028
    49.030    -0.034     0.002     0.133
    49.040     0.029     0.099     0.211
    49.050     0.067     0.200     0.109
    49.060     0.067     0.265    -0.117
    49.070     0.041     0.180    -0.269
    49.080    -0.008    -0.008    -0.255
    49.090    -0.086    -0.177    -0.130
    49.100    -0.170    -0.239    -0.009
    49.110    -0.195    -0.208     0.067
    49.120    -0.158    -0.142     0.148
    49.130    -0.070    -0.002     0.209
    49.140     0.024     0.166     0.208
    49.150     0.054     0.229     0.145
    49.160     0.066     0.176     0.047
    49.170     0.089     0.047    -0.057
    49.180     0.097    -0.031    -0.091
    49.190     0.081     0.004    -0.034
    49.200     0.047     0.036    -0.006
    49.210     0.036     0.013    -0.052
    49.220     0.050    -0.063    -0.100
    49.230     0.068    -0.111    -0.084
    49.240     0.085    -0.059    -0.059
    49.250     0.073    -0.029    -0.105
    49.260     0.045    -0.050    -0.132
    49.270     0.006    -0.094    -0.065
    49.280    -0.025    -0.170     0.011
    49.290    -0.009    -0.173     0.067
    49.300    -0.018    -0.084     0.123
    49.310    -0.055     0.050     0.139
    49.320    -0.083     0.168     0.081
    49.330    -0.083     0.182    -0.045
    49.340    -0.028     0.189    -0.126
    49.350    -0.009     0.233    -0.098
    49.360    -0.026     0.226    -0.044
    49.370    -0.051     0.121    -0.016
    49.380    -0.074    -0.062    -0.014
    49.390    -0.036    -0.171    -0.030
    49.400     0.030    -0.137    -0.061
    49.410     0.129    -0.012    -0.071
    49.420     0.197     0.070    -0.023
    49.430     0.152     0.019     0.015
    49.440     0.070    -0.050     0.051
    49.450    -0.001    -0.119     0.142
    49.460    -0.014    -0.165     0.199
    49.470    -0.006    -0.098     0.197
    49.480    -0.061    -0.005     0.097
    49.490    -0.101     0.026    -0.085
    49.500    -0.114     0.008    -0.148
    49.510    -0.115     0.024    -0.115
    49.520    -0.065     0.101    -0.057
    49.530    -0.017     0.128     0.003
    49.540     0.032     0.094     0.021
    49.550     0.070     0.064     0.057
    49.560     0.063     0.015     0.068
    49.570     0.026    -0.038     0.033
    49.580    -0.065    -0.066     0.005
    49.590    -0.158    -0.095    -0.010
    49.600    -0.202    -0.129    -0.030
    49.610    -0.185    -0.136    -0.071
    49.620    -0.111    -0.099    -0.058
    49.630    -0.036    -0.042    -0.018
    49.640     0.026     0.048     0.017
    49.650     0.069     0.159     0.122
    49.660     0.083     0.187     0.205
    49.670     0.054     0.104     0.192
    49.680     0.004     0.020     0.097
    49.690    -0.023    -0.008    -0.040
    49.700    -0.046    -0.039    -0.105
    49.710    -0.093    -0.090    -0.110
    49.720    -0.145    -0.124    -0.074
    49.730    -0.151    -0.122    -0.059
    49.740    -0.086    -0.052    -0.114
    49.750    -0.013     0.051    -0.121
    49.760     0.020     0.072    -0.050
    49.770     0.039     0.024     0.022
    49.780     0.020     0.011     0.053
    49.790    -0.017     0.037     0.032
    49.800     0.003     0.053    -0.020
    49.810     0.057     0.033    -0.016
    49.820     0.086     0.022     0.044
    49.830     0.086     0.067     0.068
    49.840     0.057     0.096     0.046
    49.850     0.017     0.019     0.002
    49.860     0.005    -0.074    -0.024
    49.870     0.020    -0.078    -0.049
    49.880     0.034    -0.034    -0.086
    49.890     0.024    -0.009    -0.022
    49.900     0.017    -0.073     0.109
    49.910     0.032    -0.119     0.158
    49.920     0.053    -0.055     0.114
    49.930     0.077     0.055     0.047
    49.940     0.059     0.168    -0.007
    49.950    -0.003     0.225    -0.037
    49.960    -0.073     0.192    -0.022
    49.970    -0.109     0.093     0.019
    49.980    -0.102    -0.016     0.074
    49.990    -0.079    -0.092     0.109
    50.000    -0.046    -0.142     0.053
    50.010    -0.015    -0.150    -0.072
    50.020     0.031    -0.120    -0.202
    50.030     0.073    -0.101    -0.286
    50.040     0.108    -0.114    -0.252
    50.050     0.122    -0.130    -0.115
    50.060     0.107    -0.139     0.022
    50.070     0.112    -0.099     0.125
    50.080     0.137     0.003     0.131
    50.090     0.167     0.138     0.064
    50.100     0.149     0.280     0.053
    50.110     0.087     0.312     0.062
    50.120     0.031     0.226     0.060
    50.130    -0.035     0.084     0.062
    50.140    -0.104    -0.070     0.037
    50.150    -0.165    -0.160     0.015
    50.160    -0.199    -0.219    -0.030
    50.170    -0.216    -0.207    -0.098
    50.180    -0.224    -0.123    -0.119
    50.190    -0.194    -0.076    -0.070
    50.200    -0.108    -0.049     0.029
    50.210    -0.002    -0.027     0.077
    50.220     0.059     0.046     0.054
    50.230     0.095     0.173     0.005
    50.240     0.128     0.263    -0.054
    50.250     0.153     0.260    -0.078
    50.260     0.178     0.132    -0.086
    50.270     0.172    -0.021    -0.023
    50.280     0.132    -0.107     0.103
    50.290     0.058    -0.135     0.170
    50.300    -0.041    -0.107     0.171
    50.310    -0.127    -0.062     0.140
    50.320    -0.164    -0.026     0.065
    50.330    -0.117    -0.015    -0.093
    50.340    -0.066    -0.028    -0.238
    50.350    -0.031    -0.024    -0.254
    50.360     0.019     0.010    -0.162
    50.370     0.047     0.029    -0.034
    50.380     0.078     0.052     0.058
    50.390     0.115     0.131     0.136
    50.400     0.162     0.211     0.189
    50.410     0.154     0.207     0.171
    50.420     0.071     0.077     0.086
    50.430     0.030    -0.058    -0.023
    50.440     0.001    -0.104    -0.063
    50.450    -0.057    -0.116    -0.065
    50.460    -0.093    -0.086    -0.075
    50.470    -0.094    -0.038    -0.054
    50.480    -0.086    -0.025     0.020
    50.490    -0.065    -0.001     0.089
    50.500    -0.038     0.035     0.075
    50.510    -0.052     0.017     0.031
    50.520    -0.045    -0.047     0.033
    50.530     0.015    -0.052     0.064
    50.540     0.093     0.006     0.035
    50.550     0.152     0.054    -0.052
    50.560     0.144     0.064    -0.129
    50.570     0.073     0.054    -0.188
    50.580    -0.030     0.076    -0.169
    50.590    -0.090     0.096    -0.048
    50.600    -0.074     0.029     0.086
    50.610    -0.002    -0.073     0.154
    50.620     0.051    -0.098     0.145
    50.630     0.021    -0.056     0.072
    50.640    -0.062    -0.025    -0.016
    50.650    -0.130    -0.020    -0.024
    50.660    -0.142     0.002     0.021
    50.670    -0.115     0.055     0.002
    50.680    -0.050     0.077    -0.077
    50.690     0.025    -0.014    -0.171
    50.700     0.078    -0.133    -0.233
    50.710     0.098    -0.123    -0.190
    50.720     0.089    -0.049    -0.086
    50.730     0.070     0.008     0.068
    50.740     0.036     0.032     0.232
    50.750     0.011     0.031     0.264
    50.760    -0.015     0.042     0.213
    50.770    -0.050     0.014     0.135
    50.780    -0.063    -0.009     0.062
    50.790    -0.052     0.040     0.074
    50.800    -0.039     0.068     0.077
    50.810    -0.044     0.019     0.010
    50.820    -0.068    -0.084    -0.055
    50.830    -0.072    -0.160    -0.104
    50.840    -0.040    -0.124    -0.153
    50.850    -0.014    -0.058    -0.179
    50.860     0.036    -0.047    -0.144
    50.870     0.129    -0.025    -0.028
    50.880     0.247     0.077     0.101
    50.890     0.334     0.246     0.175
    50.900     0.320     0.330     0.161
    50.910     0.209     0.242    -0.015
    50.920     0.026     0.080    -0.213
    50.930    -0.155    -0.067    -0.227
    50.940    -0.272    -0.192    -0.107
    50.950    -0.296    -0.305    -0.003
    50.960    -0.213    -0.342    -0.057
    50.970    -0.088    -0.232    -0.172
    50.980     0.012    -0.004    -0.174
    50.990     0.049     0.188    -0.090
    51.000    -0.002     0.209     0.002
    51.010    -0.069     0.149     0.054
    51.020    -0.103     0.130     0.114
    51.030    -0.110     0.106     0.145
    51.040    -0.075     0.040     0.099
    51.050    -0.037    -0.064     0.053
    51.060     0.017    -0.153     0.044
    51.070     0.077    -0.147     0.056
    51.080     0.137    -0.090     0.025
    51.090     0.196     0.006    -0.060
    51.100     0.190     0.081    -0.051
    51.110     0.122     0.067     0.064
    51.120    -0.024    -0.046     0.112
    51.130    -0.156    -0.186     0.077
    51.140    -0.210    -0.184     0.052
    51.150    -0.238    -0.039     0.001
    51.160    -0.223     0.158    -0.060
    51.170    -0.158     0.281    -0.079
    51.180    -0.063     0.275    -0.096
    51.190    -0.025     0.233    -0.039
    51.200    -0.007     0.165     0.054
    51.210     0.025     0.022     0.085
    51.220     0.041    -0.151     0.100
    51.230     0.106    -0.237     0.033
    51.240     0.134    -0.220    -0.066
    51.250     0.092    -0.181    -0.112
    51.260     0.061    -0.147    -0.105
    51.270     0.037    -0.076    -0.011
    51.280     0.011     0.032     0.072
    51.290    -0.026     0.159     0.111
    51.300    -0.045     0.232     0.128
    51.310    -0.041     0.167     0.115
    51.320    -0.045     0.039     0.091
    51.330    -0.049    -0.053     0.100
    51.340    -0.025    -0.123     0.116
    51.350     0.042    -0.157     0.059
    51.360     0.083    -0.096    -0.017
    51.370     0.077     0.002    -0.112
    51.380     0.068     0.079    -0.234
    51.390     0.067     0.121    -0.275
    51.400     0.058     0.113    -0.182
    51.410     0.031     0.086    -0.013
    51.420     0.016     0.067     0.162
    51.430    -0.004     0.061     0.281
    51.440    -0.022     0.071     0.259
    51.450    -0.043     0.109     0.121
    51.460    -0.078     0.114    -0.039
    51.470    -0.110     0.019    -0.157
    51.480    -0.126    -0.181    -0.223
    51.490    -0.090    -0.348    -0.219
    51.500    -0.006    -0.321    -0.101
    51.510     0.112    -0.170     0.073
    51.520     0.199    -0.050     0.181
    51.530     0.194    -0.004     0.144
    51.540     0.106     0.020     0.005
    51.550    -0.028     0.051    -0.089
    51.560    -0.074     0.053    -0.107
    51.570    -0.031     0.015    -0.081
    51.580     0.009     0.020    -0.024
    51.590     0.068     0.102     0.003
    51.600     0.118     0.178     0.002
    51.610     0.104     0.163     0.003
    51.620     0.029     0.049    -0.008
    51.630    -0.058    -0.080    -0.053
    51.640    -0.127    -0.157    -0.058
    51.650    -0.173    -0.165     0.009
    51.660    -0.158    -0.130     0.009
    51.670    -0.070    -0.036    -0.026
    51.680     0.008     0.087    -0.044
    51.690     0.035     0.149    -0.084
    51.700     0.033     0.143    -0.090
    51.710     0.005     0.074    -0.049
    51.720    -0.043    -0.001     0.015
    51.730    -0.091    -0.039     0.052
    51.740    -0.101    -0.071     0.082
    51.750    -0.079    -0.113     0.141
    51.760    -0.003    -0.149     0.188
    51.770     0.099    -0.074     0.205
    51.780     0.147     0.046     0.134
    51.790     0.149     0.086     0.002
    51.800     0.114     0.094    -0.102
    51.810     0.063     0.086    -0.115
    51.820    -0.020     0.061    -0.046
    51.830    -0.082     0.016    -0.011
    51.840    -0.085    -0.034     0.037
    51.850    -0.091    -0.098     0.132
    51.860    -0.077    -0.176     0.165
    51.870    -0.057    -0.181     0.105
    51.880    -0.021    -0.113    -0.003
    51.890     0.022    -0.038    -0.063
    51.900     0.071     0.052    -0.066
    51.910     0.131     0.173    -0.056
    51.920     0.144     0.268    -0.034
    51.930     0.123     0.288    -0.002
    51.940     0.028     0.176     0.004
    51.950    -0.091    -0.020    -0.037
    51.960    -0.151    -0.139    -0.045
    51.970    -0.144    -0.165    -0.031
    51.980    -0.084    -0.123    -0.065
    51.990     0.007    -0.054    -0.119
    52.000     0.125    -0.008    -0.145
    52.010     0.181    -0.004    -0.152
    52.020     0.155    -0.054    -0.173
    52.030     0.065    -0.095    -0.199
    52.040    -0.041    -0.120    -0.195
    52.050    -0.122    -0.104    -0.099
    52.060    -0.194    -0.010     0.097
    52.070    -0.199     0.148     0.300
    52.080    -0.150     0.308     0.464
    52.090    -0.067     0.317     0.499
    52.100     0.008     0.173     0.349
    52.110     0.030     0.000     0.128
    52.120     0.051    -0.140    -0.019
    52.130     0.077    -0.200    -0.017
    52.140     0.100    -0.218    -0.030
    52.150     0.115    -0.175    -0.152
    52.160     0.121    -0.014    -0.264
    52.170     0.111     0.159    -0.301
    52.180     0.028     0.271    -0.262
    52.190    -0.087     0.260    -0.168
    52.200    -0.140     0.123    -0.018
    52.210    -0.104    -0.033     0.085
    52.220     0.001    -0.105     0.092
    52.230     0.093    -0.059     0.024
    52.240     0.134    -0.031    -0.120
    52.250     0.113    -0.041    -0.161
    52.260     0.025    -0.050    -0.023
    52.270    -0.063    -0.115     0.146
    52.280    -0.101    -0.183     0.222
    52.290    -0.088    -0.199     0.223
    52.300    -0.086    -0.141     0.190
    52.310    -0.089    -0.013     0.118
    52.320    -0.053     0.120     0.029
    52.330    -0.006     0.169    -0.058
    52.340     0.046     0.123    -0.099
    52.350     0.054     0.045    -0.105
    52.360     0.025    -0.021    -0.127
    52.370     0.034    -0.008    -0.138
    52.380     0.076     0.092    -0.107
    52.390     0.134     0.190    -0.081
    52.400     0.180     0.185    -0.071
    52.410     0.172     0.104    -0.018
    52.420     0.095     0.015     0.053
    52.430    -0.032    -0.114     0.106
    52.440    -0.135    -0.222     0.127
    52.450    -0.172    -0.277     0.119
    52.460    -0.147    -0.225     0.127
    52.470    -0.074    -0.034     0.132
    52.480     0.019     0.134     0.054
    52.490     0.094     0.246    -0.077
    52.500     0.088     0.250    -0.174
    52.510     0.019     0.135    -0.256
    52.520    -0.058     0.047    -0.245
    52.530    -0.105    -0.024    -0.103
    52.540    -0.106    -0.076    -0.003
    52.550    -0.102    -0.081     0.010
    52.560    -0.077    -0.063    -0.031
    52.570    -0.002    -0.022    -0.056
    52.580     0.053    -0.033     0.003
    52.590     0.084    -0.114     0.056
    52.600     0.124    -0.204     0.128
    52.610     0.149    -0.265     0.215
    52.620     0.149    -0.217     0.191
    52.630     0.107    -0.089     0.089
    52.640     0.048    -0.007    -0.054
    52.650    -0.005     0.040    -0.125
    52.660    -0.070     0.108    -0.078
    52.670    -0.124     0.225    -0.044
    52.680    -0.164     0.295     0.019
    52.690    -0.191     0.236     0.097
    52.700    -0.175     0.151     0.104
    52.710    -0.124     0.103     0.102
    52.720    -0.055     0.112     0.102
    52.730     0.001     0.126     0.114
    52.740     0.027     0.031     0.081
    52.750     0.060    -0.108    -0.065
    52.760     0.091    -0.160    -0.144
    52.770     0.115    -0.126    -0.087
    52.780     0.117    -0.082     0.041
    52.790     0.064    -0.103     0.149
    52.800     0.012    -0.172     0.072
    52.810    -0.022    -0.194    -0.066
    52.820    -0.047    -0.191    -0.126
    52.830    -0.063    -0.159    -0.178
    52.840    -0.075    -0.068    -0.195
    52.850    -0.059     0.050    -0.139
    52.860    -0.051     0.174    -0.015
    52.870    -0.045     0.280     0.134
    52.880    -0.040     0.335     0.245
    52.890    -0.019     0.304     0.265
    52.900     0.042     0.212     0.195
    52.910     0.086     0.068     0.069
    52.920     0.100    -0.136    -0.031
    52.930     0.077    -0.313    -0.055
    52.940     0.053    -0.363    -0.059
    52.950     0.032    -0.285    -0.074
    52.960    -0.015    -0.136    -0.140
    52.970    -0.046     0.061    -0.190
    52.980    -0.087     0.217    -0.163
    52.990    -0.136     0.268    -0.105
    53.000    -0.130     0.230    -0.006
    53.010    -0.037     0.115     0.093
    53.020     0.096    -0.013     0.178
    53.030     0.174    -0.076     0.205
    53.040     0.190    -0.049     0.105
    53.050     0.144    -0.004    -0.008
    53.060     0.072    -0.030    -0.094
    53.070     0.002    -0.090    -0.202
    53.080    -0.075    -0.141    -0.253
    53.090    -0.125    -0.166    -0.182
    53.100    -0.127    -0.151    -0.027
    53.110    -0.081    -0.099     0.111
    53.120    -0.042    -0.037     0.209
    53.130    -0.014    -0.028     0.225
    53.140     0.004    -0.047     0.149
    53.150    -0.021    -0.005     0.113
    53.160    -0.044     0.093     0.086
    53.170    -0.061     0.192     0.018
    53.180    -0.071     0.283    -0.067
    53.190    -0.085     0.300    -0.090
    53.200    -0.103     0.230    -0.025
    53.210    -0.098     0.106     0.016
    53.220    -0.075    -0.057     0.011
    53.230    -0.009    -0.169    -0.031
    53.240     0.061    -0.228    -0.062
    53.250     0.090    -0.237    -0.058
    53.260     0.110    -0.208    -0.082
    53.270     0.107    -0.195    -0.127
    53.280     0.069    -0.155    -0.175
    53.290     0.038    -0.118    -0.199
    53.300     0.030    -0.105    -0.168
    53.310     0.034    -0.082    -0.083
    53.320     0.027    -0.061     0.044
    53.330     0.022     0.016     0.184
    53.340     0.020     0.149     0.287
    53.350     0.001     0.249     0.307
    53.360    -0.004     0.319     0.277
    53.370    -0.007     0.304     0.136
    53.380     0.002     0.206    -0.122
    53.390     0.006     0.098    -0.260
    53.400     0.008    -0.044    -0.243
    53.410     0.040    -0.136    -0.157
    53.420     0.052    -0.146    -0.042
    53.430     0.043    -0.123     0.031
    53.440    -0.013    -0.071     0.094
    53.450    -0.095    -0.047     0.115
    53.460    -0.136    -0.038     0.065
    53.470    -0.142    -0.053    -0.023
    53.480    -0.088    -0.070    -0.099
    53.490    -0.004    -0.029    -0.082
    53.500     0.065     0.005    -0.030
    53.510     0.105     0.054     0.021
    53.520     0.096     0.101     0.088
    53.530     0.063     0.100     0.129
    53.540     0.033     0.105     0.133
    53.550     0.030     0.107     0.075
    53.560     0.058     0.074     0.006
    53.570     0.054    -0.020    -0.005
    53.580    -0.014    -0.130    -0.025
    53.590    -0.106    -0.127    -0.057
    53.600    -0.207    -0.029    -0.053
    53.610    -0.242     0.079    -0.062
    53.620    -0.165     0.162    -0.098
    53.630    -0.061     0.151    -0.142
    53.640     0.032     0.048    -0.133
    53.650     0.091    -0.089    -0.027
    53.660     0.121    -0.199     0.061
    53.670     0.140    -0.176     0.122
    53.680     0.131    -0.041     0.198
    53.690     0.144     0.101     0.199
    53.700     0.155     0.185     0.147
    53.710     0.128     0.160     0.046
    53.720     0.096     0.086    -0.121
    53.730     0.049     0.020    -0.222
    53.740    -0.015    -0.062    -0.215
    53.750    -0.079    -0.110    -0.131
    53.760    -0.155    -0.084    -0.008
    53.770    -0.234    -0.048     0.067
    53.780    -0.244    -0.052     0.042
    53.790    -0.145    -0.051    -0.054
    53.800    -0.007    -0.001    -0.047
    53.810     0.089     0.059     0.081
    53.820     0.125     0.065     0.149
    53.830     0.088     0.028     0.114
    53.840     0.009    -0.017     0.031
    53.850    -0.032    -0.033    -0.062
    53.860    -0.029     0.011    -0.127
    53.870    -0.019     0.096    -0.115
    53.880     0.008     0.187    -0.060
    53.890     0.063     0.202    -0.059
    53.900     0.129     0.157    -0.067
    53.910     0.168     0.092     0.019
    53.920     0.129    -0.061     0.095
    53.930     0.024    -0.247     0.104
    53.940    -0.095    -0.352     0.133
    53.950    -0.189    -0.363     0.102
    53.960    -0.200    -0.240     0.020
    53.970    -0.157    -0.004     0.021
    53.980    -0.110     0.192     0.019
    53.990    -0.045     0.264     0.000
    54.000     0.001     0.226     0.003
    54.010     0.024     0.086    -0.029
    54.020     0.032    -0.066    -0.019
    54.030     0.057    -0.103     0.005
    54.040     0.111    -0.066    -0.022
    54.050     0.124    -0.005    -0.035
    54.060     0.093     0.069    -0.017
    54.070     0.037     0.109     0.049
    54.080    -0.012     0.117     0.139
    54.090    -0.022     0.073     0.169
    54.100    -0.007    -0.020     0.125
    54.110     0.008    -0.087     0.096
    54.120     0.015    -0.138     0.044
    54.130     0.018    -0.183    -0.094
    54.140     0.012    -0.182    -0.219
    54.150     0.018    -0.161    -0.285
    54.160     0.028    -0.098    -0.274
    54.170     0.032     0.020    -0.156
    54.180     0.043     0.145     0.026
    54.190     0.038     0.195     0.156
    54.200     0.017     0.126     0.163
    54.210     0.013     0.101     0.110
    54.220     0.007     0.164     0.050
    54.230    -0.032     0.158     0.000
    54.240    -0.078     0.059    -0.001
    54.250    -0.091    -0.078     0.012
    54.260    -0.062    -0.140     0.011
    54.270     0.001    -0.100     0.000
    54.280     0.078    -0.072    -0.023
    54.290     0.142    -0.085    -0.025
    54.300     0.197    -0.069    -0.052
    54.310     0.205     0.017    -0.101
    54.320     0.115     0.055    -0.091
    54.330     0.002    -0.018    -0.062
    54.340    -0.103    -0.069    -0.021
    54.350    -0.194    -0.038     0.056
    54.360    -0.234     0.030     0.105
    54.370    -0.213     0.038     0.081
    54.380    -0.144    -0.023     0.013
    54.390    -0.079    -0.069    -0.050
    54.400    -0.022    -0.094    -0.071
    54.410     0.015    -0.094    -0.055
    54.420     0.026    -0.055     0.007
    54.430     0.036     0.009     0.113
    54.440     0.074     0.103     0.185
    54.450     0.111     0.187     0.196
    54.460     0.089     0.200     0.155
    54.470     0.036     0.164     0.073
    54.480    -0.043     0.088    -0.025
    54.490    -0.115    -0.035    -0.160
    54.500    -0.115    -0.145    -0.265
    54.510    -0.036    -0.184    -0.269
    54.520     0.074    -0.119    -0.160
    54.530     0.131    -0.022     0.019
    54.540     0.135     0.031     0.109
    54.550     0.097     0.069     0.090
    54.560     0.016     0.075     0.041
    54.570    -0.058     0.059    -0.024
    54.580    -0.098     0.065    -0.080
    54.590    -0.120     0.040    -0.072
    54.600    -0.113    -0.024     0.007
    54.610    -0.072    -0.056     0.055
    54.620    -0.027    -0.039     0.035
    54.630     0.003    -0.015     0.035
    54.640     0.016    -0.054     0.057
    54.650     0.030    -0.081     0.058
    54.660     0.032    -0.015     0.050
    54.670     0.026     0.059     0.012
    54.680     0.050     0.121    -0.067
    54.690     0.073     0.122    -0.134
    54.700     0.067     0.066    -0.161
    54.710     0.041     0.027    -0.143
    54.720     0.002    -0.018    -0.068
    54.730    -0.032    -0.043     0.040
    54.740    -0.021    -0.054     0.140
    54.750     0.050    -0.069     0.174
    54.760     0.121    -0.068     0.137
    54.770     0.146    -0.052     0.109
    54.780     0.128    -0.007     0.116
    54.790     0.053     0.019     0.189
    54.800    -0.055    -0.007     0.264
    54.810    -0.131    -0.033     0.205
    54.820    -0.174    -0.024     0.060
    54.830    -0.181     0.036    -0.088
    54.840    -0.158     0.102    -0.199
    54.850    -0.138     0.126    -0.280
    54.860    -0.115     0.094    -0.334
    54.870    -0.078    -0.007    -0.307
    54.880    -0.020    -0.123    -0.212
    54.890     0.059    -0.204    -0.107
    54.900     0.156    -0.218    -0.029
    54.910     0.238    -0.139     0.040
    54.920     0.278    -0.033     0.094
    54.930     0.260     0.061     0.099
    54.940     0.179     0.150     0.071
    54.950     0.041     0.199     0.024
    54.960    -0.108     0.174    -0.042
    54.970    -0.208     0.090    -0.089
    54.980    -0.235     0.031    -0.067
    54.990    -0.177     0.021     0.003
    55.000    -0.080    -0.011     0.050
    55.010     0.009    -0.056     0.058
    55.020     0.058    -0.080     0.032
    55.030     0.049    -0.101    -0.030
    55.040     0.035    -0.075    -0.056
    55.050     0.007    -0.033    -0.004
    55.060    -0.011     0.008     0.063
    55.070     0.003     0.096     0.142
    55.080     0.006     0.145     0.198
    55.090     0.027     0.124     0.182
    55.100     0.010     0.060     0.159
    55.110    -0.047    -0.028     0.157
    55.120    -0.058    -0.086     0.114
    55.130    -0.021    -0.140     0.012
    55.140     0.052    -0.146    -0.042
    55.150     0.112    -0.059    -0.019
    55.160     0.136     0.055    -0.030
    55.170     0.116     0.153    -0.080
    55.180     0.065     0.166    -0.117
    55.190     0.030     0.084    -0.121
    55.200     0.017     0.008    -0.078
    55.210     0.024    -0.017    -0.015
    55.220     0.034    -0.006     0.038
    55.230     0.012    -0.017     0.049
    55.240    -0.059    -0.094    -0.015
    55.250    -0.126    -0.152    -0.089
    55.260    -0.163    -0.132    -0.140
    55.270    -0.165    -0.078    -0.165
    55.280    -0.148     0.000    -0.116
    55.290    -0.146     0.061    -0.036
    55.300    -0.095     0.131     0.028
    55.310    -0.007     0.231     0.109
    55.320     0.057     0.273     0.148
    55.330     0.079     0.239     0.089
    55.340     0.028     0.135     0.019
    55.350    -0.059    -0.042    -0.027
    55.360    -0.110    -0.255    -0.088
    55.370    -0.090    -0.398    -0.107
    55.380    -0.030    -0.409    -0.067
    55.390     0.019    -0.305     0.000
    55.400     0.049    -0.121     0.054
    55.410     0.070     0.074     0.029
    55.420     0.064     0.238    -0.002
    55.430     0.040     0.281    -0.040
    55.440     0.020     0.209    -0.123
    55.450    -0.032     0.106    -0.130
    55.460    -0.088    -0.017    -0.046
    55.470    -0.083    -0.081     0.076
    55.480    -0.060    -0.062     0.191
    55.490    -0.053     0.002     0.267
    55.500    -0.041     0.053     0.257
    55.510    -0.036     0.059     0.136
    55.520    -0.048     0.034     0.062
    55.530    -0.054    -0.048     0.032
    55.540    -0.060    -0.126    -0.060
    55.550    -0.054    -0.082    -0.122
    55.560    -0.028     0.026    -0.145
    55.570     0.000     0.071    -0.186
    55.580     0.023     0.052    -0.201
    55.590     0.033    -0.040    -0.166
    55.600     0.030    -0.138    -0.045
    55.610     0.015    -0.131     0.169
    55.620     0.016    -0.034     0.343
    55.630     0.040     0.061     0.328
    55.640     0.065     0.094     0.179
    55.650     0.086     0.118     0.045
    55.660     0.081     0.094    -0.042
    55.670     0.078    -0.032    -0.108
    55.680     0.109    -0.123    -0.113
    55.690     0.136    -0.124    -0.035
    55.700     0.146    -0.057     0.013
    55.710     0.137     0.068     0.031
    55.720     0.073     0.135     0.050
    55.730    -0.001     0.097     0.004
    55.740    -0.055     0.023    -0.044
    55.750    -0.081    -0.050    -0.075
    55.760    -0.080    -0.065    -0.063
    55.770    -0.096    -0.057    -0.029
    55.780    -0.085    -0.044    -0.085
    55.790    -0.060     0.042    -0.166
    55.800    -0.050     0.119    -0.182
    55.810    -0.038     0.129    -0.113
    55.820    -0.017     0.054    -0.032
    55.830     0.016    -0.072     0.031
    55.840     0.001    -0.153     0.119
    55.850    -0.043    -0.174     0.195
    55.860    -0.087    -0.109     0.211
    55.870    -0.118    -0.012     0.154
    55.880    -0.106     0.085     0.046
    55.890    -0.060     0.136    -0.108
    55.900    -0.006     0.057    -0.230
    55.910     0.017    -0.057    -0.217
    55.920     0.043    -0.116    -0.097
    55.930     0.091    -0.110     0.058
    55.940     0.150    -0.033     0.179
    55.950     0.190     0.063     0.213
    55.960     0.181     0.150     0.168
    55.970     0.135     0.182     0.097
    55.980     0.044     0.081     0.017
    55.990    -0.044    -0.081    -0.054
    56.000    -0.098    -0.197    -0.051
    56.010    -0.122    -0.185    -0.003
    56.020    -0.128    -0.013    -0.005
    56.030    -0.121     0.131    -0.061
    56.040    -0.074     0.131    -0.130
    56.050    -0.024     0.065    -0.129
    56.060     0.020     0.007    -0.029
    56.070     0.083    -0.014     0.060
    56.080     0.138    -0.007     0.112
    56.090     0.160     0.044     0.115
    56.100     0.149     0.115     0.041
    56.110     0.103     0.146    -0.035
    56.120     0.019     0.089    -0.028
    56.130    -0.073    -0.045     0.016
    56.140    -0.131    -0.164    -0.030
    56.150    -0.159    -0.187    -0.115
    56.160    -0.165    -0.128    -0.165
    56.170    -0.134    -0.059    -0.144
    56.180    -0.087    -0.010    -0.033
    56.190    -0.043     0.031     0.068
    56.200    -0.013     0.052     0.136
    56.210    -0.007     0.051     0.188
    56.220    -0.032     0.059     0.191
    56.230    -0.083     0.066     0.133
    56.240    -0.074     0.055     0.057
    56.250    -0.014     0.037     0.011
    56.260     0.044    -0.013    -0.051
    56.270     0.110    -0.049    -0.118
    56.280     0.146    -0.044    -0.111
    56.290     0.143    -0.058    -0.069
    56.300     0.129    -0.074    -0.006
    56.310     0.137    -0.060     0.085
    56.320     0.164     0.000     0.152
    56.330     0.159     0.083     0.174
    56.340     0.106     0.083     0.107
    56.350     0.037     0.053    -0.038
    56.360    -0.021     0.098    -0.114
    56.370    -0.074     0.161    -0.084
    56.380    -0.102     0.187    -0.036
    56.390    -0.124     0.126     0.019
    56.400    -0.143    -0.011     0.024
    56.410    -0.143    -0.142    -0.025
    56.420    -0.143    -0.226    -0.059
    56.430    -0.123    -0.222    -0.077
    56.440    -0.112    -0.144    -0.008
    56.450    -0.097    -0.037     0.143
    56.460    -0.052     0.079     0.264
    56.470     0.003     0.132     0.223
    56.480     0.075     0.119     0.019
    56.490     0.132     0.088    -0.188
    56.500     0.174     0.037    -0.312
    56.510     0.178     0.013    -0.307
    56.520     0.127    -0.004    -0.224
    56.530     0.081    -0.054    -0.134
    56.540     0.040    -0.079    -0.014
    56.550     0.007    -0.080     0.048
    56.560     0.000    -0.052     0.015
    56.570    -0.014    -0.018    -0.014
    56.580    -0.043    -0.038    -0.019
    56.590    -0.058    -0.065     0.018
    56.600    -0.076    -0.056     0.116
    56.610    -0.119    -0.035     0.186
    56.620    -0.144    -0.047     0.204
    56.630    -0.138    -0.102     0.158
    56.640    -0.094    -0.135     0.042
    56.650    -0.025    -0.066    -0.040
    56.660     0.058     0.057    -0.089
    56.670     0.158     0.142    -0.116
    56.680     0.229     0.195    -0.095
    56.690     0.270     0.192    -0.068
    56.700     0.283     0.139    -0.041
    56.710     0.225     0.076     0.016
    56.720     0.102     0.021     0.089
    56.730    -0.028     0.002     0.078
    56.740    -0.115    -0.012    -0.017
    56.750    -0.168    -0.030    -0.108
    56.760    -0.193    -0.027    -0.195
    56.770    -0.200    -0.018    -0.201
    56.780    -0.199    -0.016    -0.090
    56.790    -0.154    -0.034     0.050
    56.800    -0.071    -0.044     0.169
    56.810     0.034    -0.005     0.220
    56.820     0.113     0.042     0.214
    56.830     0.115     0.068     0.193
    56.840     0.091     0.055     0.137
    56.850     0.041    -0.009     0.074
    56.860    -0.033    -0.052     0.072
    56.870    -0.053    -0.039     0.064
    56.880    -0.021     0.008    -0.016
    56.890     0.012     0.067    -0.092
    56.900     0.054     0.071    -0.151
    56.910     0.069    -0.008    -0.261
    56.920     0.027    -0.129    -0.365
    56.930    -0.008    -0.220    -0.328
    56.940    -0.042    -0.237    -0.162
    56.950    -0.088    -0.206     0.003
    56.960    -0.125    -0.118     0.077
    56.970    -0.146    -0.008     0.076
    56.980    -0.126     0.072     0.059
    56.990    -0.088     0.133     0.061
    57.000    -0.021     0.179     0.121
    57.010     0.034     0.213     0.201
    57.020     0.051     0.185     0.252
    57.030     0.044     0.099     0.261
    57.040     0.016    -0.001     0.193
    57.050     0.018    -0.042     0.089
    57.060     0.019    -0.010     0.006
    57.070    -0.012    -0.025    -0.097
    57.080    -0.058    -0.100    -0.198
    57.090    -0.078    -0.152    -0.260
    57.100    -0.070    -0.140    -0.308
    57.110    -0.055    -0.086    -0.307
    57.120    -0.021    -0.008    -0.240
    57.130     0.000     0.043    -0.088
    57.140     0.022     0.045     0.109
    57.150     0.041     0.057     0.237
    57.160     0.062     0.088     0.304
    57.170     0.084     0.123     0.309
    57.180     0.085     0.116     0.212
    57.190     0.077     0.116     0.116
    57.200     0.041     0.124     0.013
    57.210     0.040     0.102    -0.101
    57.220     0.049     0.084    -0.127
    57.230     0.022     0.034    -0.102
    57.240    -0.025    -0.016     0.028
    57.250    -0.083    -0.062     0.167
    57.260    -0.087    -0.097     0.165
    57.270    -0.077    -0.106     0.148
    57.280    -0.042    -0.180     0.049
    57.290     0.031    -0.230    -0.137
    57.300     0.075    -0.178    -0.250
    57.310     0.124    -0.068    -0.246
    57.320     0.153     0.071    -0.126
    57.330     0.154     0.158    -0.020
    57.340     0.142     0.203     0.062
    57.350     0.102     0.215     0.133
    57.360     0.048     0.143     0.112
    57.370    -0.021     0.035     0.070
    57.380    -0.097    -0.106    -0.003
    57.390    -0.147    -0.231    -0.054
    57.400    -0.145    -0.243    -0.030
    57.410    -0.120    -0.198    -0.016
    57.420    -0.063    -0.104     0.004
    57.430     0.017     0.013     0.022
    57.440     0.055     0.101     0.060
    57.450     0.047     0.189     0.090
    57.460     0.013     0.202    -0.007
    57.470    -0.021     0.139    -0.123
    57.480    -0.054     0.049    -0.154
    57.490    -0.095    -0.065    -0.153
    57.500    -0.114    -0.134    -0.155
    57.510    -0.093    -0.158    -0.134
    57.520    -0.052    -0.135    -0.046
    57.530    -0.018    -0.069     0.044
    57.540    -0.008    -0.042     0.092
    57.550     0.013    -0.050     0.150
    57.560     0.064    -0.045     0.201
    57.570     0.094    -0.005     0.207
    57.580     0.071     0.045     0.194
    57.590     0.029     0.021     0.189
    57.600     0.011    -0.015     0.162
    57.610    -0.020    -0.016     0.097
    57.620    -0.045     0.020    -0.035
    57.630    -0.039     0.086    -0.189
    57.640    -0.042     0.075    -0.276
    57.650    -0.023     0.074    -0.281
    57.660    -0.004     0.122    -0.213
    57.670     0.012     0.153    -0.139
    57.680     0.028     0.188    -0.030
    57.690     0.012     0.142     0.071
    57.700     0.004     0.053     0.073
    57.710     0.003     0.002     0.088
    57.720    -0.009    -0.062     0.161
    57.730    -0.015    -0.129     0.188
    57.740    -0.035    -0.197     0.170
    57.750    -0.065    -0.226     0.174
    57.760    -0.060    -0.193     0.127
    57.770    -0.059    -0.161     0.038
    57.780    -0.069    -0.127    -0.028
    57.790    -0.053    -0.077    -0.074
    57.800    -0.042    -0.006    -0.072
    57.810    -0.016     0.085    -0.089
    57.820     0.026     0.144    -0.097
    57.830     0.060     0.166    -0.110
    57.840     0.091     0.150    -0.193
    57.850     0.086     0.089    -0.210
    57.860     0.078     0.022    -0.149
    57.870     0.077     0.009    -0.071
    57.880     0.029     0.017    -0.025
    57.890    -0.024    -0.023     0.017
    57.900    -0.049    -0.087     0.122
    57.910    -0.042    -0.122     0.223
    57.920    -0.018    -0.080     0.317
    57.930     0.000    -0.012     0.334
    57.940     0.023     0.000     0.267
    57.950     0.020    -0.010     0.193
    57.960    -0.005    -0.010     0.059
    57.970    -0.018     0.033    -0.118
    57.980     0.005     0.101    -0.264
    57.990     0.046     0.164    -0.302
    58.000     0.051     0.221    -0.258
    58.010     0.070     0.243    -0.216
    58.020     0.095     0.215    -0.145
    58.030     0.087     0.128    -0.044
    58.040     0.059     0.015     0.038
    58.050     0.015    -0.060     0.109
    58.060    -0.022    -0.111     0.170
    58.070    -0.048    -0.189     0.155
    58.080    -0.034    -0.228     0.049
    58.090     0.004    -0.189    -0.063
    58.100     0.025    -0.102    -0.104
    58.110     0.035    -0.002    -0.090
    58.120     0.048     0.006    -0.112
    58.130     0.052    -0.030    -0.106
    58.140     0.027    -0.044    -0.051
    58.150     0.008    -0.049    -0.046
    58.160    -0.010    -0.010    -0.024
    58.170    -0.015     0.038     0.000
    58.180     0.004     0.094    -0.020
    58.190    -0.010     0.146     0.019
    58.200    -0.046     0.122     0.029
    58.210    -0.065     0.072    -0.003
    58.220    -0.096     0.060     0.038
    58.230    -0.130     0.051     0.084
    58.240    -0.134     0.018     0.094
    58.250    -0.106    -0.026     0.090
    58.260    -0.055    -0.049     0.096
    58.270    -0.042    -0.082     0.110
    58.280    -0.044    -0.157     0.047
    58.290    -0.011    -0.194    -0.075
    58.300     0.012    -0.141    -0.107
    58.310     0.033    -0.017    -0.016
    58.320     0.044     0.089     0.080
    58.330     0.059     0.134     0.136
    58.340     0.103     0.148     0.152
    58.350     0.140     0.134     0.092
    58.360     0.141     0.110     0.026
    58.370     0.108     0.025    -0.021
    58.380     0.078    -0.121    -0.068
    58.390     0.034    -0.202    -0.061
    58.400    -0.021    -0.182    -0.086
    58.410    -0.083    -0.107    -0.164
    58.420    -0.143    -0.029    -0.159
    58.430    -0.148     0.014    -0.107
    58.440    -0.128     0.020    -0.075
    58.450    -0.081     0.038    -0.041
    58.460    -0.017     0.085     0.020
    58.470     0.041     0.108     0.123
    58.480     0.106     0.091     0.193
    58.490     0.151     0.028     0.144
    58.500     0.161    -0.043     0.028
    58.510     0.122    -0.067    -0.037
    58.520     0.057    -0.070    -0.059
    58.530     0.007    -0.037    -0.070
    58.540    -0.024     0.035    -0.056
    58.550    -0.035     0.076    -0.060
    58.560    -0.046     0.080    -0.083
    58.570    -0.063     0.036    -0.099
    58.580    -0.087    -0.053    -0.079
    58.590    -0.117    -0.127    -0.048
    58.600    -0.133    -0.154    -0.055
    58.610    -0.130    -0.098    -0.034
    58.620    -0.091     0.010     0.042
    58.630    -0.021     0.095     0.119
    58.640     0.050     0.161     0.177
    58.650     0.114     0.173     0.189
    58.660     0.148     0.143     0.154
    58.670     0.119     0.114     0.145
    58.680     0.047     0.048     0.168
    58.690    -0.044    -0.004     0.194
    58.700    -0.115    -0.021     0.179
    58.710    -0.123    -0.028     0.053
    58.720    -0.098    -0.025    -0.094
    58.730    -0.030    -0.025    -0.235
    58.740     0.051    -0.035    -0.300
    58.750     0.074    -0.109    -0.222
    58.760     0.086    -0.202    -0.140
    58.770     0.089    -0.191    -0.062
    58.780     0.069    -0.099     0.036
    58.790     0.034     0.014     0.133
    58.800     0.001     0.077     0.178
    58.810    -0.001     0.074     0.149
    58.820     0.006     0.108     0.136
    58.830     0.030     0.173     0.144
    58.840     0.044     0.180     0.089
    58.850     0.069     0.092    -0.014
    58.860     0.100    -0.065    -0.073
    58.870     0.105    -0.172    -0.097
    58.880     0.097    -0.172    -0.070
    58.890     0.024    -0.166    -0.044
    58.900    -0.029    -0.167    -0.109
    58.910    -0.054    -0.105    -0.146
    58.920    -0.091     0.012    -0.137
    58.930    -0.091     0.150    -0.177
    58.940    -0.078     0.227    -0.250
    58.950    -0.033     0.251    -0.229
    58.960     0.001     0.230    -0.078
    58.970     0.021     0.126     0.022
    58.980     0.039     0.023     0.047
    58.990     0.021    -0.090     0.077
    59.000     0.017    -0.162     0.093
    59.010     0.006    -0.137     0.096
    59.020    -0.013    -0.111     0.086
    59.030    -0.016    -0.060     0.128
    59.040    -0.027     0.000     0.182
    59.050    -0.042     0.034     0.152
    59.060    -0.039     0.068     0.065
    59.070     0.006     0.036    -0.083
    59.080     0.069    -0.003    -0.158
    59.090     0.095     0.003    -0.088
    59.100     0.097    -0.046    -0.033
    59.110     0.090    -0.095    -0.043
    59.120     0.041    -0.097    -0.032
    59.130    -0.030    -0.076    -0.009
    59.140    -0.097    -0.007    -0.008
    59.150    -0.150     0.022     0.004
    59.160    -0.156    -0.029     0.018
    59.170    -0.127    -0.092     0.007
    59.180    -0.071    -0.138    -0.092
    59.190     0.003    -0.107    -0.181
    59.200     0.066     0.012    -0.141
    59.210     0.105     0.132    -0.055
    59.220     0.092     0.187     0.059
    59.230     0.071     0.177     0.155
    59.240     0.051     0.141     0.223
    59.250     0.006     0.097     0.264
    59.260    -0.055     0.009     0.221
    59.270    -0.103    -0.094     0.096
    59.280    -0.089    -0.113    -0.075
    59.290    -0.073    -0.059    -0.163
    59.300    -0.067     0.001    -0.145
    59.310    -0.064     0.016    -0.115
    59.320    -0.081    -0.053    -0.092
    59.330    -0.085    -0.106    -0.002
    59.340    -0.081    -0.099     0.111
    59.350    -0.017    -0.053     0.156
    59.360     0.051     0.046     0.183
    59.370     0.094     0.082     0.170
    59.380     0.126     0.063     0.138
    59.390     0.087     0.028     0.074
    59.400     0.014    -0.033    -0.021
    59.410    -0.077    -0.001    -0.024
    59.420    -0.149     0.040    -0.014
    59.430    -0.141     0.074    -0.032
    59.440    -0.094     0.133    -0.048
    59.450    -0.027     0.140    -0.121
    59.460     0.028     0.126    -0.157
    59.470     0.052     0.025    -0.143
    59.480     0.069    -0.110    -0.145
    59.490     0.071    -0.159    -0.091
    59.500     0.071    -0.144    -0.010
    59.510     0.064    -0.055     0.046
    59.520     0.040     0.054     0.054
    59.530     0.016     0.121    -0.010
    59.540    -0.002     0.135    -0.093
    59.550    -0.015     0.107    -0.115
    59.560    -0.024     0.098    -0.034
    59.570     0.003     0.099     0.057
    59.580     0.034     0.047     0.077
    59.590     0.063    -0.050     0.006
    59.600     0.098    -0.146    -0.063
    59.610     0.106    -0.168    -0.051
    59.620     0.113    -0.087    -0.047
    59.630     0.075     0.017    -0.046
    59.640     0.008     0.111    -0.035
    59.650    -0.059     0.155    -0.022
    59.660    -0.139     0.115    -0.013
    59.670    -0.166     0.028    -0.006
    59.680    -0.169    -0.099     0.035
    59.690    -0.147    -0.207     0.038
    59.700    -0.115    -0.249     0.000
    59.710    -0.123    -0.231    -0.003
    59.720    -0.104    -0.162     0.049
    59.730    -0.069    -0.084     0.158
    59.740    -0.015     0.006     0.258
    59.750     0.045     0.067     0.299
    59.760     0.072     0.034     0.233
    59.770     0.103    -0.047     0.038
    59.780     0.095    -0.097    -0.175
    59.790     0.059    -0.049    -0.295
    59.800     0.024     0.063    -0.244
    59.810     0.009     0.107    -0.087
    59.820     0.049     0.090     0.026
    59.830     0.102     0.070     0.057
    59.840     0.163     0.050     0.058
    59.850     0.169     0.055     0.119
    59.860     0.112     0.065     0.182
    59.870     0.030     0.122     0.164
    59.880    -0.088     0.173     0.107
    59.890    -0.173     0.133     0.008
    59.900    -0.204     0.076    -0.127
    59.910    -0.205     0.023    -0.210
    59.920    -0.185     0.008    -0.238
    59.930    -0.142    -0.008    -0.245
    59.940    -0.075    -0.050    -0.217
    59.950    -0.013    -0.049    -0.150
    59.960     0.048    -0.070    -0.054
    59.970     0.091    -0.097     0.050
    59.980     0.097    -0.100     0.168
    59.990     0.087    -0.098     0.197
    60.000     0.067    -0.037     0.094
    60.010     0.039     0.041    -0.006
    60.020     0.008     0.095    -0.061
    60.030    -0.031     0.123    -0.059
    60.040    -0.057     0.081    -0.001
    60.050    -0.051    -0.011     0.079
    60.060     0.002    -0.115     0.189
    60.070     0.063    -0.160     0.272
    60.080     0.087    -0.126     0.255
    60.090     0.090    -0.092     0.162
    60.100     0.071    -0.061     0.015
    60.110     0.043     0.020    -0.092
    60.120    -0.002     0.111    -0.092
    60.130    -0.033     0.130    -0.090
    60.140    -0.039     0.102    -0.098
    60.150    -0.055     0.043    -0.046
    60.160    -0.046    -0.017     0.023
    60.170    -0.022    -0.028     0.002
    60.180    -0.008    -0.053    -0.120
    60.190     0.011    -0.107    -0.237
    60.200     0.016    -0.140    -0.232
    60.210     0.003    -0.110    -0.108
    60.220    -0.012    -0.035     0.022
    60.230    -0.039     0.023     0.134
    60.240    -0.061     0.095     0.248
    60.250    -0.057     0.185     0.281
    60.260    -0.031     0.213     0.212
    60.270     0.001     0.180     0.107
    60.280     0.019     0.105     0.021
    60.290     0.035     0.041    -0.030
    60.300     0.030     0.021    -0.051
    60.310     0.026     0.035    -0.050
    60.320     0.041     0.054    -0.007
    60.330     0.058     0.008     0.005
    60.340     0.077    -0.046    -0.076
    60.350     0.069    -0.081    -0.145
    60.360     0.055    -0.128    -0.186
    60.370     0.039    -0.174    -0.193
    60.380    -0.001    -0.218    -0.122
    60.390    -0.033    -0.219    -0.021
    60.400    -0.059    -0.145     0.090
    60.410    -0.101    -0.010     0.153
    60.420    -0.140     0.055     0.130
    60.430    -0.140    -0.004     0.095
    60.440    -0.089    -0.023     0.085
    60.450    -0.011     0.078     0.091
    60.460     0.044     0.222     0.085
    60.470     0.076     0.316     0.032
    60.480     0.081     0.295    -0.038
    60.490     0.049     0.167    -0.110
    60.500     0.015     0.002    -0.129
    60.510    -0.015    -0.176    -0.071
    60.520    -0.029    -0.324    -0.057
    60.530    -0.004    -0.347    -0.065
    60.540     0.039    -0.227    -0.039
    60.550     0.071    -0.038    -0.022
    60.560     0.094     0.110     0.005
    60.570     0.090     0.144     0.048
    60.580     0.032     0.117     0.098
    60.590    -0.045     0.085     0.168
    60.600    -0.109     0.024     0.161
    60.610    -0.137    -0.051     0.015
    60.620    -0.129    -0.080    -0.116
    60.630    -0.093    -0.007    -0.153
    60.640    -0.043     0.092    -0.170
    60.650    -0.003     0.125    -0.185
    60.660     0.034     0.114    -0.139
    60.670     0.047     0.036    -0.049
    60.680     0.057    -0.043     0.010
    60.690     0.095    -0.066     0.006
    60.700     0.114    -0.074    -0.003
    60.710     0.089    -0.042     0.045
    60.720     0.045     0.008     0.095
    60.730     0.018     0.053     0.131
    60.740     0.007     0.073     0.144
    60.750    -0.005     0.055     0.118
    60.760    -0.012     0.027     0.069
    60.770    -0.008    -0.044    -0.002
    60.780    -0.016    -0.094    -0.025
    60.790    -0.033    -0.074    -0.012
    60.800    -0.051    -0.026    -0.006
    60.810    -0.072     0.067     0.025
    60.820    -0.073     0.151     0.041
    60.830    -0.080     0.163     0.004
    60.840    -0.072     0.138    -0.069
    60.850    -0.037     0.097    -0.104
    60.860    -0.004     0.067    -0.095
    60.870     0.037     0.054    -0.063
    60.880     0.081    -0.011    -0.030
    60.890     0.148    -0.116    -0.051
    60.900     0.191    -0.173    -0.071
    60.910     0.160    -0.175    -0.065
    60.920     0.087    -0.170    -0.062
    60.930     0.005    -0.155    -0.023
    60.940    -0.067    -0.093     0.039
    60.950    -0.114    -0.011     0.074
    60.960    -0.106     0.072     0.086
    60.970    -0.064     0.150     0.122
    60.980    -0.038     0.169     0.167
    60.990    -0.020     0.136     0.171
    61.000    -0.003     0.075     0.175
    61.010     0.000    -0.004     0.208
    61.020     0.005    -0.076     0.213
    61.030     0.004    -0.135     0.118
    61.040    -0.001    -0.180    -0.016
    61.050     0.004    -0.173    -0.122
    61.060     0.016    -0.112    -0.235
    61.070     0.025    -0.049    -0.333
    61.080     0.026    -0.016    -0.344
    61.090     0.040     0.022    -0.261
    61.100     0.036     0.073    -0.192
    61.110     0.005     0.097    -0.188
    61.120    -0.009     0.101    -0.120
    61.130    -0.022     0.065     0.017
    61.140    -0.003     0.025     0.111
    61.150     0.053     0.035     0.157
    61.160     0.113     0.036     0.193
    61.170     0.161     0.019     0.230
    61.180     0.143    -0.007     0.245
    61.190     0.081    -0.031     0.190
    61.200    -0.010     0.017     0.118
    61.210    -0.130     0.070     0.050
    61.220    -0.203     0.054    -0.084
    61.230    -0.218    -0.002    -0.219
    61.240    -0.179    -0.065    -0.294
    61.250    -0.112    -0.066    -0.275
    61.260    -0.057    -0.041    -0.178
    61.270    -0.001    -0.039    -0.065
    61.280     0.044    -0.003     0.088
    61.290     0.071     0.035     0.234
    61.300     0.086     0.055     0.281
    61.310     0.084     0.049     0.190
    61.320     0.088    -0.033     0.065
    61.330     0.088    -0.142    -0.016
    61.340     0.069    -0.228    -0.087
    61.350     0.024    -0.221    -0.082
    61.360    -0.022    -0.114    -0.017
    61.370    -0.048    -0.006     0.025
    61.380    -0.064     0.098     0.092
    61.390    -0.054     0.173     0.158
    61.400    -0.040     0.198     0.167
    61.410    -0.028     0.194     0.148
    61.420    -0.016     0.106     0.049
    61.430    -0.013    -0.018    -0.088
    61.440     0.000    -0.043    -0.141
    61.450     0.001    -0.009    -0.148
    61.460    -0.024     0.017    -0.127
    61.470    -0.070    -0.002    -0.084
    61.480    -0.098    -0.062    -0.072
    61.490    -0.065    -0.084    -0.072
    61.500    -0.024    -0.056    -0.005
    61.510     0.014     0.001     0.051
    61.520     0.046     0.025     0.027
    61.530     0.050    -0.009    -0.041
    61.540     0.070    -0.017    -0.119
    61.550     0.092     0.027    -0.103
    61.560     0.106     0.074    -0.009
    61.570     0.117     0.070     0.066
    61.580     0.112     0.040     0.088
    61.590     0.100     0.031     0.054
    61.600     0.076     0.024     0.017
    61.610     0.047    -0.025    -0.002
    61.620     0.010    -0.123    -0.014
    61.630    -0.031    -0.187    -0.012
    61.640    -0.066    -0.168    -0.010
    61.650    -0.091    -0.104    -0.015
    61.660    -0.084    -0.005    -0.001
    61.670    -0.043     0.084     0.020
    61.680    -0.004     0.161     0.040
    61.690    -0.008     0.222     0.067
    61.700    -0.033     0.173     0.052
    61.710    -0.052     0.047     0.021
    61.720    -0.071    -0.074     0.012
    61.730    -0.076    -0.139     0.009
    61.740    -0.066    -0.130     0.000
    61.750    -0.054    -0.109    -0.035
    61.760    -0.060    -0.087    -0.046
    61.770    -0.067    -0.056    -0.047
    61.780    -0.058    -0.015    -0.064
    61.790    -0.036     0.030    -0.069
    61.800    -0.008     0.031    -0.044
    61.810     0.002    -0.008    -0.025
    61.820     0.017    -0.019    -0.029
    61.830     0.025     0.006     0.007
    61.840     0.051     0.022     0.064
    61.850     0.076     0.050     0.104
    61.860     0.064     0.085     0.082
    61.870     0.049     0.108     0.060
    61.880    -0.001     0.098     0.072
    61.890    -0.040     0.043     0.043
    61.900    -0.060     0.020     0.017
    61.910    -0.064     0.019    -0.037
    61.920    -0.034     0.044    -0.092
    61.930     0.000     0.104    -0.056
    61.940     0.035     0.123    -0.003
    61.950     0.040     0.086     0.026
    61.960     0.043     0.013     0.053
    61.970     0.047    -0.080     0.033
    61.980     0.036    -0.147    -0.014
    61.990     0.032    -0.138    -0.030
    62.000     0.045    -0.105    -0.055
    62.010     0.074    -0.076    -0.060
    62.020     0.081    -0.020    -0.066
    62.030     0.052     0.021    -0.076
    62.040    -0.023    -0.003    -0.010
    62.050    -0.083    -0.110     0.021
    62.060    -0.076    -0.157    -0.029
    62.070    -0.058    -0.034    -0.005
    62.080    -0.051     0.130     0.068
    62.090    -0.056     0.192     0.050
    62.100    -0.051     0.173    -0.029
    62.110    -0.036     0.188    -0.090
    62.120    -0.043     0.206    -0.101
    62.130    -0.040     0.157    -0.098
    62.140    -0.032     0.032    -0.093
    62.150    -0.023    -0.120    -0.015
    62.160     0.002    -0.180     0.115
    62.170     0.031    -0.148     0.252
    62.180     0.059    -0.118     0.339
    62.190     0.077    -0.151     0.304
    62.200     0.077    -0.178     0.214
    62.210     0.060    -0.164     0.110
    62.220     0.043    -0.166    -0.043
    62.230     0.011    -0.119    -0.179
    62.240    -0.030    -0.011    -0.226
    62.250    -0.063     0.132    -0.158
    62.260    -0.064     0.275    -0.088
    62.270    -0.012     0.355    -0.132
    62.280     0.041     0.363    -0.163
    62.290     0.074     0.264    -0.138
    62.300     0.076     0.083    -0.074
    62.310     0.044    -0.127     0.015
    62.320     0.011    -0.305     0.058
    62.330     0.016    -0.320     0.102
    62.340     0.046    -0.186     0.146
    62.350     0.049    -0.086     0.156
    62.360     0.045    -0.092     0.137
    62.370     0.030    -0.149     0.076
    62.380    -0.006    -0.156     0.023
    62.390    -0.051    -0.059    -0.031
    62.400    -0.091     0.044    -0.135
    62.410    -0.099     0.095    -0.250
    62.420    -0.099     0.109    -0.278
    62.430    -0.073     0.123    -0.227
    62.440    -0.020     0.139    -0.148
    62.450     0.035     0.112    -0.073
    62.460     0.099     0.107    -0.049
    62.470     0.141     0.154     0.006
    62.480     0.159     0.172     0.083
    62.490     0.139     0.093     0.161
    62.500     0.099    -0.034     0.270
    62.510     0.052    -0.133     0.308
    62.520    -0.034    -0.175     0.269
    62.530    -0.098    -0.130     0.147
    62.540    -0.104    -0.077    -0.080
    62.550    -0.076    -0.001    -0.241
    62.560    -0.035     0.131    -0.228
    62.570    -0.014     0.184    -0.165
    62.580    -0.020     0.099    -0.125
    62.590    -0.028    -0.019    -0.026
    62.600    -0.041    -0.052     0.088
    62.610    -0.071     0.007     0.121
    62.620    -0.096     0.087     0.106
    62.630    -0.098     0.095     0.054
    62.640    -0.073     0.036    -0.041
    62.650    -0.052     0.004    -0.117
    62.660    -0.033     0.003    -0.150
    62.670    -0.029    -0.046    -0.138
    62.680    -0.024    -0.104    -0.060
    62.690    -0.019    -0.087     0.058
    62.700    -0.029    -0.046     0.125
    62.710    -0.003    -0.009     0.130
    62.720     0.033    -0.048     0.084
    62.730     0.085    -0.136    -0.018
    62.740     0.115    -0.140    -0.100
    62.750     0.100    -0.094    -0.087
    62.760     0.060    -0.057     0.014
    62.770     0.004    -0.078     0.103
    62.780    -0.030    -0.078     0.180
    62.790    -0.064    -0.017     0.265
    62.800    -0.062    -0.008     0.252
    62.810    -0.032    -0.027     0.116
    62.820     0.004    -0.005    -0.018
    62.830     0.038     0.114    -0.042
    62.840     0.040     0.257    -0.029
    62.850     0.033     0.319    -0.075
    62.860    -0.013     0.275    -0.160
    62.870    -0.075     0.149    -0.217
    62.880    -0.120     0.036    -0.190
    62.890    -0.141    -0.071    -0.140
    62.900    -0.123    -0.161    -0.098
    62.910    -0.098    -0.213    -0.039
    62.920    -0.059    -0.238    -0.030
    62.930    -0.019    -0.200    -0.021
    62.940     0.015    -0.139     0.054
    62.950     0.056    -0.113     0.118
    62.960     0.099    -0.125     0.156
    62.970     0.132    -0.153     0.159
    62.980     0.119    -0.131     0.147
    62.990     0.070    -0.039     0.131
    63.000     0.012     0.073     0.066
    63.010    -0.047     0.180     0.012
    63.020    -0.098     0.243     0.008
    63.030    -0.117     0.254     0.039
    63.040    -0.097     0.224     0.063
    63.050    -0.063     0.163     0.037
    63.060    -0.037     0.105    -0.019
    63.070    -0.024     0.019    -0.115
    63.080     0.019    -0.064    -0.242
    63.090     0.084    -0.088    -0.312
    63.100     0.111    -0.078    -0.265
    63.110     0.106    -0.052    -0.160
    63.120     0.080    -0.050    -0.092
    63.130     0.040    -0.062    -0.068
    63.140    -0.009    -0.032     0.024
    63.150    -0.068     0.026     0.175
    63.160    -0.099     0.057     0.219
    63.170    -0.091     0.065     0.151
    63.180    -0.067     0.111     0.078
    63.190    -0.037     0.187     0.061
    63.200    -0.004     0.207     0.083
    63.210     0.038     0.152     0.114
    63.220     0.061     0.073     0.128
    63.230     0.052     0.001     0.085
    63.240     0.035    -0.024     0.006
    63.250     0.020    -0.027    -0.066
    63.260     0.025    -0.039    -0.114
    63.270     0.051    -0.041    -0.109
    63.280     0.057    -0.049    -0.071
    63.290     0.051    -0.041    -0.043
    63.300     0.032    -0.009    -0.023
    63.310     0.003    -0.016    -0.025
    63.320    -0.008    -0.066    -0.025
    63.330    -0.009    -0.098    -0.023
    63.340     0.012    -0.066     0.002
    63.350     0.011     0.013     0.072
    63.360    -0.014     0.034     0.074
    63.370    -0.020     0.003     0.023
    63.380    -0.031    -0.044    -0.003
    63.390    -0.016    -0.088    -0.035
    63.400    -0.001    -0.075    -0.063
    63.410    -0.004    -0.097    -0.065
    63.420     0.016    -0.144    -0.055
    63.430     0.043    -0.136    -0.042
    63.440     0.088    -0.058    -0.009
    63.450     0.120     0.066     0.053
    63.460     0.106     0.083     0.125
    63.470     0.073     0.022     0.156
    63.480     0.033    -0.047     0.146
    63.490     0.006    -0.118     0.096
    63.500    -0.010    -0.103     0.027
    63.510    -0.010    -0.036     0.015
    63.520    -0.005    -0.009    -0.019
    63.530    -0.008    -0.017    -0.070
    63.540    -0.029     0.000    -0.029
    63.550    -0.070     0.037     0.000
    63.560    -0.101     0.083    -0.014
    63.570    -0.132     0.116     0.007
    63.580    -0.144     0.141     0.073
    63.590    -0.121     0.183     0.115
    63.600    -0.063     0.214     0.045
    63.610     0.023     0.211    -0.076
    63.620     0.088     0.124    -0.155
    63.630     0.118    -0.017    -0.195
    63.640     0.124    -0.108    -0.200
    63.650     0.095    -0.132    -0.141
    63.660     0.040    -0.137    -0.046
    63.670    -0.004    -0.153     0.004
    63.680    -0.021    -0.168     0.018
    63.690    -0.008    -0.151     0.033
    63.700    -0.002    -0.096     0.056
    63.710    -0.008    -0.047     0.036
    63.720    -0.017    -0.011    -0.021
    63.730    -0.062    -0.001    -0.064
    63.740    -0.070    -0.006    -0.162
    63.750    -0.042     0.045    -0.203
    63.760    -0.017     0.064    -0.131
    63.770     0.035     0.060     0.007
    63.780     0.068     0.099     0.176
    63.790     0.101     0.084     0.200
    63.800     0.106     0.085     0.201
    63.810     0.061     0.086     0.198
    63.820    -0.003     0.025     0.091
    63.830    -0.079    -0.017     0.054
    63.840    -0.103    -0.046     0.054
    63.850    -0.107     0.000     0.041
    63.860    -0.090     0.104     0.037
    63.870    -0.044     0.145    -0.014
    63.880     0.005     0.130    -0.064
    63.890     0.036     0.071    -0.059
    63.900     0.031    -0.014    -0.059
    63.910     0.023    -0.103    -0.091
    63.920    -0.006    -0.184    -0.148
    63.930    -0.019    -0.206    -0.214
    63.940    -0.031    -0.148    -0.237
    63.950    -0.061    -0.068    -0.242
    63.960    -0.066    -0.017    -0.197
    63.970    -0.071    -0.020    -0.098
    63.980    -0.039    -0.013     0.021
    63.990    -0.010     0.049     0.205
    64.000    -0.012     0.057     0.352
    64.010    -0.031     0.019     0.431
    64.020    -0.086    -0.014     0.435
    64.030    -0.102    -0.024     0.333
    64.040    -0.073     0.035     0.241
    64.050    -0.030     0.066     0.115
    64.060     0.026     0.051    -0.043
    64.070     0.077     0.034    -0.162
    64.080     0.117     0.009    -0.254
    64.090     0.119     0.030    -0.306
    64.100     0.093     0.050    -0.317
    64.110     0.052     0.079    -0.248
    64.120    -0.001     0.104    -0.131
    64.130    -0.056     0.047    -0.030
    64.140    -0.068     0.007     0.036
    64.150    -0.054     0.000     0.100
    64.160    -0.039    -0.015     0.157
    64.170     0.003    -0.022     0.158
    64.180     0.022    -0.028     0.138
    64.190     0.033     0.004     0.079
    64.200     0.023     0.026     0.016
    64.210     0.003    -0.052    -0.067
    64.220     0.020    -0.128    -0.162
    64.230     0.019    -0.113    -0.113
    64.240     0.014    -0.046    -0.030
    64.250     0.009     0.013    -0.024
    64.260    -0.004     0.035    -0.017
    64.270     0.010     0.048     0.011
    64.280     0.031     0.089     0.091
    64.290     0.040     0.125     0.142
    64.300     0.032     0.071     0.118
    64.310     0.016    -0.045     0.131
    64.320     0.006    -0.131     0.144
    64.330     0.003    -0.150     0.082
    64.340     0.001    -0.137     0.000
    64.350     0.030    -0.144    -0.057
    64.360     0.080    -0.130    -0.086
    64.370     0.105    -0.075    -0.113
    64.380     0.094    -0.016    -0.163
    64.390     0.049    -0.006    -0.200
    64.400     0.013    -0.035    -0.184
    64.410     0.000    -0.004    -0.134
    64.420     0.001     0.109    -0.099
    64.430     0.009     0.246    -0.100
    64.440     0.012     0.312    -0.083
    64.450    -0.001     0.245    -0.030
    64.460    -0.036     0.114     0.069
    64.470    -0.065     0.018     0.231
    64.480    -0.080    -0.084     0.337
    64.490    -0.062    -0.183     0.292
    64.500    -0.031    -0.198     0.169
    64.510     0.008    -0.150     0.035
    64.520     0.054    -0.069    -0.065
    64.530     0.088    -0.020    -0.126
    64.540     0.126     0.018    -0.126
    64.550     0.123     0.067    -0.039
    64.560     0.092     0.067     0.025
    64.570     0.042     0.049     0.013
    64.580    -0.027    -0.006    -0.035
    64.590    -0.072    -0.047    -0.085
    64.600    -0.108    -0.003    -0.096
    64.610    -0.122     0.018    -0.088
    64.620    -0.086    -0.009    -0.088
    64.630    -0.030    -0.024    -0.016
    64.640    -0.015    -0.030     0.118
    64.650    -0.016    -0.045     0.221
    64.660     0.001    -0.059     0.258
    64.670     0.010    -0.052     0.223
    64.680     0.009    -0.008     0.136
    64.690     0.015     0.030    -0.037
    64.700     0.036     0.021    -0.234
    64.710     0.051     0.006    -0.290
    64.720     0.052     0.020    -0.222
    64.730     0.033     0.051    -0.124
    64.740     0.001     0.057    -0.089
    64.750    -0.021     0.023    -0.129
    64.760    -0.033     0.012    -0.163
    64.770    -0.039     0.021    -0.198
    64.780    -0.030     0.028    -0.233
    64.790    -0.024     0.027    -0.152
    64.800    -0.035    -0.024     0.025
    64.810    -0.029    -0.064     0.157
    64.820    -0.025    -0.041     0.273
    64.830    -0.022    -0.010     0.371
    64.840    -0.019     0.000     0.410
    64.850    -0.057    -0.035     0.413
    64.860    -0.078    -0.084     0.358
    64.870    -0.074    -0.063     0.291
    64.880    -0.066     0.003     0.195
    64.890    -0.036     0.072     0.088
    64.900    -0.003     0.131     0.057
    64.910     0.042     0.157     0.030
    64.920     0.063     0.184    -0.007
    64.930     0.058     0.203    -0.046
    64.940     0.063     0.226    -0.108
    64.950     0.052     0.249    -0.097
    64.960     0.027     0.198    -0.031
    64.970     0.017     0.089    -0.021
    64.980     0.038    -0.004    -0.034
    64.990     0.038    -0.066    -0.032
    65.000     0.012    -0.116    -0.049
    65.010     0.007    -0.150    -0.089
    65.020     0.016    -0.168    -0.130
    65.030     0.038    -0.124    -0.097
    65.040     0.034    -0.015    -0.010
    65.050     0.010     0.064     0.037
    65.060    -0.028     0.087     0.073
    65.070    -0.069     0.073     0.050
    65.080    -0.101     0.122     0.002
    65.090    -0.150     0.216     0.019
    65.100    -0.159     0.226     0.048
    65.110    -0.141     0.197     0.074
    65.120    -0.094     0.150     0.006
    65.130    -0.018     0.123    -0.047
    65.140     0.035     0.129     0.013
    65.150     0.098     0.118     0.034
    65.160     0.105     0.105     0.069
    65.170     0.068     0.059     0.069
    65.180     0.035     0.027     0.027
    65.190    -0.009     0.024     0.009
    65.200    -0.032    -0.045    -0.103
    65.210    -0.040    -0.120    -0.227
    65.220    -0.035    -0.127    -0.266
    65.230    -0.047    -0.115    -0.242
    65.240    -0.078    -0.130    -0.153
    65.250    -0.096    -0.168    -0.059
    65.260    -0.077    -0.142     0.049
    65.270    -0.033    -0.037     0.154
    65.280     0.003     0.073     0.130
    65.290     0.053     0.181     0.018
    65.300     0.064     0.234    -0.048
    65.310     0.044     0.182    -0.125
    65.320     0.023     0.125    -0.205
    65.330    -0.029     0.071    -0.197
    65.340    -0.060     0.007    -0.163
    65.350    -0.074    -0.011    -0.107
    65.360    -0.068     0.004    -0.062
    65.370    -0.023     0.045    -0.039
    65.380     0.027     0.075     0.040
    65.390     0.101     0.101     0.078
    65.400     0.146     0.127     0.107
    65.410     0.147     0.094     0.130
    65.420     0.134     0.009     0.050
    65.430     0.072    -0.104    -0.065
    65.440     0.019    -0.226    -0.182
    65.450    -0.023    -0.294    -0.199
    65.460    -0.081    -0.290    -0.132
    65.470    -0.109    -0.248    -0.122
    65.480    -0.112    -0.185    -0.137
    65.490    -0.082    -0.118    -0.148
    65.500    -0.045    -0.039    -0.091
    65.510    -0.013    -0.003    -0.016
    65.520     0.029    -0.041    -0.066
    65.530     0.048    -0.066    -0.127
    65.540     0.056    -0.092    -0.140
    65.550     0.061    -0.142    -0.141
    65.560     0.059    -0.180    -0.133
    65.570     0.051    -0.177    -0.122
    65.580     0.039    -0.125    -0.049
    65.590     0.041    -0.071     0.012
    65.600     0.038    -0.070     0.001
    65.610     0.044    -0.103     0.000
    65.620     0.036    -0.156     0.022
    65.630    -0.011    -0.261     0.040
    65.640    -0.045    -0.376     0.031
    65.650    -0.066    -0.450     0.032
    65.660    -0.061    -0.407     0.015
    65.670    -0.052    -0.226     0.000
    65.680    -0.048    -0.022     0.035
    65.690    -0.018     0.105     0.007
    65.700    -0.011     0.101    -0.059
    65.710    -0.023     0.030    -0.069
    65.720    -0.028    -0.043    -0.092
    65.730    -0.031    -0.113    -0.114
    65.740    -0.039    -0.160    -0.041
    65.750    -0.051    -0.204     0.081
    65.760    -0.031    -0.202     0.145
    65.770    -0.002    -0.139     0.174
    65.780     0.032    -0.065     0.233
    65.790     0.073     0.014     0.340
    65.800     0.091     0.076     0.472
    65.810     0.100     0.092     0.566
    65.820     0.089     0.033     0.571
    65.830     0.070    -0.094     0.465
    65.840     0.077    -0.182     0.308
    65.850     0.073    -0.195     0.180
    65.860     0.083    -0.141     0.061
    65.870     0.104    -0.035    -0.073
    65.880     0.086     0.042    -0.163
    65.890     0.062     0.090    -0.188
    65.900     0.011     0.085    -0.263
    65.910    -0.052     0.016    -0.401
    65.920    -0.100    -0.064    -0.528
    65.930    -0.164    -0.186    -0.653
    65.940    -0.195    -0.248    -0.676
    65.950    -0.185    -0.235    -0.554
    65.960    -0.139    -0.226    -0.366
    65.970    -0.066    -0.185    -0.112
    65.980     0.009    -0.125     0.161
    65.990     0.064    -0.079     0.350
    66.000     0.094    -0.062     0.430
    66.010     0.116    -0.003     0.456
    66.020     0.119     0.103     0.426
    66.030     0.131     0.247     0.314
    66.040     0.146     0.464     0.176
    66.050     0.150     0.664     0.055
    66.060     0.133     0.782    -0.011
    66.070     0.096     0.787    -0.070
    66.080     0.037     0.682    -0.157
    66.090    -0.044     0.517    -0.244
    66.100    -0.114     0.319    -0.295
    66.110    -0.199     0.099    -0.334
    66.120    -0.246    -0.066    -0.423
    66.130    -0.216    -0.083    -0.436
    66.140    -0.132     0.034    -0.373
    66.150    -0.018     0.218    -0.277
    66.160     0.079     0.372    -0.050
    66.170     0.151     0.369     0.188
    66.180     0.151     0.192     0.385
    66.190     0.103    -0.069     0.519
    66.200     0.052    -0.376     0.511
    66.210    -0.003    -0.653     0.463
    66.220    -0.025    -0.820     0.390
    66.230     0.008    -0.894     0.271
    66.240     0.075    -0.814     0.163
    66.250     0.151    -0.542     0.124
    66.260     0.209    -0.155     0.163
    66.270     0.223     0.226     0.169
    66.280     0.201     0.564     0.083
    66.290     0.121     0.839    -0.055
    66.300    -0.004     0.953    -0.176
    66.310    -0.109     0.908    -0.253
    66.320    -0.176     0.751    -0.312
    66.330    -0.194     0.550    -0.274
    66.340    -0.172     0.356    -0.127
    66.350    -0.128     0.161     0.027
    66.360    -0.075    -0.061     0.122
    66.370    -0.044    -0.301     0.176
    66.380    -0.074    -0.492     0.283
    66.390    -0.147    -0.639     0.349
    66.400    -0.224    -0.717     0.284
    66.410    -0.303    -0.623     0.171
    66.420    -0.339    -0.362    -0.001
    66.430    -0.321    -0.029    -0.223
    66.440    -0.224     0.323    -0.425
    66.450    -0.070     0.680    -0.528
    66.460     0.107     0.970    -0.513
    66.470     0.292     1.117    -0.421
    66.480     0.389     1.077    -0.277
    66.490     0.409     0.876    -0.113
    66.500     0.352     0.576     0.071
    66.510     0.214     0.201     0.243
    66.520     0.051    -0.146     0.390
    66.530    -0.130    -0.415     0.488
    66.540    -0.260    -0.620     0.504
    66.550    -0.333    -0.734     0.456
    66.560    -0.324    -0.751     0.367
    66.570    -0.239    -0.655     0.309
    66.580    -0.135    -0.485     0.273
    66.590     0.003    -0.281     0.171
    66.600     0.106    -0.080     0.048
    66.610     0.160     0.046    -0.017
    66.620     0.182     0.092    -0.066
    66.630     0.148     0.048    -0.095
    66.640     0.098    -0.026    -0.116
    66.650     0.049    -0.087    -0.214
    66.660    -0.030    -0.151    -0.356
    66.670    -0.104    -0.211    -0.534
    66.680    -0.126    -0.231    -0.709
    66.690    -0.116    -0.156    -0.749
    66.700    -0.095    -0.053    -0.649
    66.710    -0.072    -0.002    -0.431
    66.720    -0.051    -0.016    -0.230
    66.730    -0.036    -0.083    -0.187
    66.740    -0.043    -0.103    -0.204
    66.750    -0.063    -0.063    -0.201
    66.760    -0.070     0.012    -0.083
    66.770    -0.071     0.124     0.228
    66.780    -0.056     0.199     0.625
    66.790    -0.015     0.281     1.033
    66.800     0.031     0.352     1.322
    66.810     0.095     0.333     1.314
    66.820     0.151     0.276     1.070
    66.830     0.174     0.121     0.702
    66.840     0.191    -0.095     0.345
    66.850     0.169    -0.319     0.165
    66.860     0.158    -0.492     0.071
    66.870     0.160    -0.451    -0.022
    66.880     0.123    -0.248    -0.168
    66.890     0.070     0.038    -0.477
    66.900     0.002     0.298    -0.875
    66.910    -0.064     0.407    -1.191
    66.920    -0.132     0.375    -1.285
    66.930    -0.192     0.178    -1.118
    66.940    -0.247    -0.125    -0.735
    66.950    -0.290    -0.426    -0.235
    66.960    -0.265    -0.615     0.203
    66.970    -0.161    -0.572     0.493
    66.980     0.017    -0.388     0.667
    66.990     0.224    -0.249     0.707
    67.000     0.407    -0.217     0.615
    67.010     0.507    -0.277     0.470
    67.020     0.477    -0.388     0.313
    67.030     0.334    -0.497     0.133
    67.040     0.140    -0.498    -0.008
    67.050    -0.056    -0.291    -0.034
    67.060    -0.195     0.042    -0.057
    67.070    -0.243     0.427    -0.151
    67.080    -0.223     0.811    -0.253
    67.090    -0.163     1.023    -0.337
    67.100    -0.087     1.026    -0.398
    67.110     0.002     0.847    -0.399
    67.120     0.075     0.521    -0.342
    67.130     0.085     0.175    -0.246
    67.140     0.029    -0.177    -0.177
    67.150    -0.042    -0.520    -0.229
    67.160    -0.083    -0.733    -0.305
    67.170    -0.093    -0.771    -0.303
    67.180    -0.055    -0.614    -0.179
    67.190     0.040    -0.358     0.077
    67.200     0.153    -0.167     0.358
    67.210     0.239    -0.053     0.611
    67.220     0.250    -0.013     0.790
    67.230     0.187    -0.045     0.773
    67.240     0.063    -0.101     0.523
    67.250    -0.092    -0.116     0.172
    67.260    -0.210    -0.028    -0.161
    67.270    -0.253     0.155    -0.402
    67.280    -0.205     0.411    -0.435
    67.290    -0.096     0.689    -0.269
    67.300     0.021     0.914    -0.043
    67.310     0.117     0.995     0.101
    67.320     0.134     0.879     0.130
    67.330     0.073     0.584     0.082
    67.340    -0.015     0.160    -0.014
    67.350    -0.113    -0.284    -0.089
    67.360    -0.238    -0.664    -0.063
    67.370    -0.359    -0.933    -0.013
    67.380    -0.408    -1.013    -0.068
    67.390    -0.389    -0.865    -0.217
    67.400    -0.321    -0.507    -0.363
    67.410    -0.214    -0.071    -0.410
    67.420    -0.082     0.226    -0.301
    67.430     0.077     0.325    -0.052
    67.440     0.231     0.264     0.254
    67.450     0.359     0.117     0.516
    67.460     0.457    -0.015     0.597
    67.470     0.537    -0.105     0.441
    67.480     0.605    -0.063     0.164
    67.490     0.640     0.129    -0.075
    67.500     0.607     0.280    -0.263
    67.510     0.540     0.262    -0.458
    67.520     0.421     0.123    -0.537
    67.530     0.179    -0.076    -0.415
    67.540    -0.124    -0.273    -0.154
    67.550    -0.417    -0.405     0.163
    67.560    -0.623    -0.418     0.408
    67.570    -0.702    -0.260     0.485
    67.580    -0.665     0.020     0.348
    67.590    -0.519     0.316     0.127
    67.600    -0.338     0.492     0.022
    67.610    -0.145     0.493     0.026
    67.620     0.008     0.421     0.085
    67.630     0.064     0.282     0.140
    67.640     0.054     0.071     0.125
    67.650    -0.003    -0.196     0.011
    67.660    -0.066    -0.482    -0.201
    67.670    -0.102    -0.652    -0.396
    67.680    -0.087    -0.685    -0.516
    67.690    -0.008    -0.564    -0.534
    67.700     0.078    -0.303    -0.381
    67.710     0.145    -0.033    -0.164
    67.720     0.217     0.254     0.045
    67.730     0.235     0.485     0.225
    67.740     0.188     0.499     0.237
    67.750     0.128     0.398     0.116
    67.760     0.069     0.282    -0.050
    67.770     0.043     0.211    -0.176
    67.780     0.049     0.266    -0.134
    67.790     0.070     0.356     0.057
    67.800     0.068     0.402     0.281
    67.810     0.017     0.338     0.394
    67.820    -0.050     0.190     0.265
    67.830    -0.137     0.071    -0.093
    67.840    -0.216    -0.020    -0.526
    67.850    -0.257    -0.072    -0.853
    67.860    -0.275    -0.104    -0.952
    67.870    -0.230    -0.088    -0.755
    67.880    -0.117    -0.008    -0.314
    67.890     0.025     0.068     0.158
    67.900     0.155     0.158     0.493
    67.910     0.249     0.226     0.677
    67.920     0.294     0.212     0.734
    67.930     0.288     0.092     0.658
    67.940     0.245    -0.116     0.512
    67.950     0.177    -0.377     0.358
    67.960     0.106    -0.650     0.186
    67.970     0.025    -0.798     0.092
    67.980    -0.035    -0.756     0.093
    67.990    -0.078    -0.568     0.093
    68.000    -0.099    -0.294     0.085
    68.010    -0.059    -0.048    -0.016
    68.020    -0.004     0.120    -0.174
    68.030     0.023     0.257    -0.224
    68.040     0.004     0.347    -0.150
    68.050    -0.045     0.386    -0.009
    68.060    -0.126     0.477     0.149
    68.070    -0.247     0.594     0.302
    68.080    -0.362     0.577     0.338
    68.090    -0.431     0.373     0.135
    68.100    -0.439     0.075    -0.201
    68.110    -0.402    -0.205    -0.475
    68.120    -0.293    -0.393    -0.603
    68.130    -0.131    -0.413    -0.612
    68.140    -0.010    -0.273    -0.567
    68.150     0.064    -0.045    -0.462
    68.160     0.099     0.174    -0.296
    68.170     0.116     0.264    -0.174
    68.180     0.143     0.302    -0.057
    68.190     0.181     0.370     0.171
    68.200     0.253     0.425     0.427
    68.210     0.326     0.399     0.630
    68.220     0.355     0.196     0.707
    68.230     0.340    -0.156     0.643
    68.240     0.282    -0.573     0.556
    68.250     0.194    -0.953     0.447
    68.260     0.082    -1.208     0.304
    68.270    -0.023    -1.327     0.121
    68.280    -0.074    -1.240    -0.088
    68.290    -0.085    -0.953    -0.268
    68.300    -0.062    -0.556    -0.423
    68.310    -0.022    -0.095    -0.448
    68.320     0.007     0.374    -0.245
    68.330     0.031     0.812     0.051
    68.340     0.038     1.165     0.241
    68.350     0.018     1.397     0.317
    68.360    -0.019     1.515     0.324
    68.370    -0.053     1.470     0.215
    68.380    -0.091     1.263    -0.001
    68.390    -0.148     0.933    -0.176
    68.400    -0.220     0.454    -0.271
    68.410    -0.307    -0.096    -0.358
    68.420    -0.373    -0.603    -0.390
    68.430    -0.419    -1.035    -0.407
    68.440    -0.442    -1.355    -0.457
    68.450    -0.418    -1.498    -0.462
    68.460    -0.356    -1.457    -0.383
    68.470    -0.229    -1.224    -0.192
    68.480    -0.034    -0.781     0.129
    68.490     0.206    -0.183     0.528
    68.500     0.456     0.424     0.880
    68.510     0.646     0.887     1.087
    68.520     0.757     1.159     1.102
    68.530     0.765     1.212     0.946
    68.540     0.663     1.059     0.701
    68.550     0.478     0.788     0.420
    68.560     0.198     0.414     0.125
    68.570    -0.086     0.011    -0.199
    68.580    -0.313    -0.296    -0.522
    68.590    -0.484    -0.501    -0.771
    68.600    -0.563    -0.658    -0.971
    68.610    -0.547    -0.794    -1.122
    68.620    -0.414    -0.864    -1.102
    68.630    -0.215    -0.798    -0.857
    68.640     0.001    -0.575    -0.524
    68.650     0.227    -0.225    -0.230
    68.660     0.397     0.158     0.011
    68.670     0.511     0.475     0.151
    68.680     0.544     0.677     0.163
    68.690     0.473     0.700     0.137
    68.700     0.309     0.534     0.196
    68.710     0.063     0.167     0.330
    68.720    -0.193    -0.313     0.434
    68.730    -0.398    -0.642     0.518
    68.740    -0.512    -0.726     0.547
    68.750    -0.503    -0.537     0.405
    68.760    -0.370    -0.102     0.123
    68.770    -0.158     0.419    -0.229
    68.780     0.059     0.905    -0.550
    68.790     0.220     1.202    -0.708
    68.800     0.297     1.199    -0.656
    68.810     0.275     0.921    -0.438
    68.820     0.180     0.476    -0.188
    68.830     0.098     0.057     0.008
    68.840     0.022    -0.246     0.180
    68.850    -0.060    -0.453     0.355
    68.860    -0.112    -0.551     0.530
    68.870    -0.139    -0.571     0.659
    68.880    -0.131    -0.487     0.726
    68.890    -0.115    -0.301     0.724
    68.900    -0.096    -0.148     0.613
    68.910    -0.064    -0.089     0.376
    68.920    -0.056    -0.130     0.037
    68.930    -0.078    -0.221    -0.295
    68.940    -0.107    -0.308    -0.522
    68.950    -0.105    -0.360    -0.599
    68.960    -0.059    -0.300    -0.519
    68.970     0.027    -0.084    -0.264
    68.980     0.117     0.214     0.134
    68.990     0.205     0.447     0.454
    69.000     0.292     0.556     0.599
    69.010     0.352     0.557     0.611
    69.020     0.366     0.447     0.504
    69.030     0.298     0.187     0.293
    69.040     0.173    -0.167    -0.003
    69.050     0.004    -0.496    -0.212
    69.060    -0.181    -0.719    -0.263
    69.070    -0.338    -0.799    -0.264
    69.080    -0.419    -0.784    -0.268
    69.090    -0.373    -0.649    -0.316
    69.100    -0.218    -0.383    -0.364
    69.110     0.030    -0.025    -0.401
    69.120     0.298     0.365    -0.477
    69.130     0.486     0.699    -0.576
    69.140     0.524     0.972    -0.598
    69.150     0.406     1.107    -0.509
    69.160     0.201     1.014    -0.403
    69.170    -0.053     0.757    -0.280
    69.180    -0.289     0.408    -0.160
    69.190    -0.470    -0.024    -0.155
    69.200    -0.564    -0.444    -0.247
    69.210    -0.543    -0.760    -0.277
    69.220    -0.422    -0.993    -0.199
    69.230    -0.220    -1.115     0.002
    69.240    -0.014    -1.079     0.355
    69.250     0.171    -0.887     0.733
    69.260     0.303    -0.518     1.090
    69.270     0.352    -0.026     1.341
    69.280     0.322     0.457     1.417
    69.290     0.215     0.826     1.318
    69.300     0.081     0.999     0.972
    69.310    -0.058     0.957     0.471
    69.320    -0.148     0.729    -0.082
    69.330    -0.166     0.436    -0.562
    69.340    -0.127     0.242    -0.841
    69.350    -0.029     0.150    -0.943
    69.360     0.064     0.123    -0.884
    69.370     0.094     0.127    -0.731
    69.380     0.062     0.100    -0.568
    69.390    -0.028     0.047    -0.459
    69.400    -0.160     0.039    -0.445
    69.410    -0.286     0.094    -0.531
    69.420    -0.345     0.142    -0.729
    69.430    -0.336     0.141    -0.916
    69.440    -0.276     0.056    -0.915
    69.450    -0.175    -0.129    -0.610
    69.460    -0.052    -0.368    -0.038
    69.470     0.086    -0.575     0.571
    69.480     0.187    -0.640     1.053
    69.490     0.217    -0.543     1.342
    69.500     0.216    -0.372     1.354
    69.510     0.210    -0.177     1.095
    69.520     0.239     0.017     0.737
    69.530     0.273     0.116     0.404
    69.540     0.288     0.043     0.057
    69.550     0.290    -0.133    -0.288
    69.560     0.248    -0.295    -0.573
    69.570     0.188    -0.362    -0.767
    69.580     0.142    -0.302    -0.799
    69.590     0.142    -0.153    -0.649
    69.600     0.154     0.060    -0.359
    69.610     0.111     0.312    -0.070
    69.620     0.030     0.518     0.075
    69.630    -0.117     0.577     0.092
    69.640    -0.319     0.482     0.040
    69.650    -0.526     0.317     0.005
    69.660    -0.681     0.111    -0.038
    69.670    -0.733    -0.128    -0.108
    69.680    -0.715    -0.324    -0.078
    69.690    -0.580    -0.397     0.113
    69.700    -0.347    -0.331     0.429
    69.710    -0.057    -0.131     0.767
    69.720     0.267     0.149     1.031
    69.730     0.554     0.369     1.153
    69.740     0.761     0.493     1.115
    69.750     0.797     0.442     0.886
    69.760     0.660     0.181     0.452
    69.770     0.398    -0.114    -0.051
    69.780     0.047    -0.342    -0.539
    69.790    -0.274    -0.427    -0.932
    69.800    -0.504    -0.388    -1.158
    69.810    -0.617    -0.331    -1.259
    69.820    -0.591    -0.238    -1.201
    69.830    -0.441    -0.139    -1.017
    69.840    -0.206    -0.066    -0.833
    69.850     0.055     0.027    -0.606
    69.860     0.283     0.101    -0.281
    69.870     0.446     0.121     0.128
    69.880     0.525     0.100     0.559
    69.890     0.542     0.054     0.872
    69.900     0.515     0.027     1.015
    69.910     0.430     0.027     1.032
    69.920     0.303     0.047     0.977
    69.930     0.135     0.031     0.892
    69.940    -0.059    -0.091     0.773
    69.950    -0.200    -0.223     0.605
    69.960    -0.280    -0.282     0.409
    69.970    -0.334    -0.253     0.179
    69.980    -0.357    -0.117    -0.051
    69.990    -0.349     0.028    -0.284
    70.000    -0.302     0.128    -0.518
    70.010    -0.227     0.243    -0.715
    70.020    -0.138     0.387    -0.881
    70.030    -0.060     0.515    -0.916
    70.040    -0.021     0.540    -0.745
    70.050     0.017     0.457    -0.408
    70.060     0.073     0.318     0.009
    70.070     0.111     0.123     0.349
    70.080     0.108    -0.098     0.482
    70.090     0.060    -0.306     0.383
    70.100     0.009    -0.474     0.176
    70.110    -0.001    -0.521     0.039
    70.120     0.037    -0.430     0.055
    70.130     0.115    -0.263     0.235
    70.140     0.206    -0.048     0.517
    70.150     0.280     0.154     0.722
    70.160     0.322     0.315     0.684
    70.170     0.302     0.377     0.413
    70.180     0.234     0.311     0.023
    70.190     0.130     0.226    -0.388
    70.200    -0.039     0.137    -0.705
    70.210    -0.208     0.058    -0.892
    70.220    -0.327     0.023    -0.963
    70.230    -0.387     0.024    -0.916
    70.240    -0.365     0.114    -0.733
    70.250    -0.296     0.249    -0.475
    70.260    -0.159     0.328    -0.306
    70.270    -0.010     0.293    -0.148
    70.280     0.124     0.136     0.052
    70.290     0.256    -0.057     0.230
    70.300     0.305    -0.251     0.434
    70.310     0.312    -0.463     0.639
    70.320     0.272    -0.680     0.823
    70.330     0.161    -0.852     0.920
    70.340     0.010    -0.880     0.857
    70.350    -0.151    -0.726     0.647
    70.360    -0.252    -0.444     0.279
    70.370    -0.298    -0.069    -0.135
    70.380    -0.284     0.342    -0.472
    70.390    -0.238     0.625    -0.708
    70.400    -0.177     0.720    -0.750
    70.410    -0.072     0.689    -0.639
    70.420     0.042     0.602    -0.503
    70.430     0.132     0.605    -0.282
    70.440     0.202     0.642    -0.027
    70.450     0.284     0.549     0.079
    70.460     0.365     0.341     0.105
    70.470     0.393     0.067     0.166
    70.480     0.328    -0.277     0.248
    70.490     0.156    -0.720     0.291
    70.500    -0.056    -1.075     0.259
    70.510    -0.254    -1.121     0.230
    70.520    -0.386    -0.861     0.163
    70.530    -0.413    -0.352     0.042
    70.540    -0.396     0.201    -0.043
    70.550    -0.349     0.577    -0.133
    70.560    -0.254     0.818    -0.186
    70.570    -0.153     0.935    -0.190
    70.580    -0.043     0.886    -0.173
    70.590     0.059     0.729    -0.096
    70.600     0.111     0.425    -0.043
    70.610     0.127     0.022    -0.043
    70.620     0.116    -0.382    -0.058
    70.630     0.096    -0.743    -0.126
    70.640     0.074    -0.934    -0.186
    70.650     0.041    -0.952    -0.135
    70.660     0.023    -0.798     0.004
    70.670     0.013    -0.496     0.216
    70.680     0.016    -0.183     0.440
    70.690     0.060     0.090     0.510
    70.700     0.115     0.278     0.428
    70.710     0.133     0.352     0.250
    70.720     0.121     0.323     0.045
    70.730     0.078     0.209    -0.061
    70.740     0.033     0.064    -0.124
    70.750     0.020     0.000    -0.138
    70.760     0.010     0.040    -0.124
    70.770     0.018     0.115    -0.202
    70.780     0.009     0.203    -0.308
    70.790    -0.023     0.236    -0.406
    70.800    -0.079     0.227    -0.449
    70.810    -0.170     0.206    -0.384
    70.820    -0.233     0.202    -0.296
    70.830    -0.280     0.243    -0.187
    70.840    -0.287     0.264    -0.100
    70.850    -0.200     0.269    -0.097
    70.860    -0.055     0.220    -0.097
    70.870     0.100     0.080    -0.109
    70.880     0.215    -0.103    -0.063
    70.890     0.259    -0.320     0.114
    70.900     0.236    -0.563     0.284
    70.910     0.163    -0.727     0.397
    70.920     0.052    -0.724     0.408
    70.930    -0.059    -0.608     0.334
    70.940    -0.140    -0.481     0.272
    70.950    -0.169    -0.387     0.253
    70.960    -0.131    -0.278     0.322
    70.970    -0.019    -0.155     0.360
    70.980     0.137    -0.022     0.223
    70.990     0.254     0.147    -0.003
    71.000     0.272     0.297    -0.191
    71.010     0.218     0.398    -0.337
    71.020     0.141     0.468    -0.424
    71.030     0.036     0.497    -0.393
    71.040    -0.064     0.510    -0.254
    71.050    -0.143     0.523    -0.090
    71.060    -0.198     0.469    -0.034
    71.070    -0.196     0.359    -0.039
    71.080    -0.139     0.228    -0.065
    71.090    -0.009     0.095    -0.124
    71.100     0.117     0.024    -0.095
    71.110     0.185    -0.039    -0.037
    71.120     0.169    -0.108     0.010
    71.130     0.049    -0.181     0.068
    71.140    -0.102    -0.251     0.104
    71.150    -0.260    -0.256     0.161
    71.160    -0.365    -0.250     0.199
    71.170    -0.398    -0.266     0.217
    71.180    -0.358    -0.271     0.230
    71.190    -0.233    -0.200     0.260
    71.200    -0.035    -0.063     0.338
    71.210     0.231     0.073     0.375
    71.220     0.447     0.227     0.360
    71.230     0.536     0.341     0.325
    71.240     0.491     0.303     0.200
    71.250     0.369     0.093    -0.090
    71.260     0.233    -0.168    -0.500
    71.270     0.064    -0.322    -0.900
    71.280    -0.107    -0.363    -1.170
    71.290    -0.219    -0.304    -1.255
    71.300    -0.246    -0.190    -1.102
    71.310    -0.200    -0.073    -0.695
    71.320    -0.101     0.071    -0.209
    71.330    -0.003     0.191     0.230
    71.340     0.028     0.209     0.558
    71.350     0.030     0.129     0.689
    71.360     0.009     0.073     0.722
    71.370    -0.058     0.064     0.727
    71.380    -0.129     0.033     0.642
    71.390    -0.183     0.000     0.495
    71.400    -0.210    -0.060     0.328
    71.410    -0.198    -0.143     0.207
    71.420    -0.157    -0.246     0.108
    71.430    -0.085    -0.417    -0.065
    71.440     0.034    -0.569    -0.271
    71.450     0.161    -0.564    -0.417
    71.460     0.221    -0.398    -0.427
    71.470     0.224    -0.151    -0.306
    71.480     0.191     0.081    -0.090
    71.490     0.159     0.296     0.154
    71.500     0.137     0.549     0.381
    71.510     0.109     0.739     0.539
    71.520     0.088     0.766     0.554
    71.530     0.050     0.628     0.476
    71.540     0.011     0.364     0.372
    71.550    -0.041     0.064     0.241
    71.560    -0.112    -0.242     0.053
    71.570    -0.163    -0.498    -0.169
    71.580    -0.186    -0.610    -0.394
    71.590    -0.170    -0.604    -0.623
    71.600    -0.105    -0.490    -0.788
    71.610     0.000    -0.297    -0.789
    71.620     0.077    -0.133    -0.610
    71.630     0.127     0.005    -0.384
    71.640     0.138     0.148    -0.171
    71.650     0.108     0.274    -0.013
    71.660     0.080     0.353     0.038
    71.670     0.043     0.341     0.053
    71.680    -0.001     0.247     0.080
    71.690    -0.075     0.083     0.104
    71.700    -0.121    -0.147     0.095
    71.710    -0.132    -0.373     0.111
    71.720    -0.152    -0.525     0.212
    71.730    -0.140    -0.519     0.338
    71.740    -0.123    -0.420     0.395
    71.750    -0.103    -0.322     0.336
    71.760    -0.087    -0.196     0.283
    71.770    -0.065    -0.077     0.293
    71.780    -0.017     0.086     0.335
    71.790     0.022     0.297     0.469
    71.800     0.079     0.415     0.513
    71.810     0.157     0.462     0.391
    71.820     0.209     0.495     0.269
    71.830     0.220     0.461     0.055
    71.840     0.182     0.319    -0.230
    71.850     0.111     0.125    -0.466
    71.860     0.039    -0.039    -0.660
    71.870    -0.049    -0.081    -0.707
    71.880    -0.108     0.020    -0.579
    71.890    -0.111     0.142    -0.389
    71.900    -0.074     0.237    -0.259
    71.910    -0.013     0.347    -0.227
    71.920     0.038     0.401    -0.264
    71.930     0.069     0.276    -0.325
    71.940     0.082    -0.022    -0.306
    71.950     0.082    -0.369    -0.142
    71.960     0.066    -0.669     0.115
    71.970     0.040    -0.885     0.356
    71.980     0.020    -0.993     0.475
    71.990     0.003    -0.955     0.492
    72.000    -0.017    -0.754     0.511
    72.010    -0.032    -0.453     0.500
    72.020    -0.010    -0.125     0.408
    72.030     0.051     0.182     0.272
    72.040     0.116     0.432     0.120
    72.050     0.150     0.654     0.042
    72.060     0.121     0.829     0.020
    72.070     0.047     0.887    -0.038
    72.080    -0.042     0.862    -0.098
    72.090    -0.145     0.796    -0.158
    72.100    -0.226     0.733    -0.243
    72.110    -0.290     0.674    -0.315
    72.120    -0.351     0.545    -0.327
    72.130    -0.376     0.378    -0.259
    72.140    -0.348     0.176    -0.178
    72.150    -0.231    -0.028    -0.149
    72.160    -0.060    -0.165    -0.141
    72.170     0.106    -0.254    -0.087
    72.180     0.251    -0.279     0.017
    72.190     0.326    -0.292     0.174
    72.200     0.319    -0.360     0.356
    72.210     0.267    -0.466     0.450
    72.220     0.206    -0.567     0.414
    72.230     0.137    -0.618     0.300
    72.240     0.058    -0.627     0.177
    72.250    -0.032    -0.605     0.077
    72.260    -0.104    -0.518     0.006
    72.270    -0.132    -0.306    -0.039
    72.280    -0.141     0.002    -0.103
    72.290    -0.140     0.320    -0.204
    72.300    -0.124     0.574    -0.363
    72.310    -0.084     0.736    -0.550
    72.320    -0.045     0.845    -0.656
    72.330    -0.018     0.857    -0.618
    72.340     0.011     0.711    -0.424
    72.350     0.024     0.496    -0.090
    72.360     0.019     0.288     0.261
    72.370     0.018     0.090     0.476
    72.380     0.002    -0.087     0.562
    72.390    -0.039    -0.263     0.582
    72.400    -0.074    -0.397     0.527
    72.410    -0.095    -0.440     0.377
    72.420    -0.080    -0.406     0.098
    72.430    -0.035    -0.286    -0.221
    72.440    -0.011    -0.155    -0.379
    72.450     0.021    -0.038    -0.361
    72.460     0.053     0.077    -0.229
    72.470     0.075     0.104    -0.064
    72.480     0.093     0.052     0.014
    72.490     0.067    -0.049    -0.001
    72.500     0.027    -0.154    -0.068
    72.510    -0.010    -0.181    -0.102
    72.520    -0.036    -0.163    -0.065
    72.530    -0.040    -0.093     0.029
    72.540    -0.025     0.019     0.190
    72.550     0.016     0.104     0.357
    72.560     0.056     0.180     0.454
    72.570     0.108     0.219     0.358
    72.580     0.152     0.200     0.093
    72.590     0.142     0.170    -0.176
    72.600     0.088     0.119    -0.363
    72.610     0.007     0.072    -0.371
    72.620    -0.064     0.029    -0.257
    72.630    -0.106    -0.027    -0.144
    72.640    -0.134    -0.041    -0.046
    72.650    -0.129    -0.078    -0.056
    72.660    -0.095    -0.130    -0.155
    72.670    -0.055    -0.111    -0.205
    72.680    -0.017    -0.076    -0.211
    72.690     0.002    -0.024    -0.211
    72.700     0.002     0.017    -0.211
    72.710     0.010    -0.012    -0.275
    72.720     0.045    -0.028    -0.371
    72.730     0.078    -0.012    -0.349
    72.740     0.104    -0.028    -0.215
    72.750     0.121    -0.120    -0.019
    72.760     0.096    -0.254     0.154
    72.770     0.070    -0.312     0.259
    72.780     0.041    -0.289     0.400
    72.790     0.034    -0.257     0.567
    72.800     0.056    -0.255     0.702
    72.810     0.060    -0.290     0.796
    72.820     0.076    -0.272     0.810
    72.830     0.064    -0.219     0.689
    72.840     0.018    -0.180     0.415
    72.850    -0.044    -0.080     0.125
    72.860    -0.136     0.056    -0.107
    72.870    -0.188     0.223    -0.287
    72.880    -0.216     0.381    -0.374
    72.890    -0.223     0.403    -0.422
    72.900    -0.153     0.361    -0.449
    72.910    -0.062     0.311    -0.431
    72.920     0.011     0.243    -0.457
    72.930     0.067     0.183    -0.513
    72.940     0.072     0.061    -0.539
    72.950     0.032    -0.115    -0.493
    72.960    -0.011    -0.279    -0.376
    72.970    -0.019    -0.370    -0.259
    72.980    -0.016    -0.342    -0.113
    72.990    -0.019    -0.287     0.062
    73.000     0.010    -0.202     0.216
    73.010     0.045    -0.053     0.356
    73.020     0.049     0.112     0.504
    73.030     0.035     0.228     0.638
    73.040     0.029     0.212     0.698
    73.050     0.004     0.142     0.744
    73.060    -0.014     0.127     0.753
    73.070    -0.006     0.176     0.659
    73.080    -0.021     0.216     0.526
    73.090    -0.014     0.191     0.343
    73.100     0.011     0.171     0.081
    73.110     0.019     0.161    -0.191
    73.120     0.029     0.127    -0.368
    73.130     0.041     0.066    -0.438
    73.140     0.044     0.005    -0.413
    73.150     0.010    -0.002    -0.317
    73.160    -0.043    -0.003    -0.261
    73.170    -0.101    -0.073    -0.268
    73.180    -0.120    -0.161    -0.302
    73.190    -0.112    -0.229    -0.304
    73.200    -0.098    -0.277    -0.233
    73.210    -0.031    -0.305    -0.123
    73.220     0.054    -0.349    -0.003
    73.230     0.132    -0.348     0.084
    73.240     0.204    -0.252     0.090
    73.250     0.252    -0.144    -0.008
    73.260     0.248    -0.110    -0.179
    73.270     0.200    -0.134    -0.325
    73.280     0.151    -0.111    -0.360
    73.290     0.087    -0.009    -0.312
    73.300     0.009     0.119    -0.284
    73.310    -0.090     0.211    -0.258
    73.320    -0.185     0.197    -0.152
    73.330    -0.234     0.075    -0.002
    73.340    -0.230    -0.085     0.098
    73.350    -0.165    -0.194     0.128
    73.360    -0.094    -0.203     0.171
    73.370    -0.048    -0.146     0.196
    73.380    -0.019    -0.098     0.061
    73.390    -0.026    -0.025    -0.109
    73.400    -0.058     0.083    -0.176
    73.410    -0.077     0.161    -0.227
    73.420    -0.074     0.218    -0.281
    73.430    -0.051     0.251    -0.338
    73.440     0.003     0.272    -0.377
    73.450     0.055     0.261    -0.381
    73.460     0.076     0.198    -0.396
    73.470     0.065     0.132    -0.344
    73.480     0.014     0.042    -0.156
    73.490    -0.069    -0.093     0.093
    73.500    -0.168    -0.278     0.292
    73.510    -0.233    -0.484     0.383
    73.520    -0.241    -0.614     0.427
    73.530    -0.202    -0.643     0.492
    73.540    -0.110    -0.572     0.518
    73.550     0.048    -0.375     0.443
    73.560     0.232    -0.096     0.346
    73.570     0.384     0.184     0.258
    73.580     0.497     0.407     0.190
    73.590     0.517     0.519     0.151
    73.600     0.422     0.507     0.104
    73.610     0.262     0.392     0.085
    73.620     0.100     0.232     0.047
    73.630    -0.006     0.121    -0.027
    73.640    -0.080     0.081    -0.079
    73.650    -0.101     0.107    -0.154
    73.660    -0.091     0.171    -0.220
    73.670    -0.064     0.218    -0.235
    73.680    -0.019     0.245    -0.184
    73.690    -0.024     0.255    -0.023
    73.700    -0.062     0.232     0.161
    73.710    -0.151     0.166     0.271
    73.720    -0.264     0.090     0.264
    73.730    -0.346     0.071     0.164
    73.740    -0.392     0.078     0.041
    73.750    -0.367     0.074    -0.105
    73.760    -0.274     0.078    -0.271
    73.770    -0.153     0.087    -0.404
    73.780    -0.039     0.071    -0.413
    73.790     0.064    -0.004    -0.314
    73.800     0.137    -0.166    -0.156
    73.810     0.160    -0.344     0.046
    73.820     0.159    -0.449     0.188
    73.830     0.138    -0.462     0.208
    73.840     0.110    -0.369     0.130
    73.850     0.079    -0.222     0.064
    73.860     0.068    -0.013     0.104
    73.870     0.091     0.258     0.200
    73.880     0.130     0.487     0.296
    73.890     0.178     0.648     0.319
    73.900     0.209     0.693     0.229
    73.910     0.211     0.591     0.070
    73.920     0.160     0.386    -0.129
    73.930     0.043     0.107    -0.297
    73.940    -0.086    -0.168    -0.395
    73.950    -0.199    -0.395    -0.454
    73.960    -0.258    -0.497    -0.471
    73.970    -0.259    -0.429    -0.445
    73.980    -0.216    -0.281    -0.391
    73.990    -0.130    -0.101    -0.314
    74.000    -0.039     0.047    -0.202
    74.010     0.066     0.125    -0.074
    74.020     0.157     0.105     0.106
    74.030     0.210    -0.027     0.331
    74.040     0.256    -0.114     0.539
    74.050     0.216    -0.123     0.706
    74.060     0.116    -0.129     0.722
    74.070    -0.001    -0.112     0.634
    74.080    -0.131    -0.111     0.529
    74.090    -0.216    -0.072     0.412
    74.100    -0.282    -0.009     0.262
    74.110    -0.283    -0.021     0.064
    74.120    -0.211    -0.025    -0.064
    74.130    -0.108    -0.009    -0.102
    74.140     0.000     0.009    -0.103
    74.150     0.086     0.028    -0.100
    74.160     0.129    -0.019    -0.101
    74.170     0.112    -0.086    -0.075
    74.180     0.077    -0.086     0.009
    74.190     0.025    -0.038     0.185
    74.200    -0.017     0.010     0.370
    74.210    -0.050     0.036     0.512
    74.220    -0.095    -0.029     0.595
    74.230    -0.103    -0.189     0.516
    74.240    -0.093    -0.385     0.258
    74.250    -0.073    -0.559    -0.082
    74.260    -0.049    -0.607    -0.390
    74.270     0.001    -0.510    -0.599
    74.280     0.097    -0.278    -0.682
    74.290     0.193     0.019    -0.652
    74.300     0.263     0.228    -0.585
    74.310     0.286     0.332    -0.524
    74.320     0.248     0.350    -0.426
    74.330     0.152     0.287    -0.254
    74.340     0.016     0.237    -0.029
    74.350    -0.142     0.204     0.192
    74.360    -0.269     0.171     0.319
    74.370    -0.323     0.169     0.324
    74.380    -0.327     0.129     0.228
    74.390    -0.271     0.050     0.121
    74.400    -0.187    -0.020     0.040
    74.410    -0.121    -0.112    -0.053
    74.420    -0.050    -0.180    -0.064
    74.430     0.031    -0.206     0.007
    74.440     0.128    -0.145     0.128
    74.450     0.231     0.061     0.293
    74.460     0.308     0.235     0.385
    74.470     0.361     0.297     0.384
    74.480     0.363     0.301     0.277
    74.490     0.302     0.254     0.059
    74.500     0.204     0.228    -0.173
    74.510     0.075     0.195    -0.373
    74.520    -0.051     0.157    -0.457
    74.530    -0.151     0.140    -0.365
    74.540    -0.203     0.060    -0.228
    74.550    -0.169    -0.018    -0.114
    74.560    -0.065    -0.045    -0.010
    74.570     0.057    -0.069     0.026
    74.580     0.143    -0.042     0.018
    74.590     0.182    -0.004    -0.018
    74.600     0.159     0.022    -0.041
    74.610     0.056     0.073     0.026
    74.620    -0.056     0.095     0.119
    74.630    -0.156     0.108     0.220
    74.640    -0.228     0.140     0.334
    74.650    -0.217     0.210     0.398
    74.660    -0.163     0.287     0.349
    74.670    -0.087     0.300     0.176
    74.680    -0.033     0.262    -0.028
    74.690     0.008     0.162    -0.251
    74.700     0.072     0.081    -0.443
    74.710     0.115     0.062    -0.517
    74.720     0.148     0.097    -0.484
    74.730     0.124     0.189    -0.352
    74.740     0.077     0.282    -0.156
    74.750     0.019     0.342     0.000
    74.760    -0.054     0.285     0.023
    74.770    -0.082     0.148     0.035
    74.780    -0.115    -0.039     0.087
    74.790    -0.111    -0.312     0.041
    74.800    -0.073    -0.556    -0.029
    74.810     0.003    -0.704    -0.089
    74.820     0.112    -0.704    -0.144
    74.830     0.173    -0.574    -0.109
    74.840     0.207    -0.418    -0.075
    74.850     0.190    -0.309    -0.058
    74.860     0.143    -0.236     0.034
    74.870     0.067    -0.170     0.179
    74.880    -0.037    -0.147     0.282
    74.890    -0.137    -0.125     0.261
    74.900    -0.234    -0.073     0.192
    74.910    -0.290    -0.017     0.174
    74.920    -0.310     0.040     0.198
    74.930    -0.278     0.082     0.245
    74.940    -0.215     0.113     0.298
    74.950    -0.141     0.142     0.297
    74.960    -0.058     0.182     0.261
    74.970    -0.003     0.211     0.213
    74.980     0.047     0.196     0.091
    74.990     0.054     0.170    -0.079
    75.000     0.031     0.166    -0.327
    75.010     0.014     0.165    -0.586
    75.020    -0.013     0.134    -0.674
    75.030    -0.013     0.087    -0.592
    75.040    -0.029     0.104    -0.292
    75.050    -0.056     0.176     0.095
    75.060    -0.054     0.209     0.349
    75.070    -0.048     0.176     0.489
    75.080     0.005     0.098     0.522
    75.090     0.070    -0.008     0.503
    75.100     0.110    -0.180     0.452
    75.110     0.144    -0.416     0.371
    75.120     0.159    -0.613     0.265
    75.130     0.150    -0.671     0.092
    75.140     0.094    -0.541    -0.093
    75.150     0.023    -0.322    -0.261
    75.160    -0.041    -0.119    -0.381
    75.170    -0.084     0.092    -0.458
    75.180    -0.081     0.318    -0.457
    75.190    -0.043     0.526    -0.399
    75.200     0.031     0.663    -0.409
    75.210     0.068     0.683    -0.383
    75.220     0.055     0.570    -0.303
    75.230     0.016     0.360    -0.215
    75.240    -0.031     0.134    -0.106
    75.250    -0.053    -0.095    -0.067
    75.260    -0.084    -0.304    -0.081
    75.270    -0.103    -0.423    -0.032
    75.280    -0.099    -0.468     0.086
    75.290    -0.063    -0.470     0.194
    75.300     0.015    -0.391     0.295
    75.310     0.090    -0.249     0.368
    75.320     0.150    -0.135     0.362
    75.330     0.181    -0.091     0.304
    75.340     0.190    -0.123     0.259
    75.350     0.203    -0.172     0.287
    75.360     0.203    -0.163     0.353
    75.370     0.184    -0.087     0.365
    75.380     0.146     0.032     0.276
    75.390     0.072     0.148     0.103
    75.400    -0.024     0.263    -0.145
    75.410    -0.116     0.360    -0.475
    75.420    -0.191     0.401    -0.733
    75.430    -0.252     0.400    -0.802
    75.440    -0.292     0.344    -0.723
    75.450    -0.293     0.269    -0.502
    75.460    -0.269     0.170    -0.221
    75.470    -0.198     0.016     0.025
    75.480    -0.072    -0.104     0.222
    75.490     0.059    -0.173     0.332
    75.500     0.159    -0.226     0.366
    75.510     0.226    -0.284     0.323
    75.520     0.277    -0.306     0.260
    75.530     0.254    -0.262     0.262
    75.540     0.160    -0.238     0.206
    75.550     0.057    -0.217     0.130
    75.560    -0.035    -0.208     0.052
    75.570    -0.094    -0.222    -0.087
    75.580    -0.129    -0.151    -0.139
    75.590    -0.104    -0.057    -0.135
    75.600    -0.043     0.026    -0.165
    75.610     0.019     0.154    -0.239
    75.620     0.072     0.326    -0.266
    75.630     0.097     0.486    -0.149
    75.640     0.111     0.539     0.022
    75.650     0.104     0.522     0.173
    75.660     0.099     0.493     0.221
    75.670     0.066     0.405     0.168
    75.680     0.010     0.287     0.130
    75.690    -0.044     0.146     0.146
    75.700    -0.131    -0.044     0.154
    75.710    -0.207    -0.221     0.110
    75.720    -0.284    -0.357     0.021
    75.730    -0.293    -0.407    -0.142
    75.740    -0.220    -0.336    -0.310
    75.750    -0.138    -0.215    -0.409
    75.760    -0.022    -0.071    -0.411
    75.770     0.067     0.003    -0.298
    75.780     0.125    -0.002    -0.183
    75.790     0.155     0.040    -0.083
    75.800     0.146     0.095     0.012
    75.810     0.141     0.136     0.052
    75.820     0.116     0.154     0.097
    75.830     0.071     0.076     0.118
    75.840     0.010    -0.054     0.093
    75.850    -0.072    -0.159     0.093
    75.860    -0.136    -0.211     0.104
    75.870    -0.176    -0.202     0.140
    75.880    -0.168    -0.133     0.163
    75.890    -0.100     0.023     0.133
    75.900    -0.021     0.188     0.087
    75.910     0.062     0.227    -0.012
    75.920     0.136     0.137    -0.151
    75.930     0.192    -0.002    -0.245
    75.940     0.212    -0.135    -0.297
    75.950     0.189    -0.261    -0.318
    75.960     0.157    -0.324    -0.261
    75.970     0.120    -0.299    -0.153
    75.980     0.111    -0.201    -0.070
    75.990     0.125    -0.037    -0.049
    76.000     0.153     0.146    -0.093
    76.010     0.176     0.324    -0.105
    76.020     0.137     0.396    -0.092
    76.030     0.078     0.303    -0.058
    76.040    -0.008     0.117     0.115
    76.050    -0.121    -0.134     0.329
    76.060    -0.219    -0.341     0.506
    76.070    -0.276    -0.457     0.634
    76.080    -0.249    -0.483     0.667
    76.090    -0.175    -0.351     0.677
    76.100    -0.098    -0.171     0.614
    76.110    -0.022    -0.015     0.443
    76.120     0.030     0.122     0.170
    76.130     0.040     0.179    -0.169
    76.140     0.013     0.184    -0.394
    76.150    -0.042     0.148    -0.473
    76.160    -0.102     0.093    -0.433
    76.170    -0.135     0.083    -0.316
    76.180    -0.128     0.073    -0.226
    76.190    -0.070     0.055    -0.204
    76.200     0.026     0.068    -0.269
    76.210     0.134     0.070    -0.371
    76.220     0.225     0.024    -0.454
    76.230     0.282    -0.094    -0.511
    76.240     0.313    -0.236    -0.480
    76.250     0.313    -0.273    -0.350
    76.260     0.248    -0.204    -0.183
    76.270     0.092    -0.132    -0.002
    76.280    -0.087    -0.084     0.151
    76.290    -0.215    -0.028     0.257
    76.300    -0.306     0.072     0.339
    76.310    -0.332     0.171     0.322
    76.320    -0.272     0.229     0.220
    76.330    -0.156     0.290     0.131
    76.340    -0.034     0.347     0.077
    76.350     0.064     0.387     0.103
    76.360     0.127     0.401     0.169
    76.370     0.138     0.333     0.177
    76.380     0.090     0.226     0.133
    76.390    -0.001     0.127     0.067
    76.400    -0.088     0.055     0.014
    76.410    -0.164    -0.015     0.023
    76.420    -0.205    -0.171     0.060
    76.430    -0.202    -0.334     0.127
    76.440    -0.185    -0.406     0.235
    76.450    -0.112    -0.405     0.271
    76.460    -0.014    -0.369     0.222
    76.470     0.087    -0.347     0.062
    76.480     0.191    -0.282    -0.175
    76.490     0.236    -0.177    -0.397
    76.500     0.219    -0.099    -0.599
    76.510     0.126    -0.040    -0.608
    76.520     0.016    -0.041    -0.416
    76.530    -0.046    -0.002    -0.138
    76.540    -0.080     0.178     0.205
    76.550    -0.063     0.360     0.445
    76.560    -0.003     0.469     0.549
    76.570     0.057     0.519     0.573
    76.580     0.093     0.491     0.503
    76.590     0.090     0.381     0.395
    76.600     0.062     0.157     0.273
    76.610     0.001    -0.095     0.115
    76.620    -0.078    -0.263    -0.064
    76.630    -0.150    -0.371    -0.218
    76.640    -0.198    -0.423    -0.330
    76.650    -0.207    -0.420    -0.388
    76.660    -0.196    -0.358    -0.386
    76.670    -0.150    -0.222    -0.371
    76.680    -0.096    -0.066    -0.339
    76.690    -0.035     0.051    -0.303
    76.700     0.049     0.126    -0.281
    76.710     0.105     0.154    -0.218
    76.720     0.163     0.143    -0.128
    76.730     0.199     0.071    -0.058
    76.740     0.214    -0.021    -0.010
    76.750     0.200    -0.006     0.081
    76.760     0.122     0.074     0.236
    76.770     0.038     0.179     0.385
    76.780    -0.060     0.261     0.495
    76.790    -0.140     0.244     0.553
    76.800    -0.194     0.178     0.568
    76.810    -0.218     0.040     0.441
    76.820    -0.156    -0.103     0.203
    76.830    -0.079    -0.165     0.032
    76.840    -0.011    -0.193    -0.085
    76.850     0.043    -0.165    -0.178
    76.860     0.066    -0.141    -0.214
    76.870     0.074    -0.167    -0.217
    76.880     0.079    -0.156    -0.214
    76.890     0.092    -0.073    -0.190
    76.900     0.101     0.058    -0.165
    76.910     0.105     0.169    -0.181
    76.920     0.106     0.210    -0.245
    76.930     0.115     0.196    -0.300
    76.940     0.120     0.157    -0.251
    76.950     0.086     0.123    -0.117
    76.960     0.018     0.095     0.033
    76.970    -0.058     0.045     0.158
    76.980    -0.128    -0.019     0.286
    76.990    -0.179    -0.024     0.422
    77.000    -0.209    -0.026     0.454
    77.010    -0.220    -0.077     0.375
    77.020    -0.213    -0.126     0.224
    77.030    -0.208    -0.187     0.028
    77.040    -0.179    -0.215    -0.151
    77.050    -0.103    -0.162    -0.316
    77.060    -0.010    -0.052    -0.385
    77.070     0.077     0.095    -0.332
    77.080     0.164     0.195    -0.283
    77.090     0.242     0.228    -0.252
    77.100     0.272     0.189    -0.203
    77.110     0.260     0.088    -0.106
    77.120     0.220     0.006     0.048
    77.130     0.146    -0.085     0.189
    77.140     0.089    -0.184     0.307
    77.150     0.037    -0.260     0.367
    77.160    -0.026    -0.320     0.311
    77.170    -0.079    -0.320     0.239
    77.180    -0.134    -0.302     0.155
    77.190    -0.152    -0.265    -0.009
    77.200    -0.151    -0.169    -0.164
    77.210    -0.127    -0.019    -0.284
    77.220    -0.090     0.190    -0.363
    77.230    -0.074     0.345    -0.405
    77.240    -0.045     0.391    -0.436
    77.250    -0.043     0.346    -0.409
    77.260    -0.019     0.258    -0.282
    77.270     0.030     0.217    -0.069
    77.280     0.044     0.137     0.126
    77.290     0.047     0.034     0.310
    77.300     0.044    -0.050     0.464
    77.310     0.063    -0.152     0.505
    77.320     0.078    -0.183     0.485
    77.330     0.084    -0.132     0.415
    77.340     0.085    -0.045     0.304
    77.350     0.071     0.025     0.153
    77.360     0.035     0.035    -0.001
    77.370    -0.027     0.030    -0.086
    77.380    -0.099    -0.008    -0.155
    77.390    -0.174    -0.118    -0.262
    77.400    -0.212    -0.241    -0.362
    77.410    -0.213    -0.343    -0.363
    77.420    -0.152    -0.375    -0.261
    77.430    -0.045    -0.321    -0.169
    77.440     0.045    -0.275    -0.109
    77.450     0.115    -0.251     0.014
    77.460     0.136    -0.269     0.158
    77.470     0.124    -0.270     0.234
    77.480     0.085    -0.180     0.266
    77.490     0.023    -0.091     0.196
    77.500    -0.017    -0.003     0.024
    77.510    -0.047     0.078    -0.133
    77.520    -0.051     0.113    -0.239
    77.530    -0.033     0.134    -0.268
    77.540    -0.022     0.111    -0.245
    77.550    -0.017     0.058    -0.200
    77.560    -0.029    -0.004    -0.129
    77.570    -0.037    -0.038    -0.070
    77.580    -0.038    -0.013     0.001
    77.590    -0.021    -0.004     0.070
    77.600     0.026     0.034     0.146
    77.610     0.053     0.098     0.252
    77.620     0.040     0.103     0.333
    77.630     0.018     0.073     0.353
    77.640    -0.009     0.008     0.255
    77.650    -0.029    -0.044     0.092
    77.660    -0.033    -0.043    -0.070
    77.670    -0.014    -0.074    -0.264
    77.680     0.049    -0.102    -0.381
    77.690     0.117    -0.070    -0.346
    77.700     0.176    -0.020    -0.262
    77.710     0.219     0.059    -0.163
    77.720     0.196     0.080    -0.053
    77.730     0.142     0.036     0.008
    77.740     0.064     0.028     0.041
    77.750    -0.020     0.056     0.086
    77.760    -0.069     0.179     0.148
    77.770    -0.120     0.336     0.169
    77.780    -0.142     0.421     0.104
    77.790    -0.147     0.458     0.025
    77.800    -0.188     0.432    -0.018
    77.810    -0.225     0.407     0.000
    77.820    -0.259     0.369     0.104
    77.830    -0.295     0.222     0.208
    77.840    -0.268     0.069     0.239
    77.850    -0.162    -0.012     0.189
    77.860    -0.020    -0.017     0.080
    77.870     0.116     0.027    -0.070
    77.880     0.229     0.050    -0.239
    77.890     0.300     0.056    -0.336
    77.900     0.314     0.036    -0.351
    77.910     0.282    -0.016    -0.347
    77.920     0.221    -0.055    -0.265
    77.930     0.155    -0.072    -0.107
    77.940     0.119    -0.054     0.022
    77.950     0.106     0.023     0.076
    77.960     0.083     0.078     0.136
    77.970     0.040     0.051     0.249
    77.980    -0.015    -0.045     0.341
    77.990    -0.064    -0.155     0.384
    78.000    -0.118    -0.184     0.368
    78.010    -0.168    -0.134     0.310
    78.020    -0.188     0.011     0.272
    78.030    -0.201     0.186     0.207
    78.040    -0.220     0.297     0.065
    78.050    -0.228     0.373    -0.097
    78.060    -0.215     0.386    -0.191
    78.070    -0.185     0.340    -0.222
    78.080    -0.128     0.275    -0.273
    78.090    -0.050     0.227    -0.299
    78.100     0.013     0.201    -0.235
    78.110     0.069     0.132    -0.146
    78.120     0.116     0.011    -0.119
    78.130     0.147    -0.136    -0.074
    78.140     0.167    -0.238     0.062
    78.150     0.188    -0.235     0.219
    78.160     0.176    -0.195     0.379
    78.170     0.140    -0.181     0.491
    78.180     0.122    -0.138     0.542
    78.190     0.065    -0.057     0.513
    78.200    -0.009     0.038     0.391
    78.210    -0.058     0.165     0.245
    78.220    -0.067     0.251     0.074
    78.230    -0.045     0.303    -0.036
    78.240    -0.042     0.332    -0.082
    78.250    -0.023     0.308    -0.124
    78.260    -0.008     0.273    -0.108
    78.270    -0.027     0.168    -0.097
    78.280    -0.041     0.014    -0.151
    78.290    -0.060    -0.132    -0.211
    78.300    -0.085    -0.279    -0.206
    78.310    -0.080    -0.390    -0.159
    78.320    -0.015    -0.426    -0.128
    78.330     0.079    -0.377    -0.116
    78.340     0.173    -0.301    -0.127
    78.350     0.229    -0.248    -0.150
    78.360     0.227    -0.226    -0.137
    78.370     0.163    -0.225    -0.073
    78.380     0.042    -0.239     0.017
    78.390    -0.064    -0.266     0.069
    78.400    -0.121    -0.256     0.058
    78.410    -0.129    -0.147     0.048
    78.420    -0.113     0.038     0.062
    78.430    -0.106     0.175     0.100
    78.440    -0.103     0.167     0.173
    78.450    -0.093     0.025     0.222
    78.460    -0.083    -0.120     0.182
    78.470    -0.093    -0.169     0.105
    78.480    -0.061    -0.155    -0.014
    78.490     0.006    -0.116    -0.166
    78.500     0.065    -0.026    -0.223
    78.510     0.130     0.127    -0.172
    78.520     0.163     0.246    -0.065
    78.530     0.174     0.271     0.025
    78.540     0.163     0.216     0.038
    78.550     0.114     0.084    -0.015
    78.560     0.061    -0.079    -0.103
    78.570     0.025    -0.251    -0.179
    78.580     0.019    -0.419    -0.256
    78.590     0.026    -0.506    -0.289
    78.600     0.051    -0.464    -0.233
    78.610     0.083    -0.346    -0.122
    78.620     0.089    -0.232     0.014
    78.630     0.094    -0.116     0.142
    78.640     0.103     0.043     0.234
    78.650     0.100     0.222     0.241
    78.660     0.061     0.368     0.220
    78.670    -0.001     0.385     0.218
    78.680    -0.047     0.262     0.191
    78.690    -0.074     0.164     0.163
    78.700    -0.089     0.167     0.140
    78.710    -0.109     0.167     0.075
    78.720    -0.126     0.093     0.058
    78.730    -0.128    -0.027     0.078
    78.740    -0.133    -0.171     0.011
    78.750    -0.131    -0.262    -0.096
    78.760    -0.104    -0.302    -0.214
    78.770    -0.065    -0.315    -0.297
    78.780    -0.017    -0.207    -0.293
    78.790     0.023    -0.007    -0.241
    78.800     0.055     0.237    -0.171
    78.810     0.097     0.461    -0.105
    78.820     0.121     0.555    -0.076
    78.830     0.116     0.524    -0.059
    78.840     0.063     0.399     0.011
    78.850    -0.032     0.195     0.097
    78.860    -0.100    -0.043     0.180
    78.870    -0.114    -0.212     0.233
    78.880    -0.096    -0.238     0.228
    78.890    -0.075    -0.166     0.182
    78.900    -0.050    -0.116     0.042
    78.910    -0.014    -0.111    -0.145
    78.920     0.023    -0.091    -0.214
    78.930     0.058    -0.065    -0.170
    78.940     0.094    -0.047    -0.104
    78.950     0.103    -0.044    -0.067
    78.960     0.073    -0.053    -0.085
    78.970     0.022    -0.032    -0.127
    78.980    -0.015     0.013    -0.220
    78.990     0.001     0.082    -0.305
    79.000     0.029     0.200    -0.263
    79.010     0.037     0.309    -0.129
    79.020     0.004     0.332     0.028
    79.030    -0.059     0.233     0.094
    79.040    -0.114     0.087     0.071
    79.050    -0.187     0.003     0.021
    79.060    -0.233    -0.001    -0.037
    79.070    -0.219     0.077    -0.009
    79.080    -0.171     0.156     0.076
    79.090    -0.089     0.190     0.157
    79.100     0.005     0.174     0.209
    79.110     0.101     0.085     0.130
    79.120     0.177    -0.012     0.011
    79.130     0.214    -0.135    -0.053
    79.140     0.229    -0.296    -0.120
    79.150     0.213    -0.430    -0.169
    79.160     0.164    -0.559    -0.185
    79.170     0.110    -0.636    -0.175
    79.180     0.064    -0.649    -0.142
    79.190     0.004    -0.608    -0.026
    79.200    -0.052    -0.486     0.144
    79.210    -0.085    -0.354     0.222
    79.220    -0.111    -0.221     0.260
    79.230    -0.110    -0.144     0.273
    79.240    -0.082    -0.112     0.273
    79.250    -0.040    -0.012     0.356
    79.260    -0.016     0.078     0.470
    79.270    -0.006     0.101     0.524
    79.280     0.010     0.053     0.435
    79.290    -0.010    -0.013     0.226
    79.300    -0.049    -0.007     0.058
    79.310    -0.093     0.036    -0.075
    79.320    -0.133     0.099    -0.229
    79.330    -0.140     0.190    -0.311
    79.340    -0.120     0.273    -0.304
    79.350    -0.069     0.323    -0.275
    79.360    -0.007     0.325    -0.264
    79.370     0.058     0.296    -0.288
    79.380     0.106     0.276    -0.299
    79.390     0.125     0.260    -0.235
    79.400     0.138     0.240    -0.094
    79.410     0.132     0.243     0.132
    79.420     0.082     0.204     0.357
    79.430     0.012     0.080     0.430
    79.440    -0.051    -0.036     0.363
    79.450    -0.107    -0.085     0.233
    79.460    -0.155    -0.103     0.093
    79.470    -0.167    -0.144     0.031
    79.480    -0.140    -0.188     0.003
    79.490    -0.102    -0.189    -0.028
    79.500    -0.033    -0.162    -0.001
    79.510     0.078    -0.105    -0.012
    79.520     0.180    -0.028    -0.082
    79.530     0.239     0.064    -0.154
    79.540     0.247     0.136    -0.243
    79.550     0.226     0.174    -0.337
    79.560     0.181     0.217    -0.441
    79.570     0.105     0.227    -0.465
    79.580     0.026     0.194    -0.414
    79.590    -0.055     0.122    -0.390
    79.600    -0.107     0.058    -0.333
    79.610    -0.141     0.038    -0.209
    79.620    -0.153    -0.021    -0.087
    79.630    -0.122    -0.118     0.030
    79.640    -0.071    -0.180     0.130
    79.650    -0.027    -0.168     0.198
    79.660    -0.032    -0.127     0.256
    79.670    -0.028    -0.125     0.246
    79.680    -0.011    -0.110     0.184
    79.690    -0.015    -0.013     0.140
    79.700    -0.002     0.139     0.111
    79.710    -0.013     0.251     0.089
    79.720    -0.045     0.249     0.015
    79.730    -0.068     0.181    -0.084
    79.740    -0.082     0.144    -0.096
    79.750    -0.083     0.144     0.020
    79.760    -0.076     0.166     0.213
    79.770    -0.080     0.141     0.354
    79.780    -0.083     0.048     0.386
    79.790    -0.054    -0.017     0.339
    79.800     0.004    -0.036     0.224
    79.810     0.066    -0.001     0.106
    79.820     0.116     0.010     0.033
    79.830     0.172    -0.042    -0.060
    79.840     0.219    -0.042    -0.135
    79.850     0.234    -0.029    -0.150
    79.860     0.232    -0.032    -0.186
    79.870     0.212    -0.018    -0.198
    79.880     0.158    -0.012    -0.185
    79.890     0.084    -0.013    -0.208
    79.900     0.008    -0.038    -0.199
    79.910    -0.057    -0.080    -0.165
    79.920    -0.113    -0.115    -0.140
    79.930    -0.164    -0.121    -0.118
    79.940    -0.176    -0.019    -0.116
    79.950    -0.178     0.142    -0.089
    79.960    -0.192     0.260    -0.054
    79.970    -0.180     0.359    -0.011
    79.980    -0.160     0.367     0.033
    79.990    -0.141     0.313     0.042
    80.000    -0.115     0.261     0.104
    80.010    -0.116     0.130     0.163
    80.020    -0.127    -0.017     0.205
    80.030    -0.134    -0.131     0.269
    80.040    -0.146    -0.204     0.257
    80.050    -0.132    -0.169     0.225
    80.060    -0.098    -0.091     0.152
    80.070    -0.046     0.017     0.029
    80.080     0.013     0.141    -0.057
    80.090     0.075     0.170    -0.143
    80.100     0.146     0.163    -0.213
    80.110     0.158     0.122    -0.210
    80.120     0.138     0.004    -0.156
    80.130     0.154    -0.115    -0.129
    80.140     0.176    -0.220    -0.179
    80.150     0.188    -0.218    -0.238
    80.160     0.165    -0.163    -0.200
    80.170     0.135    -0.209    -0.155
    80.180     0.144    -0.269    -0.141
    80.190     0.134    -0.242    -0.058
    80.200     0.110    -0.168     0.049
    80.210     0.068    -0.142     0.162
    80.220     0.023    -0.177     0.267
    80.230    -0.007    -0.186     0.316
    80.240    -0.048    -0.090     0.305
    80.250    -0.077     0.096     0.274
    80.260    -0.119     0.201     0.219
    80.270    -0.157     0.207     0.118
    80.280    -0.197     0.245     0.055
    80.290    -0.242     0.254     0.034
    80.300    -0.240     0.220     0.017
    80.310    -0.207     0.171     0.001
    80.320    -0.155     0.118     0.016
    80.330    -0.083     0.133     0.075
    80.340     0.002     0.146     0.096
    80.350     0.080     0.118     0.061
    80.360     0.131     0.042     0.022
    80.370     0.149    -0.056    -0.015
    80.380     0.142    -0.080    -0.077
    80.390     0.102    -0.077    -0.158
    80.400     0.045    -0.101    -0.214
    80.410     0.009    -0.123    -0.188
    80.420    -0.006    -0.101    -0.086
    80.430     0.002    -0.024     0.000
    80.440     0.007     0.028     0.051
    80.450     0.012     0.043     0.055
    80.460     0.046     0.063     0.036
    80.470     0.070     0.083     0.042
    80.480     0.081     0.073     0.016
    80.490     0.087     0.004     0.001
    80.500     0.078    -0.090     0.029
    80.510     0.054    -0.157     0.086
    80.520     0.020    -0.185     0.176
    80.530     0.010    -0.220     0.218
    80.540     0.025    -0.260     0.269
    80.550     0.032    -0.234     0.309
    80.560     0.023    -0.157     0.262
    80.570    -0.002    -0.099     0.195
    80.580    -0.002    -0.095     0.058
    80.590     0.002    -0.077    -0.108
    80.600    -0.026     0.001    -0.213
    80.610    -0.057     0.079    -0.317
    80.620    -0.103     0.087    -0.398
    80.630    -0.130     0.049    -0.416
    80.640    -0.122     0.048    -0.366
    80.650    -0.119     0.088    -0.250
    80.660    -0.114     0.118    -0.143
    80.670    -0.120     0.054    -0.028
    80.680    -0.122    -0.069     0.115
    80.690    -0.114    -0.132     0.209
    80.700    -0.108    -0.123     0.276
    80.710    -0.096    -0.081     0.310
    80.720    -0.072    -0.069     0.258
    80.730    -0.015    -0.022     0.222
    80.740     0.052     0.103     0.195
    80.750     0.096     0.211     0.091
    80.760     0.111     0.286    -0.017
    80.770     0.105     0.282    -0.124
    80.780     0.075     0.199    -0.246
    80.790     0.023     0.109    -0.326
    80.800    -0.001    -0.023    -0.397
    80.810     0.006    -0.172    -0.432
    80.820     0.015    -0.235    -0.402
    80.830     0.025    -0.221    -0.369
    80.840     0.021    -0.233    -0.317
    80.850     0.002    -0.295    -0.257
    80.860    -0.004    -0.365    -0.216
    80.870    -0.011    -0.389    -0.156
    80.880    -0.016    -0.344    -0.121
    80.890    -0.008    -0.281    -0.119
    80.900    -0.007    -0.225    -0.130
    80.910     0.015    -0.134    -0.137
    80.920     0.022     0.005    -0.052
    80.930     0.016     0.120     0.060
    80.940     0.004     0.157     0.144
    80.950    -0.034     0.142     0.224
    80.960    -0.045     0.121     0.240
    80.970    -0.039     0.116     0.215
    80.980    -0.017     0.101     0.156
    80.990     0.006     0.042     0.076
    81.000     0.007    -0.064     0.074
    81.010     0.004    -0.156     0.177
    81.020    -0.017    -0.215     0.323
    81.030    -0.031    -0.239     0.437
    81.040    -0.040    -0.204     0.497
    81.050    -0.037    -0.118     0.467
    81.060    -0.011    -0.032     0.299
    81.070     0.030     0.009     0.018
    81.080     0.078     0.046    -0.218
    81.090     0.093     0.072    -0.297
    81.100     0.083     0.052    -0.288
    81.110     0.055     0.047    -0.172
    81.120     0.003     0.097     0.038
    81.130    -0.044     0.174     0.154
    81.140    -0.071     0.238     0.117
    81.150    -0.088     0.252     0.029
    81.160    -0.085     0.228    -0.030
    81.170    -0.064     0.218    -0.032
    81.180    -0.031     0.222     0.019
    81.190     0.000     0.182     0.047
    81.200     0.022     0.067     0.027
    81.210     0.047    -0.061     0.007
    81.220     0.059    -0.167    -0.017
    81.230     0.072    -0.227    -0.026
    81.240     0.065    -0.228     0.046
    81.250     0.048    -0.230     0.148
    81.260     0.046    -0.207     0.192
    81.270     0.030    -0.129     0.159
    81.280     0.024    -0.003     0.069
    81.290     0.002     0.100    -0.023
    81.300    -0.016     0.094    -0.139
    81.310    -0.015     0.024    -0.248
    81.320    -0.026    -0.049    -0.300
    81.330    -0.014    -0.087    -0.309
    81.340    -0.003    -0.095    -0.272
    81.350     0.012    -0.100    -0.207
    81.360     0.033    -0.084    -0.079
    81.370     0.057    -0.043     0.066
    81.380     0.107     0.050     0.182
    81.390     0.137     0.188     0.299
    81.400     0.153     0.263     0.348
    81.410     0.159     0.285     0.322
    81.420     0.135     0.306     0.274
    81.430     0.100     0.278     0.238
    81.440     0.045     0.205     0.183
    81.450    -0.021     0.093     0.082
    81.460    -0.081    -0.007     0.015
    81.470    -0.103    -0.043    -0.056
    81.480    -0.090    -0.022    -0.131
    81.490    -0.068     0.059    -0.156
    81.500    -0.032     0.106    -0.201
    81.510    -0.014     0.131    -0.205
    81.520    -0.023     0.197    -0.131
    81.530    -0.052     0.213    -0.092
    81.540    -0.077     0.166    -0.112
    81.550    -0.084     0.108    -0.125
    81.560    -0.081     0.035    -0.132
    81.570    -0.036    -0.041    -0.199
    81.580     0.006    -0.110    -0.240
    81.590     0.028    -0.209    -0.211
    81.600     0.068    -0.321    -0.212
    81.610     0.100    -0.414    -0.217
    81.620     0.122    -0.459    -0.188
    81.630     0.134    -0.427    -0.101
    81.640     0.150    -0.325     0.085
    81.650     0.145    -0.192     0.265
    81.660     0.116    -0.108     0.365
    81.670     0.125    -0.044     0.400
    81.680     0.115     0.033     0.338
    81.690     0.089     0.067     0.202
    81.700     0.073     0.079     0.125
    81.710     0.051     0.067     0.132
    81.720     0.021     0.042     0.120
    81.730    -0.038     0.040     0.059
    81.740    -0.096     0.048    -0.032
    81.750    -0.167     0.091    -0.099
    81.760    -0.223     0.145    -0.167
    81.770    -0.219     0.172    -0.235
    81.780    -0.202     0.177    -0.212
    81.790    -0.159     0.180    -0.132
    81.800    -0.095     0.192    -0.048
    81.810    -0.041     0.184    -0.031
    81.820     0.023     0.170    -0.048
    81.830     0.094     0.199    -0.029
    81.840     0.148     0.233    -0.016
    81.850     0.178     0.239     0.028
    81.860     0.206     0.217     0.084
    81.870     0.210     0.126     0.148
    81.880     0.151     0.006     0.150
    81.890     0.061    -0.090     0.040
    81.900    -0.048    -0.160    -0.091
    81.910    -0.162    -0.220    -0.210
    81.920    -0.232    -0.211    -0.267
    81.930    -0.248    -0.160    -0.272
    81.940    -0.205    -0.131    -0.219
    81.950    -0.129    -0.085    -0.101
    81.960    -0.055    -0.056    -0.021
    81.970     0.009    -0.008     0.023
    81.980     0.049     0.060     0.073
    81.990     0.058     0.050     0.078
    82.000     0.056     0.010     0.056
    82.010     0.071    -0.009     0.033
    82.020     0.078     0.012    -0.023
    82.030     0.060     0.065    -0.083
    82.040     0.036     0.105    -0.102
    82.050     0.015     0.114    -0.089
    82.060    -0.010     0.104    -0.072
    82.070    -0.046     0.094    -0.039
    82.080    -0.072     0.065     0.000
    82.090    -0.074     0.019     0.006
    82.100    -0.054     0.018    -0.006
    82.110    -0.026     0.067     0.004
    82.120    -0.006     0.127     0.042
    82.130     0.010     0.123     0.066
    82.140     0.010     0.038     0.094
    82.150    -0.010    -0.051     0.148
    82.160    -0.048    -0.116     0.173
    82.170    -0.089    -0.150     0.124
    82.180    -0.095    -0.157     0.010
    82.190    -0.077    -0.132    -0.092
    82.200    -0.054    -0.074    -0.164
    82.210    -0.016    -0.028    -0.185
    82.220     0.021    -0.011    -0.149
    82.230     0.046     0.000    -0.116
    82.240     0.045     0.029    -0.060
    82.250     0.035     0.071    -0.015
    82.260     0.033     0.114    -0.022
    82.270     0.023     0.147    -0.061
    82.280     0.022     0.143    -0.078
    82.290     0.031     0.121     0.003
    82.300     0.027     0.091     0.087
    82.310     0.007     0.088     0.119
    82.320    -0.016     0.102     0.149
    82.330    -0.040     0.056     0.151
    82.340    -0.063    -0.015     0.142
    82.350    -0.070    -0.069     0.136
    82.360    -0.083    -0.122     0.106
    82.370    -0.089    -0.147     0.050
    82.380    -0.066    -0.120    -0.007
    82.390    -0.041    -0.074    -0.025
    82.400    -0.021    -0.011    -0.007
    82.410     0.003     0.048     0.033
    82.420     0.035     0.033     0.024
    82.430     0.051    -0.045    -0.056
    82.440     0.044    -0.113    -0.077
    82.450     0.025    -0.152    -0.040
    82.460    -0.013    -0.190    -0.026
    82.470    -0.031    -0.194    -0.052
    82.480    -0.038    -0.140    -0.060
    82.490    -0.055    -0.076     0.000
    82.500    -0.044    -0.033     0.031
    82.510    -0.023    -0.037     0.019
    82.520     0.011    -0.047     0.078
    82.530     0.035    -0.006     0.225
    82.540     0.022     0.018     0.326
    82.550     0.014     0.010     0.347
    82.560    -0.004     0.008     0.384
    82.570    -0.030     0.019     0.433
    82.580    -0.042     0.033     0.398
    82.590    -0.039    -0.006     0.235
    82.600    -0.024    -0.060     0.029
    82.610    -0.019    -0.060    -0.124
    82.620    -0.024    -0.063    -0.231
    82.630    -0.023    -0.092    -0.321
    82.640    -0.039    -0.121    -0.328
    82.650    -0.066    -0.112    -0.249
    82.660    -0.085    -0.055    -0.116
    82.670    -0.097    -0.012     0.019
    82.680    -0.083     0.038     0.082
    82.690    -0.070     0.108     0.135
    82.700    -0.050     0.155     0.145
    82.710    -0.005     0.200     0.054
    82.720     0.017     0.219    -0.025
    82.730     0.015     0.213     0.003
    82.740    -0.008     0.178     0.077
    82.750    -0.017     0.090     0.093
    82.760    -0.004     0.003     0.068
    82.770     0.013    -0.094     0.010
    82.780     0.050    -0.169    -0.029
    82.790     0.074    -0.183    -0.012
    82.800     0.078    -0.176    -0.031
    82.810     0.060    -0.113    -0.053
    82.820     0.042    -0.025    -0.045
    82.830     0.049     0.068    -0.033
    82.840     0.039     0.172    -0.024
    82.850     0.026     0.240    -0.039
    82.860     0.017     0.273    -0.037
    82.870     0.017     0.234    -0.025
    82.880     0.040     0.158    -0.016
    82.890     0.035     0.096     0.031
    82.900     0.015     0.010     0.101
    82.910     0.003    -0.084     0.126
    82.920     0.003    -0.178     0.009
    82.930     0.002    -0.222    -0.134
    82.940    -0.020    -0.220    -0.200
    82.950    -0.019    -0.241    -0.246
    82.960    -0.016    -0.232    -0.236
    82.970    -0.009    -0.191    -0.157
    82.980     0.006    -0.137    -0.015
    82.990     0.019    -0.047     0.096
    83.000     0.045     0.033     0.129
    83.010     0.053     0.092     0.159
    83.020     0.072     0.130     0.162
    83.030     0.093     0.149     0.126
    83.040     0.097     0.180     0.054
    83.050     0.088     0.199    -0.011
    83.060     0.041     0.196    -0.021
    83.070     0.007     0.185    -0.028
    83.080    -0.012     0.148    -0.063
    83.090    -0.037     0.126    -0.088
    83.100    -0.062     0.095    -0.076
    83.110    -0.057     0.003    -0.105
    83.120    -0.018    -0.070    -0.185
    83.130    -0.002    -0.088    -0.186
    83.140     0.009    -0.093    -0.102
    83.150     0.033    -0.123    -0.001
    83.160     0.055    -0.153     0.073
    83.170     0.060    -0.158     0.109
    83.180     0.061    -0.183     0.120
    83.190     0.078    -0.216     0.101
    83.200     0.101    -0.240     0.066
    83.210     0.103    -0.235     0.086
    83.220     0.075    -0.187     0.147
    83.230     0.050    -0.132     0.118
    83.240     0.029    -0.075     0.012
    83.250     0.006    -0.015    -0.092
    83.260    -0.016     0.047    -0.166
    83.270    -0.021     0.138    -0.216
    83.280    -0.021     0.230    -0.229
    83.290    -0.044     0.279    -0.152
    83.300    -0.066     0.280    -0.065
    83.310    -0.101     0.235    -0.008
    83.320    -0.123     0.189     0.025
    83.330    -0.134     0.142     0.007
    83.340    -0.151     0.061    -0.023
    83.350    -0.131    -0.025    -0.057
    83.360    -0.088    -0.114    -0.092
    83.370    -0.029    -0.152    -0.104
    83.380     0.008    -0.138    -0.096
    83.390     0.019    -0.131    -0.092
    83.400     0.012    -0.096    -0.105
    83.410     0.008    -0.046    -0.097
    83.420     0.024     0.007    -0.052
    83.430     0.027     0.049    -0.021
    83.440     0.047     0.090     0.008
    83.450     0.069     0.116     0.055
    83.460     0.075     0.087     0.060
    83.470     0.068     0.088     0.012
    83.480     0.051     0.094    -0.047
    83.490     0.037     0.042    -0.094
    83.500     0.012     0.000    -0.104
    83.510    -0.021    -0.033    -0.063
    83.520    -0.063    -0.089    -0.019
    83.530    -0.093    -0.134     0.016
    83.540    -0.130    -0.159     0.047
    83.550    -0.148    -0.143     0.073
    83.560    -0.134    -0.074     0.171
    83.570    -0.118    -0.027     0.273
    83.580    -0.076     0.016     0.338
    83.590    -0.044     0.055     0.372
    83.600    -0.021     0.069     0.327
    83.610    -0.012     0.071     0.249
    83.620    -0.003     0.024     0.127
    83.630     0.007    -0.011    -0.023
    83.640     0.009     0.044    -0.102
    83.650     0.030     0.117    -0.148
    83.660     0.057     0.107    -0.260
    83.670     0.089     0.076    -0.401
    83.680     0.108     0.093    -0.457
    83.690     0.112     0.115    -0.400
    83.700     0.095     0.110    -0.260
    83.710     0.079     0.093    -0.101
    83.720     0.070     0.078     0.038
    83.730     0.045     0.051     0.173
    83.740     0.047     0.044     0.245
    83.750     0.052     0.052     0.214
    83.760     0.064     0.035     0.206
    83.770     0.068    -0.003     0.244
    83.780     0.075    -0.057     0.229
    83.790     0.087    -0.087     0.191
    83.800     0.047    -0.103     0.123
    83.810     0.003    -0.116     0.012
    83.820    -0.039    -0.106    -0.080
    83.830    -0.066    -0.124    -0.158
    83.840    -0.074    -0.120    -0.175
    83.850    -0.086    -0.049    -0.112
    83.860    -0.066    -0.005    -0.070
    83.870    -0.028     0.049    -0.089
    83.880     0.013     0.154    -0.102
    83.890     0.046     0.237    -0.041
    83.900     0.054     0.236     0.084
    83.910     0.056     0.135     0.198
    83.920     0.049     0.030     0.256
    83.930     0.021    -0.024     0.297
    83.940    -0.011    -0.067     0.302
    83.950    -0.036    -0.103     0.208
    83.960    -0.059    -0.135     0.089
    83.970    -0.082    -0.127     0.031
    83.980    -0.095    -0.100     0.005
    83.990    -0.077    -0.111    -0.015
    84.000    -0.031    -0.143    -0.040
    84.010     0.021    -0.165    -0.060
    84.020     0.057    -0.107    -0.005
    84.030     0.091    -0.004     0.076
    84.040     0.122     0.033     0.089
    84.050     0.136     0.017     0.042
    84.060     0.147     0.002     0.012
    84.070     0.134    -0.003     0.027
    84.080     0.078    -0.009     0.030
    84.090     0.011    -0.039     0.014
    84.100    -0.062    -0.089    -0.002
    84.110    -0.122    -0.101    -0.022
    84.120    -0.140    -0.024    -0.056
    84.130    -0.140     0.101    -0.082
    84.140    -0.143     0.151    -0.082
    84.150    -0.123     0.117    -0.097
    84.160    -0.085     0.089    -0.118
    84.170    -0.068     0.085    -0.134
    84.180    -0.069     0.082    -0.153
    84.190    -0.083     0.039    -0.166
    84.200    -0.093    -0.028    -0.166
    84.210    -0.080    -0.045    -0.148
    84.220    -0.053    -0.061    -0.153
    84.230    -0.017    -0.107    -0.161
    84.240     0.033    -0.144    -0.112
    84.250     0.079    -0.179    -0.050
    84.260     0.110    -0.201    -0.037
    84.270     0.128    -0.223    -0.031
    84.280     0.127    -0.211     0.022
    84.290     0.125    -0.100     0.095
    84.300     0.110     0.051     0.153
    84.310     0.079     0.140     0.150
    84.320     0.073     0.150     0.090
    84.330     0.062     0.143     0.050
    84.340     0.028     0.156     0.037
    84.350    -0.013     0.152     0.014
    84.360    -0.045     0.104    -0.013
    84.370    -0.069     0.051     0.020
    84.380    -0.086     0.018     0.065
    84.390    -0.074     0.020     0.070
    84.400    -0.035     0.049     0.076
    84.410     0.014     0.061     0.088
    84.420     0.049     0.068     0.118
    84.430     0.072     0.074     0.111
    84.440     0.083     0.066     0.058
    84.450     0.075     0.031     0.000
    84.460     0.070    -0.021    -0.079
    84.470     0.061    -0.037    -0.100
    84.480     0.062    -0.026    -0.061
    84.490     0.080    -0.018    -0.051
    84.500     0.089    -0.011    -0.057
    84.510     0.096    -0.031    -0.119
    84.520     0.099    -0.080    -0.181
    84.530     0.094    -0.124    -0.208
    84.540     0.078    -0.137    -0.268
    84.550     0.026    -0.112    -0.238
    84.560    -0.048    -0.126    -0.174
    84.570    -0.100    -0.146    -0.183
    84.580    -0.122    -0.064    -0.163
    84.590    -0.136     0.059    -0.089
    84.600    -0.136     0.181    -0.003
    84.610    -0.100     0.254     0.043
    84.620    -0.064     0.215     0.030
    84.630    -0.030     0.153    -0.013
    84.640    -0.022     0.136     0.003
    84.650    -0.042     0.125     0.073
    84.660    -0.051     0.057     0.096
    84.670    -0.064    -0.034     0.107
    84.680    -0.053    -0.062     0.129
    84.690    -0.045    -0.037     0.144
    84.700    -0.046    -0.015     0.083
    84.710    -0.043    -0.027    -0.061
    84.720    -0.045    -0.082    -0.178
    84.730    -0.026    -0.124    -0.229
    84.740    -0.032    -0.126    -0.238
    84.750    -0.049    -0.112    -0.231
    84.760    -0.072    -0.076    -0.186
    84.770    -0.105    -0.057    -0.148
    84.780    -0.101    -0.036    -0.164
    84.790    -0.099     0.011    -0.154
    84.800    -0.099     0.019    -0.119
    84.810    -0.085    -0.012    -0.109
    84.820    -0.059    -0.054    -0.126
    84.830    -0.035    -0.081    -0.180
    84.840    -0.024    -0.061    -0.212
    84.850     0.009    -0.003    -0.143
    84.860     0.053     0.018    -0.064
    84.870     0.106     0.010    -0.009
    84.880     0.133     0.049     0.108
    84.890     0.115     0.075     0.227
    84.900     0.080     0.044     0.274
    84.910     0.031    -0.020     0.238
    84.920     0.001    -0.040     0.175
    84.930    -0.053     0.036     0.171
    84.940    -0.126     0.068     0.132
    84.950    -0.147     0.030     0.022
    84.960    -0.146    -0.020    -0.053
    84.970    -0.128    -0.069    -0.041
    84.980    -0.093    -0.030     0.022
    84.990    -0.054    -0.029     0.054
    85.000    -0.002    -0.116     0.047
    85.010     0.040    -0.151     0.029
    85.020     0.060    -0.143     0.060
    85.030     0.070    -0.074     0.110
    85.040     0.074    -0.022     0.072
    85.050     0.069     0.000     0.012
    85.060     0.049     0.057     0.010
    85.070     0.023     0.092     0.043
    85.080     0.005     0.141     0.069
    85.090    -0.007     0.166     0.074
    85.100    -0.013     0.132     0.058
    85.110    -0.017     0.112     0.042
    85.120    -0.016     0.078     0.037
    85.130    -0.018     0.015     0.064
    85.140    -0.023    -0.065     0.102
    85.150    -0.015    -0.124     0.138
    85.160    -0.032    -0.115     0.192
    85.170    -0.054    -0.092     0.211
    85.180    -0.046    -0.066     0.200
    85.190    -0.022    -0.038     0.179
    85.200     0.011    -0.014     0.155
    85.210     0.012     0.029     0.089
    85.220     0.001     0.038    -0.028
    85.230    -0.017     0.008    -0.125
    85.240    -0.033    -0.011    -0.202
    85.250    -0.023     0.025    -0.225
    85.260    -0.014     0.091    -0.221
    85.270     0.003     0.122    -0.171
    85.280     0.029     0.152    -0.052
    85.290     0.061     0.154     0.025
    85.300     0.074     0.107     0.089
    85.310     0.069     0.068     0.160
    85.320     0.067     0.019     0.188
    85.330     0.035    -0.030     0.194
    85.340     0.004    -0.033     0.215
    85.350    -0.027    -0.013     0.253
    85.360    -0.048     0.014     0.273
    85.370    -0.053     0.042     0.294
    85.380    -0.064     0.043     0.294
    85.390    -0.032     0.063     0.241
    85.400     0.007     0.121     0.207
    85.410     0.014     0.145     0.150
    85.420     0.012     0.095     0.006
    85.430     0.016     0.008    -0.112
    85.440     0.024    -0.047    -0.157
    85.450     0.036    -0.067    -0.194
    85.460     0.060    -0.069    -0.211
    85.470     0.087    -0.085    -0.190
    85.480     0.112    -0.144    -0.153
    85.490     0.129    -0.183    -0.140
    85.500     0.131    -0.175    -0.155
    85.510     0.122    -0.147    -0.162
    85.520     0.109    -0.095    -0.159
    85.530     0.082    -0.009    -0.139
    85.540     0.049     0.085    -0.100
    85.550     0.026     0.117    -0.049
    85.560     0.024     0.089    -0.014
    85.570     0.041     0.084     0.022
    85.580     0.052     0.128     0.104
    85.590     0.052     0.196     0.174
    85.600     0.039     0.200     0.166
    85.610     0.011     0.133     0.124
    85.620    -0.004     0.068     0.101
    85.630    -0.013     0.026     0.093
    85.640    -0.025     0.026     0.093
    85.650    -0.027     0.032     0.039
    85.660    -0.048     0.018    -0.050
    85.670    -0.060     0.000    -0.148
    85.680    -0.039    -0.008    -0.254
    85.690    -0.020     0.009    -0.329
    85.700     0.012     0.042    -0.376
    85.710     0.021     0.073    -0.335
    85.720     0.014     0.055    -0.259
    85.730     0.038     0.010    -0.222
    85.740     0.061     0.008    -0.146
    85.750     0.071     0.037    -0.024
    85.760     0.072     0.069     0.083
    85.770     0.073     0.062     0.119
    85.780     0.051     0.016     0.123
    85.790     0.007     0.009     0.152
    85.800    -0.017     0.033     0.146
    85.810    -0.041     0.021     0.048
    85.820    -0.052    -0.025    -0.064
    85.830    -0.061    -0.065    -0.101
    85.840    -0.077    -0.084    -0.133
    85.850    -0.067    -0.081    -0.160
    85.860    -0.063    -0.070    -0.151
    85.870    -0.064    -0.079    -0.106
    85.880    -0.066    -0.088    -0.041
    85.890    -0.058    -0.088    -0.019
    85.900    -0.038    -0.069    -0.001
    85.910    -0.028    -0.055     0.041
    85.920    -0.026    -0.026     0.116
    85.930    -0.055     0.025     0.175
    85.940    -0.083     0.011     0.136
    85.950    -0.086    -0.002     0.066
    85.960    -0.079    -0.001     0.024
    85.970    -0.050     0.010    -0.007
    85.980    -0.017     0.047    -0.026
    85.990     0.022     0.041    -0.038
    86.000     0.052     0.027    -0.034
    86.010     0.057    -0.019     0.000
    86.020     0.049    -0.083     0.063
    86.030     0.021    -0.115     0.143
    86.040    -0.014    -0.184     0.125
    86.050    -0.022    -0.243     0.033
    86.060    -0.015    -0.233    -0.027
    86.070    -0.022    -0.191    -0.064
    86.080    -0.036    -0.165    -0.072
    86.090    -0.030    -0.190    -0.077
    86.100    -0.018    -0.198    -0.042
    86.110    -0.017    -0.127    -0.002
    86.120    -0.023    -0.034    -0.001
    86.130    -0.024    -0.005    -0.010
    86.140    -0.001    -0.053    -0.057
    86.150     0.009    -0.104    -0.083
    86.160     0.009    -0.133    -0.077
    86.170     0.020    -0.167    -0.044
    86.180     0.022    -0.205     0.011
    86.190     0.025    -0.211     0.038
    86.200     0.019    -0.177     0.011
    86.210     0.014    -0.121    -0.036
    86.220     0.023    -0.047    -0.023
    86.230     0.038    -0.008    -0.041
    86.240     0.057     0.036    -0.100
    86.250     0.057     0.152    -0.075
    86.260     0.035     0.241    -0.029
    86.270     0.002     0.239    -0.011
    86.280    -0.019     0.214    -0.030
    86.290    -0.025     0.222    -0.037
    86.300    -0.042     0.253     0.028
    86.310    -0.036     0.233     0.040
    86.320    -0.025     0.170    -0.006
    86.330    -0.041     0.136     0.029
    86.340    -0.047     0.135     0.069
    86.350    -0.053     0.171     0.054
    86.360    -0.061     0.225     0.052
    86.370    -0.059     0.272     0.043
    86.380    -0.052     0.316     0.022
    86.390    -0.037     0.332     0.010
    86.400    -0.019     0.302     0.001
    86.410    -0.008     0.238     0.024
    86.420    -0.009     0.152     0.083
    86.430    -0.004     0.094     0.156
    86.440    -0.003     0.083     0.226
    86.450     0.000     0.073     0.230
    86.460     0.014     0.038     0.162
    86.470     0.030    -0.038     0.064
    86.480     0.060    -0.090    -0.021
    86.490     0.069    -0.117    -0.039
    86.500     0.059    -0.177    -0.034
    86.510     0.053    -0.222    -0.018
    86.520     0.044    -0.234     0.017
    86.530     0.050    -0.203     0.067
    86.540     0.036    -0.131     0.133
    86.550     0.017    -0.090     0.110
    86.560     0.001    -0.076     0.053
    86.570    -0.028    -0.076     0.040
    86.580    -0.032    -0.052     0.046
    86.590    -0.029     0.045     0.085
    86.600    -0.033     0.114     0.094
    86.610    -0.054     0.109     0.066
    86.620    -0.068     0.060     0.046
    86.630    -0.063     0.002     0.037
    86.640    -0.059    -0.035     0.043
    86.650    -0.042    -0.094     0.054
    86.660    -0.025    -0.149     0.035
    86.670     0.011    -0.167     0.013
    86.680     0.030    -0.151    -0.010
    86.690     0.035    -0.091    -0.058
    86.700     0.044    -0.024    -0.091
    86.710     0.031    -0.008    -0.107
    86.720     0.017    -0.008    -0.080
    86.730    -0.018     0.011    -0.035
    86.740    -0.041     0.013    -0.019
    86.750    -0.055    -0.008    -0.002
    86.760    -0.056    -0.039    -0.022
    86.770    -0.037    -0.027     0.010
    86.780    -0.046    -0.018     0.110
    86.790    -0.033    -0.066     0.137
    86.800    -0.017    -0.100     0.153
    86.810     0.011    -0.125     0.141
    86.820     0.042    -0.131     0.125
    86.830     0.039    -0.108     0.164
    86.840     0.047    -0.124     0.175
    86.850     0.043    -0.164     0.183
    86.860     0.027    -0.183     0.171
    86.870     0.020    -0.161     0.117
    86.880     0.021    -0.099     0.064
    86.890     0.013    -0.047    -0.002
    86.900     0.005     0.016    -0.061
    86.910     0.014     0.088    -0.099
    86.920     0.006     0.141    -0.119
    86.930     0.021     0.215    -0.126
    86.940     0.024     0.269    -0.136
    86.950     0.013     0.270    -0.153
    86.960     0.011     0.261    -0.129
    86.970    -0.010     0.199    -0.099
    86.980     0.002     0.119    -0.124
    86.990     0.001     0.074    -0.120
    87.000    -0.027     0.047    -0.099
    87.010    -0.038     0.057    -0.084
    87.020    -0.062     0.054    -0.064
    87.030    -0.070     0.026    -0.069
    87.040    -0.055     0.018    -0.034
    87.050    -0.033    -0.009     0.039
    87.060    -0.016    -0.041     0.074
    87.070    -0.018    -0.075     0.065
    87.080    -0.015    -0.122     0.028
    87.090     0.009    -0.123    -0.011
    87.100     0.020    -0.085    -0.049
    87.110     0.011    -0.013    -0.068
    87.120    -0.016     0.033    -0.077
    87.130    -0.029     0.014    -0.105
    87.140     0.000     0.061    -0.108
    87.150     0.014     0.145    -0.067
    87.160     0.007     0.159    -0.032
    87.170     0.004     0.112    -0.051
    87.180     0.012     0.038    -0.109
    87.190     0.024    -0.001    -0.115
    87.200     0.026    -0.002    -0.101
    87.210     0.034     0.003    -0.145
    87.220     0.031    -0.019    -0.196
    87.230     0.022    -0.075    -0.269
    87.240     0.040    -0.083    -0.349
    87.250     0.063     0.009    -0.319
    87.260     0.067     0.102    -0.235
    87.270     0.064     0.128    -0.167
    87.280     0.048     0.101    -0.106
    87.290     0.036     0.029    -0.108
    87.300     0.032     0.004    -0.099
    87.310     0.008     0.070    -0.051
    87.320    -0.016     0.125    -0.045
    87.330    -0.049     0.104    -0.060
    87.340    -0.064     0.042    -0.087
    87.350    -0.055     0.013    -0.092
    87.360    -0.054     0.037    -0.060
    87.370    -0.035     0.085    -0.003
    87.380    -0.020     0.092     0.052
    87.390     0.006     0.042     0.066
    87.400     0.031     0.034     0.105
    87.410     0.042     0.049     0.167
    87.420     0.056     0.051     0.238
    87.430     0.044     0.027     0.299
    87.440     0.046    -0.037     0.294
    87.450     0.040    -0.064     0.264
    87.460     0.013    -0.077     0.231
    87.470    -0.009    -0.093     0.169
    87.480    -0.035    -0.117     0.051
    87.490    -0.047    -0.167    -0.059
    87.500    -0.061    -0.171    -0.080
    87.510    -0.073    -0.172    -0.120
    87.520    -0.064    -0.173    -0.176
    87.530    -0.049    -0.144    -0.153
    87.540    -0.024    -0.144    -0.123
    87.550    -0.005    -0.129    -0.123
    87.560     0.004    -0.079    -0.097
    87.570     0.013    -0.073    -0.052
    87.580     0.018    -0.122    -0.045
    87.590     0.030    -0.174    -0.041
    87.600     0.026    -0.232    -0.015
    87.610     0.024    -0.315    -0.013
    87.620     0.031    -0.345     0.014
    87.630     0.017    -0.337     0.057
    87.640     0.021    -0.330     0.060
    87.650     0.026    -0.304     0.035
    87.660     0.026    -0.264     0.008
    87.670     0.013    -0.206     0.037
    87.680    -0.007    -0.156     0.089
    87.690    -0.008    -0.096     0.115
    87.700    -0.026    -0.029     0.105
    87.710    -0.017     0.035     0.074
    87.720    -0.006     0.081     0.076
    87.730    -0.014     0.047     0.075
    87.740     0.003     0.004     0.089
    87.750     0.004    -0.022     0.133
    87.760    -0.006    -0.028     0.141
    87.770    -0.036    -0.014     0.150
    87.780    -0.067    -0.067     0.094
    87.790    -0.068    -0.119    -0.023
    87.800    -0.058    -0.088    -0.061
    87.810    -0.027    -0.001    -0.055
    87.820    -0.001     0.092    -0.058
    87.830     0.011     0.134    -0.063
    87.840     0.016     0.169    -0.053
    87.850    -0.002     0.220    -0.019
    87.860    -0.022     0.227    -0.005
    87.870    -0.041     0.219     0.013
    87.880    -0.063     0.191     0.086
    87.890    -0.083     0.123     0.167
    87.900    -0.108     0.065     0.201
    87.910    -0.117     0.015     0.209
    87.920    -0.102     0.005     0.191
    87.930    -0.075     0.025     0.152
    87.940    -0.032     0.029     0.108
    87.950     0.020     0.022     0.079
    87.960     0.068     0.011     0.091
    87.970     0.105     0.021     0.108
    87.980     0.114     0.037     0.097
    87.990     0.104     0.016     0.071
    88.000     0.085     0.000     0.046
    88.010     0.061     0.026     0.033
    88.020     0.039     0.058     0.020
    88.030     0.020     0.075    -0.010
    88.040     0.008     0.093    -0.037
    88.050    -0.008     0.113    -0.069
    88.060    -0.019     0.100    -0.106
    88.070    -0.022     0.050    -0.141
    88.080    -0.010    -0.006    -0.177
    88.090     0.011    -0.013    -0.169
    88.100     0.016     0.045    -0.095
    88.110     0.018     0.103     0.003
    88.120     0.041     0.094     0.071
    88.130     0.076     0.066     0.092
    88.140     0.102     0.133     0.099
    88.150     0.112     0.245     0.116
    88.160     0.107     0.263     0.085
    88.170     0.098     0.166     0.001
    88.180     0.077     0.093    -0.022
    88.190     0.035     0.082     0.037
    88.200    -0.012     0.061     0.061
    88.210    -0.055     0.020     0.014
    88.220    -0.073    -0.051    -0.013
    88.230    -0.080    -0.073     0.026
    88.240    -0.091    -0.033     0.093
    88.250    -0.083     0.015     0.121
    88.260    -0.078     0.023     0.092
    88.270    -0.062    -0.020     0.033
    88.280    -0.030     0.002    -0.016
    88.290    -0.017     0.031    -0.069
    88.300    -0.016     0.021    -0.166
    88.310    -0.015     0.015    -0.227
    88.320    -0.019    -0.037    -0.239
    88.330    -0.041    -0.095    -0.258
    88.340    -0.062    -0.123    -0.284
    88.350    -0.068    -0.161    -0.296
    88.360    -0.074    -0.192    -0.249
    88.370    -0.073    -0.172    -0.189
    88.380    -0.057    -0.116    -0.151
    88.390    -0.040    -0.070    -0.112
    88.400    -0.027    -0.078    -0.048
    88.410    -0.008    -0.092     0.016
    88.420     0.012    -0.055     0.007
    88.430     0.005    -0.007    -0.015
    88.440    -0.022     0.026    -0.027
    88.450    -0.053    -0.004    -0.041
    88.460    -0.074    -0.084    -0.060
    88.470    -0.068    -0.090    -0.085
    88.480    -0.056    -0.009    -0.056
    88.490    -0.040     0.033    -0.058
    88.500    -0.008    -0.005    -0.105
    88.510     0.039    -0.020    -0.116
    88.520     0.071     0.029    -0.083
    88.530     0.073     0.068    -0.008
    88.540     0.081     0.073     0.047
    88.550     0.076     0.080     0.099
    88.560     0.060     0.098     0.178
    88.570     0.060     0.112     0.216
    88.580     0.062     0.115     0.170
    88.590     0.078     0.126     0.104
    88.600     0.086     0.133     0.089
    88.610     0.083     0.084     0.065
    88.620     0.083     0.005     0.024
    88.630     0.078    -0.042     0.044
    88.640     0.062    -0.072     0.068
    88.650     0.023    -0.122     0.039
    88.660     0.011    -0.168     0.032
    88.670     0.025    -0.189     0.053
    88.680     0.022    -0.166     0.058
    88.690     0.031    -0.065     0.054
    88.700     0.040     0.041     0.048
    88.710     0.045     0.123     0.059
    88.720     0.047     0.221     0.085
    88.730     0.040     0.257     0.050
    88.740     0.056     0.217    -0.045
    88.750     0.060     0.185    -0.107
    88.760     0.041     0.155    -0.147
    88.770     0.024     0.085    -0.207
    88.780     0.021     0.004    -0.228
    88.790     0.020    -0.054    -0.217
    88.800     0.012    -0.093    -0.213
    88.810     0.008    -0.118    -0.187
    88.820    -0.007    -0.150    -0.169
    88.830    -0.021    -0.172    -0.124
    88.840    -0.026    -0.148    -0.029
    88.850    -0.027    -0.119     0.036
    88.860    -0.012    -0.094     0.071
    88.870     0.013    -0.043     0.100
    88.880     0.038     0.032     0.117
    88.890     0.049     0.084     0.118
    88.900     0.038     0.064     0.104
    88.910     0.027     0.020     0.093
    88.920    -0.002    -0.006     0.064
    88.930    -0.037    -0.008     0.012
    88.940    -0.042    -0.014     0.012
    88.950    -0.022    -0.045     0.003
    88.960     0.003    -0.030    -0.025
    88.970     0.007     0.002     0.003
    88.980     0.016    -0.031     0.011
    88.990     0.034    -0.087    -0.009
    89.000     0.034    -0.121    -0.057
    89.010     0.014    -0.094    -0.078
    89.020    -0.012    -0.012    -0.053
    89.030    -0.022     0.043    -0.064
    89.040    -0.039     0.040    -0.060
    89.050    -0.049     0.023    -0.016
    89.060    -0.036     0.057     0.071
    89.070    -0.025     0.138     0.178
    89.080    -0.036     0.157     0.211
    89.090    -0.049     0.091     0.165
    89.100    -0.053     0.038     0.126
    89.110    -0.050     0.041     0.115
    89.120    -0.034     0.087     0.095
    89.130    -0.013     0.108     0.052
    89.140     0.016     0.083     0.040
    89.150     0.037     0.066     0.073
    89.160     0.054     0.067     0.077
    89.170     0.050     0.053     0.081
    89.180     0.033    -0.001     0.100
    89.190     0.013    -0.034     0.092
    89.200    -0.024    -0.027     0.034
    89.210    -0.046    -0.011    -0.054
    89.220    -0.074    -0.002    -0.064
    89.230    -0.098    -0.007    -0.022
    89.240    -0.113     0.005    -0.017
    89.250    -0.121     0.029    -0.026
    89.260    -0.113     0.058    -0.035
    89.270    -0.115     0.086    -0.043
    89.280    -0.107     0.106    -0.031
    89.290    -0.086     0.107     0.002
    89.300    -0.049     0.108     0.045
    89.310    -0.038     0.111     0.091
    89.320    -0.041     0.088     0.081
    89.330    -0.026     0.080     0.012
    89.340    -0.022     0.089    -0.047
    89.350    -0.024     0.080    -0.074
    89.360    -0.019     0.059    -0.103
    89.370     0.005     0.059    -0.128
    89.380     0.007     0.077    -0.078
    89.390    -0.011     0.034    -0.045
    89.400    -0.012    -0.097    -0.093
    89.410     0.006    -0.218    -0.110
    89.420     0.024    -0.259    -0.076
    89.430     0.008    -0.252    -0.062
    89.440    -0.012    -0.229    -0.085
    89.450    -0.016    -0.254    -0.093
    89.460    -0.001    -0.284    -0.055
    89.470     0.005    -0.211    -0.015
    89.480     0.001    -0.094    -0.003
    89.490     0.004    -0.051    -0.011
    89.500     0.002    -0.107    -0.026
    89.510     0.029    -0.113    -0.038
    89.520     0.038    -0.025     0.002
    89.530     0.030     0.058     0.062
    89.540     0.036     0.104     0.074
    89.550     0.008     0.078     0.064
    89.560     0.001     0.061     0.052
    89.570     0.002     0.101     0.057
    89.580    -0.003     0.106     0.021
    89.590    -0.004     0.060    -0.045
    89.600    -0.035    -0.024    -0.063
    89.610    -0.045    -0.087    -0.069
    89.620    -0.049    -0.074    -0.005
    89.630    -0.063    -0.075     0.050
    89.640    -0.067    -0.118     0.043
    89.650    -0.069    -0.143     0.077
    89.660    -0.058    -0.151     0.084
    89.670    -0.065    -0.116     0.066
    89.680    -0.071    -0.066     0.040
    89.690    -0.058    -0.073     0.022
    89.700    -0.052    -0.079     0.059
    89.710    -0.017    -0.041     0.057
    89.720     0.026     0.047     0.037
    89.730     0.038     0.083     0.034
    89.740     0.055     0.005    -0.012
    89.750     0.078    -0.051    -0.017
    89.760     0.084    -0.062     0.029
    89.770     0.069    -0.057     0.043
    89.780     0.068    -0.030     0.019
    89.790     0.086    -0.026    -0.045
    89.800     0.083    -0.042    -0.064
    89.810     0.079    -0.019    -0.035
    89.820     0.085     0.027    -0.037
    89.830     0.079     0.064    -0.010
    89.840     0.058     0.078     0.031
    89.850     0.049     0.067     0.022
    89.860     0.045     0.121     0.012
    89.870     0.011     0.141    -0.012
    89.880     0.002     0.087    -0.055
    89.890     0.018     0.066    -0.059
    89.900     0.021     0.057    -0.014
    89.910     0.031     0.099     0.040
    89.920     0.025     0.124     0.050
    89.930     0.021     0.092     0.027
    89.940     0.039     0.072     0.012
    89.950     0.028     0.045    -0.009
    89.960     0.021     0.044    -0.037
    89.970     0.026     0.041    -0.029
    89.980     0.005    -0.007    -0.045
    89.990    -0.013    -0.040    -0.109
