#Earthquake Information
#Origin Time(GMT+08): 2026/09/14-06:44:41
#EpicenterLongitude(E): 121.55
#EpicenterLatitude(N): 22.63
#Depth(km): 10.1
#Magnitude(Ml): 4.9

#Station Information
#StationCode: YUS
#StationName: Yushan
#StationLongitude(E): 120.959
#StationLatitude(N): 23.487
#InstrumentKind: FBA
#StartTime(GMT+08): 2026/09/14-06:44:30.000
#RecordLength(sec): 90
#SampleRate(Hz): 100
#AmplitudeUnit:  gal. DCoffset(corr)
#AmplitudeMAX. U:    0.494~   -0.469
#AmplitudeMAX. N:    0.850~   -0.929
#AmplitudeMAX. E:    1.231~   -1.157
#DataSequence: Time U(+); N(+); E(+)
#Data: 4F10.3 
     0.000     0.002    -0.009    -0.046
     0.010    -0.020     0.011     0.014
     0.020     0.010     0.013     0.018
     0.030     0.011    -0.018    -0.012
     0.040    -0.006    -0.016     0.020
     0.050     0.004     0.019    -0.008
     0.060     0.005    -0.002    -0.021
     0.070     0.004     0.000     0.023
     0.080     0.000    -0.003     0.000
     0.090    -0.002    -0.007    -0.014
     0.100     0.007     0.008     0.009
     0.110     0.005    -0.005     0.012
     0.120     0.004    -0.002    -0.010
     0.130     0.006     0.004    -0.007
     0.140    -0.003     0.000     0.010
     0.150    -0.002    -0.001     0.003
     0.160     0.008     0.000    -0.001
     0.170     0.002    -0.002    -0.001
     0.180     0.004    -0.008     0.003
     0.190     0.002     0.003    -0.001
     0.200    -0.005     0.005     0.002
     0.210     0.005    -0.002     0.002
     0.220    -0.003     0.003    -0.006
     0.230    -0.003    -0.004     0.000
     0.240     0.004    -0.001     0.006
     0.250    -0.007     0.003     0.001
     0.260    -0.002    -0.005    -0.004
     0.270    -0.001     0.005     0.005
     0.280    -0.002     0.003    -0.001
     0.290     0.003     0.000    -0.001
     0.300    -0.002     0.004     0.001
     0.310    -0.001    -0.006     0.001
     0.320    -0.003    -0.008     0.009
     0.330    -0.002     0.005     0.000
     0.340    -0.002     0.005    -0.002
     0.350    -0.002    -0.005     0.002
     0.360     0.003     0.000     0.004
     0.370    -0.006     0.004    -0.007
     0.380     0.001    -0.002    -0.003
     0.390     0.006    -0.001     0.004
     0.400     0.002     0.001    -0.001
     0.410     0.006    -0.002     0.004
     0.420    -0.006    -0.004     0.001
     0.430     0.000    -0.001     0.000
     0.440     0.003     0.003     0.004
     0.450    -0.005    -0.001     0.001
     0.460     0.004    -0.002    -0.001
     0.470     0.001     0.001    -0.002
     0.480     0.002    -0.002     0.001
     0.490     0.004    -0.001     0.004
     0.500     0.000    -0.001     0.001
     0.510     0.002    -0.002    -0.002
     0.520    -0.002     0.002    -0.001
     0.530     0.003    -0.001    -0.004
     0.540     0.005    -0.003    -0.001
     0.550     0.001     0.002     0.002
     0.560     0.003    -0.002     0.004
     0.570     0.001    -0.002     0.006
     0.580     0.006    -0.001    -0.004
     0.590     0.001    -0.001     0.003
     0.600    -0.001     0.003     0.004
     0.610     0.001    -0.006    -0.006
     0.620     0.000    -0.010     0.002
     0.630     0.001     0.005     0.001
     0.640    -0.003     0.008     0.007
     0.650     0.006    -0.002     0.002
     0.660     0.006    -0.005    -0.004
     0.670    -0.004    -0.004     0.001
     0.680    -0.004     0.003    -0.002
     0.690    -0.001     0.006     0.004
     0.700     0.004    -0.002     0.006
     0.710    -0.003    -0.003     0.002
     0.720    -0.005    -0.001    -0.009
     0.730     0.000     0.007    -0.001
     0.740     0.006    -0.003     0.008
     0.750     0.001    -0.013    -0.004
     0.760    -0.007     0.002    -0.003
     0.770     0.002     0.004     0.000
     0.780     0.003    -0.002     0.006
     0.790     0.000    -0.003     0.001
     0.800     0.001    -0.003    -0.003
     0.810    -0.002    -0.001     0.000
     0.820    -0.001    -0.001     0.005
     0.830    -0.001    -0.002     0.008
     0.840    -0.003     0.001    -0.006
     0.850    -0.001    -0.001     0.000
     0.860    -0.002     0.000     0.006
     0.870     0.001    -0.002    -0.007
     0.880    -0.006     0.001     0.006
     0.890    -0.008    -0.008     0.001
     0.900    -0.004    -0.005    -0.005
     0.910     0.001     0.041     0.008
     0.920     0.019    -0.010    -0.012
     0.930     0.000    -0.021     0.004
     0.940    -0.013     0.022     0.002
     0.950     0.004    -0.049    -0.007
     0.960    -0.020    -0.017     0.025
     0.970    -0.015     0.044     0.013
     0.980     0.025    -0.003    -0.028
     0.990     0.010    -0.001    -0.018
     1.000    -0.004     0.009     0.024
     1.010     0.004    -0.015    -0.002
     1.020    -0.007    -0.006    -0.001
     1.030    -0.004     0.001     0.008
     1.040     0.009     0.001    -0.013
     1.050     0.004     0.004     0.012
     1.060    -0.002     0.004     0.001
     1.070    -0.001     0.010    -0.014
     1.080    -0.004    -0.002     0.001
     1.090     0.001    -0.015     0.004
     1.100     0.003    -0.009     0.002
     1.110     0.000     0.002    -0.001
     1.120     0.002    -0.003     0.003
     1.130    -0.003    -0.001     0.007
     1.140    -0.003     0.007     0.004
     1.150     0.003     0.004    -0.009
     1.160     0.002     0.002    -0.013
     1.170    -0.001    -0.006     0.004
     1.180     0.004    -0.003     0.010
     1.190     0.002    -0.004     0.001
     1.200    -0.007    -0.005     0.009
     1.210    -0.005    -0.002     0.001
     1.220    -0.001     0.004    -0.015
     1.230     0.001     0.002     0.000
     1.240    -0.004    -0.004     0.003
     1.250     0.001     0.004    -0.003
     1.260     0.004    -0.007     0.005
     1.270    -0.008     0.000     0.011
     1.280    -0.008    -0.004    -0.005
     1.290    -0.002    -0.006    -0.005
     1.300     0.002     0.014    -0.002
     1.310    -0.006    -0.001    -0.001
     1.320    -0.007    -0.007     0.009
     1.330     0.005     0.001    -0.007
     1.340    -0.004    -0.005    -0.003
     1.350    -0.010    -0.011     0.010
     1.360    -0.001     0.006    -0.009
     1.370     0.005     0.003    -0.004
     1.380    -0.001    -0.011     0.016
     1.390     0.000     0.001    -0.004
     1.400     0.001     0.001    -0.008
     1.410    -0.003     0.000     0.008
     1.420     0.002    -0.002    -0.004
     1.430     0.001    -0.006    -0.007
     1.440     0.003     0.002     0.006
     1.450     0.000    -0.001     0.002
     1.460    -0.001    -0.005    -0.005
     1.470     0.002     0.001     0.005
     1.480    -0.004    -0.002     0.001
     1.490    -0.002    -0.001     0.000
     1.500     0.004     0.002    -0.002
     1.510     0.002    -0.004    -0.004
     1.520     0.000     0.000     0.007
     1.530     0.002     0.002    -0.004
     1.540     0.000    -0.001     0.004
     1.550    -0.001    -0.006     0.007
     1.560     0.002    -0.004    -0.004
     1.570     0.005     0.006     0.000
     1.580     0.002    -0.004     0.001
     1.590    -0.003    -0.002     0.000
     1.600     0.001     0.009    -0.005
     1.610     0.003     0.000     0.002
     1.620     0.000    -0.005     0.006
     1.630     0.004    -0.003     0.003
     1.640     0.002    -0.001    -0.002
     1.650    -0.005    -0.001    -0.003
     1.660    -0.001     0.001     0.003
     1.670     0.001     0.001     0.001
     1.680     0.004    -0.005    -0.007
     1.690     0.000    -0.001    -0.004
     1.700    -0.003     0.000    -0.002
     1.710     0.000     0.001     0.003
     1.720    -0.005    -0.005     0.013
     1.730     0.009    -0.001    -0.005
     1.740     0.005     0.007     0.004
     1.750     0.002    -0.005    -0.005
     1.760     0.001     0.004    -0.003
     1.770    -0.002    -0.002     0.010
     1.780     0.005    -0.006    -0.012
     1.790    -0.011     0.003     0.011
     1.800     0.006    -0.001     0.001
     1.810     0.003    -0.002    -0.007
     1.820    -0.009    -0.005     0.004
     1.830     0.008     0.002    -0.006
     1.840    -0.006     0.001     0.001
     1.850     0.001    -0.004    -0.003
     1.860     0.002     0.000     0.005
     1.870    -0.002    -0.002    -0.001
     1.880     0.004    -0.001     0.002
     1.890    -0.004    -0.002     0.008
     1.900     0.001    -0.003    -0.008
     1.910    -0.004     0.000     0.001
     1.920    -0.004     0.001     0.002
     1.930     0.005     0.001    -0.002
     1.940     0.002    -0.003     0.004
     1.950    -0.001    -0.002     0.000
     1.960    -0.003     0.001    -0.004
     1.970     0.000     0.001    -0.003
     1.980     0.001     0.001     0.000
     1.990     0.002     0.002     0.004
     2.000     0.003     0.000     0.003
     2.010     0.004    -0.001    -0.004
     2.020     0.001     0.002    -0.001
     2.030     0.004    -0.003     0.000
     2.040     0.006    -0.002     0.001
     2.050     0.004     0.002     0.002
     2.060     0.003    -0.002    -0.003
     2.070     0.000    -0.001     0.004
     2.080     0.003    -0.006     0.000
     2.090     0.005     0.000     0.000
     2.100     0.008     0.006     0.000
     2.110     0.004    -0.001    -0.009
     2.120    -0.001    -0.003     0.004
     2.130     0.007     0.001     0.006
     2.140     0.000     0.002    -0.008
     2.150     0.001     0.004     0.001
     2.160     0.011     0.001     0.006
     2.170     0.002    -0.010    -0.001
     2.180    -0.004    -0.004     0.005
     2.190     0.004    -0.002     0.002
     2.200     0.002     0.001    -0.008
     2.210    -0.001     0.005     0.005
     2.220     0.009    -0.005     0.005
     2.230     0.003     0.004    -0.006
     2.240     0.000     0.005     0.001
     2.250     0.001    -0.008     0.004
     2.260    -0.003    -0.005     0.001
     2.270     0.001    -0.004     0.000
     2.280    -0.003     0.001    -0.001
     2.290     0.000     0.004     0.005
     2.300     0.004    -0.004    -0.001
     2.310    -0.002     0.000    -0.003
     2.320     0.002     0.004     0.004
     2.330     0.004    -0.006    -0.005
     2.340    -0.003    -0.003     0.002
     2.350    -0.001     0.002     0.005
     2.360     0.002    -0.004    -0.006
     2.370     0.001    -0.001     0.000
     2.380     0.005     0.001     0.002
     2.390     0.002     0.004    -0.002
     2.400    -0.003    -0.003     0.004
     2.410     0.001    -0.001     0.004
     2.420     0.000     0.000    -0.008
     2.430    -0.002    -0.010     0.003
     2.440    -0.006     0.001     0.005
     2.450    -0.005     0.003    -0.004
     2.460     0.004     0.000     0.002
     2.470     0.001    -0.003    -0.001
     2.480     0.001    -0.004    -0.001
     2.490     0.002     0.000    -0.003
     2.500    -0.003     0.004     0.004
     2.510     0.006     0.003     0.012
     2.520     0.005    -0.011     0.000
     2.530    -0.002    -0.010    -0.003
     2.540     0.007     0.011     0.003
     2.550     0.003     0.012    -0.002
     2.560     0.002    -0.008    -0.001
     2.570     0.007    -0.007     0.001
     2.580    -0.002    -0.001    -0.002
     2.590     0.000    -0.004     0.006
     2.600    -0.005     0.004     0.002
     2.610     0.001     0.004     0.003
     2.620     0.009    -0.006     0.005
     2.630    -0.004     0.000     0.000
     2.640     0.000     0.001    -0.005
     2.650     0.002     0.000    -0.002
     2.660    -0.002     0.003     0.008
     2.670     0.002    -0.007     0.000
     2.680     0.000     0.000    -0.002
     2.690     0.001     0.000    -0.005
     2.700    -0.001    -0.003     0.002
     2.710     0.001    -0.001     0.005
     2.720     0.001    -0.004    -0.004
     2.730     0.003     0.009     0.003
     2.740     0.006    -0.005    -0.001
     2.750     0.009     0.005     0.010
     2.760     0.012    -0.007    -0.008
     2.770     0.000    -0.002    -0.003
     2.780     0.007     0.002     0.003
     2.790     0.007    -0.012    -0.006
     2.800     0.008     0.015     0.013
     2.810     0.010    -0.017    -0.018
     2.820    -0.005     0.018     0.017
     2.830     0.010    -0.022    -0.013
     2.840    -0.003     0.010     0.010
     2.850     0.001     0.025     0.005
     2.860     0.001    -0.070    -0.032
     2.870    -0.003     0.034     0.060
     2.880     0.022     0.009    -0.048
     2.890     0.000     0.011     0.002
     2.900     0.001    -0.001     0.033
     2.910    -0.001    -0.035    -0.025
     2.920     0.012     0.018     0.000
     2.930     0.008     0.003    -0.020
     2.940    -0.002     0.003     0.050
     2.950     0.010    -0.011    -0.025
     2.960    -0.003    -0.001    -0.014
     2.970     0.016     0.019     0.021
     2.980    -0.001    -0.001    -0.029
     2.990     0.011    -0.037     0.036
     3.000     0.018     0.028    -0.018
     3.010    -0.010     0.001    -0.019
     3.020     0.010    -0.017     0.039
     3.030     0.003     0.038    -0.019
     3.040     0.017    -0.010    -0.008
     3.050     0.002    -0.019     0.007
     3.060    -0.023    -0.018     0.012
     3.070     0.018     0.028    -0.015
     3.080     0.006     0.011    -0.019
     3.090    -0.003    -0.029     0.051
     3.100     0.008    -0.002    -0.008
     3.110    -0.001     0.009    -0.044
     3.120    -0.002     0.015     0.004
     3.130    -0.002    -0.011     0.023
     3.140     0.000    -0.015    -0.001
     3.150    -0.002     0.000     0.001
     3.160     0.016     0.003    -0.001
     3.170     0.002    -0.002    -0.013
     3.180    -0.006    -0.001     0.012
     3.190     0.007     0.005    -0.006
     3.200     0.004    -0.002     0.004
     3.210     0.008    -0.014    -0.003
     3.220    -0.015     0.013    -0.002
     3.230     0.008     0.010     0.006
     3.240     0.014    -0.015    -0.008
     3.250    -0.015     0.006     0.016
     3.260     0.007    -0.010    -0.023
     3.270    -0.003     0.010     0.008
     3.280     0.005    -0.001     0.012
     3.290     0.007    -0.013    -0.015
     3.300    -0.006     0.021     0.015
     3.310     0.007    -0.021    -0.015
     3.320    -0.007     0.002     0.026
     3.330     0.006     0.008    -0.017
     3.340     0.007    -0.010    -0.021
     3.350    -0.002     0.003     0.036
     3.360     0.010    -0.002    -0.012
     3.370     0.008    -0.003    -0.008
     3.380     0.002     0.002     0.002
     3.390     0.010     0.000     0.009
     3.400     0.008    -0.012    -0.006
     3.410    -0.004     0.003    -0.001
     3.420     0.011     0.002     0.007
     3.430     0.002     0.009    -0.015
     3.440     0.005    -0.015     0.016
     3.450     0.011    -0.001     0.001
     3.460    -0.002     0.011    -0.022
     3.470     0.014    -0.009     0.019
     3.480     0.001     0.004    -0.005
     3.490     0.000    -0.010    -0.001
     3.500     0.016     0.002     0.009
     3.510    -0.006     0.002    -0.009
     3.520     0.012    -0.008     0.009
     3.530     0.008     0.003    -0.006
     3.540    -0.003    -0.001    -0.003
     3.550     0.013    -0.004    -0.002
     3.560    -0.008    -0.007    -0.001
     3.570    -0.002    -0.027    -0.002
     3.580    -0.028     0.033     0.039
     3.590     0.045     0.049    -0.011
     3.600     0.057    -0.044    -0.025
     3.610    -0.038    -0.022     0.010
     3.620    -0.007     0.009    -0.042
     3.630    -0.025     0.008     0.041
     3.640     0.041     0.004    -0.010
     3.650     0.011    -0.016     0.018
     3.660    -0.037    -0.011     0.051
     3.670     0.032     0.010    -0.065
     3.680    -0.022     0.030    -0.023
     3.690     0.019    -0.024    -0.015
     3.700     0.008    -0.005     0.050
     3.710    -0.002     0.007     0.015
     3.720     0.030    -0.030    -0.034
     3.730    -0.023     0.011     0.009
     3.740     0.005     0.024    -0.007
     3.750     0.008    -0.001     0.024
     3.760     0.007    -0.024    -0.004
     3.770     0.005    -0.005    -0.019
     3.780    -0.008     0.013    -0.003
     3.790     0.009     0.002     0.017
     3.800     0.008    -0.014     0.022
     3.810     0.007    -0.008    -0.019
     3.820    -0.009     0.010    -0.011
     3.830    -0.004     0.000     0.012
     3.840     0.009    -0.001     0.003
     3.850     0.005     0.000    -0.001
     3.860     0.006    -0.007    -0.005
     3.870     0.000    -0.005    -0.002
     3.880     0.003     0.007     0.013
     3.890     0.005    -0.003    -0.002
     3.900     0.001    -0.006    -0.008
     3.910     0.006     0.002    -0.002
     3.920     0.002     0.005     0.011
     3.930    -0.003     0.000     0.005
     3.940    -0.001    -0.004    -0.017
     3.950    -0.001     0.005     0.004
     3.960     0.006    -0.009     0.006
     3.970     0.004    -0.001     0.003
     3.980    -0.005     0.009     0.005
     3.990    -0.001    -0.002    -0.006
     4.000     0.006     0.001     0.000
     4.010     0.006    -0.006     0.007
     4.020     0.000    -0.002    -0.001
     4.030     0.000     0.003    -0.006
     4.040    -0.001    -0.002     0.010
     4.050     0.004     0.001    -0.003
     4.060     0.006    -0.004    -0.006
     4.070    -0.003    -0.006     0.009
     4.080     0.005     0.005     0.004
     4.090     0.007     0.006    -0.006
     4.100    -0.005     0.001     0.002
     4.110     0.001    -0.002     0.008
     4.120     0.005    -0.008    -0.003
     4.130    -0.003     0.005     0.002
     4.140    -0.003     0.007    -0.002
     4.150     0.005    -0.005    -0.001
     4.160     0.009    -0.005     0.004
     4.170    -0.002    -0.002     0.005
     4.180    -0.001     0.003     0.005
     4.190     0.006     0.002    -0.008
     4.200     0.006    -0.005    -0.005
     4.210     0.007    -0.002     0.004
     4.220    -0.001    -0.001     0.002
     4.230     0.002     0.001    -0.003
     4.240     0.000     0.003     0.004
     4.250    -0.002    -0.007     0.000
     4.260     0.003     0.003     0.000
     4.270     0.004    -0.003     0.001
     4.280     0.002    -0.002     0.000
     4.290    -0.005     0.008     0.007
     4.300     0.002     0.001     0.001
     4.310     0.002     0.008    -0.002
     4.320     0.006    -0.012    -0.001
     4.330    -0.002    -0.001     0.005
     4.340    -0.009     0.012    -0.001
     4.350     0.010    -0.011    -0.006
     4.360     0.000    -0.002     0.011
     4.370    -0.001     0.000    -0.004
     4.380     0.004    -0.001     0.000
     4.390    -0.002     0.006     0.002
     4.400     0.008    -0.002    -0.005
     4.410    -0.003    -0.001     0.017
     4.420     0.000     0.002     0.000
     4.430     0.007    -0.001    -0.002
     4.440    -0.001    -0.005     0.003
     4.450     0.004     0.004    -0.003
     4.460     0.001     0.005     0.005
     4.470     0.000    -0.007    -0.003
     4.480     0.000     0.000     0.001
     4.490    -0.004    -0.002    -0.001
     4.500     0.000     0.000     0.002
     4.510     0.000     0.002     0.001
     4.520     0.001    -0.003    -0.004
     4.530     0.003    -0.001     0.005
     4.540     0.004    -0.001     0.003
     4.550     0.001     0.003     0.002
     4.560     0.001    -0.003     0.001
     4.570     0.003    -0.003    -0.003
     4.580    -0.001     0.000     0.000
     4.590    -0.002    -0.004     0.008
     4.600    -0.001     0.003     0.002
     4.610     0.001     0.000    -0.002
     4.620     0.002    -0.003     0.000
     4.630     0.000     0.001    -0.002
     4.640     0.001    -0.003     0.000
     4.650    -0.002     0.000     0.002
     4.660     0.000     0.002    -0.001
     4.670     0.002    -0.003    -0.001
     4.680     0.002    -0.002     0.005
     4.690     0.002     0.000     0.002
     4.700    -0.001     0.001     0.001
     4.710    -0.002     0.000     0.000
     4.720    -0.004    -0.001    -0.002
     4.730    -0.001    -0.001     0.000
     4.740    -0.001    -0.002     0.001
     4.750    -0.004    -0.001     0.006
     4.760     0.000     0.002    -0.001
     4.770    -0.003    -0.001     0.000
     4.780    -0.003    -0.001     0.002
     4.790    -0.003    -0.001    -0.001
     4.800    -0.004     0.000     0.000
     4.810     0.000     0.003    -0.003
     4.820    -0.005    -0.003     0.002
     4.830    -0.003    -0.002     0.004
     4.840    -0.001     0.002     0.002
     4.850    -0.001    -0.003     0.003
     4.860     0.003    -0.002    -0.003
     4.870    -0.002     0.003     0.000
     4.880    -0.003    -0.001    -0.001
     4.890    -0.001     0.000     0.001
     4.900     0.002     0.000     0.005
     4.910     0.000     0.000    -0.002
     4.920    -0.001     0.002     0.000
     4.930     0.000    -0.006     0.002
     4.940    -0.002    -0.002     0.004
     4.950     0.002     0.002    -0.002
     4.960    -0.005     0.000     0.002
     4.970     0.002    -0.002     0.004
     4.980     0.004    -0.002    -0.002
     4.990    -0.007     0.002     0.006
     5.000     0.002    -0.001    -0.002
     5.010    -0.002     0.005    -0.003
     5.020    -0.005    -0.001     0.004
     5.030    -0.004    -0.001     0.006
     5.040    -0.002    -0.002    -0.004
     5.050    -0.003    -0.001     0.002
     5.060    -0.007     0.001     0.010
     5.070     0.000    -0.002    -0.005
     5.080    -0.008     0.002     0.007
     5.090     0.000    -0.009    -0.002
     5.100    -0.001     0.012     0.003
     5.110     0.002    -0.005     0.000
     5.120    -0.003    -0.011     0.000
     5.130    -0.013     0.008     0.014
     5.140     0.017     0.005    -0.004
     5.150     0.001     0.019    -0.003
     5.160     0.006    -0.025    -0.001
     5.170     0.003    -0.006     0.009
     5.180    -0.015     0.014    -0.015
     5.190     0.013    -0.009     0.004
     5.200    -0.003     0.006     0.025
     5.210    -0.001    -0.005    -0.009
     5.220    -0.003     0.007     0.008
     5.230    -0.007     0.004    -0.016
     5.240     0.008    -0.004    -0.014
     5.250    -0.010     0.010     0.020
     5.260     0.002    -0.009     0.004
     5.270     0.002    -0.009     0.004
     5.280    -0.007     0.006     0.000
     5.290     0.002     0.003    -0.001
     5.300    -0.003     0.002     0.008
     5.310     0.001    -0.003     0.001
     5.320    -0.002     0.000    -0.001
     5.330     0.000     0.003    -0.001
     5.340     0.004    -0.003     0.003
     5.350    -0.002    -0.001     0.008
     5.360     0.000    -0.001    -0.002
     5.370    -0.003    -0.001     0.002
     5.380     0.000     0.000     0.000
     5.390     0.000     0.003     0.000
     5.400     0.000     0.001     0.003
     5.410     0.003    -0.005    -0.005
     5.420    -0.002    -0.001     0.007
     5.430     0.002     0.001     0.002
     5.440     0.000    -0.002    -0.004
     5.450    -0.002    -0.002     0.001
     5.460     0.000     0.000     0.002
     5.470    -0.007    -0.004     0.002
     5.480    -0.007    -0.002     0.002
     5.490    -0.006     0.008     0.004
     5.500    -0.004     0.004    -0.006
     5.510     0.002    -0.008    -0.004
     5.520    -0.003    -0.006     0.009
     5.530    -0.007     0.005     0.001
     5.540    -0.003    -0.001    -0.012
     5.550    -0.007     0.000     0.005
     5.560    -0.005     0.001     0.007
     5.570    -0.005    -0.008     0.001
     5.580    -0.003    -0.008     0.008
     5.590     0.002     0.002    -0.006
     5.600    -0.002     0.010    -0.003
     5.610    -0.003    -0.011     0.009
     5.620     0.001    -0.004     0.002
     5.630    -0.004     0.001    -0.003
     5.640    -0.007    -0.003    -0.003
     5.650    -0.002     0.006    -0.011
     5.660     0.001    -0.011     0.003
     5.670     0.003     0.003     0.017
     5.680     0.000     0.005    -0.008
     5.690     0.000    -0.008    -0.002
     5.700     0.005    -0.002     0.010
     5.710     0.002     0.001     0.000
     5.720     0.000     0.004     0.001
     5.730    -0.003    -0.009     0.001
     5.740    -0.005    -0.001    -0.004
     5.750    -0.001     0.003     0.001
     5.760    -0.001    -0.001     0.003
     5.770    -0.001    -0.005     0.004
     5.780    -0.001    -0.004     0.003
     5.790    -0.005     0.007    -0.003
     5.800    -0.006    -0.006    -0.006
     5.810    -0.002    -0.005     0.002
     5.820     0.001     0.006     0.006
     5.830    -0.004    -0.007    -0.003
     5.840    -0.002    -0.001     0.007
     5.850     0.005     0.009    -0.003
     5.860    -0.006    -0.005    -0.003
     5.870    -0.007    -0.010     0.012
     5.880    -0.001     0.004    -0.004
     5.890     0.001     0.004     0.000
     5.900    -0.002    -0.009     0.001
     5.910    -0.008     0.008     0.003
     5.920     0.001     0.001    -0.001
     5.930    -0.004    -0.005     0.006
     5.940    -0.007     0.000     0.012
     5.950    -0.002    -0.010    -0.015
     5.960    -0.005     0.006     0.001
     5.970     0.011     0.013     0.011
     5.980     0.001    -0.005    -0.005
     5.990    -0.013    -0.021    -0.004
     6.000    -0.006    -0.003     0.016
     6.010    -0.002     0.024     0.001
     6.020     0.007     0.001    -0.018
     6.030    -0.007    -0.018     0.028
     6.040    -0.011     0.005     0.001
     6.050     0.002     0.009    -0.030
     6.060    -0.003    -0.007     0.010
     6.070    -0.003    -0.003     0.006
     6.080    -0.002     0.001     0.009
     6.090    -0.002    -0.006     0.002
     6.100    -0.005     0.000    -0.014
     6.110    -0.002     0.006     0.000
     6.120     0.000     0.000     0.007
     6.130    -0.009     0.000     0.007
     6.140     0.001    -0.006    -0.005
     6.150     0.005    -0.002     0.000
     6.160    -0.007     0.005     0.003
     6.170    -0.008    -0.002     0.004
     6.180    -0.001     0.002     0.002
     6.190     0.007     0.000    -0.009
     6.200    -0.002    -0.003     0.005
     6.210    -0.005     0.002     0.008
     6.220     0.006    -0.002    -0.008
     6.230     0.001    -0.001    -0.003
     6.240     0.000    -0.006     0.010
     6.250     0.003    -0.001     0.003
     6.260    -0.001     0.001    -0.003
     6.270     0.001    -0.002     0.002
     6.280     0.006     0.004    -0.003
     6.290    -0.001     0.000     0.001
     6.300    -0.006     0.001     0.007
     6.310     0.001     0.002    -0.006
     6.320     0.001     0.002    -0.003
     6.330    -0.003    -0.001     0.006
     6.340    -0.004    -0.008    -0.003
     6.350    -0.001     0.001     0.004
     6.360    -0.006     0.005     0.002
     6.370    -0.005    -0.001    -0.009
     6.380     0.003    -0.008     0.008
     6.390    -0.007     0.000     0.006
     6.400    -0.004     0.002    -0.007
     6.410     0.001    -0.003     0.001
     6.420    -0.003     0.002    -0.002
     6.430     0.001    -0.001    -0.004
     6.440    -0.007    -0.002     0.006
     6.450    -0.003    -0.001    -0.005
     6.460     0.000     0.002    -0.002
     6.470    -0.001    -0.002     0.006
     6.480     0.002    -0.002    -0.001
     6.490    -0.004    -0.001     0.004
     6.500    -0.001    -0.002     0.002
     6.510    -0.003    -0.005    -0.004
     6.520    -0.002    -0.001    -0.001
     6.530    -0.002     0.003     0.004
     6.540    -0.002    -0.003    -0.001
     6.550     0.003     0.001    -0.003
     6.560    -0.001    -0.004     0.004
     6.570     0.002     0.004     0.000
     6.580     0.004    -0.001    -0.004
     6.590     0.001    -0.004     0.003
     6.600     0.004     0.002     0.001
     6.610     0.005    -0.006    -0.003
     6.620     0.002     0.004     0.007
     6.630    -0.003    -0.003     0.001
     6.640     0.000    -0.002    -0.003
     6.650    -0.001     0.002     0.004
     6.660    -0.004     0.000     0.000
     6.670    -0.003     0.003     0.000
     6.680    -0.005    -0.001     0.001
     6.690    -0.002    -0.001    -0.007
     6.700    -0.004     0.000     0.001
     6.710    -0.004     0.001     0.001
     6.720    -0.003     0.000     0.001
     6.730    -0.006    -0.002     0.002
     6.740     0.002    -0.006    -0.001
     6.750     0.000    -0.004     0.006
     6.760    -0.002    -0.001    -0.004
     6.770    -0.002     0.003     0.001
     6.780    -0.002     0.003     0.001
     6.790     0.006    -0.005    -0.005
     6.800     0.001    -0.001     0.007
     6.810     0.000     0.001     0.000
     6.820     0.003    -0.002     0.001
     6.830     0.002     0.000     0.003
     6.840     0.006     0.001     0.001
     6.850     0.003    -0.001    -0.003
     6.860     0.003    -0.004    -0.007
     6.870     0.001    -0.001     0.002
     6.880    -0.003    -0.003     0.006
     6.890     0.003    -0.004     0.001
     6.900     0.001    -0.001     0.000
     6.910     0.004    -0.004     0.003
     6.920     0.004     0.000    -0.002
     6.930     0.001     0.006    -0.005
     6.940     0.002    -0.001     0.000
     6.950     0.003    -0.001     0.000
     6.960     0.005     0.001    -0.001
     6.970     0.000    -0.002     0.004
     6.980     0.003    -0.001    -0.001
     6.990     0.006    -0.004     0.005
     7.000     0.006    -0.001     0.009
     7.010     0.007    -0.002    -0.001
     7.020     0.000     0.000     0.000
     7.030     0.003    -0.002    -0.003
     7.040     0.005    -0.001     0.002
     7.050     0.004     0.001     0.003
     7.060     0.004     0.000     0.000
     7.070     0.003     0.009    -0.001
     7.080     0.008    -0.013    -0.003
     7.090     0.006     0.011     0.004
     7.100     0.004     0.000    -0.004
     7.110     0.005    -0.032     0.004
     7.120     0.004     0.028     0.005
     7.130     0.003     0.000    -0.008
     7.140     0.000    -0.020     0.014
     7.150     0.007     0.019     0.002
     7.160     0.009    -0.008    -0.016
     7.170     0.000    -0.019     0.022
     7.180    -0.003     0.012    -0.004
     7.190     0.007     0.005    -0.020
     7.200     0.005    -0.018     0.022
     7.210    -0.006     0.011    -0.009
     7.220     0.006     0.007    -0.009
     7.230     0.004    -0.010     0.020
     7.240    -0.005     0.004    -0.001
     7.250     0.003    -0.001    -0.004
     7.260     0.004    -0.002     0.002
     7.270     0.003    -0.003     0.005
     7.280     0.000    -0.001     0.002
     7.290     0.002     0.000    -0.005
     7.300     0.003    -0.001     0.001
     7.310     0.002    -0.004     0.000
     7.320     0.007     0.001    -0.001
     7.330     0.003    -0.001     0.001
     7.340     0.001    -0.001    -0.001
     7.350     0.002     0.000     0.002
     7.360     0.005    -0.004    -0.003
     7.370     0.001     0.002     0.003
     7.380    -0.001    -0.009     0.001
     7.390     0.006     0.009     0.001
     7.400     0.003    -0.006     0.001
     7.410    -0.002    -0.005    -0.002
     7.420    -0.004     0.002     0.007
     7.430     0.005    -0.006    -0.002
     7.440     0.001     0.023     0.003
     7.450     0.000    -0.012    -0.013
     7.460     0.002    -0.001     0.006
     7.470    -0.009    -0.008     0.000
     7.480    -0.003    -0.004    -0.014
     7.490     0.004     0.013     0.018
     7.500    -0.003    -0.013    -0.004
     7.510    -0.003     0.005     0.007
     7.520    -0.007    -0.005     0.001
     7.530    -0.002     0.005    -0.008
     7.540    -0.002    -0.004     0.005
     7.550    -0.010     0.001    -0.003
     7.560     0.004    -0.003    -0.001
     7.570    -0.003    -0.010    -0.001
     7.580    -0.006     0.009     0.005
     7.590    -0.002    -0.005     0.004
     7.600    -0.003     0.002    -0.004
     7.610    -0.001    -0.007    -0.003
     7.620    -0.007     0.003     0.001
     7.630     0.001     0.002    -0.007
     7.640    -0.005    -0.005     0.009
     7.650    -0.002     0.002     0.001
     7.660     0.000    -0.005    -0.007
     7.670    -0.005     0.001     0.008
     7.680     0.000    -0.002    -0.002
     7.690    -0.002     0.001     0.001
     7.700     0.000     0.001    -0.001
     7.710    -0.003    -0.003     0.001
     7.720     0.001    -0.002     0.003
     7.730     0.001    -0.002    -0.002
     7.740    -0.001     0.002    -0.004
     7.750    -0.002     0.003    -0.004
     7.760    -0.003    -0.003     0.004
     7.770     0.002    -0.004     0.001
     7.780     0.001     0.007     0.004
     7.790    -0.001     0.000    -0.004
     7.800     0.004    -0.007    -0.003
     7.810     0.000    -0.002     0.010
     7.820    -0.004     0.001    -0.004
     7.830     0.001     0.001    -0.003
     7.840    -0.003    -0.003     0.011
     7.850     0.008     0.001    -0.005
     7.860     0.003    -0.003    -0.003
     7.870    -0.003    -0.004     0.004
     7.880     0.006     0.000    -0.007
     7.890    -0.006    -0.002     0.003
     7.900     0.009    -0.002    -0.004
     7.910     0.001    -0.007     0.001
     7.920    -0.001    -0.003     0.004
     7.930     0.007    -0.002    -0.004
     7.940    -0.006     0.002     0.001
     7.950     0.008     0.000    -0.006
     7.960     0.001     0.003     0.007
     7.970     0.001     0.001    -0.002
     7.980     0.005    -0.004    -0.005
     7.990    -0.005     0.001     0.004
     8.000     0.004    -0.010    -0.007
     8.010    -0.004     0.006     0.009
     8.020    -0.006    -0.008     0.000
     8.030     0.000    -0.002    -0.005
     8.040    -0.005     0.004     0.005
     8.050     0.000    -0.015     0.000
     8.060    -0.002     0.012     0.002
     8.070    -0.002    -0.009    -0.002
     8.080     0.001     0.003     0.008
     8.090    -0.002     0.006    -0.002
     8.100     0.001    -0.015    -0.006
     8.110     0.000     0.007     0.009
     8.120    -0.002     0.003    -0.005
     8.130     0.006    -0.001    -0.001
     8.140     0.002    -0.002     0.006
     8.150    -0.002    -0.001     0.001
     8.160     0.003    -0.001     0.001
     8.170    -0.003     0.002     0.000
     8.180     0.004     0.002     0.002
     8.190     0.005    -0.006     0.005
     8.200    -0.005     0.000     0.002
     8.210     0.000    -0.001    -0.003
     8.220     0.000    -0.004     0.001
     8.230    -0.001     0.004    -0.001
     8.240     0.001     0.001     0.001
     8.250     0.001    -0.003     0.002
     8.260     0.000     0.001     0.001
     8.270    -0.006    -0.002     0.004
     8.280     0.001    -0.001    -0.004
     8.290     0.001    -0.002     0.004
     8.300    -0.005     0.000     0.004
     8.310     0.001     0.003    -0.003
     8.320    -0.003    -0.002     0.005
     8.330     0.001     0.000     0.000
     8.340     0.004    -0.002     0.000
     8.350     0.003    -0.004     0.000
     8.360     0.000     0.002    -0.002
     8.370    -0.004     0.001     0.003
     8.380     0.008    -0.006     0.000
     8.390     0.004    -0.001     0.003
     8.400     0.000     0.004    -0.005
     8.410     0.006    -0.001     0.006
     8.420     0.004    -0.001     0.001
     8.430     0.003     0.001    -0.007
     8.440     0.000    -0.003     0.015
     8.450     0.007    -0.002    -0.003
     8.460     0.006     0.003     0.001
     8.470     0.003    -0.003     0.005
     8.480     0.004    -0.002    -0.004
     8.490     0.004    -0.001     0.002
     8.500     0.004    -0.003    -0.003
     8.510     0.001     0.001     0.003
     8.520     0.006    -0.002    -0.005
     8.530     0.002    -0.003     0.004
     8.540     0.006    -0.003     0.002
     8.550     0.004     0.001    -0.005
     8.560     0.001    -0.001     0.007
     8.570     0.003    -0.002    -0.003
     8.580     0.000    -0.001     0.001
     8.590     0.007    -0.004     0.001
     8.600    -0.002     0.002     0.005
     8.610     0.002     0.000     0.001
     8.620     0.001    -0.004    -0.007
     8.630    -0.001    -0.001     0.007
     8.640     0.010    -0.002    -0.006
     8.650    -0.001     0.002     0.001
     8.660     0.003     0.001     0.005
     8.670     0.004    -0.007    -0.008
     8.680    -0.003     0.001     0.004
     8.690     0.005     0.002     0.001
     8.700     0.002    -0.004    -0.003
     8.710     0.001     0.003     0.006
     8.720    -0.001    -0.005     0.001
     8.730    -0.001    -0.003    -0.004
     8.740     0.000     0.004     0.004
     8.750    -0.001    -0.002     0.003
     8.760     0.002     0.002    -0.002
     8.770     0.001    -0.004     0.000
     8.780     0.001    -0.001     0.003
     8.790     0.004     0.004    -0.001
     8.800    -0.003    -0.008    -0.001
     8.810     0.003     0.006     0.009
     8.820     0.007    -0.002    -0.008
     8.830    -0.005    -0.005     0.000
     8.840     0.003     0.006     0.011
     8.850     0.004    -0.009    -0.008
     8.860    -0.001     0.002     0.005
     8.870     0.001     0.002     0.000
     8.880    -0.001    -0.010    -0.003
     8.890     0.004     0.003     0.005
     8.900     0.000    -0.002    -0.008
     8.910    -0.001    -0.004     0.005
     8.920     0.004    -0.003     0.003
     8.930     0.000    -0.005    -0.002
     8.940    -0.001     0.000     0.005
     8.950     0.003     0.002    -0.003
     8.960     0.005     0.006    -0.006
     8.970     0.000    -0.012     0.001
     8.980     0.002    -0.007     0.011
     8.990     0.005     0.013    -0.003
     9.000     0.004    -0.008    -0.003
     9.010     0.007     0.011     0.009
     9.020     0.013     0.016    -0.009
     9.030     0.008    -0.010    -0.002
     9.040     0.001     0.003     0.006
     9.050     0.001    -0.013    -0.008
     9.060    -0.003    -0.008     0.011
     9.070    -0.001     0.018     0.013
     9.080     0.011    -0.008    -0.011
     9.090     0.001     0.001    -0.005
     9.100     0.000     0.010     0.007
     9.110     0.008    -0.012    -0.001
     9.120    -0.006     0.001     0.001
     9.130     0.006    -0.002    -0.005
     9.140     0.003    -0.008    -0.002
     9.150    -0.008     0.005     0.012
     9.160     0.004    -0.001     0.002
     9.170     0.000     0.001    -0.004
     9.180    -0.001    -0.001     0.006
     9.190     0.000    -0.003     0.005
     9.200     0.002    -0.001    -0.008
     9.210    -0.003     0.001    -0.001
     9.220    -0.003    -0.001     0.004
     9.230     0.001    -0.001    -0.001
     9.240    -0.004     0.002     0.003
     9.250    -0.002    -0.002     0.001
     9.260     0.002    -0.002    -0.005
     9.270    -0.002    -0.001     0.005
     9.280     0.001    -0.004     0.008
     9.290    -0.001    -0.001    -0.001
     9.300    -0.002     0.001     0.000
     9.310     0.003    -0.005    -0.001
     9.320    -0.007    -0.005    -0.003
     9.330     0.001    -0.001    -0.006
     9.340    -0.007    -0.003     0.002
     9.350    -0.008     0.008     0.002
     9.360     0.023     0.008     0.006
     9.370     0.005    -0.004    -0.002
     9.380    -0.006    -0.006    -0.010
     9.390    -0.008    -0.011     0.021
     9.400    -0.005     0.001    -0.012
     9.410    -0.006     0.001    -0.011
     9.420    -0.014     0.006     0.022
     9.430     0.011    -0.002     0.002
     9.440    -0.016    -0.015     0.002
     9.450    -0.021     0.017    -0.006
     9.460     0.008    -0.010    -0.015
     9.470    -0.007    -0.002     0.000
     9.480    -0.004     0.003     0.018
     9.490    -0.003    -0.001     0.003
     9.500    -0.002     0.015    -0.020
     9.510    -0.006    -0.027     0.014
     9.520    -0.011    -0.001     0.020
     9.530    -0.003     0.014    -0.018
     9.540    -0.007    -0.004     0.003
     9.550    -0.005    -0.014     0.000
     9.560    -0.006     0.002    -0.014
     9.570    -0.004     0.007     0.017
     9.580     0.002    -0.012    -0.001
     9.590    -0.003     0.012    -0.011
     9.600    -0.001    -0.008     0.016
     9.610    -0.005    -0.010     0.005
     9.620    -0.013     0.010    -0.012
     9.630     0.003    -0.007    -0.001
     9.640    -0.001     0.008     0.012
     9.650    -0.002    -0.001    -0.008
     9.660     0.000    -0.006    -0.005
     9.670    -0.009     0.006     0.011
     9.680     0.002    -0.020    -0.010
     9.690    -0.011     0.006     0.009
     9.700    -0.005     0.006     0.006
     9.710     0.002    -0.011    -0.012
     9.720    -0.009     0.008    -0.001
     9.730     0.002    -0.004     0.005
     9.740    -0.001    -0.001     0.005
     9.750    -0.003     0.005    -0.003
     9.760     0.001    -0.007     0.001
     9.770     0.000    -0.007    -0.004
     9.780     0.000     0.001     0.007
     9.790     0.002    -0.002     0.003
     9.800     0.002    -0.001    -0.009
     9.810    -0.005    -0.002     0.011
     9.820    -0.001     0.000    -0.002
     9.830     0.002    -0.001    -0.003
     9.840    -0.006    -0.004     0.001
     9.850     0.003     0.000    -0.001
     9.860     0.002    -0.004     0.010
     9.870    -0.004    -0.001    -0.002
     9.880    -0.004    -0.001    -0.002
     9.890     0.000     0.005     0.000
     9.900     0.002    -0.009     0.001
     9.910    -0.002    -0.005     0.007
     9.920     0.005     0.007    -0.006
     9.930    -0.005    -0.005     0.006
     9.940     0.002     0.003     0.002
     9.950     0.005    -0.009    -0.001
     9.960     0.005     0.000     0.006
     9.970     0.005    -0.002    -0.007
     9.980    -0.002    -0.009     0.009
     9.990     0.008     0.019    -0.003
    10.000    -0.008    -0.009    -0.002
    10.010     0.013    -0.003    -0.002
    10.020    -0.003     0.009    -0.009
    10.030     0.000    -0.022     0.012
    10.040     0.016     0.017    -0.009
    10.050    -0.013     0.011     0.000
    10.060     0.018    -0.026     0.012
    10.070    -0.007     0.001     0.000
    10.080     0.001    -0.004    -0.005
    10.090     0.004     0.006     0.005
    10.100    -0.004     0.010     0.003
    10.110     0.015    -0.015    -0.009
    10.120    -0.009     0.002     0.019
    10.130     0.016     0.009    -0.006
    10.140    -0.003    -0.010    -0.013
    10.150     0.000    -0.001     0.008
    10.160     0.014     0.004     0.001
    10.170    -0.006    -0.007    -0.001
    10.180     0.008     0.008    -0.006
    10.190    -0.002    -0.001     0.012
    10.200     0.009    -0.007    -0.003
    10.210     0.008     0.003    -0.004
    10.220    -0.008    -0.003     0.012
    10.230    -0.001     0.000    -0.008
    10.240     0.000     0.006    -0.004
    10.250     0.003     0.002     0.006
    10.260    -0.004    -0.011     0.003
    10.270    -0.006     0.005     0.001
    10.280     0.007    -0.002    -0.004
    10.290     0.004    -0.001    -0.005
    10.300    -0.002     0.009     0.002
    10.310    -0.002    -0.010     0.005
    10.320    -0.001     0.002     0.000
    10.330    -0.003    -0.001    -0.001
    10.340     0.001     0.003     0.003
    10.350     0.005     0.001     0.001
    10.360    -0.002    -0.010     0.000
    10.370     0.002     0.006    -0.001
    10.380     0.000    -0.003    -0.002
    10.390    -0.003    -0.002     0.006
    10.400     0.008     0.003     0.003
    10.410     0.001    -0.003    -0.012
    10.420    -0.004     0.004     0.001
    10.430     0.008    -0.002     0.005
    10.440     0.001    -0.002    -0.007
    10.450    -0.003     0.002     0.005
    10.460     0.003     0.001    -0.007
    10.470     0.002     0.002    -0.001
    10.480     0.003    -0.005     0.008
    10.490    -0.003     0.000    -0.004
    10.500    -0.005     0.006     0.001
    10.510     0.005    -0.001    -0.002
    10.520     0.003    -0.003     0.008
    10.530     0.006    -0.002     0.001
    10.540     0.000     0.002     0.000
    10.550    -0.001     0.002     0.005
    10.560     0.008    -0.007    -0.005
    10.570     0.000    -0.003     0.000
    10.580     0.000     0.009    -0.004
    10.590    -0.001    -0.001    -0.001
    10.600    -0.004    -0.003     0.002
    10.610    -0.004     0.003     0.002
    10.620    -0.003    -0.001     0.001
    10.630    -0.004    -0.001     0.003
    10.640    -0.001     0.001    -0.002
    10.650     0.003     0.003    -0.001
    10.660    -0.007    -0.006     0.002
    10.670     0.002     0.001    -0.003
    10.680    -0.001     0.003     0.006
    10.690    -0.004     0.001    -0.002
    10.700     0.010    -0.003     0.003
    10.710    -0.003    -0.018     0.003
    10.720    -0.007     0.016    -0.002
    10.730     0.011     0.008     0.004
    10.740    -0.001    -0.010    -0.007
    10.750    -0.008     0.011     0.001
    10.760     0.007    -0.021     0.004
    10.770    -0.016     0.007     0.009
    10.780     0.001     0.016    -0.017
    10.790     0.009    -0.020     0.009
    10.800    -0.005    -0.004     0.025
    10.810     0.013    -0.007    -0.029
    10.820    -0.023     0.020     0.019
    10.830     0.006    -0.008    -0.005
    10.840     0.011    -0.012    -0.009
    10.850    -0.021     0.022     0.022
    10.860     0.017    -0.008    -0.017
    10.870     0.006     0.006     0.005
    10.880     0.005    -0.002    -0.008
    10.890     0.002    -0.001     0.012
    10.900    -0.006     0.001    -0.003
    10.910     0.011    -0.003    -0.016
    10.920    -0.007     0.000     0.029
    10.930     0.004     0.000    -0.016
    10.940     0.011     0.004    -0.013
    10.950    -0.007     0.000     0.021
    10.960     0.008     0.009    -0.008
    10.970     0.004    -0.007    -0.009
    10.980     0.001     0.001     0.020
    10.990     0.014    -0.004    -0.009
    11.000     0.002    -0.001     0.000
    11.010     0.009     0.007     0.016
    11.020     0.003    -0.003    -0.018
    11.030    -0.001     0.007     0.001
    11.040     0.006    -0.005     0.004
    11.050    -0.004     0.000    -0.007
    11.060     0.007     0.007     0.002
    11.070     0.002    -0.002     0.006
    11.080    -0.005    -0.003     0.004
    11.090     0.005     0.007    -0.002
    11.100     0.003     0.002    -0.005
    11.110     0.005     0.002     0.001
    11.120     0.008     0.006     0.002
    11.130     0.006    -0.007    -0.004
    11.140     0.000     0.002     0.009
    11.150     0.003    -0.002    -0.001
    11.160     0.002    -0.003    -0.004
    11.170     0.002     0.002     0.003
    11.180     0.002    -0.001    -0.003
    11.190    -0.002    -0.003     0.005
    11.200     0.005    -0.005     0.004
    11.210    -0.001     0.004    -0.004
    11.220    -0.007    -0.003     0.006
    11.230     0.000     0.001     0.010
    11.240    -0.001     0.011    -0.004
    11.250    -0.006    -0.002    -0.002
    11.260     0.000     0.006     0.001
    11.270    -0.005    -0.002    -0.001
    11.280    -0.009    -0.010     0.009
    11.290     0.004     0.009     0.000
    11.300     0.001     0.002    -0.008
    11.310     0.000    -0.004     0.005
    11.320    -0.002    -0.004    -0.001
    11.330    -0.013    -0.001    -0.004
    11.340    -0.007    -0.001     0.002
    11.350     0.005    -0.001     0.004
    11.360     0.012     0.003    -0.012
    11.370    -0.007    -0.003    -0.008
    11.380    -0.008     0.001     0.024
    11.390     0.015     0.002    -0.002
    11.400     0.002    -0.002    -0.002
    11.410    -0.005     0.004     0.000
    11.420     0.003     0.013    -0.011
    11.430     0.002    -0.006     0.010
    11.440    -0.002    -0.009    -0.005
    11.450    -0.003     0.016     0.005
    11.460     0.005    -0.003     0.002
    11.470    -0.002    -0.008    -0.002
    11.480    -0.001     0.007     0.007
    11.490     0.000    -0.004    -0.009
    11.500    -0.007     0.003     0.000
    11.510     0.007     0.002     0.010
    11.520     0.003    -0.010     0.003
    11.530    -0.006     0.009    -0.009
    11.540     0.005     0.009     0.004
    11.550     0.002    -0.013     0.005
    11.560     0.005    -0.001    -0.004
    11.570    -0.001     0.002     0.005
    11.580    -0.003    -0.005     0.002
    11.590     0.009     0.005    -0.008
    11.600    -0.001     0.002     0.001
    11.610     0.000    -0.005     0.010
    11.620     0.010    -0.004    -0.009
    11.630     0.002     0.003     0.004
    11.640    -0.001    -0.001     0.010
    11.650     0.009    -0.003    -0.009
    11.660     0.006     0.000     0.002
    11.670     0.003    -0.004     0.008
    11.680     0.009     0.005    -0.005
    11.690     0.005     0.000    -0.004
    11.700     0.009    -0.009     0.008
    11.710     0.002     0.002    -0.002
    11.720     0.000     0.006     0.003
    11.730     0.006    -0.006     0.006
    11.740    -0.001     0.001    -0.007
    11.750     0.004     0.004    -0.001
    11.760     0.000    -0.006     0.011
    11.770     0.001    -0.001    -0.004
    11.780     0.005     0.001    -0.004
    11.790    -0.001    -0.002     0.008
    11.800     0.006    -0.001    -0.008
    11.810    -0.001     0.003     0.001
    11.820    -0.003    -0.003     0.003
    11.830     0.001    -0.001    -0.002
    11.840    -0.004     0.001     0.001
    11.850    -0.002    -0.004    -0.001
    11.860    -0.001    -0.001     0.005
    11.870    -0.002    -0.001     0.002
    11.880     0.000    -0.001     0.000
    11.890     0.006     0.001     0.001
    11.900     0.001     0.000     0.002
    11.910    -0.001    -0.002    -0.001
    11.920     0.007    -0.001    -0.001
    11.930     0.003     0.001     0.003
    11.940     0.007    -0.001     0.000
    11.950     0.002    -0.001     0.000
    11.960    -0.003    -0.001     0.000
    11.970    -0.001    -0.001    -0.004
    11.980     0.000     0.001     0.003
    11.990     0.002    -0.001    -0.001
    12.000    -0.008    -0.004     0.000
    12.010     0.003     0.004     0.001
    12.020    -0.007    -0.001    -0.005
    12.030    -0.004     0.000     0.008
    12.040     0.005     0.002    -0.003
    12.050    -0.005    -0.004    -0.001
    12.060     0.006     0.001     0.003
    12.070    -0.005     0.000    -0.002
    12.080     0.002    -0.001     0.005
    12.090     0.002    -0.003    -0.002
    12.100    -0.005     0.004     0.003
    12.110     0.001     0.002     0.009
    12.120     0.003    -0.008    -0.003
    12.130     0.007    -0.001    -0.008
    12.140    -0.014     0.008    -0.001
    12.150    -0.001     0.004     0.005
    12.160     0.014    -0.012     0.021
    12.170     0.004    -0.008    -0.002
    12.180     0.002     0.006    -0.005
    12.190     0.002    -0.002     0.008
    12.200     0.006     0.003    -0.012
    12.210    -0.001     0.009     0.002
    12.220     0.010    -0.008     0.005
    12.230    -0.002     0.004     0.006
    12.240    -0.005     0.003     0.001
    12.250     0.019    -0.007     0.004
    12.260    -0.003     0.003    -0.004
    12.270     0.004    -0.001    -0.009
    12.280     0.000    -0.003     0.018
    12.290     0.002     0.001    -0.016
    12.300     0.011     0.006    -0.002
    12.310    -0.006    -0.011     0.016
    12.320     0.012     0.010    -0.008
    12.330     0.003     0.008    -0.008
    12.340    -0.008    -0.011     0.007
    12.350     0.006     0.015     0.000
    12.360     0.004    -0.019    -0.012
    12.370    -0.011    -0.004     0.022
    12.380    -0.002     0.017    -0.012
    12.390     0.010    -0.009    -0.004
    12.400    -0.007     0.000     0.020
    12.410     0.003     0.000    -0.014
    12.420     0.002    -0.001     0.006
    12.430    -0.007    -0.003    -0.001
    12.440     0.001     0.007    -0.007
    12.450    -0.002     0.002     0.002
    12.460    -0.001    -0.005     0.004
    12.470     0.000     0.004    -0.003
    12.480    -0.003    -0.006     0.003
    12.490    -0.001     0.000     0.007
    12.500     0.000     0.006    -0.009
    12.510     0.000    -0.004     0.003
    12.520     0.004     0.002     0.003
    12.530     0.003     0.000    -0.003
    12.540     0.003    -0.004     0.000
    12.550     0.002    -0.001     0.003
    12.560     0.004    -0.004     0.000
    12.570     0.003    -0.001     0.001
    12.580     0.001    -0.001     0.003
    12.590     0.005     0.000    -0.003
    12.600     0.002    -0.003     0.002
    12.610     0.004    -0.001     0.004
    12.620     0.005     0.002    -0.003
    12.630    -0.001    -0.003     0.000
    12.640     0.002     0.001    -0.001
    12.650     0.004    -0.003    -0.003
    12.660     0.001    -0.004     0.006
    12.670     0.004    -0.001     0.002
    12.680     0.002    -0.004    -0.007
    12.690     0.003    -0.001     0.001
    12.700     0.008     0.004     0.000
    12.710     0.003    -0.005    -0.001
    12.720     0.004     0.000     0.008
    12.730     0.001    -0.003    -0.005
    12.740     0.004    -0.005    -0.003
    12.750     0.002     0.006     0.006
    12.760    -0.005     0.000    -0.003
    12.770     0.007     0.004    -0.002
    12.780    -0.002    -0.013     0.000
    12.790     0.002     0.005     0.000
    12.800     0.006     0.007     0.000
    12.810    -0.007    -0.017     0.006
    12.820     0.006     0.014    -0.007
    12.830     0.001    -0.010     0.002
    12.840     0.007    -0.012     0.021
    12.850    -0.002     0.023    -0.019
    12.860    -0.001    -0.001    -0.013
    12.870     0.015    -0.007     0.014
    12.880    -0.007    -0.005    -0.014
    12.890     0.002     0.000     0.007
    12.900     0.003     0.001     0.011
    12.910     0.009    -0.005    -0.018
    12.920     0.008     0.003     0.015
    12.930    -0.008    -0.001     0.003
    12.940     0.020    -0.005    -0.004
    12.950     0.001    -0.001     0.003
    12.960    -0.006     0.012    -0.009
    12.970     0.014    -0.007     0.009
    12.980     0.005    -0.007    -0.003
    12.990     0.002     0.009     0.004
    13.000     0.003    -0.006    -0.003
    13.010     0.006     0.006    -0.004
    13.020     0.006    -0.003     0.005
    13.030     0.001    -0.001    -0.001
    13.040    -0.001     0.002     0.003
    13.050     0.013    -0.009    -0.013
    13.060    -0.001     0.003     0.015
    13.070     0.002    -0.003     0.006
    13.080     0.012     0.000    -0.011
    13.090    -0.008     0.002     0.010
    13.100     0.008     0.004    -0.008
    13.110     0.004     0.001     0.002
    13.120     0.000     0.000     0.002
    13.130     0.009    -0.001    -0.005
    13.140     0.002    -0.003     0.002
    13.150     0.010     0.003     0.004
    13.160     0.003    -0.005     0.001
    13.170     0.001     0.000    -0.002
    13.180     0.003     0.005     0.007
    13.190     0.001    -0.003    -0.006
    13.200     0.002    -0.002     0.007
    13.210     0.005     0.001    -0.003
    13.220     0.000     0.004    -0.010
    13.230     0.000     0.000     0.015
    13.240     0.008    -0.001    -0.002
    13.250    -0.005    -0.001     0.003
    13.260     0.001     0.000     0.005
    13.270     0.003    -0.001    -0.007
    13.280     0.001     0.000    -0.002
    13.290     0.005     0.000    -0.003
    13.300    -0.004    -0.001     0.004
    13.310     0.005    -0.003    -0.002
    13.320    -0.001     0.003    -0.001
    13.330    -0.002     0.006     0.003
    13.340     0.004    -0.007     0.000
    13.350    -0.001     0.001     0.004
    13.360     0.003     0.001    -0.001
    13.370    -0.002     0.000     0.000
    13.380    -0.002     0.003    -0.002
    13.390     0.001    -0.003    -0.003
    13.400     0.001     0.004     0.005
    13.410    -0.002    -0.003     0.001
    13.420    -0.002    -0.002     0.004
    13.430     0.000    -0.004    -0.003
    13.440     0.002    -0.001    -0.004
    13.450     0.002     0.010     0.001
    13.460    -0.001    -0.008    -0.002
    13.470     0.005     0.002     0.010
    13.480     0.000     0.001    -0.006
    13.490    -0.004    -0.002     0.007
    13.500     0.003     0.007     0.010
    13.510     0.005    -0.008    -0.020
    13.520     0.001     0.000     0.007
    13.530    -0.004     0.002     0.010
    13.540    -0.003    -0.006    -0.005
    13.550     0.004    -0.005     0.005
    13.560     0.003     0.003     0.002
    13.570    -0.007     0.006    -0.007
    13.580     0.000     0.000     0.012
    13.590     0.005     0.002     0.001
    13.600     0.007    -0.002    -0.013
    13.610     0.004    -0.006     0.010
    13.620     0.001     0.007    -0.001
    13.630     0.009     0.001    -0.006
    13.640     0.001    -0.013     0.008
    13.650     0.003     0.009     0.004
    13.660     0.006     0.001    -0.011
    13.670    -0.005    -0.009     0.004
    13.680     0.003     0.004     0.005
    13.690     0.007    -0.003    -0.013
    13.700    -0.001    -0.002     0.014
    13.710     0.006     0.002     0.000
    13.720     0.005    -0.003    -0.004
    13.730     0.002     0.000     0.014
    13.740     0.008     0.002    -0.006
    13.750    -0.003    -0.003    -0.003
    13.760     0.001     0.002     0.005
    13.770     0.002    -0.001    -0.007
    13.780    -0.003    -0.002     0.004
    13.790     0.006     0.003     0.004
    13.800     0.003    -0.004    -0.014
    13.810     0.001     0.003     0.005
    13.820     0.003     0.004     0.005
    13.830     0.001    -0.004    -0.005
    13.840     0.002    -0.001     0.010
    13.850     0.003     0.000    -0.003
    13.860    -0.001    -0.001    -0.002
    13.870     0.001    -0.001     0.010
    13.880     0.003     0.002    -0.005
    13.890     0.000     0.000     0.001
    13.900    -0.001    -0.003     0.003
    13.910     0.001     0.001    -0.005
    13.920     0.005    -0.003     0.004
    13.930     0.001     0.002     0.005
    13.940     0.004     0.000    -0.005
    13.950     0.002    -0.007    -0.005
    13.960    -0.005     0.005     0.007
    13.970     0.003    -0.003    -0.005
    13.980     0.001     0.000    -0.002
    13.990     0.002     0.003     0.006
    14.000     0.006    -0.004    -0.005
    14.010     0.000     0.001     0.006
    14.020     0.002    -0.001    -0.001
    14.030     0.003     0.001    -0.002
    14.040     0.004    -0.004     0.007
    14.050     0.000     0.001     0.003
    14.060     0.001     0.001    -0.003
    14.070     0.008    -0.001    -0.001
    14.080     0.003     0.004     0.006
    14.090     0.008    -0.001    -0.006
    14.100     0.002    -0.001    -0.002
    14.110     0.000    -0.002     0.002
    14.120     0.007    -0.001    -0.004
    14.130     0.000    -0.003     0.004
    14.140     0.001     0.002     0.010
    14.150     0.004    -0.003    -0.008
    14.160     0.004    -0.005     0.007
    14.170    -0.001     0.006    -0.005
    14.180     0.006     0.001    -0.023
    14.190    -0.004     0.003     0.021
    14.200     0.001    -0.009     0.010
    14.210     0.011     0.001    -0.005
    14.220    -0.007     0.002     0.003
    14.230     0.008     0.000     0.005
    14.240    -0.004    -0.003     0.002
    14.250     0.000    -0.003    -0.007
    14.260     0.007     0.014     0.005
    14.270    -0.012    -0.013     0.003
    14.280     0.013     0.000     0.000
    14.290    -0.010     0.002     0.011
    14.300    -0.006    -0.005     0.001
    14.310     0.007     0.002    -0.018
    14.320    -0.011    -0.002     0.004
    14.330     0.003     0.004     0.008
    14.340     0.000    -0.007     0.012
    14.350     0.005     0.003     0.004
    14.360    -0.002    -0.001    -0.013
    14.370    -0.002    -0.001     0.008
    14.380     0.007    -0.001    -0.009
    14.390    -0.003    -0.007     0.006
    14.400     0.005     0.011     0.007
    14.410     0.008    -0.003    -0.007
    14.420     0.004    -0.005     0.012
    14.430     0.002     0.005     0.002
    14.440     0.004     0.001    -0.007
    14.450     0.002    -0.005    -0.003
    14.460    -0.001    -0.005     0.017
    14.470     0.004     0.004    -0.002
    14.480    -0.001    -0.002    -0.012
    14.490    -0.006    -0.001     0.019
    14.500     0.000     0.002     0.001
    14.510    -0.002     0.000    -0.019
    14.520    -0.002    -0.001     0.008
    14.530     0.001    -0.003     0.005
    14.540    -0.003     0.002    -0.009
    14.550    -0.003    -0.003     0.013
    14.560     0.000    -0.004     0.007
    14.570     0.001     0.005    -0.008
    14.580     0.004    -0.001    -0.004
    14.590     0.001    -0.003    -0.001
    14.600    -0.002    -0.006     0.005
    14.610    -0.001     0.001     0.003
    14.620     0.000     0.000     0.001
    14.630     0.003    -0.004     0.006
    14.640     0.000     0.006    -0.001
    14.650    -0.001     0.001    -0.004
    14.660     0.003    -0.006     0.002
    14.670     0.002    -0.002     0.004
    14.680     0.001    -0.001     0.011
    14.690    -0.002    -0.004     0.000
    14.700    -0.001     0.000    -0.002
    14.710     0.005     0.005    -0.002
    14.720     0.001     0.001    -0.006
    14.730    -0.001     0.000     0.004
    14.740     0.001    -0.001     0.004
    14.750     0.002    -0.004     0.004
    14.760     0.004    -0.003     0.000
    14.770     0.003     0.001     0.002
    14.780     0.003     0.000    -0.001
    14.790     0.001    -0.004    -0.003
    14.800     0.001     0.002     0.006
    14.810     0.010     0.003    -0.007
    14.820     0.003     0.001    -0.001
    14.830    -0.002    -0.001     0.007
    14.840     0.006    -0.005     0.004
    14.850     0.003    -0.001     0.007
    14.860     0.006    -0.005    -0.003
    14.870     0.006    -0.002     0.007
    14.880     0.000     0.000    -0.003
    14.890     0.003    -0.002    -0.004
    14.900     0.004     0.002     0.009
    14.910     0.008    -0.001     0.002
    14.920     0.004     0.008     0.007
    14.930    -0.004     0.001    -0.003
    14.940     0.012    -0.007     0.006
    14.950     0.012    -0.008    -0.003
    14.960    -0.008    -0.004     0.004
    14.970     0.000     0.009     0.001
    14.980     0.006     0.004    -0.020
    14.990     0.002    -0.003     0.012
    15.000     0.000    -0.006     0.006
    15.010    -0.002     0.008    -0.004
    15.020     0.005    -0.002    -0.004
    15.030     0.002    -0.003     0.004
    15.040    -0.003     0.009     0.001
    15.050     0.004    -0.002    -0.002
    15.060     0.005    -0.004     0.007
    15.070     0.001    -0.001    -0.001
    15.080     0.008     0.002     0.000
    15.090     0.001    -0.006     0.002
    15.100    -0.001    -0.002     0.005
    15.110     0.005     0.003    -0.009
    15.120    -0.005    -0.005     0.000
    15.130     0.003    -0.002     0.003
    15.140     0.004    -0.001    -0.003
    15.150    -0.002     0.003     0.004
    15.160     0.006    -0.002     0.001
    15.170     0.002    -0.005     0.002
    15.180     0.006     0.002    -0.005
    15.190     0.002    -0.003     0.001
    15.200     0.000    -0.001     0.000
    15.210     0.005    -0.001     0.001
    15.220     0.001    -0.003     0.006
    15.230     0.002     0.003    -0.005
    15.240     0.004     0.000     0.001
    15.250     0.001    -0.001    -0.002
    15.260    -0.001    -0.001    -0.002
    15.270    -0.001    -0.002     0.008
    15.280     0.000     0.001     0.000
    15.290     0.003    -0.001    -0.003
    15.300    -0.002    -0.002     0.004
    15.310    -0.005    -0.001     0.003
    15.320     0.005    -0.001    -0.002
    15.330     0.002    -0.010    -0.004
    15.340    -0.004     0.003     0.005
    15.350     0.002    -0.001    -0.003
    15.360    -0.002    -0.007    -0.004
    15.370    -0.001     0.004     0.007
    15.380     0.001     0.006     0.000
    15.390    -0.001     0.009    -0.007
    15.400     0.008    -0.017    -0.006
    15.410     0.002     0.000     0.011
    15.420     0.004     0.005    -0.005
    15.430    -0.004    -0.016    -0.001
    15.440     0.000     0.001     0.004
    15.450     0.006     0.000    -0.001
    15.460    -0.004     0.000     0.017
    15.470     0.003    -0.004    -0.010
    15.480    -0.004     0.003    -0.004
    15.490     0.004     0.003     0.005
    15.500    -0.001    -0.003    -0.005
    15.510    -0.002    -0.001     0.003
    15.520     0.002    -0.004     0.006
    15.530    -0.006     0.002    -0.004
    15.540     0.003    -0.001    -0.006
    15.550     0.002    -0.002     0.004
    15.560     0.006    -0.005     0.002
    15.570     0.002    -0.002     0.001
    15.580     0.010     0.000    -0.002
    15.590     0.007     0.004    -0.002
    15.600    -0.010    -0.006    -0.005
    15.610     0.015    -0.008     0.008
    15.620     0.004     0.004    -0.002
    15.630    -0.004     0.001     0.005
    15.640     0.011     0.004     0.006
    15.650     0.001    -0.005    -0.010
    15.660     0.008    -0.007     0.019
    15.670     0.001     0.000     0.002
    15.680     0.001     0.003    -0.011
    15.690     0.009    -0.004    -0.002
    15.700    -0.003    -0.002     0.004
    15.710     0.006     0.000    -0.003
    15.720     0.003    -0.002    -0.009
    15.730    -0.001     0.001     0.008
    15.740     0.005    -0.004     0.000
    15.750     0.000     0.000     0.005
    15.760     0.002    -0.005     0.008
    15.770     0.011    -0.001    -0.008
    15.780     0.003     0.001    -0.005
    15.790    -0.003    -0.001     0.009
    15.800     0.008     0.002    -0.010
    15.810     0.001    -0.005     0.001
    15.820     0.003     0.002     0.009
    15.830     0.008     0.000    -0.008
    15.840    -0.005    -0.001     0.008
    15.850     0.005    -0.001     0.000
    15.860     0.002    -0.001     0.000
    15.870     0.002     0.000     0.003
    15.880     0.007    -0.008     0.001
    15.890     0.000     0.007    -0.007
    15.900     0.003    -0.001    -0.007
    15.910     0.001    -0.007     0.014
    15.920     0.004     0.008    -0.004
    15.930    -0.003    -0.003    -0.006
    15.940    -0.009    -0.004     0.005
    15.950     0.006     0.007    -0.006
    15.960     0.004    -0.004    -0.003
    15.970    -0.007    -0.008     0.013
    15.980     0.004     0.003    -0.003
    15.990     0.006     0.003    -0.013
    16.000    -0.002    -0.006     0.016
    16.010     0.004    -0.003     0.007
    16.020     0.007     0.000    -0.013
    16.030     0.000     0.004     0.002
    16.040     0.003     0.002     0.004
    16.050     0.007    -0.009    -0.004
    16.060     0.002    -0.002    -0.003
    16.070     0.003     0.003     0.000
    16.080     0.004    -0.002     0.001
    16.090     0.003    -0.002    -0.003
    16.100     0.004     0.002     0.003
    16.110     0.004    -0.005     0.002
    16.120     0.003    -0.009    -0.001
    16.130     0.001     0.009     0.002
    16.140     0.003    -0.003    -0.005
    16.150     0.003    -0.009     0.006
    16.160     0.002     0.010    -0.002
    16.170     0.002    -0.001    -0.009
    16.180    -0.001    -0.005     0.009
    16.190     0.004     0.002     0.002
    16.200     0.003    -0.003    -0.004
    16.210    -0.003    -0.004     0.003
    16.220     0.008    -0.003    -0.007
    16.230     0.001    -0.002    -0.005
    16.240     0.001     0.004     0.008
    16.250     0.007     0.002    -0.002
    16.260     0.006    -0.007     0.001
    16.270     0.012    -0.001     0.004
    16.280    -0.003     0.004    -0.001
    16.290     0.008    -0.008     0.001
    16.300     0.009     0.004     0.000
    16.310    -0.001    -0.002     0.000
    16.320     0.004    -0.004     0.002
    16.330     0.002     0.004    -0.002
    16.340     0.008    -0.008    -0.003
    16.350     0.002     0.005     0.006
    16.360     0.002    -0.002    -0.002
    16.370     0.003    -0.005    -0.002
    16.380     0.002     0.001     0.001
    16.390     0.005    -0.004    -0.003
    16.400     0.003    -0.001     0.001
    16.410     0.003    -0.008    -0.003
    16.420     0.001     0.002     0.001
    16.430     0.004    -0.001    -0.002
    16.440     0.000    -0.003    -0.002
    16.450     0.002     0.003     0.003
    16.460     0.004    -0.005    -0.004
    16.470     0.002    -0.001     0.003
    16.480     0.005    -0.001     0.000
    16.490     0.000    -0.004    -0.005
    16.500    -0.001     0.001     0.003
    16.510     0.005    -0.004     0.000
    16.520     0.006    -0.002     0.000
    16.530     0.005     0.001     0.000
    16.540     0.002    -0.004    -0.001
    16.550     0.002    -0.001     0.002
    16.560     0.002    -0.001     0.000
    16.570    -0.003    -0.006     0.001
    16.580    -0.001    -0.001     0.001
    16.590    -0.002    -0.001    -0.003
    16.600    -0.003    -0.003     0.001
    16.610     0.000     0.002     0.001
    16.620    -0.002    -0.003    -0.004
    16.630     0.000     0.002     0.002
    16.640     0.002    -0.002    -0.001
    16.650    -0.003    -0.008     0.000
    16.660    -0.001     0.002     0.002
    16.670     0.001    -0.001    -0.005
    16.680    -0.005    -0.002     0.002
    16.690     0.000    -0.003     0.003
    16.700    -0.005    -0.002    -0.003
    16.710    -0.005     0.004     0.001
    16.720    -0.001     0.000    -0.002
    16.730    -0.005    -0.003    -0.002
    16.740     0.004     0.000     0.003
    16.750     0.003    -0.001    -0.003
    16.760    -0.002    -0.002     0.003
    16.770     0.004     0.001     0.001
    16.780     0.001     0.000    -0.007
    16.790    -0.005    -0.005     0.006
    16.800     0.004     0.001     0.005
    16.810     0.005     0.002    -0.008
    16.820    -0.004    -0.007     0.000
    16.830     0.000     0.004     0.006
    16.840     0.000     0.000    -0.008
    16.850    -0.005    -0.007     0.004
    16.860    -0.002     0.004     0.010
    16.870     0.001     0.001    -0.009
    16.880    -0.006    -0.001     0.000
    16.890     0.000    -0.001     0.005
    16.900     0.004    -0.002    -0.002
    16.910    -0.003    -0.001    -0.001
    16.920    -0.002     0.001     0.001
    16.930    -0.001    -0.002    -0.001
    16.940     0.002    -0.001     0.000
    16.950    -0.001     0.000     0.001
    16.960     0.003    -0.001    -0.001
    16.970     0.002     0.000     0.000
    16.980    -0.002    -0.004     0.000
    16.990     0.001    -0.002     0.000
    17.000     0.000    -0.001     0.005
    17.010     0.001     0.000     0.002
    17.020    -0.004     0.003    -0.002
    17.030    -0.003    -0.001     0.005
    17.040    -0.003    -0.003    -0.002
    17.050    -0.006    -0.004     0.000
    17.060    -0.001    -0.002     0.004
    17.070    -0.004    -0.003     0.000
    17.080     0.001     0.003     0.002
    17.090    -0.004    -0.003    -0.005
    17.100    -0.002    -0.002     0.005
    17.110     0.004     0.003    -0.002
    17.120    -0.003    -0.005    -0.001
    17.130     0.001     0.006     0.004
    17.140    -0.001    -0.006    -0.002
    17.150    -0.004    -0.003     0.003
    17.160    -0.004     0.006    -0.003
    17.170    -0.002    -0.007     0.005
    17.180    -0.004     0.002     0.002
    17.190    -0.003    -0.001     0.001
    17.200    -0.002    -0.001     0.002
    17.210    -0.005     0.001    -0.003
    17.220     0.001    -0.003     0.008
    17.230     0.000     0.002    -0.001
    17.240    -0.004    -0.003     0.003
    17.250    -0.002    -0.001    -0.001
    17.260    -0.007     0.001    -0.004
    17.270    -0.003     0.001     0.007
    17.280     0.002     0.001    -0.001
    17.290    -0.001     0.000     0.002
    17.300     0.001     0.001    -0.001
    17.310     0.001    -0.004     0.001
    17.320     0.002     0.001     0.003
    17.330     0.003     0.000    -0.004
    17.340    -0.001    -0.002     0.000
    17.350    -0.001     0.002     0.003
    17.360     0.001    -0.001     0.003
    17.370     0.001    -0.004     0.001
    17.380     0.002    -0.002     0.006
    17.390     0.000     0.002    -0.007
    17.400    -0.002     0.001    -0.007
    17.410     0.003    -0.001     0.010
    17.420     0.004    -0.001    -0.003
    17.430    -0.001    -0.003    -0.001
    17.440    -0.002    -0.001    -0.001
    17.450     0.000     0.000    -0.004
    17.460     0.003    -0.003     0.002
    17.470     0.002    -0.004     0.002
    17.480     0.003     0.002     0.001
    17.490     0.004     0.001    -0.003
    17.500     0.005    -0.001     0.006
    17.510     0.006    -0.001     0.001
    17.520     0.002    -0.001    -0.003
    17.530    -0.001    -0.001     0.004
    17.540     0.000    -0.001    -0.006
    17.550     0.002     0.003    -0.002
    17.560     0.002    -0.002     0.000
    17.570    -0.003     0.001    -0.002
    17.580    -0.001    -0.001     0.002
    17.590     0.000    -0.006     0.003
    17.600    -0.001     0.002     0.003
    17.610     0.005    -0.003     0.001
    17.620     0.000    -0.002     0.002
    17.630    -0.007     0.004    -0.003
    17.640    -0.001    -0.003     0.000
    17.650     0.002    -0.002     0.002
    17.660     0.000     0.000    -0.006
    17.670     0.002    -0.002     0.000
    17.680     0.002     0.003     0.000
    17.690     0.000     0.000    -0.002
    17.700     0.001    -0.003    -0.002
    17.710    -0.003    -0.001    -0.002
    17.720    -0.003     0.002    -0.002
    17.730     0.006     0.001    -0.005
    17.740    -0.003    -0.002     0.000
    17.750    -0.004     0.000     0.004
    17.760     0.004    -0.001     0.002
    17.770    -0.003    -0.002     0.000
    17.780     0.001    -0.001     0.002
    17.790     0.004    -0.001     0.000
    17.800     0.001    -0.003    -0.002
    17.810     0.002     0.000     0.001
    17.820     0.001    -0.001    -0.004
    17.830     0.003    -0.003     0.001
    17.840     0.001     0.004     0.003
    17.850     0.002    -0.001    -0.003
    17.860     0.005    -0.002    -0.003
    17.870     0.001    -0.001    -0.002
    17.880     0.005    -0.002     0.002
    17.890     0.006     0.002     0.001
    17.900     0.002    -0.004    -0.004
    17.910     0.000    -0.004     0.001
    17.920    -0.001     0.001     0.004
    17.930     0.000    -0.004    -0.002
    17.940    -0.003    -0.004     0.003
    17.950     0.004     0.004     0.003
    17.960     0.002     0.002    -0.007
    17.970    -0.003    -0.005     0.006
    17.980     0.003     0.003     0.003
    17.990    -0.002    -0.001    -0.005
    18.000     0.005    -0.004     0.003
    18.010     0.001     0.004     0.002
    18.020     0.006    -0.005     0.001
    18.030     0.004    -0.001     0.002
    18.040    -0.005     0.000     0.001
    18.050     0.006    -0.002    -0.006
    18.060    -0.006     0.002     0.004
    18.070     0.003    -0.001     0.007
    18.080     0.001    -0.003    -0.004
    18.090    -0.004    -0.002     0.001
    18.100     0.002     0.001     0.004
    18.110    -0.007    -0.001     0.003
    18.120     0.000    -0.004    -0.004
    18.130    -0.005     0.002     0.005
    18.140    -0.005    -0.002     0.001
    18.150    -0.002    -0.002    -0.004
    18.160    -0.004     0.007    -0.001
    18.170    -0.001    -0.006    -0.002
    18.180     0.000     0.003     0.010
    18.190     0.004    -0.001    -0.004
    18.200     0.004    -0.002    -0.003
    18.210     0.003     0.006     0.008
    18.220     0.001    -0.013     0.006
    18.230     0.007     0.014     0.000
    18.240     0.002    -0.003    -0.004
    18.250     0.002    -0.014     0.014
    18.260     0.005     0.006     0.010
    18.270    -0.004    -0.007    -0.005
    18.280     0.001     0.007    -0.003
    18.290    -0.005    -0.004     0.001
    18.300    -0.004    -0.001    -0.009
    18.310     0.003     0.014     0.003
    18.320     0.000    -0.004    -0.005
    18.330    -0.001    -0.002     0.005
    18.340     0.003    -0.001     0.012
    18.350     0.000     0.000    -0.010
    18.360    -0.001    -0.005     0.006
    18.370     0.004    -0.006    -0.007
    18.380    -0.003     0.007     0.005
    18.390     0.003    -0.006     0.000
    18.400     0.000    -0.001     0.002
    18.410     0.002    -0.001     0.008
    18.420     0.004    -0.009    -0.009
    18.430    -0.001     0.005     0.010
    18.440     0.003    -0.001    -0.008
    18.450    -0.005    -0.001     0.005
    18.460     0.005     0.002     0.003
    18.470     0.000    -0.004     0.001
    18.480     0.001     0.003     0.007
    18.490    -0.004     0.002    -0.008
    18.500    -0.002    -0.009     0.005
    18.510     0.011    -0.007    -0.008
    18.520    -0.008     0.003     0.004
    18.530     0.003     0.001     0.003
    18.540    -0.001    -0.003    -0.001
    18.550     0.000    -0.003     0.005
    18.560     0.003     0.000    -0.005
    18.570    -0.009    -0.001     0.002
    18.580     0.002     0.000    -0.001
    18.590    -0.004     0.000     0.003
    18.600    -0.001    -0.001    -0.001
    18.610     0.000    -0.001     0.001
    18.620     0.001    -0.001     0.007
    18.630     0.001     0.001     0.000
    18.640     0.000    -0.001    -0.005
    18.650     0.002    -0.006     0.004
    18.660    -0.002    -0.001     0.005
    18.670     0.004     0.005    -0.003
    18.680    -0.002    -0.004     0.003
    18.690    -0.001     0.001     0.000
    18.700     0.001     0.000     0.001
    18.710     0.003    -0.005    -0.001
    18.720     0.002     0.006     0.006
    18.730    -0.004    -0.006     0.000
    18.740     0.000    -0.005    -0.005
    18.750     0.001     0.002     0.008
    18.760     0.006    -0.003    -0.005
    18.770     0.000     0.002     0.006
    18.780     0.001    -0.003     0.002
    18.790     0.001     0.000     0.000
    18.800    -0.002    -0.003     0.001
    18.810     0.006    -0.001    -0.005
    18.820    -0.005     0.006     0.003
    18.830    -0.006    -0.010     0.007
    18.840    -0.002     0.002     0.008
    18.850     0.004     0.001    -0.011
    18.860     0.002    -0.006     0.005
    18.870    -0.007     0.003     0.001
    18.880     0.007    -0.003     0.000
    18.890     0.004    -0.001     0.004
    18.900    -0.001    -0.001    -0.009
    18.910     0.001     0.002     0.013
    18.920    -0.002    -0.003     0.003
    18.930     0.000    -0.001    -0.001
    18.940     0.000    -0.001     0.002
    18.950     0.001    -0.003     0.003
    18.960     0.002     0.002     0.002
    18.970    -0.002    -0.001    -0.007
    18.980    -0.004     0.002     0.004
    18.990     0.007    -0.002     0.000
    19.000     0.002    -0.001     0.004
    19.010     0.002     0.001     0.002
    19.020     0.004     0.001    -0.006
    19.030    -0.002    -0.004     0.002
    19.040     0.006     0.000     0.001
    19.050     0.002    -0.002     0.003
    19.060     0.006    -0.001    -0.001
    19.070    -0.005    -0.011     0.002
    19.080    -0.009     0.002     0.011
    19.090     0.013     0.039    -0.004
    19.100     0.008    -0.022    -0.016
    19.110     0.011    -0.020     0.001
    19.120    -0.002     0.010     0.016
    19.130    -0.007    -0.001     0.006
    19.140     0.016    -0.001    -0.016
    19.150     0.001    -0.010    -0.006
    19.160     0.001     0.019     0.034
    19.170     0.005    -0.010    -0.001
    19.180    -0.002     0.004    -0.037
    19.190     0.007     0.025     0.015
    19.200     0.002    -0.029     0.006
    19.210    -0.002    -0.006     0.001
    19.220     0.008     0.014     0.015
    19.230     0.003    -0.008    -0.015
    19.240    -0.006     0.010     0.006
    19.250     0.003    -0.001    -0.004
    19.260     0.003    -0.013     0.003
    19.270     0.003     0.003     0.008
    19.280     0.006    -0.003    -0.013
    19.290     0.007     0.005     0.012
    19.300     0.008     0.000    -0.007
    19.310    -0.003    -0.008    -0.003
    19.320     0.004     0.007     0.010
    19.330     0.006    -0.002     0.006
    19.340     0.002    -0.003     0.002
    19.350     0.007     0.003    -0.014
    19.360     0.005    -0.004    -0.004
    19.370     0.004     0.001     0.008
    19.380     0.003    -0.003     0.005
    19.390     0.004    -0.004     0.001
    19.400     0.002     0.004    -0.001
    19.410     0.004    -0.004    -0.002
    19.420     0.007     0.002     0.007
    19.430     0.000    -0.001    -0.001
    19.440     0.004     0.003    -0.005
    19.450     0.008    -0.002     0.003
    19.460     0.004    -0.008     0.003
    19.470     0.007     0.007     0.002
    19.480     0.006    -0.005    -0.005
    19.490     0.006     0.004     0.002
    19.500     0.005    -0.002     0.000
    19.510     0.002    -0.011     0.001
    19.520     0.003     0.008     0.005
    19.530     0.003    -0.005    -0.007
    19.540     0.001    -0.005     0.005
    19.550     0.000     0.008     0.005
    19.560     0.005     0.007    -0.007
    19.570     0.007    -0.004     0.008
    19.580     0.005    -0.001     0.001
    19.590     0.002     0.000    -0.007
    19.600     0.002    -0.012     0.008
    19.610     0.002    -0.001    -0.002
    19.620     0.003     0.000    -0.002
    19.630     0.005    -0.004     0.008
    19.640    -0.001     0.001     0.003
    19.650     0.001     0.007    -0.005
    19.660     0.004    -0.001    -0.005
    19.670     0.001    -0.005     0.004
    19.680     0.006    -0.003    -0.006
    19.690     0.006     0.002     0.004
    19.700     0.004     0.006     0.006
    19.710     0.009    -0.010    -0.010
    19.720     0.002     0.005     0.007
    19.730     0.005     0.000     0.002
    19.740     0.005    -0.008    -0.005
    19.750     0.001     0.005     0.001
    19.760     0.005    -0.001     0.001
    19.770     0.001     0.001     0.000
    19.780     0.008    -0.009     0.000
    19.790     0.003     0.004     0.011
    19.800     0.001     0.009    -0.004
    19.810     0.001    -0.008    -0.002
    19.820     0.003     0.005     0.001
    19.830     0.011    -0.002    -0.009
    19.840     0.001    -0.014     0.006
    19.850     0.007    -0.003     0.004
    19.860    -0.001    -0.001    -0.001
    19.870    -0.008     0.009    -0.001
    19.880     0.014     0.013     0.002
    19.890     0.022     0.016     0.005
    19.900     0.013     0.010    -0.022
    19.910    -0.015    -0.057    -0.009
    19.920    -0.011    -0.032     0.038
    19.930     0.011     0.056     0.007
    19.940     0.011     0.011    -0.006
    19.950     0.008    -0.033     0.026
    19.960    -0.011     0.009    -0.019
    19.970    -0.002     0.015    -0.030
    19.980     0.012    -0.003    -0.012
    19.990     0.004    -0.002    -0.006
    20.000     0.012    -0.018     0.047
    20.010     0.003     0.000     0.019
    20.020     0.005     0.011    -0.039
    20.030     0.001    -0.001    -0.009
    20.040    -0.013     0.016     0.007
    20.050     0.005    -0.001    -0.001
    20.060     0.012    -0.023     0.015
    20.070     0.005    -0.001     0.007
    20.080    -0.004     0.013    -0.012
    20.090    -0.001     0.000    -0.004
    20.100     0.004    -0.005     0.005
    20.110     0.006    -0.003     0.005
    20.120     0.011    -0.001    -0.003
    20.130    -0.001     0.009     0.000
    20.140     0.001    -0.002     0.004
    20.150     0.009    -0.008    -0.005
    20.160    -0.006     0.001    -0.005
    20.170     0.001    -0.007     0.002
    20.180     0.004    -0.003     0.011
    20.190    -0.008     0.005    -0.002
    20.200     0.002     0.012     0.000
    20.210    -0.001     0.002     0.004
    20.220    -0.001    -0.011    -0.010
    20.230     0.004     0.004     0.004
    20.240     0.005     0.000    -0.006
    20.250     0.007    -0.004     0.005
    20.260    -0.001    -0.007     0.007
    20.270    -0.007     0.004    -0.009
    20.280    -0.006     0.012     0.006
    20.290     0.003    -0.035    -0.025
    20.300    -0.010    -0.020     0.025
    20.310     0.001     0.074     0.053
    20.320     0.025     0.045    -0.066
    20.330    -0.008    -0.079    -0.044
    20.340     0.000    -0.053     0.052
    20.350    -0.014     0.071     0.027
    20.360    -0.019     0.009     0.008
    20.370     0.040    -0.061    -0.014
    20.380    -0.005     0.041    -0.069
    20.390    -0.024     0.008     0.085
    20.400     0.008    -0.053     0.049
    20.410    -0.002     0.064    -0.173
    20.420     0.010     0.040     0.051
    20.430     0.001    -0.096     0.103
    20.440     0.008    -0.008    -0.068
    20.450     0.007     0.059     0.019
    20.460    -0.020    -0.037     0.008
    20.470     0.000     0.021    -0.050
    20.480     0.015     0.043     0.012
    20.490     0.012    -0.078     0.061
    20.500    -0.001     0.001    -0.024
    20.510    -0.002     0.053    -0.061
    20.520     0.000    -0.009     0.039
    20.530     0.009    -0.018     0.015
    20.540     0.012    -0.015    -0.026
    20.550     0.000     0.023     0.020
    20.560     0.000    -0.009     0.014
    20.570     0.000    -0.011    -0.012
    20.580     0.006     0.017    -0.020
    20.590    -0.011    -0.011     0.002
    20.600     0.002    -0.005     0.024
    20.610     0.013     0.007    -0.005
    20.620    -0.004     0.011    -0.001
    20.630     0.004    -0.003     0.010
    20.640     0.005    -0.010    -0.019
    20.650     0.001    -0.008     0.000
    20.660    -0.005     0.005     0.019
    20.670     0.007     0.005    -0.015
    20.680     0.015    -0.008     0.003
    20.690    -0.005     0.008     0.020
    20.700    -0.002    -0.010    -0.009
    20.710     0.007     0.000    -0.009
    20.720     0.001     0.011    -0.001
    20.730     0.009    -0.012     0.010
    20.740     0.012    -0.007    -0.004
    20.750    -0.011    -0.017    -0.008
    20.760     0.001    -0.006     0.023
    20.770     0.009     0.019     0.021
    20.780    -0.003     0.047    -0.015
    20.790     0.015    -0.018    -0.040
    20.800    -0.001    -0.037     0.007
    20.810     0.013     0.055     0.037
    20.820     0.045     0.000     0.022
    20.830     0.005     0.026    -0.052
    20.840    -0.027    -0.022    -0.052
    20.850     0.013    -0.136     0.063
    20.860     0.021     0.016     0.033
    20.870    -0.005     0.052     0.047
    20.880     0.005     0.026     0.013
    20.890    -0.021     0.050    -0.086
    20.900     0.006     0.001    -0.026
    20.910     0.018    -0.021     0.001
    20.920    -0.011    -0.032     0.029
    20.930     0.029    -0.014     0.004
    20.940     0.025    -0.007    -0.011
    20.950     0.006     0.014     0.057
    20.960    -0.009     0.003     0.006
    20.970    -0.019    -0.002    -0.049
    20.980    -0.001     0.029    -0.021
    20.990     0.014    -0.028     0.047
    21.000     0.019    -0.035     0.021
    21.010    -0.006     0.008    -0.034
    21.020     0.007     0.045    -0.024
    21.030     0.019     0.055    -0.008
    21.040     0.000    -0.030     0.046
    21.050    -0.004    -0.068     0.019
    21.060    -0.006    -0.010     0.008
    21.070     0.013     0.030     0.004
    21.080     0.019     0.028    -0.054
    21.090     0.008     0.016    -0.014
    21.100     0.008     0.000     0.039
    21.110     0.004    -0.028     0.027
    21.120    -0.001    -0.018    -0.018
    21.130     0.001    -0.004    -0.034
    21.140     0.003     0.013     0.009
    21.150     0.021     0.033     0.036
    21.160     0.028    -0.008    -0.002
    21.170    -0.020    -0.014    -0.026
    21.180    -0.016     0.001     0.002
    21.190     0.023    -0.006     0.011
    21.200     0.012    -0.011     0.023
    21.210     0.008     0.016    -0.004
    21.220    -0.001     0.008    -0.065
    21.230     0.003    -0.018     0.024
    21.240     0.019     0.018     0.069
    21.250     0.012    -0.011    -0.018
    21.260    -0.002    -0.012    -0.013
    21.270    -0.008     0.020    -0.016
    21.280     0.014     0.001    -0.006
    21.290     0.020    -0.003     0.016
    21.300     0.004    -0.010    -0.002
    21.310     0.000    -0.012     0.020
    21.320    -0.007     0.003    -0.001
    21.330    -0.002     0.020    -0.024
    21.340     0.013    -0.004    -0.010
    21.350     0.010    -0.018     0.010
    21.360     0.005     0.005     0.020
    21.370     0.005     0.008     0.004
    21.380     0.004    -0.003    -0.007
    21.390     0.002     0.003    -0.008
    21.400     0.004    -0.014     0.003
    21.410     0.001    -0.031     0.003
    21.420     0.000     0.026     0.014
    21.430     0.012     0.042     0.000
    21.440     0.011    -0.008    -0.011
    21.450     0.010    -0.020    -0.004
    21.460    -0.003    -0.019    -0.025
    21.470    -0.016    -0.012     0.002
    21.480     0.005     0.026     0.032
    21.490     0.015     0.019     0.033
    21.500     0.030    -0.023    -0.014
    21.510    -0.005    -0.009    -0.053
    21.520    -0.032    -0.001     0.006
    21.530     0.023     0.002     0.007
    21.540     0.028     0.018     0.015
    21.550     0.009    -0.013     0.043
    21.560    -0.005    -0.011    -0.032
    21.570    -0.012    -0.003    -0.035
    21.580     0.018     0.010     0.016
    21.590     0.016     0.020     0.014
    21.600     0.009    -0.029    -0.004
    21.610     0.009     0.000    -0.008
    21.620     0.000     0.005     0.003
    21.630     0.010    -0.002     0.007
    21.640     0.007     0.022    -0.003
    21.650     0.001    -0.014     0.001
    21.660     0.013    -0.018     0.026
    21.670     0.004     0.003    -0.014
    21.680    -0.006     0.019    -0.029
    21.690     0.001    -0.016     0.022
    21.700     0.013    -0.013     0.011
    21.710     0.011     0.037    -0.015
    21.720    -0.004    -0.026     0.001
    21.730     0.011    -0.023     0.002
    21.740     0.007     0.046    -0.002
    21.750     0.007    -0.024     0.006
    21.760     0.005    -0.032    -0.005
    21.770    -0.012     0.029    -0.001
    21.780     0.017    -0.001     0.021
    21.790     0.001     0.034     0.007
    21.800     0.007    -0.006    -0.040
    21.810     0.016    -0.062     0.008
    21.820    -0.017     0.013     0.024
    21.830     0.003     0.015    -0.016
    21.840     0.010    -0.009     0.020
    21.850     0.010    -0.001    -0.009
    21.860     0.011     0.025    -0.005
    21.870     0.002     0.015     0.005
    21.880    -0.001    -0.027    -0.040
    21.890    -0.008    -0.015    -0.008
    21.900     0.014     0.016     0.056
    21.910     0.034    -0.011     0.021
    21.920     0.006    -0.001    -0.007
    21.930    -0.015     0.013    -0.022
    21.940    -0.013     0.003    -0.040
    21.950     0.013     0.030     0.018
    21.960     0.015    -0.061     0.023
    21.970     0.006     0.020     0.056
    21.980     0.019     0.057    -0.059
    21.990    -0.012    -0.078    -0.044
    22.000     0.011     0.020     0.071
    22.010     0.022    -0.001    -0.061
    22.020    -0.011     0.003     0.035
    22.030     0.009     0.035     0.023
    22.040     0.000    -0.066    -0.049
    22.050    -0.005     0.040     0.039
    22.060     0.016     0.004    -0.018
    22.070     0.012    -0.053     0.025
    22.080     0.014     0.047    -0.007
    22.090    -0.003    -0.015    -0.036
    22.100    -0.010    -0.016     0.054
    22.110     0.017     0.021    -0.025
    22.120     0.000     0.012    -0.002
    22.130     0.011    -0.001     0.023
    22.140     0.007    -0.022    -0.035
    22.150    -0.005    -0.001    -0.002
    22.160     0.006     0.006     0.016
    22.170    -0.001     0.018     0.019
    22.180     0.020     0.002    -0.012
    22.190    -0.001    -0.022    -0.002
    22.200    -0.005     0.003    -0.003
    22.210     0.015     0.006    -0.014
    22.220     0.005    -0.006     0.022
    22.230     0.004     0.007     0.001
    22.240     0.001    -0.013     0.010
    22.250     0.009     0.005     0.002
    22.260    -0.008    -0.006    -0.033
    22.270    -0.007    -0.001     0.028
    22.280     0.018     0.050    -0.006
    22.290    -0.001    -0.010    -0.010
    22.300     0.012    -0.022     0.030
    22.310     0.011    -0.007    -0.037
    22.320     0.006    -0.016     0.037
    22.330     0.020    -0.007     0.012
    22.340    -0.020     0.007    -0.066
    22.350     0.015    -0.008     0.032
    22.360     0.014     0.020     0.040
    22.370    -0.005     0.040    -0.030
    22.380     0.023    -0.032    -0.035
    22.390    -0.019    -0.014     0.012
    22.400     0.007     0.003     0.026
    22.410     0.030    -0.002     0.015
    22.420     0.001     0.001    -0.023
    22.430    -0.001    -0.009    -0.013
    22.440     0.000     0.012     0.013
    22.450     0.006     0.009    -0.005
    22.460     0.010    -0.009     0.015
    22.470     0.012    -0.013    -0.004
    22.480    -0.006    -0.002    -0.013
    22.490     0.005     0.008     0.002
    22.500     0.017     0.001     0.000
    22.510     0.003    -0.002     0.005
    22.520     0.002     0.001    -0.005
    22.530     0.000    -0.006     0.012
    22.540     0.009     0.006     0.017
    22.550     0.012     0.005    -0.029
    22.560     0.005    -0.002    -0.020
    22.570     0.012    -0.013     0.022
    22.580     0.016    -0.018     0.011
    22.590     0.004     0.023     0.003
    22.600     0.003     0.005    -0.006
    22.610     0.002    -0.008    -0.006
    22.620     0.009     0.004    -0.005
    22.630     0.017    -0.007    -0.006
    22.640     0.011     0.006     0.008
    22.650     0.016    -0.006     0.008
    22.660     0.003     0.002     0.000
    22.670     0.005     0.007    -0.013
    22.680     0.008    -0.014     0.010
    22.690     0.014     0.006     0.002
    22.700     0.019     0.006    -0.006
    22.710     0.004    -0.006     0.013
    22.720     0.012    -0.001    -0.025
    22.730     0.007     0.000    -0.009
    22.740     0.014     0.003     0.027
    22.750     0.023    -0.007    -0.001
    22.760     0.009     0.004    -0.015
    22.770     0.009     0.004     0.006
    22.780     0.013    -0.012     0.001
    22.790     0.011     0.002     0.002
    22.800     0.003    -0.003     0.004
    22.810     0.007     0.007    -0.008
    22.820     0.017     0.002     0.003
    22.830     0.008    -0.015     0.004
    22.840     0.004    -0.007    -0.002
    22.850     0.004    -0.014     0.010
    22.860     0.006     0.015     0.020
    22.870     0.014     0.018    -0.009
    22.880     0.011    -0.004    -0.020
    22.890     0.015     0.006    -0.020
    22.900     0.004    -0.001     0.003
    22.910    -0.001    -0.016     0.045
    22.920     0.008    -0.009     0.005
    22.930     0.004     0.012    -0.025
    22.940     0.009    -0.005     0.003
    22.950     0.007    -0.009     0.016
    22.960     0.009     0.013    -0.015
    22.970     0.005     0.004    -0.023
    22.980    -0.002     0.007     0.010
    22.990     0.013    -0.021     0.008
    23.000     0.017    -0.006     0.022
    23.010     0.014     0.009    -0.008
    23.020     0.004    -0.012    -0.017
    23.030     0.007     0.017     0.015
    23.040     0.009    -0.041    -0.015
    23.050    -0.003     0.002     0.023
    23.060     0.003    -0.036    -0.019
    23.070    -0.031    -0.030     0.014
    23.080     0.046     0.127     0.041
    23.090     0.088     0.020    -0.104
    23.100    -0.063    -0.091     0.033
    23.110    -0.010    -0.015     0.105
    23.120     0.078     0.093    -0.124
    23.130    -0.050    -0.082    -0.006
    23.140    -0.021     0.002     0.158
    23.150     0.075     0.083    -0.167
    23.160    -0.022    -0.133     0.029
    23.170    -0.017     0.081     0.188
    23.180     0.044     0.050    -0.249
    23.190    -0.017    -0.096     0.039
    23.200     0.017     0.038     0.197
    23.210     0.028     0.009    -0.170
    23.220    -0.015    -0.021    -0.009
    23.230     0.007     0.026     0.116
    23.240     0.009     0.000    -0.075
    23.250     0.028    -0.027     0.010
    23.260    -0.003     0.023     0.042
    23.270    -0.018     0.021    -0.078
    23.280     0.033    -0.027     0.043
    23.290     0.011     0.002     0.033
    23.300    -0.009     0.008    -0.054
    23.310     0.009    -0.011     0.036
    23.320     0.006     0.018     0.010
    23.330    -0.003    -0.011    -0.037
    23.340     0.024    -0.024     0.043
    23.350    -0.002     0.026    -0.005
    23.360     0.001     0.006    -0.043
    23.370     0.029    -0.032     0.030
    23.380    -0.019     0.002     0.003
    23.390     0.011     0.013     0.000
    23.400     0.007    -0.005     0.011
    23.410    -0.016     0.004    -0.006
    23.420     0.030     0.003    -0.009
    23.430     0.007    -0.003    -0.010
    23.440     0.000    -0.002     0.014
    23.450     0.026    -0.011     0.011
    23.460    -0.001     0.001     0.002
    23.470    -0.002     0.013    -0.015
    23.480     0.015    -0.007    -0.002
    23.490     0.001    -0.001     0.014
    23.500     0.008     0.002    -0.006
    23.510     0.013     0.000    -0.016
    23.520     0.000     0.004     0.010
    23.530     0.014    -0.005     0.012
    23.540     0.012     0.002    -0.012
    23.550    -0.007     0.001     0.016
    23.560     0.013    -0.004    -0.004
    23.570     0.012     0.007    -0.016
    23.580     0.002     0.000     0.012
    23.590     0.015    -0.001     0.002
    23.600     0.010    -0.001    -0.003
    23.610     0.004    -0.004     0.008
    23.620     0.010     0.002     0.000
    23.630     0.007     0.004    -0.006
    23.640     0.009    -0.002     0.007
    23.650     0.009    -0.002    -0.004
    23.660     0.001     0.010    -0.003
    23.670     0.014    -0.009     0.002
    23.680     0.010    -0.010    -0.002
    23.690     0.004     0.009     0.003
    23.700     0.009    -0.005    -0.001
    23.710     0.004    -0.001    -0.002
    23.720     0.010     0.011     0.006
    23.730     0.016    -0.001    -0.003
    23.740     0.006    -0.002     0.001
    23.750     0.010     0.003     0.009
    23.760     0.014     0.001    -0.015
    23.770     0.002    -0.003     0.004
    23.780     0.014     0.003     0.009
    23.790     0.012     0.006    -0.012
    23.800     0.000    -0.005     0.013
    23.810     0.005     0.005     0.008
    23.820     0.013     0.005    -0.023
    23.830     0.023     0.004     0.008
    23.840     0.015     0.000     0.014
    23.850     0.012    -0.003    -0.021
    23.860     0.010    -0.002     0.004
    23.870     0.006    -0.019     0.010
    23.880     0.010    -0.006    -0.011
    23.890     0.000     0.007     0.007
    23.900     0.008    -0.007     0.010
    23.910     0.015     0.001    -0.014
    23.920     0.003     0.009     0.010
    23.930     0.013    -0.012    -0.001
    23.940     0.014    -0.005    -0.019
    23.950     0.011     0.004     0.022
    23.960     0.013    -0.009     0.001
    23.970     0.007    -0.003    -0.024
    23.980     0.003     0.009    -0.003
    23.990     0.000     0.007     0.024
    24.000     0.020    -0.009     0.006
    24.010     0.010     0.011    -0.009
    24.020     0.009     0.001     0.007
    24.030     0.018    -0.015    -0.005
    24.040     0.003     0.010     0.001
    24.050     0.014    -0.006     0.004
    24.060     0.009     0.000     0.005
    24.070     0.007     0.001    -0.009
    24.080     0.006    -0.002    -0.006
    24.090     0.001     0.008     0.015
    24.100     0.015    -0.007    -0.005
    24.110     0.005     0.007    -0.001
    24.120     0.002    -0.004     0.001
    24.130     0.007    -0.008    -0.002
    24.140     0.008     0.005     0.003
    24.150     0.009    -0.004     0.004
    24.160     0.006     0.007     0.003
    24.170     0.005    -0.007    -0.007
    24.180     0.005     0.002     0.006
    24.190     0.006     0.010    -0.008
    24.200     0.003    -0.012     0.000
    24.210     0.006    -0.001     0.015
    24.220     0.007     0.004    -0.011
    24.230     0.001     0.004     0.005
    24.240     0.007    -0.006     0.000
    24.250     0.007     0.003    -0.007
    24.260     0.005     0.005     0.012
    24.270     0.008    -0.010    -0.007
    24.280     0.007     0.007    -0.007
    24.290     0.005    -0.005     0.009
    24.300     0.007    -0.001     0.005
    24.310     0.010     0.008    -0.009
    24.320     0.001    -0.007     0.002
    24.330     0.005     0.000     0.005
    24.340     0.007     0.005    -0.011
    24.350     0.004     0.000     0.005
    24.360     0.009    -0.001     0.003
    24.370     0.005    -0.002    -0.005
    24.380     0.006     0.000     0.004
    24.390     0.008    -0.001    -0.004
    24.400     0.003     0.001     0.001
    24.410     0.008    -0.004     0.005
    24.420     0.007    -0.003    -0.002
    24.430     0.002     0.005     0.004
    24.440     0.006    -0.003     0.002
    24.450     0.001    -0.001    -0.007
    24.460     0.003    -0.002     0.000
    24.470     0.007    -0.001     0.003
    24.480     0.004     0.002    -0.005
    24.490     0.007     0.002     0.001
    24.500     0.007     0.000     0.000
    24.510     0.007    -0.005    -0.004
    24.520     0.006     0.002     0.008
    24.530     0.010    -0.001    -0.002
    24.540     0.011     0.001    -0.004
    24.550     0.008     0.000     0.006
    24.560     0.011    -0.003    -0.002
    24.570     0.011     0.005    -0.001
    24.580     0.009     0.000     0.002
    24.590     0.006     0.000    -0.006
    24.600     0.008    -0.003    -0.001
    24.610     0.008     0.003     0.002
    24.620     0.000    -0.001    -0.005
    24.630     0.004    -0.012     0.000
    24.640     0.002     0.003     0.002
    24.650     0.001    -0.002    -0.003
    24.660     0.007     0.000     0.003
    24.670     0.007     0.001     0.000
    24.680     0.002    -0.008    -0.003
    24.690     0.004     0.007     0.001
    24.700     0.009     0.005    -0.009
    24.710     0.006    -0.001     0.003
    24.720     0.004     0.003     0.009
    24.730     0.005     0.000    -0.011
    24.740     0.004    -0.004     0.008
    24.750     0.006    -0.005     0.011
    24.760     0.005    -0.004    -0.006
    24.770     0.005    -0.003     0.005
    24.780    -0.001     0.002     0.003
    24.790     0.002     0.000    -0.007
    24.800     0.009    -0.005     0.001
    24.810    -0.004     0.008     0.008
    24.820     0.006     0.001    -0.005
    24.830     0.006    -0.008    -0.002
    24.840    -0.007     0.000     0.005
    24.850     0.010    -0.006    -0.006
    24.860    -0.002    -0.007     0.001
    24.870    -0.003     0.003     0.002
    24.880     0.009     0.020     0.001
    24.890     0.005     0.002     0.003
    24.900     0.009    -0.008     0.000
    24.910     0.004     0.009    -0.012
    24.920     0.001     0.001    -0.004
    24.930     0.007     0.003     0.014
    24.940     0.010    -0.007    -0.012
    24.950     0.001     0.000     0.006
    24.960     0.003     0.003     0.012
    24.970     0.007    -0.006    -0.013
    24.980     0.005     0.008     0.004
    24.990     0.010     0.000     0.001
    25.000     0.003    -0.009     0.003
    25.010     0.009     0.001     0.003
    25.020     0.006     0.007    -0.010
    25.030    -0.002    -0.001     0.009
    25.040     0.011     0.002     0.003
    25.050     0.003    -0.001    -0.012
    25.060     0.003     0.001     0.007
    25.070     0.011     0.000     0.001
    25.080    -0.001    -0.008    -0.001
    25.090     0.006     0.008     0.006
    25.100     0.010     0.004     0.000
    25.110     0.007    -0.010    -0.003
    25.120     0.008     0.003     0.000
    25.130     0.003     0.002     0.004
    25.140     0.006    -0.009    -0.005
    25.150     0.003     0.008     0.011
    25.160     0.006    -0.005     0.000
    25.170     0.010    -0.004    -0.011
    25.180     0.004     0.004     0.001
    25.190     0.005    -0.005    -0.005
    25.200    -0.001     0.003     0.002
    25.210     0.001     0.005     0.013
    25.220     0.012    -0.001     0.004
    25.230     0.005    -0.006    -0.012
    25.240     0.005     0.008     0.012
    25.250     0.010    -0.017    -0.005
    25.260    -0.001     0.013     0.006
    25.270     0.007     0.007     0.000
    25.280     0.002    -0.027    -0.003
    25.290     0.004     0.035     0.024
    25.300     0.005    -0.019    -0.026
    25.310    -0.005    -0.013     0.028
    25.320     0.019     0.018    -0.009
    25.330    -0.007     0.001    -0.013
    25.340    -0.009     0.023     0.035
    25.350     0.012    -0.027    -0.037
    25.360     0.001     0.020     0.006
    25.370     0.010     0.032    -0.004
    25.380    -0.005    -0.043    -0.008
    25.390     0.000    -0.011     0.018
    25.400     0.013     0.008    -0.013
    25.410     0.000     0.008     0.016
    25.420     0.019    -0.002     0.007
    25.430     0.010    -0.024    -0.010
    25.440    -0.004     0.004     0.008
    25.450     0.007    -0.003    -0.005
    25.460     0.003    -0.011    -0.015
    25.470    -0.003     0.005     0.012
    25.480     0.006    -0.012     0.013
    25.490     0.002     0.002    -0.011
    25.500    -0.004     0.012    -0.004
    25.510     0.009    -0.010     0.001
    25.520    -0.001     0.006     0.000
    25.530     0.007    -0.005     0.004
    25.540     0.013    -0.011     0.000
    25.550    -0.001     0.012    -0.002
    25.560     0.010    -0.005     0.005
    25.570     0.002    -0.007     0.001
    25.580     0.000    -0.002     0.004
    25.590     0.007     0.007     0.001
    25.600     0.000     0.003    -0.011
    25.610     0.004    -0.005     0.005
    25.620     0.005     0.007    -0.006
    25.630     0.007    -0.006    -0.002
    25.640     0.008     0.004     0.009
    25.650    -0.001    -0.011    -0.005
    25.660     0.002    -0.018     0.017
    25.670     0.004     0.020     0.001
    25.680     0.000     0.002    -0.009
    25.690     0.012    -0.002     0.005
    25.700     0.000     0.008    -0.016
    25.710    -0.002    -0.008     0.001
    25.720     0.012    -0.014     0.012
    25.730     0.005     0.009    -0.011
    25.740     0.006     0.009    -0.002
    25.750    -0.002    -0.018     0.021
    25.760    -0.001    -0.004    -0.014
    25.770     0.000     0.008    -0.002
    25.780     0.001    -0.009     0.005
    25.790     0.003     0.005    -0.003
    25.800     0.000     0.009     0.018
    25.810     0.013    -0.002    -0.022
    25.820    -0.014     0.002     0.039
    25.830     0.026    -0.025    -0.082
    25.840     0.008     0.009    -0.052
    25.850    -0.051     0.022     0.144
    25.860     0.024    -0.011    -0.016
    25.870     0.015     0.010    -0.017
    25.880    -0.002    -0.012     0.014
    25.890     0.009    -0.008    -0.021
    25.900     0.001     0.000    -0.008
    25.910     0.002    -0.005     0.020
    25.920    -0.009     0.000     0.024
    25.930     0.011     0.000    -0.041
    25.940     0.007     0.012     0.039
    25.950     0.011    -0.014     0.002
    25.960    -0.004    -0.004    -0.012
    25.970    -0.002     0.012     0.033
    25.980     0.023    -0.016    -0.036
    25.990     0.002     0.001     0.003
    26.000     0.009     0.005     0.004
    26.010     0.000    -0.024    -0.005
    26.020     0.000    -0.001    -0.004
    26.030     0.005     0.018    -0.006
    26.040     0.002     0.023     0.026
    26.050     0.021     0.036    -0.043
    26.060     0.017    -0.012    -0.019
    26.070     0.017    -0.046     0.043
    26.080    -0.006    -0.004    -0.014
    26.090    -0.007    -0.006    -0.008
    26.100     0.018    -0.029     0.040
    26.110     0.001     0.010     0.028
    26.120     0.009     0.026    -0.013
    26.130     0.003     0.009    -0.024
    26.140    -0.005     0.005    -0.014
    26.150     0.010    -0.008    -0.009
    26.160     0.003    -0.014     0.017
    26.170     0.008    -0.008     0.018
    26.180     0.013     0.001    -0.009
    26.190     0.005     0.031    -0.018
    26.200     0.000     0.017     0.008
    26.210     0.014    -0.036     0.013
    26.220     0.014    -0.020     0.002
    26.230    -0.006     0.005     0.012
    26.240     0.007    -0.003    -0.019
    26.250     0.009     0.007    -0.013
    26.260     0.005     0.005     0.017
    26.270     0.010    -0.013     0.004
    26.280    -0.001    -0.002     0.007
    26.290     0.004     0.013     0.007
    26.300     0.005    -0.009    -0.013
    26.310     0.000    -0.004    -0.018
    26.320     0.009     0.009     0.004
    26.330     0.014    -0.006     0.012
    26.340     0.008     0.003     0.009
    26.350    -0.004    -0.005     0.001
    26.360     0.002    -0.014    -0.015
    26.370     0.004     0.007     0.010
    26.380     0.010     0.004     0.006
    26.390     0.014    -0.005    -0.016
    26.400     0.005    -0.002     0.003
    26.410     0.004    -0.005     0.011
    26.420    -0.002     0.006     0.007
    26.430     0.003    -0.002    -0.009
    26.440     0.007    -0.002    -0.001
    26.450     0.007    -0.001    -0.004
    26.460     0.005     0.008     0.007
    26.470     0.009    -0.005     0.003
    26.480     0.006    -0.007    -0.010
    26.490     0.002     0.006     0.004
    26.500     0.017    -0.028    -0.018
    26.510     0.004     0.019     0.017
    26.520    -0.001    -0.024     0.001
    26.530    -0.004    -0.054     0.002
    26.540     0.021     0.041     0.012
    26.550     0.041     0.069    -0.042
    26.560    -0.016    -0.075    -0.004
    26.570    -0.029    -0.086     0.070
    26.580     0.050     0.115    -0.047
    26.590     0.001    -0.054    -0.061
    26.600    -0.051    -0.055     0.132
    26.610     0.081     0.098    -0.105
    26.620    -0.007    -0.073    -0.054
    26.630    -0.068     0.022     0.211
    26.640     0.045     0.099    -0.107
    26.650     0.008    -0.031    -0.089
    26.660    -0.008    -0.014     0.182
    26.670     0.007     0.005    -0.037
    26.680     0.013     0.009    -0.123
    26.690    -0.020     0.003     0.119
    26.700    -0.008    -0.027     0.028
    26.710     0.034     0.003    -0.062
    26.720    -0.003     0.018     0.066
    26.730     0.000    -0.003     0.003
    26.740     0.014    -0.003    -0.046
    26.750     0.018    -0.012    -0.005
    26.760    -0.013    -0.006    -0.010
    26.770    -0.002     0.002     0.014
    26.780     0.026    -0.017    -0.004
    26.790    -0.008     0.024    -0.018
    26.800     0.003     0.002     0.002
    26.810     0.003    -0.011    -0.022
    26.820     0.013     0.021     0.010
    26.830     0.011    -0.024     0.014
    26.840    -0.013    -0.009    -0.009
    26.850     0.018     0.007     0.003
    26.860     0.007    -0.002    -0.011
    26.870    -0.003    -0.003     0.023
    26.880     0.018    -0.003     0.003
    26.890     0.003     0.004    -0.015
    26.900    -0.001    -0.007     0.015
    26.910     0.011    -0.001    -0.010
    26.920     0.004     0.008     0.006
    26.930     0.008    -0.004     0.004
    26.940     0.016     0.003    -0.010
    26.950    -0.001     0.010     0.006
    26.960     0.010    -0.009    -0.006
    26.970     0.011    -0.002    -0.007
    26.980    -0.005     0.007     0.026
    26.990     0.020    -0.004    -0.003
    27.000    -0.001     0.006    -0.027
    27.010    -0.003    -0.005     0.022
    27.020     0.026    -0.009     0.000
    27.030     0.003     0.018    -0.006
    27.040     0.006    -0.006     0.012
    27.050     0.006    -0.006    -0.012
    27.060     0.007     0.000     0.002
    27.070     0.013     0.004     0.008
    27.080     0.011     0.003    -0.002
    27.090     0.013    -0.006     0.002
    27.100     0.003     0.016    -0.004
    27.110     0.008    -0.010    -0.011
    27.120     0.007    -0.001     0.006
    27.130     0.010     0.008     0.007
    27.140     0.014    -0.006    -0.006
    27.150     0.000    -0.006     0.010
    27.160     0.004     0.009    -0.001
    27.170     0.003    -0.002    -0.008
    27.180     0.009     0.007     0.022
    27.190     0.000    -0.024    -0.016
    27.200     0.001    -0.011     0.022
    27.210     0.038     0.077     0.016
    27.220    -0.002    -0.029    -0.043
    27.230     0.017    -0.005     0.013
    27.240    -0.003    -0.037    -0.020
    27.250    -0.021     0.044     0.058
    27.260     0.048    -0.022    -0.045
    27.270    -0.029    -0.037    -0.022
    27.280     0.040     0.105     0.052
    27.290    -0.048    -0.218    -0.025
    27.300     0.022     0.221     0.127
    27.310     0.125     0.084    -0.244
    27.320    -0.169    -0.268     0.115
    27.330     0.084     0.107     0.263
    27.340     0.059    -0.028    -0.426
    27.350    -0.109     0.016     0.196
    27.360     0.053     0.002     0.221
    27.370     0.001     0.016    -0.331
    27.380     0.002    -0.012     0.161
    27.390    -0.011    -0.002     0.106
    27.400     0.041     0.029    -0.253
    27.410    -0.012    -0.051     0.110
    27.420    -0.003     0.032     0.093
    27.430     0.026    -0.003    -0.176
    27.440    -0.005     0.009     0.005
    27.450     0.027    -0.019     0.133
    27.460    -0.025     0.031    -0.089
    27.470     0.040    -0.032    -0.028
    27.480     0.003    -0.005     0.074
    27.490    -0.027     0.047    -0.101
    27.500     0.058    -0.064     0.088
    27.510    -0.006     0.033     0.009
    27.520    -0.020    -0.001    -0.058
    27.530     0.040    -0.014     0.057
    27.540    -0.009     0.016    -0.009
    27.550    -0.002    -0.011     0.001
    27.560     0.024     0.003    -0.025
    27.570    -0.011     0.016     0.030
    27.580     0.039     0.009    -0.029
    27.590     0.004    -0.030     0.018
    27.600    -0.009     0.010     0.012
    27.610     0.032     0.005    -0.045
    27.620     0.007     0.001     0.039
    27.630     0.009    -0.007    -0.019
    27.640     0.005     0.002     0.021
    27.650    -0.003     0.002    -0.018
    27.660    -0.013    -0.037    -0.003
    27.670     0.037     0.042     0.051
    27.680     0.025     0.034    -0.012
    27.690     0.003     0.014    -0.058
    27.700     0.001    -0.098    -0.018
    27.710    -0.031    -0.030     0.114
    27.720     0.041     0.169    -0.063
    27.730     0.026    -0.053    -0.053
    27.740    -0.014    -0.098     0.117
    27.750    -0.003     0.028    -0.072
    27.760    -0.004     0.020    -0.027
    27.770     0.035     0.067     0.037
    27.780     0.025    -0.021    -0.046
    27.790    -0.027    -0.101     0.101
    27.800     0.011     0.065     0.012
    27.810     0.022     0.016    -0.142
    27.820    -0.028    -0.098     0.063
    27.830     0.044     0.023     0.063
    27.840    -0.024     0.007    -0.089
    27.850    -0.033     0.059     0.110
    27.860     0.081     0.017    -0.059
    27.870    -0.029    -0.056    -0.120
    27.880     0.006     0.014     0.230
    27.890     0.055    -0.091    -0.166
    27.900    -0.115     0.070    -0.087
    27.910     0.026     0.083     0.209
    27.920     0.117    -0.116    -0.061
    27.930    -0.086     0.041    -0.010
    27.940     0.011     0.008     0.034
    27.950     0.015    -0.001    -0.022
    27.960    -0.030     0.051    -0.062
    27.970     0.041    -0.103     0.117
    27.980    -0.010     0.062    -0.019
    27.990     0.001     0.069    -0.074
    28.000     0.027    -0.087     0.131
    28.010     0.004     0.037    -0.094
    28.020    -0.018    -0.018    -0.010
    28.030     0.019    -0.013     0.042
    28.040    -0.016     0.045    -0.039
    28.050     0.035    -0.043    -0.009
    28.060     0.002    -0.002     0.031
    28.070    -0.051     0.041    -0.003
    28.080     0.066    -0.008    -0.056
    28.090    -0.013    -0.031     0.054
    28.100    -0.020     0.007    -0.010
    28.110     0.018     0.006    -0.014
    28.120    -0.003     0.000     0.009
    28.130     0.018     0.012    -0.010
    28.140     0.008    -0.008     0.014
    28.150     0.002    -0.009    -0.004
    28.160    -0.006     0.014     0.001
    28.170     0.003    -0.011     0.011
    28.180     0.013    -0.012     0.000
    28.190     0.006     0.018    -0.014
    28.200     0.006    -0.025     0.014
    28.210    -0.008     0.022     0.002
    28.220    -0.015     0.012     0.005
    28.230     0.028    -0.031     0.004
    28.240     0.006     0.030    -0.009
    28.250     0.008    -0.005    -0.009
    28.260     0.003    -0.022     0.005
    28.270    -0.017     0.009    -0.010
    28.280     0.019     0.020     0.004
    28.290    -0.001    -0.032     0.011
    28.300     0.009     0.004    -0.015
    28.310     0.016     0.043     0.056
    28.320    -0.014    -0.031    -0.009
    28.330    -0.006     0.009    -0.060
    28.340     0.013     0.009     0.010
    28.350     0.007    -0.027     0.021
    28.360     0.005    -0.003     0.001
    28.370     0.008     0.020     0.001
    28.380    -0.001     0.003     0.002
    28.390    -0.001     0.015    -0.024
    28.400     0.003     0.008     0.001
    28.410     0.010    -0.033     0.024
    28.420     0.012    -0.018     0.004
    28.430    -0.004    -0.029    -0.012
    28.440    -0.003     0.032     0.019
    28.450     0.001     0.011    -0.019
    28.460    -0.005     0.019    -0.011
    28.470    -0.002     0.043     0.028
    28.480    -0.006    -0.024    -0.007
    28.490     0.051     0.044     0.008
    28.500     0.001    -0.078    -0.078
    28.510    -0.043    -0.041     0.038
    28.520     0.041     0.055     0.056
    28.530    -0.015    -0.073    -0.070
    28.540    -0.032     0.033     0.093
    28.550     0.026     0.027    -0.014
    28.560     0.027     0.007    -0.050
    28.570    -0.006     0.012     0.071
    28.580    -0.001    -0.044    -0.040
    28.590     0.019     0.024    -0.043
    28.600    -0.009    -0.014     0.057
    28.610     0.020    -0.011     0.027
    28.620     0.010     0.019    -0.033
    28.630    -0.016    -0.008     0.016
    28.640     0.001     0.021     0.028
    28.650     0.006    -0.002    -0.030
    28.660     0.006    -0.029    -0.030
    28.670     0.003     0.009     0.032
    28.680     0.018     0.010    -0.030
    28.690    -0.011     0.012    -0.012
    28.700     0.011    -0.008     0.023
    28.710     0.013    -0.028    -0.025
    28.720    -0.030     0.031     0.035
    28.730     0.010    -0.003    -0.020
    28.740     0.016    -0.022    -0.010
    28.750     0.009     0.002     0.019
    28.760    -0.002     0.006    -0.013
    28.770     0.002     0.010    -0.010
    28.780     0.010    -0.025    -0.008
    28.790    -0.011     0.015     0.032
    28.800     0.000     0.012    -0.016
    28.810     0.006    -0.012    -0.010
    28.820     0.006     0.004     0.014
    28.830    -0.004     0.002     0.001
    28.840     0.007     0.006    -0.002
    28.850     0.008    -0.017    -0.004
    28.860     0.001     0.000     0.028
    28.870     0.008     0.004    -0.012
    28.880    -0.001     0.007    -0.010
    28.890     0.016    -0.001     0.018
    28.900     0.002    -0.006    -0.007
    28.910     0.001     0.012     0.001
    28.920     0.006    -0.014    -0.001
    28.930    -0.004     0.009     0.003
    28.940     0.007    -0.006    -0.010
    28.950    -0.009     0.027     0.024
    28.960     0.017    -0.043    -0.015
    28.970     0.004    -0.053    -0.021
    28.980    -0.014     0.078     0.033
    28.990     0.016    -0.055    -0.084
    29.000     0.003     0.073     0.066
    29.010    -0.035     0.013     0.040
    29.020     0.048    -0.056    -0.023
    29.030     0.076     0.058    -0.051
    29.040    -0.152    -0.086    -0.054
    29.050     0.049     0.075     0.206
    29.060     0.128    -0.035    -0.164
    29.070    -0.154    -0.047     0.001
    29.080     0.041     0.083     0.151
    29.090     0.045    -0.017    -0.171
    29.100    -0.023    -0.009     0.104
    29.110     0.019    -0.014     0.018
    29.120    -0.029     0.063    -0.109
    29.130     0.051    -0.062     0.020
    29.140    -0.042     0.008     0.131
    29.150     0.011     0.053    -0.058
    29.160     0.037    -0.069    -0.135
    29.170    -0.073     0.048     0.123
    29.180     0.052    -0.019     0.021
    29.190     0.020    -0.033    -0.015
    29.200    -0.024     0.042     0.008
    29.210     0.006     0.002     0.000
    29.220     0.007    -0.010    -0.003
    29.230     0.019    -0.019    -0.013
    29.240    -0.017     0.011     0.053
    29.250     0.016     0.008    -0.027
    29.260     0.006     0.001     0.022
    29.270     0.015    -0.023    -0.015
    29.280    -0.004    -0.008    -0.040
    29.290    -0.014     0.051     0.084
    29.300     0.016    -0.065    -0.084
    29.310    -0.015     0.017     0.021
    29.320     0.020     0.031     0.021
    29.330    -0.015    -0.054    -0.081
    29.340     0.001     0.042     0.098
    29.350     0.033    -0.039    -0.076
    29.360    -0.022     0.019     0.024
    29.370     0.027     0.038     0.040
    29.380     0.005    -0.012    -0.108
    29.390    -0.022     0.027     0.079
    29.400     0.030    -0.051    -0.021
    29.410     0.003     0.004     0.017
    29.420     0.006    -0.001     0.010
    29.430    -0.024     0.017     0.000
    29.440     0.007    -0.009     0.027
    29.450     0.049    -0.006    -0.019
    29.460    -0.042     0.034     0.036
    29.470    -0.002    -0.086    -0.082
    29.480     0.011     0.079     0.031
    29.490    -0.003    -0.035    -0.048
    29.500     0.021     0.028     0.061
    29.510    -0.010     0.034     0.011
    29.520    -0.009    -0.072    -0.027
    29.530     0.060     0.121     0.070
    29.540    -0.043    -0.119    -0.220
    29.550    -0.053     0.058     0.244
    29.560     0.128    -0.007    -0.052
    29.570    -0.065    -0.081    -0.124
    29.580    -0.025     0.070     0.177
    29.590     0.068    -0.060    -0.153
    29.600    -0.066     0.044     0.100
    29.610     0.018    -0.036     0.007
    29.620     0.003     0.051    -0.029
    29.630     0.019    -0.001    -0.052
    29.640    -0.025    -0.042     0.062
    29.650     0.001     0.075     0.043
    29.660     0.050    -0.050    -0.142
    29.670    -0.047    -0.021     0.126
    29.680     0.018     0.023    -0.049
    29.690     0.003    -0.008     0.010
    29.700     0.012     0.011     0.039
    29.710     0.008     0.018    -0.053
    29.720    -0.009    -0.036     0.009
    29.730     0.017     0.001    -0.010
    29.740    -0.018     0.021     0.046
    29.750     0.026    -0.028    -0.049
    29.760    -0.009     0.010     0.043
    29.770     0.006     0.004    -0.007
    29.780     0.021    -0.018    -0.021
    29.790    -0.007     0.041     0.020
    29.800     0.008    -0.026    -0.082
    29.810    -0.022    -0.032     0.076
    29.820     0.040     0.043     0.026
    29.830     0.012    -0.026    -0.040
    29.840    -0.009     0.002     0.050
    29.850     0.028    -0.002    -0.046
    29.860    -0.020    -0.015    -0.023
    29.870     0.014    -0.013     0.068
    29.880     0.008     0.004    -0.033
    29.890     0.015     0.029    -0.011
    29.900     0.013    -0.047     0.031
    29.910    -0.034     0.049     0.010
    29.920     0.027     0.015     0.001
    29.930     0.004    -0.045    -0.010
    29.940    -0.007     0.021     0.001
    29.950     0.030    -0.009    -0.045
    29.960    -0.024     0.011     0.019
    29.970    -0.008    -0.018     0.011
    29.980     0.039     0.014    -0.009
    29.990    -0.013     0.005     0.002
    30.000    -0.036    -0.018     0.033
    30.010     0.056     0.046     0.027
    30.020     0.000    -0.027    -0.100
    30.030    -0.038    -0.042     0.062
    30.040     0.032    -0.013     0.015
    30.050    -0.023     0.014    -0.057
    30.060     0.019     0.023     0.070
    30.070     0.007    -0.033    -0.037
    30.080    -0.033     0.008     0.005
    30.090     0.032    -0.003     0.019
    30.100    -0.018     0.028     0.010
    30.110     0.007     0.021    -0.009
    30.120     0.007    -0.080    -0.037
    30.130    -0.007     0.010     0.059
    30.140     0.038     0.023    -0.022
    30.150    -0.012     0.001     0.010
    30.160     0.017     0.012     0.000
    30.170    -0.001    -0.035    -0.039
    30.180    -0.006    -0.017     0.058
    30.190     0.035     0.018     0.001
    30.200    -0.007     0.029    -0.022
    30.210     0.022    -0.014    -0.024
    30.220     0.002    -0.018     0.021
    30.230     0.004     0.012     0.029
    30.240     0.024     0.006    -0.012
    30.250    -0.007     0.009    -0.018
    30.260     0.023     0.001    -0.023
    30.270     0.011    -0.005     0.036
    30.280     0.003     0.007    -0.004
    30.290     0.011     0.006    -0.029
    30.300    -0.004     0.001    -0.010
    30.310    -0.001     0.007     0.017
    30.320     0.001     0.004     0.017
    30.330    -0.001     0.008    -0.040
    30.340    -0.004     0.011    -0.006
    30.350    -0.006    -0.009     0.022
    30.360    -0.005    -0.003     0.009
    30.370     0.002     0.010    -0.020
    30.380     0.007    -0.010    -0.031
    30.390    -0.011    -0.018     0.020
    30.400    -0.010     0.004     0.024
    30.410    -0.004    -0.001    -0.028
    30.420    -0.003     0.010    -0.012
    30.430     0.024     0.046    -0.007
    30.440    -0.036    -0.035     0.006
    30.450    -0.009    -0.040     0.058
    30.460     0.041     0.035    -0.003
    30.470    -0.018    -0.030    -0.043
    30.480     0.005     0.024     0.061
    30.490    -0.012    -0.015    -0.005
    30.500    -0.013    -0.011    -0.029
    30.510     0.000     0.014     0.047
    30.520    -0.002    -0.061    -0.012
    30.530    -0.012     0.008     0.051
    30.540     0.006    -0.063    -0.015
    30.550    -0.003     0.062     0.046
    30.560    -0.011    -0.054    -0.019
    30.570    -0.011     0.000    -0.012
    30.580    -0.079     0.019     0.051
    30.590     0.078    -0.084    -0.099
    30.600    -0.076     0.112     0.126
    30.610    -0.026    -0.154    -0.035
    30.620     0.121     0.062    -0.028
    30.630    -0.129    -0.031     0.006
    30.640     0.088    -0.082     0.036
    30.650     0.019     0.089     0.035
    30.660    -0.003    -0.107    -0.111
    30.670     0.089     0.046     0.138
    30.680    -0.033    -0.017    -0.107
    30.690     0.091     0.019    -0.003
    30.700    -0.004    -0.015     0.076
    30.710     0.041     0.036    -0.040
    30.720     0.045     0.021     0.026
    30.730    -0.014    -0.033    -0.043
    30.740     0.062     0.078     0.057
    30.750     0.027    -0.058    -0.064
    30.760     0.041     0.036     0.012
    30.770     0.030     0.032     0.000
    30.780     0.051     0.011    -0.081
    30.790     0.032     0.055     0.015
    30.800     0.031     0.038    -0.038
    30.810     0.046     0.069    -0.048
    30.820    -0.005     0.053    -0.029
    30.830    -0.002     0.073    -0.026
    30.840    -0.042     0.040    -0.021
    30.850    -0.060     0.033     0.032
    30.860    -0.067     0.014    -0.014
    30.870    -0.085    -0.003     0.008
    30.880    -0.071    -0.025    -0.002
    30.890    -0.087    -0.052    -0.017
    30.900    -0.056    -0.046     0.003
    30.910    -0.051    -0.048    -0.055
    30.920    -0.023    -0.009    -0.012
    30.930     0.032    -0.027    -0.077
    30.940     0.059    -0.005    -0.064
    30.950     0.092     0.005    -0.061
    30.960     0.034     0.051     0.008
    30.970     0.083     0.066     0.062
    30.980     0.090     0.023     0.041
    30.990     0.016     0.041     0.131
    31.000     0.019    -0.036     0.074
    31.010    -0.017    -0.001     0.121
    31.020    -0.031    -0.013     0.089
    31.030    -0.100    -0.055     0.094
    31.040    -0.098    -0.053     0.093
    31.050    -0.071    -0.086     0.002
    31.060    -0.086    -0.003     0.018
    31.070    -0.029    -0.028    -0.092
    31.080     0.003    -0.114    -0.115
    31.090     0.042    -0.052    -0.058
    31.100     0.092     0.025    -0.060
    31.110     0.114     0.009    -0.064
    31.120     0.110     0.015     0.021
    31.130     0.126     0.024     0.007
    31.140     0.103     0.052     0.063
    31.150     0.071     0.047     0.154
    31.160     0.041     0.004     0.085
    31.170    -0.034     0.023     0.098
    31.180    -0.022    -0.069     0.057
    31.190    -0.080    -0.074     0.085
    31.200    -0.104    -0.030     0.018
    31.210    -0.058    -0.083    -0.077
    31.220    -0.100    -0.045    -0.074
    31.230    -0.043    -0.032    -0.150
    31.240    -0.026    -0.034    -0.131
    31.250    -0.016    -0.002    -0.127
    31.260     0.032     0.036    -0.099
    31.270     0.053     0.028    -0.092
    31.280     0.080     0.033    -0.023
    31.290     0.069     0.049     0.050
    31.300     0.079     0.020     0.075
    31.310     0.052     0.042     0.168
    31.320     0.034     0.024     0.108
    31.330     0.045     0.023     0.072
    31.340     0.055     0.033     0.012
    31.350     0.040     0.076    -0.044
    31.360     0.005     0.118    -0.046
    31.370    -0.028     0.114    -0.088
    31.380    -0.071     0.112    -0.078
    31.390    -0.078     0.064    -0.106
    31.400    -0.081     0.057    -0.116
    31.410    -0.050     0.034    -0.134
    31.420    -0.035    -0.019    -0.124
    31.430    -0.020    -0.053    -0.032
    31.440    -0.012    -0.048     0.024
    31.450    -0.033    -0.070     0.054
    31.460     0.006    -0.114     0.042
    31.470     0.009    -0.092     0.008
    31.480     0.027    -0.095    -0.010
    31.490     0.036    -0.065    -0.023
    31.500     0.006     0.021     0.007
    31.510     0.011     0.047     0.068
    31.520    -0.009     0.089     0.116
    31.530     0.014     0.086     0.105
    31.540     0.015     0.030     0.092
    31.550    -0.009     0.027     0.080
    31.560     0.000    -0.032     0.047
    31.570    -0.030    -0.032     0.087
    31.580    -0.034    -0.022     0.096
    31.590    -0.032    -0.050     0.081
    31.600    -0.021     0.007     0.038
    31.610     0.002    -0.002    -0.064
    31.620    -0.004     0.017    -0.078
    31.630    -0.007     0.014    -0.102
    31.640    -0.016    -0.024    -0.089
    31.650    -0.017     0.009    -0.050
    31.660     0.012    -0.045    -0.046
    31.670     0.029    -0.026     0.024
    31.680     0.042    -0.049     0.003
    31.690     0.044    -0.054     0.061
    31.700     0.018     0.013     0.105
    31.710     0.017    -0.157     0.018
    31.720    -0.012    -0.183     0.106
    31.730    -0.009    -0.105     0.070
    31.740    -0.008    -0.100     0.023
    31.750    -0.023     0.013     0.050
    31.760    -0.009     0.005    -0.088
    31.770    -0.035     0.142    -0.033
    31.780    -0.004     0.038    -0.118
    31.790    -0.022     0.080    -0.051
    31.800     0.013     0.184    -0.080
    31.810     0.014    -0.145    -0.199
    31.820    -0.014     0.244     0.122
    31.830     0.146    -0.135    -0.168
    31.840     0.005    -0.023     0.170
    31.850     0.064     0.164     0.203
    31.860     0.136    -0.307    -0.066
    31.870    -0.084     0.293     0.239
    31.880     0.009    -0.159    -0.103
    31.890    -0.085     0.010     0.076
    31.900    -0.108     0.167    -0.097
    31.910    -0.046    -0.177    -0.080
    31.920    -0.062     0.215    -0.069
    31.930     0.027    -0.054    -0.301
    31.940     0.038     0.017     0.040
    31.950     0.091     0.088    -0.228
    31.960     0.043    -0.028    -0.091
    31.970     0.086     0.107    -0.055
    31.980     0.055     0.053    -0.187
    31.990    -0.035     0.002     0.087
    32.000     0.011     0.022     0.034
    32.010    -0.134    -0.017     0.143
    32.020    -0.113    -0.022     0.184
    32.030    -0.136    -0.033     0.129
    32.040    -0.124    -0.043     0.082
    32.050    -0.026    -0.081    -0.001
    32.060    -0.074    -0.023     0.015
    32.070     0.044     0.021    -0.103
    32.080     0.032    -0.021    -0.054
    32.090     0.088     0.009    -0.044
    32.100     0.119    -0.020    -0.070
    32.110     0.073     0.012     0.037
    32.120     0.099     0.009     0.075
    32.130     0.026     0.008     0.144
    32.140     0.058    -0.008     0.194
    32.150     0.058    -0.003     0.188
    32.160     0.081    -0.013     0.187
    32.170     0.109    -0.019     0.151
    32.180     0.057     0.031     0.067
    32.190     0.033     0.026     0.001
    32.200    -0.015     0.034    -0.082
    32.210    -0.051     0.020    -0.117
    32.220    -0.065     0.018    -0.136
    32.230    -0.059     0.008    -0.125
    32.240    -0.039     0.002    -0.082
    32.250    -0.020    -0.045    -0.012
    32.260    -0.014    -0.058     0.068
    32.270     0.002    -0.043     0.056
    32.280     0.018    -0.058     0.040
    32.290    -0.005    -0.015    -0.026
    32.300    -0.008     0.027    -0.115
    32.310    -0.015    -0.011    -0.142
    32.320    -0.022    -0.031    -0.089
    32.330    -0.001     0.090    -0.035
    32.340     0.012     0.077    -0.040
    32.350     0.012     0.060     0.043
    32.360     0.008    -0.002     0.017
    32.370     0.011    -0.005     0.023
    32.380    -0.018     0.066     0.052
    32.390    -0.059    -0.135     0.018
    32.400    -0.074     0.013     0.136
    32.410    -0.060    -0.058     0.012
    32.420    -0.033    -0.098     0.056
    32.430     0.003     0.141     0.016
    32.440    -0.019    -0.074    -0.127
    32.450    -0.037     0.023     0.092
    32.460    -0.008     0.080    -0.093
    32.470    -0.054    -0.050    -0.082
    32.480     0.012    -0.001     0.014
    32.490     0.048    -0.016    -0.199
    32.500     0.047    -0.022    -0.082
    32.510     0.090     0.023    -0.006
    32.520     0.039     0.015    -0.057
    32.530     0.050    -0.022     0.057
    32.540     0.016    -0.009     0.126
    32.550     0.022    -0.053     0.071
    32.560     0.018    -0.048     0.082
    32.570    -0.046    -0.045     0.102
    32.580    -0.054    -0.055     0.115
    32.590    -0.088    -0.036     0.095
    32.600    -0.054    -0.024     0.067
    32.610    -0.020     0.014     0.008
    32.620     0.018     0.024    -0.105
    32.630     0.029     0.067    -0.111
    32.640     0.008     0.076    -0.130
    32.650     0.031     0.070    -0.096
    32.660     0.027     0.091    -0.043
    32.670     0.040     0.032    -0.078
    32.680     0.056     0.019    -0.066
    32.690     0.043    -0.018    -0.030
    32.700     0.019    -0.065     0.064
    32.710    -0.019    -0.042     0.168
    32.720    -0.048    -0.085     0.192
    32.730    -0.044    -0.104     0.181
    32.740    -0.024    -0.096     0.133
    32.750     0.006    -0.109     0.066
    32.760     0.010    -0.071     0.032
    32.770    -0.015    -0.006    -0.011
    32.780    -0.014     0.050    -0.053
    32.790     0.003     0.101    -0.084
    32.800     0.036     0.146    -0.130
    32.810     0.058     0.179    -0.162
    32.820     0.047     0.167    -0.145
    32.830     0.000     0.148    -0.065
    32.840    -0.042     0.094    -0.008
    32.850    -0.065     0.021     0.031
    32.860    -0.079     0.003     0.059
    32.870    -0.052    -0.040     0.026
    32.880    -0.039    -0.053     0.001
    32.890    -0.026    -0.014    -0.003
    32.900    -0.024     0.021    -0.019
    32.910    -0.034     0.016    -0.009
    32.920    -0.023    -0.006     0.021
    32.930    -0.016    -0.039     0.011
    32.940    -0.001    -0.043     0.030
    32.950     0.011    -0.029     0.031
    32.960     0.005    -0.054     0.025
    32.970    -0.010    -0.069     0.059
    32.980    -0.032    -0.118     0.067
    32.990    -0.073    -0.116     0.103
    33.000    -0.086    -0.159     0.080
    33.010    -0.068    -0.147     0.017
    33.020    -0.067    -0.079    -0.026
    33.030    -0.024    -0.075    -0.070
    33.040     0.019     0.018    -0.085
    33.050     0.066     0.020    -0.075
    33.060     0.135     0.055    -0.091
    33.070     0.133     0.119    -0.185
    33.080     0.135     0.095    -0.201
    33.090     0.133     0.107    -0.179
    33.100     0.088     0.082    -0.142
    33.110     0.080     0.045    -0.003
    33.120     0.060     0.028     0.063
    33.130     0.036    -0.016     0.096
    33.140     0.023    -0.055     0.170
    33.150    -0.018    -0.045     0.150
    33.160    -0.046    -0.049     0.131
    33.170    -0.092    -0.053     0.134
    33.180    -0.130    -0.036     0.025
    33.190    -0.120    -0.024    -0.061
    33.200    -0.105     0.003    -0.080
    33.210    -0.060     0.061    -0.092
    33.220    -0.008     0.088    -0.085
    33.230     0.004     0.100    -0.023
    33.240     0.021     0.098     0.053
    33.250     0.057     0.025     0.076
    33.260     0.073    -0.020     0.085
    33.270     0.069    -0.053     0.032
    33.280     0.048    -0.067     0.010
    33.290     0.006    -0.068     0.047
    33.300    -0.029    -0.063     0.073
    33.310    -0.049    -0.001     0.114
    33.320    -0.063     0.024     0.090
    33.330    -0.055     0.034     0.051
    33.340    -0.046     0.020     0.013
    33.350    -0.063     0.006    -0.029
    33.360    -0.084     0.033    -0.040
    33.370    -0.098     0.035    -0.046
    33.380    -0.099     0.049    -0.034
    33.390    -0.059     0.024    -0.066
    33.400    -0.014     0.040    -0.090
    33.410     0.020     0.036    -0.109
    33.420     0.032     0.014    -0.085
    33.430     0.040     0.025     0.023
    33.440     0.082    -0.037     0.120
    33.450     0.110    -0.037     0.210
    33.460     0.133    -0.010     0.215
    33.470     0.155     0.057     0.140
    33.480     0.131    -0.012     0.054
    33.490     0.064     0.017     0.017
    33.500     0.017     0.076    -0.098
    33.510    -0.011     0.026    -0.115
    33.520    -0.040     0.113    -0.081
    33.530    -0.028    -0.110    -0.146
    33.540    -0.009    -0.053     0.021
    33.550     0.002    -0.037    -0.014
    33.560    -0.004    -0.267     0.001
    33.570    -0.049    -0.062     0.082
    33.580    -0.056    -0.080    -0.051
    33.590    -0.032    -0.083     0.009
    33.600    -0.073     0.018    -0.085
    33.610    -0.089    -0.002    -0.075
    33.620    -0.055     0.094    -0.011
    33.630    -0.054     0.121    -0.017
    33.640    -0.012     0.077     0.095
    33.650     0.006     0.088     0.074
    33.660    -0.006     0.046     0.100
    33.670    -0.002     0.004     0.076
    33.680    -0.048     0.044    -0.013
    33.690    -0.072     0.008    -0.069
    33.700    -0.045     0.004    -0.133
    33.710    -0.028    -0.013    -0.167
    33.720    -0.028    -0.047    -0.174
    33.730     0.015    -0.044    -0.112
    33.740     0.038    -0.052    -0.075
    33.750     0.034    -0.017    -0.088
    33.760     0.067    -0.006    -0.030
    33.770     0.096     0.003     0.011
    33.780     0.108    -0.011     0.037
    33.790     0.108    -0.032     0.115
    33.800     0.116    -0.043     0.107
    33.810     0.108    -0.065     0.106
    33.820     0.088    -0.064     0.087
    33.830     0.057    -0.040     0.055
    33.840     0.011    -0.020     0.075
    33.850    -0.034     0.017     0.055
    33.860    -0.083     0.055     0.045
    33.870    -0.107     0.031    -0.009
    33.880    -0.131     0.023    -0.031
    33.890    -0.111     0.011    -0.049
    33.900    -0.077    -0.014    -0.060
    33.910    -0.084     0.000    -0.025
    33.920    -0.076    -0.005    -0.008
    33.930    -0.046    -0.040     0.061
    33.940     0.002    -0.052     0.096
    33.950     0.023    -0.007     0.126
    33.960     0.029     0.026     0.130
    33.970     0.013     0.043     0.138
    33.980    -0.007     0.082     0.130
    33.990     0.015     0.088     0.032
    34.000    -0.021     0.090    -0.025
    34.010    -0.017     0.073    -0.122
    34.020     0.012     0.010    -0.188
    34.030    -0.006    -0.006    -0.178
    34.040     0.020    -0.022    -0.153
    34.050     0.039    -0.054    -0.084
    34.060     0.076    -0.014    -0.031
    34.070     0.060     0.021     0.007
    34.080     0.016     0.067     0.003
    34.090     0.001     0.098    -0.006
    34.100    -0.052     0.097     0.007
    34.110    -0.071     0.112    -0.030
    34.120    -0.135     0.014    -0.024
    34.130    -0.060    -0.150     0.012
    34.140     0.068    -0.157    -0.016
    34.150     0.019    -0.030    -0.096
    34.160     0.025     0.006    -0.105
    34.170     0.052    -0.010     0.030
    34.180     0.040     0.007     0.064
    34.190    -0.058     0.063     0.050
    34.200    -0.085     0.089     0.008
    34.210    -0.002     0.007    -0.064
    34.220    -0.007    -0.011    -0.002
    34.230     0.023     0.015    -0.006
    34.240     0.052    -0.001    -0.015
    34.250     0.054    -0.043     0.041
    34.260     0.032    -0.065     0.031
    34.270     0.020    -0.096    -0.061
    34.280     0.036    -0.108    -0.137
    34.290    -0.024    -0.070    -0.178
    34.300    -0.062    -0.057    -0.220
    34.310    -0.073    -0.045    -0.119
    34.320    -0.087    -0.064     0.031
    34.330    -0.073    -0.091     0.119
    34.340    -0.038    -0.138     0.137
    34.350     0.017    -0.159     0.108
    34.360     0.054    -0.122     0.109
    34.370     0.068    -0.037     0.156
    34.380     0.064     0.051     0.169
    34.390     0.048     0.109     0.149
    34.400     0.031     0.210     0.131
    34.410     0.023     0.245     0.052
    34.420     0.025     0.288     0.010
    34.430     0.012     0.239    -0.036
    34.440    -0.013     0.118    -0.022
    34.450    -0.015     0.071     0.004
    34.460    -0.031    -0.046    -0.007
    34.470    -0.033    -0.099     0.047
    34.480    -0.010    -0.132     0.004
    34.490    -0.010    -0.147    -0.008
    34.500     0.005    -0.073    -0.030
    34.510     0.006    -0.041    -0.086
    34.520    -0.020    -0.026    -0.060
    34.530    -0.032     0.003    -0.036
    34.540    -0.020     0.019     0.000
    34.550    -0.015     0.032     0.049
    34.560    -0.024     0.013     0.091
    34.570    -0.022    -0.029     0.108
    34.580    -0.011    -0.039     0.128
    34.590     0.013    -0.077     0.094
    34.600     0.014    -0.069     0.076
    34.610     0.010    -0.051     0.043
    34.620     0.007    -0.041     0.006
    34.630     0.010     0.020     0.038
    34.640     0.048     0.020    -0.009
    34.650     0.061     0.064    -0.046
    34.660     0.046     0.071    -0.105
    34.670     0.047     0.070    -0.164
    34.680    -0.006     0.141    -0.159
    34.690    -0.079     0.092    -0.145
    34.700    -0.070     0.090    -0.124
    34.710    -0.056     0.050    -0.180
    34.720    -0.057    -0.074    -0.173
    34.730    -0.026    -0.087    -0.084
    34.740     0.012    -0.078    -0.068
    34.750    -0.028    -0.045    -0.049
    34.760    -0.096    -0.032     0.028
    34.770    -0.062    -0.029     0.023
    34.780    -0.030    -0.009    -0.054
    34.790    -0.029     0.011    -0.105
    34.800    -0.008     0.014    -0.101
    34.810     0.019    -0.059     0.034
    34.820     0.033    -0.100     0.158
    34.830     0.032    -0.117     0.222
    34.840     0.074    -0.154     0.270
    34.850     0.104    -0.148     0.289
    34.860     0.095    -0.103     0.321
    34.870     0.096    -0.037     0.311
    34.880     0.071     0.033     0.277
    34.890     0.039     0.100     0.203
    34.900     0.043     0.136     0.084
    34.910     0.039     0.136    -0.019
    34.920     0.015     0.121    -0.121
    34.930    -0.020     0.120    -0.194
    34.940    -0.053     0.091    -0.232
    34.950    -0.076     0.044    -0.216
    34.960    -0.068     0.005    -0.168
    34.970     0.003    -0.038    -0.131
    34.980     0.070    -0.036    -0.093
    34.990     0.095    -0.030    -0.075
    35.000     0.092    -0.014    -0.027
    35.010     0.050     0.002     0.021
    35.020     0.011    -0.020     0.013
    35.030    -0.002    -0.021    -0.018
    35.040     0.002     0.015    -0.098
    35.050     0.012     0.030    -0.207
    35.060     0.012     0.052    -0.235
    35.070    -0.018     0.171    -0.129
    35.080    -0.058     0.225    -0.053
    35.090    -0.065     0.224    -0.025
    35.100    -0.079     0.192    -0.019
    35.110    -0.111     0.020    -0.002
    35.120    -0.119    -0.045     0.072
    35.130    -0.119    -0.083     0.039
    35.140    -0.145    -0.124     0.098
    35.150    -0.131    -0.129     0.236
    35.160    -0.074    -0.207     0.237
    35.170    -0.040    -0.156     0.287
    35.180     0.023    -0.103     0.289
    35.190     0.077    -0.092     0.199
    35.200     0.083    -0.026     0.112
    35.210     0.097     0.049     0.044
    35.220     0.115     0.099     0.013
    35.230     0.117     0.093    -0.095
    35.240     0.064     0.133    -0.162
    35.250     0.054     0.115    -0.179
    35.260     0.054     0.072    -0.175
    35.270    -0.005     0.041    -0.070
    35.280    -0.038    -0.039    -0.018
    35.290    -0.103    -0.111     0.023
    35.300    -0.113    -0.195     0.112
    35.310    -0.094    -0.230     0.113
    35.320    -0.078    -0.229     0.013
    35.330     0.011    -0.197    -0.054
    35.340     0.062    -0.125    -0.095
    35.350     0.082    -0.066    -0.128
    35.360     0.110    -0.017    -0.061
    35.370     0.148     0.035    -0.024
    35.380     0.126     0.077    -0.041
    35.390     0.085     0.092    -0.043
    35.400     0.086     0.085    -0.026
    35.410     0.055     0.039     0.034
    35.420     0.018    -0.001     0.055
    35.430    -0.031     0.014     0.032
    35.440    -0.084     0.033     0.020
    35.450    -0.112     0.031     0.034
    35.460    -0.125     0.028     0.029
    35.470    -0.100     0.054    -0.012
    35.480    -0.056     0.100    -0.077
    35.490    -0.022     0.108    -0.146
    35.500     0.013     0.070    -0.142
    35.510     0.046     0.039    -0.100
    35.520     0.058     0.051    -0.062
    35.530     0.054     0.046    -0.037
    35.540     0.046     0.028    -0.012
    35.550     0.054    -0.004     0.011
    35.560     0.055    -0.056     0.064
    35.570     0.016    -0.072     0.125
    35.580    -0.044    -0.084     0.123
    35.590    -0.102    -0.079     0.127
    35.600    -0.142    -0.062     0.076
    35.610    -0.150     0.010     0.007
    35.620    -0.146     0.093    -0.109
    35.630    -0.170     0.118    -0.236
    35.640    -0.159     0.165    -0.207
    35.650    -0.151     0.151    -0.160
    35.660    -0.083     0.087    -0.136
    35.670     0.068     0.069    -0.141
    35.680     0.169     0.005    -0.143
    35.690     0.275    -0.086    -0.071
    35.700     0.363    -0.052     0.130
    35.710     0.398    -0.125     0.263
    35.720     0.246    -0.100     0.401
    35.730     0.145    -0.061     0.457
    35.740     0.079    -0.136     0.304
    35.750    -0.110     0.022     0.281
    35.760    -0.124    -0.019     0.182
    35.770    -0.203     0.003     0.102
    35.780    -0.306     0.082    -0.035
    35.790    -0.297     0.030    -0.122
    35.800    -0.231     0.012    -0.142
    35.810    -0.111    -0.089    -0.275
    35.820    -0.010    -0.044    -0.255
    35.830     0.114     0.008    -0.294
    35.840     0.201     0.051    -0.143
    35.850     0.213     0.083     0.035
    35.860     0.151     0.081     0.062
    35.870     0.102     0.128     0.137
    35.880     0.027     0.126     0.136
    35.890    -0.054     0.083     0.140
    35.900    -0.081     0.068     0.121
    35.910    -0.085     0.060     0.182
    35.920    -0.052    -0.002     0.190
    35.930    -0.033    -0.041     0.054
    35.940     0.013    -0.093    -0.064
    35.950     0.040    -0.128    -0.174
    35.960     0.042    -0.111    -0.272
    35.970     0.034    -0.050    -0.312
    35.980    -0.007     0.055    -0.266
    35.990     0.000     0.073    -0.152
    36.000     0.038     0.055     0.004
    36.010     0.063     0.020     0.094
    36.020     0.042    -0.062     0.161
    36.030    -0.005    -0.114     0.241
    36.040    -0.045    -0.192     0.297
    36.050    -0.071    -0.220     0.286
    36.060    -0.078    -0.204     0.163
    36.070    -0.063    -0.192     0.031
    36.080    -0.020    -0.105    -0.116
    36.090     0.006    -0.023    -0.197
    36.100     0.026     0.061    -0.180
    36.110     0.029     0.128    -0.157
    36.120     0.006     0.129    -0.136
    36.130    -0.003     0.132    -0.114
    36.140     0.006     0.099    -0.089
    36.150    -0.001     0.068    -0.073
    36.160    -0.021     0.049    -0.039
    36.170    -0.009    -0.029    -0.033
    36.180     0.013    -0.086    -0.042
    36.190     0.030    -0.147    -0.047
    36.200     0.025    -0.174    -0.044
    36.210     0.001    -0.133    -0.028
    36.220    -0.032    -0.083    -0.017
    36.230    -0.084     0.027     0.010
    36.240    -0.130     0.087     0.011
    36.250    -0.150     0.084     0.019
    36.260    -0.130     0.045     0.060
    36.270    -0.082    -0.041     0.093
    36.280    -0.040    -0.055     0.125
    36.290     0.000    -0.072     0.143
    36.300     0.077    -0.103     0.164
    36.310     0.160    -0.084     0.176
    36.320     0.246    -0.060     0.130
    36.330     0.279     0.041     0.084
    36.340     0.248     0.159     0.063
    36.350     0.192     0.244     0.024
    36.360     0.056     0.359     0.002
    36.370    -0.041     0.431    -0.009
    36.380    -0.108     0.426    -0.097
    36.390    -0.182     0.359    -0.129
    36.400    -0.156     0.230    -0.105
    36.410    -0.134     0.068    -0.131
    36.420    -0.095    -0.087    -0.085
    36.430     0.010    -0.209    -0.051
    36.440     0.056    -0.324    -0.077
    36.450     0.086    -0.376    -0.042
    36.460     0.088    -0.374     0.017
    36.470     0.033    -0.357     0.014
    36.480    -0.037    -0.233     0.025
    36.490    -0.103    -0.126    -0.001
    36.500    -0.120    -0.033    -0.040
    36.510    -0.093     0.038     0.013
    36.520    -0.039     0.045     0.028
    36.530     0.011     0.100     0.054
    36.540     0.064     0.064     0.061
    36.550     0.108     0.059     0.032
    36.560     0.140     0.094    -0.003
    36.570     0.176     0.050    -0.055
    36.580     0.149     0.096    -0.045
    36.590     0.095     0.144    -0.037
    36.600     0.042     0.150     0.059
    36.610    -0.053     0.130     0.169
    36.620    -0.148     0.069     0.189
    36.630    -0.190     0.005     0.203
    36.640    -0.191    -0.115     0.113
    36.650    -0.172    -0.190    -0.027
    36.660    -0.110    -0.244    -0.165
    36.670    -0.018    -0.288    -0.271
    36.680     0.084    -0.238    -0.290
    36.690     0.175    -0.175    -0.300
    36.700     0.211    -0.072    -0.240
    36.710     0.209     0.066    -0.140
    36.720     0.167     0.177    -0.049
    36.730     0.083     0.286     0.070
    36.740    -0.001     0.324     0.171
    36.750    -0.070     0.299     0.264
    36.760    -0.124     0.259     0.303
    36.770    -0.159     0.174     0.279
    36.780    -0.159     0.081     0.205
    36.790    -0.137    -0.011     0.083
    36.800    -0.094    -0.095    -0.009
    36.810    -0.036    -0.134    -0.083
    36.820     0.010    -0.146    -0.136
    36.830     0.047    -0.127    -0.127
    36.840     0.077    -0.081    -0.074
    36.850     0.110    -0.046    -0.017
    36.860     0.139    -0.015     0.028
    36.870     0.136     0.015     0.046
    36.880     0.096     0.036     0.072
    36.890     0.043     0.042     0.128
    36.900    -0.009     0.033     0.162
    36.910    -0.031     0.041     0.142
    36.920    -0.031     0.069     0.047
    36.930    -0.027     0.055    -0.087
    36.940    -0.022     0.036    -0.162
    36.950    -0.070     0.075    -0.145
    36.960    -0.087     0.069    -0.122
    36.970    -0.090     0.002    -0.108
    36.980    -0.110    -0.042    -0.083
    36.990    -0.040    -0.056    -0.023
    37.000     0.036    -0.085    -0.026
    37.010     0.080    -0.079     0.030
    37.020     0.119    -0.051     0.173
    37.030     0.093    -0.105     0.106
    37.040     0.047    -0.135     0.080
    37.050     0.050    -0.161     0.075
    37.060     0.030    -0.190    -0.033
    37.070    -0.008    -0.175    -0.050
    37.080    -0.054    -0.165    -0.018
    37.090    -0.121    -0.121     0.064
    37.100    -0.176    -0.043     0.165
    37.110    -0.223     0.038     0.177
    37.120    -0.204     0.129     0.108
    37.130    -0.152     0.194     0.043
    37.140    -0.056     0.215    -0.058
    37.150     0.060     0.239    -0.122
    37.160     0.140     0.201    -0.113
    37.170     0.195     0.115    -0.059
    37.180     0.199     0.030     0.012
    37.190     0.187    -0.037     0.024
    37.200     0.144    -0.033     0.042
    37.210     0.094    -0.017    -0.037
    37.220     0.043     0.028    -0.092
    37.230    -0.007     0.051    -0.075
    37.240    -0.020     0.069    -0.064
    37.250    -0.015     0.114    -0.043
    37.260     0.019     0.100    -0.140
    37.270     0.055     0.079    -0.262
    37.280     0.092     0.033    -0.344
    37.290     0.097    -0.044    -0.333
    37.300     0.041    -0.117    -0.292
    37.310    -0.048    -0.190    -0.222
    37.320    -0.121    -0.220    -0.073
    37.330    -0.165    -0.218    -0.005
    37.340    -0.206    -0.178     0.071
    37.350    -0.219    -0.111     0.137
    37.360    -0.224    -0.057     0.175
    37.370    -0.203    -0.013     0.227
    37.380    -0.137     0.004     0.220
    37.390    -0.038     0.002     0.152
    37.400     0.070    -0.006     0.030
    37.410     0.138     0.009    -0.063
    37.420     0.185     0.032    -0.102
    37.430     0.191     0.060    -0.049
    37.440     0.178     0.057     0.060
    37.450     0.139     0.019     0.176
    37.460     0.095     0.016     0.323
    37.470     0.111    -0.048     0.382
    37.480     0.061    -0.048     0.382
    37.490    -0.014     0.012     0.345
    37.500    -0.090     0.042     0.227
    37.510    -0.167     0.085     0.013
    37.520    -0.193     0.002    -0.122
    37.530    -0.168    -0.039    -0.165
    37.540    -0.078    -0.104    -0.370
    37.550    -0.054    -0.202    -0.371
    37.560     0.050    -0.182    -0.201
    37.570     0.151    -0.212    -0.066
    37.580     0.120    -0.142     0.155
    37.590     0.137    -0.038     0.201
    37.600     0.096     0.007     0.174
    37.610     0.053     0.079     0.134
    37.620     0.031     0.134     0.065
    37.630    -0.017     0.232     0.002
    37.640    -0.061     0.279    -0.053
    37.650    -0.085     0.256    -0.042
    37.660    -0.069     0.209    -0.102
    37.670    -0.039     0.118    -0.165
    37.680     0.005     0.057    -0.185
    37.690    -0.005    -0.007    -0.205
    37.700    -0.024    -0.036    -0.136
    37.710    -0.034    -0.039     0.009
    37.720     0.005    -0.075     0.028
    37.730     0.039    -0.053     0.008
    37.740     0.039    -0.006    -0.033
    37.750     0.068     0.028    -0.174
    37.760     0.028     0.010    -0.206
    37.770     0.000     0.007    -0.186
    37.780    -0.028     0.058    -0.184
    37.790    -0.053     0.022    -0.177
    37.800    -0.028    -0.022    -0.027
    37.810    -0.022     0.001     0.085
    37.820    -0.013     0.036     0.036
    37.830    -0.022     0.080     0.069
    37.840    -0.032     0.111     0.067
    37.850    -0.043     0.097     0.101
    37.860    -0.042     0.124     0.183
    37.870    -0.007     0.186     0.187
    37.880     0.016     0.208     0.156
    37.890     0.030     0.230     0.106
    37.900     0.074     0.208     0.053
    37.910     0.124     0.125    -0.010
    37.920     0.131     0.031    -0.056
    37.930     0.102    -0.088    -0.078
    37.940     0.060    -0.211    -0.062
    37.950     0.006    -0.306     0.006
    37.960    -0.057    -0.350     0.112
    37.970    -0.109    -0.340     0.202
    37.980    -0.155    -0.289     0.263
    37.990    -0.154    -0.213     0.274
    38.000    -0.119    -0.125     0.204
    38.010    -0.060    -0.039     0.107
    38.020     0.001     0.021     0.009
    38.030     0.051     0.098    -0.048
    38.040     0.148     0.101    -0.091
    38.050     0.162     0.052    -0.089
    38.060     0.157     0.016    -0.035
    38.070     0.125    -0.094     0.001
    38.080     0.043    -0.135     0.027
    38.090    -0.017    -0.189     0.049
    38.100    -0.109    -0.201     0.147
    38.110    -0.103    -0.131     0.167
    38.120    -0.117    -0.102     0.126
    38.130    -0.090     0.029     0.083
    38.140     0.004     0.093    -0.044
    38.150     0.021     0.132    -0.149
    38.160     0.097     0.205    -0.304
    38.170     0.119     0.217    -0.436
    38.180     0.110     0.222    -0.475
    38.190     0.106     0.175    -0.422
    38.200     0.043     0.121    -0.261
    38.210    -0.010     0.065    -0.088
    38.220    -0.081    -0.021     0.091
    38.230    -0.143    -0.091     0.191
    38.240    -0.167    -0.155     0.242
    38.250    -0.186    -0.208     0.290
    38.260    -0.192    -0.178     0.286
    38.270    -0.186    -0.113     0.233
    38.280    -0.191    -0.023     0.127
    38.290    -0.151     0.031     0.015
    38.300    -0.048     0.037    -0.103
    38.310     0.083     0.064    -0.201
    38.320     0.196     0.080    -0.255
    38.330     0.226     0.147    -0.239
    38.340     0.231     0.158    -0.124
    38.350     0.230     0.154    -0.017
    38.360     0.173     0.170     0.040
    38.370     0.123     0.175     0.029
    38.380     0.079     0.163    -0.023
    38.390     0.048     0.037    -0.005
    38.400     0.025     0.006     0.054
    38.410    -0.025     0.019     0.067
    38.420    -0.046    -0.035     0.085
    38.430    -0.082    -0.074     0.038
    38.440    -0.095    -0.085    -0.126
    38.450    -0.091    -0.068    -0.219
    38.460    -0.143    -0.050    -0.257
    38.470    -0.168    -0.038    -0.308
    38.480    -0.185    -0.054    -0.255
    38.490    -0.179    -0.066    -0.102
    38.500    -0.111    -0.056     0.043
    38.510    -0.019    -0.056     0.169
    38.520     0.071    -0.096     0.288
    38.530     0.131    -0.140     0.371
    38.540     0.185    -0.189     0.360
    38.550     0.200    -0.216     0.323
    38.560     0.203    -0.173     0.261
    38.570     0.189    -0.085     0.137
    38.580     0.137     0.087     0.066
    38.590     0.110     0.268     0.012
    38.600     0.047     0.374     0.015
    38.610    -0.027     0.371     0.082
    38.620    -0.075     0.235     0.138
    38.630    -0.105     0.032     0.211
    38.640    -0.100    -0.193     0.255
    38.650    -0.087    -0.372     0.273
    38.660    -0.066    -0.448     0.239
    38.670    -0.044    -0.430     0.151
    38.680    -0.027    -0.338     0.039
    38.690    -0.004    -0.190    -0.119
    38.700     0.006    -0.040    -0.268
    38.710     0.006     0.108    -0.336
    38.720     0.037     0.238    -0.332
    38.730     0.074     0.320    -0.282
    38.740     0.115     0.373    -0.197
    38.750     0.165     0.363    -0.139
    38.760     0.178     0.326    -0.115
    38.770     0.158     0.265    -0.095
    38.780     0.119     0.164    -0.066
    38.790     0.069     0.056    -0.052
    38.800     0.022    -0.057    -0.042
    38.810    -0.034    -0.123    -0.029
    38.820    -0.103    -0.128    -0.011
    38.830    -0.181    -0.101     0.002
    38.840    -0.251    -0.054    -0.013
    38.850    -0.275     0.025    -0.066
    38.860    -0.246     0.076    -0.214
    38.870    -0.182     0.088    -0.344
    38.880    -0.095     0.061    -0.389
    38.890    -0.013     0.026    -0.275
    38.900     0.064    -0.007    -0.038
    38.910     0.110    -0.127     0.142
    38.920     0.150    -0.216     0.323
    38.930     0.195    -0.305     0.391
    38.940     0.165    -0.358     0.399
    38.950     0.095    -0.329     0.442
    38.960    -0.013    -0.305     0.455
    38.970    -0.138    -0.168     0.443
    38.980    -0.204    -0.002     0.309
    38.990    -0.221     0.139     0.133
    39.000    -0.186     0.262    -0.031
    39.010    -0.124     0.336    -0.175
    39.020    -0.061     0.400    -0.280
    39.030     0.004     0.402    -0.383
    39.040     0.084     0.307    -0.423
    39.050     0.175     0.185    -0.396
    39.060     0.236     0.062    -0.324
    39.070     0.255    -0.081    -0.183
    39.080     0.221    -0.181    -0.006
    39.090     0.143    -0.264     0.144
    39.100     0.076    -0.315     0.250
    39.110     0.039    -0.293     0.252
    39.120     0.023    -0.215     0.175
    39.130     0.029    -0.094     0.111
    39.140     0.022     0.037     0.047
    39.150     0.007     0.129     0.008
    39.160    -0.001     0.142     0.018
    39.170    -0.004     0.112     0.040
    39.180     0.020     0.066     0.056
    39.190     0.043     0.062     0.069
    39.200     0.043     0.110     0.054
    39.210     0.000     0.167     0.031
    39.220    -0.075     0.210     0.020
    39.230    -0.116     0.194    -0.010
    39.240    -0.112     0.149    -0.093
    39.250    -0.086     0.112    -0.260
    39.260    -0.062     0.076    -0.436
    39.270    -0.059     0.034    -0.510
    39.280    -0.049    -0.013    -0.445
    39.290    -0.011    -0.066    -0.299
    39.300     0.039    -0.128    -0.151
    39.310     0.076    -0.199    -0.051
    39.320     0.098    -0.263     0.023
    39.330     0.093    -0.286     0.148
    39.340     0.062    -0.250     0.293
    39.350     0.018    -0.182     0.376
    39.360    -0.053    -0.100     0.379
    39.370    -0.100    -0.043     0.313
    39.380    -0.097     0.025     0.216
    39.390    -0.077     0.121     0.085
    39.400    -0.044     0.205    -0.040
    39.410    -0.029     0.263    -0.130
    39.420    -0.011     0.240    -0.161
    39.430     0.030     0.170    -0.066
    39.440     0.066     0.087     0.042
    39.450     0.073     0.037     0.125
    39.460     0.038     0.050     0.157
    39.470    -0.012     0.029     0.140
    39.480    -0.071    -0.030     0.162
    39.490    -0.103    -0.060     0.146
    39.500    -0.106    -0.084     0.087
    39.510    -0.081    -0.107    -0.021
    39.520    -0.007    -0.113    -0.168
    39.530     0.054    -0.112    -0.284
    39.540     0.097    -0.117    -0.349
    39.550     0.106    -0.141    -0.339
    39.560     0.095    -0.159    -0.304
    39.570     0.097    -0.172    -0.254
    39.580     0.091    -0.157    -0.171
    39.590     0.083    -0.105    -0.078
    39.600     0.039    -0.064     0.060
    39.610    -0.030    -0.015     0.241
    39.620    -0.094     0.041     0.395
    39.630    -0.152     0.052     0.459
    39.640    -0.165     0.082     0.425
    39.650    -0.127     0.154     0.284
    39.660    -0.073     0.225     0.113
    39.670    -0.007     0.296    -0.026
    39.680     0.028     0.298    -0.103
    39.690     0.043     0.226    -0.084
    39.700     0.070     0.101    -0.089
    39.710     0.053    -0.008    -0.043
    39.720     0.068    -0.096     0.019
    39.730     0.087    -0.184    -0.001
    39.740     0.102    -0.244     0.035
    39.750     0.129    -0.266     0.054
    39.760     0.075    -0.276     0.059
    39.770     0.033    -0.286     0.057
    39.780    -0.012    -0.230    -0.001
    39.790    -0.048    -0.203    -0.023
    39.800    -0.046    -0.105    -0.008
    39.810    -0.056     0.079    -0.009
    39.820    -0.037     0.217    -0.009
    39.830    -0.019     0.308    -0.011
    39.840    -0.005     0.300    -0.071
    39.850     0.016     0.242    -0.133
    39.860     0.006     0.159    -0.166
    39.870    -0.025     0.104    -0.224
    39.880    -0.062     0.081    -0.245
    39.890    -0.095     0.052    -0.206
    39.900    -0.094     0.034    -0.159
    39.910    -0.066     0.028    -0.082
    39.920    -0.053     0.034    -0.003
    39.930    -0.047     0.028     0.061
    39.940    -0.045     0.022     0.110
    39.950    -0.036     0.009     0.117
    39.960    -0.001    -0.004     0.095
    39.970     0.041     0.000     0.046
    39.980     0.094     0.020     0.001
    39.990     0.129     0.060    -0.026
    40.000     0.140     0.047    -0.028
    40.010     0.142    -0.013    -0.029
    40.020     0.123    -0.074    -0.029
    40.030     0.112    -0.181     0.004
    40.040     0.105    -0.272     0.054
    40.050     0.105    -0.324     0.097
    40.060     0.105    -0.334     0.163
    40.070     0.084    -0.288     0.251
    40.080     0.071    -0.215     0.281
    40.090     0.050    -0.101     0.299
    40.100     0.019    -0.036     0.251
    40.110    -0.031     0.076     0.177
    40.120    -0.091     0.211     0.109
    40.130    -0.119     0.286     0.023
    40.140    -0.118     0.360     0.035
    40.150    -0.074     0.387    -0.035
    40.160    -0.029     0.422    -0.091
    40.170    -0.033     0.314    -0.106
    40.180    -0.040     0.187    -0.133
    40.190    -0.063     0.077    -0.046
    40.200    -0.072    -0.080     0.010
    40.210    -0.044    -0.128     0.023
    40.220    -0.032    -0.209     0.029
    40.230     0.025    -0.247     0.071
    40.240     0.026    -0.241     0.072
    40.250    -0.002    -0.195     0.026
    40.260     0.014    -0.175    -0.040
    40.270    -0.016    -0.178    -0.199
    40.280     0.048    -0.099    -0.351
    40.290     0.122    -0.077    -0.401
    40.300     0.133    -0.014    -0.340
    40.310     0.150     0.022    -0.246
    40.320     0.108     0.048    -0.121
    40.330     0.078     0.065    -0.040
    40.340     0.053     0.029     0.020
    40.350     0.015     0.073     0.083
    40.360    -0.030     0.126     0.138
    40.370    -0.111     0.190     0.232
    40.380    -0.174     0.216     0.290
    40.390    -0.227     0.203     0.356
    40.400    -0.215     0.187     0.314
    40.410    -0.156     0.153     0.192
    40.420    -0.106     0.156     0.045
    40.430    -0.068     0.108    -0.145
    40.440    -0.098     0.053    -0.204
    40.450    -0.111     0.008    -0.232
    40.460    -0.100    -0.066    -0.230
    40.470    -0.060    -0.158    -0.199
    40.480     0.037    -0.266    -0.183
    40.490     0.092    -0.285    -0.103
    40.500     0.141    -0.314    -0.020
    40.510     0.165    -0.297     0.087
    40.520     0.176    -0.214     0.119
    40.530     0.201    -0.147     0.031
    40.540     0.207    -0.008    -0.134
    40.550     0.235     0.115    -0.329
    40.560     0.220     0.249    -0.381
    40.570     0.181     0.359    -0.360
    40.580     0.100     0.381    -0.256
    40.590     0.011     0.300    -0.065
    40.600    -0.021     0.114     0.132
    40.610    -0.067    -0.023     0.338
    40.620    -0.102    -0.177     0.467
    40.630    -0.159    -0.302     0.553
    40.640    -0.205    -0.354     0.529
    40.650    -0.206    -0.361     0.446
    40.660    -0.194    -0.254     0.337
    40.670    -0.147    -0.103     0.124
    40.680    -0.093     0.074    -0.050
    40.690    -0.028     0.260    -0.171
    40.700     0.013     0.411    -0.253
    40.710     0.039     0.441    -0.300
    40.720     0.069     0.325    -0.299
    40.730     0.111     0.183    -0.280
    40.740     0.172     0.017    -0.266
    40.750     0.208    -0.158    -0.217
    40.760     0.207    -0.254    -0.145
    40.770     0.168    -0.344    -0.004
    40.780     0.093    -0.423     0.206
    40.790    -0.014    -0.403     0.347
    40.800    -0.138    -0.368     0.358
    40.810    -0.245    -0.307     0.350
    40.820    -0.291    -0.171     0.276
    40.830    -0.295     0.019     0.187
    40.840    -0.254     0.174     0.128
    40.850    -0.185     0.273    -0.004
    40.860    -0.098     0.331    -0.142
    40.870     0.028     0.294    -0.242
    40.880     0.123     0.235    -0.268
    40.890     0.186     0.176    -0.224
    40.900     0.207     0.102    -0.130
    40.910     0.188     0.039    -0.009
    40.920     0.176     0.014     0.069
    40.930     0.149    -0.001     0.100
    40.940     0.096    -0.015     0.088
    40.950     0.037    -0.029     0.044
    40.960     0.000    -0.075    -0.007
    40.970    -0.010    -0.099    -0.038
    40.980     0.003    -0.100    -0.078
    40.990     0.019    -0.069    -0.152
    41.000     0.009    -0.004    -0.212
    41.010    -0.031     0.056    -0.256
    41.020    -0.094     0.089    -0.282
    41.030    -0.150     0.063    -0.261
    41.040    -0.187    -0.001    -0.245
    41.050    -0.202    -0.074    -0.213
    41.060    -0.181    -0.139    -0.118
    41.070    -0.142    -0.170     0.013
    41.080    -0.113    -0.127     0.129
    41.090    -0.069    -0.028     0.157
    41.100     0.004     0.064     0.096
    41.110     0.093     0.153    -0.013
    41.120     0.183     0.219    -0.092
    41.130     0.236     0.247    -0.069
    41.140     0.266     0.242     0.019
    41.150     0.278     0.220     0.159
    41.160     0.266     0.192     0.311
    41.170     0.242     0.118     0.404
    41.180     0.157     0.027     0.452
    41.190     0.019    -0.044     0.459
    41.200    -0.146    -0.065     0.411
    41.210    -0.301    -0.072     0.311
    41.220    -0.397    -0.117     0.177
    41.230    -0.424    -0.129     0.039
    41.240    -0.354    -0.158    -0.136
    41.250    -0.250    -0.189    -0.275
    41.260    -0.118    -0.162    -0.346
    41.270     0.032    -0.140    -0.390
    41.280     0.145    -0.098    -0.324
    41.290     0.251    -0.061    -0.195
    41.300     0.326    -0.024    -0.039
    41.310     0.371     0.053     0.094
    41.320     0.373     0.142     0.160
    41.330     0.327     0.172     0.180
    41.340     0.246     0.154     0.188
    41.350     0.106     0.180     0.262
    41.360    -0.054     0.155     0.313
    41.370    -0.228     0.049     0.305
    41.380    -0.374    -0.043     0.239
    41.390    -0.453    -0.122     0.131
    41.400    -0.469    -0.186     0.029
    41.410    -0.429    -0.200    -0.112
    41.420    -0.347    -0.149    -0.216
    41.430    -0.204    -0.104    -0.247
    41.440    -0.010    -0.053    -0.275
    41.450     0.193     0.030    -0.347
    41.460     0.352     0.058    -0.360
    41.470     0.463     0.074    -0.263
    41.480     0.494     0.126    -0.166
    41.490     0.418     0.131    -0.067
    41.500     0.287     0.107     0.009
    41.510     0.116     0.120     0.051
    41.520    -0.015     0.131     0.093
    41.530    -0.116     0.107     0.094
    41.540    -0.219     0.061     0.056
    41.550    -0.273     0.007     0.046
    41.560    -0.288    -0.039     0.061
    41.570    -0.234    -0.078     0.030
    41.580    -0.125    -0.106    -0.038
    41.590    -0.007    -0.068    -0.124
    41.600     0.118     0.030    -0.201
    41.610     0.213     0.110    -0.213
    41.620     0.243     0.161    -0.144
    41.630     0.209     0.188     0.009
    41.640     0.136     0.152     0.201
    41.650     0.045     0.024     0.331
    41.660    -0.033    -0.128     0.405
    41.670    -0.090    -0.245     0.406
    41.680    -0.150    -0.305     0.341
    41.690    -0.209    -0.304     0.263
    41.700    -0.266    -0.277     0.129
    41.710    -0.284    -0.219    -0.032
    41.720    -0.231    -0.159    -0.188
    41.730    -0.136    -0.090    -0.332
    41.740    -0.023    -0.030    -0.451
    41.750     0.093     0.000    -0.475
    41.760     0.212     0.036    -0.369
    41.770     0.321     0.044    -0.230
    41.780     0.359     0.059    -0.070
    41.790     0.302     0.060     0.057
    41.800     0.178     0.034     0.157
    41.810     0.027     0.007     0.239
    41.820    -0.116    -0.022     0.239
    41.830    -0.228    -0.036     0.163
    41.840    -0.274    -0.053     0.028
    41.850    -0.252    -0.046    -0.073
    41.860    -0.183    -0.013    -0.110
    41.870    -0.095     0.062    -0.123
    41.880    -0.018     0.120    -0.169
    41.890     0.034     0.162    -0.231
    41.900     0.070     0.136    -0.310
    41.910     0.134     0.001    -0.320
    41.920     0.191    -0.063    -0.212
    41.930     0.191    -0.112    -0.101
    41.940     0.158    -0.158     0.095
    41.950     0.087    -0.174     0.273
    41.960     0.018    -0.193     0.451
    41.970    -0.010    -0.225     0.602
    41.980    -0.045    -0.228     0.549
    41.990    -0.079    -0.137     0.443
    42.000    -0.106    -0.087     0.324
    42.010    -0.115    -0.015     0.226
    42.020    -0.051     0.104     0.102
    42.030     0.028     0.186    -0.060
    42.040     0.097     0.268    -0.220
    42.050     0.138     0.310    -0.359
    42.060     0.117     0.288    -0.348
    42.070     0.055     0.223    -0.266
    42.080    -0.046     0.110    -0.153
    42.090    -0.115    -0.017    -0.050
    42.100    -0.115    -0.097    -0.023
    42.110    -0.072    -0.120    -0.058
    42.120    -0.020    -0.058    -0.092
    42.130    -0.010     0.028    -0.092
    42.140    -0.033     0.113    -0.103
    42.150    -0.053     0.223    -0.093
    42.160    -0.059     0.260    -0.129
    42.170    -0.032     0.252    -0.183
    42.180     0.012     0.232    -0.185
    42.190     0.041     0.190    -0.149
    42.200     0.110     0.167    -0.031
    42.210     0.122     0.123     0.041
    42.220     0.084     0.003     0.046
    42.230     0.062    -0.258     0.113
    42.240    -0.027    -0.385     0.224
    42.250    -0.101    -0.281     0.332
    42.260    -0.132    -0.325     0.352
    42.270    -0.210    -0.327     0.252
    42.280    -0.259    -0.317     0.129
    42.290    -0.208    -0.322     0.113
    42.300    -0.150    -0.118     0.088
    42.310    -0.061    -0.065    -0.085
    42.320     0.023     0.037    -0.201
    42.330     0.053     0.228    -0.253
    42.340     0.143     0.240    -0.246
    42.350     0.231     0.219    -0.151
    42.360     0.295     0.194     0.045
    42.370     0.329     0.102     0.256
    42.380     0.242    -0.028     0.321
    42.390     0.136    -0.022     0.371
    42.400     0.077    -0.045     0.278
    42.410    -0.029    -0.070     0.148
    42.420    -0.146    -0.015     0.068
    42.430    -0.223     0.032    -0.125
    42.440    -0.283     0.125    -0.288
    42.450    -0.299     0.205    -0.380
    42.460    -0.255     0.301    -0.436
    42.470    -0.135     0.293    -0.488
    42.480     0.010     0.189    -0.462
    42.490     0.098     0.062    -0.388
    42.500     0.177    -0.093    -0.273
    42.510     0.248    -0.197    -0.098
    42.520     0.253    -0.277     0.050
    42.530     0.239    -0.313     0.156
    42.540     0.201    -0.329     0.161
    42.550     0.114    -0.300     0.208
    42.560     0.032    -0.185     0.319
    42.570    -0.083    -0.025     0.421
    42.580    -0.208     0.080     0.506
    42.590    -0.274     0.164     0.528
    42.600    -0.263     0.220     0.481
    42.610    -0.170     0.182     0.363
    42.620    -0.045     0.173     0.199
    42.630     0.059     0.103    -0.028
    42.640     0.109    -0.026    -0.176
    42.650     0.123    -0.078    -0.261
    42.660     0.128    -0.034    -0.311
    42.670     0.133    -0.046    -0.313
    42.680     0.122    -0.082    -0.272
    42.690     0.112    -0.008    -0.134
    42.700     0.076    -0.025     0.023
    42.710     0.028    -0.032     0.208
    42.720     0.011    -0.029     0.285
    42.730    -0.040    -0.091     0.329
    42.740    -0.099    -0.107     0.331
    42.750    -0.109    -0.088     0.154
    42.760    -0.077    -0.035    -0.015
    42.770    -0.066    -0.006    -0.146
    42.780    -0.050     0.027    -0.189
    42.790     0.035     0.078    -0.167
    42.800     0.146     0.188    -0.141
    42.810     0.244     0.308    -0.133
    42.820     0.260     0.310    -0.084
    42.830     0.214     0.272     0.047
    42.840     0.123     0.249     0.143
    42.850    -0.026     0.188     0.217
    42.860    -0.157     0.082     0.219
    42.870    -0.233     0.016     0.176
    42.880    -0.231     0.003     0.145
    42.890    -0.191     0.037     0.111
    42.900    -0.171     0.107     0.072
    42.910    -0.158     0.188     0.005
    42.920    -0.139     0.185    -0.069
    42.930    -0.088     0.087    -0.197
    42.940    -0.004    -0.001    -0.328
    42.950     0.074    -0.093    -0.395
    42.960     0.138    -0.156    -0.410
    42.970     0.179    -0.168    -0.331
    42.980     0.188    -0.185    -0.176
    42.990     0.179    -0.239    -0.015
    43.000     0.149    -0.290     0.074
    43.010     0.105    -0.297     0.074
    43.020     0.031    -0.272     0.081
    43.030    -0.077    -0.219     0.136
    43.040    -0.153    -0.163     0.232
    43.050    -0.193    -0.017     0.289
    43.060    -0.176     0.138     0.206
    43.070    -0.090     0.201     0.061
    43.080    -0.032     0.371    -0.109
    43.090    -0.020     0.441    -0.272
    43.100    -0.039     0.425    -0.290
    43.110    -0.065     0.425    -0.318
    43.120    -0.050     0.214    -0.342
    43.130     0.009     0.034    -0.262
    43.140     0.045    -0.099    -0.232
    43.150     0.078    -0.193    -0.088
    43.160     0.129    -0.233     0.102
    43.170     0.084    -0.196     0.311
    43.180     0.099    -0.160     0.420
    43.190     0.148    -0.176     0.348
    43.200     0.166    -0.015     0.307
    43.210     0.293     0.027     0.132
    43.220     0.300     0.135     0.080
    43.230     0.262     0.279    -0.003
    43.240     0.191     0.272    -0.164
    43.250     0.056     0.235    -0.225
    43.260     0.015     0.072    -0.365
    43.270    -0.055    -0.090    -0.405
    43.280    -0.101    -0.285    -0.452
    43.290    -0.164    -0.425    -0.388
    43.300    -0.224    -0.545    -0.239
    43.310    -0.221    -0.637    -0.029
    43.320    -0.215    -0.666     0.203
    43.330    -0.174    -0.650     0.288
    43.340    -0.134    -0.510     0.411
    43.350    -0.072    -0.323     0.433
    43.360    -0.007    -0.057     0.464
    43.370     0.068     0.200     0.488
    43.380     0.129     0.415     0.413
    43.390     0.146     0.563     0.358
    43.400     0.148     0.618     0.215
    43.410     0.097     0.595     0.061
    43.420     0.025     0.502    -0.118
    43.430    -0.032     0.344    -0.301
    43.440    -0.063     0.089    -0.418
    43.450    -0.078    -0.138    -0.452
    43.460    -0.120    -0.292    -0.349
    43.470    -0.152    -0.368    -0.237
    43.480    -0.171    -0.324    -0.154
    43.490    -0.185    -0.226    -0.085
    43.500    -0.148    -0.133    -0.093
    43.510    -0.088    -0.035    -0.137
    43.520    -0.035     0.051    -0.144
    43.530    -0.001     0.105    -0.147
    43.540    -0.009     0.155    -0.099
    43.550    -0.004     0.118     0.002
    43.560     0.033     0.013     0.079
    43.570     0.063    -0.047     0.157
    43.580     0.067    -0.094     0.256
    43.590     0.026    -0.110     0.401
    43.600    -0.039    -0.074     0.543
    43.610    -0.082     0.028     0.598
    43.620    -0.075     0.170     0.514
    43.630    -0.035     0.313     0.283
    43.640     0.027     0.431     0.017
    43.650     0.079     0.486    -0.203
    43.660     0.083     0.526    -0.337
    43.670     0.056     0.446    -0.420
    43.680     0.003     0.281    -0.455
    43.690    -0.016     0.168    -0.482
    43.700     0.018    -0.020    -0.504
    43.710     0.048    -0.207    -0.436
    43.720     0.067    -0.308    -0.366
    43.730     0.055    -0.442    -0.241
    43.740     0.013    -0.561    -0.044
    43.750    -0.006    -0.623     0.094
    43.760     0.022    -0.674     0.192
    43.770     0.056    -0.573     0.250
    43.780     0.083    -0.387     0.287
    43.790     0.131    -0.222     0.326
    43.800     0.154     0.024     0.358
    43.810     0.145     0.147     0.412
    43.820     0.117     0.166     0.426
    43.830     0.055     0.207     0.353
    43.840    -0.020     0.181     0.266
    43.850    -0.078     0.171     0.181
    43.860    -0.104     0.186     0.058
    43.870    -0.096     0.193    -0.077
    43.880    -0.078     0.234    -0.180
    43.890    -0.063     0.284    -0.274
    43.900    -0.042     0.321    -0.346
    43.910    -0.028     0.327    -0.388
    43.920    -0.038     0.301    -0.447
    43.930    -0.046     0.229    -0.494
    43.940    -0.059     0.113    -0.484
    43.950    -0.059    -0.023    -0.367
    43.960     0.007    -0.225    -0.229
    43.970     0.045    -0.332    -0.128
    43.980     0.039    -0.334    -0.009
    43.990     0.047    -0.410     0.078
    44.000     0.028    -0.398     0.178
    44.010    -0.016    -0.318     0.306
    44.020    -0.096    -0.226     0.385
    44.030    -0.191    -0.105     0.361
    44.040    -0.252    -0.032     0.281
    44.050    -0.235     0.049     0.238
    44.060    -0.155     0.134     0.199
    44.070    -0.060     0.183     0.194
    44.080     0.034     0.244     0.236
    44.090     0.120     0.228     0.255
    44.100     0.215     0.096     0.306
    44.110     0.294    -0.042     0.355
    44.120     0.327    -0.196     0.338
    44.130     0.324    -0.329     0.262
    44.140     0.251    -0.364     0.144
    44.150     0.122    -0.355     0.094
    44.160    -0.014    -0.327     0.042
    44.170    -0.150    -0.272    -0.018
    44.180    -0.231    -0.225    -0.070
    44.190    -0.292    -0.164    -0.164
    44.200    -0.315    -0.101    -0.230
    44.210    -0.280    -0.054    -0.317
    44.220    -0.266     0.061    -0.346
    44.230    -0.206     0.162    -0.304
    44.240    -0.124     0.212    -0.226
    44.250    -0.019     0.215    -0.145
    44.260     0.123     0.206    -0.068
    44.270     0.240     0.230     0.022
    44.280     0.330     0.273     0.091
    44.290     0.359     0.331     0.180
    44.300     0.322     0.374     0.179
    44.310     0.215     0.470     0.146
    44.320     0.124     0.505     0.009
    44.330     0.041     0.516    -0.224
    44.340    -0.026     0.536    -0.417
    44.350    -0.062     0.472    -0.603
    44.360    -0.136     0.445    -0.631
    44.370    -0.162     0.366    -0.618
    44.380    -0.177     0.245    -0.597
    44.390    -0.177     0.130    -0.597
    44.400    -0.137    -0.031    -0.636
    44.410    -0.107    -0.201    -0.586
    44.420    -0.053    -0.362    -0.468
    44.430     0.008    -0.491    -0.204
    44.440     0.065    -0.584     0.112
    44.450     0.128    -0.613     0.440
    44.460     0.224    -0.567     0.688
    44.470     0.324    -0.462     0.799
    44.480     0.391    -0.319     0.889
    44.490     0.408    -0.167     0.881
    44.500     0.346    -0.056     0.832
    44.510     0.234     0.027     0.733
    44.520     0.097     0.100     0.564
    44.530    -0.038     0.134     0.401
    44.540    -0.157     0.120     0.253
    44.550    -0.271     0.058     0.149
    44.560    -0.367    -0.066     0.081
    44.570    -0.426    -0.264     0.059
    44.580    -0.398    -0.470     0.041
    44.590    -0.283    -0.632    -0.013
    44.600    -0.137    -0.677    -0.089
    44.610    -0.004    -0.536    -0.193
    44.620     0.078    -0.330    -0.240
    44.630     0.105    -0.082    -0.164
    44.640     0.128     0.156    -0.080
    44.650     0.166     0.318    -0.032
    44.660     0.205     0.427     0.012
    44.670     0.277     0.437    -0.008
    44.680     0.292     0.482     0.072
    44.690     0.280     0.549     0.208
    44.700     0.267     0.604     0.294
    44.710     0.171     0.645     0.319
    44.720     0.067     0.684     0.239
    44.730    -0.044     0.753     0.111
    44.740    -0.123     0.689    -0.149
    44.750    -0.260     0.806    -0.198
    44.760    -0.327     0.850    -0.322
    44.770    -0.338     0.678    -0.520
    44.780    -0.381     0.648    -0.472
    44.790    -0.275     0.483    -0.597
    44.800    -0.259     0.287    -0.553
    44.810    -0.150     0.004    -0.562
    44.820    -0.033    -0.226    -0.598
    44.830    -0.031    -0.330    -0.512
    44.840     0.070    -0.577    -0.543
    44.850     0.078    -0.737    -0.343
    44.860     0.110    -0.835    -0.208
    44.870     0.117    -0.830    -0.001
    44.880     0.148    -0.769     0.249
    44.890     0.210    -0.724     0.354
    44.900     0.202    -0.640     0.599
    44.910     0.274    -0.550     0.721
    44.920     0.291    -0.441     0.770
    44.930     0.240    -0.403     0.788
    44.940     0.158    -0.383     0.684
    44.950     0.059    -0.394     0.512
    44.960    -0.044    -0.474     0.287
    44.970    -0.176    -0.547     0.088
    44.980    -0.269    -0.605    -0.106
    44.990    -0.317    -0.632    -0.215
    45.000    -0.305    -0.576    -0.270
    45.010    -0.238    -0.407    -0.336
    45.020    -0.133    -0.182    -0.345
    45.030     0.003     0.041    -0.337
    45.040     0.111     0.278    -0.311
    45.050     0.162     0.521    -0.259
    45.060     0.158     0.699    -0.244
    45.070     0.087     0.813    -0.231
    45.080     0.025     0.836    -0.215
    45.090     0.006     0.759    -0.195
    45.100     0.007     0.681    -0.167
    45.110     0.027     0.588    -0.164
    45.120     0.016     0.487    -0.121
    45.130    -0.013     0.374    -0.063
    45.140    -0.073     0.274     0.017
    45.150    -0.110     0.164     0.040
    45.160    -0.119     0.041    -0.060
    45.170    -0.124    -0.038    -0.202
    45.180    -0.072    -0.128    -0.384
    45.190    -0.058    -0.132    -0.468
    45.200    -0.038    -0.104    -0.436
    45.210     0.005    -0.067    -0.350
    45.220     0.045    -0.019    -0.299
    45.230     0.107     0.011    -0.224
    45.240     0.122     0.072    -0.077
    45.250     0.195     0.052     0.013
    45.260     0.200     0.005     0.106
    45.270     0.094    -0.035     0.255
    45.280     0.073    -0.074     0.365
    45.290    -0.006    -0.203     0.320
    45.300    -0.065    -0.213     0.466
    45.310    -0.027    -0.190     0.561
    45.320    -0.089    -0.258     0.432
    45.330    -0.105    -0.134     0.507
    45.340    -0.048    -0.170     0.496
    45.350    -0.062    -0.200     0.429
    45.360     0.008    -0.142     0.404
    45.370     0.071    -0.142     0.351
    45.380     0.077    -0.144     0.177
    45.390     0.065    -0.116     0.110
    45.400     0.016    -0.129     0.043
    45.410     0.017    -0.285    -0.202
    45.420    -0.001    -0.290    -0.191
    45.430     0.043    -0.312    -0.361
    45.440     0.004    -0.238    -0.437
    45.450    -0.043    -0.128    -0.250
    45.460    -0.008    -0.078    -0.117
    45.470    -0.135     0.137     0.083
    45.480    -0.173     0.284     0.112
    45.490    -0.176     0.353     0.116
    45.500    -0.181     0.317     0.081
    45.510    -0.105     0.257     0.095
    45.520    -0.071     0.228     0.144
    45.530    -0.004     0.182     0.083
    45.540     0.052     0.115     0.098
    45.550     0.122     0.025     0.033
    45.560     0.203     0.023    -0.052
    45.570     0.199     0.053    -0.050
    45.580     0.147     0.109    -0.035
    45.590     0.073     0.176     0.036
    45.600     0.016     0.195     0.146
    45.610     0.011     0.212     0.186
    45.620     0.038     0.224     0.117
    45.630     0.081     0.173     0.030
    45.640     0.130     0.097     0.007
    45.650     0.168     0.030    -0.001
    45.660     0.176    -0.050     0.000
    45.670     0.161    -0.085    -0.026
    45.680     0.109    -0.092    -0.133
    45.690     0.024    -0.072    -0.204
    45.700    -0.061    -0.014    -0.228
    45.710    -0.154     0.029    -0.174
    45.720    -0.215     0.023    -0.060
    45.730    -0.231    -0.080     0.077
    45.740    -0.189    -0.215     0.286
    45.750    -0.083    -0.291     0.446
    45.760     0.015    -0.291     0.501
    45.770     0.077    -0.231     0.444
    45.780     0.084    -0.086     0.306
    45.790     0.051     0.102     0.106
    45.800    -0.008     0.247    -0.115
    45.810    -0.080     0.335    -0.334
    45.820    -0.146     0.342    -0.550
    45.830    -0.177     0.313    -0.647
    45.840    -0.157     0.244    -0.666
    45.850    -0.114     0.147    -0.563
    45.860    -0.048     0.044    -0.385
    45.870     0.008    -0.072    -0.267
    45.880     0.055    -0.147    -0.145
    45.890     0.085    -0.138    -0.054
    45.900     0.084    -0.084    -0.037
    45.910     0.052     0.051     0.022
    45.920     0.013     0.240     0.113
    45.930    -0.030     0.334     0.117
    45.940    -0.071     0.443     0.179
    45.950    -0.035     0.412     0.142
    45.960    -0.054     0.299     0.030
    45.970    -0.080     0.196    -0.010
    45.980    -0.036    -0.028    -0.100
    45.990    -0.018    -0.200    -0.106
    46.000     0.043    -0.311    -0.142
    46.010     0.113    -0.334    -0.190
    46.020     0.184    -0.367    -0.203
    46.030     0.220    -0.376    -0.131
    46.040     0.223    -0.395     0.025
    46.050     0.234    -0.449     0.190
    46.060     0.209    -0.487     0.417
    46.070     0.193    -0.595     0.498
    46.080     0.146    -0.587     0.568
    46.090     0.085    -0.604     0.561
    46.100    -0.014    -0.569     0.419
    46.110    -0.119    -0.437     0.297
    46.120    -0.144    -0.361     0.081
    46.130    -0.176    -0.245    -0.094
    46.140    -0.153    -0.161    -0.211
    46.150    -0.128    -0.064    -0.238
    46.160    -0.133     0.045    -0.156
    46.170    -0.108     0.155    -0.061
    46.180    -0.085     0.291     0.043
    46.190    -0.020     0.405     0.093
    46.200     0.049     0.509     0.152
    46.210     0.099     0.550     0.219
    46.220     0.120     0.517     0.270
    46.230     0.081     0.441     0.321
    46.240     0.031     0.322     0.287
    46.250    -0.028     0.173     0.197
    46.260    -0.089     0.041     0.079
    46.270    -0.116    -0.050    -0.100
    46.280    -0.134    -0.088    -0.271
    46.290    -0.154    -0.084    -0.421
    46.300    -0.166    -0.059    -0.566
    46.310    -0.143    -0.018    -0.673
    46.320    -0.095     0.040    -0.729
    46.330    -0.017     0.124    -0.739
    46.340     0.064     0.215    -0.713
    46.350     0.123     0.317    -0.653
    46.360     0.190     0.406    -0.578
    46.370     0.197     0.466    -0.430
    46.380     0.175     0.480    -0.218
    46.390     0.123     0.458     0.048
    46.400     0.019     0.428     0.366
    46.410    -0.077     0.360     0.636
    46.420    -0.184     0.280     0.868
    46.430    -0.238     0.186     1.037
    46.440    -0.237     0.118     1.126
    46.450    -0.209     0.083     1.088
    46.460    -0.153     0.077     0.903
    46.470    -0.094     0.110     0.640
    46.480    -0.014     0.112     0.335
    46.490     0.054     0.073     0.064
    46.500     0.123    -0.014    -0.153
    46.510     0.176    -0.151    -0.322
    46.520     0.189    -0.287    -0.426
    46.530     0.194    -0.386    -0.472
    46.540     0.165    -0.453    -0.459
    46.550     0.112    -0.430    -0.421
    46.560     0.033    -0.373    -0.392
    46.570    -0.044    -0.324    -0.348
    46.580    -0.080    -0.293    -0.306
    46.590    -0.073    -0.342    -0.215
    46.600    -0.025    -0.376    -0.076
    46.610     0.024    -0.376     0.062
    46.620     0.098    -0.376     0.192
    46.630     0.154    -0.343     0.273
    46.640     0.176    -0.294     0.324
    46.650     0.195    -0.251     0.324
    46.660     0.136    -0.209     0.333
    46.670     0.052    -0.199     0.388
    46.680    -0.023    -0.204     0.420
    46.690    -0.114    -0.173     0.413
    46.700    -0.171    -0.144     0.328
    46.710    -0.211    -0.099     0.173
    46.720    -0.228     0.002    -0.017
    46.730    -0.203     0.155    -0.189
    46.740    -0.146     0.304    -0.313
    46.750    -0.060     0.424    -0.354
    46.760     0.033     0.540    -0.368
    46.770     0.129     0.622    -0.438
    46.780     0.202     0.619    -0.505
    46.790     0.222     0.570    -0.593
    46.800     0.183     0.496    -0.640
    46.810     0.116     0.312    -0.572
    46.820     0.066     0.063    -0.478
    46.830     0.033    -0.155    -0.361
    46.840     0.029    -0.342    -0.235
    46.850     0.043    -0.477    -0.103
    46.860     0.048    -0.553     0.052
    46.870     0.041    -0.577     0.187
    46.880     0.005    -0.523     0.316
    46.890    -0.034    -0.426     0.383
    46.900    -0.071    -0.326     0.377
    46.910    -0.094    -0.163     0.357
    46.920    -0.083     0.042     0.338
    46.930    -0.072     0.238     0.314
    46.940    -0.082     0.413     0.255
    46.950    -0.115     0.519     0.180
    46.960    -0.112     0.522     0.059
    46.970    -0.087     0.460    -0.093
    46.980    -0.042     0.377    -0.289
    46.990     0.030     0.223    -0.560
    47.000     0.084     0.134    -0.718
    47.010     0.090     0.142    -0.702
    47.020     0.064     0.049    -0.708
    47.030     0.034    -0.004    -0.637
    47.040    -0.037    -0.099    -0.522
    47.050    -0.048    -0.245    -0.455
    47.060    -0.061    -0.326    -0.331
    47.070    -0.050    -0.463    -0.207
    47.080    -0.008    -0.489     0.039
    47.090    -0.028    -0.532     0.223
    47.100     0.019    -0.500     0.437
    47.110     0.027    -0.370     0.565
    47.120     0.018    -0.318     0.570
    47.130     0.064    -0.148     0.737
    47.140     0.065    -0.052     0.649
    47.150     0.007     0.070     0.720
    47.160    -0.021     0.274     0.856
    47.170    -0.043     0.351     0.819
    47.180    -0.063     0.453     0.900
    47.190    -0.026     0.637     0.742
    47.200    -0.003     0.738     0.516
    47.210     0.027     0.697     0.376
    47.220     0.022     0.590     0.252
    47.230     0.020     0.421     0.158
    47.240     0.040     0.201     0.091
    47.250     0.041    -0.040     0.001
    47.260     0.052    -0.242    -0.187
    47.270     0.035    -0.354    -0.360
    47.280    -0.003    -0.372    -0.482
    47.290    -0.073    -0.367    -0.556
    47.300    -0.150    -0.346    -0.580
    47.310    -0.231    -0.267    -0.657
    47.320    -0.279    -0.161    -0.821
    47.330    -0.269    -0.050    -0.961
    47.340    -0.236     0.024    -1.101
    47.350    -0.164     0.067    -1.157
    47.360    -0.082     0.089    -1.134
    47.370     0.002     0.073    -1.080
    47.380     0.109    -0.004    -0.905
    47.390     0.208    -0.128    -0.633
    47.400     0.290    -0.235    -0.248
    47.410     0.336    -0.280     0.147
    47.420     0.325    -0.270     0.515
    47.430     0.296    -0.255     0.804
    47.440     0.245    -0.203     0.972
    47.450     0.183    -0.146     1.045
    47.460     0.104    -0.095     0.986
    47.470    -0.011    -0.020     0.853
    47.480    -0.104     0.045     0.679
    47.490    -0.162     0.056     0.514
    47.500    -0.155     0.041     0.356
    47.510    -0.117     0.089     0.233
    47.520    -0.079     0.117     0.114
    47.530    -0.032     0.146     0.060
    47.540    -0.015     0.210     0.141
    47.550     0.003     0.212     0.230
    47.560     0.000     0.205     0.348
    47.570     0.011     0.165     0.418
    47.580     0.064     0.100     0.409
    47.590     0.109     0.070     0.374
    47.600     0.158     0.052     0.261
    47.610     0.156     0.072     0.137
    47.620     0.113     0.105     0.033
    47.630     0.079     0.084    -0.128
    47.640     0.026     0.020    -0.263
    47.650    -0.014    -0.094    -0.420
    47.660    -0.064    -0.172    -0.596
    47.670    -0.123    -0.201    -0.734
    47.680    -0.151    -0.206    -0.867
    47.690    -0.169    -0.118    -0.840
    47.700    -0.123    -0.048    -0.798
    47.710    -0.085     0.060    -0.657
    47.720    -0.019     0.175    -0.426
    47.730     0.057     0.212    -0.221
    47.740     0.053     0.235     0.120
    47.750     0.092     0.196     0.453
    47.760     0.088     0.157     0.800
    47.770     0.072     0.114     1.073
    47.780     0.047     0.099     1.231
    47.790    -0.033     0.068     1.226
    47.800    -0.132    -0.006     1.081
    47.810    -0.245    -0.104     0.869
    47.820    -0.304    -0.230     0.530
    47.830    -0.299    -0.314     0.216
    47.840    -0.187    -0.421    -0.151
    47.850    -0.031    -0.478    -0.440
    47.860     0.159    -0.484    -0.607
    47.870     0.322    -0.443    -0.676
    47.880     0.387    -0.353    -0.579
    47.890     0.376    -0.284    -0.467
    47.900     0.266    -0.206    -0.344
    47.910     0.137    -0.109    -0.213
    47.920     0.006     0.022    -0.099
    47.930    -0.102     0.141    -0.020
    47.940    -0.187     0.263     0.103
    47.950    -0.215     0.358     0.134
    47.960    -0.222     0.435     0.113
    47.970    -0.219     0.475     0.095
    47.980    -0.165     0.447    -0.049
    47.990    -0.136     0.435    -0.147
    48.000    -0.069     0.394    -0.220
    48.010     0.018     0.356    -0.242
    48.020     0.112     0.277    -0.189
    48.030     0.200     0.143    -0.055
    48.040     0.235     0.018     0.085
    48.050     0.214    -0.120     0.151
    48.060     0.155    -0.254     0.195
    48.070     0.084    -0.346     0.153
    48.080     0.001    -0.345     0.064
    48.090    -0.035    -0.266    -0.089
    48.100    -0.057    -0.139    -0.198
    48.110    -0.057    -0.008    -0.280
    48.120    -0.040     0.110    -0.359
    48.130    -0.061     0.208    -0.370
    48.140    -0.090     0.228    -0.417
    48.150    -0.141     0.174    -0.420
    48.160    -0.177     0.112    -0.373
    48.170    -0.184     0.036    -0.290
    48.180    -0.174    -0.046    -0.187
    48.190    -0.131    -0.063    -0.056
    48.200    -0.080    -0.082     0.125
    48.210    -0.002    -0.108     0.264
    48.220     0.099    -0.083     0.395
    48.230     0.157    -0.034     0.442
    48.240     0.146     0.030     0.410
    48.250     0.117     0.117     0.422
    48.260     0.099     0.269     0.386
    48.270     0.084     0.414     0.271
    48.280     0.057     0.503     0.178
    48.290     0.015     0.602     0.063
    48.300    -0.008     0.663    -0.128
    48.310    -0.027     0.647    -0.253
    48.320    -0.023     0.529    -0.305
    48.330    -0.006     0.350    -0.349
    48.340     0.011     0.136    -0.316
    48.350     0.031    -0.103    -0.227
    48.360     0.038    -0.303    -0.155
    48.370     0.073    -0.458    -0.065
    48.380     0.087    -0.489     0.030
    48.390     0.071    -0.488     0.107
    48.400     0.058    -0.493     0.219
    48.410     0.042    -0.437     0.300
    48.420     0.029    -0.345     0.369
    48.430     0.054    -0.261     0.437
    48.440     0.121    -0.221     0.462
    48.450     0.151    -0.168     0.415
    48.460     0.191    -0.149     0.262
    48.470     0.205    -0.149     0.133
    48.480     0.194    -0.199     0.002
    48.490     0.159    -0.270    -0.073
    48.500     0.066    -0.303    -0.110
    48.510    -0.010    -0.331    -0.120
    48.520    -0.116    -0.286    -0.040
    48.530    -0.214    -0.241    -0.004
    48.540    -0.293    -0.185     0.092
    48.550    -0.331    -0.143     0.133
    48.560    -0.331    -0.126     0.098
    48.570    -0.294    -0.073     0.037
    48.580    -0.193    -0.016    -0.109
    48.590    -0.110     0.043    -0.209
    48.600    -0.017     0.096    -0.326
    48.610     0.041     0.145    -0.413
    48.620     0.067     0.168    -0.446
    48.630     0.081     0.191    -0.433
    48.640     0.045     0.224    -0.350
    48.650     0.007     0.278    -0.245
    48.660    -0.044     0.336    -0.102
    48.670    -0.092     0.383     0.070
    48.680    -0.072     0.421     0.186
    48.690    -0.023     0.455     0.215
    48.700     0.041     0.474     0.165
    48.710     0.105     0.436     0.062
    48.720     0.111     0.379    -0.022
    48.730     0.138     0.279    -0.102
    48.740     0.123     0.166    -0.111
    48.750     0.051     0.033    -0.108
    48.760    -0.015    -0.163    -0.101
    48.770    -0.080    -0.366     0.014
    48.780    -0.106    -0.457     0.143
    48.790    -0.159    -0.485     0.253
    48.800    -0.154    -0.525     0.293
    48.810    -0.138    -0.462     0.254
    48.820    -0.142    -0.385     0.158
    48.830    -0.039    -0.237     0.012
    48.840     0.039    -0.030    -0.162
    48.850     0.090     0.151    -0.257
    48.860     0.156     0.313    -0.282
    48.870     0.201     0.393    -0.342
    48.880     0.206     0.467    -0.242
    48.890     0.188     0.475    -0.056
    48.900     0.176     0.331    -0.016
    48.910     0.100     0.180     0.061
    48.920     0.007     0.079     0.076
    48.930    -0.074    -0.060     0.017
    48.940    -0.124    -0.186     0.009
    48.950    -0.115    -0.301    -0.132
    48.960    -0.083    -0.299    -0.215
    48.970    -0.021    -0.268    -0.237
    48.980     0.034    -0.271    -0.210
    48.990     0.076    -0.199    -0.104
    49.000     0.089    -0.141    -0.030
    49.010     0.112    -0.078     0.150
    49.020     0.126    -0.074     0.309
    49.030     0.074    -0.044     0.464
    49.040     0.064    -0.079     0.638
    49.050     0.053    -0.150     0.767
    49.060     0.032    -0.143     0.859
    49.070     0.044    -0.214     0.845
    49.080     0.041    -0.244     0.661
    49.090     0.023    -0.260     0.453
    49.100     0.001    -0.257     0.349
    49.110     0.000    -0.208     0.120
    49.120    -0.026    -0.137    -0.046
    49.130    -0.043    -0.052    -0.230
    49.140    -0.042    -0.003    -0.470
    49.150    -0.053     0.050    -0.526
    49.160    -0.019     0.084    -0.606
    49.170    -0.030     0.107    -0.562
    49.180    -0.034     0.095    -0.472
    49.190    -0.022     0.061    -0.421
    49.200    -0.048     0.025    -0.315
    49.210    -0.040    -0.028    -0.238
    49.220    -0.067    -0.035    -0.124
    49.230    -0.090    -0.013    -0.076
    49.240    -0.116     0.010    -0.028
    49.250    -0.127     0.040     0.033
    49.260    -0.096     0.095     0.056
    49.270    -0.093     0.207     0.094
    49.280    -0.051     0.338     0.056
    49.290    -0.010     0.449     0.005
    49.300     0.023     0.543    -0.061
    49.310     0.071     0.579    -0.108
    49.320     0.094     0.517    -0.074
    49.330     0.112     0.384    -0.021
    49.340     0.120     0.213     0.052
    49.350     0.102     0.032     0.117
    49.360     0.038    -0.158     0.140
    49.370    -0.031    -0.345     0.130
    49.380    -0.078    -0.459     0.132
    49.390    -0.132    -0.489     0.040
    49.400    -0.157    -0.430    -0.110
    49.410    -0.146    -0.350    -0.227
    49.420    -0.094    -0.282    -0.371
    49.430    -0.040    -0.164    -0.417
    49.440     0.034    -0.076    -0.429
    49.450     0.116    -0.002    -0.386
    49.460     0.116     0.047    -0.281
    49.470     0.122     0.047    -0.246
    49.480     0.097     0.031    -0.158
    49.490     0.041    -0.054    -0.019
    49.500     0.005    -0.156     0.145
    49.510    -0.058    -0.281     0.264
    49.520    -0.071    -0.341     0.323
    49.530    -0.070    -0.309     0.327
    49.540    -0.045    -0.223     0.229
    49.550     0.017    -0.037     0.112
    49.560     0.050     0.152    -0.083
    49.570     0.081     0.322    -0.271
    49.580     0.112     0.433    -0.362
    49.590     0.115     0.457    -0.411
    49.600     0.104     0.406    -0.385
    49.610     0.094     0.299    -0.319
    49.620     0.046     0.194    -0.197
    49.630     0.010     0.079    -0.006
    49.640    -0.012     0.001     0.175
    49.650    -0.039    -0.043     0.313
    49.660    -0.051    -0.062     0.373
    49.670    -0.083    -0.052     0.333
    49.680    -0.105    -0.019     0.217
    49.690    -0.112     0.024     0.035
    49.700    -0.104     0.066    -0.158
    49.710    -0.070     0.123    -0.332
    49.720    -0.022     0.138    -0.428
    49.730     0.014     0.096    -0.403
    49.740     0.025     0.014    -0.279
    49.750     0.030    -0.096    -0.076
    49.760     0.029    -0.246     0.138
    49.770     0.048    -0.353     0.342
    49.780     0.075    -0.358     0.545
    49.790     0.097    -0.340     0.732
    49.800     0.081    -0.241     0.885
    49.810     0.035    -0.099     0.963
    49.820    -0.018     0.005     0.943
    49.830    -0.098     0.088     0.824
    49.840    -0.158     0.130     0.638
    49.850    -0.190     0.126     0.434
    49.860    -0.197     0.049     0.230
    49.870    -0.173    -0.041     0.053
    49.880    -0.119    -0.126    -0.089
    49.890    -0.028    -0.223    -0.194
    49.900     0.076    -0.275    -0.266
    49.910     0.175    -0.267    -0.343
    49.920     0.251    -0.175    -0.424
    49.930     0.307    -0.018    -0.494
    49.940     0.322     0.164    -0.538
    49.950     0.285     0.352    -0.532
    49.960     0.237     0.525    -0.479
    49.970     0.166     0.662    -0.423
    49.980     0.075     0.736    -0.382
    49.990    -0.004     0.742    -0.339
    50.000    -0.067     0.682    -0.323
    50.010    -0.124     0.563    -0.308
    50.020    -0.135     0.397    -0.271
    50.030    -0.107     0.207    -0.218
    50.040    -0.074     0.004    -0.162
    50.050    -0.026    -0.176    -0.108
    50.060     0.017    -0.333    -0.026
    50.070     0.044    -0.476     0.069
    50.080     0.035    -0.563     0.195
    50.090    -0.013    -0.628     0.316
    50.100    -0.072    -0.642     0.414
    50.110    -0.130    -0.592     0.467
    50.120    -0.158    -0.482     0.439
    50.130    -0.160    -0.280     0.387
    50.140    -0.127    -0.041     0.308
    50.150    -0.074     0.225     0.229
    50.160    -0.004     0.452     0.144
    50.170     0.058     0.629     0.091
    50.180     0.105     0.746     0.058
    50.190     0.162     0.762    -0.024
    50.200     0.183     0.731    -0.094
    50.210     0.171     0.641    -0.182
    50.220     0.131     0.530    -0.259
    50.230     0.079     0.374    -0.304
    50.240     0.011     0.191    -0.278
    50.250    -0.080     0.033    -0.200
    50.260    -0.121    -0.129    -0.152
    50.270    -0.134    -0.266    -0.081
    50.280    -0.110    -0.401    -0.015
    50.290    -0.038    -0.545     0.044
    50.300     0.021    -0.670     0.120
    50.310     0.070    -0.788     0.220
    50.320     0.097    -0.893     0.338
    50.330     0.082    -0.929     0.425
    50.340     0.046    -0.892     0.457
    50.350     0.001    -0.790     0.426
    50.360    -0.043    -0.609     0.349
    50.370    -0.067    -0.392     0.236
    50.380    -0.089    -0.161     0.131
    50.390    -0.093     0.061     0.021
    50.400    -0.078     0.225    -0.095
    50.410    -0.069     0.329    -0.196
    50.420    -0.043     0.396    -0.293
    50.430     0.000     0.422    -0.406
    50.440     0.034     0.415    -0.508
    50.450     0.038     0.369    -0.545
    50.460     0.029     0.286    -0.548
    50.470     0.009     0.193    -0.480
    50.480    -0.020     0.067    -0.387
    50.490    -0.045    -0.056    -0.301
    50.500    -0.052    -0.168    -0.191
    50.510    -0.029    -0.349    -0.077
    50.520    -0.007    -0.530     0.103
    50.530     0.041    -0.611     0.295
    50.540     0.113    -0.629     0.449
    50.550     0.128    -0.626     0.527
    50.560     0.112    -0.551     0.556
    50.570     0.099    -0.412     0.560
    50.580     0.051    -0.271     0.431
    50.590    -0.030    -0.118     0.266
    50.600    -0.086     0.025     0.121
    50.610    -0.106     0.111    -0.029
    50.620    -0.114     0.160    -0.120
    50.630    -0.101     0.220    -0.169
    50.640    -0.088     0.283    -0.177
    50.650    -0.076     0.332    -0.167
    50.660    -0.067     0.367    -0.211
    50.670    -0.065     0.427    -0.311
    50.680    -0.058     0.511    -0.407
    50.690    -0.054     0.570    -0.434
    50.700    -0.033     0.627    -0.408
    50.710     0.002     0.681    -0.342
    50.720     0.039     0.696    -0.233
    50.730     0.055     0.678    -0.123
    50.740     0.055     0.615    -0.023
    50.750     0.060     0.501     0.070
    50.760     0.043     0.361     0.162
    50.770     0.019     0.212     0.236
    50.780    -0.019     0.058     0.286
    50.790    -0.058    -0.064     0.308
    50.800    -0.083    -0.163     0.289
    50.810    -0.099    -0.230     0.224
    50.820    -0.081    -0.256     0.098
    50.830    -0.051    -0.274    -0.046
    50.840    -0.009    -0.239    -0.174
    50.850     0.040    -0.199    -0.277
    50.860     0.091    -0.112    -0.281
    50.870     0.122     0.005    -0.208
    50.880     0.129     0.015    -0.139
    50.890     0.112     0.061    -0.021
    50.900     0.089     0.042     0.052
    50.910     0.049    -0.014     0.047
    50.920    -0.025     0.040     0.074
    50.930    -0.007    -0.039     0.030
    50.940    -0.042    -0.118     0.035
    50.950    -0.085    -0.118     0.085
    50.960    -0.015    -0.117     0.136
    50.970     0.020    -0.064     0.231
    50.980     0.125    -0.048     0.256
    50.990     0.160    -0.016     0.349
    51.000     0.151     0.068     0.383
    51.010     0.170     0.200     0.346
    51.020     0.115     0.278     0.351
    51.030     0.108     0.273     0.354
    51.040     0.063     0.277     0.396
    51.050     0.039     0.189     0.367
    51.060     0.047     0.068     0.335
    51.070    -0.004    -0.036     0.303
    51.080    -0.034    -0.098     0.303
    51.090    -0.050    -0.116     0.291
    51.100    -0.067    -0.109     0.154
    51.110    -0.120    -0.002     0.037
    51.120    -0.160     0.118    -0.079
    51.130    -0.191     0.201    -0.191
    51.140    -0.219     0.209    -0.317
    51.150    -0.206     0.137    -0.452
    51.160    -0.176     0.007    -0.582
    51.170    -0.093    -0.200    -0.707
    51.180    -0.003    -0.421    -0.728
    51.190     0.062    -0.633    -0.684
    51.200     0.116    -0.775    -0.582
    51.210     0.137    -0.822    -0.472
    51.220     0.145    -0.802    -0.390
    51.230     0.142    -0.698    -0.329
    51.240     0.138    -0.545    -0.321
    51.250     0.122    -0.387    -0.332
    51.260     0.089    -0.243    -0.362
    51.270     0.051    -0.160    -0.403
    51.280     0.001    -0.118    -0.399
    51.290    -0.033    -0.089    -0.373
    51.300    -0.052    -0.051    -0.335
    51.310    -0.057     0.034    -0.263
    51.320    -0.042     0.134    -0.184
    51.330    -0.037     0.254    -0.065
    51.340    -0.039     0.360     0.082
    51.350    -0.057     0.400     0.241
    51.360    -0.086     0.377     0.395
    51.370    -0.103     0.299     0.491
    51.380    -0.108     0.212     0.554
    51.390    -0.086     0.129     0.563
    51.400    -0.045     0.068     0.546
    51.410    -0.001     0.034     0.519
    51.420     0.045     0.014     0.460
    51.430     0.076     0.017     0.386
    51.440     0.077     0.010     0.296
    51.450     0.064     0.006     0.209
    51.460     0.057    -0.032     0.116
    51.470     0.058    -0.106     0.054
    51.480     0.062    -0.161     0.011
    51.490     0.068    -0.216    -0.029
    51.500     0.072    -0.237    -0.039
    51.510     0.085    -0.219    -0.082
    51.520     0.072    -0.158    -0.138
    51.530     0.025    -0.055    -0.192
    51.540    -0.040     0.049    -0.224
    51.550    -0.113     0.164    -0.235
    51.560    -0.163     0.257    -0.262
    51.570    -0.211     0.314    -0.253
    51.580    -0.228     0.353    -0.225
    51.590    -0.219     0.338    -0.204
    51.600    -0.204     0.288    -0.174
    51.610    -0.153     0.223    -0.133
    51.620    -0.102     0.119    -0.098
    51.630    -0.050     0.000    -0.055
    51.640     0.006    -0.125     0.028
    51.650     0.042    -0.219     0.103
    51.660     0.043    -0.246     0.184
    51.670     0.023    -0.229     0.253
    51.680    -0.001    -0.169     0.271
    51.690    -0.026    -0.070     0.285
    51.700    -0.025     0.052     0.266
    51.710    -0.012     0.185     0.196
    51.720    -0.001     0.304     0.112
    51.730     0.031     0.376     0.038
    51.740     0.077     0.405    -0.031
    51.750     0.125     0.413    -0.098
    51.760     0.165     0.387    -0.151
    51.770     0.182     0.352    -0.208
    51.780     0.190     0.315    -0.234
    51.790     0.185     0.277    -0.199
    51.800     0.162     0.241    -0.104
    51.810     0.134     0.185     0.060
    51.820     0.098     0.098     0.234
    51.830     0.063    -0.021     0.365
    51.840     0.033    -0.125     0.449
    51.850     0.006    -0.225     0.434
    51.860    -0.027    -0.316     0.322
    51.870    -0.058    -0.364     0.188
    51.880    -0.074    -0.388     0.056
    51.890    -0.062    -0.362    -0.055
    51.900    -0.028    -0.316    -0.124
    51.910    -0.007    -0.287    -0.130
    51.920     0.025    -0.257    -0.051
    51.930     0.058    -0.265     0.074
    51.940     0.081    -0.290     0.224
    51.950     0.109    -0.301     0.342
    51.960     0.102    -0.298     0.394
    51.970     0.072    -0.261     0.410
    51.980     0.046    -0.175     0.385
    51.990     0.013    -0.030     0.332
    52.000    -0.015     0.150     0.250
    52.010    -0.059     0.351     0.167
    52.020    -0.103     0.535     0.058
    52.030    -0.116     0.644    -0.038
    52.040    -0.121     0.643    -0.073
    52.050    -0.092     0.567    -0.128
    52.060    -0.058     0.411    -0.149
    52.070    -0.006     0.177    -0.173
    52.080     0.068    -0.032    -0.209
    52.090     0.096    -0.201    -0.192
    52.100     0.120    -0.310    -0.183
    52.110     0.113    -0.345    -0.177
    52.120     0.084    -0.337    -0.174
    52.130     0.066    -0.303    -0.188
    52.140     0.029    -0.241    -0.211
    52.150     0.005    -0.172    -0.236
    52.160    -0.032    -0.114    -0.259
    52.170    -0.080    -0.035    -0.281
    52.180    -0.108     0.013    -0.310
    52.190    -0.119     0.026    -0.323
    52.200    -0.105     0.040    -0.323
    52.210    -0.080     0.056    -0.307
    52.220    -0.032     0.081    -0.261
    52.230     0.035     0.103    -0.199
    52.240     0.084     0.132    -0.119
    52.250     0.118     0.151    -0.057
    52.260     0.125     0.154    -0.004
    52.270     0.101     0.149     0.037
    52.280     0.073     0.119     0.052
    52.290     0.038     0.062     0.048
    52.300     0.012    -0.006     0.026
    52.310    -0.001    -0.072     0.033
    52.320    -0.022    -0.139     0.066
    52.330    -0.040    -0.180     0.135
    52.340    -0.066    -0.216     0.232
    52.350    -0.086    -0.251     0.313
    52.360    -0.103    -0.270     0.366
    52.370    -0.131    -0.293     0.403
    52.380    -0.138    -0.269     0.437
    52.390    -0.137    -0.216     0.469
    52.400    -0.124    -0.157     0.463
    52.410    -0.104    -0.091     0.434
    52.420    -0.059     0.009     0.371
    52.430     0.003     0.134     0.233
    52.440     0.049     0.190     0.113
    52.450     0.107     0.211     0.027
    52.460     0.111     0.233    -0.037
    52.470     0.092     0.281    -0.141
    52.480     0.072     0.304    -0.297
    52.490     0.038     0.289    -0.409
    52.500     0.032     0.319    -0.557
    52.510    -0.002     0.334    -0.684
    52.520    -0.027     0.313    -0.747
    52.530    -0.056     0.240    -0.747
    52.540    -0.123     0.100    -0.658
    52.550    -0.133    -0.054    -0.558
    52.560    -0.121    -0.209    -0.443
    52.570    -0.103    -0.321    -0.358
    52.580    -0.073    -0.377    -0.248
    52.590    -0.062    -0.404    -0.107
    52.600    -0.041    -0.382     0.009
    52.610    -0.040    -0.325     0.091
    52.620    -0.055    -0.246     0.088
    52.630    -0.065    -0.131     0.048
    52.640    -0.075     0.009    -0.040
    52.650    -0.070     0.169    -0.103
    52.660    -0.056     0.328    -0.092
    52.670    -0.019     0.453    -0.049
    52.680     0.026     0.545     0.080
    52.690     0.077     0.596     0.240
    52.700     0.130     0.591     0.412
    52.710     0.169     0.551     0.593
    52.720     0.203     0.468     0.733
    52.730     0.219     0.354     0.845
    52.740     0.239     0.199     0.909
    52.750     0.240     0.010     0.921
    52.760     0.219    -0.159     0.864
    52.770     0.189    -0.280     0.721
    52.780     0.126    -0.319     0.513
    52.790     0.053    -0.296     0.262
    52.800    -0.018    -0.237     0.012
    52.810    -0.074    -0.145    -0.204
    52.820    -0.119    -0.051    -0.350
    52.830    -0.152     0.031    -0.422
    52.840    -0.149     0.066    -0.411
    52.850    -0.119     0.049    -0.355
    52.860    -0.072     0.010    -0.311
    52.870    -0.016    -0.066    -0.258
    52.880     0.020    -0.133    -0.203
    52.890     0.039    -0.196    -0.164
    52.900     0.036    -0.280    -0.087
    52.910     0.007    -0.307     0.014
    52.920    -0.006    -0.325     0.075
    52.930    -0.022    -0.298     0.149
    52.940    -0.044    -0.219     0.196
    52.950    -0.061    -0.148     0.189
    52.960    -0.073    -0.040     0.178
    52.970    -0.074     0.052     0.121
    52.980    -0.102     0.122     0.039
    52.990    -0.133     0.114    -0.063
    53.000    -0.146     0.035    -0.164
    53.010    -0.102     0.000    -0.226
    53.020    -0.020    -0.035    -0.327
    53.030     0.031    -0.062    -0.462
    53.040     0.058    -0.103    -0.541
    53.050     0.050    -0.147    -0.546
    53.060     0.040    -0.167    -0.537
    53.070     0.014    -0.190    -0.488
    53.080     0.007    -0.239    -0.446
    53.090     0.015    -0.254    -0.403
    53.100     0.003    -0.190    -0.272
    53.110     0.019    -0.165    -0.168
    53.120    -0.006    -0.090    -0.029
    53.130    -0.009     0.011     0.134
    53.140     0.008     0.086     0.238
    53.150    -0.007     0.162     0.275
    53.160    -0.014     0.145     0.276
    53.170    -0.043     0.146     0.336
    53.180    -0.066     0.145     0.334
    53.190    -0.061     0.093     0.354
    53.200    -0.056     0.036     0.399
    53.210    -0.024     0.005     0.316
    53.220     0.036    -0.040     0.190
    53.230     0.088    -0.062     0.047
    53.240     0.138    -0.032    -0.073
    53.250     0.161    -0.039    -0.084
    53.260     0.148    -0.015    -0.087
    53.270     0.131     0.040    -0.121
    53.280     0.114     0.089    -0.099
    53.290     0.111     0.124    -0.067
    53.300     0.095     0.138    -0.011
    53.310     0.075     0.103     0.044
    53.320     0.057     0.005     0.057
    53.330     0.027    -0.105     0.064
    53.340     0.020    -0.246     0.046
    53.350     0.010    -0.363     0.053
    53.360    -0.026    -0.406     0.040
    53.370    -0.074    -0.374     0.033
    53.380    -0.121    -0.272     0.056
    53.390    -0.134    -0.124     0.084
    53.400    -0.133     0.051     0.146
    53.410    -0.128     0.244     0.190
    53.420    -0.095     0.439     0.245
    53.430    -0.062     0.584     0.299
    53.440    -0.032     0.681     0.320
    53.450     0.013     0.669     0.269
    53.460     0.042     0.565     0.193
    53.470     0.062     0.427     0.100
    53.480     0.068     0.255    -0.040
    53.490     0.036     0.102    -0.132
    53.500     0.012    -0.054    -0.237
    53.510    -0.015    -0.147    -0.283
    53.520    -0.038    -0.186    -0.267
    53.530    -0.032    -0.221    -0.260
    53.540    -0.046    -0.204    -0.215
    53.550    -0.057    -0.171    -0.196
    53.560    -0.076    -0.132    -0.172
    53.570    -0.082    -0.088    -0.151
    53.580    -0.035    -0.047    -0.142
    53.590     0.014    -0.004    -0.118
    53.600     0.096     0.042    -0.095
    53.610     0.181     0.095    -0.039
    53.620     0.226     0.166     0.053
    53.630     0.237     0.227     0.166
    53.640     0.205     0.249     0.282
    53.650     0.157     0.236     0.374
    53.660     0.069     0.187     0.456
    53.670    -0.011     0.080     0.484
    53.680    -0.066    -0.044     0.482
    53.690    -0.125    -0.135     0.491
    53.700    -0.119    -0.204     0.401
    53.710    -0.109    -0.239     0.283
    53.720    -0.072    -0.250     0.147
    53.730    -0.015    -0.246    -0.058
    53.740    -0.004    -0.215    -0.280
    53.750     0.028    -0.181    -0.516
    53.760     0.007    -0.147    -0.662
    53.770    -0.035    -0.123    -0.719
    53.780    -0.043    -0.126    -0.689
    53.790    -0.059    -0.127    -0.566
    53.800    -0.037    -0.100    -0.396
    53.810    -0.004    -0.070    -0.197
    53.820     0.032    -0.056    -0.016
    53.830     0.061    -0.037     0.161
    53.840     0.070    -0.013     0.293
    53.850     0.073     0.024     0.361
    53.860     0.067     0.066     0.377
    53.870     0.061     0.111     0.363
    53.880     0.047     0.145     0.339
    53.890     0.028     0.170     0.306
    53.900     0.000     0.180     0.290
    53.910    -0.038     0.139     0.251
    53.920    -0.078     0.063     0.194
    53.930    -0.116    -0.025     0.113
    53.940    -0.146    -0.081     0.020
    53.950    -0.160    -0.128    -0.081
    53.960    -0.155    -0.143    -0.152
    53.970    -0.147    -0.100    -0.157
    53.980    -0.119    -0.035    -0.184
    53.990    -0.079     0.055    -0.175
    54.000    -0.035     0.124    -0.112
    54.010     0.026     0.184    -0.046
    54.020     0.080     0.232     0.023
    54.030     0.142     0.264     0.043
    54.040     0.196     0.275     0.031
    54.050     0.225     0.275     0.017
    54.060     0.220     0.283     0.001
    54.070     0.165     0.256    -0.016
    54.080     0.096     0.230    -0.031
    54.090     0.013     0.177    -0.048
    54.100    -0.064     0.072    -0.048
    54.110    -0.105    -0.053     0.004
    54.120    -0.116    -0.161     0.098
    54.130    -0.112    -0.221     0.188
    54.140    -0.106    -0.240     0.260
    54.150    -0.081    -0.209     0.310
    54.160    -0.040    -0.159     0.293
    54.170    -0.011    -0.095     0.223
    54.180     0.006    -0.046     0.091
    54.190     0.021    -0.022    -0.072
    54.200     0.029    -0.003    -0.186
    54.210     0.039    -0.013    -0.297
    54.220     0.054    -0.035    -0.391
    54.230     0.048    -0.058    -0.456
    54.240     0.018    -0.064    -0.482
    54.250    -0.015    -0.084    -0.477
    54.260    -0.046    -0.135    -0.458
    54.270    -0.055    -0.194    -0.393
    54.280    -0.055    -0.261    -0.296
    54.290    -0.041    -0.281    -0.161
    54.300    -0.007    -0.293    -0.048
    54.310    -0.017    -0.263     0.094
    54.320    -0.008    -0.199     0.213
    54.330    -0.003    -0.140     0.266
    54.340    -0.007    -0.069     0.296
    54.350     0.018    -0.029     0.259
    54.360     0.028     0.005     0.233
    54.370     0.066     0.005     0.236
    54.380     0.081     0.000     0.288
    54.390     0.080    -0.016     0.298
    54.400     0.096    -0.031     0.274
    54.410     0.103    -0.003     0.246
    54.420     0.110     0.047     0.178
    54.430     0.109     0.156     0.143
    54.440     0.084     0.269     0.073
    54.450     0.040     0.379     0.022
    54.460     0.023     0.435    -0.014
    54.470    -0.012     0.424    -0.058
    54.480    -0.049     0.353    -0.113
    54.490    -0.067     0.201    -0.224
    54.500    -0.091     0.029    -0.340
    54.510    -0.107    -0.178    -0.430
    54.520    -0.113    -0.375    -0.448
    54.530    -0.090    -0.533    -0.414
    54.540    -0.057    -0.618    -0.317
    54.550    -0.004    -0.605    -0.202
    54.560     0.052    -0.498    -0.104
    54.570     0.079    -0.304     0.007
    54.580     0.083    -0.082     0.089
    54.590     0.046     0.162     0.134
    54.600    -0.013     0.375     0.155
    54.610    -0.071     0.498     0.148
    54.620    -0.105     0.526     0.099
    54.630    -0.089     0.474     0.027
    54.640    -0.047     0.356    -0.053
    54.650     0.009     0.197    -0.118
    54.660     0.080     0.019    -0.151
    54.670     0.123    -0.167    -0.165
    54.680     0.150    -0.310    -0.176
    54.690     0.152    -0.397    -0.180
    54.700     0.121    -0.429    -0.164
    54.710     0.079    -0.411    -0.127
    54.720     0.037    -0.371    -0.068
    54.730     0.006    -0.264    -0.003
    54.740    -0.040    -0.159     0.053
    54.750    -0.076    -0.020     0.104
    54.760    -0.096     0.129     0.131
    54.770    -0.138     0.174     0.133
    54.780    -0.160     0.238     0.161
    54.790    -0.144     0.313     0.193
    54.800    -0.113     0.362     0.131
    54.810    -0.086     0.253     0.057
    54.820    -0.094     0.092     0.133
    54.830    -0.084     0.056     0.092
    54.840    -0.086    -0.059    -0.049
    54.850    -0.086    -0.152    -0.087
    54.860    -0.053    -0.166    -0.183
    54.870    -0.063    -0.197    -0.209
    54.880    -0.034    -0.154    -0.269
    54.890     0.001    -0.054    -0.325
    54.900     0.036     0.003    -0.263
    54.910     0.078     0.065    -0.236
    54.920     0.117     0.144    -0.177
    54.930     0.204     0.162    -0.151
    54.940     0.226     0.165    -0.082
    54.950     0.223     0.156     0.015
    54.960     0.194     0.073     0.128
    54.970     0.128    -0.035     0.259
    54.980     0.051    -0.109     0.297
    54.990    -0.031    -0.156     0.336
    55.000    -0.056    -0.209     0.318
    55.010    -0.100    -0.212     0.258
    55.020    -0.107    -0.158     0.222
    55.030    -0.062    -0.127     0.178
    55.040    -0.031    -0.055     0.091
    55.050     0.036     0.025     0.010
    55.060     0.095     0.053     0.012
    55.070     0.097     0.094    -0.051
    55.080     0.079     0.121    -0.077
    55.090     0.049     0.115     0.009
    55.100     0.000     0.127     0.004
    55.110    -0.038     0.138     0.034
    55.120    -0.061     0.089     0.140
    55.130    -0.081     0.041     0.223
    55.140    -0.095     0.017     0.341
    55.150    -0.109    -0.054     0.445
    55.160    -0.099    -0.119     0.496
    55.170    -0.046    -0.159     0.482
    55.180     0.008    -0.199     0.386
    55.190     0.061    -0.177     0.206
    55.200     0.108    -0.109     0.042
    55.210     0.118    -0.015    -0.082
    55.220     0.114     0.089    -0.233
    55.230     0.080     0.167    -0.341
    55.240     0.046     0.223    -0.431
    55.250     0.018     0.250    -0.480
    55.260    -0.003     0.259    -0.462
    55.270    -0.019     0.254    -0.397
    55.280    -0.045     0.246    -0.311
    55.290    -0.054     0.245    -0.233
    55.300    -0.062     0.227    -0.153
    55.310    -0.046     0.197    -0.130
    55.320    -0.030     0.161    -0.118
    55.330    -0.007     0.136    -0.121
    55.340     0.011     0.130    -0.126
    55.350    -0.008     0.096    -0.102
    55.360    -0.006     0.041    -0.071
    55.370    -0.025    -0.001    -0.019
    55.380    -0.030    -0.027    -0.030
    55.390    -0.030    -0.085    -0.080
    55.400    -0.054    -0.171    -0.099
    55.410    -0.049    -0.239    -0.072
    55.420    -0.053    -0.305     0.000
    55.430    -0.038    -0.356     0.093
    55.440    -0.008    -0.380     0.212
    55.450     0.013    -0.375     0.285
    55.460     0.041    -0.306     0.284
    55.470     0.067    -0.197     0.272
    55.480     0.078    -0.109     0.245
    55.490     0.069    -0.021     0.198
    55.500     0.055     0.049     0.134
    55.510     0.033     0.060     0.036
    55.520     0.016     0.072    -0.049
    55.530    -0.030     0.096    -0.104
    55.540    -0.052     0.100    -0.144
    55.550    -0.050     0.085    -0.188
    55.560    -0.090     0.100    -0.196
    55.570    -0.078     0.124    -0.156
    55.580    -0.060     0.138    -0.099
    55.590    -0.047     0.193    -0.023
    55.600    -0.028     0.229     0.031
    55.610    -0.026     0.301     0.103
    55.620    -0.022     0.377     0.120
    55.630    -0.039     0.387     0.123
    55.640    -0.060     0.388     0.141
    55.650    -0.074     0.307     0.099
    55.660    -0.060     0.171     0.117
    55.670    -0.035     0.021     0.106
    55.680     0.012    -0.133     0.085
    55.690     0.055    -0.262     0.106
    55.700     0.075    -0.357     0.101
    55.710     0.107    -0.402     0.128
    55.720     0.108    -0.413     0.116
    55.730     0.100    -0.381     0.089
    55.740     0.092    -0.324     0.064
    55.750     0.093    -0.240     0.044
    55.760     0.094    -0.132     0.074
    55.770     0.087    -0.033     0.094
    55.780     0.076     0.068     0.106
    55.790     0.051     0.144     0.089
    55.800     0.030     0.177     0.050
    55.810     0.001     0.172    -0.031
    55.820    -0.008     0.138    -0.133
    55.830    -0.017     0.062    -0.206
    55.840    -0.019    -0.046    -0.261
    55.850    -0.013    -0.121    -0.249
    55.860    -0.015    -0.226    -0.209
    55.870    -0.017    -0.291    -0.149
    55.880    -0.049    -0.280    -0.088
    55.890    -0.054    -0.298    -0.051
    55.900    -0.061    -0.256    -0.026
    55.910    -0.075    -0.159    -0.055
    55.920    -0.053    -0.118    -0.115
    55.930    -0.037    -0.086    -0.206
    55.940    -0.020    -0.008    -0.257
    55.950     0.012     0.025    -0.238
    55.960     0.029     0.022    -0.182
    55.970     0.024     0.045    -0.079
    55.980     0.018     0.049    -0.004
    55.990     0.000     0.032     0.031
    56.000    -0.023     0.045     0.044
    56.010    -0.053     0.085     0.021
    56.020    -0.083     0.125    -0.014
    56.030    -0.086     0.194    -0.071
    56.040    -0.076     0.239    -0.132
    56.050    -0.056     0.250    -0.174
    56.060    -0.025     0.247    -0.202
    56.070     0.023     0.180    -0.186
    56.080     0.043     0.093    -0.146
    56.090     0.032     0.012    -0.039
    56.100     0.029    -0.083     0.102
    56.110     0.006    -0.134     0.225
    56.120    -0.007    -0.138     0.371
    56.130    -0.007    -0.125     0.498
    56.140    -0.017    -0.046     0.568
    56.150    -0.031     0.056     0.588
    56.160    -0.016     0.144     0.616
    56.170     0.026     0.226     0.605
    56.180     0.055     0.284     0.557
    56.190     0.085     0.322     0.502
    56.200     0.081     0.323     0.402
    56.210     0.040     0.309     0.306
    56.220    -0.012     0.293     0.193
    56.230    -0.087     0.257     0.083
    56.240    -0.142     0.210    -0.011
    56.250    -0.178     0.153    -0.078
    56.260    -0.194     0.083    -0.090
    56.270    -0.166    -0.001    -0.077
    56.280    -0.122    -0.076    -0.008
    56.290    -0.068    -0.144     0.060
    56.300    -0.002    -0.194     0.107
    56.310     0.063    -0.205     0.097
    56.320     0.110    -0.184     0.033
    56.330     0.152    -0.131    -0.032
    56.340     0.172    -0.057    -0.135
    56.350     0.164     0.025    -0.196
    56.360     0.153     0.088    -0.247
    56.370     0.120     0.125    -0.332
    56.380     0.098     0.131    -0.431
    56.390     0.086     0.115    -0.537
    56.400     0.065     0.067    -0.628
    56.410     0.049    -0.020    -0.670
    56.420     0.031    -0.123    -0.606
    56.430     0.031    -0.229    -0.485
    56.440     0.055    -0.285    -0.336
    56.450     0.071    -0.333    -0.164
    56.460     0.066    -0.374     0.001
    56.470     0.049    -0.374     0.130
    56.480     0.018    -0.359     0.239
    56.490    -0.028    -0.332     0.336
    56.500    -0.081    -0.313     0.363
    56.510    -0.102    -0.298     0.336
    56.520    -0.098    -0.283     0.254
    56.530    -0.096    -0.243     0.144
    56.540    -0.074    -0.181     0.024
    56.550    -0.051    -0.091    -0.085
    56.560    -0.014     0.011    -0.155
    56.570     0.003     0.115    -0.189
    56.580     0.020     0.230    -0.183
    56.590     0.051     0.326    -0.164
    56.600     0.039     0.431    -0.118
    56.610     0.039     0.504    -0.075
    56.620     0.032     0.541    -0.032
    56.630     0.009     0.531     0.009
    56.640     0.001     0.488     0.022
    56.650    -0.014     0.450     0.051
    56.660    -0.034     0.386     0.073
    56.670    -0.060     0.334     0.093
    56.680    -0.088     0.264     0.110
    56.690    -0.096     0.167     0.126
    56.700    -0.084     0.067     0.145
    56.710    -0.057    -0.052     0.147
    56.720    -0.010    -0.186     0.151
    56.730     0.029    -0.325     0.181
    56.740     0.075    -0.432     0.221
    56.750     0.103    -0.491     0.238
    56.760     0.101    -0.475     0.230
    56.770     0.092    -0.411     0.183
    56.780     0.053    -0.310     0.126
    56.790     0.038    -0.191     0.065
    56.800     0.017    -0.092     0.034
    56.810    -0.002    -0.009     0.046
    56.820     0.002     0.031     0.074
    56.830     0.014     0.053     0.125
    56.840     0.051     0.055     0.153
    56.850     0.066     0.050     0.151
    56.860     0.085     0.086     0.104
    56.870     0.067     0.118     0.018
    56.880     0.029     0.168    -0.069
    56.890    -0.005     0.230    -0.130
    56.900    -0.075     0.253    -0.170
    56.910    -0.104     0.265    -0.183
    56.920    -0.142     0.242    -0.178
    56.930    -0.152     0.197    -0.188
    56.940    -0.134     0.104    -0.199
    56.950    -0.126     0.016    -0.221
    56.960    -0.072    -0.072    -0.258
    56.970    -0.062    -0.174    -0.283
    56.980    -0.032    -0.200    -0.326
    56.990    -0.020    -0.261    -0.380
    57.000    -0.047    -0.245    -0.379
    57.010    -0.011    -0.203    -0.395
    57.020    -0.039    -0.163    -0.364
    57.030    -0.020    -0.054    -0.287
    57.040     0.020    -0.020    -0.233
    57.050     0.018     0.042    -0.161
    57.060     0.065     0.044    -0.152
    57.070     0.050     0.028    -0.110
    57.080     0.047     0.021    -0.126
    57.090     0.061    -0.022    -0.135
    57.100     0.036    -0.011    -0.085
    57.110     0.039    -0.005    -0.077
    57.120     0.037     0.017     0.025
    57.130     0.032     0.024     0.105
    57.140     0.024     0.046     0.218
    57.150     0.024     0.060     0.310
    57.160     0.011     0.052     0.356
    57.170    -0.037     0.038     0.424
    57.180    -0.061     0.019     0.428
    57.190    -0.078     0.024     0.400
    57.200    -0.088     0.005     0.311
    57.210    -0.055     0.007     0.215
    57.220    -0.014    -0.004     0.084
    57.230     0.033    -0.028    -0.024
    57.240     0.099    -0.051    -0.072
    57.250     0.147    -0.086    -0.107
    57.260     0.168    -0.106    -0.083
    57.270     0.167    -0.126    -0.040
    57.280     0.139    -0.121     0.003
    57.290     0.093    -0.100     0.042
    57.300     0.030    -0.086     0.079
    57.310    -0.037    -0.084     0.083
    57.320    -0.100    -0.082     0.070
    57.330    -0.153    -0.082     0.057
    57.340    -0.184    -0.080     0.041
    57.350    -0.200    -0.064     0.032
    57.360    -0.198    -0.018     0.004
    57.370    -0.181     0.061    -0.051
    57.380    -0.158     0.138    -0.122
    57.390    -0.124     0.204    -0.185
    57.400    -0.080     0.238    -0.237
    57.410    -0.038     0.253    -0.265
    57.420     0.007     0.259    -0.270
    57.430     0.039     0.242    -0.244
    57.440     0.064     0.208    -0.190
    57.450     0.093     0.156    -0.111
    57.460     0.123     0.096    -0.024
    57.470     0.153     0.041     0.068
    57.480     0.163    -0.005     0.183
    57.490     0.156    -0.054     0.287
    57.500     0.129    -0.112     0.409
    57.510     0.099    -0.169     0.520
    57.520     0.068    -0.215     0.570
    57.530     0.037    -0.239     0.559
    57.540     0.011    -0.226     0.491
    57.550    -0.017    -0.170     0.387
    57.560    -0.035    -0.084     0.271
    57.570    -0.060     0.025     0.171
    57.580    -0.075     0.138     0.059
    57.590    -0.070     0.229    -0.051
    57.600    -0.060     0.282    -0.142
    57.610    -0.038     0.306    -0.204
    57.620    -0.024     0.297    -0.214
    57.630    -0.016     0.270    -0.201
    57.640    -0.007     0.244    -0.183
    57.650    -0.018     0.213    -0.176
    57.660    -0.028     0.182    -0.201
    57.670    -0.037     0.144    -0.248
    57.680    -0.051     0.096    -0.301
    57.690    -0.058     0.035    -0.343
    57.700    -0.058    -0.061    -0.355
    57.710    -0.043    -0.187    -0.322
    57.720    -0.028    -0.315    -0.257
    57.730     0.004    -0.424    -0.169
    57.740     0.030    -0.475    -0.059
    57.750     0.044    -0.475     0.040
    57.760     0.088    -0.451     0.134
    57.770     0.102    -0.395     0.222
    57.780     0.089    -0.314     0.326
    57.790     0.102    -0.220     0.396
    57.800     0.092    -0.110     0.387
    57.810     0.049     0.026     0.378
    57.820     0.031     0.132     0.340
    57.830     0.005     0.210     0.250
    57.840    -0.061     0.285     0.132
    57.850    -0.099     0.322     0.043
    57.860    -0.110     0.301    -0.095
    57.870    -0.120     0.228    -0.229
    57.880    -0.097     0.162    -0.232
    57.890    -0.055     0.083    -0.288
    57.900    -0.023     0.001    -0.278
    57.910     0.037    -0.064    -0.161
    57.920     0.095    -0.146    -0.075
    57.930     0.108    -0.197     0.003
    57.940     0.122    -0.238     0.061
    57.950     0.115    -0.290     0.120
    57.960     0.070    -0.327     0.165
    57.970     0.034    -0.352     0.181
    57.980    -0.002    -0.353     0.157
    57.990    -0.035    -0.311     0.136
    58.000    -0.035    -0.242     0.125
    58.010    -0.036    -0.124     0.077
    58.020    -0.041     0.036     0.015
    58.030    -0.038     0.173    -0.032
    58.040    -0.058     0.305    -0.081
    58.050    -0.066     0.413    -0.159
    58.060    -0.061     0.473    -0.226
    58.070    -0.046     0.511    -0.308
    58.080    -0.017     0.508    -0.384
    58.090     0.013     0.457    -0.411
    58.100     0.045     0.388    -0.408
    58.110     0.072     0.297    -0.359
    58.120     0.090     0.185    -0.289
    58.130     0.086     0.085    -0.217
    58.140     0.061    -0.004    -0.135
    58.150     0.031    -0.085    -0.045
    58.160    -0.008    -0.143     0.050
    58.170    -0.042    -0.185     0.153
    58.180    -0.063    -0.226     0.253
    58.190    -0.069    -0.241     0.328
    58.200    -0.049    -0.230     0.373
    58.210    -0.014    -0.206     0.409
    58.220     0.019    -0.158     0.434
    58.230     0.054    -0.099     0.442
    58.240     0.085    -0.032     0.452
    58.250     0.118     0.030     0.437
    58.260     0.146     0.079     0.403
    58.270     0.158     0.119     0.345
    58.280     0.168     0.130     0.236
    58.290     0.158     0.134     0.126
    58.300     0.119     0.118     0.026
    58.310     0.075     0.072    -0.051
    58.320     0.047     0.018    -0.135
    58.330     0.009    -0.037    -0.250
    58.340    -0.040    -0.078    -0.332
    58.350    -0.067    -0.140    -0.392
    58.360    -0.098    -0.185    -0.460
    58.370    -0.096    -0.210    -0.509
    58.380    -0.081    -0.216    -0.500
    58.390    -0.066    -0.191    -0.458
    58.400    -0.019    -0.164    -0.416
    58.410     0.009    -0.115    -0.347
    58.420     0.034    -0.067    -0.258
    58.430     0.037    -0.035    -0.181
    58.440     0.015    -0.027    -0.076
    58.450     0.005    -0.029     0.031
    58.460    -0.030    -0.039     0.102
    58.470    -0.055    -0.037     0.185
    58.480    -0.047    -0.028     0.253
    58.490    -0.056    -0.017     0.304
    58.500    -0.055     0.025     0.332
    58.510    -0.035     0.062     0.337
    58.520    -0.022     0.094     0.318
    58.530    -0.001     0.115     0.262
    58.540     0.014     0.129     0.172
    58.550     0.026     0.130     0.042
    58.560     0.029     0.119    -0.047
    58.570     0.021     0.100    -0.141
    58.580     0.009     0.079    -0.212
    58.590     0.002     0.073    -0.242
    58.600    -0.003     0.060    -0.271
    58.610    -0.024     0.064    -0.229
    58.620    -0.026     0.067    -0.198
    58.630    -0.031     0.081    -0.140
    58.640    -0.032     0.099    -0.053
    58.650    -0.014     0.094     0.008
    58.660    -0.005     0.087     0.073
    58.670     0.008     0.073     0.126
    58.680     0.015     0.052     0.190
    58.690     0.009     0.004     0.240
    58.700    -0.008    -0.061     0.271
    58.710    -0.024    -0.146     0.272
    58.720    -0.032    -0.222     0.236
    58.730    -0.037    -0.274     0.160
    58.740    -0.039    -0.307     0.071
    58.750    -0.031    -0.272    -0.023
    58.760    -0.009    -0.221    -0.125
    58.770     0.019    -0.165    -0.182
    58.780     0.050    -0.097    -0.205
    58.790     0.085    -0.050    -0.185
    58.800     0.114    -0.016    -0.148
    58.810     0.118     0.000    -0.097
    58.820     0.099     0.016    -0.025
    58.830     0.069     0.014     0.014
    58.840     0.022     0.002     0.014
    58.850    -0.026     0.014    -0.018
    58.860    -0.062     0.013    -0.075
    58.870    -0.086     0.021    -0.140
    58.880    -0.099     0.042    -0.181
    58.890    -0.087     0.078    -0.198
    58.900    -0.053     0.131    -0.197
    58.910    -0.021     0.185    -0.153
    58.920     0.020     0.223    -0.089
    58.930     0.058     0.221    -0.025
    58.940     0.063     0.189     0.053
    58.950     0.065     0.139     0.129
    58.960     0.045     0.087     0.216
    58.970     0.031     0.014     0.290
    58.980     0.035    -0.041     0.352
    58.990     0.013    -0.076     0.377
    59.000    -0.015    -0.087     0.361
    59.010    -0.030    -0.055     0.349
    59.020    -0.033    -0.060     0.275
    59.030    -0.048    -0.041     0.202
    59.040    -0.041    -0.023     0.116
    59.050    -0.013    -0.046     0.002
    59.060    -0.005    -0.045    -0.072
    59.070     0.022    -0.034    -0.154
    59.080     0.045    -0.035    -0.218
    59.090     0.046    -0.059    -0.248
    59.100     0.032    -0.065    -0.251
    59.110     0.013    -0.059    -0.270
    59.120    -0.023    -0.054    -0.263
    59.130    -0.069    -0.027    -0.216
    59.140    -0.083     0.010    -0.198
    59.150    -0.081     0.057    -0.149
    59.160    -0.059     0.084    -0.070
    59.170    -0.008     0.103     0.002
    59.180     0.045     0.118     0.072
    59.190     0.081     0.117     0.158
    59.200     0.097     0.119     0.220
    59.210     0.095     0.128     0.237
    59.220     0.072     0.126     0.251
    59.230     0.049     0.099     0.248
    59.240     0.023     0.053     0.249
    59.250     0.004    -0.006     0.259
    59.260    -0.010    -0.074     0.254
    59.270    -0.024    -0.145     0.235
    59.280    -0.029    -0.215     0.191
    59.290    -0.033    -0.265     0.116
    59.300    -0.029    -0.285     0.026
    59.310    -0.017    -0.277    -0.065
    59.320    -0.005    -0.235    -0.156
    59.330     0.006    -0.165    -0.217
    59.340     0.026    -0.095    -0.231
    59.350     0.046    -0.025    -0.216
    59.360     0.060     0.051    -0.179
    59.370     0.072     0.107    -0.125
    59.380     0.067     0.149    -0.069
    59.390     0.047     0.168    -0.012
    59.400     0.018     0.159     0.044
    59.410    -0.025     0.144     0.083
    59.420    -0.068     0.129     0.096
    59.430    -0.098     0.114     0.078
    59.440    -0.119     0.112     0.024
    59.450    -0.116     0.127    -0.040
    59.460    -0.104     0.141    -0.111
    59.470    -0.094     0.157    -0.166
    59.480    -0.078     0.146    -0.195
    59.490    -0.060     0.100    -0.203
    59.500    -0.043     0.056    -0.176
    59.510    -0.039    -0.018    -0.159
    59.520    -0.018    -0.098    -0.166
    59.530    -0.009    -0.167    -0.170
    59.540    -0.007    -0.262    -0.180
    59.550     0.028    -0.312    -0.170
    59.560     0.045    -0.327    -0.180
    59.570     0.066    -0.343    -0.216
    59.580     0.080    -0.287    -0.194
    59.590     0.090    -0.227    -0.223
    59.600     0.067    -0.125    -0.218
    59.610     0.035     0.026    -0.161
    59.620     0.033     0.121    -0.144
    59.630    -0.004     0.201    -0.047
    59.640    -0.009     0.252     0.020
    59.650    -0.006     0.273     0.086
    59.660    -0.008     0.242     0.192
    59.670     0.004     0.179     0.261
    59.680    -0.003     0.148     0.294
    59.690     0.010     0.102     0.271
    59.700     0.031     0.052     0.237
    59.710     0.042     0.017     0.161
    59.720     0.060    -0.008     0.073
    59.730     0.065    -0.016     0.019
    59.740     0.057    -0.024    -0.011
    59.750     0.051    -0.041    -0.012
    59.760     0.038    -0.051    -0.025
    59.770     0.021    -0.043    -0.049
    59.780     0.003    -0.033    -0.070
    59.790    -0.011    -0.035    -0.092
    59.800    -0.023    -0.035    -0.100
    59.810    -0.031    -0.057    -0.095
    59.820    -0.028    -0.106    -0.079
    59.830    -0.020    -0.141    -0.060
    59.840    -0.011    -0.172    -0.038
    59.850    -0.008    -0.202     0.001
    59.860    -0.007    -0.207     0.034
    59.870    -0.017    -0.194     0.056
    59.880    -0.033    -0.169     0.061
    59.890    -0.040    -0.136     0.041
    59.900    -0.046    -0.107     0.015
    59.910    -0.043    -0.068    -0.017
    59.920    -0.030    -0.023    -0.030
    59.930    -0.018     0.010    -0.016
    59.940    -0.008     0.043     0.023
    59.950    -0.001     0.071     0.108
    59.960     0.005     0.094     0.201
    59.970     0.013     0.114     0.271
    59.980     0.015     0.121     0.324
    59.990     0.011     0.119     0.363
    60.000     0.012     0.082     0.362
    60.010     0.004     0.032     0.361
    60.020    -0.001    -0.023     0.335
    60.030    -0.005    -0.074     0.260
    60.040    -0.007    -0.109     0.181
    60.050     0.001    -0.111     0.101
    60.060     0.002    -0.057     0.024
    60.070     0.013    -0.026    -0.064
    60.080     0.027     0.016    -0.115
    60.090     0.030     0.048    -0.157
    60.100     0.014     0.082    -0.145
    60.110     0.005     0.113    -0.130
    60.120    -0.007     0.099    -0.150
    60.130    -0.026     0.117    -0.098
    60.140    -0.040     0.106    -0.083
    60.150    -0.053     0.122    -0.072
    60.160    -0.041     0.139    -0.061
    60.170    -0.041     0.140    -0.045
    60.180    -0.038     0.137    -0.029
    60.190    -0.050     0.140    -0.076
    60.200    -0.067     0.188    -0.105
    60.210    -0.056     0.168    -0.109
    60.220    -0.060     0.126    -0.125
    60.230    -0.056     0.112    -0.155
    60.240    -0.025     0.113    -0.143
    60.250     0.023     0.082    -0.105
    60.260     0.037     0.031    -0.062
    60.270     0.047     0.038    -0.042
    60.280     0.060     0.041    -0.016
    60.290     0.058     0.034     0.035
    60.300     0.042     0.043     0.069
    60.310     0.011     0.044     0.074
    60.320    -0.011     0.048     0.076
    60.330    -0.038     0.056     0.123
    60.340    -0.049     0.043     0.122
    60.350    -0.046     0.038     0.104
    60.360    -0.028     0.020     0.077
    60.370    -0.003    -0.014     0.038
    60.380     0.022    -0.012     0.009
    60.390     0.058     0.008    -0.032
    60.400     0.084     0.012    -0.040
    60.410     0.091     0.015    -0.089
    60.420     0.076     0.024    -0.139
    60.430     0.064     0.024    -0.184
    60.440     0.040    -0.004    -0.241
    60.450    -0.004    -0.048    -0.254
    60.460    -0.034    -0.087    -0.289
    60.470    -0.056    -0.118    -0.321
    60.480    -0.064    -0.139    -0.332
    60.490    -0.062    -0.152    -0.321
    60.500    -0.035    -0.153    -0.287
    60.510     0.006    -0.126    -0.233
    60.520     0.039    -0.105    -0.152
    60.530     0.073    -0.105    -0.064
    60.540     0.094    -0.095     0.047
    60.550     0.100    -0.097     0.150
    60.560     0.081    -0.078     0.226
    60.570     0.037    -0.040     0.259
    60.580    -0.019    -0.005     0.243
    60.590    -0.081     0.041     0.218
    60.600    -0.124     0.074     0.162
    60.610    -0.139     0.108     0.106
    60.620    -0.131     0.119     0.080
    60.630    -0.091     0.102     0.076
    60.640    -0.044     0.106     0.121
    60.650     0.008     0.103     0.178
    60.660     0.076     0.085     0.232
    60.670     0.114     0.053     0.255
    60.680     0.127    -0.007     0.239
    60.690     0.122    -0.059     0.224
    60.700     0.091    -0.106     0.184
    60.710     0.052    -0.167     0.165
    60.720    -0.020    -0.210     0.166
    60.730    -0.054    -0.244     0.135
    60.740    -0.064    -0.213     0.081
    60.750    -0.078    -0.197    -0.002
    60.760    -0.056    -0.172    -0.083
    60.770    -0.036    -0.036    -0.178
    60.780    -0.002     0.040    -0.275
    60.790     0.044     0.138    -0.340
    60.800     0.071     0.226    -0.385
    60.810     0.081     0.234    -0.345
    60.820     0.082     0.248    -0.348
    60.830     0.065     0.239    -0.319
    60.840     0.050     0.197    -0.174
    60.850     0.005     0.109    -0.081
    60.860    -0.062     0.075     0.039
    60.870    -0.062     0.047     0.140
    60.880    -0.112     0.020     0.212
    60.890    -0.122     0.046     0.261
    60.900    -0.082     0.060     0.256
    60.910    -0.069     0.070     0.248
    60.920    -0.005     0.088     0.192
    60.930     0.020     0.091     0.139
    60.940     0.061     0.077     0.067
    60.950     0.080     0.061    -0.008
    60.960     0.073     0.026    -0.053
    60.970     0.098     0.012    -0.099
    60.980     0.076    -0.009    -0.128
    60.990     0.071    -0.062    -0.134
    61.000     0.071    -0.117    -0.112
    61.010     0.065    -0.182    -0.079
    61.020     0.056    -0.234     0.000
    61.030     0.043    -0.265     0.094
    61.040     0.030    -0.282     0.165
    61.050    -0.004    -0.269     0.210
    61.060    -0.035    -0.220     0.209
    61.070    -0.059    -0.161     0.199
    61.080    -0.083    -0.100     0.156
    61.090    -0.113    -0.050     0.098
    61.100    -0.130    -0.006     0.062
    61.110    -0.123     0.025     0.017
    61.120    -0.108     0.031    -0.032
    61.130    -0.073     0.045    -0.075
    61.140    -0.027     0.041    -0.119
    61.150     0.015     0.027    -0.150
    61.160     0.059     0.038    -0.137
    61.170     0.093     0.042    -0.103
    61.180     0.115     0.057    -0.068
    61.190     0.125     0.083    -0.023
    61.200     0.122     0.109     0.008
    61.210     0.107     0.132     0.027
    61.220     0.072     0.125     0.030
    61.230     0.039     0.118     0.013
    61.240     0.011     0.112    -0.009
    61.250    -0.020     0.086    -0.042
    61.260    -0.036     0.072    -0.071
    61.270    -0.037     0.063    -0.080
    61.280    -0.041     0.051    -0.077
    61.290    -0.032     0.045    -0.079
    61.300    -0.015     0.039    -0.065
    61.310    -0.012     0.014    -0.016
    61.320    -0.007    -0.019     0.042
    61.330    -0.008    -0.045     0.110
    61.340    -0.012    -0.074     0.186
    61.350    -0.005    -0.094     0.238
    61.360    -0.008    -0.104     0.259
    61.370    -0.007    -0.100     0.247
    61.380    -0.003    -0.076     0.212
    61.390    -0.003    -0.047     0.165
    61.400     0.000    -0.019     0.105
    61.410    -0.002     0.000     0.046
    61.420     0.005     0.003    -0.021
    61.430     0.019    -0.008    -0.061
    61.440     0.035    -0.029    -0.082
    61.450     0.045    -0.053    -0.098
    61.460     0.047    -0.072    -0.092
    61.470     0.045    -0.094    -0.096
    61.480     0.025    -0.110    -0.085
    61.490     0.012    -0.122    -0.077
    61.500     0.000    -0.125    -0.062
    61.510    -0.008    -0.124    -0.039
    61.520    -0.008    -0.120    -0.030
    61.530    -0.012    -0.095    -0.009
    61.540    -0.010    -0.068    -0.016
    61.550    -0.010    -0.047    -0.045
    61.560    -0.030    -0.027    -0.093
    61.570    -0.053    -0.019    -0.152
    61.580    -0.056    -0.012    -0.212
    61.590    -0.057     0.000    -0.263
    61.600    -0.044    -0.014    -0.288
    61.610    -0.011    -0.028    -0.286
    61.620     0.017    -0.041    -0.237
    61.630     0.055    -0.058    -0.151
    61.640     0.090    -0.045    -0.062
    61.650     0.103    -0.025     0.014
    61.660     0.101     0.006     0.079
    61.670     0.089     0.040     0.125
    61.680     0.063     0.067     0.164
    61.690     0.030     0.095     0.176
    61.700    -0.012     0.114     0.165
    61.710    -0.045     0.116     0.138
    61.720    -0.055     0.090     0.103
    61.730    -0.052     0.059     0.086
    61.740    -0.031     0.014     0.046
    61.750    -0.009    -0.016     0.032
    61.760     0.021    -0.041     0.002
    61.770     0.039    -0.063    -0.026
    61.780     0.054    -0.049    -0.031
    61.790     0.064    -0.053    -0.064
    61.800     0.051    -0.042    -0.053
    61.810     0.029    -0.014    -0.031
    61.820    -0.007     0.030     0.020
    61.830    -0.001    -0.006     0.051
    61.840    -0.056    -0.023     0.141
    61.850    -0.051     0.049     0.217
    61.860     0.001     0.004     0.193
    61.870    -0.062     0.035     0.268
    61.880    -0.016     0.079     0.261
    61.890    -0.016     0.050     0.209
    61.900    -0.062     0.128     0.150
    61.910    -0.027     0.171     0.052
    61.920    -0.045     0.170    -0.030
    61.930    -0.050     0.205    -0.125
    61.940    -0.040     0.204    -0.198
    61.950    -0.042     0.166    -0.289
    61.960    -0.044     0.153    -0.320
    61.970    -0.031     0.099    -0.358
    61.980    -0.013     0.031    -0.366
    61.990     0.008     0.000    -0.333
    62.000     0.039    -0.040    -0.334
    62.010     0.073    -0.049    -0.251
    62.020     0.120    -0.075    -0.147
    62.030     0.144    -0.116    -0.036
    62.040     0.157    -0.128     0.084
    62.050     0.152    -0.131     0.191
    62.060     0.120    -0.114     0.291
    62.070     0.075    -0.090     0.345
    62.080     0.010    -0.048     0.373
    62.090    -0.046    -0.002     0.375
    62.100    -0.086     0.032     0.373
    62.110    -0.103     0.060     0.370
    62.120    -0.095     0.067     0.354
    62.130    -0.069     0.059     0.348
    62.140    -0.033     0.055     0.352
    62.150     0.002     0.057     0.348
    62.160     0.025     0.061     0.335
    62.170     0.026     0.084     0.306
    62.180     0.014     0.112     0.254
    62.190    -0.014     0.133     0.191
    62.200    -0.046     0.144     0.109
    62.210    -0.075     0.130     0.002
    62.220    -0.101     0.091    -0.111
    62.230    -0.106     0.028    -0.228
    62.240    -0.094    -0.049    -0.349
    62.250    -0.068    -0.122    -0.432
    62.260    -0.035    -0.188    -0.495
    62.270     0.003    -0.242    -0.525
    62.280     0.043    -0.266    -0.495
    62.290     0.076    -0.263    -0.433
    62.300     0.092    -0.247    -0.333
    62.310     0.095    -0.220    -0.205
    62.320     0.081    -0.193    -0.073
    62.330     0.047    -0.171     0.061
    62.340     0.002    -0.132     0.184
    62.350    -0.050    -0.090     0.264
    62.360    -0.088    -0.059     0.297
    62.370    -0.117    -0.013     0.290
    62.380    -0.137     0.031     0.243
    62.390    -0.125     0.070     0.180
    62.400    -0.089     0.120     0.127
    62.410    -0.042     0.163     0.089
    62.420     0.013     0.176     0.056
    62.430     0.062     0.181     0.025
    62.440     0.088     0.183    -0.006
    62.450     0.092     0.149    -0.032
    62.460     0.077     0.107    -0.056
    62.470     0.048     0.055    -0.072
    62.480     0.019    -0.020    -0.078
    62.490    -0.005    -0.076    -0.072
    62.500    -0.016    -0.114    -0.058
    62.510    -0.013    -0.136    -0.073
    62.520    -0.006    -0.126    -0.106
    62.530     0.006    -0.095    -0.141
    62.540     0.028    -0.056    -0.190
    62.550     0.045    -0.003    -0.230
    62.560     0.052     0.071    -0.260
    62.570     0.064     0.142    -0.283
    62.580     0.070     0.200    -0.284
    62.590     0.058     0.242    -0.267
    62.600     0.049     0.258    -0.233
    62.610     0.032     0.245    -0.181
    62.620     0.012     0.205    -0.103
    62.630     0.006     0.151    -0.021
    62.640    -0.005     0.095     0.036
    62.650    -0.013     0.042     0.077
    62.660    -0.014     0.005     0.111
    62.670    -0.021    -0.017     0.128
    62.680    -0.018    -0.026     0.133
    62.690    -0.015    -0.036     0.147
    62.700    -0.019    -0.052     0.156
    62.710    -0.014    -0.072     0.164
    62.720     0.001    -0.098     0.183
    62.730     0.008    -0.120     0.189
    62.740     0.017    -0.139     0.197
    62.750     0.028    -0.150     0.197
    62.760     0.036    -0.146     0.168
    62.770     0.041    -0.133     0.132
    62.780     0.033    -0.103     0.080
    62.790     0.023    -0.064     0.006
    62.800     0.006    -0.026    -0.061
    62.810    -0.012     0.013    -0.134
    62.820    -0.033     0.061    -0.183
    62.830    -0.044     0.106    -0.203
    62.840    -0.047     0.135    -0.215
    62.850    -0.057     0.151    -0.188
    62.860    -0.057     0.133    -0.136
    62.870    -0.067     0.098    -0.087
    62.880    -0.077     0.055    -0.044
    62.890    -0.072    -0.002    -0.013
    62.900    -0.072    -0.043    -0.013
    62.910    -0.067    -0.067    -0.015
    62.920    -0.045    -0.089    -0.016
    62.930    -0.033    -0.092    -0.015
    62.940    -0.017    -0.087     0.007
    62.950     0.007    -0.080     0.040
    62.960     0.021    -0.055     0.072
    62.970     0.040    -0.022     0.105
    62.980     0.057     0.026     0.146
    62.990     0.064     0.085     0.155
    63.000     0.069     0.134     0.148
    63.010     0.070     0.166     0.142
    63.020     0.058     0.176     0.123
    63.030     0.045     0.157     0.120
    63.040     0.028     0.132     0.123
    63.050    -0.003     0.104     0.122
    63.060    -0.026     0.076     0.131
    63.070    -0.039     0.048     0.137
    63.080    -0.051     0.013     0.144
    63.090    -0.057    -0.015     0.157
    63.100    -0.066    -0.042     0.150
    63.110    -0.071    -0.074     0.134
    63.120    -0.068    -0.116     0.105
    63.130    -0.058    -0.139     0.056
    63.140    -0.030    -0.159    -0.009
    63.150    -0.006    -0.168    -0.050
    63.160     0.030    -0.166    -0.090
    63.170     0.057    -0.176    -0.137
    63.180     0.060    -0.150    -0.140
    63.190     0.065    -0.134    -0.177
    63.200     0.034    -0.107    -0.201
    63.210     0.004    -0.070    -0.202
    63.220    -0.025    -0.063    -0.212
    63.230    -0.051    -0.043    -0.184
    63.240    -0.053    -0.044    -0.165
    63.250    -0.062    -0.047    -0.144
    63.260    -0.044    -0.058    -0.143
    63.270    -0.029    -0.073    -0.160
    63.280    -0.027    -0.072    -0.181
    63.290    -0.015    -0.068    -0.214
    63.300    -0.017    -0.049    -0.233
    63.310    -0.010    -0.032    -0.240
    63.320     0.011    -0.012    -0.209
    63.330     0.035    -0.007    -0.159
    63.340     0.050    -0.005    -0.082
    63.350     0.053    -0.015     0.009
    63.360     0.054    -0.043     0.090
    63.370     0.040    -0.054     0.165
    63.380     0.014    -0.074     0.212
    63.390    -0.012    -0.076     0.241
    63.400    -0.037    -0.060     0.242
    63.410    -0.051    -0.041     0.231
    63.420    -0.051    -0.003     0.206
    63.430    -0.037     0.037     0.149
    63.440    -0.012     0.071     0.093
    63.450     0.016     0.101     0.034
    63.460     0.040     0.134    -0.014
    63.470     0.056     0.150    -0.032
    63.480     0.059     0.150    -0.043
    63.490     0.050     0.157    -0.038
    63.500     0.033     0.149    -0.014
    63.510     0.013     0.128     0.002
    63.520    -0.007     0.109     0.015
    63.530    -0.020     0.079     0.021
    63.540    -0.029     0.055     0.022
    63.550    -0.024     0.034     0.046
    63.560    -0.009     0.003     0.084
    63.570    -0.001    -0.012     0.110
    63.580     0.010    -0.021     0.119
    63.590     0.007    -0.032     0.110
    63.600     0.004    -0.039     0.085
    63.610     0.003    -0.054     0.056
    63.620    -0.009    -0.074     0.052
    63.630    -0.002    -0.090     0.052
    63.640     0.009    -0.098     0.062
    63.650     0.026    -0.096     0.097
    63.660     0.050    -0.078     0.097
    63.670     0.058    -0.036     0.077
    63.680     0.060     0.008     0.036
    63.690     0.053     0.042    -0.048
    63.700     0.038     0.074    -0.135
    63.710     0.023     0.100    -0.214
    63.720     0.007     0.123    -0.288
    63.730    -0.011     0.137    -0.333
    63.740    -0.033     0.150    -0.334
    63.750    -0.045     0.146    -0.323
    63.760    -0.058     0.130    -0.271
    63.770    -0.069     0.111    -0.202
    63.780    -0.070     0.074    -0.143
    63.790    -0.068     0.043    -0.049
    63.800    -0.054     0.009     0.029
    63.810    -0.026    -0.024     0.104
    63.820     0.007    -0.043     0.166
    63.830     0.035    -0.053     0.189
    63.840     0.056    -0.063     0.179
    63.850     0.060    -0.074     0.143
    63.860     0.058    -0.077     0.107
    63.870     0.054    -0.068     0.062
    63.880     0.030    -0.063     0.022
    63.890     0.003    -0.071    -0.014
    63.900    -0.026    -0.054    -0.030
    63.910    -0.042    -0.036    -0.027
    63.920    -0.048    -0.023    -0.010
    63.930    -0.045     0.000     0.011
    63.940    -0.027     0.015     0.032
    63.950    -0.014     0.035     0.065
    63.960     0.013     0.041     0.104
    63.970     0.037     0.058     0.148
    63.980     0.059     0.089     0.168
    63.990     0.073     0.103     0.180
    64.000     0.071     0.121     0.180
    64.010     0.065     0.143     0.156
    64.020     0.040     0.142     0.126
    64.030     0.006     0.119     0.095
    64.040    -0.028     0.090     0.069
    64.050    -0.053     0.040     0.051
    64.060    -0.062    -0.011     0.051
    64.070    -0.056    -0.038     0.038
    64.080    -0.048    -0.083     0.044
    64.090    -0.032    -0.106     0.062
    64.100    -0.009    -0.106     0.077
    64.110     0.006    -0.113     0.094
    64.120     0.004    -0.101     0.068
    64.130    -0.003    -0.111     0.033
    64.140    -0.005    -0.084     0.019
    64.150    -0.012    -0.015    -0.026
    64.160    -0.007     0.020    -0.106
    64.170    -0.011     0.050    -0.145
    64.180    -0.011     0.110    -0.180
    64.190     0.002     0.170    -0.207
    64.200     0.021     0.209    -0.224
    64.210     0.004     0.244    -0.253
    64.220    -0.026     0.244    -0.277
    64.230    -0.017     0.223    -0.262
    64.240    -0.019     0.181    -0.191
    64.250     0.005     0.121    -0.162
    64.260    -0.019     0.032    -0.146
    64.270    -0.041    -0.096    -0.112
    64.280    -0.020    -0.147    -0.029
    64.290     0.004    -0.169     0.050
    64.300     0.015    -0.200     0.047
    64.310    -0.021    -0.225     0.059
    64.320     0.021    -0.271     0.097
    64.330     0.023    -0.230     0.104
    64.340     0.004    -0.171     0.110
    64.350     0.047    -0.181     0.165
    64.360     0.030    -0.149     0.188
    64.370     0.017    -0.093     0.206
    64.380     0.027    -0.045     0.234
    64.390     0.034    -0.001     0.226
    64.400     0.014     0.038     0.242
    64.410    -0.017     0.087     0.208
    64.420    -0.028     0.116     0.160
    64.430    -0.034     0.142     0.168
    64.440    -0.053     0.143     0.131
    64.450    -0.068     0.127     0.068
    64.460    -0.056     0.086     0.010
    64.470    -0.065     0.063    -0.053
    64.480    -0.060     0.057    -0.101
    64.490    -0.038    -0.004    -0.136
    64.500    -0.037    -0.026    -0.174
    64.510    -0.017    -0.016    -0.214
    64.520     0.006    -0.017    -0.204
    64.530     0.014    -0.009    -0.183
    64.540     0.018     0.015    -0.172
    64.550     0.011     0.033    -0.151
    64.560     0.013     0.051    -0.134
    64.570     0.007     0.077    -0.091
    64.580     0.002     0.065    -0.049
    64.590     0.006     0.047    -0.019
    64.600    -0.003     0.033     0.008
    64.610     0.006     0.019     0.044
    64.620     0.013     0.003     0.074
    64.630     0.014    -0.029     0.081
    64.640     0.015    -0.055     0.090
    64.650     0.007    -0.064     0.087
    64.660     0.013    -0.073     0.106
    64.670     0.011    -0.085     0.144
    64.680     0.003    -0.072     0.175
    64.690    -0.001    -0.048     0.193
    64.700     0.007    -0.016     0.210
    64.710     0.009     0.024     0.216
    64.720    -0.002     0.036     0.194
    64.730    -0.008     0.062     0.166
    64.740    -0.017     0.080     0.121
    64.750    -0.020     0.033     0.067
    64.760    -0.039    -0.004     0.015
    64.770    -0.055    -0.050    -0.006
    64.780    -0.032    -0.100    -0.025
    64.790    -0.019    -0.107    -0.066
    64.800    -0.021    -0.160    -0.112
    64.810    -0.021    -0.190    -0.158
    64.820    -0.013    -0.161    -0.177
    64.830     0.014    -0.162    -0.166
    64.840     0.032    -0.158    -0.169
    64.850     0.025    -0.156    -0.195
    64.860     0.018    -0.155    -0.177
    64.870     0.016    -0.120    -0.158
    64.880     0.010    -0.066    -0.142
    64.890     0.010    -0.029    -0.123
    64.900     0.002    -0.014    -0.118
    64.910    -0.004     0.007    -0.111
    64.920     0.011     0.051    -0.125
    64.930     0.026     0.073    -0.124
    64.940     0.044     0.055    -0.128
    64.950     0.049     0.047    -0.130
    64.960     0.044     0.052    -0.120
    64.970     0.039     0.056    -0.110
    64.980     0.027     0.050    -0.099
    64.990     0.011     0.030    -0.105
    65.000    -0.014     0.001    -0.112
    65.010    -0.040    -0.016    -0.101
    65.020    -0.061    -0.032    -0.072
    65.030    -0.079    -0.047    -0.035
    65.040    -0.089    -0.038     0.032
    65.050    -0.073    -0.026     0.054
    65.060    -0.046    -0.001     0.057
    65.070    -0.013     0.031     0.088
    65.080     0.032     0.067     0.086
    65.090     0.047     0.089     0.078
    65.100     0.065     0.095     0.061
    65.110     0.075     0.100     0.048
    65.120     0.063     0.064     0.051
    65.130     0.055     0.027     0.012
    65.140     0.009     0.004    -0.040
    65.150    -0.002    -0.022    -0.075
    65.160    -0.016    -0.039    -0.088
    65.170    -0.044    -0.061    -0.103
    65.180    -0.048    -0.085    -0.113
    65.190    -0.066    -0.103    -0.089
    65.200    -0.053    -0.101    -0.081
    65.210    -0.061    -0.105    -0.042
    65.220    -0.058    -0.124    -0.016
    65.230    -0.049    -0.064    -0.026
    65.240    -0.037    -0.044    -0.019
    65.250     0.001    -0.076    -0.017
    65.260    -0.001    -0.020    -0.009
    65.270     0.019    -0.003    -0.024
    65.280     0.035    -0.011    -0.010
    65.290     0.030     0.011    -0.002
    65.300     0.032     0.017    -0.036
    65.310     0.022     0.023    -0.061
    65.320     0.010     0.044    -0.080
    65.330     0.000     0.078    -0.061
    65.340    -0.009     0.100    -0.052
    65.350    -0.021     0.101    -0.030
    65.360    -0.028     0.113     0.034
    65.370    -0.026     0.098     0.074
    65.380    -0.033     0.051     0.126
    65.390    -0.037     0.025     0.167
    65.400    -0.021    -0.020     0.192
    65.410    -0.008    -0.030     0.228
    65.420    -0.005    -0.011     0.226
    65.430    -0.004    -0.027     0.204
    65.440    -0.002    -0.006     0.151
    65.450     0.003     0.044     0.129
    65.460     0.015     0.061     0.097
    65.470     0.005     0.067     0.012
    65.480    -0.019     0.069    -0.016
    65.490    -0.009     0.079    -0.019
    65.500    -0.010     0.080    -0.024
    65.510    -0.016     0.061    -0.045
    65.520    -0.024     0.053    -0.049
    65.530    -0.019     0.042    -0.039
    65.540     0.003     0.052    -0.043
    65.550    -0.016     0.027    -0.028
    65.560    -0.032    -0.016     0.011
    65.570    -0.028     0.002     0.068
    65.580    -0.020     0.022     0.069
    65.590    -0.016     0.006     0.059
    65.600    -0.023    -0.005     0.021
    65.610    -0.016     0.026    -0.031
    65.620     0.008     0.048    -0.031
    65.630     0.017     0.022    -0.082
    65.640     0.012     0.013    -0.096
    65.650     0.014     0.030    -0.056
    65.660     0.029     0.038    -0.021
    65.670     0.044     0.036     0.004
    65.680     0.019     0.013     0.020
    65.690     0.025     0.030     0.087
    65.700     0.028     0.040     0.160
    65.710     0.010     0.011     0.174
    65.720     0.011     0.013     0.107
    65.730    -0.014     0.004     0.097
    65.740     0.010    -0.014     0.099
    65.750     0.016    -0.024     0.009
    65.760     0.007    -0.049    -0.058
    65.770     0.025    -0.075    -0.088
    65.780     0.039    -0.085    -0.077
    65.790     0.059    -0.096    -0.062
    65.800     0.026    -0.091    -0.051
    65.810     0.019    -0.094    -0.074
    65.820     0.011    -0.095    -0.044
    65.830    -0.011    -0.069     0.033
    65.840    -0.022    -0.082     0.018
    65.850    -0.060    -0.076     0.012
    65.860    -0.049    -0.048     0.010
    65.870    -0.042    -0.048     0.025
    65.880    -0.049    -0.038     0.021
    65.890    -0.043    -0.008    -0.012
    65.900    -0.021    -0.005     0.017
    65.910     0.010    -0.028     0.049
    65.920     0.015    -0.031     0.094
    65.930     0.049    -0.031     0.087
    65.940     0.070    -0.037     0.112
    65.950     0.088    -0.043     0.207
    65.960     0.103    -0.052     0.233
    65.970     0.087    -0.052     0.244
    65.980     0.077    -0.050     0.241
    65.990     0.045    -0.068     0.227
    66.000     0.024    -0.077     0.214
    66.010     0.002    -0.056     0.189
    66.020    -0.022    -0.034     0.160
    66.030    -0.037    -0.022     0.146
    66.040    -0.052    -0.021     0.136
    66.050    -0.061     0.004     0.122
    66.060    -0.057     0.031     0.099
    66.070    -0.029     0.044     0.039
    66.080    -0.029     0.072    -0.005
    66.090    -0.026     0.098    -0.045
    66.100    -0.013     0.112    -0.109
    66.110    -0.017     0.117    -0.157
    66.120    -0.018     0.128    -0.191
    66.130    -0.022     0.138    -0.254
    66.140    -0.024     0.146    -0.292
    66.150    -0.024     0.157    -0.283
    66.160    -0.014     0.147    -0.278
    66.170    -0.010     0.161    -0.252
    66.180    -0.003     0.171    -0.202
    66.190     0.022     0.113    -0.186
    66.200     0.011     0.123    -0.156
    66.210     0.006     0.104    -0.119
    66.220     0.015     0.035    -0.128
    66.230    -0.013     0.029    -0.122
    66.240    -0.015    -0.007    -0.112
    66.250    -0.015    -0.032    -0.120
    66.260    -0.026    -0.069    -0.092
    66.270    -0.016    -0.085    -0.056
    66.280    -0.015    -0.074    -0.040
    66.290    -0.008    -0.084    -0.011
    66.300    -0.006    -0.085     0.006
    66.310    -0.002    -0.090     0.019
    66.320     0.011    -0.074     0.043
    66.330     0.009    -0.068     0.083
    66.340     0.023    -0.058     0.124
    66.350     0.024    -0.033     0.147
    66.360     0.018    -0.015     0.185
    66.370     0.025     0.002     0.189
    66.380     0.005     0.019     0.196
    66.390    -0.004     0.035     0.184
    66.400    -0.014     0.053     0.126
    66.410    -0.031     0.057     0.081
    66.420    -0.032     0.049     0.015
    66.430    -0.038     0.048    -0.034
    66.440    -0.032     0.049    -0.084
    66.450    -0.025     0.042    -0.139
    66.460    -0.030     0.032    -0.159
    66.470    -0.022     0.043    -0.171
    66.480    -0.005     0.025    -0.172
    66.490    -0.003     0.007    -0.157
    66.500    -0.006    -0.004    -0.137
    66.510     0.014    -0.064    -0.111
    66.520     0.015    -0.100    -0.038
    66.530     0.012    -0.105     0.033
    66.540     0.015    -0.128     0.048
    66.550    -0.001    -0.115     0.048
    66.560    -0.010    -0.093     0.045
    66.570    -0.022    -0.091     0.044
    66.580    -0.030    -0.035     0.061
    66.590    -0.015     0.008     0.069
    66.600     0.005     0.017     0.053
    66.610     0.002     0.053     0.067
    66.620     0.005     0.067     0.088
    66.630     0.020     0.044     0.058
    66.640     0.006     0.041     0.078
    66.650     0.008     0.014     0.100
    66.660     0.013    -0.035     0.085
    66.670    -0.004    -0.040     0.114
    66.680     0.006    -0.054     0.108
    66.690     0.003    -0.064     0.113
    66.700     0.000    -0.055     0.145
    66.710     0.016    -0.069     0.141
    66.720     0.013    -0.075     0.130
    66.730     0.020    -0.053     0.073
    66.740     0.008    -0.044     0.034
    66.750     0.002    -0.037    -0.003
    66.760     0.000    -0.026    -0.061
    66.770    -0.015    -0.018    -0.094
    66.780    -0.020     0.016    -0.156
    66.790    -0.033     0.045    -0.202
    66.800    -0.002     0.074    -0.243
    66.810     0.008     0.089    -0.260
    66.820     0.009     0.113    -0.246
    66.830     0.031     0.149    -0.222
    66.840     0.021     0.162    -0.171
    66.850     0.017     0.157    -0.152
    66.860    -0.008     0.145    -0.128
    66.870    -0.025     0.135    -0.089
    66.880    -0.023     0.093    -0.080
    66.890    -0.034     0.064    -0.076
    66.900    -0.047     0.019    -0.041
    66.910    -0.037    -0.037    -0.005
    66.920    -0.010    -0.092     0.024
    66.930     0.007    -0.139     0.075
    66.940     0.029    -0.152     0.092
    66.950     0.044    -0.215     0.104
    66.960     0.042    -0.179     0.159
    66.970     0.030    -0.141     0.180
    66.980     0.011    -0.131     0.202
    66.990    -0.004    -0.035     0.229
    67.000     0.017    -0.061     0.190
    67.010     0.001    -0.027     0.189
    67.020    -0.023    -0.026     0.149
    67.030    -0.004    -0.049     0.090
    67.040    -0.018    -0.028     0.055
    67.050    -0.002    -0.138    -0.024
    67.060    -0.014    -0.060    -0.054
    67.070    -0.010    -0.090    -0.143
    67.080     0.018    -0.139    -0.178
    67.090    -0.016    -0.048    -0.167
    67.100    -0.001    -0.099    -0.201
    67.110    -0.012    -0.055    -0.185
    67.120    -0.035    -0.032    -0.187
    67.130    -0.016    -0.029    -0.153
    67.140    -0.029     0.004    -0.151
    67.150    -0.038     0.014    -0.142
    67.160    -0.024     0.049    -0.128
    67.170    -0.023     0.063    -0.161
    67.180    -0.022     0.105    -0.161
    67.190    -0.023     0.148    -0.157
    67.200    -0.024     0.179    -0.146
    67.210    -0.025     0.228    -0.116
    67.220    -0.031     0.247    -0.072
    67.230    -0.030     0.239    -0.040
    67.240    -0.027     0.197    -0.014
    67.250    -0.014     0.137     0.002
    67.260    -0.009     0.089    -0.004
    67.270     0.006    -0.031    -0.004
    67.280     0.008    -0.077     0.011
    67.290     0.009    -0.091    -0.029
    67.300     0.010    -0.144    -0.035
    67.310     0.003    -0.129    -0.026
    67.320    -0.002    -0.113    -0.061
    67.330    -0.022    -0.088    -0.004
    67.340    -0.031    -0.034     0.008
    67.350    -0.057     0.004     0.007
    67.360    -0.061     0.002     0.034
    67.370    -0.067     0.061     0.027
    67.380    -0.068     0.105     0.031
    67.390    -0.037     0.066     0.024
    67.400    -0.022     0.079     0.033
    67.410     0.007     0.085     0.041
    67.420     0.019     0.037     0.060
    67.430     0.033     0.048     0.070
    67.440     0.055     0.020     0.076
    67.450     0.061     0.021     0.128
    67.460     0.063     0.051     0.111
    67.470     0.054    -0.042     0.099
    67.480     0.040    -0.021     0.127
    67.490     0.048    -0.026     0.112
    67.500     0.049    -0.060     0.107
    67.510     0.003    -0.043     0.065
    67.520     0.007    -0.073     0.037
    67.530     0.007    -0.038     0.017
    67.540    -0.027    -0.036     0.021
    67.550    -0.015    -0.061     0.016
    67.560    -0.044    -0.047    -0.070
    67.570    -0.057    -0.048    -0.049
    67.580    -0.051    -0.084    -0.039
    67.590    -0.078    -0.080    -0.042
    67.600    -0.054    -0.066    -0.033
    67.610    -0.052    -0.070    -0.039
    67.620    -0.049    -0.051    -0.016
    67.630    -0.026    -0.046    -0.037
    67.640    -0.026    -0.009     0.001
    67.650     0.000     0.022     0.016
    67.660     0.007     0.043     0.029
    67.670     0.008     0.080     0.053
    67.680     0.016     0.099     0.047
    67.690     0.024     0.121     0.057
    67.700     0.034     0.126     0.041
    67.710     0.025     0.139     0.049
    67.720     0.031     0.125     0.022
    67.730     0.021     0.104     0.011
    67.740     0.010     0.089     0.020
    67.750     0.014     0.021     0.020
    67.760     0.009    -0.001     0.047
    67.770     0.019     0.006     0.044
    67.780     0.039    -0.018     0.055
    67.790     0.062    -0.029     0.071
    67.800     0.068    -0.089     0.078
    67.810     0.059    -0.146     0.137
    67.820     0.057    -0.075     0.217
    67.830     0.061     0.012     0.154
    67.840     0.054    -0.008     0.072
    67.850     0.021    -0.082     0.080
    67.860    -0.020    -0.075     0.088
    67.870    -0.019    -0.073     0.126
    67.880    -0.028    -0.072     0.111
    67.890    -0.051    -0.059     0.002
    67.900    -0.042    -0.083     0.056
    67.910    -0.039    -0.006     0.130
    67.920    -0.027     0.036     0.030
    67.930    -0.028     0.080     0.075
    67.940    -0.008     0.101     0.046
    67.950     0.019     0.028    -0.045
    67.960     0.003     0.044     0.057
    67.970     0.027     0.092     0.049
    67.980     0.045     0.135    -0.037
    67.990    -0.008     0.122    -0.024
    68.000    -0.027     0.047    -0.025
    68.010    -0.017     0.040    -0.080
    68.020    -0.045     0.075    -0.042
    68.030    -0.047     0.083    -0.056
    68.040    -0.032     0.035    -0.096
    68.050    -0.015    -0.013    -0.021
    68.060     0.002    -0.015     0.013
    68.070     0.010    -0.054     0.017
    68.080     0.037    -0.078    -0.002
    68.090     0.049    -0.052     0.006
    68.100     0.047    -0.030     0.014
    68.110     0.041    -0.045     0.017
    68.120     0.047    -0.012     0.087
    68.130     0.047     0.060     0.097
    68.140     0.008     0.006     0.078
    68.150    -0.004     0.003     0.056
    68.160     0.009     0.008     0.041
    68.170     0.001    -0.022     0.120
    68.180     0.015    -0.038     0.100
    68.190    -0.001    -0.032     0.048
    68.200     0.002    -0.045     0.045
    68.210     0.004    -0.099     0.024
    68.220    -0.011    -0.074     0.013
    68.230     0.010    -0.153    -0.051
    68.240    -0.035    -0.084    -0.007
    68.250     0.034    -0.019    -0.031
    68.260     0.005    -0.042    -0.072
    68.270    -0.014    -0.125    -0.099
    68.280     0.026    -0.167    -0.046
    68.290    -0.082     0.060     0.071
    68.300     0.055    -0.087    -0.050
    68.310     0.020    -0.077     0.105
    68.320    -0.035     0.007     0.080
    68.330     0.038    -0.036     0.041
    68.340    -0.011     0.071     0.092
    68.350     0.036     0.082    -0.109
    68.360    -0.026     0.163     0.060
    68.370     0.006     0.094     0.030
    68.380     0.037     0.209    -0.141
    68.390    -0.043     0.257    -0.185
    68.400    -0.031     0.168    -0.116
    68.410    -0.018     0.216    -0.080
    68.420    -0.018     0.117    -0.222
    68.430    -0.041     0.127    -0.105
    68.440    -0.019     0.135    -0.133
    68.450    -0.022     0.092    -0.116
    68.460    -0.024     0.073     0.033
    68.470    -0.013     0.043    -0.065
    68.480    -0.020     0.029    -0.049
    68.490    -0.038     0.022     0.026
    68.500    -0.057     0.009    -0.045
    68.510    -0.021    -0.029    -0.060
    68.520    -0.052     0.007     0.001
    68.530    -0.051    -0.039    -0.045
    68.540    -0.023    -0.091    -0.014
    68.550    -0.024    -0.033     0.017
    68.560    -0.024    -0.079    -0.038
    68.570     0.012    -0.098     0.031
    68.580     0.066    -0.147    -0.017
    68.590    -0.014    -0.197     0.043
    68.600     0.059    -0.150     0.142
    68.610     0.082    -0.212     0.026
    68.620    -0.038    -0.228     0.149
    68.630     0.056    -0.194     0.122
    68.640     0.014    -0.196    -0.057
    68.650    -0.034    -0.144     0.064
    68.660     0.025    -0.127    -0.021
    68.670    -0.042    -0.094    -0.149
    68.680     0.012     0.016    -0.067
    68.690     0.038     0.045    -0.135
    68.700     0.007     0.074    -0.171
    68.710     0.055     0.098    -0.151
    68.720    -0.009     0.139    -0.187
    68.730    -0.007     0.151    -0.207
    68.740     0.019     0.057    -0.181
    68.750    -0.028     0.103    -0.154
    68.760    -0.007     0.078    -0.210
    68.770    -0.050    -0.014    -0.147
    68.780    -0.053     0.039    -0.095
    68.790    -0.010     0.047    -0.140
    68.800    -0.033    -0.013    -0.078
    68.810    -0.029    -0.026    -0.078
    68.820    -0.022     0.015    -0.060
    68.830    -0.013    -0.034     0.040
    68.840    -0.004    -0.084     0.034
    68.850     0.012    -0.045     0.090
    68.860     0.016    -0.048     0.199
    68.870     0.014    -0.064     0.201
    68.880     0.032    -0.098     0.205
    68.890     0.001    -0.091     0.247
    68.900     0.006    -0.089     0.211
    68.910     0.004    -0.131     0.159
    68.920    -0.021    -0.062     0.159
    68.930     0.003    -0.008     0.109
    68.940    -0.019    -0.024     0.034
    68.950    -0.035     0.001    -0.019
    68.960    -0.019     0.097    -0.071
    68.970     0.009     0.128    -0.108
    68.980     0.027     0.066    -0.111
    68.990     0.033     0.091    -0.099
    69.000     0.061     0.116    -0.060
    69.010     0.066     0.063     0.003
    69.020     0.074     0.044     0.034
    69.030     0.066     0.057     0.067
    69.040     0.042     0.024     0.095
    69.050     0.037     0.005     0.074
    69.060     0.003     0.032     0.090
    69.070    -0.021     0.031     0.135
    69.080    -0.020     0.017     0.111
    69.090    -0.038     0.046     0.105
    69.100    -0.051     0.076     0.113
    69.110    -0.047     0.079     0.067
    69.120    -0.054     0.127     0.044
    69.130    -0.039     0.131     0.060
    69.140    -0.021     0.097     0.045
    69.150    -0.037     0.080     0.006
    69.160    -0.029     0.079     0.007
    69.170    -0.014     0.030    -0.011
    69.180    -0.014    -0.059    -0.026
    69.190    -0.024     0.010    -0.019
    69.200    -0.038    -0.077    -0.095
    69.210     0.005    -0.013    -0.073
    69.220     0.040     0.076    -0.151
    69.230     0.002    -0.160    -0.240
    69.240    -0.022    -0.038    -0.122
    69.250    -0.001    -0.012    -0.231
    69.260     0.006    -0.027    -0.153
    69.270     0.055     0.027    -0.131
    69.280     0.050    -0.081    -0.208
    69.290    -0.001    -0.017     0.022
    69.300     0.088    -0.074    -0.082
    69.310     0.079    -0.049    -0.076
    69.320     0.014    -0.042     0.125
    69.330     0.060    -0.161     0.199
    69.340     0.041    -0.071     0.238
    69.350     0.018    -0.066     0.189
    69.360    -0.002    -0.112     0.264
    69.370    -0.033    -0.068     0.256
    69.380    -0.022    -0.079     0.212
    69.390    -0.004    -0.092     0.186
    69.400    -0.007    -0.053     0.086
    69.410    -0.018    -0.024     0.061
    69.420    -0.005     0.035     0.008
    69.430     0.003     0.057    -0.102
    69.440    -0.012     0.088    -0.117
    69.450     0.012     0.170    -0.125
    69.460     0.018     0.166    -0.187
    69.470    -0.013     0.132    -0.192
    69.480     0.035     0.074    -0.238
    69.490    -0.032     0.233    -0.096
    69.500    -0.037     0.191    -0.118
    69.510     0.035     0.013    -0.226
    69.520    -0.044     0.171    -0.062
    69.530     0.000     0.005    -0.043
    69.540     0.012    -0.049     0.010
    69.550    -0.034     0.093    -0.123
    69.560    -0.001    -0.025    -0.032
    69.570     0.019    -0.104     0.167
    69.580     0.021    -0.053    -0.009
    69.590     0.013    -0.073    -0.017
    69.600     0.002    -0.130    -0.013
    69.610     0.021    -0.036     0.056
    69.620     0.061    -0.097     0.066
    69.630     0.018    -0.122     0.051
    69.640    -0.005    -0.020     0.068
    69.650    -0.027     0.011    -0.006
    69.660    -0.062     0.047     0.073
    69.670    -0.043     0.102     0.099
    69.680    -0.021     0.126     0.039
    69.690    -0.045     0.117     0.026
    69.700    -0.093     0.128     0.039
    69.710    -0.042     0.088     0.009
    69.720    -0.011     0.066    -0.006
    69.730    -0.033     0.048    -0.003
    69.740     0.004    -0.003    -0.075
    69.750     0.043    -0.012    -0.080
    69.760     0.045    -0.027    -0.083
    69.770     0.042    -0.080    -0.114
    69.780     0.048    -0.090    -0.061
    69.790     0.053    -0.121    -0.040
    69.800     0.046    -0.118    -0.012
    69.810     0.019    -0.082     0.017
    69.820     0.007    -0.116     0.026
    69.830    -0.012    -0.089     0.083
    69.840    -0.060     0.025     0.073
    69.850    -0.040     0.037     0.029
    69.860    -0.046    -0.074     0.060
    69.870    -0.076     0.016     0.135
    69.880     0.006    -0.017     0.063
    69.890    -0.029    -0.069     0.109
    69.900    -0.072     0.038     0.161
    69.910    -0.003    -0.009     0.083
    69.920     0.030     0.036     0.171
    69.930     0.054    -0.031     0.085
    69.940    -0.016    -0.027     0.105
    69.950     0.035     0.045     0.113
    69.960     0.054    -0.060     0.035
    69.970    -0.024     0.015     0.163
    69.980     0.079     0.024     0.037
    69.990     0.028    -0.037     0.000
    70.000    -0.005     0.046     0.067
    70.010     0.058     0.044    -0.044
    70.020    -0.007     0.023    -0.088
    70.030    -0.008     0.050    -0.060
    70.040    -0.009     0.023    -0.096
    70.050    -0.016     0.013    -0.170
    70.060    -0.003    -0.014    -0.102
    70.070    -0.005    -0.016    -0.102
    70.080     0.014    -0.016    -0.153
    70.090     0.017    -0.042    -0.072
    70.100     0.008    -0.017    -0.068
    70.110     0.009    -0.015    -0.086
    70.120     0.019    -0.001    -0.031
    70.130     0.019     0.005    -0.007
    70.140     0.013    -0.001     0.000
    70.150     0.005     0.004     0.028
    70.160    -0.018    -0.002     0.056
    70.170    -0.032    -0.003     0.039
    70.180    -0.039    -0.034     0.023
    70.190    -0.058    -0.048     0.002
    70.200    -0.055    -0.064    -0.050
    70.210    -0.067    -0.086    -0.030
    70.220    -0.076    -0.088    -0.056
    70.230    -0.044    -0.164    -0.082
    70.240    -0.044    -0.164    -0.006
    70.250    -0.036    -0.096    -0.001
    70.260     0.006    -0.108     0.013
    70.270     0.016    -0.062     0.044
    70.280     0.038    -0.033     0.035
    70.290     0.051    -0.025     0.079
    70.300     0.042     0.032     0.116
    70.310     0.078     0.047     0.097
    70.320     0.050     0.066     0.143
    70.330     0.016     0.061     0.194
    70.340     0.039     0.043     0.149
    70.350     0.007     0.061     0.094
    70.360    -0.025     0.085     0.074
    70.370    -0.029     0.096     0.042
    70.380    -0.030     0.100     0.022
    70.390    -0.042     0.119    -0.007
    70.400    -0.058     0.173    -0.071
    70.410    -0.046     0.185    -0.094
    70.420    -0.035     0.158    -0.094
    70.430    -0.029     0.170    -0.102
    70.440     0.007     0.093    -0.149
    70.450     0.013     0.053    -0.106
    70.460    -0.030     0.037    -0.099
    70.470    -0.001     0.023    -0.082
    70.480     0.055     0.016    -0.010
    70.490    -0.015    -0.055    -0.019
    70.500    -0.027     0.035     0.064
    70.510     0.024     0.024     0.017
    70.520    -0.035    -0.031     0.057
    70.530    -0.026    -0.052     0.127
    70.540    -0.030    -0.092     0.072
    70.550    -0.050    -0.034     0.097
    70.560    -0.013    -0.077     0.095
    70.570    -0.030    -0.053     0.124
    70.580    -0.005    -0.055     0.017
    70.590    -0.017    -0.055    -0.011
    70.600     0.002    -0.002    -0.047
    70.610     0.045    -0.035    -0.113
    70.620     0.025    -0.020    -0.038
    70.630     0.053    -0.024    -0.133
    70.640     0.043     0.030    -0.156
    70.650     0.050     0.031    -0.130
    70.660     0.028    -0.002    -0.092
    70.670     0.007     0.028    -0.078
    70.680     0.033    -0.028    -0.091
    70.690     0.004    -0.067     0.011
    70.700     0.011    -0.073     0.007
    70.710    -0.002    -0.111     0.076
    70.720     0.000    -0.150     0.162
    70.730     0.014    -0.146     0.149
    70.740     0.003    -0.134     0.191
    70.750     0.032    -0.095     0.208
    70.760     0.024    -0.056     0.198
    70.770     0.023    -0.040     0.172
    70.780     0.023     0.034     0.158
    70.790     0.006     0.058     0.120
    70.800     0.008     0.034     0.080
    70.810    -0.002     0.093     0.064
    70.820     0.001     0.099    -0.018
    70.830    -0.002     0.044    -0.001
    70.840    -0.012     0.039     0.013
    70.850    -0.014     0.009    -0.064
    70.860    -0.017    -0.033    -0.046
    70.870    -0.015    -0.061    -0.031
    70.880    -0.015    -0.069    -0.041
    70.890    -0.011    -0.054    -0.055
    70.900    -0.017    -0.052    -0.089
    70.910    -0.033    -0.045    -0.120
    70.920    -0.042     0.005    -0.137
    70.930    -0.045     0.008    -0.158
    70.940    -0.049    -0.001    -0.192
    70.950    -0.049     0.048    -0.203
    70.960    -0.053     0.020    -0.230
    70.970    -0.045     0.041    -0.208
    70.980    -0.026     0.067    -0.218
    70.990    -0.034     0.027    -0.193
    71.000    -0.013     0.049    -0.103
    71.010     0.004     0.059    -0.113
    71.020    -0.001     0.051    -0.048
    71.030     0.021     0.061     0.024
    71.040     0.017     0.058     0.028
    71.050     0.022     0.058     0.064
    71.060     0.028     0.071     0.079
    71.070     0.017     0.051     0.074
    71.080     0.030     0.085     0.095
    71.090     0.028     0.041     0.073
    71.100     0.014     0.046     0.068
    71.110     0.010     0.051     0.085
    71.120    -0.012    -0.029     0.059
    71.130    -0.014     0.096     0.090
    71.140     0.030    -0.026     0.042
    71.150     0.010    -0.089     0.042
    71.160    -0.039    -0.070     0.112
    71.170    -0.023    -0.123     0.105
    71.180     0.001    -0.072     0.034
    71.190     0.014    -0.176     0.008
    71.200     0.002    -0.116     0.120
    71.210    -0.011    -0.096     0.002
    71.220     0.009    -0.121    -0.119
    71.230    -0.003    -0.097    -0.071
    71.240    -0.014    -0.063    -0.093
    71.250     0.016    -0.020    -0.089
    71.260     0.002    -0.020    -0.124
    71.270    -0.013     0.022    -0.170
    71.280    -0.001     0.057    -0.118
    71.290    -0.025     0.143    -0.109
    71.300    -0.016     0.082    -0.131
    71.310    -0.009     0.119    -0.117
    71.320    -0.020     0.115    -0.157
    71.330    -0.009     0.057    -0.104
    71.340    -0.029     0.146    -0.089
    71.350    -0.007     0.015    -0.103
    71.360    -0.004    -0.018    -0.068
    71.370    -0.046     0.022    -0.052
    71.380     0.001    -0.002     0.033
    71.390     0.021     0.033    -0.016
    71.400     0.008    -0.045     0.038
    71.410     0.024    -0.057     0.111
    71.420     0.005    -0.008     0.103
    71.430     0.019    -0.062     0.162
    71.440    -0.003    -0.033     0.140
    71.450    -0.020     0.000     0.160
    71.460     0.008    -0.002     0.169
    71.470    -0.022     0.041     0.167
    71.480    -0.003     0.043     0.130
    71.490     0.008     0.036     0.140
    71.500    -0.007     0.028     0.181
    71.510     0.018     0.032     0.135
    71.520     0.021     0.048     0.136
    71.530     0.018     0.075     0.121
    71.540     0.033     0.082     0.113
    71.550     0.056     0.059     0.095
    71.560     0.042     0.079     0.064
    71.570     0.043     0.058     0.046
    71.580     0.049     0.014     0.029
    71.590     0.032    -0.001     0.026
    71.600     0.027    -0.017     0.001
    71.610     0.002    -0.030    -0.011
    71.620    -0.014    -0.039    -0.019
    71.630    -0.021    -0.033    -0.032
    71.640    -0.042    -0.021    -0.050
    71.650    -0.046    -0.013    -0.046
    71.660    -0.038    -0.020    -0.034
    71.670    -0.038    -0.010    -0.023
    71.680    -0.033    -0.012    -0.017
    71.690    -0.031    -0.028    -0.012
    71.700    -0.026    -0.020    -0.011
    71.710    -0.013    -0.035    -0.022
    71.720    -0.001    -0.044    -0.005
    71.730     0.008    -0.063    -0.016
    71.740     0.009    -0.061    -0.026
    71.750     0.011    -0.092    -0.034
    71.760     0.002    -0.084    -0.025
    71.770    -0.004    -0.122    -0.042
    71.780    -0.014    -0.182    -0.044
    71.790    -0.035    -0.034    -0.017
    71.800    -0.055    -0.160    -0.088
    71.810    -0.036    -0.125     0.000
    71.820     0.008    -0.023    -0.051
    71.830    -0.007    -0.230    -0.068
    71.840    -0.002     0.008     0.100
    71.850     0.027    -0.013    -0.071
    71.860     0.004    -0.191     0.040
    71.870    -0.007     0.030     0.144
    71.880     0.019     0.037    -0.056
    71.890     0.007     0.022     0.026
    71.900    -0.011     0.078     0.077
    71.910    -0.011     0.041    -0.011
    71.920    -0.030     0.122    -0.083
    71.930    -0.018     0.185    -0.068
    71.940    -0.001     0.110    -0.052
    71.950     0.003     0.146    -0.088
    71.960    -0.003     0.167    -0.090
    71.970     0.003     0.129    -0.100
    71.980     0.019     0.141    -0.112
    71.990    -0.005     0.111    -0.068
    72.000     0.001     0.070    -0.001
    72.010     0.017     0.037    -0.035
    72.020    -0.008     0.023    -0.022
    72.030    -0.001    -0.023     0.041
    72.040     0.011    -0.073     0.053
    72.050    -0.005    -0.095     0.044
    72.060     0.006    -0.118     0.008
    72.070     0.000    -0.101     0.003
    72.080     0.010    -0.111     0.009
    72.090     0.022    -0.096    -0.034
    72.100    -0.004    -0.039    -0.084
    72.110     0.000    -0.031    -0.061
    72.120    -0.014     0.012    -0.051
    72.130    -0.024     0.053    -0.048
    72.140    -0.019     0.041    -0.027
    72.150    -0.030     0.079    -0.041
    72.160    -0.013     0.087    -0.019
    72.170    -0.012     0.058     0.025
    72.180    -0.007     0.054     0.031
    72.190    -0.005     0.021     0.037
    72.200    -0.019     0.018     0.055
    72.210    -0.010     0.010     0.039
    72.220    -0.014    -0.006     0.039
    72.230    -0.013     0.003     0.017
    72.240    -0.029     0.008     0.008
    72.250    -0.030     0.001     0.012
    72.260    -0.026     0.004     0.006
    72.270    -0.037     0.047     0.018
    72.280    -0.011    -0.019    -0.005
    72.290    -0.019     0.023     0.035
    72.300    -0.029     0.117    -0.001
    72.310    -0.029     0.027    -0.017
    72.320     0.010     0.079    -0.007
    72.330    -0.003     0.061    -0.031
    72.340    -0.021    -0.046     0.019
    72.350     0.003     0.056    -0.004
    72.360    -0.012     0.005     0.013
    72.370     0.027    -0.061     0.034
    72.380    -0.015     0.078     0.005
    72.390     0.003     0.003     0.020
    72.400     0.020     0.066     0.063
    72.410    -0.013     0.139    -0.038
    72.420     0.045    -0.022    -0.027
    72.430    -0.002     0.120     0.074
    72.440     0.008     0.095    -0.060
    72.450     0.013    -0.004    -0.049
    72.460    -0.020     0.078    -0.032
    72.470    -0.005    -0.003    -0.081
    72.480    -0.032     0.010    -0.067
    72.490    -0.005    -0.036    -0.122
    72.500    -0.029    -0.079    -0.084
    72.510    -0.008     0.016    -0.036
    72.520     0.059    -0.060    -0.019
    72.530    -0.012    -0.125     0.050
    72.540     0.000    -0.069     0.114
    72.550     0.052    -0.052     0.126
    72.560     0.010    -0.066     0.118
    72.570     0.015    -0.046     0.200
    72.580     0.009    -0.045     0.187
    72.590    -0.014    -0.046     0.118
    72.600    -0.009    -0.008     0.152
    72.610    -0.024    -0.012     0.103
    72.620    -0.022    -0.013     0.086
    72.630    -0.024     0.024     0.088
    72.640    -0.016     0.020    -0.011
    72.650    -0.007     0.035    -0.060
    72.660    -0.018     0.082    -0.081
    72.670    -0.002     0.044    -0.085
    72.680     0.012     0.028    -0.098
    72.690     0.005     0.028    -0.129
    72.700    -0.006    -0.005    -0.093
    72.710     0.009    -0.019    -0.081
    72.720     0.002    -0.049    -0.074
    72.730    -0.007    -0.045    -0.056
    72.740     0.004    -0.075    -0.099
    72.750    -0.012    -0.064    -0.077
    72.760    -0.002    -0.071    -0.082
    72.770    -0.010    -0.081    -0.083
    72.780    -0.017    -0.041    -0.052
    72.790    -0.017    -0.111    -0.058
    72.800    -0.039    -0.012     0.050
    72.810    -0.042    -0.006     0.037
    72.820    -0.016     0.002     0.107
    72.830     0.051     0.070     0.101
    72.840    -0.033    -0.015     0.120
    72.850     0.015    -0.007     0.319
    72.860     0.084    -0.002     0.073
    72.870    -0.051     0.035     0.158
    72.880     0.099    -0.070     0.262
    72.890     0.087    -0.045     0.024
    72.900    -0.029     0.052     0.130
    72.910     0.078     0.006     0.056
    72.920     0.025     0.044    -0.135
    72.930     0.040     0.041    -0.032
    72.940     0.027     0.030    -0.009
    72.950    -0.051     0.063    -0.128
    72.960     0.020     0.080    -0.118
    72.970    -0.033    -0.010    -0.075
    72.980    -0.079     0.039    -0.036
    72.990    -0.006     0.037    -0.084
    73.000    -0.058    -0.003    -0.090
    73.010    -0.060     0.051    -0.046
    73.020     0.003     0.013    -0.073
    73.030    -0.032     0.051    -0.019
    73.040    -0.013     0.100    -0.024
    73.050     0.020     0.108    -0.037
    73.060     0.001     0.095     0.007
    73.070    -0.001     0.145     0.054
    73.080     0.024     0.148     0.019
    73.090     0.009     0.117     0.003
    73.100    -0.010     0.136     0.075
    73.110     0.036     0.076     0.047
    73.120     0.006     0.072     0.036
    73.130    -0.008     0.053     0.054
    73.140     0.020    -0.013     0.055
    73.150    -0.001    -0.048     0.045
    73.160     0.010    -0.098     0.017
    73.170     0.000    -0.131     0.010
    73.180    -0.001    -0.164    -0.019
    73.190    -0.001    -0.208    -0.023
    73.200     0.008    -0.205    -0.030
    73.210     0.014    -0.183    -0.066
    73.220    -0.011    -0.236    -0.076
    73.230     0.008    -0.219    -0.044
    73.240     0.010    -0.139    -0.058
    73.250     0.031    -0.160    -0.048
    73.260     0.035    -0.110    -0.020
    73.270     0.013    -0.074    -0.044
    73.280     0.034    -0.094     0.062
    73.290     0.017    -0.048     0.061
    73.300     0.009    -0.011     0.004
    73.310    -0.007    -0.008     0.070
    73.320    -0.032    -0.026     0.054
    73.330    -0.025    -0.020     0.007
    73.340    -0.030    -0.034    -0.034
    73.350    -0.021     0.018    -0.037
    73.360    -0.023     0.008    -0.097
    73.370    -0.012    -0.063    -0.056
    73.380     0.001    -0.002    -0.048
    73.390    -0.011     0.004    -0.185
    73.400    -0.036     0.031    -0.056
    73.410    -0.014     0.045    -0.076
    73.420    -0.011    -0.004    -0.139
    73.430    -0.042     0.048    -0.040
    73.440    -0.001     0.057    -0.090
    73.450    -0.032     0.062    -0.084
    73.460    -0.012     0.098    -0.095
    73.470     0.008     0.004    -0.125
    73.480    -0.026     0.037    -0.101
    73.490     0.008     0.076    -0.121
    73.500    -0.031    -0.001    -0.124
    73.510    -0.042     0.039    -0.091
    73.520    -0.019     0.028    -0.087
    73.530     0.009     0.010    -0.062
    73.540    -0.003     0.015    -0.016
    73.550    -0.023     0.047     0.000
    73.560     0.039     0.069     0.017
    73.570     0.025     0.040     0.059
    73.580    -0.003     0.067     0.123
    73.590     0.007     0.062     0.101
    73.600    -0.004     0.055     0.102
    73.610    -0.015     0.034     0.160
    73.620    -0.011     0.021     0.132
    73.630    -0.018     0.013     0.127
    73.640    -0.019    -0.009     0.168
    73.650    -0.007    -0.006     0.159
    73.660     0.005    -0.035     0.110
    73.670     0.019    -0.036     0.132
    73.680     0.020    -0.049     0.111
    73.690     0.026    -0.047     0.052
    73.700     0.032    -0.037     0.046
    73.710     0.020    -0.053     0.005
    73.720    -0.007    -0.010    -0.017
    73.730    -0.005    -0.014    -0.038
    73.740    -0.011     0.007    -0.060
    73.750    -0.033     0.042    -0.090
    73.760    -0.033     0.014    -0.086
    73.770    -0.046     0.027    -0.073
    73.780    -0.040     0.036    -0.101
    73.790    -0.033     0.037    -0.088
    73.800    -0.027     0.047    -0.083
    73.810    -0.009     0.053    -0.075
    73.820    -0.008     0.062    -0.055
    73.830     0.003     0.067    -0.056
    73.840     0.009     0.076    -0.055
    73.850     0.003     0.076    -0.021
    73.860     0.002     0.073     0.012
    73.870     0.002     0.076     0.027
    73.880    -0.003     0.062     0.038
    73.890    -0.012     0.065     0.077
    73.900    -0.007     0.063     0.101
    73.910    -0.001     0.029     0.108
    73.920    -0.003     0.001     0.143
    73.930     0.015    -0.026     0.143
    73.940     0.024    -0.054     0.153
    73.950     0.033    -0.075     0.171
    73.960     0.041    -0.077     0.163
    73.970     0.027    -0.073     0.153
    73.980     0.023    -0.063     0.137
    73.990     0.017    -0.036     0.108
    74.000     0.006    -0.033     0.088
    74.010    -0.001    -0.043     0.086
    74.020    -0.008    -0.011     0.049
    74.030    -0.012     0.013     0.030
    74.040    -0.019     0.022     0.057
    74.050    -0.009     0.029     0.038
    74.060    -0.005     0.044     0.009
    74.070    -0.002     0.074    -0.014
    74.080     0.016     0.065    -0.051
    74.090     0.015     0.063    -0.072
    74.100     0.004     0.059    -0.086
    74.110    -0.005     0.051    -0.096
    74.120    -0.012     0.040    -0.113
    74.130    -0.021     0.046    -0.106
    74.140    -0.019     0.034    -0.120
    74.150    -0.023     0.012    -0.122
    74.160    -0.020     0.009    -0.110
    74.170    -0.017    -0.038    -0.097
    74.180    -0.024    -0.040    -0.058
    74.190    -0.018    -0.032    -0.035
    74.200    -0.007    -0.003    -0.014
    74.210     0.000    -0.027    -0.026
    74.220     0.016    -0.066     0.012
    74.230     0.056    -0.052    -0.007
    74.240    -0.006    -0.104     0.074
    74.250    -0.020    -0.134     0.075
    74.260     0.014    -0.016    -0.017
    74.270     0.002    -0.019     0.114
    74.280     0.046    -0.171     0.101
    74.290    -0.025    -0.039     0.088
    74.300     0.002     0.009     0.082
    74.310     0.037    -0.058     0.112
    74.320    -0.020    -0.023     0.086
    74.330     0.037    -0.021     0.074
    74.340     0.007     0.052     0.120
    74.350     0.013     0.043    -0.014
    74.360     0.024    -0.008     0.029
    74.370    -0.014     0.053     0.034
    74.380     0.005     0.081    -0.040
    74.390     0.002    -0.014    -0.097
    74.400    -0.025    -0.001    -0.098
    74.410    -0.039     0.041    -0.087
    74.420    -0.028    -0.006    -0.133
    74.430    -0.058     0.009    -0.097
    74.440    -0.045     0.003    -0.139
    74.450    -0.043    -0.002    -0.114
    74.460    -0.057     0.022    -0.100
    74.470    -0.014     0.010    -0.150
    74.480    -0.013    -0.005    -0.128
    74.490    -0.004     0.014    -0.117
    74.500     0.011     0.005    -0.117
    74.510     0.015    -0.016    -0.126
    74.520     0.000     0.001    -0.095
    74.530     0.003     0.009    -0.099
    74.540     0.029    -0.005    -0.098
    74.550     0.009    -0.020    -0.028
    74.560     0.008    -0.019     0.019
    74.570     0.011    -0.032     0.039
    74.580     0.005    -0.056     0.075
    74.590     0.012    -0.057     0.111
    74.600     0.010    -0.043     0.099
    74.610     0.017    -0.027     0.078
    74.620     0.014    -0.026     0.083
    74.630     0.010    -0.021     0.084
    74.640     0.016    -0.009     0.066
    74.650    -0.001    -0.003     0.052
    74.660    -0.006    -0.007     0.022
    74.670    -0.011    -0.006     0.021
    74.680    -0.011    -0.001     0.001
    74.690    -0.012    -0.014    -0.010
    74.700    -0.020    -0.014     0.009
    74.710    -0.018    -0.008    -0.008
    74.720    -0.014     0.004     0.020
    74.730     0.001    -0.003     0.004
    74.740     0.002     0.006     0.014
    74.750     0.008     0.021     0.021
    74.760     0.020     0.002    -0.004
    74.770     0.017     0.060     0.022
    74.780     0.007     0.010    -0.004
    74.790     0.001     0.007     0.003
    74.800    -0.015     0.107    -0.040
    74.810    -0.028     0.001    -0.064
    74.820    -0.013     0.025    -0.033
    74.830    -0.044     0.050    -0.122
    74.840    -0.047    -0.007    -0.037
    74.850    -0.024     0.023    -0.063
    74.860    -0.048    -0.017    -0.118
    74.870     0.001    -0.001     0.033
    74.880     0.000    -0.012    -0.044
    74.890    -0.044    -0.008     0.020
    74.900     0.015    -0.005     0.057
    74.910    -0.024     0.002     0.027
    74.920    -0.020     0.037     0.128
    74.930     0.014    -0.023     0.085
    74.940    -0.032    -0.003     0.132
    74.950     0.015     0.002     0.128
    74.960    -0.017    -0.043     0.124
    74.970    -0.011    -0.022     0.159
    74.980     0.014    -0.047     0.089
    74.990    -0.025    -0.039     0.086
    75.000     0.007     0.003     0.057
    75.010    -0.007    -0.026    -0.001
    75.020     0.006     0.020    -0.015
    75.030    -0.001     0.048    -0.034
    75.040     0.001     0.002    -0.055
    75.050     0.022     0.051    -0.055
    75.060    -0.008     0.082    -0.050
    75.070     0.021     0.048    -0.058
    75.080    -0.004     0.065    -0.061
    75.090    -0.025     0.043    -0.049
    75.100    -0.012     0.001     0.002
    75.110    -0.026     0.035    -0.047
    75.120    -0.013    -0.001    -0.071
    75.130    -0.010    -0.047     0.036
    75.140    -0.011    -0.017    -0.023
    75.150    -0.007    -0.008    -0.035
    75.160    -0.009    -0.014     0.030
    75.170    -0.011     0.017     0.012
    75.180     0.007    -0.002     0.024
    75.190    -0.003     0.013     0.036
    75.200    -0.009     0.056     0.015
    75.210    -0.010     0.000    -0.004
    75.220    -0.009     0.105     0.047
    75.230     0.000     0.081    -0.019
    75.240    -0.026    -0.032     0.006
    75.250     0.045     0.189     0.043
    75.260     0.042     0.036    -0.081
    75.270    -0.006    -0.143     0.096
    75.280     0.033     0.105     0.001
    75.290    -0.020    -0.081    -0.089
    75.300    -0.004    -0.114     0.174
    75.310    -0.016    -0.007    -0.025
    75.320    -0.049    -0.184     0.012
    75.330    -0.003    -0.059     0.145
    75.340    -0.072    -0.121    -0.062
    75.350    -0.026    -0.164     0.074
    75.360     0.017    -0.070     0.046
    75.370    -0.032    -0.162    -0.033
    75.380     0.051    -0.103     0.070
    75.390     0.041    -0.130     0.012
    75.400     0.006    -0.113     0.057
    75.410     0.046    -0.053     0.012
    75.420     0.028    -0.089     0.013
    75.430     0.030    -0.043     0.075
    75.440     0.020    -0.041    -0.004
    75.450    -0.002    -0.010     0.065
    75.460     0.014     0.020     0.033
    75.470    -0.003    -0.010     0.014
    75.480    -0.020     0.037     0.086
    75.490     0.006     0.049    -0.019
    75.500    -0.011     0.030    -0.045
    75.510    -0.027     0.067    -0.019
    75.520     0.007     0.037    -0.089
    75.530    -0.009     0.049    -0.100
    75.540    -0.024     0.063    -0.075
    75.550     0.001     0.044    -0.091
    75.560    -0.017     0.088    -0.083
    75.570    -0.015     0.073    -0.054
    75.580    -0.006     0.080    -0.048
    75.590    -0.011     0.117    -0.037
    75.600    -0.004     0.082    -0.002
    75.610    -0.015     0.084     0.026
    75.620    -0.005     0.098     0.027
    75.630     0.004     0.058     0.045
    75.640     0.008     0.053     0.067
    75.650     0.011     0.056     0.048
    75.660     0.005     0.024     0.053
    75.670     0.005     0.018     0.067
    75.680    -0.007     0.027     0.033
    75.690     0.001    -0.017     0.031
    75.700     0.003     0.009     0.042
    75.710    -0.015    -0.009     0.001
    75.720     0.004    -0.015     0.022
    75.730    -0.023    -0.020    -0.025
    75.740    -0.029    -0.051    -0.032
    75.750    -0.017    -0.014    -0.037
    75.760    -0.071    -0.134    -0.070
    75.770     0.001     0.137     0.012
    75.780    -0.005     0.035    -0.161
    75.790    -0.025    -0.225     0.022
    75.800    -0.007     0.215    -0.024
    75.810    -0.059    -0.004    -0.205
    75.820     0.023    -0.092     0.113
    75.830    -0.068     0.167    -0.140
    75.840    -0.021    -0.052    -0.036
    75.850     0.019     0.084     0.059
    75.860    -0.088     0.146    -0.103
    75.870     0.072    -0.050     0.041
    75.880    -0.040     0.113    -0.026
    75.890    -0.013     0.025     0.032
    75.900     0.065    -0.066    -0.037
    75.910    -0.060     0.038    -0.022
    75.920     0.056    -0.085     0.004
    75.930     0.007    -0.058    -0.048
    75.940     0.010    -0.074     0.014
    75.950     0.042    -0.103    -0.031
    75.960     0.003    -0.110    -0.006
    75.970     0.040    -0.097     0.004
    75.980     0.007    -0.062    -0.029
    75.990     0.050    -0.130    -0.023
    76.000     0.009    -0.060     0.010
    76.010     0.004    -0.088    -0.021
    76.020     0.029    -0.089     0.003
    76.030    -0.035    -0.030     0.004
    76.040     0.017    -0.080    -0.011
    76.050    -0.008    -0.033     0.022
    76.060    -0.036    -0.011    -0.010
    76.070    -0.012    -0.027     0.011
    76.080    -0.042     0.016    -0.029
    76.090    -0.032     0.016    -0.001
    76.100    -0.019     0.006    -0.005
    76.110    -0.029     0.041    -0.030
    76.120    -0.024     0.032    -0.002
    76.130    -0.009     0.028    -0.045
    76.140    -0.018     0.055    -0.017
    76.150    -0.013     0.045    -0.038
    76.160    -0.011     0.043    -0.048
    76.170    -0.029     0.053    -0.029
    76.180    -0.016     0.038    -0.012
    76.190    -0.008     0.021    -0.008
    76.200    -0.020     0.016     0.011
    76.210     0.001     0.000     0.033
    76.220     0.009    -0.001     0.020
    76.230     0.013     0.010     0.066
    76.240     0.033    -0.004     0.059
    76.250     0.027     0.011     0.070
    76.260     0.037     0.020     0.084
    76.270     0.034     0.012     0.079
    76.280     0.032     0.025     0.087
    76.290     0.033     0.009     0.077
    76.300     0.021    -0.007     0.064
    76.310     0.014     0.008     0.053
    76.320     0.003     0.002     0.044
    76.330     0.003     0.001     0.007
    76.340    -0.007    -0.006     0.007
    76.350    -0.010    -0.023    -0.002
    76.360    -0.014     0.023    -0.017
    76.370    -0.022     0.037    -0.024
    76.380    -0.019     0.021    -0.035
    76.390    -0.025     0.035    -0.037
    76.400    -0.020     0.023    -0.039
    76.410    -0.011     0.018    -0.042
    76.420    -0.021     0.016    -0.045
    76.430    -0.018    -0.014    -0.016
    76.440    -0.006    -0.030    -0.017
    76.450    -0.007    -0.033    -0.023
    76.460    -0.009    -0.037     0.006
    76.470     0.004    -0.039     0.001
    76.480     0.003    -0.053     0.003
    76.490    -0.010    -0.068     0.039
    76.500    -0.001    -0.058     0.036
    76.510    -0.005    -0.050     0.056
    76.520     0.000    -0.071     0.079
    76.530    -0.001    -0.051     0.067
    76.540    -0.010    -0.042     0.077
    76.550    -0.007    -0.032     0.070
    76.560    -0.026     0.014     0.038
    76.570    -0.023     0.007     0.017
    76.580    -0.028     0.024     0.004
    76.590    -0.037     0.037    -0.044
    76.600    -0.032     0.025    -0.067
    76.610    -0.031     0.046    -0.086
    76.620    -0.025     0.028    -0.114
    76.630    -0.018     0.027    -0.107
    76.640    -0.008     0.044    -0.133
    76.650    -0.011     0.027    -0.143
    76.660    -0.020     0.045    -0.111
    76.670    -0.019     0.053    -0.109
    76.680    -0.025     0.046    -0.094
    76.690    -0.030     0.061    -0.047
    76.700    -0.026     0.049    -0.030
    76.710    -0.031     0.050    -0.004
    76.720    -0.024     0.055     0.006
    76.730    -0.011     0.045     0.006
    76.740    -0.007     0.044     0.017
    76.750     0.000     0.035     0.004
    76.760     0.004     0.039     0.005
    76.770     0.006     0.032     0.013
    76.780     0.011     0.031     0.030
    76.790     0.023     0.012     0.033
    76.800     0.019     0.001     0.053
    76.810     0.021    -0.016     0.073
    76.820     0.029    -0.059     0.091
    76.830     0.020    -0.062     0.125
    76.840     0.016    -0.101     0.127
    76.850     0.010    -0.104     0.132
    76.860     0.006    -0.133     0.104
    76.870     0.005    -0.105     0.096
    76.880    -0.008    -0.062     0.053
    76.890    -0.009    -0.109     0.015
    76.900     0.015     0.004     0.019
    76.910     0.022    -0.019    -0.056
    76.920     0.003    -0.024    -0.021
    76.930     0.000     0.084    -0.035
    76.940     0.024     0.044    -0.101
    76.950     0.009     0.082    -0.024
    76.960    -0.001     0.086    -0.040
    76.970    -0.001     0.113    -0.082
    76.980    -0.023     0.135    -0.062
    76.990    -0.007     0.070    -0.055
    77.000    -0.027     0.091    -0.059
    77.010    -0.029     0.054    -0.053
    77.020    -0.017     0.007    -0.057
    77.030    -0.042    -0.018    -0.059
    77.040    -0.020    -0.075    -0.043
    77.050    -0.034    -0.083    -0.040
    77.060    -0.035    -0.106    -0.007
    77.070    -0.006    -0.123    -0.018
    77.080    -0.023    -0.098    -0.012
    77.090    -0.005    -0.095     0.034
    77.100     0.008    -0.077     0.031
    77.110     0.004    -0.045     0.060
    77.120     0.018    -0.043     0.076
    77.130     0.008    -0.025     0.079
    77.140     0.013     0.000     0.091
    77.150     0.011     0.005     0.080
    77.160     0.005     0.027     0.074
    77.170     0.010     0.035     0.066
    77.180    -0.002     0.019     0.074
    77.190     0.004     0.027     0.069
    77.200    -0.003     0.025     0.046
    77.210    -0.006     0.018     0.053
    77.220     0.010     0.014     0.048
    77.230     0.003     0.007     0.039
    77.240     0.002     0.009     0.034
    77.250     0.007     0.003     0.028
    77.260     0.013     0.004     0.015
    77.270     0.007     0.013    -0.010
    77.280    -0.003     0.017    -0.012
    77.290    -0.001     0.034    -0.035
    77.300    -0.016     0.056    -0.053
    77.310    -0.025     0.071    -0.053
    77.320    -0.023     0.087    -0.067
    77.330    -0.026     0.096    -0.078
    77.340    -0.025     0.096    -0.087
    77.350    -0.020     0.096    -0.088
    77.360    -0.014     0.070    -0.088
    77.370    -0.012     0.038    -0.068
    77.380     0.000     0.015    -0.061
    77.390     0.002    -0.012    -0.054
    77.400    -0.007    -0.028    -0.038
    77.410    -0.002    -0.045    -0.029
    77.420    -0.002    -0.063    -0.024
    77.430    -0.003    -0.062    -0.010
    77.440    -0.009    -0.070     0.018
    77.450    -0.009    -0.066     0.022
    77.460    -0.006    -0.049     0.055
    77.470    -0.006    -0.057     0.076
    77.480     0.003    -0.042     0.077
    77.490    -0.003    -0.033     0.082
    77.500    -0.006    -0.040     0.067
    77.510    -0.007    -0.019     0.056
    77.520    -0.007    -0.017     0.028
    77.530    -0.001    -0.011     0.009
    77.540     0.001     0.002    -0.008
    77.550     0.008     0.000    -0.023
    77.560     0.014     0.027    -0.026
    77.570     0.016     0.054    -0.027
    77.580     0.020     0.059    -0.017
    77.590     0.018     0.076    -0.009
    77.600     0.011     0.086    -0.010
    77.610     0.013     0.086     0.007
    77.620     0.014     0.079     0.016
    77.630     0.007     0.080     0.022
    77.640     0.013     0.071     0.032
    77.650     0.016     0.041     0.017
    77.660     0.012     0.042     0.013
    77.670     0.019     0.030     0.003
    77.680     0.017     0.014    -0.013
    77.690     0.011     0.009    -0.013
    77.700     0.003     0.005    -0.007
    77.710    -0.007     0.013     0.001
    77.720    -0.006     0.007     0.020
    77.730    -0.010     0.007     0.045
    77.740    -0.009     0.014     0.057
    77.750    -0.005     0.010     0.082
    77.760    -0.007     0.010     0.093
    77.770    -0.007     0.008     0.088
    77.780    -0.007    -0.001     0.085
    77.790    -0.009    -0.005     0.072
    77.800    -0.008    -0.012     0.033
    77.810    -0.014    -0.014     0.001
    77.820    -0.017    -0.013    -0.023
    77.830    -0.017    -0.023    -0.063
    77.840    -0.015    -0.027    -0.072
    77.850    -0.005    -0.020    -0.087
    77.860    -0.004    -0.010    -0.091
    77.870     0.002    -0.008    -0.083
    77.880     0.003     0.010    -0.092
    77.890    -0.007     0.029    -0.086
    77.900    -0.010     0.033    -0.077
    77.910    -0.022     0.046    -0.062
    77.920    -0.029     0.052    -0.054
    77.930    -0.032     0.054    -0.039
    77.940    -0.037     0.056    -0.025
    77.950    -0.033     0.049    -0.025
    77.960    -0.030     0.046    -0.026
    77.970    -0.026     0.037    -0.036
    77.980    -0.013     0.026    -0.033
    77.990    -0.011     0.008    -0.027
    78.000    -0.008    -0.018    -0.025
    78.010    -0.005    -0.038    -0.014
    78.020    -0.005    -0.056    -0.005
    78.030    -0.002    -0.072     0.001
    78.040    -0.004    -0.087     0.015
    78.050     0.000    -0.094     0.022
    78.060     0.006    -0.102     0.019
    78.070     0.000    -0.095     0.018
    78.080    -0.005    -0.088     0.024
    78.090    -0.005    -0.078    -0.004
    78.100     0.001    -0.080    -0.032
    78.110     0.001    -0.084    -0.043
    78.120    -0.013    -0.048    -0.067
    78.130    -0.009    -0.057    -0.056
    78.140    -0.002    -0.073    -0.048
    78.150    -0.003    -0.056    -0.058
    78.160    -0.003    -0.055    -0.026
    78.170    -0.009    -0.051    -0.001
    78.180     0.006    -0.044    -0.014
    78.190    -0.006    -0.031     0.026
    78.200    -0.016    -0.031     0.072
    78.210     0.000    -0.016     0.056
    78.220    -0.008     0.003     0.076
    78.230    -0.002     0.003     0.092
    78.240     0.014     0.017     0.072
    78.250     0.011     0.022     0.062
    78.260     0.006     0.050     0.053
    78.270     0.009     0.064     0.016
    78.280     0.008     0.058    -0.007
    78.290     0.000     0.075     0.002
    78.300    -0.004     0.081    -0.019
    78.310    -0.011     0.084    -0.020
    78.320    -0.021     0.080    -0.003
    78.330    -0.018     0.080     0.001
    78.340    -0.016     0.074     0.009
    78.350    -0.024     0.062     0.021
    78.360    -0.016     0.049     0.030
    78.370    -0.011     0.024     0.024
    78.380    -0.022     0.011     0.028
    78.390    -0.017    -0.006     0.026
    78.400    -0.013    -0.022     0.022
    78.410    -0.007    -0.033     0.033
    78.420     0.003    -0.046     0.026
    78.430     0.007    -0.045     0.012
    78.440     0.017    -0.044     0.011
    78.450     0.025    -0.042     0.009
    78.460     0.025    -0.038     0.006
    78.470     0.020    -0.033     0.008
    78.480     0.016    -0.027     0.002
    78.490     0.012    -0.030    -0.001
    78.500     0.001    -0.034     0.009
    78.510    -0.010    -0.033     0.012
    78.520    -0.020    -0.033     0.004
    78.530    -0.032    -0.038     0.008
    78.540    -0.034    -0.043     0.009
    78.550    -0.035    -0.043    -0.002
    78.560    -0.035    -0.036    -0.006
    78.570    -0.027    -0.032    -0.015
    78.580    -0.018    -0.027    -0.031
    78.590    -0.004    -0.017    -0.046
    78.600     0.006     0.000    -0.056
    78.610     0.019     0.015    -0.065
    78.620     0.032     0.022    -0.070
    78.630     0.035     0.036    -0.057
    78.640     0.033     0.039    -0.042
    78.650     0.028     0.038    -0.019
    78.660     0.012     0.051    -0.002
    78.670     0.003     0.032     0.012
    78.680    -0.002     0.009     0.014
    78.690    -0.022     0.017     0.010
    78.700    -0.031    -0.007     0.014
    78.710    -0.023    -0.012     0.005
    78.720    -0.017    -0.003    -0.013
    78.730    -0.008    -0.031     0.002
    78.740    -0.004    -0.017     0.013
    78.750     0.014    -0.015    -0.019
    78.760     0.029    -0.017     0.014
    78.770     0.000     0.009     0.029
    78.780     0.006     0.013     0.023
    78.790     0.011     0.006     0.044
    78.800    -0.013     0.012     0.053
    78.810     0.000     0.020     0.056
    78.820    -0.016     0.013     0.040
    78.830    -0.016     0.013     0.041
    78.840    -0.003     0.015     0.001
    78.850    -0.025     0.038    -0.009
    78.860    -0.012     0.022    -0.027
    78.870    -0.007     0.036    -0.063
    78.880    -0.025     0.076    -0.059
    78.890    -0.018     0.066    -0.072
    78.900    -0.007     0.072    -0.071
    78.910    -0.019     0.061    -0.070
    78.920    -0.017     0.059    -0.055
    78.930    -0.013     0.044    -0.054
    78.940    -0.023     0.031    -0.048
    78.950    -0.011     0.023    -0.054
    78.960    -0.013     0.003    -0.074
    78.970    -0.011    -0.004    -0.068
    78.980    -0.005    -0.016    -0.072
    78.990    -0.009    -0.006    -0.069
    79.000    -0.002    -0.016    -0.055
    79.010    -0.003    -0.032    -0.017
    79.020     0.000    -0.041    -0.004
    79.030     0.003    -0.048     0.006
    79.040    -0.005    -0.058     0.030
    79.050    -0.001    -0.075     0.044
    79.060    -0.004    -0.080     0.059
    79.070    -0.014    -0.091     0.058
    79.080    -0.014    -0.087     0.053
    79.090    -0.016    -0.074     0.047
    79.100    -0.009    -0.069     0.044
    79.110    -0.001    -0.057     0.041
    79.120    -0.005    -0.039     0.039
    79.130     0.005    -0.024     0.025
    79.140     0.002     0.000     0.023
    79.150     0.000     0.014     0.030
    79.160     0.007     0.016     0.017
    79.170    -0.005     0.029     0.024
    79.180    -0.009     0.029     0.018
    79.190    -0.005     0.024     0.032
    79.200    -0.009     0.005     0.055
    79.210    -0.017    -0.011     0.073
    79.220    -0.012    -0.030     0.098
    79.230    -0.010    -0.056     0.107
    79.240    -0.002    -0.055     0.132
    79.250     0.009    -0.065     0.120
    79.260     0.008    -0.054     0.116
    79.270     0.016    -0.055     0.101
    79.280     0.017    -0.053     0.071
    79.290     0.011    -0.020     0.069
    79.300     0.011    -0.019     0.041
    79.310     0.011     0.007     0.018
    79.320     0.008     0.012    -0.013
    79.330     0.004     0.016     0.003
    79.340    -0.004     0.022    -0.018
    79.350     0.000     0.004    -0.028
    79.360    -0.002     0.006    -0.008
    79.370    -0.023     0.013    -0.055
    79.380    -0.012     0.018    -0.019
    79.390    -0.009    -0.009    -0.037
    79.400    -0.028     0.012    -0.067
    79.410    -0.019     0.009    -0.047
    79.420    -0.026     0.009    -0.065
    79.430    -0.026     0.029    -0.063
    79.440    -0.025    -0.001    -0.042
    79.450    -0.028     0.030    -0.048
    79.460    -0.001     0.022    -0.075
    79.470    -0.019     0.015    -0.022
    79.480    -0.020     0.038    -0.018
    79.490     0.001     0.019    -0.048
    79.500    -0.017     0.026    -0.031
    79.510    -0.008     0.030    -0.054
    79.520     0.007     0.010    -0.082
    79.530    -0.006     0.007    -0.080
    79.540    -0.011     0.016    -0.086
    79.550    -0.004     0.006    -0.122
    79.560    -0.008     0.002    -0.096
    79.570    -0.008    -0.008    -0.081
    79.580    -0.011    -0.015    -0.087
    79.590    -0.013    -0.007    -0.044
    79.600    -0.008    -0.030    -0.033
    79.610    -0.017    -0.023    -0.004
    79.620    -0.018     0.007     0.023
    79.630    -0.012     0.007     0.020
    79.640    -0.009     0.009     0.040
    79.650    -0.012     0.020     0.037
    79.660    -0.011     0.029     0.034
    79.670    -0.004     0.037     0.036
    79.680    -0.006     0.038     0.032
    79.690    -0.002     0.043     0.022
    79.700     0.004     0.043     0.001
    79.710    -0.004     0.035     0.011
    79.720     0.008     0.024    -0.005
    79.730     0.003     0.015    -0.040
    79.740    -0.002     0.012    -0.025
    79.750     0.013     0.012    -0.038
    79.760    -0.006     0.024    -0.045
    79.770     0.018     0.011    -0.030
    79.780     0.011    -0.008    -0.042
    79.790    -0.003     0.008    -0.033
    79.800     0.019     0.004    -0.039
    79.810    -0.015     0.012    -0.040
    79.820    -0.012    -0.011    -0.027
    79.830    -0.010    -0.044     0.005
    79.840    -0.006    -0.023     0.023
    79.850    -0.015    -0.032    -0.004
    79.860    -0.027    -0.012     0.023
    79.870     0.018    -0.022     0.040
    79.880     0.000    -0.045     0.066
    79.890    -0.001    -0.011     0.064
    79.900     0.020    -0.010     0.034
    79.910    -0.007     0.003     0.077
    79.920     0.002     0.011     0.075
    79.930     0.006     0.007     0.074
    79.940    -0.009     0.016     0.062
    79.950    -0.007     0.017     0.035
    79.960    -0.015     0.018     0.070
    79.970    -0.010     0.007     0.057
    79.980    -0.012    -0.005     0.049
    79.990    -0.031     0.000     0.064
    80.000    -0.016     0.002     0.036
    80.010    -0.010     0.001     0.021
    80.020    -0.018     0.025     0.024
    80.030    -0.001     0.030     0.005
    80.040     0.000     0.016    -0.009
    80.050    -0.003     0.002     0.000
    80.060     0.007     0.004    -0.008
    80.070     0.019     0.003    -0.007
    80.080     0.018    -0.015     0.024
    80.090     0.023    -0.013     0.026
    80.100     0.024    -0.007     0.003
    80.110     0.003     0.002     0.022
    80.120     0.016    -0.007     0.022
    80.130     0.004    -0.014     0.021
    80.140    -0.012    -0.005     0.030
    80.150    -0.005     0.003     0.010
    80.160    -0.013     0.018     0.014
    80.170    -0.002     0.021     0.016
    80.180    -0.014     0.035     0.006
    80.190    -0.016     0.029    -0.022
    80.200    -0.011     0.016    -0.007
    80.210    -0.028     0.025     0.007
    80.220    -0.024     0.001    -0.013
    80.230    -0.033     0.015     0.021
    80.240    -0.027    -0.014     0.015
    80.250    -0.021    -0.041     0.023
    80.260    -0.028     0.028     0.041
    80.270    -0.003    -0.019     0.013
    80.280    -0.008    -0.067     0.034
    80.290    -0.027    -0.024     0.044
    80.300    -0.014    -0.007     0.012
    80.310    -0.011    -0.008     0.002
    80.320    -0.013     0.010     0.005
    80.330    -0.005     0.016    -0.027
    80.340    -0.007     0.009    -0.044
    80.350    -0.003     0.030    -0.042
    80.360     0.007     0.025    -0.045
    80.370     0.000     0.032    -0.051
    80.380     0.002     0.038    -0.057
    80.390    -0.001     0.020    -0.052
    80.400    -0.001     0.041    -0.071
    80.410    -0.003     0.056    -0.074
    80.420    -0.015     0.030    -0.063
    80.430    -0.002     0.012    -0.054
    80.440    -0.001     0.006    -0.042
    80.450    -0.010    -0.018    -0.031
    80.460    -0.005    -0.020    -0.007
    80.470     0.004    -0.033    -0.001
    80.480    -0.005    -0.049     0.010
    80.490    -0.002    -0.053     0.031
    80.500     0.020    -0.064     0.045
    80.510     0.012    -0.054     0.067
    80.520     0.016    -0.065     0.077
    80.530     0.012    -0.022     0.095
    80.540     0.003    -0.004     0.089
    80.550     0.007    -0.047     0.077
    80.560    -0.019     0.012     0.077
    80.570    -0.014     0.025     0.042
    80.580    -0.009    -0.001     0.038
    80.590    -0.025     0.012     0.030
    80.600    -0.005     0.008     0.014
    80.610     0.004     0.018    -0.002
    80.620    -0.005     0.010    -0.032
    80.630     0.002     0.005    -0.034
    80.640     0.008     0.010    -0.051
    80.650     0.005     0.014    -0.070
    80.660     0.000     0.011    -0.077
    80.670     0.000     0.002    -0.090
    80.680    -0.006     0.008    -0.093
    80.690    -0.017    -0.006    -0.085
    80.700    -0.009    -0.022    -0.093
    80.710    -0.009    -0.020    -0.097
    80.720    -0.009    -0.033    -0.090
    80.730    -0.005    -0.035    -0.086
    80.740    -0.008    -0.029    -0.077
    80.750    -0.006    -0.028    -0.074
    80.760    -0.021    -0.022    -0.057
    80.770    -0.015    -0.020    -0.039
    80.780    -0.008    -0.014    -0.022
    80.790    -0.019    -0.019    -0.003
    80.800    -0.012    -0.010     0.024
    80.810    -0.010    -0.022     0.058
    80.820    -0.007    -0.029     0.073
    80.830    -0.005     0.021     0.089
    80.840     0.006     0.012     0.081
    80.850     0.002    -0.022     0.088
    80.860     0.003    -0.004     0.090
    80.870     0.009     0.030     0.028
    80.880    -0.017     0.047     0.009
    80.890    -0.004     0.022     0.040
    80.900     0.009     0.014     0.033
    80.910     0.002     0.033    -0.002
    80.920     0.003     0.052    -0.010
    80.930     0.005     0.064     0.001
    80.940     0.012     0.032     0.025
    80.950     0.005     0.020     0.062
    80.960     0.013     0.026     0.042
    80.970     0.009     0.008     0.020
    80.980    -0.005     0.006     0.052
    80.990     0.005    -0.008     0.053
    81.000     0.003    -0.040     0.034
    81.010    -0.006    -0.049     0.025
    81.020    -0.013    -0.006     0.011
    81.030    -0.005     0.003     0.005
    81.040     0.001    -0.041     0.000
    81.050    -0.025    -0.001    -0.001
    81.060    -0.020     0.051    -0.020
    81.070    -0.009     0.046    -0.019
    81.080    -0.016     0.050     0.005
    81.090    -0.004     0.059    -0.003
    81.100     0.007     0.061    -0.010
    81.110     0.009     0.047    -0.020
    81.120     0.001     0.020    -0.020
    81.130     0.001     0.000    -0.013
    81.140     0.009    -0.011    -0.025
    81.150     0.000    -0.037    -0.034
    81.160    -0.013    -0.039    -0.039
    81.170    -0.016    -0.033    -0.039
    81.180    -0.015    -0.049    -0.020
    81.190    -0.017    -0.050    -0.018
    81.200    -0.014    -0.049    -0.028
    81.210    -0.008    -0.043    -0.018
    81.220     0.002    -0.037    -0.011
    81.230     0.011    -0.034    -0.018
    81.240     0.008    -0.018    -0.020
    81.250     0.010    -0.005    -0.020
    81.260     0.022    -0.016    -0.032
    81.270     0.020    -0.031    -0.032
    81.280     0.009    -0.016    -0.027
    81.290     0.011    -0.012    -0.028
    81.300     0.008    -0.032    -0.026
    81.310    -0.012    -0.013    -0.011
    81.320    -0.008     0.000     0.000
    81.330     0.002    -0.021    -0.026
    81.340    -0.020    -0.003    -0.032
    81.350    -0.021     0.013    -0.032
    81.360    -0.008    -0.006    -0.063
    81.370    -0.016    -0.020    -0.078
    81.380    -0.024    -0.022    -0.082
    81.390    -0.025    -0.019    -0.083
    81.400    -0.023    -0.027    -0.074
    81.410    -0.025    -0.033    -0.067
    81.420    -0.026    -0.016    -0.064
    81.430    -0.018    -0.006    -0.048
    81.440    -0.024    -0.013    -0.017
    81.450    -0.019     0.003     0.002
    81.460     0.003     0.011     0.017
    81.470    -0.003     0.013     0.054
    81.480    -0.002     0.022     0.067
    81.490     0.013     0.011     0.080
    81.500     0.026     0.019     0.087
    81.510     0.019     0.023     0.065
    81.520     0.006     0.025     0.057
    81.530     0.022     0.017     0.029
    81.540     0.006     0.007     0.026
    81.550    -0.005     0.001     0.018
    81.560     0.002     0.000    -0.005
    81.570    -0.008     0.004    -0.009
    81.580    -0.022    -0.006     0.000
    81.590    -0.030    -0.005     0.003
    81.600    -0.017     0.011    -0.021
    81.610    -0.033     0.055     0.004
    81.620    -0.024    -0.002    -0.006
    81.630    -0.023    -0.016    -0.026
    81.640    -0.045     0.059    -0.025
    81.650    -0.020     0.020    -0.034
    81.660    -0.023     0.006    -0.016
    81.670    -0.027     0.028    -0.027
    81.680    -0.013     0.027    -0.022
    81.690     0.000     0.048    -0.043
    81.700    -0.001     0.041    -0.055
    81.710     0.009    -0.003    -0.017
    81.720     0.007     0.006    -0.013
    81.730    -0.007    -0.012    -0.009
    81.740     0.012    -0.018     0.021
    81.750    -0.010    -0.007     0.022
    81.760    -0.015    -0.044     0.030
    81.770    -0.011    -0.006     0.045
    81.780    -0.006    -0.040    -0.020
    81.790    -0.013    -0.047    -0.004
    81.800    -0.037    -0.013     0.013
    81.810    -0.006    -0.054    -0.039
    81.820    -0.011    -0.028    -0.013
    81.830    -0.017    -0.004    -0.036
    81.840    -0.002     0.007    -0.051
    81.850    -0.005     0.011    -0.028
    81.860     0.017     0.002    -0.041
    81.870     0.020     0.007    -0.047
    81.880     0.020    -0.005    -0.025
    81.890     0.022    -0.004     0.022
    81.900     0.009    -0.003     0.030
    81.910     0.009    -0.013     0.029
    81.920     0.002    -0.004     0.054
    81.930    -0.007    -0.010     0.073
    81.940    -0.013     0.008     0.069
    81.950    -0.022    -0.001     0.071
    81.960    -0.013    -0.033     0.103
    81.970    -0.016    -0.002     0.094
    81.980    -0.023     0.023     0.089
    81.990    -0.007     0.018     0.112
    82.000    -0.001    -0.012     0.104
    82.010     0.001     0.020     0.104
    82.020     0.000     0.037     0.117
    82.030     0.010     0.018     0.114
    82.040     0.010     0.031     0.094
    82.050     0.013     0.022     0.116
    82.060     0.020     0.061     0.112
    82.070     0.013     0.033     0.077
    82.080     0.027     0.004     0.075
    82.090     0.006     0.065     0.066
    82.100     0.017     0.004     0.040
    82.110     0.013     0.003    -0.017
    82.120    -0.018     0.045    -0.037
    82.130     0.007    -0.003    -0.052
    82.140    -0.022     0.021    -0.061
    82.150    -0.013     0.002    -0.072
    82.160     0.003    -0.020    -0.125
    82.170    -0.026    -0.015    -0.106
    82.180    -0.007    -0.005    -0.073
    82.190    -0.006    -0.021    -0.106
    82.200    -0.025    -0.001    -0.072
    82.210    -0.023     0.078    -0.045
    82.220     0.009     0.000    -0.076
    82.230    -0.007     0.029    -0.026
    82.240    -0.032     0.064    -0.019
    82.250    -0.006     0.021    -0.019
    82.260    -0.019     0.050     0.002
    82.270    -0.023     0.043     0.020
    82.280     0.000     0.067     0.023
    82.290     0.002     0.054    -0.022
    82.300    -0.002     0.036     0.004
    82.310    -0.008     0.032    -0.001
    82.320     0.001     0.022    -0.002
    82.330     0.000     0.033     0.023
    82.340    -0.003     0.012     0.012
    82.350     0.015     0.000     0.024
    82.360     0.011     0.009     0.030
    82.370     0.004    -0.003     0.043
    82.380     0.008    -0.018     0.030
    82.390    -0.002    -0.028     0.031
    82.400    -0.006    -0.041     0.054
    82.410    -0.003    -0.035     0.036
    82.420    -0.009    -0.044     0.051
    82.430    -0.013    -0.048     0.049
    82.440    -0.013    -0.036     0.023
    82.450    -0.016    -0.036     0.030
    82.460     0.000    -0.041     0.018
    82.470    -0.001    -0.031     0.024
    82.480    -0.003    -0.040     0.007
    82.490     0.010    -0.033     0.024
    82.500     0.002    -0.006     0.004
    82.510     0.001    -0.016    -0.003
    82.520     0.014     0.006    -0.019
    82.530     0.022     0.009    -0.103
    82.540    -0.021     0.032     0.085
    82.550    -0.012     0.026     0.024
    82.560     0.029     0.006    -0.108
    82.570    -0.005     0.060    -0.004
    82.580    -0.009     0.009    -0.040
    82.590    -0.007     0.019    -0.017
    82.600    -0.005     0.039    -0.053
    82.610    -0.008    -0.018    -0.026
    82.620    -0.022    -0.011    -0.032
    82.630    -0.016    -0.002    -0.044
    82.640    -0.016     0.011     0.003
    82.650    -0.011     0.007    -0.038
    82.660    -0.004    -0.002     0.004
    82.670    -0.010    -0.009    -0.020
    82.680    -0.014    -0.002    -0.006
    82.690     0.005     0.004    -0.016
    82.700    -0.001    -0.029    -0.009
    82.710     0.004    -0.037     0.055
    82.720     0.026     0.045     0.001
    82.730     0.034    -0.015    -0.025
    82.740     0.017    -0.095     0.035
    82.750    -0.011     0.017     0.077
    82.760     0.015    -0.021     0.018
    82.770    -0.001    -0.036     0.046
    82.780    -0.011     0.023     0.050
    82.790     0.007    -0.016     0.004
    82.800    -0.006     0.024     0.034
    82.810     0.003     0.033     0.009
    82.820     0.009    -0.019    -0.017
    82.830    -0.011     0.002    -0.015
    82.840    -0.017     0.014    -0.011
    82.850     0.007    -0.012    -0.034
    82.860    -0.009     0.004    -0.046
    82.870    -0.010    -0.010    -0.030
    82.880     0.012    -0.047    -0.042
    82.890    -0.006    -0.035    -0.046
    82.900    -0.004    -0.052    -0.034
    82.910     0.013    -0.073    -0.038
    82.920     0.009    -0.044    -0.021
    82.930     0.008    -0.055    -0.012
    82.940    -0.002    -0.051    -0.032
    82.950    -0.015    -0.019    -0.030
    82.960     0.001    -0.037    -0.029
    82.970    -0.006    -0.020    -0.026
    82.980    -0.013    -0.008    -0.040
    82.990    -0.005    -0.013    -0.049
    83.000    -0.015     0.002    -0.058
    83.010    -0.017     0.003    -0.057
    83.020    -0.014     0.002    -0.052
    83.030    -0.020     0.022    -0.066
    83.040    -0.025     0.044    -0.061
    83.050    -0.008     0.012    -0.059
    83.060    -0.009     0.045    -0.025
    83.070    -0.004     0.036    -0.022
    83.080     0.007     0.017     0.004
    83.090     0.006     0.036     0.008
    83.100     0.010     0.013     0.018
    83.110     0.000     0.039     0.019
    83.120     0.014    -0.016     0.004
    83.130     0.019     0.033     0.015
    83.140     0.025    -0.008    -0.059
    83.150    -0.031     0.009     0.106
    83.160    -0.031     0.060     0.062
    83.170     0.046    -0.070    -0.044
    83.180    -0.033     0.012     0.069
    83.190    -0.018    -0.057     0.027
    83.200    -0.010     0.118     0.075
    83.210    -0.029     0.008    -0.023
    83.220     0.020    -0.141     0.021
    83.230    -0.067     0.213     0.001
    83.240     0.009    -0.054    -0.048
    83.250    -0.010     0.008     0.033
    83.260    -0.086     0.071    -0.054
    83.270     0.034    -0.043     0.031
    83.280    -0.049     0.097    -0.075
    83.290    -0.019    -0.007    -0.017
    83.300     0.024     0.088    -0.008
    83.310    -0.030    -0.026    -0.040
    83.320     0.029    -0.015     0.088
    83.330    -0.018     0.089    -0.089
    83.340     0.029    -0.053     0.027
    83.350     0.012     0.043     0.042
    83.360    -0.017     0.002     0.011
    83.370     0.053    -0.020     0.018
    83.380    -0.015     0.036    -0.053
    83.390     0.025    -0.075     0.036
    83.400     0.020    -0.005     0.001
    83.410    -0.007     0.001     0.041
    83.420     0.031    -0.070     0.031
    83.430    -0.013     0.031     0.023
    83.440     0.017    -0.048     0.052
    83.450    -0.001    -0.047     0.082
    83.460    -0.007     0.022     0.060
    83.470     0.018    -0.024     0.022
    83.480    -0.016     0.004     0.078
    83.490    -0.008    -0.001     0.037
    83.500    -0.006    -0.013     0.047
    83.510    -0.003    -0.006     0.015
    83.520    -0.022     0.012    -0.001
    83.530    -0.020    -0.012     0.004
    83.540    -0.009    -0.020     0.000
    83.550    -0.017    -0.016     0.009
    83.560     0.003    -0.041    -0.015
    83.570     0.005    -0.021     0.002
    83.580     0.013    -0.034    -0.002
    83.590     0.026    -0.049     0.004
    83.600     0.019    -0.033     0.003
    83.610     0.021    -0.022     0.001
    83.620     0.025    -0.028    -0.001
    83.630     0.016    -0.006     0.019
    83.640     0.020    -0.007    -0.003
    83.650    -0.009    -0.013     0.036
    83.660     0.006     0.014    -0.040
    83.670    -0.012    -0.022    -0.009
    83.680    -0.085     0.025     0.192
    83.690     0.000     0.014     0.003
    83.700    -0.006    -0.077    -0.028
    83.710    -0.040    -0.001     0.070
    83.720    -0.008    -0.008     0.077
    83.730    -0.036    -0.016     0.003
    83.740    -0.003     0.014     0.002
    83.750     0.005    -0.042     0.061
    83.760     0.008     0.028    -0.069
    83.770     0.016     0.000    -0.003
    83.780    -0.016     0.040     0.004
    83.790     0.006     0.120    -0.034
    83.800    -0.012    -0.080    -0.029
    83.810    -0.030     0.101    -0.003
    83.820     0.018     0.137    -0.078
    83.830     0.003    -0.098    -0.060
    83.840    -0.009     0.076     0.034
    83.850    -0.005     0.018    -0.144
    83.860    -0.013    -0.044    -0.004
    83.870    -0.011     0.105     0.022
    83.880     0.006     0.000    -0.062
    83.890     0.021    -0.017     0.042
    83.900    -0.020     0.093    -0.022
    83.910     0.013     0.000    -0.027
    83.920     0.010    -0.007     0.022
    83.930    -0.023     0.038     0.043
    83.940     0.014    -0.033     0.033
    83.950    -0.018     0.030     0.018
    83.960    -0.020     0.032     0.005
    83.970    -0.007     0.000     0.029
    83.980    -0.025     0.039     0.020
    83.990    -0.009     0.018    -0.012
    84.000    -0.008     0.018    -0.015
    84.010    -0.010     0.019    -0.013
    84.020     0.001     0.022     0.026
    84.030     0.015     0.010     0.000
    84.040     0.008     0.010     0.026
    84.050     0.002     0.015     0.032
    84.060     0.019    -0.024     0.020
    84.070    -0.003    -0.004     0.048
    84.080    -0.005    -0.019     0.036
    84.090     0.012    -0.039     0.058
    84.100    -0.005    -0.008     0.049
    84.110    -0.002    -0.026     0.052
    84.120    -0.007     0.011     0.024
    84.130    -0.013     0.017     0.003
    84.140     0.000    -0.006     0.011
    84.150    -0.002     0.030    -0.005
    84.160    -0.001     0.025    -0.002
    84.170     0.000     0.013    -0.023
    84.180    -0.005     0.026     0.011
    84.190     0.019     0.019    -0.030
    84.200     0.001    -0.011     0.005
    84.210    -0.016     0.013     0.082
    84.220     0.040    -0.022     0.000
    84.230     0.015    -0.048    -0.004
    84.240    -0.004    -0.013     0.028
    84.250     0.009    -0.066     0.060
    84.260    -0.023    -0.038    -0.025
    84.270     0.002     0.009     0.025
    84.280     0.025    -0.049     0.031
    84.290    -0.018    -0.049    -0.079
    84.300     0.005     0.018     0.039
    84.310     0.008    -0.049    -0.038
    84.320    -0.025     0.002     0.003
    84.330     0.064     0.085     0.026
    84.340     0.007    -0.111    -0.048
    84.350    -0.063    -0.016     0.082
    84.360     0.032     0.092     0.008
    84.370    -0.015    -0.118    -0.011
    84.380    -0.046     0.013     0.092
    84.390     0.034     0.071    -0.051
    84.400    -0.022    -0.097    -0.047
    84.410    -0.037     0.009     0.103
    84.420     0.020     0.039    -0.119
    84.430    -0.007    -0.042    -0.095
    84.440    -0.017    -0.027     0.067
    84.450    -0.010     0.023    -0.116
    84.460     0.010    -0.012    -0.134
    84.470    -0.022    -0.026    -0.017
    84.480    -0.015     0.008    -0.042
    84.490     0.011    -0.050    -0.101
    84.500    -0.033    -0.029    -0.009
    84.510    -0.009    -0.038    -0.037
    84.520    -0.020    -0.055    -0.072
    84.530    -0.020    -0.018     0.020
    84.540    -0.001    -0.039    -0.037
    84.550    -0.014    -0.023    -0.042
    84.560     0.001    -0.003    -0.004
    84.570    -0.007     0.003    -0.027
    84.580     0.004     0.009    -0.047
    84.590    -0.006     0.022    -0.014
    84.600     0.007     0.038    -0.031
    84.610     0.017     0.031    -0.022
    84.620    -0.007     0.037     0.034
    84.630     0.017     0.033    -0.008
    84.640     0.007     0.023     0.004
    84.650     0.008     0.037     0.033
    84.660     0.010     0.021     0.017
    84.670     0.010     0.024     0.017
    84.680     0.006    -0.006     0.032
    84.690     0.009     0.001    -0.033
    84.700    -0.013     0.041     0.003
    84.710    -0.039    -0.044     0.065
    84.720     0.018     0.053    -0.019
    84.730     0.013     0.010    -0.100
    84.740    -0.027    -0.050     0.012
    84.750    -0.021     0.055     0.024
    84.760    -0.013    -0.027    -0.151
    84.770    -0.022     0.014     0.044
    84.780     0.005    -0.022    -0.001
    84.790    -0.005    -0.023    -0.101
    84.800    -0.002     0.014     0.026
    84.810     0.025    -0.064    -0.056
    84.820    -0.012     0.016     0.001
    84.830     0.029    -0.034    -0.026
    84.840     0.024    -0.044     0.009
    84.850     0.003    -0.002     0.017
    84.860    -0.001    -0.015    -0.012
    84.870     0.001     0.081     0.052
    84.880     0.043    -0.077    -0.039
    84.890    -0.030    -0.015     0.116
    84.900     0.017     0.030     0.027
    84.910     0.003    -0.022     0.001
    84.920    -0.032     0.119     0.106
    84.930     0.042    -0.108    -0.055
    84.940    -0.025     0.051     0.099
    84.950     0.029     0.114     0.001
    84.960    -0.010    -0.023    -0.004
    84.970    -0.030     0.105     0.066
    84.980     0.033    -0.014    -0.050
    84.990    -0.055     0.046     0.072
    85.000     0.012     0.064    -0.007
    85.010     0.001    -0.016    -0.014
    85.020    -0.035     0.030     0.038
    85.030     0.010     0.005     0.006
    85.040    -0.015    -0.019     0.013
    85.050     0.007     0.010     0.003
    85.060     0.002     0.002     0.017
    85.070     0.004     0.002    -0.022
    85.080     0.011    -0.005    -0.013
    85.090     0.006    -0.025     0.003
    85.100     0.001    -0.007    -0.013
    85.110    -0.002    -0.033    -0.014
    85.120    -0.004    -0.042    -0.003
    85.130    -0.024    -0.040     0.001
    85.140    -0.003    -0.045    -0.009
    85.150    -0.015    -0.037     0.016
    85.160     0.000    -0.036     0.005
    85.170     0.002    -0.054     0.013
    85.180    -0.006    -0.033     0.017
    85.190     0.008    -0.029     0.022
    85.200    -0.003    -0.037     0.044
    85.210     0.007    -0.007     0.018
    85.220    -0.007    -0.022     0.037
    85.230     0.005     0.024     0.002
    85.240    -0.038    -0.001     0.009
    85.250    -0.003    -0.057     0.054
    85.260    -0.014     0.033     0.013
    85.270    -0.035     0.028    -0.040
    85.280     0.046    -0.020    -0.001
    85.290    -0.061    -0.036     0.012
    85.300    -0.004     0.005    -0.083
    85.310     0.027     0.013    -0.026
    85.320    -0.028    -0.058     0.008
    85.330     0.030     0.008    -0.058
    85.340    -0.006    -0.001    -0.084
    85.350     0.015    -0.037    -0.054
    85.360     0.021     0.016    -0.020
    85.370     0.019    -0.021    -0.058
    85.380     0.015    -0.004    -0.035
    85.390    -0.007     0.035     0.004
    85.400     0.000    -0.074    -0.062
    85.410    -0.021    -0.007     0.015
    85.420     0.021     0.091    -0.002
    85.430    -0.003    -0.028    -0.091
    85.440    -0.052    -0.015     0.101
    85.450    -0.001     0.030    -0.005
    85.460    -0.025     0.052    -0.042
    85.470    -0.034    -0.008     0.068
    85.480     0.003    -0.014     0.008
    85.490     0.002     0.076     0.018
    85.500    -0.024    -0.007    -0.011
    85.510    -0.031     0.043     0.088
    85.520     0.031     0.025    -0.039
    85.530    -0.020    -0.050    -0.024
    85.540    -0.007     0.046     0.119
    85.550     0.041    -0.026    -0.102
    85.560    -0.045    -0.003     0.002
    85.570     0.003     0.017     0.013
    85.580     0.016     0.004    -0.074
    85.590     0.008     0.034    -0.015
    85.600     0.006    -0.105    -0.062
    85.610    -0.040     0.114    -0.037
    85.620     0.026     0.033    -0.111
    85.630    -0.004    -0.137    -0.009
    85.640    -0.038     0.145    -0.037
    85.650    -0.010    -0.031    -0.096
    85.660    -0.010    -0.006     0.060
    85.670    -0.026     0.088    -0.051
    85.680    -0.013    -0.070     0.013
    85.690    -0.002     0.068     0.040
    85.700    -0.026     0.017    -0.002
    85.710     0.026    -0.038     0.042
    85.720    -0.020     0.046     0.042
    85.730     0.002    -0.025     0.078
    85.740     0.022    -0.005     0.044
    85.750    -0.026     0.009     0.072
    85.760     0.030    -0.026     0.031
    85.770    -0.026    -0.011     0.053
    85.780     0.027    -0.009     0.013
    85.790    -0.012     0.005    -0.020
    85.800    -0.009    -0.036     0.101
    85.810     0.025    -0.017     0.039
    85.820    -0.058     0.040     0.018
    85.830     0.092     0.011    -0.003
    85.840    -0.031    -0.042     0.045
    85.850    -0.048     0.023     0.052
    85.860     0.050     0.057    -0.076
    85.870    -0.008    -0.034     0.028
    85.880     0.022     0.013     0.068
    85.890    -0.022     0.027    -0.066
    85.900     0.029     0.026    -0.043
    85.910     0.005     0.039     0.041
    85.920     0.008     0.012    -0.009
    85.930     0.004     0.015    -0.025
    85.940    -0.006     0.013     0.015
    85.950     0.026     0.037     0.003
    85.960     0.002    -0.129    -0.035
    85.970     0.040    -0.084     0.008
    85.980    -0.099     0.142     0.069
    85.990     0.003     0.005     0.002
    86.000     0.095    -0.103    -0.075
    86.010    -0.109    -0.012     0.033
    86.020    -0.041     0.079     0.103
    86.030     0.033     0.006    -0.130
    86.040    -0.028    -0.014    -0.038
    86.050    -0.034     0.049     0.093
    86.060    -0.009    -0.008    -0.102
    86.070    -0.001    -0.016    -0.009
    86.080     0.021    -0.011     0.029
    86.090    -0.011    -0.008    -0.030
    86.100    -0.035    -0.063    -0.023
    86.110     0.013    -0.015     0.001
    86.120    -0.009    -0.016    -0.009
    86.130    -0.007    -0.089    -0.031
    86.140    -0.016     0.029     0.040
    86.150    -0.032    -0.008    -0.032
    86.160    -0.001    -0.051     0.003
    86.170    -0.007     0.014     0.046
    86.180    -0.004    -0.008    -0.036
    86.190     0.006    -0.032     0.001
    86.200    -0.009     0.025     0.041
    86.210     0.016    -0.011    -0.014
    86.220     0.027    -0.024    -0.004
    86.230    -0.008     0.002     0.029
    86.240     0.015    -0.061    -0.030
    86.250    -0.005     0.027    -0.019
    86.260    -0.013    -0.051    -0.014
    86.270     0.017    -0.032    -0.027
    86.280    -0.025     0.019    -0.043
    86.290    -0.004    -0.082    -0.021
    86.300    -0.005     0.009    -0.037
    86.310    -0.015    -0.007    -0.043
    86.320     0.002    -0.010    -0.067
    86.330     0.001    -0.068    -0.100
    86.340    -0.039    -0.019     0.102
    86.350    -0.102     0.052     0.099
    86.360     0.135     0.110    -0.179
    86.370     0.049    -0.093    -0.062
    86.380    -0.194    -0.132     0.304
    86.390     0.108     0.304    -0.117
    86.400     0.047    -0.207    -0.214
    86.410    -0.055    -0.070     0.401
    86.420     0.008     0.208    -0.090
    86.430    -0.033    -0.263    -0.260
    86.440     0.006     0.176     0.276
    86.450    -0.059     0.028    -0.086
    86.460     0.043    -0.177    -0.122
    86.470    -0.010     0.129     0.110
    86.480    -0.075     0.013    -0.103
    86.490     0.051     0.038    -0.005
    86.500     0.045    -0.031     0.060
    86.510    -0.052    -0.020    -0.076
    86.520     0.002     0.070    -0.104
    86.530     0.083     0.028     0.013
    86.540    -0.025     0.003    -0.026
    86.550    -0.013    -0.001    -0.036
    86.560    -0.007     0.085     0.025
    86.570     0.023     0.019    -0.118
    86.580    -0.053    -0.010     0.062
    86.590    -0.032     0.055     0.082
    86.600     0.059     0.032    -0.025
    86.610    -0.058    -0.009     0.048
    86.620    -0.009     0.074     0.067
    86.630     0.019     0.057     0.058
    86.640     0.004    -0.044     0.006
    86.650    -0.029     0.053     0.148
    86.660     0.025     0.032    -0.008
    86.670     0.026     0.014    -0.020
    86.680    -0.035     0.018     0.183
    86.690     0.043    -0.012    -0.028
    86.700    -0.007     0.020    -0.019
    86.710     0.004     0.009     0.094
    86.720     0.014     0.006     0.018
    86.730    -0.014     0.008     0.001
    86.740     0.007     0.020     0.032
    86.750    -0.006     0.014     0.028
    86.760     0.023     0.023     0.016
    86.770    -0.001    -0.025     0.017
    86.780    -0.028     0.040     0.070
    86.790     0.010     0.049     0.001
    86.800     0.006    -0.063     0.009
    86.810     0.012     0.047     0.109
    86.820     0.004    -0.053    -0.034
    86.830    -0.023    -0.064     0.051
    86.840     0.009    -0.007     0.042
    86.850     0.029    -0.092    -0.064
    86.860     0.002     0.005     0.037
    86.870    -0.113    -0.084     0.087
    86.880     0.026     0.030     0.113
    86.890     0.132     0.051    -0.196
    86.900    -0.152    -0.110     0.019
    86.910    -0.043     0.074     0.195
    86.920     0.101     0.052    -0.316
    86.930    -0.076    -0.039     0.017
    86.940    -0.022     0.053     0.180
    86.950     0.010     0.063    -0.256
    86.960    -0.058    -0.057    -0.078
    86.970     0.016     0.091     0.128
    86.980    -0.006     0.041    -0.193
    86.990    -0.041    -0.123    -0.096
    87.000     0.014     0.114     0.118
    87.010    -0.052     0.016    -0.189
    87.020     0.026    -0.074     0.023
    87.030     0.018     0.021     0.051
    87.040    -0.064    -0.032    -0.157
    87.050     0.015    -0.083     0.067
    87.060    -0.028     0.011     0.048
    87.070     0.065     0.030    -0.099
    87.080    -0.018    -0.099     0.004
    87.090    -0.079    -0.041     0.156
    87.100     0.110     0.028    -0.047
    87.110    -0.013    -0.105    -0.079
    87.120    -0.074    -0.088     0.225
    87.130     0.079     0.042     0.056
    87.140     0.010    -0.131    -0.162
    87.150    -0.038     0.031     0.213
    87.160     0.057    -0.006     0.007
    87.170    -0.037    -0.112    -0.137
    87.180     0.015     0.077     0.165
    87.190     0.026    -0.091    -0.116
    87.200    -0.037     0.063     0.010
    87.210     0.058    -0.028     0.011
    87.220    -0.028    -0.058    -0.074
    87.230     0.003     0.085     0.004
    87.240     0.032    -0.096    -0.083
    87.250    -0.038     0.044     0.034
    87.260     0.020     0.001    -0.094
    87.270     0.000    -0.052    -0.018
    87.280    -0.002     0.049    -0.005
    87.290     0.006    -0.012    -0.089
    87.300    -0.010    -0.018     0.016
    87.310    -0.001     0.017    -0.015
    87.320     0.004    -0.007    -0.034
    87.330    -0.009    -0.008     0.002
    87.340    -0.016     0.036     0.030
    87.350     0.006    -0.023    -0.033
    87.360    -0.010     0.022     0.030
    87.370    -0.013     0.060     0.000
    87.380    -0.003    -0.002    -0.007
    87.390    -0.006     0.035     0.027
    87.400     0.006     0.083     0.010
    87.410     0.039     0.010    -0.002
    87.420    -0.042     0.016    -0.003
    87.430     0.005     0.047     0.073
    87.440    -0.048    -0.088     0.013
    87.450    -0.023     0.214     0.148
    87.460     0.101     0.011    -0.105
    87.470    -0.145    -0.179     0.060
    87.480     0.084     0.228     0.210
    87.490     0.004    -0.121    -0.322
    87.500    -0.092     0.019     0.241
    87.510     0.154     0.074     0.080
    87.520    -0.128    -0.165    -0.193
    87.530     0.036     0.123     0.218
    87.540     0.062    -0.004    -0.152
    87.550    -0.071    -0.073    -0.031
    87.560     0.063     0.017     0.134
    87.570    -0.049     0.033    -0.039
    87.580     0.060    -0.027    -0.005
    87.590     0.070    -0.015     0.046
    87.600    -0.072     0.022    -0.033
    87.610     0.024    -0.012    -0.024
    87.620    -0.007     0.018    -0.008
    87.630    -0.051     0.015    -0.047
    87.640     0.031     0.045     0.067
    87.650    -0.029    -0.008    -0.076
    87.660    -0.045     0.062     0.012
    87.670     0.031    -0.006     0.003
    87.680    -0.020    -0.025    -0.109
    87.690    -0.039     0.047     0.078
    87.700     0.003    -0.067    -0.061
    87.710    -0.021     0.059    -0.028
    87.720     0.008    -0.036     0.015
    87.730    -0.031    -0.049    -0.052
    87.740    -0.049     0.021     0.034
    87.750     0.033    -0.127    -0.077
    87.760    -0.051     0.055     0.008
    87.770    -0.016     0.054     0.056
    87.780     0.021    -0.068    -0.070
    87.790    -0.021     0.082     0.010
    87.800     0.037     0.027    -0.026
    87.810     0.007    -0.030    -0.021
    87.820     0.000     0.068     0.028
    87.830    -0.001     0.024    -0.017
    87.840     0.006    -0.022    -0.008
    87.850     0.002     0.055     0.011
    87.860     0.002     0.005     0.038
    87.870    -0.018    -0.026     0.014
    87.880    -0.019     0.095    -0.009
    87.890     0.037    -0.060     0.011
    87.900    -0.022    -0.052     0.097
    87.910     0.005     0.003     0.008
    87.920    -0.009    -0.084     0.004
    87.930    -0.026     0.054     0.114
    87.940     0.021    -0.042    -0.036
    87.950     0.002    -0.063     0.047
    87.960     0.038    -0.023     0.016
    87.970    -0.019    -0.042    -0.002
    87.980     0.041     0.009     0.052
    87.990     0.034    -0.032    -0.053
    88.000    -0.040     0.039     0.079
    88.010     0.056    -0.016    -0.037
    88.020    -0.027    -0.006    -0.021
    88.030     0.001     0.041     0.033
    88.040     0.015    -0.031    -0.069
    88.050    -0.043     0.019     0.002
    88.060     0.030    -0.005    -0.073
    88.070    -0.027    -0.037    -0.033
    88.080    -0.024    -0.031     0.061
    88.090     0.026    -0.037    -0.051
    88.100    -0.023    -0.043    -0.115
    88.110    -0.010     0.013     0.064
    88.120     0.027    -0.040    -0.037
    88.130    -0.010    -0.068    -0.055
    88.140     0.003     0.017     0.106
    88.150    -0.008    -0.089    -0.049
    88.160     0.006     0.005     0.030
    88.170     0.024     0.020     0.073
    88.180    -0.028    -0.055     0.014
    88.190     0.007     0.022    -0.032
    88.200    -0.034     0.014     0.037
    88.210    -0.001     0.048     0.027
    88.220     0.002     0.006    -0.111
    88.230    -0.071     0.044     0.029
    88.240    -0.002     0.049    -0.052
    88.250    -0.022     0.032    -0.066
    88.260     0.003     0.067    -0.004
    88.270     0.029     0.014    -0.027
    88.280    -0.018     0.000    -0.012
    88.290     0.001     0.015    -0.039
    88.300     0.006    -0.011     0.006
    88.310     0.000    -0.078    -0.009
    88.320    -0.003     0.083     0.056
    88.330    -0.028    -0.067    -0.030
    88.340    -0.012     0.029     0.055
    88.350     0.023     0.182     0.031
    88.360    -0.032    -0.247    -0.045
    88.370    -0.035     0.162     0.193
    88.380     0.000     0.077    -0.167
    88.390    -0.006    -0.172     0.098
    88.400     0.000     0.214     0.143
    88.410    -0.046    -0.048    -0.184
    88.420     0.006     0.093     0.235
    88.430     0.026     0.123    -0.112
    88.440    -0.026    -0.076    -0.067
    88.450     0.033     0.089     0.097
    88.460    -0.014     0.002    -0.084
    88.470     0.004    -0.015     0.053
    88.480     0.015     0.026    -0.079
    88.490    -0.046    -0.045     0.034
    88.500     0.036    -0.064     0.007
    88.510    -0.029    -0.060    -0.124
    88.520    -0.026     0.016    -0.019
    88.530    -0.022     0.081     0.003
    88.540    -0.031    -0.043    -0.036
    88.550     0.080    -0.037    -0.055
    88.560    -0.056     0.023    -0.014
    88.570    -0.004    -0.009     0.056
    88.580     0.058    -0.018    -0.032
    88.590    -0.012    -0.067    -0.079
    88.600    -0.014     0.021     0.141
    88.610    -0.049    -0.021     0.059
    88.620     0.071    -0.091    -0.031
    88.630    -0.017     0.007     0.070
    88.640    -0.014    -0.056     0.081
    88.650     0.041    -0.014     0.047
    88.660    -0.037    -0.009     0.018
    88.670     0.033    -0.063     0.039
    88.680    -0.014     0.032    -0.029
    88.690    -0.031    -0.010     0.040
    88.700     0.017    -0.024    -0.004
    88.710     0.016     0.011    -0.030
    88.720    -0.013    -0.021     0.021
    88.730    -0.006    -0.009    -0.054
    88.740    -0.015     0.017    -0.012
    88.750    -0.001    -0.006    -0.025
    88.760     0.007    -0.006    -0.006
    88.770    -0.032     0.012    -0.067
    88.780     0.026     0.000    -0.018
    88.790    -0.011     0.012     0.002
    88.800    -0.005    -0.008    -0.040
    88.810     0.019     0.041     0.021
    88.820    -0.029     0.035    -0.066
    88.830     0.017     0.002     0.023
    88.840    -0.001    -0.013    -0.002
    88.850     0.012    -0.003    -0.015
    88.860     0.020     0.099     0.046
    88.870    -0.002    -0.059    -0.008
    88.880     0.050    -0.008     0.053
    88.890     0.003     0.046     0.010
    88.900     0.030    -0.093     0.035
    88.910     0.004    -0.003     0.012
    88.920    -0.054     0.004    -0.001
    88.930     0.042     0.003     0.070
    88.940    -0.024     0.019    -0.065
    88.950    -0.023     0.009    -0.001
    88.960     0.011     0.004     0.011
    88.970    -0.060     0.038    -0.082
    88.980     0.007     0.007    -0.032
    88.990    -0.012     0.015    -0.048
    89.000    -0.045     0.008    -0.040
    89.010     0.024    -0.011    -0.059
    89.020    -0.008     0.049    -0.040
    89.030     0.018    -0.019    -0.103
    89.040     0.019     0.019    -0.049
    89.050    -0.007    -0.005     0.025
    89.060     0.048    -0.024    -0.064
    89.070    -0.002    -0.023     0.053
    89.080     0.004    -0.044     0.039
    89.090    -0.011     0.039     0.022
    89.100    -0.038     0.032    -0.030
    89.110     0.025     0.000     0.053
    89.120    -0.029    -0.040     0.129
    89.130    -0.015     0.002    -0.070
    89.140     0.046     0.034     0.067
    89.150    -0.012    -0.073     0.013
    89.160    -0.008     0.007     0.083
    89.170     0.029     0.042     0.100
    89.180     0.010    -0.108    -0.107
    89.190     0.009     0.035     0.120
    89.200    -0.005     0.008     0.005
    89.210     0.019    -0.069     0.024
    89.220    -0.003     0.030     0.088
    89.230    -0.024    -0.055    -0.034
    89.240     0.019    -0.007     0.076
    89.250    -0.014    -0.003    -0.025
    89.260    -0.008    -0.022     0.059
    89.270     0.002     0.008     0.035
    89.280    -0.001     0.009    -0.026
    89.290    -0.006     0.028     0.042
    89.300    -0.016     0.020     0.007
    89.310     0.012     0.054     0.051
    89.320    -0.005     0.016    -0.044
    89.330    -0.019     0.062     0.021
    89.340     0.003     0.019    -0.001
    89.350    -0.011    -0.015    -0.032
    89.360    -0.029     0.050     0.004
    89.370    -0.013    -0.035    -0.069
    89.380    -0.021     0.056    -0.017
    89.390    -0.001     0.017    -0.078
    89.400    -0.008    -0.030    -0.017
    89.410    -0.027     0.061    -0.036
    89.420     0.008     0.002    -0.108
    89.430    -0.034     0.023    -0.005
    89.440    -0.021    -0.003    -0.036
    89.450    -0.005     0.060    -0.022
    89.460    -0.012     0.060    -0.029
    89.470     0.026    -0.014    -0.039
    89.480    -0.006     0.025    -0.029
    89.490     0.004    -0.006    -0.018
    89.500     0.015     0.008    -0.013
    89.510    -0.004    -0.036    -0.051
    89.520     0.006    -0.048     0.053
    89.530     0.000    -0.010     0.014
    89.540    -0.004    -0.028    -0.017
    89.550     0.019    -0.012     0.036
    89.560     0.019    -0.013     0.002
    89.570     0.006    -0.026     0.063
    89.580     0.022    -0.009     0.027
    89.590     0.002     0.008     0.006
    89.600     0.017    -0.006     0.045
    89.610     0.010     0.020     0.022
    89.620    -0.009     0.017     0.016
    89.630     0.009     0.007     0.036
    89.640    -0.028     0.017     0.023
    89.650    -0.011    -0.003    -0.045
    89.660     0.003     0.034    -0.019
    89.670    -0.014     0.011    -0.016
    89.680     0.007     0.009     0.002
    89.690    -0.008     0.018    -0.015
    89.700    -0.010     0.007    -0.039
    89.710     0.009     0.045     0.046
    89.720    -0.002    -0.023    -0.062
    89.730     0.011     0.027     0.037
    89.740     0.035    -0.006    -0.025
    89.750    -0.006    -0.015    -0.064
    89.760    -0.006     0.017     0.080
    89.770     0.023    -0.002    -0.145
    89.780    -0.033     0.044     0.077
    89.790    -0.011    -0.047     0.077
    89.800    -0.014     0.058    -0.061
    89.810    -0.036    -0.105     0.026
    89.820    -0.004    -0.036     0.016
    89.830     0.008     0.097     0.015
    89.840     0.021    -0.108     0.026
    89.850    -0.017     0.083     0.109
    89.860    -0.017    -0.054    -0.107
    89.870    -0.016    -0.062     0.085
    89.880     0.016     0.090     0.109
    89.890     0.021    -0.056    -0.050
    89.900    -0.013    -0.035     0.122
    89.910     0.006     0.074    -0.007
    89.920    -0.007     0.055    -0.002
    89.930     0.023    -0.018     0.065
    89.940    -0.001     0.036     0.048
    89.950    -0.021     0.006    -0.011
    89.960     0.004     0.006     0.036
    89.970    -0.022     0.012     0.078
    89.980     0.003    -0.026    -0.015
    89.990    -0.021    -0.005     0.047
