#Earthquake Information
#Origin Time(GMT+08): 2026/09/14-06:44:41
#EpicenterLongitude(E): 121.55
#EpicenterLatitude(N): 22.63
#Depth(km): 10.1
#Magnitude(Ml): 4.9

#Station Information
#StationCode: LONT
#StationName: Luye
#StationLongitude(E): 121.130
#StationLatitude(N): 22.906
#InstrumentKind: FBA
#StartTime(GMT+08): 2026/09/14-06:44:30.000
#RecordLength(sec): 90
#SampleRate(Hz): 100
#AmplitudeUnit:  gal. DCoffset(corr)
#AmplitudeMAX. U:    4.348~   -4.223
#AmplitudeMAX. N:    4.641~   -3.803
#AmplitudeMAX. E:    4.392~   -3.565
#DataSequence: Time U(+); N(+); E(+)
#Data: 4F10.3 
     0.000     0.004     0.005     0.003
     0.010     0.004     0.004     0.000
     0.020     0.001     0.002    -0.005
     0.030     0.002     0.001    -0.003
     0.040     0.006     0.001    -0.001
     0.050     0.005     0.002    -0.003
     0.060     0.001     0.001     0.000
     0.070     0.000     0.002     0.002
     0.080     0.000     0.004    -0.001
     0.090    -0.003     0.002     0.001
     0.100     0.001     0.002    -0.002
     0.110    -0.001     0.001    -0.001
     0.120     0.002     0.001     0.003
     0.130     0.001     0.002     0.000
     0.140    -0.004     0.000     0.006
     0.150     0.005     0.003     0.003
     0.160    -0.001     0.003    -0.002
     0.170    -0.001    -0.003     0.003
     0.180     0.004     0.002     0.002
     0.190     0.001     0.001     0.005
     0.200     0.004     0.003     0.006
     0.210     0.002     0.003     0.002
     0.220     0.005    -0.001     0.000
     0.230     0.002     0.007    -0.001
     0.240     0.005     0.003     0.003
     0.250     0.004     0.000    -0.001
     0.260    -0.003     0.002     0.001
     0.270     0.002     0.002     0.003
     0.280    -0.002     0.002    -0.002
     0.290     0.002     0.002    -0.001
     0.300     0.003     0.001    -0.003
     0.310     0.000    -0.002    -0.001
     0.320    -0.002     0.004     0.006
     0.330    -0.001     0.004     0.003
     0.340     0.002     0.003     0.000
     0.350     0.000     0.005    -0.003
     0.360     0.004     0.003    -0.002
     0.370     0.000     0.005     0.001
     0.380     0.000     0.001     0.000
     0.390     0.001     0.000     0.002
     0.400    -0.001     0.005     0.003
     0.410     0.004     0.000     0.001
     0.420     0.001     0.002    -0.001
     0.430     0.003     0.003    -0.003
     0.440     0.004    -0.001    -0.004
     0.450     0.001     0.003    -0.001
     0.460     0.000    -0.001     0.000
     0.470    -0.001    -0.001     0.004
     0.480     0.004     0.003     0.001
     0.490     0.001    -0.003    -0.001
     0.500     0.004     0.002     0.000
     0.510     0.004     0.002    -0.006
     0.520     0.001    -0.001     0.000
     0.530     0.003     0.003     0.004
     0.540     0.000     0.001     0.003
     0.550    -0.002     0.000     0.006
     0.560    -0.002     0.002     0.006
     0.570    -0.001     0.002     0.002
     0.580     0.002    -0.003     0.001
     0.590     0.003     0.004    -0.001
     0.600    -0.003     0.001    -0.004
     0.610    -0.003    -0.006     0.001
     0.620    -0.002     0.004     0.002
     0.630    -0.001    -0.006    -0.001
     0.640     0.004    -0.004    -0.003
     0.650     0.001     0.004    -0.006
     0.660     0.007    -0.004    -0.003
     0.670     0.004     0.002    -0.004
     0.680     0.003    -0.002    -0.003
     0.690     0.006    -0.003     0.003
     0.700     0.000     0.002     0.003
     0.710     0.000     0.000     0.002
     0.720     0.003     0.002     0.005
     0.730     0.004     0.003     0.002
     0.740     0.002     0.001    -0.004
     0.750     0.005     0.000    -0.002
     0.760    -0.001     0.002    -0.003
     0.770     0.001    -0.002     0.003
     0.780     0.003     0.007     0.007
     0.790    -0.006     0.003     0.003
     0.800     0.004    -0.003     0.005
     0.810    -0.002     0.006    -0.004
     0.820    -0.001    -0.007    -0.005
     0.830     0.005    -0.003    -0.001
     0.840     0.001     0.001    -0.004
     0.850     0.000    -0.002     0.004
     0.860     0.000     0.006     0.003
     0.870     0.000     0.002     0.001
     0.880     0.000     0.000     0.002
     0.890     0.003    -0.003     0.000
     0.900     0.003    -0.003     0.003
     0.910     0.005    -0.005     0.000
     0.920     0.004     0.001    -0.003
     0.930     0.004     0.002    -0.003
     0.940     0.001    -0.002     0.001
     0.950    -0.004     0.002     0.002
     0.960     0.005    -0.001     0.004
     0.970     0.000     0.008     0.006
     0.980     0.000     0.004     0.003
     0.990     0.007    -0.001     0.005
     1.000    -0.002     0.005     0.001
     1.010    -0.001    -0.003     0.002
     1.020     0.002     0.001     0.005
     1.030    -0.001     0.001    -0.002
     1.040    -0.003    -0.003     0.001
     1.050     0.000     0.004    -0.001
     1.060     0.003     0.004    -0.005
     1.070     0.002     0.001     0.000
     1.080     0.003     0.003    -0.006
     1.090     0.001    -0.005    -0.005
     1.100     0.000    -0.005     0.002
     1.110     0.000     0.001     0.001
     1.120     0.004     0.000     0.001
     1.130     0.003     0.006     0.001
     1.140     0.004     0.004     0.001
     1.150     0.006     0.000     0.003
     1.160    -0.001     0.003     0.009
     1.170     0.002    -0.004     0.011
     1.180     0.000     0.000     0.006
     1.190    -0.003     0.003     0.004
     1.200     0.001     0.000     0.003
     1.210     0.000     0.004     0.000
     1.220     0.002     0.000     0.000
     1.230     0.002    -0.003     0.004
     1.240    -0.001     0.003     0.001
     1.250    -0.004     0.000     0.003
     1.260     0.001    -0.002     0.003
     1.270     0.000     0.001    -0.004
     1.280    -0.003    -0.005    -0.004
     1.290     0.003    -0.002    -0.003
     1.300     0.002     0.000    -0.003
     1.310     0.003    -0.002     0.000
     1.320     0.003     0.006     0.000
     1.330     0.003     0.002    -0.001
     1.340     0.002     0.003     0.003
     1.350     0.002     0.005     0.001
     1.360     0.003     0.001     0.000
     1.370     0.002     0.001     0.004
     1.380     0.004    -0.001     0.002
     1.390    -0.001    -0.001     0.004
     1.400    -0.002     0.002     0.005
     1.410    -0.003     0.001     0.003
     1.420    -0.001    -0.001     0.003
     1.430    -0.002     0.003    -0.001
     1.440    -0.001    -0.003     0.002
     1.450     0.003    -0.003     0.003
     1.460    -0.003     0.004     0.000
     1.470    -0.001    -0.005     0.001
     1.480    -0.002     0.003    -0.003
     1.490     0.000     0.001    -0.002
     1.500     0.004     0.001     0.001
     1.510    -0.002     0.007    -0.002
     1.520     0.001    -0.003     0.000
     1.530     0.000     0.003     0.002
     1.540     0.001     0.004    -0.001
     1.550     0.003    -0.004     0.004
     1.560     0.002     0.000     0.001
     1.570     0.001     0.001    -0.002
     1.580     0.000    -0.002     0.003
     1.590    -0.001     0.005     0.003
     1.600    -0.004     0.003     0.006
     1.610     0.004     0.001     0.004
     1.620    -0.003     0.008     0.003
     1.630    -0.002     0.002     0.003
     1.640     0.003     0.001     0.001
     1.650    -0.003     0.001    -0.001
     1.660     0.003    -0.001    -0.005
     1.670    -0.003     0.002    -0.002
     1.680     0.000    -0.003     0.001
     1.690     0.002     0.000     0.001
     1.700     0.000     0.003    -0.001
     1.710     0.004     0.000    -0.001
     1.720     0.002     0.003    -0.004
     1.730     0.005     0.001    -0.004
     1.740     0.006    -0.002     0.004
     1.750     0.004     0.004     0.000
     1.760     0.000    -0.002    -0.002
     1.770    -0.002    -0.001     0.002
     1.780     0.003     0.003     0.003
     1.790     0.004    -0.003     0.007
     1.800     0.003     0.007     0.004
     1.810    -0.001     0.003     0.005
     1.820    -0.006     0.002     0.004
     1.830    -0.002     0.006    -0.001
     1.840    -0.001    -0.001     0.003
     1.850     0.001     0.001    -0.001
     1.860     0.006     0.002     0.000
     1.870     0.000     0.000     0.003
     1.880     0.001     0.001    -0.001
     1.890     0.000     0.006     0.002
     1.900    -0.001    -0.001     0.000
     1.910    -0.003     0.002    -0.004
     1.920    -0.003     0.004    -0.001
     1.930     0.006     0.000     0.001
     1.940     0.006     0.006     0.002
     1.950     0.009     0.000     0.000
     1.960     0.007     0.003    -0.002
     1.970    -0.003     0.003    -0.001
     1.980     0.001    -0.002     0.004
     1.990     0.000     0.002     0.005
     2.000    -0.003     0.000     0.006
     2.010     0.002     0.003     0.004
     2.020    -0.001     0.005    -0.001
     2.030    -0.002     0.002     0.000
     2.040     0.003    -0.001    -0.001
     2.050     0.001    -0.004    -0.002
     2.060     0.002    -0.002     0.002
     2.070     0.004     0.002    -0.001
     2.080     0.002     0.001    -0.002
     2.090     0.007     0.001    -0.001
     2.100     0.003     0.005    -0.002
     2.110     0.001    -0.002    -0.001
     2.120     0.006    -0.001    -0.001
     2.130     0.002     0.001     0.004
     2.140     0.003    -0.002     0.004
     2.150     0.001     0.005     0.000
     2.160    -0.001     0.001     0.002
     2.170     0.003     0.001     0.003
     2.180     0.000     0.005     0.003
     2.190     0.003     0.000     0.002
     2.200    -0.001     0.003     0.000
     2.210    -0.005     0.003     0.000
     2.220     0.003     0.001     0.007
     2.230     0.000     0.007     0.007
     2.240    -0.002     0.002     0.003
     2.250    -0.002     0.002     0.004
     2.260    -0.002     0.001     0.000
     2.270     0.004    -0.002     0.002
     2.280     0.002     0.007     0.000
     2.290     0.003     0.002    -0.004
     2.300     0.003    -0.001     0.001
     2.310     0.000     0.002    -0.003
     2.320     0.003    -0.003    -0.002
     2.330     0.002     0.001     0.001
     2.340     0.003     0.001     0.002
     2.350     0.001     0.000     0.003
     2.360     0.000     0.001     0.002
     2.370     0.000    -0.002     0.001
     2.380     0.002    -0.001    -0.001
     2.390     0.004     0.001     0.000
     2.400     0.001     0.003     0.002
     2.410     0.005     0.001     0.000
     2.420    -0.002     0.006     0.002
     2.430     0.005     0.004     0.002
     2.440     0.006     0.002     0.000
     2.450    -0.005     0.003     0.002
     2.460     0.005     0.000     0.003
     2.470    -0.003     0.002     0.001
     2.480     0.002     0.001     0.002
     2.490     0.005     0.003    -0.001
     2.500     0.002     0.001    -0.001
     2.510     0.003     0.000     0.000
     2.520    -0.001     0.003     0.000
     2.530     0.005    -0.001     0.002
     2.540    -0.001     0.000     0.003
     2.550     0.002     0.001    -0.002
     2.560     0.005     0.000    -0.001
     2.570     0.005     0.002     0.004
     2.580     0.004     0.000     0.003
     2.590     0.000    -0.001     0.004
     2.600    -0.001     0.005     0.002
     2.610    -0.003     0.000     0.005
     2.620     0.000     0.002     0.005
     2.630     0.000     0.004     0.001
     2.640     0.003    -0.003     0.000
     2.650    -0.001     0.001    -0.002
     2.660    -0.002    -0.001     0.002
     2.670     0.003     0.000    -0.002
     2.680     0.002     0.001    -0.005
     2.690     0.002     0.001    -0.002
     2.700     0.000     0.005    -0.004
     2.710     0.001     0.000     0.001
     2.720     0.000    -0.002     0.004
     2.730     0.003    -0.002    -0.001
     2.740    -0.002    -0.002    -0.002
     2.750     0.002     0.000     0.002
     2.760     0.004     0.001     0.000
     2.770     0.007    -0.002    -0.001
     2.780     0.007     0.000     0.001
     2.790    -0.001     0.003     0.002
     2.800     0.004    -0.002     0.004
     2.810    -0.002     0.001     0.004
     2.820     0.001    -0.003     0.004
     2.830     0.002     0.001    -0.001
     2.840     0.002     0.005     0.000
     2.850     0.002     0.001     0.004
     2.860     0.000     0.002     0.000
     2.870     0.003    -0.004     0.003
     2.880    -0.003    -0.001     0.002
     2.890     0.003    -0.001    -0.004
     2.900     0.000    -0.002     0.002
     2.910     0.004     0.003     0.000
     2.920     0.003    -0.003    -0.003
     2.930     0.000    -0.001    -0.001
     2.940     0.002     0.002    -0.002
     2.950    -0.005    -0.005     0.002
     2.960     0.003     0.000     0.000
     2.970     0.002     0.005    -0.003
     2.980     0.005    -0.001     0.000
     2.990     0.007     0.001    -0.001
     3.000     0.000     0.003     0.003
     3.010     0.000    -0.002     0.002
     3.020     0.004     0.001    -0.003
     3.030     0.003     0.003     0.004
     3.040     0.001     0.003     0.003
     3.050     0.004     0.001     0.000
     3.060     0.001    -0.003     0.003
     3.070     0.000     0.003    -0.001
     3.080    -0.002    -0.003     0.000
     3.090     0.004    -0.008     0.001
     3.100     0.000     0.004    -0.005
     3.110     0.001    -0.003     0.000
     3.120     0.004     0.001     0.000
     3.130    -0.005     0.006    -0.003
     3.140     0.004    -0.003     0.005
     3.150     0.000     0.002     0.004
     3.160     0.000     0.000     0.003
     3.170     0.000     0.001     0.000
     3.180     0.000    -0.001    -0.007
     3.190     0.005    -0.006    -0.002
     3.200     0.003     0.004    -0.003
     3.210     0.006    -0.004    -0.003
     3.220    -0.002     0.001     0.004
     3.230     0.000     0.010     0.002
     3.240     0.004    -0.001     0.006
     3.250     0.003     0.005     0.003
     3.260     0.002     0.003     0.000
     3.270    -0.002     0.000     0.003
     3.280     0.000     0.006    -0.004
     3.290    -0.004    -0.005     0.001
     3.300     0.000    -0.003     0.003
     3.310     0.001    -0.001    -0.003
     3.320    -0.004     0.000     0.003
     3.330     0.000     0.007     0.000
     3.340    -0.003     0.001    -0.001
     3.350    -0.002     0.000     0.003
     3.360     0.004     0.000    -0.003
     3.370    -0.001    -0.005     0.000
     3.380     0.003    -0.004     0.000
     3.390    -0.001     0.000    -0.003
     3.400     0.003     0.001     0.003
     3.410     0.007     0.006    -0.001
     3.420    -0.003    -0.001     0.002
     3.430     0.004    -0.007     0.003
     3.440    -0.001     0.000    -0.002
     3.450     0.000     0.001     0.007
     3.460     0.006     0.003     0.001
     3.470    -0.001    -0.002     0.001
     3.480     0.001    -0.005     0.006
     3.490    -0.002     0.000    -0.005
     3.500    -0.003    -0.004     0.003
     3.510     0.002     0.002    -0.001
     3.520    -0.001     0.000    -0.008
     3.530    -0.003    -0.002     0.003
     3.540    -0.001     0.004     0.002
     3.550    -0.001    -0.005     0.005
     3.560     0.004     0.000     0.000
     3.570     0.004     0.001    -0.005
     3.580     0.001     0.000     0.002
     3.590     0.002     0.003    -0.003
     3.600     0.000    -0.005     0.003
     3.610    -0.002     0.003     0.004
     3.620    -0.003     0.001    -0.001
     3.630     0.000    -0.008     0.008
     3.640     0.002     0.004    -0.003
     3.650     0.002     0.003    -0.004
     3.660     0.002     0.001     0.003
     3.670     0.004     0.000    -0.006
     3.680     0.002    -0.005     0.003
     3.690     0.001     0.000     0.004
     3.700    -0.003    -0.002     0.000
     3.710    -0.005    -0.004     0.003
     3.720     0.003     0.000    -0.007
     3.730    -0.002     0.001    -0.002
     3.740     0.003     0.003     0.001
     3.750     0.001     0.001     0.000
     3.760    -0.004    -0.002     0.006
     3.770     0.003     0.003    -0.002
     3.780    -0.002     0.002     0.001
     3.790     0.000    -0.005     0.003
     3.800    -0.001     0.001    -0.005
     3.810    -0.004     0.000     0.002
     3.820     0.000    -0.007     0.002
     3.830     0.000    -0.004    -0.002
     3.840     0.002    -0.001     0.000
     3.850     0.000     0.004    -0.004
     3.860     0.000     0.004    -0.001
     3.870     0.004     0.001     0.002
     3.880     0.005     0.002     0.003
     3.890     0.003    -0.002     0.006
     3.900     0.002    -0.001     0.001
     3.910    -0.002    -0.005     0.000
     3.920    -0.003    -0.001    -0.001
     3.930     0.000     0.003    -0.003
     3.940     0.001    -0.004     0.005
     3.950     0.000     0.005     0.002
     3.960    -0.002    -0.001     0.001
     3.970    -0.004    -0.006     0.003
     3.980    -0.003     0.001    -0.004
     3.990     0.002    -0.002     0.002
     4.000     0.003     0.001    -0.003
     4.010     0.001    -0.001    -0.004
     4.020     0.001    -0.001     0.006
     4.030     0.005     0.004    -0.001
     4.040     0.003     0.001     0.002
     4.050     0.005     0.001     0.001
     4.060     0.001     0.001    -0.006
     4.070    -0.001     0.000     0.003
     4.080     0.006    -0.001     0.003
     4.090     0.004    -0.001     0.000
     4.100     0.003     0.001     0.002
     4.110     0.000     0.001     0.004
     4.120     0.001    -0.001     0.004
     4.130    -0.002     0.001     0.000
     4.140    -0.001     0.001    -0.002
     4.150     0.001    -0.003    -0.003
     4.160    -0.002     0.001    -0.002
     4.170     0.002    -0.002     0.003
     4.180     0.002    -0.003     0.002
     4.190    -0.001     0.002     0.000
     4.200     0.000    -0.002     0.002
     4.210     0.001     0.001    -0.002
     4.220     0.001     0.000     0.000
     4.230     0.006    -0.004     0.003
     4.240     0.004     0.001     0.001
     4.250     0.004    -0.004     0.003
     4.260     0.004    -0.001     0.000
     4.270    -0.001    -0.004     0.001
     4.280     0.002    -0.002     0.000
     4.290     0.000     0.005    -0.004
     4.300     0.001    -0.005     0.006
     4.310     0.001     0.002     0.004
     4.320     0.000     0.002     0.003
     4.330    -0.002     0.001     0.004
     4.340    -0.002     0.009    -0.004
     4.350     0.001    -0.001    -0.001
     4.360    -0.002    -0.001    -0.001
     4.370     0.001    -0.003     0.000
     4.380     0.004    -0.005     0.002
     4.390     0.002     0.002    -0.002
     4.400     0.004    -0.001    -0.003
     4.410     0.003     0.005    -0.004
     4.420    -0.002    -0.001     0.001
     4.430    -0.003    -0.007     0.004
     4.440     0.000     0.005     0.003
     4.450    -0.001     0.000     0.006
     4.460     0.003     0.004     0.004
     4.470     0.004     0.006    -0.005
     4.480     0.002    -0.004    -0.003
     4.490     0.000    -0.004    -0.003
     4.500    -0.004    -0.004    -0.002
     4.510    -0.002     0.002     0.006
     4.520    -0.001     0.002     0.000
     4.530    -0.003     0.001     0.000
     4.540    -0.006     0.010     0.001
     4.550    -0.005    -0.002     0.002
     4.560     0.005    -0.003     0.000
     4.570     0.006     0.001    -0.005
     4.580     0.003    -0.006     0.004
     4.590    -0.001     0.001     0.000
     4.600    -0.004    -0.007     0.003
     4.610     0.002     0.000     0.001
     4.620     0.004     0.011    -0.004
     4.630     0.002     0.002     0.006
     4.640    -0.001     0.005     0.000
     4.650    -0.002    -0.002     0.005
     4.660     0.003     0.000     0.006
     4.670    -0.001     0.005    -0.006
     4.680    -0.001    -0.003    -0.004
     4.690     0.004     0.003    -0.003
     4.700    -0.001     0.001    -0.001
     4.710    -0.001    -0.006     0.011
     4.720    -0.002     0.000     0.001
     4.730    -0.005     0.006    -0.007
     4.740     0.000     0.006     0.002
     4.750    -0.002     0.002    -0.004
     4.760     0.000     0.000     0.002
     4.770     0.006    -0.002     0.008
     4.780     0.003    -0.001     0.002
     4.790     0.005     0.001     0.000
     4.800     0.002    -0.001    -0.003
     4.810     0.000     0.001    -0.001
     4.820     0.002     0.004    -0.002
     4.830    -0.001     0.000     0.001
     4.840    -0.002     0.001     0.004
     4.850    -0.008     0.004     0.005
     4.860    -0.004    -0.003     0.005
     4.870     0.007    -0.001    -0.004
     4.880     0.003     0.000    -0.004
     4.890     0.003    -0.004     0.002
     4.900     0.000    -0.002    -0.002
     4.910    -0.002     0.001     0.002
     4.920     0.004     0.008     0.004
     4.930    -0.002     0.002     0.000
     4.940    -0.002     0.003     0.005
     4.950     0.001     0.003     0.003
     4.960    -0.002    -0.006    -0.001
     4.970    -0.001     0.001     0.001
     4.980     0.001     0.000    -0.001
     4.990     0.004     0.001     0.003
     5.000     0.007     0.005    -0.001
     5.010     0.000     0.000    -0.003
     5.020     0.000     0.003     0.004
     5.030     0.001     0.001     0.001
     5.040    -0.002     0.002     0.004
     5.050     0.000     0.005     0.001
     5.060    -0.002     0.000     0.000
     5.070     0.004     0.003     0.003
     5.080    -0.002     0.001    -0.005
     5.090     0.000    -0.004    -0.001
     5.100     0.006    -0.003    -0.005
     5.110    -0.005     0.000    -0.002
     5.120     0.003     0.004     0.003
     5.130    -0.002     0.005    -0.004
     5.140     0.000     0.001     0.006
     5.150     0.005     0.005     0.002
     5.160    -0.004     0.002    -0.001
     5.170     0.006    -0.005     0.005
     5.180     0.005     0.000    -0.003
     5.190    -0.003     0.001    -0.002
     5.200     0.002     0.005     0.001
     5.210    -0.001     0.003     0.000
     5.220    -0.001    -0.004     0.005
     5.230     0.001     0.000     0.004
     5.240    -0.002    -0.003     0.002
     5.250     0.004     0.004     0.005
     5.260     0.003     0.005    -0.002
     5.270    -0.001     0.002    -0.004
     5.280     0.001     0.003    -0.001
     5.290    -0.002    -0.004    -0.002
     5.300     0.001     0.002     0.000
     5.310    -0.004     0.001    -0.004
     5.320    -0.003    -0.003     0.002
     5.330     0.002     0.006     0.001
     5.340    -0.003     0.001    -0.004
     5.350     0.007     0.000     0.008
     5.360     0.002     0.005    -0.001
     5.370    -0.002    -0.001     0.001
     5.380     0.007     0.000     0.006
     5.390    -0.001     0.001    -0.003
     5.400     0.004     0.003     0.008
     5.410     0.004     0.005     0.002
     5.420    -0.007     0.002    -0.002
     5.430     0.002     0.001     0.006
     5.440     0.001    -0.004    -0.003
     5.450    -0.002     0.002     0.000
     5.460     0.007     0.003    -0.002
     5.470     0.003    -0.003    -0.003
     5.480     0.000     0.005     0.005
     5.490     0.003     0.004    -0.003
     5.500     0.000     0.000    -0.001
     5.510     0.000     0.003     0.003
     5.520    -0.003    -0.004     0.001
     5.530    -0.002     0.001     0.000
     5.540     0.004     0.006    -0.005
     5.550     0.003    -0.007    -0.001
     5.560     0.001     0.000     0.000
     5.570    -0.003     0.002    -0.003
     5.580     0.007    -0.004     0.003
     5.590     0.004     0.003     0.002
     5.600    -0.005     0.001     0.005
     5.610     0.007     0.002     0.003
     5.620    -0.003     0.006    -0.005
     5.630     0.000     0.002     0.006
     5.640     0.008    -0.001    -0.001
     5.650    -0.004     0.001    -0.005
     5.660     0.007     0.001     0.006
     5.670     0.004    -0.003    -0.006
     5.680    -0.003    -0.002    -0.001
     5.690     0.005     0.000     0.003
     5.700    -0.002     0.001    -0.001
     5.710     0.003     0.000     0.011
     5.720     0.003     0.000    -0.003
     5.730    -0.003     0.000    -0.003
     5.740     0.004     0.001     0.004
     5.750     0.002     0.000    -0.007
     5.760     0.004    -0.002    -0.001
     5.770    -0.001    -0.001    -0.004
     5.780    -0.002     0.001     0.000
     5.790     0.003     0.003     0.005
     5.800     0.002     0.001     0.000
     5.810     0.002     0.007     0.002
     5.820     0.002     0.005     0.001
     5.830     0.002    -0.002     0.001
     5.840    -0.004     0.004     0.001
     5.850     0.001    -0.001    -0.002
     5.860     0.004    -0.002     0.002
     5.870    -0.001     0.004    -0.003
     5.880     0.002     0.001     0.000
     5.890     0.006     0.005     0.005
     5.900     0.001     0.004    -0.004
     5.910     0.004    -0.003     0.001
     5.920     0.006     0.001    -0.007
     5.930    -0.005     0.001    -0.003
     5.940     0.005    -0.005     0.006
     5.950    -0.002     0.001    -0.007
     5.960    -0.002     0.003     0.005
     5.970     0.007     0.000    -0.001
     5.980     0.000     0.005    -0.008
     5.990     0.005     0.005     0.004
     6.000     0.001    -0.002    -0.004
     6.010    -0.001    -0.003     0.003
     6.020     0.000     0.005     0.004
     6.030     0.000     0.002    -0.003
     6.040     0.002     0.005     0.003
     6.050     0.001     0.006     0.001
     6.060     0.001    -0.002     0.003
     6.070    -0.002     0.006    -0.003
     6.080     0.004    -0.002    -0.003
     6.090     0.006    -0.001     0.002
     6.100     0.001     0.012    -0.004
     6.110     0.004    -0.005     0.005
     6.120     0.003     0.002     0.002
     6.130     0.000     0.008    -0.004
     6.140     0.005    -0.006     0.004
     6.150     0.004     0.005    -0.003
     6.160     0.002    -0.002     0.000
     6.170     0.003     0.001     0.002
     6.180    -0.002     0.009    -0.004
     6.190     0.004    -0.005     0.004
     6.200     0.002     0.003     0.000
     6.210    -0.005     0.000    -0.001
     6.220     0.005    -0.001     0.006
     6.230     0.004     0.002    -0.004
     6.240     0.005    -0.002     0.001
     6.250     0.002     0.007     0.000
     6.260     0.000    -0.006    -0.003
     6.270     0.005    -0.002     0.003
     6.280    -0.004     0.004    -0.003
     6.290     0.004    -0.004    -0.002
     6.300    -0.002     0.010     0.002
     6.310    -0.002    -0.005     0.003
     6.320     0.003     0.002    -0.004
     6.330    -0.004     0.016    -0.003
     6.340     0.014    -0.013     0.003
     6.350    -0.001     0.000    -0.004
     6.360    -0.007     0.003     0.003
     6.370     0.007    -0.007     0.000
     6.380    -0.001     0.006    -0.001
     6.390     0.004    -0.005     0.009
     6.400     0.004     0.005    -0.004
     6.410     0.003     0.005    -0.003
     6.420     0.002    -0.005     0.005
     6.430    -0.005     0.007    -0.007
     6.440     0.000     0.002     0.000
     6.450     0.009     0.000     0.009
     6.460     0.003    -0.003    -0.004
     6.470    -0.001     0.002     0.001
     6.480    -0.003     0.001     0.000
     6.490    -0.003    -0.006    -0.007
     6.500     0.003     0.008     0.002
     6.510     0.000    -0.001    -0.002
     6.520     0.003    -0.002    -0.001
     6.530     0.000     0.001    -0.003
     6.540    -0.004    -0.002    -0.003
     6.550     0.003     0.006     0.001
     6.560     0.002    -0.004    -0.006
     6.570     0.004     0.002     0.003
     6.580     0.005     0.004     0.000
     6.590     0.002    -0.004    -0.005
     6.600     0.000     0.002     0.003
     6.610    -0.004    -0.001    -0.004
     6.620     0.004     0.003     0.001
     6.630     0.004     0.004    -0.004
     6.640     0.000    -0.003     0.000
     6.650     0.002     0.004     0.004
     6.660    -0.001     0.006    -0.009
     6.670     0.002    -0.001     0.005
     6.680     0.003     0.000     0.001
     6.690     0.001    -0.001    -0.006
     6.700     0.002     0.007     0.006
     6.710     0.002     0.003    -0.005
     6.720     0.001    -0.001     0.001
     6.730    -0.004     0.005     0.000
     6.740    -0.001    -0.005    -0.004
     6.750    -0.001    -0.002     0.005
     6.760    -0.002     0.002    -0.008
     6.770     0.004    -0.001     0.004
     6.780     0.003     0.002     0.000
     6.790     0.003     0.005    -0.007
     6.800     0.005     0.001     0.007
     6.810     0.002    -0.003    -0.009
     6.820     0.002     0.002     0.004
     6.830    -0.001     0.003    -0.002
     6.840    -0.008     0.002    -0.007
     6.850    -0.002    -0.004     0.013
     6.860     0.001     0.007    -0.014
     6.870     0.006     0.008     0.007
     6.880     0.007    -0.013     0.002
     6.890    -0.009     0.004    -0.018
     6.900     0.000     0.007     0.008
     6.910     0.006    -0.001    -0.007
     6.920    -0.003    -0.005     0.004
     6.930    -0.005     0.000     0.005
     6.940     0.000     0.007    -0.007
     6.950     0.002    -0.006     0.010
     6.960    -0.006     0.004    -0.004
     6.970     0.004     0.007    -0.004
     6.980     0.014     0.004     0.003
     6.990     0.001    -0.008    -0.003
     7.000    -0.012     0.001    -0.002
     7.010    -0.001     0.019    -0.003
     7.020     0.015    -0.010     0.005
     7.030    -0.001    -0.004     0.001
     7.040    -0.009     0.012    -0.005
     7.050     0.004     0.001     0.003
     7.060     0.002     0.001    -0.007
     7.070     0.005     0.001     0.000
     7.080     0.002     0.004    -0.002
     7.090     0.000    -0.005     0.000
     7.100    -0.001    -0.003     0.003
     7.110    -0.006     0.017    -0.010
     7.120     0.009    -0.006     0.009
     7.130     0.007    -0.009    -0.002
     7.140    -0.001     0.011    -0.002
     7.150    -0.003    -0.005     0.006
     7.160    -0.007     0.009    -0.007
     7.170     0.003     0.002     0.006
     7.180     0.005    -0.007    -0.004
     7.190    -0.004     0.009     0.001
     7.200     0.001    -0.008     0.007
     7.210     0.004     0.006    -0.005
     7.220    -0.001     0.005     0.000
     7.230     0.005    -0.004    -0.004
     7.240    -0.001     0.007     0.005
     7.250    -0.005    -0.001     0.001
     7.260    -0.001     0.004    -0.003
     7.270     0.001    -0.002     0.000
     7.280     0.007     0.000    -0.007
     7.290     0.001     0.000     0.006
     7.300     0.000    -0.001    -0.006
     7.310     0.005     0.011    -0.002
     7.320     0.004    -0.006     0.007
     7.330     0.000     0.004    -0.012
     7.340     0.004     0.003     0.007
     7.350     0.005    -0.009     0.004
     7.360    -0.003     0.004     0.000
     7.370    -0.003     0.000     0.006
     7.380     0.006     0.011    -0.008
     7.390    -0.001    -0.001     0.007
     7.400    -0.008    -0.009    -0.002
     7.410    -0.003     0.013    -0.005
     7.420     0.002    -0.001     0.011
     7.430     0.006    -0.002    -0.006
     7.440     0.000     0.007    -0.002
     7.450     0.007     0.001    -0.005
     7.460     0.004    -0.001    -0.002
     7.470    -0.011    -0.003     0.003
     7.480     0.005     0.004    -0.008
     7.490     0.008    -0.005     0.001
     7.500     0.004    -0.008    -0.001
     7.510     0.003     0.004     0.003
     7.520    -0.001     0.004    -0.001
     7.530     0.008     0.006    -0.007
     7.540    -0.004     0.001     0.005
     7.550     0.000     0.005    -0.002
     7.560     0.006    -0.007     0.011
     7.570    -0.015    -0.013     0.002
     7.580     0.005     0.011    -0.002
     7.590     0.009    -0.002     0.005
     7.600    -0.003     0.004    -0.007
     7.610     0.004     0.012     0.006
     7.620     0.006    -0.006     0.000
     7.630     0.005    -0.002    -0.002
     7.640    -0.015     0.000     0.001
     7.650     0.002     0.004    -0.004
     7.660     0.010    -0.003     0.002
     7.670    -0.004    -0.004     0.002
     7.680     0.007     0.006     0.001
     7.690     0.000     0.006    -0.009
     7.700     0.010    -0.002     0.002
     7.710    -0.001    -0.005    -0.002
     7.720    -0.012     0.012    -0.005
     7.730     0.011     0.000     0.011
     7.740    -0.006     0.000    -0.011
     7.750     0.000     0.012     0.007
     7.760     0.005    -0.006     0.003
     7.770    -0.007    -0.001    -0.007
     7.780     0.004     0.002     0.014
     7.790    -0.005     0.005    -0.014
     7.800     0.010     0.001     0.003
     7.810     0.005    -0.009    -0.005
     7.820    -0.012     0.003    -0.003
     7.830     0.009    -0.007     0.018
     7.840    -0.009    -0.003    -0.015
     7.850     0.000     0.013     0.003
     7.860     0.016     0.004     0.001
     7.870     0.000    -0.002    -0.004
     7.880     0.002    -0.004     0.008
     7.890    -0.008     0.002    -0.005
     7.900     0.003     0.000     0.009
     7.910     0.008    -0.001    -0.004
     7.920    -0.005     0.007    -0.011
     7.930     0.008     0.001     0.001
     7.940     0.002    -0.003     0.007
     7.950    -0.005    -0.008     0.014
     7.960    -0.011     0.015    -0.014
     7.970     0.004     0.016    -0.001
     7.980     0.006    -0.022     0.007
     7.990    -0.013     0.001    -0.003
     8.000     0.007     0.009     0.011
     8.010     0.009     0.006    -0.012
     8.020     0.001    -0.002     0.003
     8.030    -0.006    -0.001     0.001
     8.040    -0.002     0.017    -0.005
     8.050     0.010    -0.013     0.010
     8.060     0.007    -0.002    -0.013
     8.070    -0.009    -0.001     0.001
     8.080    -0.003     0.008    -0.003
     8.090     0.018     0.008     0.008
     8.100    -0.004    -0.018     0.008
     8.110    -0.004     0.019    -0.017
     8.120    -0.002    -0.004     0.009
     8.130    -0.001    -0.003    -0.006
     8.140     0.001     0.009     0.001
     8.150    -0.001    -0.008     0.013
     8.160     0.012     0.019    -0.013
     8.170    -0.009    -0.009     0.009
     8.180     0.001    -0.003    -0.003
     8.190    -0.004     0.020    -0.006
     8.200    -0.005     0.001     0.008
     8.210     0.016     0.000    -0.003
     8.220    -0.012    -0.015     0.008
     8.230    -0.001     0.012    -0.007
     8.240     0.005     0.007     0.001
     8.250    -0.008    -0.011    -0.004
     8.260     0.006     0.021    -0.005
     8.270    -0.004    -0.011     0.008
     8.280     0.003     0.004    -0.015
     8.290     0.009    -0.002     0.013
     8.300    -0.016    -0.005    -0.009
     8.310     0.015     0.030    -0.003
     8.320     0.004    -0.030     0.020
     8.330    -0.011     0.001    -0.012
     8.340    -0.003     0.010     0.010
     8.350    -0.003    -0.003    -0.007
     8.360     0.016     0.008    -0.007
     8.370    -0.012    -0.015     0.008
     8.380     0.015     0.011    -0.005
     8.390    -0.003    -0.011     0.005
     8.400    -0.006     0.003    -0.003
     8.410     0.020     0.003     0.001
     8.420    -0.030    -0.017    -0.002
     8.430     0.013     0.025    -0.003
     8.440     0.002    -0.011     0.009
     8.450    -0.008    -0.006    -0.010
     8.460     0.016     0.012     0.005
     8.470    -0.011    -0.014     0.007
     8.480     0.017     0.016    -0.013
     8.490    -0.001    -0.009     0.006
     8.500    -0.008    -0.006    -0.007
     8.510     0.009     0.018     0.001
     8.520    -0.009    -0.018     0.009
     8.530     0.008     0.008    -0.011
     8.540    -0.002     0.004     0.009
     8.550     0.002    -0.005    -0.006
     8.560     0.003     0.004    -0.003
     8.570    -0.020    -0.012     0.009
     8.580     0.013     0.022    -0.007
     8.590     0.003    -0.010     0.005
     8.600    -0.004    -0.012    -0.004
     8.610     0.004     0.015     0.008
     8.620     0.002    -0.011     0.007
     8.630     0.022     0.015    -0.013
     8.640    -0.008    -0.007     0.005
     8.650     0.002    -0.005    -0.007
     8.660     0.003     0.004     0.002
     8.670    -0.019    -0.029     0.010
     8.680     0.004     0.020    -0.004
     8.690     0.004     0.011     0.010
     8.700     0.018    -0.006    -0.008
     8.710     0.001     0.009    -0.005
     8.720    -0.006    -0.021     0.002
     8.730     0.001     0.011    -0.015
     8.740    -0.010    -0.007     0.011
     8.750     0.001    -0.007    -0.002
     8.760     0.004     0.026     0.002
     8.770     0.009    -0.031     0.006
     8.780    -0.014     0.011    -0.015
     8.790     0.000     0.018     0.015
     8.800     0.016    -0.021    -0.009
     8.810    -0.013     0.016     0.000
     8.820     0.015    -0.010     0.016
     8.830     0.001    -0.008    -0.021
     8.840    -0.015     0.006     0.006
     8.850     0.011     0.004     0.002
     8.860     0.004     0.015     0.000
     8.870     0.014    -0.020     0.005
     8.880    -0.004     0.003    -0.015
     8.890    -0.009     0.001     0.010
     8.900     0.015    -0.005    -0.008
     8.910    -0.007     0.004    -0.008
     8.920    -0.010    -0.009     0.013
     8.930     0.016     0.030    -0.003
     8.940     0.007    -0.020     0.002
     8.950    -0.019    -0.005    -0.010
     8.960     0.009     0.032     0.007
     8.970     0.015    -0.036     0.001
     8.980    -0.019     0.015    -0.012
     8.990     0.001    -0.005     0.023
     9.000    -0.004    -0.002    -0.005
     9.010     0.017     0.032     0.004
     9.020     0.011    -0.054    -0.004
     9.030    -0.036     0.025    -0.015
     9.040     0.026     0.012     0.021
     9.050    -0.001    -0.026    -0.021
     9.060    -0.008     0.030     0.007
     9.070     0.021    -0.026     0.012
     9.080    -0.011     0.019    -0.022
     9.090     0.017    -0.014     0.013
     9.100    -0.015    -0.025    -0.012
     9.110     0.004     0.047     0.009
     9.120     0.031    -0.024     0.001
     9.130    -0.029    -0.007    -0.023
     9.140    -0.007     0.014     0.031
     9.150     0.009    -0.008    -0.009
     9.160    -0.001     0.012    -0.006
     9.170     0.005    -0.007     0.020
     9.180    -0.006     0.009    -0.018
     9.190     0.002    -0.003     0.006
     9.200    -0.013    -0.021    -0.006
     9.210    -0.009     0.018     0.000
     9.220     0.036     0.015     0.013
     9.230     0.006    -0.018    -0.029
     9.240    -0.028    -0.009     0.011
     9.250     0.009     0.017     0.016
     9.260    -0.002    -0.012    -0.020
     9.270     0.005     0.016     0.018
     9.280     0.038     0.008     0.001
     9.290    -0.020    -0.041    -0.022
     9.300    -0.022     0.011     0.014
     9.310    -0.002     0.000     0.003
     9.320     0.014     0.014     0.004
     9.330     0.042     0.024     0.000
     9.340    -0.021    -0.036    -0.020
     9.350    -0.024     0.003     0.014
     9.360    -0.006    -0.002     0.004
     9.370    -0.016    -0.012    -0.001
     9.380     0.042     0.042     0.024
     9.390     0.025    -0.012    -0.016
     9.400    -0.032    -0.014    -0.015
     9.410    -0.023     0.012     0.017
     9.420     0.006    -0.005     0.006
     9.430     0.029     0.007    -0.008
     9.440    -0.023    -0.038    -0.020
     9.450    -0.019     0.012     0.021
     9.460     0.045     0.040     0.022
     9.470     0.016    -0.027    -0.027
     9.480    -0.023    -0.009    -0.014
     9.490    -0.020    -0.004     0.009
     9.500     0.007    -0.001     0.012
     9.510     0.014     0.010    -0.008
     9.520     0.004    -0.014    -0.001
     9.530     0.001     0.012     0.009
     9.540     0.006     0.010    -0.009
     9.550    -0.027    -0.036    -0.012
     9.560    -0.039     0.011     0.003
     9.570     0.062     0.034     0.052
     9.580     0.055    -0.004    -0.020
     9.590    -0.048    -0.021    -0.054
     9.600    -0.043    -0.004     0.052
     9.610     0.005     0.019    -0.001
     9.620     0.039    -0.013     0.003
     9.630     0.016    -0.003     0.000
     9.640    -0.020     0.004    -0.035
     9.650    -0.007    -0.016     0.034
     9.660    -0.017     0.013    -0.019
     9.670     0.030     0.002     0.028
     9.680     0.030    -0.001     0.002
     9.690    -0.019    -0.002    -0.049
     9.700    -0.016    -0.015     0.039
     9.710    -0.018     0.020    -0.026
     9.720     0.019    -0.017     0.023
     9.730     0.006     0.001     0.017
     9.740     0.015     0.022    -0.039
     9.750    -0.003    -0.026     0.033
     9.760    -0.038     0.016    -0.042
     9.770     0.012    -0.013     0.036
     9.780     0.030     0.012     0.033
     9.790     0.001     0.010    -0.085
     9.800    -0.032    -0.032     0.062
     9.810     0.008     0.042    -0.015
     9.820     0.014    -0.030    -0.013
     9.830    -0.004    -0.002     0.041
     9.840     0.016     0.026    -0.061
     9.850    -0.012    -0.028     0.037
     9.860    -0.009     0.040    -0.021
     9.870     0.023    -0.028     0.006
     9.880    -0.023     0.005     0.016
     9.890    -0.002     0.021    -0.038
     9.900     0.045    -0.043     0.078
     9.910    -0.012     0.049    -0.058
     9.920    -0.021    -0.022    -0.025
     9.930     0.005    -0.012     0.080
     9.940     0.028     0.035    -0.052
     9.950    -0.013    -0.030    -0.001
     9.960    -0.045     0.029    -0.005
     9.970     0.029    -0.009     0.010
     9.980     0.029    -0.012     0.045
     9.990    -0.042     0.032    -0.075
    10.000     0.010    -0.023     0.054
    10.010     0.056     0.007     0.028
    10.020    -0.055     0.006    -0.103
    10.030    -0.034    -0.010     0.058
    10.040     0.051     0.028     0.018
    10.050     0.022    -0.031    -0.019
    10.060     0.012    -0.015     0.027
    10.070    -0.048     0.058    -0.072
    10.080    -0.010    -0.031     0.040
    10.090     0.055    -0.016     0.038
    10.100    -0.032     0.031    -0.070
    10.110     0.004    -0.024     0.035
    10.120     0.020     0.008     0.006
    10.130    -0.022     0.002    -0.012
    10.140     0.011     0.002     0.007
    10.150    -0.007     0.007    -0.013
    10.160     0.008    -0.023     0.025
    10.170     0.012     0.022    -0.001
    10.180    -0.037     0.015    -0.031
    10.190     0.009    -0.026     0.026
    10.200     0.031     0.010     0.015
    10.210    -0.025     0.016    -0.036
    10.220     0.015    -0.014     0.026
    10.230     0.017    -0.001     0.007
    10.240    -0.042     0.020    -0.040
    10.250    -0.021     0.000     0.008
    10.260     0.091    -0.063     0.081
    10.270     0.036     0.040    -0.049
    10.280    -0.143     0.079    -0.101
    10.290     0.018    -0.093     0.115
    10.300     0.082    -0.001     0.006
    10.310    -0.032     0.059    -0.050
    10.320     0.006    -0.036     0.027
    10.330     0.018    -0.013    -0.001
    10.340    -0.006     0.043    -0.003
    10.350    -0.068     0.038    -0.049
    10.360    -0.003    -0.063     0.063
    10.370     0.119    -0.052     0.076
    10.380     0.038     0.053    -0.061
    10.390    -0.124     0.070    -0.077
    10.400    -0.041    -0.037     0.040
    10.410     0.064    -0.011     0.048
    10.420    -0.004     0.030    -0.019
    10.430     0.019    -0.052     0.009
    10.440     0.016     0.005    -0.014
    10.450    -0.003     0.029     0.002
    10.460    -0.043     0.015    -0.021
    10.470    -0.001    -0.025     0.014
    10.480     0.067    -0.018     0.031
    10.490    -0.017     0.042    -0.028
    10.500    -0.014    -0.006     0.009
    10.510    -0.013    -0.005    -0.004
    10.520     0.004     0.000    -0.005
    10.530     0.006     0.004    -0.006
    10.540    -0.017     0.000     0.010
    10.550     0.024    -0.011    -0.001
    10.560     0.002     0.005    -0.006
    10.570     0.009     0.004     0.025
    10.580    -0.023     0.036    -0.035
    10.590     0.004    -0.023     0.021
    10.600     0.026    -0.019     0.015
    10.610    -0.039     0.033    -0.029
    10.620     0.028    -0.026     0.020
    10.630     0.005     0.017    -0.018
    10.640    -0.022     0.015     0.006
    10.650     0.016    -0.014     0.007
    10.660     0.005    -0.005    -0.002
    10.670     0.004     0.002     0.000
    10.680    -0.010     0.007    -0.013
    10.690     0.004     0.005     0.011
    10.700    -0.002     0.017    -0.009
    10.710     0.014    -0.026     0.023
    10.720    -0.009     0.023    -0.011
    10.730    -0.004    -0.010    -0.004
    10.740     0.033    -0.032     0.020
    10.750    -0.038     0.052    -0.032
    10.760    -0.015    -0.013     0.016
    10.770     0.018    -0.004     0.005
    10.780     0.014     0.018    -0.004
    10.790     0.008    -0.009     0.008
    10.800    -0.012     0.000    -0.005
    10.810    -0.010     0.005    -0.007
    10.820    -0.009    -0.002    -0.005
    10.830     0.021    -0.016     0.014
    10.840     0.009     0.013    -0.017
    10.850     0.001     0.006     0.002
    10.860    -0.009     0.016     0.004
    10.870    -0.016    -0.004    -0.003
    10.880     0.026    -0.028     0.021
    10.890     0.003     0.025    -0.021
    10.900    -0.015    -0.002     0.000
    10.910     0.014    -0.011     0.020
    10.920    -0.002     0.032    -0.019
    10.930    -0.015    -0.013     0.009
    10.940     0.015    -0.021     0.014
    10.950     0.003     0.021    -0.020
    10.960    -0.001    -0.011     0.005
    10.970    -0.002     0.007     0.001
    10.980    -0.019     0.015    -0.007
    10.990     0.011    -0.020     0.015
    11.000     0.014    -0.003     0.007
    11.010    -0.010     0.023    -0.018
    11.020    -0.017    -0.003    -0.009
    11.030     0.025    -0.028     0.016
    11.040     0.009     0.030    -0.017
    11.050    -0.008    -0.005     0.004
    11.060     0.012    -0.002     0.000
    11.070    -0.021     0.012    -0.013
    11.080     0.015    -0.021     0.027
    11.090    -0.005     0.031    -0.015
    11.100     0.000    -0.021     0.012
    11.110     0.030    -0.001     0.002
    11.120    -0.024     0.026    -0.027
    11.130    -0.001    -0.014     0.012
    11.140     0.008    -0.009     0.006
    11.150     0.009     0.001     0.002
    11.160    -0.019     0.030    -0.016
    11.170    -0.011    -0.021     0.014
    11.180     0.038    -0.010     0.015
    11.190     0.006     0.018    -0.008
    11.200    -0.018     0.022    -0.011
    11.210    -0.022    -0.013    -0.006
    11.220     0.028    -0.043     0.028
    11.230     0.007     0.036    -0.020
    11.240    -0.024    -0.004    -0.008
    11.250     0.027    -0.009     0.024
    11.260     0.003     0.026    -0.012
    11.270    -0.015    -0.004    -0.003
    11.280    -0.019    -0.001     0.000
    11.290    -0.006    -0.007     0.005
    11.300     0.017    -0.005     0.014
    11.310     0.022    -0.003     0.006
    11.320     0.008     0.026    -0.019
    11.330    -0.027    -0.003    -0.009
    11.340     0.017    -0.030     0.018
    11.350    -0.001     0.021    -0.010
    11.360    -0.014    -0.005     0.007
    11.370     0.022    -0.003     0.009
    11.380    -0.012     0.018    -0.015
    11.390    -0.005    -0.006     0.005
    11.400     0.007    -0.012     0.003
    11.410     0.009    -0.007    -0.004
    11.420    -0.003     0.007    -0.006
    11.430    -0.013     0.007    -0.004
    11.440     0.008    -0.004     0.003
    11.450     0.002     0.003     0.003
    11.460     0.014    -0.003     0.005
    11.470     0.012    -0.005     0.001
    11.480    -0.020     0.015    -0.004
    11.490     0.000    -0.018     0.008
    11.500     0.008    -0.001     0.005
    11.510    -0.008     0.021    -0.008
    11.520     0.005    -0.011     0.005
    11.530     0.006    -0.005     0.007
    11.540     0.004     0.000    -0.006
    11.550    -0.005     0.006    -0.002
    11.560    -0.010     0.001     0.003
    11.570     0.008    -0.005     0.000
    11.580     0.005    -0.004     0.000
    11.590     0.005    -0.005    -0.001
    11.600    -0.004     0.010    -0.005
    11.610    -0.012     0.001    -0.001
    11.620     0.012    -0.007     0.004
    11.630    -0.001     0.008    -0.003
    11.640    -0.006    -0.009    -0.003
    11.650     0.005    -0.005     0.002
    11.660     0.005     0.004     0.001
    11.670     0.012    -0.004    -0.002
    11.680    -0.010     0.015    -0.005
    11.690    -0.002    -0.008     0.009
    11.700     0.005    -0.006     0.006
    11.710    -0.001     0.001    -0.003
    11.720     0.002    -0.004    -0.002
    11.730    -0.007     0.005     0.000
    11.740     0.007     0.000     0.005
    11.750    -0.004     0.008    -0.001
    11.760     0.000    -0.014     0.007
    11.770     0.004     0.004    -0.001
    11.780    -0.011     0.007    -0.004
    11.790     0.012    -0.007     0.008
    11.800    -0.001     0.014    -0.006
    11.810    -0.005    -0.008    -0.002
    11.820     0.004    -0.006     0.003
    11.830    -0.012     0.001    -0.005
    11.840     0.002    -0.003    -0.004
    11.850     0.009     0.002     0.005
    11.860    -0.002     0.004    -0.002
    11.870     0.006    -0.001    -0.006
    11.880     0.003     0.002     0.002
    11.890    -0.003     0.000     0.001
    11.900     0.006    -0.008     0.007
    11.910    -0.004     0.012    -0.003
    11.920    -0.006    -0.004     0.000
    11.930     0.001    -0.004     0.006
    11.940     0.003     0.002    -0.002
    11.950     0.004     0.001     0.001
    11.960    -0.003     0.009    -0.003
    11.970     0.001    -0.009     0.005
    11.980     0.000     0.003     0.001
    11.990     0.002     0.003    -0.003
    12.000    -0.001    -0.005     0.006
    12.010     0.002    -0.010     0.003
    12.020     0.004     0.005    -0.003
    12.030    -0.007     0.010    -0.009
    12.040     0.008    -0.008     0.004
    12.050     0.000     0.012    -0.004
    12.060     0.004    -0.009    -0.006
    12.070     0.007     0.001     0.009
    12.080    -0.007     0.003    -0.003
    12.090     0.005    -0.009     0.007
    12.100    -0.010     0.012    -0.004
    12.110     0.001    -0.013    -0.006
    12.120     0.007     0.004     0.006
    12.130    -0.011     0.012    -0.008
    12.140     0.010    -0.011     0.002
    12.150     0.014    -0.008     0.002
    12.160    -0.005     0.018    -0.013
    12.170    -0.008     0.004    -0.002
    12.180     0.000    -0.016     0.014
    12.190    -0.001     0.008     0.005
    12.200     0.001    -0.003    -0.001
    12.210    -0.003     0.009    -0.006
    12.220     0.002    -0.001    -0.007
    12.230     0.015    -0.007     0.004
    12.240    -0.003     0.011    -0.005
    12.250     0.002    -0.012     0.004
    12.260     0.003     0.002     0.000
    12.270    -0.009     0.007    -0.002
    12.280     0.004     0.000     0.009
    12.290     0.004     0.003    -0.003
    12.300     0.000     0.000     0.006
    12.310    -0.004     0.004     0.001
    12.320    -0.004    -0.004    -0.005
    12.330     0.006    -0.002     0.002
    12.340     0.005     0.001    -0.003
    12.350     0.001     0.000     0.003
    12.360    -0.004     0.002    -0.006
    12.370     0.003    -0.003     0.003
    12.380     0.007     0.001     0.008
    12.390    -0.006     0.009    -0.004
    12.400    -0.002    -0.005     0.006
    12.410     0.006    -0.007     0.000
    12.420    -0.004     0.009    -0.002
    12.430    -0.003     0.002    -0.002
    12.440     0.002    -0.005    -0.003
    12.450    -0.002    -0.003     0.001
    12.460    -0.001    -0.005     0.003
    12.470     0.001     0.008     0.006
    12.480     0.007     0.005     0.000
    12.490     0.000     0.007     0.003
    12.500    -0.011    -0.003     0.001
    12.510     0.005    -0.021     0.003
    12.520     0.005     0.010    -0.007
    12.530    -0.003     0.004    -0.009
    12.540    -0.003     0.002     0.007
    12.550    -0.001     0.001    -0.002
    12.560     0.011    -0.010     0.008
    12.570     0.002     0.011    -0.001
    12.580    -0.002    -0.004    -0.004
    12.590    -0.001    -0.001     0.007
    12.600    -0.004     0.003    -0.006
    12.610     0.001    -0.009     0.002
    12.620    -0.002     0.004    -0.001
    12.630     0.006     0.002     0.000
    12.640    -0.002     0.005    -0.001
    12.650    -0.004    -0.001    -0.002
    12.660     0.007    -0.006     0.009
    12.670    -0.001     0.008    -0.004
    12.680     0.001    -0.002     0.002
    12.690     0.001    -0.002     0.006
    12.700    -0.002     0.003    -0.007
    12.710     0.001    -0.007     0.000
    12.720     0.002     0.001    -0.003
    12.730     0.002     0.003    -0.005
    12.740     0.000     0.003     0.002
    12.750     0.000     0.003    -0.003
    12.760    -0.001    -0.003     0.003
    12.770     0.006     0.001     0.004
    12.780     0.001     0.000    -0.002
    12.790    -0.005     0.001     0.004
    12.800     0.000     0.004    -0.001
    12.810    -0.001    -0.006     0.001
    12.820     0.004     0.000     0.003
    12.830    -0.002     0.000    -0.006
    12.840     0.003    -0.007     0.004
    12.850     0.000     0.009     0.002
    12.860    -0.007    -0.001     0.003
    12.870     0.009     0.001     0.004
    12.880     0.002     0.002    -0.005
    12.890     0.005    -0.007     0.008
    12.900     0.000     0.005    -0.007
    12.910    -0.003    -0.010    -0.002
    12.920     0.002     0.004     0.005
    12.930    -0.005     0.003    -0.008
    12.940     0.002    -0.008     0.006
    12.950    -0.004     0.012    -0.006
    12.960     0.003    -0.004     0.002
    12.970     0.006    -0.005     0.006
    12.980     0.004     0.007    -0.002
    12.990     0.000    -0.002     0.005
    13.000    -0.004     0.000    -0.007
    13.010     0.001     0.003    -0.001
    13.020    -0.001    -0.006     0.004
    13.030     0.004     0.004     0.002
    13.040    -0.005     0.003    -0.004
    13.050     0.005    -0.004     0.008
    13.060     0.011     0.011     0.002
    13.070    -0.004    -0.006    -0.004
    13.080     0.003    -0.002     0.005
    13.090    -0.002     0.006    -0.015
    13.100    -0.003    -0.006     0.001
    13.110     0.003     0.011     0.001
    13.120     0.000     0.000    -0.007
    13.130    -0.001    -0.005     0.005
    13.140     0.005     0.005    -0.003
    13.150     0.001    -0.002    -0.001
    13.160    -0.005     0.000     0.001
    13.170     0.004     0.002    -0.004
    13.180     0.002    -0.001     0.001
    13.190     0.002     0.001     0.002
    13.200    -0.003     0.009    -0.006
    13.210    -0.007    -0.004     0.002
    13.220     0.005     0.001     0.003
    13.230     0.001     0.007    -0.005
    13.240    -0.002    -0.002     0.001
    13.250     0.001     0.003    -0.003
    13.260     0.001    -0.007     0.001
    13.270     0.003    -0.003     0.002
    13.280     0.000     0.003    -0.002
    13.290    -0.007     0.010    -0.004
    13.300    -0.001     0.002    -0.002
    13.310     0.004    -0.004     0.004
    13.320    -0.005     0.008    -0.003
    13.330    -0.004    -0.003    -0.002
    13.340     0.001     0.004     0.001
    13.350     0.002     0.002    -0.003
    13.360     0.001     0.001     0.001
    13.370     0.000     0.005     0.008
    13.380     0.000     0.000     0.001
    13.390    -0.005     0.005     0.002
    13.400     0.001    -0.002     0.005
    13.410     0.003     0.002    -0.008
    13.420    -0.004     0.003     0.000
    13.430    -0.006     0.004    -0.002
    13.440    -0.010     0.001    -0.006
    13.450     0.006    -0.009     0.009
    13.460     0.011     0.009    -0.004
    13.470    -0.004     0.006    -0.004
    13.480     0.002     0.001     0.000
    13.490    -0.002     0.007    -0.007
    13.500    -0.004    -0.004     0.006
    13.510     0.003     0.002     0.002
    13.520    -0.001     0.001    -0.007
    13.530     0.000     0.003     0.001
    13.540     0.001     0.006     0.000
    13.550     0.004    -0.002     0.003
    13.560    -0.002     0.004     0.003
    13.570    -0.002     0.001    -0.006
    13.580     0.007     0.000     0.003
    13.590     0.001     0.006     0.004
    13.600    -0.003     0.004     0.004
    13.610    -0.007     0.003     0.002
    13.620    -0.003     0.001    -0.007
    13.630     0.000     0.001     0.000
    13.640    -0.005     0.001    -0.002
    13.650     0.004    -0.005    -0.004
    13.660     0.009     0.002    -0.003
    13.670     0.004     0.005     0.000
    13.680    -0.004     0.001     0.007
    13.690    -0.007     0.006    -0.002
    13.700     0.005     0.001     0.003
    13.710     0.002     0.007     0.000
    13.720    -0.007     0.004    -0.002
    13.730    -0.001    -0.003     0.006
    13.740     0.000     0.007    -0.007
    13.750     0.001    -0.001    -0.002
    13.760     0.003     0.001    -0.001
    13.770     0.003     0.000    -0.009
    13.780     0.004    -0.001     0.004
    13.790     0.005     0.009     0.005
    13.800     0.003     0.001     0.005
    13.810     0.001     0.000     0.004
    13.820     0.004    -0.001    -0.002
    13.830    -0.005    -0.001    -0.002
    13.840    -0.005     0.000     0.001
    13.850     0.001    -0.002    -0.001
    13.860     0.004     0.001    -0.007
    13.870     0.004     0.004    -0.001
    13.880     0.000     0.004    -0.002
    13.890     0.004     0.000    -0.003
    13.900    -0.004     0.000     0.002
    13.910     0.001     0.004     0.001
    13.920     0.004     0.000     0.000
    13.930    -0.003     0.001    -0.003
    13.940     0.004     0.005     0.002
    13.950     0.004     0.001     0.002
    13.960     0.002     0.002     0.000
    13.970     0.000     0.003     0.004
    13.980     0.004    -0.001    -0.001
    13.990     0.004     0.003     0.002
    14.000    -0.006     0.004     0.003
    14.010    -0.006     0.003    -0.002
    14.020    -0.003     0.003     0.002
    14.030     0.006    -0.003     0.001
    14.040     0.004     0.003    -0.001
    14.050    -0.006     0.005    -0.005
    14.060     0.000     0.000    -0.005
    14.070     0.002     0.000     0.003
    14.080     0.004    -0.001     0.003
    14.090     0.001     0.006    -0.001
    14.100     0.000     0.006    -0.001
    14.110     0.006     0.002     0.000
    14.120    -0.004     0.003     0.000
    14.130     0.003    -0.002     0.002
    14.140     0.006    -0.001    -0.001
    14.150    -0.003    -0.001    -0.003
    14.160     0.003     0.000     0.000
    14.170    -0.004     0.003    -0.001
    14.180     0.000     0.004     0.002
    14.190     0.008     0.004     0.005
    14.200     0.000     0.003     0.001
    14.210    -0.001     0.001    -0.003
    14.220     0.000    -0.004    -0.001
    14.230     0.005    -0.002     0.001
    14.240     0.007    -0.001    -0.002
    14.250    -0.005     0.003    -0.003
    14.260    -0.007     0.001     0.000
    14.270    -0.001     0.001     0.001
    14.280     0.002     0.002     0.001
    14.290     0.010     0.001    -0.002
    14.300    -0.001     0.010    -0.004
    14.310    -0.004     0.001     0.002
    14.320     0.006    -0.001     0.003
    14.330    -0.008     0.004    -0.002
    14.340    -0.002    -0.007    -0.003
    14.350     0.006    -0.001     0.001
    14.360     0.001     0.004     0.000
    14.370     0.003     0.006     0.002
    14.380     0.004     0.006     0.002
    14.390     0.011    -0.001    -0.002
    14.400    -0.002     0.000    -0.004
    14.410    -0.008    -0.006    -0.002
    14.420    -0.004    -0.002     0.003
    14.430    -0.004     0.001    -0.001
    14.440     0.008    -0.001    -0.001
    14.450     0.009     0.006    -0.003
    14.460     0.003     0.002    -0.006
    14.470    -0.004     0.004     0.000
    14.480    -0.004     0.001     0.002
    14.490    -0.001    -0.004     0.003
    14.500    -0.005     0.001    -0.003
    14.510     0.003    -0.002    -0.001
    14.520     0.003     0.006     0.001
    14.530     0.004     0.003    -0.001
    14.540     0.002    -0.002     0.002
    14.550    -0.004     0.001    -0.005
    14.560     0.003    -0.003    -0.003
    14.570     0.000     0.003     0.000
    14.580     0.003     0.002     0.003
    14.590     0.004     0.002     0.007
    14.600     0.000     0.007    -0.002
    14.610     0.003    -0.002    -0.002
    14.620    -0.001     0.001    -0.002
    14.630    -0.003     0.003    -0.006
    14.640     0.000    -0.003     0.005
    14.650     0.004    -0.003     0.007
    14.660     0.004     0.001     0.001
    14.670     0.002     0.005     0.001
    14.680     0.001     0.004    -0.004
    14.690    -0.002     0.006    -0.002
    14.700     0.004     0.004     0.002
    14.710     0.004    -0.003    -0.006
    14.720    -0.001    -0.003    -0.004
    14.730     0.001    -0.003    -0.004
    14.740    -0.005    -0.002    -0.007
    14.750    -0.001     0.003    -0.004
    14.760     0.003     0.001    -0.005
    14.770     0.002     0.005     0.004
    14.780     0.005     0.002     0.009
    14.790     0.004    -0.004    -0.002
    14.800    -0.003     0.003    -0.001
    14.810     0.000    -0.001     0.001
    14.820     0.005    -0.003    -0.005
    14.830    -0.004     0.006     0.000
    14.840    -0.004     0.002     0.004
    14.850     0.001     0.000     0.008
    14.860     0.006     0.005     0.007
    14.870     0.005     0.004     0.000
    14.880    -0.004     0.001    -0.004
    14.890     0.000    -0.002    -0.004
    14.900     0.001    -0.004     0.002
    14.910     0.002     0.000     0.004
    14.920     0.003     0.001     0.004
    14.930     0.000     0.005    -0.001
    14.940     0.002     0.005    -0.006
    14.950    -0.002    -0.007    -0.004
    14.960    -0.003    -0.003    -0.002
    14.970     0.001     0.002    -0.004
    14.980     0.000    -0.001     0.000
    14.990     0.004     0.006     0.003
    15.000     0.009     0.006     0.000
    15.010     0.004     0.005    -0.003
    15.020     0.000     0.004    -0.008
    15.030     0.001    -0.005    -0.002
    15.040    -0.005    -0.002     0.006
    15.050    -0.005     0.000     0.003
    15.060     0.003     0.003     0.005
    15.070     0.003     0.008     0.003
    15.080     0.006     0.001    -0.004
    15.090     0.004     0.004    -0.004
    15.100    -0.002    -0.001     0.000
    15.110     0.005    -0.006     0.003
    15.120    -0.001    -0.001     0.002
    15.130    -0.009     0.001    -0.002
    15.140     0.002     0.004    -0.006
    15.150     0.007     0.000    -0.004
    15.160     0.002     0.002    -0.001
    15.170     0.006     0.000     0.001
    15.180    -0.003    -0.003     0.000
    15.190    -0.007     0.002     0.003
    15.200     0.001     0.000     0.009
    15.210     0.000     0.000     0.004
    15.220     0.005     0.003    -0.004
    15.230    -0.003     0.004    -0.002
    15.240    -0.004    -0.002     0.006
    15.250     0.002    -0.003     0.008
    15.260     0.001     0.002     0.008
    15.270     0.004     0.000     0.003
    15.280     0.001     0.003    -0.003
    15.290     0.000     0.001    -0.001
    15.300     0.001    -0.008    -0.002
    15.310    -0.001    -0.002     0.000
    15.320     0.000     0.002     0.002
    15.330     0.004    -0.003     0.002
    15.340     0.008     0.004     0.003
    15.350    -0.001     0.007    -0.006
    15.360     0.003    -0.007    -0.006
    15.370     0.000     0.000    -0.003
    15.380    -0.007     0.005     0.000
    15.390     0.004    -0.001     0.003
    15.400     0.002     0.000     0.003
    15.410     0.002     0.001     0.003
    15.420    -0.001     0.001    -0.002
    15.430    -0.007    -0.001    -0.001
    15.440     0.000     0.002     0.000
    15.450    -0.001     0.006     0.005
    15.460     0.003     0.003     0.002
    15.470     0.008    -0.002    -0.002
    15.480     0.001    -0.001     0.000
    15.490    -0.006     0.000    -0.004
    15.500    -0.001    -0.003    -0.001
    15.510     0.002     0.005     0.002
    15.520    -0.002     0.005     0.001
    15.530    -0.003    -0.006     0.003
    15.540     0.001    -0.004     0.004
    15.550     0.003    -0.002    -0.001
    15.560     0.000     0.002    -0.002
    15.570    -0.002     0.006     0.000
    15.580    -0.006    -0.002    -0.003
    15.590    -0.001    -0.005     0.001
    15.600    -0.003    -0.001     0.001
    15.610    -0.005     0.000    -0.001
    15.620     0.001     0.003     0.005
    15.630    -0.001     0.005     0.002
    15.640     0.000     0.000     0.004
    15.650    -0.005    -0.004     0.005
    15.660     0.002    -0.002    -0.006
    15.670     0.004     0.000    -0.007
    15.680    -0.004    -0.001    -0.001
    15.690     0.000     0.003     0.003
    15.700    -0.002     0.007     0.000
    15.710     0.004    -0.004    -0.002
    15.720     0.004    -0.009     0.005
    15.730    -0.002     0.001     0.000
    15.740     0.006     0.000    -0.009
    15.750     0.003     0.004    -0.004
    15.760    -0.007     0.009     0.001
    15.770    -0.001    -0.005     0.006
    15.780     0.000     0.002     0.005
    15.790     0.000     0.002    -0.005
    15.800     0.006    -0.012     0.001
    15.810    -0.008     0.011     0.001
    15.820    -0.010     0.009    -0.005
    15.830     0.004    -0.003     0.001
    15.840     0.001     0.001     0.008
    15.850    -0.005     0.000     0.003
    15.860    -0.003     0.004    -0.004
    15.870     0.001    -0.006     0.002
    15.880     0.003    -0.001     0.002
    15.890     0.006     0.004    -0.004
    15.900     0.003     0.001    -0.010
    15.910    -0.002     0.003    -0.001
    15.920    -0.006    -0.004     0.014
    15.930    -0.007     0.004     0.000
    15.940    -0.001     0.003    -0.002
    15.950    -0.005    -0.004     0.008
    15.960    -0.001    -0.008     0.004
    15.970     0.002    -0.004    -0.004
    15.980     0.006     0.000    -0.007
    15.990     0.003    -0.002     0.003
    16.000    -0.015     0.005     0.006
    16.010    -0.009     0.005     0.000
    16.020     0.001     0.000     0.001
    16.030     0.006    -0.009     0.004
    16.040     0.005     0.000     0.002
    16.050     0.001     0.012    -0.008
    16.060     0.003    -0.004    -0.008
    16.070    -0.003    -0.004     0.005
    16.080    -0.002     0.005     0.003
    16.090     0.004     0.002    -0.008
    16.100     0.004    -0.005     0.000
    16.110    -0.002    -0.003     0.007
    16.120    -0.003     0.007    -0.003
    16.130     0.004     0.003    -0.002
    16.140    -0.002     0.000     0.004
    16.150    -0.004     0.000     0.000
    16.160    -0.003    -0.002    -0.005
    16.170    -0.002     0.000    -0.003
    16.180     0.001     0.001     0.007
    16.190    -0.004     0.001     0.006
    16.200     0.003     0.000    -0.005
    16.210     0.005    -0.004    -0.006
    16.220     0.001    -0.004     0.003
    16.230    -0.001    -0.001     0.003
    16.240    -0.003     0.003    -0.003
    16.250    -0.002     0.001     0.003
    16.260    -0.004    -0.004     0.007
    16.270    -0.001     0.003     0.000
    16.280     0.002     0.002    -0.006
    16.290    -0.003    -0.003    -0.002
    16.300    -0.005    -0.003     0.003
    16.310     0.001     0.000    -0.007
    16.320     0.001     0.005    -0.003
    16.330    -0.001    -0.002     0.005
    16.340     0.000     0.000     0.004
    16.350    -0.001     0.003    -0.001
    16.360    -0.004    -0.004    -0.002
    16.370    -0.003    -0.002     0.010
    16.380     0.003     0.005    -0.005
    16.390     0.000     0.001    -0.006
    16.400    -0.001    -0.006     0.003
    16.410     0.000     0.000     0.001
    16.420     0.002     0.004     0.003
    16.430    -0.001     0.001    -0.004
    16.440    -0.003    -0.005     0.004
    16.450     0.004    -0.002    -0.001
    16.460     0.003     0.004    -0.008
    16.470    -0.006    -0.004     0.000
    16.480    -0.001    -0.004     0.003
    16.490     0.005     0.005     0.000
    16.500    -0.006    -0.002    -0.007
    16.510    -0.006    -0.007     0.002
    16.520     0.004     0.005     0.006
    16.530     0.005     0.007    -0.006
    16.540    -0.004    -0.005    -0.003
    16.550     0.001    -0.001     0.003
    16.560     0.007     0.005     0.000
    16.570    -0.009    -0.002     0.002
    16.580    -0.007    -0.002     0.005
    16.590     0.009     0.003    -0.002
    16.600     0.005     0.004    -0.004
    16.610    -0.006     0.000     0.001
    16.620     0.004    -0.004     0.000
    16.630     0.003     0.001     0.000
    16.640    -0.011     0.000    -0.001
    16.650    -0.005    -0.002    -0.004
    16.660     0.003     0.007    -0.001
    16.670     0.001     0.000     0.000
    16.680    -0.004    -0.004     0.003
    16.690     0.004     0.002     0.001
    16.700     0.001    -0.003    -0.003
    16.710    -0.009    -0.005    -0.003
    16.720     0.006    -0.002    -0.002
    16.730     0.006     0.002     0.001
    16.740    -0.004     0.006     0.000
    16.750     0.005     0.003     0.002
    16.760     0.002     0.002     0.003
    16.770    -0.005     0.003     0.000
    16.780     0.004    -0.001    -0.003
    16.790     0.005    -0.001     0.000
    16.800    -0.002     0.003     0.002
    16.810    -0.001     0.002    -0.007
    16.820     0.007     0.001     0.000
    16.830     0.003    -0.003    -0.001
    16.840    -0.005     0.000    -0.010
    16.850    -0.001    -0.004     0.004
    16.860     0.001    -0.006     0.003
    16.870    -0.001     0.008    -0.006
    16.880     0.007     0.002    -0.002
    16.890     0.005    -0.006     0.002
    16.900    -0.003     0.006    -0.002
    16.910    -0.002    -0.001    -0.003
    16.920    -0.004    -0.007     0.009
    16.930    -0.001     0.003     0.001
    16.940    -0.003     0.003    -0.006
    16.950     0.001     0.000     0.005
    16.960     0.011     0.005    -0.002
    16.970    -0.001     0.005    -0.004
    16.980     0.004    -0.006     0.006
    16.990     0.004    -0.001    -0.004
    17.000    -0.007     0.003     0.001
    17.010     0.004    -0.004     0.009
    17.020     0.007     0.001    -0.008
    17.030    -0.001     0.004    -0.006
    17.040     0.004    -0.003     0.008
    17.050     0.007     0.002    -0.008
    17.060    -0.004     0.001    -0.011
    17.070     0.005    -0.007     0.011
    17.080     0.004     0.005    -0.006
    17.090    -0.008     0.007    -0.013
    17.100     0.004    -0.006     0.017
    17.110     0.006     0.002    -0.003
    17.120    -0.005     0.004    -0.013
    17.130     0.001    -0.008     0.017
    17.140     0.004     0.001    -0.008
    17.150    -0.004     0.008    -0.010
    17.160     0.004    -0.004     0.018
    17.170     0.003     0.003    -0.011
    17.180    -0.007     0.009    -0.008
    17.190     0.008    -0.004     0.016
    17.200     0.005    -0.001    -0.010
    17.210    -0.004     0.010    -0.007
    17.220     0.007     0.000     0.017
    17.230     0.000     0.001    -0.004
    17.240     0.000     0.009    -0.009
    17.250     0.008    -0.005     0.014
    17.260    -0.005     0.000    -0.018
    17.270     0.001     0.005    -0.009
    17.280     0.001    -0.006     0.021
    17.290    -0.006     0.005    -0.016
    17.300     0.009     0.007     0.002
    17.310     0.005    -0.005     0.014
    17.320    -0.003     0.002    -0.018
    17.330     0.004     0.005     0.001
    17.340    -0.001    -0.001     0.007
    17.350     0.003     0.002    -0.013
    17.360     0.010     0.000     0.005
    17.370    -0.006    -0.003     0.008
    17.380     0.002     0.002    -0.010
    17.390     0.006     0.001     0.011
    17.400    -0.008     0.002     0.000
    17.410     0.009     0.002    -0.009
    17.420    -0.001     0.002     0.011
    17.430    -0.013     0.002    -0.006
    17.440     0.010     0.000     0.003
    17.450    -0.002     0.005     0.003
    17.460     0.000     0.003    -0.009
    17.470     0.014    -0.003     0.003
    17.480    -0.009     0.003    -0.003
    17.490     0.002    -0.003     0.000
    17.500     0.009    -0.003     0.001
    17.510    -0.012     0.008    -0.006
    17.520     0.015     0.001     0.003
    17.530     0.007     0.005     0.000
    17.540    -0.012     0.009    -0.003
    17.550     0.014    -0.005     0.003
    17.560    -0.011    -0.001    -0.006
    17.570    -0.005     0.002    -0.002
    17.580     0.010     0.002     0.001
    17.590    -0.010     0.007    -0.005
    17.600     0.016     0.000     0.005
    17.610     0.004     0.004    -0.003
    17.620    -0.008     0.005     0.002
    17.630     0.015    -0.002     0.004
    17.640    -0.010     0.006    -0.010
    17.650     0.000     0.001     0.006
    17.660     0.009    -0.006    -0.003
    17.670    -0.009     0.003    -0.002
    17.680     0.013    -0.003     0.010
    17.690     0.001     0.006    -0.013
    17.700    -0.005     0.010     0.003
    17.710     0.013    -0.006     0.002
    17.720    -0.007     0.008    -0.007
    17.730     0.009    -0.001     0.012
    17.740     0.009    -0.011    -0.008
    17.750    -0.012     0.007    -0.001
    17.760     0.010    -0.003     0.005
    17.770    -0.004     0.001    -0.010
    17.780    -0.004     0.004     0.014
    17.790     0.008    -0.005    -0.006
    17.800    -0.014     0.006     0.002
    17.810     0.005    -0.001     0.009
    17.820     0.004     0.000    -0.018
    17.830    -0.003     0.004     0.013
    17.840     0.014    -0.007    -0.011
    17.850    -0.010     0.006    -0.009
    17.860    -0.005     0.001     0.014
    17.870     0.001     0.000    -0.019
    17.880    -0.006     0.010     0.018
    17.890     0.012    -0.002     0.002
    17.900     0.001     0.005    -0.007
    17.910     0.001     0.000     0.021
    17.920     0.001    -0.005    -0.024
    17.930    -0.004     0.008     0.007
    17.940     0.008    -0.001     0.003
    17.950     0.000     0.004    -0.010
    17.960     0.001     0.000     0.021
    17.970     0.001    -0.004    -0.021
    17.980    -0.005     0.006     0.008
    17.990     0.005    -0.006     0.000
    18.000     0.003     0.004    -0.017
    18.010     0.000     0.002     0.017
    18.020     0.003    -0.004    -0.018
    18.030    -0.003     0.006     0.016
    18.040    -0.001    -0.005     0.000
    18.050    -0.003     0.003    -0.017
    18.060    -0.001     0.000     0.024
    18.070     0.003    -0.004    -0.021
    18.080     0.004     0.007     0.008
    18.090     0.007    -0.004     0.002
    18.100    -0.001     0.004    -0.009
    18.110    -0.002     0.005     0.017
    18.120    -0.002    -0.004    -0.014
    18.130    -0.002     0.001     0.015
    18.140     0.002    -0.003    -0.008
    18.150    -0.004     0.004    -0.008
    18.160     0.001     0.005     0.011
    18.170     0.002    -0.004    -0.019
    18.180     0.000     0.006     0.014
    18.190     0.004     0.004    -0.007
    18.200     0.000     0.001     0.001
    18.210     0.000     0.003     0.009
    18.220     0.001    -0.001    -0.016
    18.230     0.001     0.004     0.011
    18.240     0.005     0.001    -0.014
    18.250    -0.003     0.001     0.002
    18.260    -0.002     0.003     0.003
    18.270     0.004     0.002    -0.011
    18.280     0.001     0.001     0.015
    18.290     0.006    -0.003    -0.012
    18.300     0.001     0.003     0.012
    18.310    -0.003     0.001    -0.004
    18.320    -0.001     0.004    -0.009
    18.330     0.000     0.004     0.014
    18.340     0.005    -0.003    -0.020
    18.350     0.000     0.001     0.011
    18.360     0.003     0.000    -0.003
    18.370     0.000     0.004    -0.002
    18.380     0.000    -0.002     0.015
    18.390     0.007    -0.002    -0.016
    18.400    -0.004     0.002     0.011
    18.410    -0.001    -0.004    -0.008
    18.420     0.000     0.005     0.001
    18.430    -0.002    -0.003     0.009
    18.440     0.007    -0.003    -0.009
    18.450     0.001     0.003     0.013
    18.460     0.002    -0.002    -0.014
    18.470     0.000     0.004    -0.001
    18.480    -0.001    -0.002     0.000
    18.490     0.001     0.003    -0.008
    18.500    -0.003     0.001     0.014
    18.510     0.001    -0.002    -0.006
    18.520    -0.001     0.009     0.008
    18.530     0.006     0.001    -0.006
    18.540     0.001     0.002    -0.007
    18.550    -0.002    -0.004     0.007
    18.560     0.004     0.000    -0.012
    18.570    -0.002     0.007     0.009
    18.580     0.000    -0.001    -0.004
    18.590     0.002     0.007     0.003
    18.600     0.006    -0.003     0.009
    18.610    -0.002     0.002    -0.012
    18.620    -0.002     0.004     0.005
    18.630     0.004     0.001    -0.009
    18.640    -0.002     0.006     0.001
    18.650     0.001    -0.009     0.008
    18.660    -0.001     0.003    -0.004
    18.670     0.000     0.002     0.005
    18.680     0.000     0.000    -0.011
    18.690     0.004     0.003     0.004
    18.700     0.005    -0.003    -0.002
    18.710    -0.003     0.003    -0.007
    18.720    -0.001    -0.008     0.010
    18.730     0.001     0.001    -0.008
    18.740     0.005    -0.003     0.005
    18.750    -0.001    -0.003    -0.004
    18.760    -0.001     0.010    -0.004
    18.770     0.004    -0.006     0.008
    18.780    -0.004     0.003    -0.008
    18.790     0.002    -0.007     0.009
    18.800    -0.001    -0.001    -0.009
    18.810    -0.002     0.009     0.000
    18.820     0.002    -0.008     0.012
    18.830    -0.002     0.011    -0.008
    18.840     0.004    -0.005     0.011
    18.850    -0.009     0.003    -0.011
    18.860    -0.006     0.005     0.000
    18.870     0.006    -0.005     0.005
    18.880    -0.001     0.016    -0.011
    18.890     0.010    -0.012     0.013
    18.900    -0.004     0.006    -0.014
    18.910    -0.004     0.005     0.003
    18.920     0.003    -0.012     0.003
    18.930    -0.001     0.010    -0.008
    18.940     0.010    -0.005     0.013
    18.950     0.000     0.013    -0.018
    18.960    -0.001     0.001     0.006
    18.970     0.002    -0.003     0.000
    18.980    -0.001     0.002    -0.006
    18.990     0.000    -0.014     0.003
    19.000     0.001     0.007    -0.013
    19.010     0.007    -0.003     0.011
    19.020    -0.007     0.011    -0.014
    19.030    -0.003     0.003     0.004
    19.040    -0.001    -0.009     0.003
    19.050    -0.004     0.005    -0.010
    19.060     0.001    -0.003     0.013
    19.070     0.003     0.010    -0.013
    19.080     0.010    -0.011     0.009
    19.090    -0.002    -0.001    -0.006
    19.100     0.002     0.005     0.001
    19.110     0.002    -0.004     0.008
    19.120    -0.001     0.007    -0.013
    19.130     0.008    -0.008     0.013
    19.140    -0.006     0.014    -0.014
    19.150    -0.002     0.000     0.008
    19.160     0.003    -0.005     0.003
    19.170     0.005     0.004    -0.005
    19.180     0.004     0.001     0.008
    19.190    -0.002     0.007    -0.020
    19.200    -0.003    -0.011     0.018
    19.210    -0.006     0.011    -0.001
    19.220     0.004     0.001     0.003
    19.230     0.002     0.004    -0.001
    19.240     0.004     0.008    -0.016
    19.250     0.005    -0.007     0.013
    19.260    -0.001     0.009    -0.015
    19.270     0.003    -0.014     0.009
    19.280     0.002     0.001    -0.007
    19.290     0.000     0.002    -0.004
    19.300     0.000     0.004     0.010
    19.310     0.009     0.005    -0.007
    19.320     0.004    -0.009     0.010
    19.330    -0.004     0.014    -0.013
    19.340    -0.003    -0.006     0.005
    19.350    -0.003     0.001    -0.001
    19.360     0.005    -0.009     0.003
    19.370     0.006    -0.004    -0.004
    19.380     0.000     0.007    -0.012
    19.390    -0.003    -0.012     0.014
    19.400    -0.003     0.010    -0.012
    19.410    -0.006    -0.006     0.013
    19.420     0.002     0.002    -0.002
    19.430     0.002    -0.001     0.001
    19.440     0.000    -0.003     0.003
    19.450     0.005     0.003    -0.007
    19.460     0.006    -0.009     0.013
    19.470     0.004     0.012    -0.018
    19.480    -0.008    -0.008     0.011
    19.490    -0.003     0.001    -0.003
    19.500    -0.001    -0.001     0.003
    19.510     0.002    -0.008     0.009
    19.520     0.002     0.011    -0.013
    19.530    -0.007     0.001     0.004
    19.540    -0.002     0.005    -0.013
    19.550     0.000    -0.005     0.011
    19.560     0.008     0.009    -0.009
    19.570    -0.004    -0.005     0.002
    19.580    -0.005    -0.002     0.005
    19.590    -0.001     0.010    -0.007
    19.600     0.003    -0.007     0.009
    19.610     0.009     0.008    -0.018
    19.620    -0.001    -0.001     0.006
    19.630     0.009     0.003    -0.008
    19.640    -0.007    -0.005     0.007
    19.650     0.004    -0.001     0.006
    19.660     0.005     0.003    -0.009
    19.670    -0.005     0.000     0.007
    19.680     0.007     0.010    -0.013
    19.690    -0.006    -0.006     0.014
    19.700     0.007     0.005    -0.001
    19.710     0.002    -0.003     0.003
    19.720     0.000    -0.003    -0.004
    19.730    -0.005     0.001    -0.008
    19.740    -0.005     0.003     0.012
    19.750     0.004     0.007    -0.009
    19.760    -0.008    -0.002     0.004
    19.770     0.009     0.009    -0.013
    19.780     0.000    -0.006     0.001
    19.790     0.002     0.002     0.001
    19.800     0.007     0.000     0.000
    19.810     0.002    -0.004     0.004
    19.820     0.002     0.008    -0.009
    19.830    -0.002     0.000     0.006
    19.840     0.001     0.010    -0.015
    19.850    -0.005    -0.001     0.001
    19.860     0.007     0.001     0.000
    19.870     0.002    -0.004     0.003
    19.880     0.003     0.000     0.010
    19.890     0.004     0.008     0.001
    19.900    -0.004    -0.002     0.004
    19.910    -0.002     0.007    -0.016
    19.920     0.001    -0.002     0.004
    19.930     0.003     0.009    -0.011
    19.940    -0.003     0.005     0.000
    19.950     0.011    -0.006     0.016
    19.960     0.003     0.002    -0.001
    19.970     0.000    -0.002     0.005
    19.980    -0.004     0.001    -0.010
    19.990    -0.001    -0.003    -0.002
    20.000     0.002     0.003    -0.011
    20.010    -0.003     0.002     0.002
    20.020     0.009     0.004     0.003
    20.030     0.001     0.007     0.003
    20.040     0.007     0.000     0.007
    20.050    -0.003     0.002    -0.013
    20.060    -0.005     0.001     0.003
    20.070     0.003     0.004    -0.005
    20.080     0.002     0.001     0.003
    20.090     0.013    -0.001     0.001
    20.100     0.000    -0.003    -0.001
    20.110    -0.008     0.005     0.002
    20.120    -0.006     0.006    -0.009
    20.130     0.003     0.001     0.007
    20.140     0.008     0.006    -0.002
    20.150     0.004     0.006     0.003
    20.160     0.001     0.002    -0.005
    20.170     0.005     0.002     0.002
    20.180     0.002     0.006     0.006
    20.190     0.002    -0.005    -0.005
    20.200     0.003    -0.005     0.000
    20.210    -0.006     0.003    -0.004
    20.220     0.004     0.005     0.002
    20.230     0.004     0.008    -0.007
    20.240     0.006    -0.001     0.007
    20.250    -0.004    -0.001     0.003
    20.260    -0.005     0.005    -0.008
    20.270     0.006     0.003     0.003
    20.280     0.006    -0.006    -0.002
    20.290     0.010     0.002    -0.004
    20.300    -0.007     0.001    -0.008
    20.310    -0.004    -0.005    -0.001
    20.320     0.001     0.005     0.001
    20.330     0.007     0.001     0.002
    20.340     0.004     0.003     0.003
    20.350     0.002     0.004    -0.003
    20.360    -0.001     0.002     0.001
    20.370    -0.008     0.003     0.002
    20.380     0.011    -0.001     0.002
    20.390     0.000    -0.007     0.003
    20.400    -0.003    -0.001    -0.001
    20.410    -0.003     0.006    -0.009
    20.420    -0.006     0.005    -0.002
    20.430     0.002     0.004     0.003
    20.440     0.005     0.001    -0.002
    20.450     0.005     0.000    -0.001
    20.460    -0.001    -0.005     0.000
    20.470     0.000    -0.004     0.000
    20.480     0.001    -0.002     0.001
    20.490     0.006     0.006    -0.006
    20.500    -0.004     0.008    -0.008
    20.510    -0.002     0.000    -0.001
    20.520     0.003     0.004    -0.001
    20.530     0.003    -0.005     0.004
    20.540     0.001    -0.003     0.000
    20.550    -0.002     0.003    -0.001
    20.560     0.001     0.001     0.005
    20.570    -0.002     0.001    -0.006
    20.580     0.004    -0.002    -0.003
    20.590    -0.003     0.003    -0.001
    20.600     0.001    -0.002    -0.004
    20.610    -0.003     0.001     0.000
    20.620     0.002     0.001    -0.002
    20.630     0.005     0.002    -0.011
    20.640    -0.002     0.004    -0.007
    20.650     0.007    -0.001     0.000
    20.660    -0.002     0.003    -0.001
    20.670     0.005    -0.006     0.005
    20.680     0.002    -0.005     0.000
    20.690    -0.004     0.003    -0.005
    20.700    -0.002     0.001     0.003
    20.710     0.002     0.001    -0.001
    20.720     0.004    -0.001    -0.006
    20.730    -0.004     0.000    -0.001
    20.740    -0.001     0.001     0.000
    20.750    -0.006     0.002     0.001
    20.760     0.004    -0.002     0.004
    20.770     0.000    -0.001    -0.006
    20.780    -0.003     0.001    -0.005
    20.790    -0.001     0.002     0.000
    20.800     0.000     0.004     0.000
    20.810     0.004     0.000     0.000
    20.820    -0.002     0.000     0.001
    20.830     0.004     0.001     0.000
    20.840    -0.004     0.005    -0.005
    20.850     0.000     0.004     0.001
    20.860    -0.007     0.002     0.002
    20.870    -0.027    -0.007     0.002
    20.880    -0.042    -0.011     0.004
    20.890    -0.068    -0.003     0.002
    20.900    -0.077    -0.013     0.011
    20.910    -0.083    -0.014     0.021
    20.920    -0.095    -0.016     0.023
    20.930    -0.118    -0.024     0.022
    20.940    -0.126    -0.026     0.029
    20.950    -0.115    -0.026     0.027
    20.960    -0.104    -0.029     0.036
    20.970    -0.141    -0.045     0.045
    20.980    -0.181    -0.053     0.040
    20.990    -0.113    -0.047     0.051
    21.000     0.052    -0.023     0.042
    21.010     0.225     0.009     0.025
    21.020     0.181     0.022     0.012
    21.030     0.123    -0.019    -0.016
    21.040     0.225    -0.013    -0.021
    21.050     0.195     0.016     0.003
    21.060     0.142    -0.009    -0.017
    21.070     0.164     0.050    -0.019
    21.080     0.064     0.078     0.007
    21.090    -0.093    -0.002    -0.028
    21.100    -0.140     0.014    -0.036
    21.110    -0.124     0.061    -0.023
    21.120    -0.050     0.006     0.008
    21.130    -0.049     0.001     0.030
    21.140    -0.145     0.007     0.008
    21.150    -0.054    -0.027     0.008
    21.160     0.013     0.012     0.007
    21.170     0.011     0.004     0.000
    21.180     0.025    -0.030     0.004
    21.190     0.130    -0.030     0.018
    21.200     0.297    -0.013    -0.003
    21.210     0.175    -0.003    -0.034
    21.220     0.089    -0.018    -0.040
    21.230     0.082    -0.013    -0.009
    21.240     0.077    -0.077     0.027
    21.250     0.323    -0.050     0.013
    21.260     0.444     0.140    -0.001
    21.270     0.023     0.117    -0.029
    21.280    -0.496    -0.103    -0.045
    21.290    -0.542    -0.110     0.010
    21.300    -0.291     0.004     0.068
    21.310     0.035     0.055     0.060
    21.320     0.007     0.131     0.045
    21.330    -0.241     0.059     0.000
    21.340    -0.134    -0.073    -0.040
    21.350     0.113    -0.042    -0.034
    21.360     0.108    -0.016    -0.053
    21.370    -0.190    -0.094     0.028
    21.380    -0.190    -0.117     0.133
    21.390     0.078    -0.041     0.098
    21.400     0.181     0.010    -0.025
    21.410     0.058     0.085    -0.090
    21.420    -0.206     0.049    -0.013
    21.430    -0.056    -0.164     0.111
    21.440     0.421    -0.166     0.145
    21.450     0.390     0.054     0.047
    21.460    -0.086     0.095    -0.031
    21.470    -0.105     0.028    -0.007
    21.480     0.198     0.059     0.065
    21.490     0.080     0.004     0.001
    21.500    -0.217     0.003    -0.123
    21.510    -0.283     0.119    -0.052
    21.520    -0.130     0.038     0.010
    21.530     0.169    -0.040    -0.043
    21.540     0.265     0.128    -0.101
    21.550     0.091     0.167    -0.109
    21.560    -0.042    -0.007     0.008
    21.570    -0.009    -0.059     0.020
    21.580     0.115    -0.030    -0.118
    21.590    -0.175    -0.044    -0.110
    21.600    -0.442    -0.073    -0.004
    21.610    -0.096    -0.029     0.074
    21.620     0.217     0.012     0.143
    21.630     0.175    -0.069     0.127
    21.640     0.174    -0.044     0.054
    21.650     0.386     0.061     0.055
    21.660     0.348    -0.035     0.071
    21.670     0.088    -0.154     0.011
    21.680     0.064    -0.013    -0.080
    21.690     0.004     0.141    -0.088
    21.700    -0.157     0.097    -0.075
    21.710     0.060     0.110    -0.155
    21.720    -0.027     0.140    -0.147
    21.730    -0.577    -0.041    -0.103
    21.740    -0.403    -0.027    -0.113
    21.750     0.118     0.168     0.027
    21.760     0.204     0.016     0.114
    21.770     0.099    -0.111     0.048
    21.780    -0.018     0.070     0.050
    21.790    -0.142     0.053     0.044
    21.800    -0.030    -0.094     0.015
    21.810     0.195     0.040    -0.023
    21.820     0.182     0.026    -0.010
    21.830     0.031    -0.136     0.073
    21.840    -0.107     0.001    -0.022
    21.850    -0.211     0.051    -0.124
    21.860    -0.469    -0.131    -0.037
    21.870    -0.471    -0.225     0.076
    21.880    -0.123    -0.064     0.110
    21.890    -0.118     0.094     0.045
    21.900    -0.236     0.043    -0.036
    21.910    -0.135     0.034     0.003
    21.920    -0.150     0.003     0.092
    21.930    -0.384    -0.097     0.044
    21.940    -0.360    -0.030     0.027
    21.950    -0.279     0.060     0.047
    21.960    -0.347    -0.045    -0.014
    21.970    -0.353     0.028    -0.088
    21.980    -0.312     0.162    -0.200
    21.990     0.209    -0.004    -0.143
    22.000     0.536    -0.097    -0.013
    22.010     0.247    -0.122    -0.053
    22.020     0.097    -0.062    -0.061
    22.030    -0.022     0.095    -0.002
    22.040     0.147     0.033    -0.003
    22.050     0.464     0.029    -0.008
    22.060     0.334     0.144     0.003
    22.070     0.422     0.087    -0.038
    22.080     0.889     0.069    -0.046
    22.090     1.188     0.174    -0.085
    22.100     1.009     0.225    -0.163
    22.110     0.343     0.224    -0.115
    22.120    -0.249     0.081    -0.022
    22.130    -0.681    -0.051    -0.021
    22.140    -0.910     0.012    -0.026
    22.150    -0.898     0.165     0.009
    22.160    -0.821     0.275    -0.036
    22.170    -0.402     0.211    -0.060
    22.180     0.174     0.048    -0.027
    22.190     0.833    -0.133     0.118
    22.200     1.356    -0.177     0.263
    22.210     1.170    -0.121     0.111
    22.220     0.697    -0.188     0.012
    22.230     0.385    -0.217     0.059
    22.240     0.261    -0.198    -0.002
    22.250     0.377    -0.150    -0.026
    22.260     0.286    -0.049     0.037
    22.270    -0.113    -0.061     0.032
    22.280    -0.527    -0.092    -0.077
    22.290    -0.614    -0.101    -0.068
    22.300    -0.403    -0.006     0.012
    22.310    -0.508     0.094     0.017
    22.320    -0.366     0.053     0.170
    22.330     0.150     0.159     0.309
    22.340     0.352     0.237     0.155
    22.350     0.309     0.168    -0.109
    22.360     0.516     0.028    -0.103
    22.370     1.104    -0.080     0.061
    22.380     1.137    -0.093     0.006
    22.390     0.111    -0.136    -0.101
    22.400    -1.822    -0.123    -0.222
    22.410    -3.448    -0.301    -0.200
    22.420    -3.165    -0.495     0.168
    22.430    -1.151    -0.283     0.497
    22.440     0.428     0.159     0.411
    22.450     0.439     0.268     0.054
    22.460     1.068     0.053     0.016
    22.470     2.471     0.243     0.002
    22.480     2.494     0.296    -0.336
    22.490     1.363    -0.041    -0.302
    22.500     0.108    -0.033     0.024
    22.510    -0.917    -0.029    -0.055
    22.520    -1.215    -0.165    -0.308
    22.530    -1.060     0.241    -0.266
    22.540    -1.515     0.601    -0.133
    22.550    -1.613     0.093     0.051
    22.560     0.020    -0.415     0.437
    22.570     1.822    -0.380     0.627
    22.580     1.498    -0.133     0.274
    22.590    -0.119    -0.054     0.052
    22.600    -0.888    -0.133     0.266
    22.610    -1.096    -0.122     0.068
    22.620    -1.169    -0.235    -0.320
    22.630    -0.932    -0.145    -0.403
    22.640    -0.309     0.159    -0.379
    22.650     1.096     0.180    -0.171
    22.660     2.330     0.155    -0.046
    22.670     2.068     0.206    -0.215
    22.680     0.826    -0.020    -0.152
    22.690    -0.056    -0.275     0.204
    22.700    -0.844    -0.223     0.204
    22.710    -1.993    -0.246     0.149
    22.720    -2.568    -0.040     0.208
    22.730    -1.911     0.433     0.051
    22.740    -0.335     0.607     0.000
    22.750     1.421     0.419     0.033
    22.760     2.627    -0.047     0.125
    22.770     2.171    -0.250    -0.064
    22.780     0.713    -0.344    -0.406
    22.790     0.456    -0.462    -0.055
    22.800     0.670     0.019     0.265
    22.810    -0.340     0.457    -0.017
    22.820    -1.483     0.351    -0.132
    22.830    -1.523     0.478    -0.218
    22.840    -0.560     0.501    -0.512
    22.850     0.921     0.118    -0.265
    22.860     1.341     0.035     0.001
    22.870     0.652    -0.139     0.030
    22.880     0.290    -0.286     0.251
    22.890    -0.076    -0.123     0.100
    22.900    -0.821    -0.055    -0.114
    22.910    -1.297     0.225     0.016
    22.920    -0.781     0.417     0.260
    22.930     0.496     0.309     0.254
    22.940     1.486     0.282     0.143
    22.950     1.533     0.070     0.275
    22.960     1.203    -0.419     0.184
    22.970     0.953    -0.573    -0.072
    22.980     0.203    -0.461    -0.152
    22.990    -0.792    -0.371    -0.036
    23.000    -1.562    -0.017    -0.001
    23.010    -1.708     0.222    -0.151
    23.020    -1.225     0.262    -0.300
    23.030    -0.644     0.159    -0.335
    23.040     0.020    -0.074    -0.217
    23.050     0.580    -0.007    -0.175
    23.060     0.858     0.024     0.037
    23.070     0.651    -0.080     0.350
    23.080     0.297    -0.206     0.492
    23.090     0.100    -0.370     0.436
    23.100    -0.367    -0.175     0.049
    23.110    -0.821     0.086    -0.156
    23.120    -0.839     0.121    -0.135
    23.130    -0.368     0.212    -0.247
    23.140     0.255     0.315    -0.353
    23.150     0.292     0.212    -0.253
    23.160    -0.310    -0.220     0.061
    23.170    -0.788    -0.565     0.071
    23.180    -0.659    -0.476    -0.109
    23.190    -0.076    -0.257     0.105
    23.200     0.175     0.138     0.236
    23.210    -0.447     0.327     0.105
    23.220    -0.588    -0.194     0.265
    23.230     0.394    -0.510     0.499
    23.240     0.908    -0.216     0.436
    23.250     0.807     0.043     0.416
    23.260     0.492     0.201     0.420
    23.270    -0.002     0.089     0.117
    23.280     0.084    -0.192    -0.256
    23.290     0.051    -0.177    -0.394
    23.300    -0.254    -0.174    -0.216
    23.310    -0.425     0.024    -0.171
    23.320    -0.894     0.162    -0.311
    23.330    -0.858    -0.134    -0.118
    23.340    -0.224     0.134     0.038
    23.350     0.627     0.531     0.139
    23.360     1.715     0.394     0.446
    23.370     1.871     0.391     0.394
    23.380     0.788     0.361    -0.164
    23.390     0.159     0.076    -0.407
    23.400     0.300     0.051    -0.252
    23.410    -0.090     0.074    -0.403
    23.420    -0.924    -0.191    -0.429
    23.430    -1.404    -0.312    -0.167
    23.440    -1.013    -0.355    -0.061
    23.450    -0.220    -0.253     0.020
    23.460    -0.070     0.062     0.069
    23.470    -0.540     0.155    -0.021
    23.480    -1.005     0.125    -0.307
    23.490    -0.503    -0.036    -0.555
    23.500     0.468    -0.166    -0.583
    23.510     0.620    -0.138    -0.535
    23.520     0.514    -0.139    -0.535
    23.530     0.350    -0.018    -0.524
    23.540     0.007     0.059    -0.288
    23.550    -0.052     0.126     0.068
    23.560    -0.062     0.285     0.448
    23.570     0.175     0.172     0.699
    23.580     0.620     0.024     0.564
    23.590     0.896     0.101     0.360
    23.600     1.150     0.260     0.343
    23.610     0.857     0.365     0.300
    23.620     0.372     0.038     0.311
    23.630     0.292    -0.388     0.337
    23.640    -0.134    -0.454     0.172
    23.650    -0.872    -0.456     0.050
    23.660    -1.170    -0.352     0.014
    23.670    -1.102     0.005    -0.067
    23.680    -1.060     0.265    -0.257
    23.690    -0.894     0.160    -0.295
    23.700    -0.809    -0.063    -0.048
    23.710    -0.549    -0.271     0.248
    23.720     0.501    -0.257     0.683
    23.730     1.340     0.178     0.806
    23.740     1.407     0.459     0.567
    23.750     1.022     0.575     0.499
    23.760     0.389     0.633     0.321
    23.770     0.019     0.261     0.176
    23.780    -0.154     0.019     0.104
    23.790    -0.445     0.037    -0.221
    23.800    -0.498    -0.006    -0.403
    23.810    -0.181     0.259    -0.483
    23.820    -0.175     0.415    -0.799
    23.830    -0.249     0.125    -0.851
    23.840     0.041     0.020    -0.549
    23.850     0.119    -0.008    -0.435
    23.860     0.158    -0.178    -0.264
    23.870     0.169    -0.018    -0.123
    23.880    -0.256     0.131    -0.251
    23.890    -0.532    -0.030    -0.212
    23.900    -0.456    -0.079    -0.097
    23.910    -0.392    -0.218     0.081
    23.920    -0.383    -0.341     0.280
    23.930    -0.128    -0.237     0.366
    23.940     0.544    -0.109     0.462
    23.950     1.087    -0.045     0.459
    23.960     1.092    -0.294     0.280
    23.970     0.744    -0.644     0.008
    23.980     0.281    -0.661    -0.075
    23.990    -0.047    -0.367    -0.162
    24.000     0.052    -0.064    -0.328
    24.010     0.160     0.126    -0.326
    24.020    -0.217     0.114    -0.306
    24.030    -0.547    -0.256    -0.128
    24.040    -0.665    -0.607     0.091
    24.050    -0.691    -0.795     0.179
    24.060    -0.423    -0.713     0.356
    24.070    -0.097    -0.181     0.437
    24.080     0.248     0.107     0.456
    24.090     0.710     0.091     0.600
    24.100     0.820     0.245     0.378
    24.110     0.303     0.282    -0.159
    24.120    -0.484     0.314    -0.439
    24.130    -1.047     0.345    -0.432
    24.140    -1.001     0.169    -0.196
    24.150    -0.546     0.182     0.129
    24.160    -0.228     0.203     0.310
    24.170     0.127     0.107     0.232
    24.180     0.615     0.168     0.086
    24.190     0.809     0.080     0.041
    24.200     0.668    -0.104    -0.084
    24.210     0.297    -0.140    -0.068
    24.220    -0.050    -0.185     0.125
    24.230    -0.149    -0.115     0.023
    24.240    -0.062     0.080    -0.110
    24.250     0.317     0.129     0.051
    24.260     0.516     0.075     0.026
    24.270     0.141     0.019    -0.265
    24.280    -0.221    -0.071    -0.246
    24.290    -0.283    -0.138     0.108
    24.300    -0.095    -0.120     0.342
    24.310     0.128    -0.003     0.420
    24.320    -0.039     0.128     0.458
    24.330    -0.236     0.214     0.458
    24.340     0.089     0.401     0.449
    24.350     0.503     0.529     0.432
    24.360     0.431     0.393     0.367
    24.370     0.155     0.170     0.311
    24.380     0.279     0.057     0.209
    24.390     0.591     0.142    -0.203
    24.400     0.483     0.216    -0.622
    24.410    -0.144     0.196    -0.700
    24.420    -0.767    -0.074    -0.520
    24.430    -0.789    -0.528    -0.378
    24.440    -0.649    -0.494    -0.609
    24.450    -0.926    -0.180    -0.768
    24.460    -1.245     0.029    -0.645
    24.470    -0.647     0.168    -0.393
    24.480     0.809     0.235     0.021
    24.490     1.508     0.364     0.131
    24.500     1.139     0.318     0.035
    24.510     0.569     0.257     0.057
    24.520     0.061     0.358    -0.012
    24.530    -0.345     0.427    -0.091
    24.540    -0.461     0.543     0.037
    24.550    -0.291     0.638     0.126
    24.560    -0.437     0.532    -0.244
    24.570    -0.632     0.067    -0.534
    24.580    -0.445    -0.362    -0.418
    24.590    -0.395    -0.593    -0.291
    24.600    -0.549    -0.869    -0.044
    24.610    -0.626    -0.964     0.321
    24.620    -0.355    -0.765     0.534
    24.630    -0.177    -0.347     0.423
    24.640    -0.462    -0.148     0.297
    24.650    -0.489    -0.276     0.527
    24.660     0.100    -0.309     0.824
    24.670     0.782    -0.120     0.697
    24.680     0.853     0.247     0.206
    24.690     0.469     0.576     0.050
    24.700     0.330     0.707     0.189
    24.710     0.570     0.604     0.007
    24.720     0.723     0.337    -0.370
    24.730     0.638     0.064    -0.485
    24.740     0.441     0.065    -0.481
    24.750     0.339     0.181    -0.479
    24.760     0.628     0.080    -0.233
    24.770     0.604    -0.083     0.021
    24.780     0.007    -0.398     0.279
    24.790    -0.407    -0.688     0.580
    24.800    -0.460    -0.701     0.641
    24.810    -0.296    -0.468     0.536
    24.820    -0.199     0.070     0.285
    24.830    -0.303     0.505     0.107
    24.840    -0.493     0.647     0.020
    24.850    -0.805     0.681    -0.346
    24.860    -0.974     0.489    -0.690
    24.870    -0.579     0.239    -0.673
    24.880     0.021     0.313    -0.642
    24.890     0.323     0.271    -0.710
    24.900     0.485    -0.203    -0.614
    24.910     0.549    -0.498    -0.574
    24.920     0.366    -0.528    -0.613
    24.930     0.152    -0.593    -0.443
    24.940     0.135    -0.554    -0.162
    24.950     0.201    -0.379     0.199
    24.960     0.034    -0.087     0.469
    24.970    -0.522     0.167     0.443
    24.980    -1.130     0.137     0.327
    24.990    -1.061    -0.123     0.381
    25.000    -0.381    -0.301     0.501
    25.010    -0.036    -0.128     0.241
    25.020     0.084     0.075    -0.076
    25.030     0.445     0.150    -0.154
    25.040     1.067     0.076    -0.227
    25.050     1.606    -0.051    -0.196
    25.060     1.550     0.030    -0.186
    25.070     1.289     0.081    -0.108
    25.080     0.628     0.217    -0.022
    25.090    -0.068     0.226     0.049
    25.100    -0.163     0.126     0.302
    25.110    -0.473     0.229     0.381
    25.120    -0.998     0.076     0.340
    25.130    -1.143    -0.154     0.429
    25.140    -0.446    -0.130     0.556
    25.150     0.280    -0.045     0.368
    25.160     0.089    -0.264     0.034
    25.170    -0.397    -0.552    -0.231
    25.180    -0.523    -0.675    -0.403
    25.190     0.086    -0.669    -0.259
    25.200     0.504    -0.216    -0.358
    25.210     0.014     0.211    -0.515
    25.220    -0.525     0.293    -0.268
    25.230    -0.497     0.174    -0.152
    25.240     0.163     0.063    -0.172
    25.250     0.806     0.273    -0.047
    25.260     0.723     0.478    -0.012
    25.270     0.172     0.468    -0.251
    25.280    -0.226     0.439    -0.459
    25.290    -0.388     0.373    -0.405
    25.300    -0.195     0.299    -0.084
    25.310     0.343     0.402     0.158
    25.320     0.552     0.303     0.058
    25.330     0.305     0.033    -0.099
    25.340    -0.172     0.045    -0.088
    25.350    -0.736     0.014     0.099
    25.360    -0.915    -0.128     0.249
    25.370    -0.487    -0.196     0.442
    25.380     0.004    -0.214     0.684
    25.390     0.092    -0.183     0.754
    25.400    -0.020    -0.023     0.773
    25.410     0.163     0.162     0.825
    25.420     0.598     0.232     0.815
    25.430     0.513     0.232     0.547
    25.440     0.168     0.082     0.303
    25.450    -0.111     0.239     0.127
    25.460    -0.332     0.489    -0.100
    25.470    -0.142     0.424    -0.069
    25.480    -0.040     0.486    -0.055
    25.490     0.144     0.296    -0.007
    25.500     0.434    -0.025     0.073
    25.510     0.056    -0.134    -0.172
    25.520    -0.556    -0.402    -0.330
    25.530    -0.533    -0.638    -0.136
    25.540     0.002    -0.576    -0.078
    25.550     0.160    -0.394    -0.467
    25.560     0.135    -0.426    -0.553
    25.570     0.254    -0.510    -0.252
    25.580     0.134    -0.503    -0.255
    25.590    -0.080    -0.523    -0.223
    25.600    -0.566    -0.286    -0.184
    25.610    -1.203    -0.015    -0.195
    25.620    -1.184     0.001     0.103
    25.630    -0.336     0.057     0.178
    25.640     0.426     0.180    -0.017
    25.650     0.178     0.287    -0.141
    25.660    -0.180     0.162    -0.187
    25.670     0.410    -0.148    -0.014
    25.680     1.255    -0.327     0.086
    25.690     1.239    -0.579     0.048
    25.700     0.553    -0.874     0.137
    25.710    -0.003    -0.935     0.188
    25.720    -0.294    -0.967     0.080
    25.730    -0.318    -1.026     0.011
    25.740    -0.223    -0.891     0.140
    25.750     0.044    -0.699     0.386
    25.760     0.426    -0.434     0.546
    25.770     0.241     0.172     0.214
    25.780    -0.441     0.615    -0.266
    25.790    -0.711     0.623    -0.111
    25.800    -0.389     0.734     0.128
    25.810    -0.214     0.849    -0.018
    25.820    -0.164     0.828    -0.150
    25.830     0.175     0.931    -0.104
    25.840     0.497     1.032    -0.184
    25.850     0.675     0.983    -0.501
    25.860     0.751     0.728    -0.567
    25.870     0.406     0.329    -0.519
    25.880    -0.218    -0.018    -0.653
    25.890    -0.421    -0.221    -0.598
    25.900    -0.165    -0.186    -0.330
    25.910    -0.063    -0.105    -0.077
    25.920    -0.230    -0.152     0.156
    25.930    -0.394    -0.199     0.322
    25.940    -0.699    -0.275     0.390
    25.950    -0.986    -0.302     0.445
    25.960    -0.784    -0.154     0.502
    25.970    -0.311     0.064     0.523
    25.980    -0.039     0.330     0.422
    25.990    -0.092     0.420     0.266
    26.000     0.056     0.296     0.245
    26.010     0.680     0.419     0.174
    26.020     1.341     0.622    -0.016
    26.030     1.475     0.825    -0.299
    26.040     0.992     0.989    -0.550
    26.050     0.552     0.709    -0.336
    26.060     0.195     0.249    -0.046
    26.070    -0.199    -0.298     0.162
    26.080    -0.573    -0.541     0.301
    26.090    -1.071    -0.366     0.081
    26.100    -1.336    -0.308    -0.064
    26.110    -1.095    -0.176    -0.056
    26.120    -0.403    -0.113     0.133
    26.130     0.396    -0.277     0.377
    26.140     1.161    -0.464     0.425
    26.150     1.511    -0.380     0.219
    26.160     1.119    -0.126    -0.175
    26.170     0.572    -0.196    -0.165
    26.180    -0.010    -0.329    -0.061
    26.190    -0.522    -0.307    -0.143
    26.200    -1.066    -0.132    -0.241
    26.210    -1.561    -0.045    -0.395
    26.220    -1.260    -0.135    -0.346
    26.230    -0.506     0.008    -0.351
    26.240     0.198    -0.031    -0.320
    26.250     0.703    -0.226    -0.052
    26.260     1.049    -0.086    -0.031
    26.270     1.295     0.035    -0.095
    26.280     1.083     0.093    -0.112
    26.290     0.587     0.125    -0.070
    26.300     0.344     0.217     0.090
    26.310     0.562     0.400     0.073
    26.320     0.711     0.365    -0.059
    26.330     0.148     0.372    -0.279
    26.340    -0.643     0.336    -0.362
    26.350    -0.851     0.118    -0.126
    26.360    -0.516     0.106     0.034
    26.370    -0.369     0.235    -0.014
    26.380    -0.490     0.291    -0.151
    26.390    -0.361     0.215    -0.257
    26.400     0.124    -0.033    -0.250
    26.410     0.795    -0.236    -0.177
    26.420     0.868    -0.280    -0.115
    26.430     0.417    -0.445     0.051
    26.440     0.343    -0.629     0.265
    26.450     0.411    -0.646     0.369
    26.460     0.493    -0.566     0.457
    26.470     0.550    -0.294     0.467
    26.480     0.279    -0.093     0.398
    26.490    -0.198    -0.068     0.272
    26.500    -0.833     0.167     0.089
    26.510    -1.373     0.408     0.067
    26.520    -1.319     0.340     0.205
    26.530    -0.903     0.275     0.172
    26.540    -0.598     0.192     0.009
    26.550    -0.277     0.063    -0.096
    26.560     0.180     0.118    -0.164
    26.570     0.617     0.281    -0.141
    26.580     0.589     0.440    -0.186
    26.590     0.011     0.258    -0.204
    26.600    -0.459    -0.162    -0.039
    26.610    -0.705    -0.333     0.031
    26.620    -0.789    -0.352     0.049
    26.630    -0.460    -0.282     0.166
    26.640     0.032    -0.078     0.101
    26.650     0.480    -0.027    -0.173
    26.660     0.758    -0.157    -0.163
    26.670     0.568    -0.203     0.014
    26.680    -0.023    -0.282     0.172
    26.690    -0.561    -0.416     0.500
    26.700    -0.815    -0.449     0.714
    26.710    -1.245    -0.333     0.550
    26.720    -1.828    -0.093     0.188
    26.730    -2.119     0.026     0.008
    26.740    -1.889     0.015    -0.081
    26.750    -0.719     0.050    -0.118
    26.760     0.918     0.119     0.077
    26.770     2.291     0.040     0.219
    26.780     2.976     0.039     0.122
    26.790     2.514     0.210    -0.262
    26.800     1.590     0.155    -0.484
    26.810     0.848     0.211    -0.326
    26.820     0.287     0.357    -0.207
    26.830    -0.007     0.215    -0.106
    26.840    -0.342     0.124    -0.118
    26.850    -0.806     0.012    -0.268
    26.860    -0.911    -0.149    -0.248
    26.870    -0.739     0.027    -0.168
    26.880    -0.984     0.130    -0.107
    26.890    -1.663    -0.143     0.097
    26.900    -2.337    -0.353     0.222
    26.910    -2.244    -0.441     0.184
    26.920    -1.064    -0.200    -0.024
    26.930     0.369     0.156    -0.289
    26.940     1.732     0.191    -0.337
    26.950     2.793     0.314    -0.529
    26.960     3.130     0.292    -0.745
    26.970     3.041     0.154    -0.682
    26.980     2.454     0.233    -0.421
    26.990     1.199     0.034     0.002
    27.000    -0.370    -0.349     0.342
    27.010    -2.328    -0.465     0.405
    27.020    -4.008    -0.466     0.363
    27.030    -4.223    -0.456     0.575
    27.040    -3.045    -0.336     0.753
    27.050    -1.110    -0.219     0.813
    27.060     0.622    -0.056     0.704
    27.070     2.043     0.065     0.343
    27.080     3.506     0.117     0.034
    27.090     4.348     0.163    -0.353
    27.100     4.187     0.025    -0.380
    27.110     3.004     0.154    -0.102
    27.120     1.110     0.526    -0.027
    27.130    -0.594     0.610     0.066
    27.140    -1.465     0.595     0.250
    27.150    -1.821     0.571     0.375
    27.160    -2.144     0.340     0.353
    27.170    -2.265     0.029     0.514
    27.180    -2.278    -0.143     0.628
    27.190    -1.915    -0.222     0.464
    27.200    -0.817    -0.180     0.428
    27.210     0.311    -0.021     0.326
    27.220     0.964     0.110    -0.032
    27.230     1.204     0.101    -0.429
    27.240     1.203    -0.060    -0.806
    27.250     0.843    -0.198    -1.184
    27.260     0.128    -0.416    -1.221
    27.270    -0.451    -0.708    -0.779
    27.280    -0.993    -0.757    -0.346
    27.290    -1.513    -0.450    -0.161
    27.300    -1.658     0.125    -0.041
    27.310    -1.184     0.535     0.178
    27.320     0.136     0.540     0.526
    27.330     1.385     0.576     0.610
    27.340     1.723     0.597     0.351
    27.350     1.496     0.330     0.214
    27.360     1.383     0.158     0.132
    27.370     1.694     0.313    -0.044
    27.380     1.469     0.585    -0.320
    27.390     0.418     0.530    -0.608
    27.400    -0.621     0.102    -0.778
    27.410    -1.433    -0.348    -0.846
    27.420    -1.916    -0.770    -0.586
    27.430    -1.856    -1.015     0.006
    27.440    -1.254    -0.920     0.620
    27.450    -0.325    -0.682     0.764
    27.460     0.593    -0.472     0.469
    27.470     1.065    -0.309     0.138
    27.480     1.239    -0.337    -0.137
    27.490     1.634    -0.400    -0.247
    27.500     2.151    -0.317    -0.248
    27.510     1.986    -0.106    -0.194
    27.520     0.503     0.204    -0.404
    27.530    -1.159     0.167    -0.594
    27.540    -1.852    -0.129    -0.215
    27.550    -1.888    -0.228     0.297
    27.560    -1.884     0.107     0.591
    27.570    -1.800     0.607     0.769
    27.580    -0.882     0.795     0.982
    27.590     0.526     0.996     0.837
    27.600     1.439     1.120     0.346
    27.610     1.378     0.688    -0.067
    27.620     0.664    -0.190    -0.407
    27.630    -0.018    -0.769    -0.619
    27.640    -0.772    -0.717    -0.653
    27.650    -1.472    -0.371    -0.483
    27.660    -1.537     0.228    -0.238
    27.670    -1.124     0.832    -0.059
    27.680    -0.723     0.983    -0.018
    27.690     0.046     0.719     0.200
    27.700     1.197     0.702     0.555
    27.710     1.778     0.789     0.594
    27.720     1.419     0.531     0.540
    27.730     0.695     0.167     0.606
    27.740     0.163    -0.221     0.590
    27.750    -0.508    -0.417     0.186
    27.760    -0.878    -0.669    -0.020
    27.770    -0.373    -0.628     0.212
    27.780    -0.045     0.228     0.091
    27.790    -0.107     0.765    -0.198
    27.800     0.364     0.822    -0.164
    27.810     1.267     0.981    -0.075
    27.820     1.810     0.794    -0.186
    27.830     1.769     0.280    -0.260
    27.840     1.050    -0.072    -0.234
    27.850    -0.419    -0.311    -0.260
    27.860    -1.746    -0.597    -0.293
    27.870    -2.194    -0.771    -0.336
    27.880    -1.836    -0.718    -0.393
    27.890    -0.909    -0.514    -0.409
    27.900    -0.239    -0.313    -0.486
    27.910     0.241    -0.399    -0.308
    27.920     1.178    -0.445     0.381
    27.930     1.899    -0.100     0.914
    27.940     1.706     0.232     1.107
    27.950     0.818     0.426     1.154
    27.960     0.085     0.570     1.022
    27.970    -0.488     0.603     0.665
    27.980    -0.959     0.234     0.250
    27.990    -0.938    -0.199    -0.177
    28.000    -0.966    -0.448    -0.748
    28.010    -0.830    -0.960    -0.828
    28.020    -0.411    -1.286    -0.620
    28.030    -0.051    -1.269    -0.582
    28.040     0.682    -0.984    -0.438
    28.050     1.141    -0.341    -0.540
    28.060     0.655     0.146    -1.098
    28.070     0.083     0.320    -1.528
    28.080     0.135     0.333    -1.165
    28.090     0.359     0.246    -0.501
    28.100     0.064    -0.011    -0.079
    28.110    -0.644    -0.395     0.343
    28.120    -1.621    -0.656     0.556
    28.130    -2.332    -0.882     0.592
    28.140    -2.065    -0.829     0.816
    28.150    -1.421    -0.248     0.863
    28.160    -0.866     0.331     0.564
    28.170    -0.391     0.851     0.064
    28.180     0.100     1.275    -0.680
    28.190     0.916     1.340    -1.040
    28.200     1.833     1.148    -0.763
    28.210     2.284     0.605    -0.424
    28.220     1.700    -0.106    -0.060
    28.230     0.583    -0.697     0.460
    28.240    -0.176    -0.899     0.886
    28.250    -0.712    -0.557     1.140
    28.260    -0.912    -0.117     1.450
    28.270    -0.662     0.163     1.718
    28.280    -0.517     0.428     1.473
    28.290    -0.669     0.570     0.816
    28.300    -0.715     0.454     0.352
    28.310    -0.090     0.246     0.368
    28.320     0.776     0.142     0.452
    28.330     1.041     0.072     0.314
    28.340     0.783     0.088     0.160
    28.350     0.320     0.299    -0.152
    28.360     0.193     0.373    -0.323
    28.370     0.141     0.431    -0.270
    28.380    -0.306     0.439    -0.195
    28.390    -0.785     0.325     0.034
    28.400    -1.385     0.189    -0.072
    28.410    -1.646    -0.374    -0.108
    28.420    -1.125    -0.654     0.081
    28.430    -0.274    -0.486    -0.042
    28.440     0.375    -0.530    -0.387
    28.450     0.642    -0.666    -0.928
    28.460     0.925    -0.944    -1.211
    28.470     1.298    -1.111    -1.243
    28.480     1.314    -0.892    -1.289
    28.490     0.727    -0.718    -1.085
    28.500     0.520    -1.028    -0.511
    28.510     0.935    -1.291    -0.036
    28.520     0.760    -1.051    -0.103
    28.530     0.213    -0.757    -0.104
    28.540    -0.147    -0.290     0.124
    28.550    -0.538     0.423    -0.018
    28.560    -0.975     0.801    -0.333
    28.570    -1.244     0.957    -0.479
    28.580    -1.041     1.026    -0.616
    28.590    -0.427     0.742    -0.605
    28.600     0.109     0.476    -0.567
    28.610     0.345     0.399    -0.554
    28.620     0.633     0.519    -0.079
    28.630     1.041     0.766     0.486
    28.640     1.140     0.620     0.816
    28.650     0.910     0.154     1.163
    28.660     0.586    -0.244     1.407
    28.670     0.177    -0.466     1.244
    28.680    -0.232    -0.487     0.638
    28.690    -0.326    -0.473     0.067
    28.700     0.068    -0.403    -0.219
    28.710     0.482    -0.058    -0.498
    28.720     0.431     0.225    -0.658
    28.730     0.067     0.451    -0.595
    28.740    -0.221     0.677    -0.361
    28.750    -0.326     0.469     0.034
    28.760    -0.562     0.037     0.214
    28.770    -0.840    -0.390     0.286
    28.780    -0.600    -0.681     0.458
    28.790     0.082    -0.566     0.437
    28.800     0.489    -0.127     0.066
    28.810     0.563     0.261    -0.211
    28.820     0.676     0.550    -0.149
    28.830     0.735     0.721    -0.168
    28.840     0.485     0.469    -0.107
    28.850    -0.225     0.054     0.151
    28.860    -0.921    -0.213     0.408
    28.870    -1.047    -0.204     0.590
    28.880    -0.574    -0.138     0.568
    28.890     0.093    -0.348     0.446
    28.900     0.360    -0.559     0.118
    28.910     0.181    -0.776    -0.509
    28.920    -0.108    -0.973    -1.037
    28.930    -0.268    -0.681    -1.078
    28.940    -0.282     0.038    -0.707
    28.950    -0.443     0.879    -0.352
    28.960    -0.781     1.565    -0.167
    28.970    -0.819     1.796     0.031
    28.980    -0.683     1.696     0.061
    28.990    -0.661     1.354    -0.044
    29.000    -0.382     0.754     0.107
    29.010     0.118     0.094     0.396
    29.020     0.208    -0.594     0.400
    29.030     0.326    -1.353     0.311
    29.040     1.130    -1.547     0.506
    29.050     1.899    -0.930     0.510
    29.060     2.372    -0.333     0.393
    29.070     2.119     0.097     0.191
    29.080     0.715     0.187    -0.242
    29.090    -0.797    -0.254    -0.224
    29.100    -1.832    -0.538     0.141
    29.110    -2.320    -0.478     0.590
    29.120    -2.469    -0.187     0.888
    29.130    -2.365     0.218     0.779
    29.140    -1.708     0.527     0.468
    29.150    -0.788     0.660     0.069
    29.160     0.408     0.430    -0.052
    29.170     1.692     0.099    -0.012
    29.180     2.108    -0.083    -0.212
    29.190     1.696    -0.371    -0.504
    29.200     1.256    -0.466    -0.743
    29.210     0.994    -0.277    -0.792
    29.220     0.696    -0.018    -0.556
    29.230    -0.061     0.349    -0.276
    29.240    -1.269     0.422    -0.119
    29.250    -2.034     0.197    -0.093
    29.260    -1.591    -0.024    -0.022
    29.270    -0.446    -0.016     0.048
    29.280     0.457     0.174    -0.111
    29.290     0.806     0.233    -0.173
    29.300     0.771     0.097    -0.111
    29.310     1.178    -0.189    -0.055
    29.320     1.759    -0.077    -0.086
    29.330     1.379     0.131    -0.305
    29.340     0.190     0.002    -0.522
    29.350    -0.976    -0.006    -0.674
    29.360    -1.093    -0.006    -0.419
    29.370    -0.719     0.184     0.012
    29.380    -0.970     0.501     0.331
    29.390    -1.167     0.525     0.918
    29.400    -0.930     0.497     1.309
    29.410    -0.436     0.582     1.233
    29.420     0.302     0.748     1.197
    29.430     0.879     0.776     1.198
    29.440     1.010     0.337     0.881
    29.450     1.016    -0.418     0.337
    29.460     0.979    -0.881    -0.462
    29.470     0.510    -1.140    -1.481
    29.480    -0.309    -1.165    -2.088
    29.490    -0.967    -0.864    -2.004
    29.500    -0.979    -0.617    -1.455
    29.510    -0.488    -0.234    -0.851
    29.520     0.093     0.169    -0.129
    29.530     0.389     0.731     0.445
    29.540     0.095     1.282     0.684
    29.550    -0.223     1.326     1.134
    29.560    -0.443     1.540     1.132
    29.570    -0.653     1.731     0.703
    29.580    -0.391     1.415     0.541
    29.590    -0.020     0.866     0.252
    29.600     0.017     0.333     0.023
    29.610    -0.140     0.142     0.069
    29.620    -0.174     0.239     0.315
    29.630    -0.257     0.525     0.463
    29.640    -0.537     0.664     0.574
    29.650    -0.447     0.561     0.960
    29.660    -0.329     0.530     0.780
    29.670    -0.433     0.190     0.162
    29.680    -0.249    -0.360    -0.275
    29.690     0.028    -0.727    -0.677
    29.700     0.451    -1.046    -0.759
    29.710     1.000    -1.218    -0.537
    29.720     1.081    -1.211    -0.391
    29.730     1.059    -1.271    -0.217
    29.740     1.355    -1.114     0.200
    29.750     1.084    -0.565     0.270
    29.760     0.116    -0.212     0.017
    29.770    -0.683     0.193    -0.074
    29.780    -1.182     0.576    -0.313
    29.790    -1.034     0.327    -0.422
    29.800    -0.132     0.170    -0.235
    29.810     1.005     0.105    -0.118
    29.820     2.055    -0.064    -0.150
    29.830     2.429    -0.034    -0.080
    29.840     2.198    -0.241     0.389
    29.850     1.655    -0.342     0.844
    29.860     0.373    -0.221     0.835
    29.870    -1.219    -0.372     0.630
    29.880    -2.091    -0.278     0.596
    29.890    -2.362     0.317     0.555
    29.900    -2.644     0.848     0.287
    29.910    -2.620     1.199     0.097
    29.920    -2.214     1.416    -0.085
    29.930    -1.564     1.036    -0.511
    29.940     0.188     0.318    -0.683
    29.950     2.263     0.029    -0.774
    29.960     2.999    -0.087    -1.198
    29.970     2.880    -0.163    -1.311
    29.980     2.408     0.067    -1.253
    29.990     1.724     0.060    -1.292
    30.000     0.991    -0.076    -1.093
    30.010    -0.337    -0.314    -1.019
    30.020    -1.713    -1.233    -0.858
    30.030    -2.054    -1.950    -0.195
    30.040    -1.662    -2.061     0.538
    30.050    -1.144    -1.978     1.414
    30.060    -0.716    -1.583     2.542
    30.070    -0.456    -1.206     3.408
    30.080    -0.066    -1.079     3.672
    30.090     0.360    -0.754     3.269
    30.100     0.390    -0.577     2.371
    30.110     0.156    -1.019     1.298
    30.120     0.059    -1.231     0.351
    30.130    -0.034    -1.155    -0.490
    30.140    -0.430    -1.163    -1.158
    30.150    -0.768    -0.989    -1.231
    30.160    -0.738    -0.666    -1.082
    30.170    -0.554    -0.383    -1.254
    30.180    -0.452    -0.545    -1.608
    30.190    -0.175    -1.017    -2.069
    30.200     0.350    -1.336    -2.549
    30.210     0.650    -1.603    -2.858
    30.220     0.454    -1.956    -2.985
    30.230     0.095    -2.100    -2.839
    30.240     0.055    -1.826    -2.640
    30.250    -0.002    -1.418    -2.693
    30.260     0.035    -1.202    -2.585
    30.270     0.212    -1.244    -2.332
    30.280    -0.070    -1.577    -2.186
    30.290    -0.256    -2.201    -1.888
    30.300    -0.223    -2.596    -1.389
    30.310    -0.589    -2.481    -0.994
    30.320    -0.638    -1.967    -0.627
    30.330     0.351    -1.069    -0.147
    30.340     1.581     0.147    -0.102
    30.350     2.062     1.501    -0.293
    30.360     1.888     2.617    -0.212
    30.370     1.522     3.628    -0.058
    30.380     0.898     4.439     0.155
    30.390     0.296     4.641     0.524
    30.400    -0.237     4.530     1.009
    30.410    -0.825     4.175     1.554
    30.420    -0.861     3.522     2.060
    30.430    -0.682     2.960     2.187
    30.440    -0.626     2.522     2.201
    30.450    -0.465     2.100     2.544
    30.460    -0.265     2.100     2.699
    30.470     0.189     2.467     2.444
    30.480     0.572     2.827     1.985
    30.490     0.556     2.929     1.302
    30.500     0.330     2.435     0.490
    30.510    -0.245     1.510    -0.188
    30.520    -1.055     0.253    -0.370
    30.530    -1.623    -0.989     0.058
    30.540    -1.422    -1.767     1.166
    30.550    -0.816    -2.031     2.518
    30.560    -0.392    -1.645     3.469
    30.570     0.233    -0.978     4.205
    30.580     0.860    -0.233     4.392
    30.590     1.362     0.383     3.956
    30.600     1.394     0.841     3.320
    30.610     0.687     1.139     2.611
    30.620    -0.088     1.360     2.048
    30.630    -0.799     1.996     1.475
    30.640    -1.042     2.372     1.033
    30.650    -0.806     2.474     0.760
    30.660    -0.233     2.292     0.526
    30.670     0.597     1.357     0.149
    30.680     1.016     0.347    -0.666
    30.690     1.109    -0.555    -1.642
    30.700     0.961    -1.512    -2.451
    30.710     0.656    -2.494    -2.905
    30.720     0.631    -3.249    -2.873
    30.730     0.777    -3.644    -2.456
    30.740     0.533    -3.803    -2.022
    30.750     0.004    -3.516    -1.610
    30.760    -0.559    -2.649    -1.338
    30.770    -1.323    -1.545    -1.456
    30.780    -1.701    -0.627    -1.526
    30.790    -1.467     0.305    -1.350
    30.800    -0.847     0.986    -1.043
    30.810     0.189     1.160    -0.593
    30.820     0.924     1.304    -0.174
    30.830     0.744     1.058    -0.012
    30.840     0.141     0.431    -0.230
    30.850    -0.419     0.134    -0.967
    30.860    -0.819     0.033    -2.031
    30.870    -0.831    -0.117    -2.928
    30.880    -0.711    -0.204    -3.491
    30.890    -0.272    -0.572    -3.565
    30.900     0.695    -1.131    -3.150
    30.910     1.586    -1.423    -2.356
    30.920     1.803    -1.609    -1.444
    30.930     1.057    -1.618    -0.723
    30.940     0.360    -1.618     0.045
    30.950     0.093    -1.565     0.419
    30.960    -0.350    -1.257     0.464
    30.970    -0.922    -0.908     0.654
    30.980    -1.303    -0.598     0.676
    30.990    -0.833    -0.468     1.091
    31.000    -0.181    -0.376     1.655
    31.010    -0.278    -0.458     1.855
    31.020    -0.773    -0.456     1.935
    31.030    -1.184    -0.157     1.667
    31.040    -1.030     0.038     1.276
    31.050    -0.419     0.603     0.858
    31.060     0.056     1.449     0.360
    31.070    -0.173     2.283    -0.123
    31.080    -0.860     3.209    -0.506
    31.090    -1.013     3.741    -0.417
    31.100    -0.386     3.747    -0.017
    31.110     0.382     3.126     0.326
    31.120     0.747     1.965     0.594
    31.130     0.830     0.896     0.835
    31.140     0.977     0.104     1.186
    31.150     1.376    -0.429     1.628
    31.160     1.592    -0.616     1.943
    31.170     1.153    -0.759     1.971
    31.180     0.492    -1.321     1.825
    31.190    -0.045    -1.648     1.430
    31.200    -0.639    -1.506     0.419
    31.210    -0.832    -1.295    -0.423
    31.220    -0.365    -0.651    -0.584
    31.230    -0.202    -0.217    -0.581
    31.240    -0.390    -0.355    -0.236
    31.250    -0.422    -0.348     0.394
    31.260    -0.130    -0.244     0.849
    31.270     0.069     0.036     0.749
    31.280    -0.338     0.491     0.405
    31.290    -0.513     0.493     0.330
    31.300    -0.468     0.631     0.012
    31.310    -0.531     1.009    -0.378
    31.320    -0.226     0.988    -0.502
    31.330     0.188     1.373    -0.641
    31.340     0.213     1.940    -0.657
    31.350     0.079     2.034    -0.550
    31.360     0.222     1.862    -0.386
    31.370     0.504     1.462     0.085
    31.380     0.586     0.893     0.523
    31.390     0.316     0.224     0.366
    31.400     0.283    -0.259     0.075
    31.410     0.630    -0.556    -0.378
    31.420     0.655    -0.855    -1.196
    31.430     0.577    -1.346    -1.384
    31.440     0.705    -1.924    -1.030
    31.450     0.660    -2.416    -0.811
    31.460     0.241    -2.916    -0.506
    31.470    -0.142    -3.203    -0.143
    31.480    -0.182    -3.413     0.061
    31.490    -0.015    -3.362     0.115
    31.500     0.052    -2.722    -0.344
    31.510    -0.323    -2.040    -1.146
    31.520    -0.715    -1.488    -1.430
    31.530    -0.842    -0.940    -1.486
    31.540    -0.996    -0.498    -1.466
    31.550    -1.075    -0.156    -1.006
    31.560    -0.946     0.083    -0.461
    31.570    -0.660     0.367    -0.152
    31.580    -0.286     0.738    -0.078
    31.590     0.261     1.058     0.141
    31.600     0.527     1.560     0.316
    31.610     0.536     1.925     0.488
    31.620     1.063     1.912     0.851
    31.630     1.280     1.865     0.898
    31.640     1.072     1.341     1.301
    31.650     0.750     0.749     1.893
    31.660    -0.191     0.386     2.162
    31.670    -1.035    -0.040     2.419
    31.680    -1.201    -0.049     2.531
    31.690    -0.876     0.157     2.425
    31.700    -0.770     0.522     1.657
    31.710    -0.509     0.706     0.901
    31.720     0.101     0.657     0.242
    31.730     0.409     0.656    -0.562
    31.740     0.699     0.317    -0.952
    31.750     0.534     0.052    -1.184
    31.760    -0.105     0.040    -1.353
    31.770    -0.725     0.232    -1.509
    31.780    -0.569     0.505    -1.240
    31.790    -0.046     0.825    -1.110
    31.800    -0.125     1.129    -1.152
    31.810     0.041     1.007    -0.876
    31.820     0.642     0.656    -0.683
    31.830     1.336     0.468    -0.306
    31.840     1.207     0.447    -0.068
    31.850     0.622     0.246     0.610
    31.860     0.331     0.618     1.069
    31.870    -0.167     1.459     0.818
    31.880    -0.355     1.961     0.774
    31.890    -0.376     2.275     0.540
    31.900    -0.163     1.915     0.667
    31.910     0.153     1.208     0.710
    31.920     0.499     0.428     0.663
    31.930     1.095    -0.090     0.790
    31.940     1.269    -0.302     0.416
    31.950     1.313    -0.955    -0.082
    31.960     0.883    -1.339    -0.803
    31.970     0.250    -1.590    -1.377
    31.980     0.363    -1.875    -1.466
    31.990     0.291    -1.683    -1.558
    32.000    -0.637    -1.581    -1.643
    32.010    -1.517    -1.656    -1.199
    32.020    -1.527    -1.619    -0.523
    32.030    -1.300    -1.484    -0.438
    32.040    -1.065    -1.382    -0.590
    32.050    -0.666    -1.291    -0.627
    32.060    -0.288    -1.172    -0.793
    32.070     0.361    -1.139    -0.718
    32.080     0.897    -1.096    -0.359
    32.090     0.895    -0.995    -0.243
    32.100     0.920    -0.777    -0.092
    32.110     0.948    -0.404    -0.034
    32.120     0.412    -0.108    -0.127
    32.130    -0.218     0.206     0.176
    32.140    -0.387     0.805     0.554
    32.150    -0.392     1.397     0.534
    32.160    -0.363     1.702     0.124
    32.170    -0.260     1.810    -0.264
    32.180    -0.250     1.733    -0.583
    32.190    -0.174     1.397    -0.743
    32.200     0.326     1.025    -0.443
    32.210     0.902     0.898    -0.084
    32.220     0.611     0.716     0.100
    32.230    -0.260     0.047     0.362
    32.240    -0.669    -0.854     0.985
    32.250    -0.896    -1.523     1.442
    32.260    -1.152    -1.954     1.396
    32.270    -1.161    -2.008     1.228
    32.280    -1.109    -1.759     0.822
    32.290    -0.969    -1.587     0.337
    32.300    -0.407    -1.569     0.140
    32.310     0.154    -1.453     0.084
    32.320    -0.051    -1.228    -0.079
    32.330    -0.298    -1.282     0.003
    32.340    -0.208    -1.144     0.068
    32.350    -0.012    -0.724    -0.213
    32.360     0.432    -0.165    -0.392
    32.370     0.350     0.717    -0.859
    32.380     0.045     1.129    -1.235
    32.390     0.158     1.218    -1.292
    32.400     0.320     1.173    -1.476
    32.410     0.556     0.757    -1.460
    32.420     0.606     0.488    -1.441
    32.430     0.482     0.275    -1.349
    32.440     0.331     0.110    -1.037
    32.450    -0.066     0.157    -0.544
    32.460    -0.528     0.363     0.107
    32.470    -0.898     0.761     0.636
    32.480    -1.142     0.964     1.251
    32.490    -1.241     0.797     1.876
    32.500    -1.209     0.560     2.170
    32.510    -0.869     0.290     2.239
    32.520    -0.444     0.250     2.011
    32.530    -0.141     0.524     1.465
    32.540     0.493     0.764     0.893
    32.550     1.129     1.019     0.168
    32.560     1.326     1.051    -0.572
    32.570     1.294     0.843    -1.048
    32.580     1.074     0.630    -1.293
    32.590     0.851     0.273    -1.188
    32.600     0.496    -0.207    -0.915
    32.610    -0.199    -0.572    -0.685
    32.620    -0.756    -0.671    -0.443
    32.630    -0.764    -0.631    -0.134
    32.640    -0.260    -0.428     0.092
    32.650     0.326    -0.223     0.232
    32.660     0.516    -0.197     0.489
    32.670     0.701    -0.341     1.037
    32.680     1.035    -0.509     1.643
    32.690     0.941    -0.451     1.835
    32.700     0.607    -0.318     1.778
    32.710     0.481    -0.162     1.576
    32.720     0.521    -0.007     1.225
    32.730     0.637     0.098     0.878
    32.740     0.895     0.491     0.577
    32.750     1.013     1.240     0.195
    32.760     0.910     1.757    -0.213
    32.770     0.855     1.976    -0.369
    32.780     0.563     1.905    -0.261
    32.790     0.187     1.494     0.058
    32.800     0.092     1.161     0.378
    32.810    -0.014     0.681     0.718
    32.820    -0.512     0.110     0.848
    32.830    -1.229    -0.396     0.632
    32.840    -1.573    -0.790     0.419
    32.850    -1.465    -0.762     0.021
    32.860    -1.365    -0.611    -0.333
    32.870    -1.289    -0.523    -0.276
    32.880    -0.953    -0.542    -0.017
    32.890    -0.802    -0.682     0.116
    32.900    -0.732    -0.936     0.181
    32.910    -0.451    -0.928     0.233
    32.920    -0.363    -0.519    -0.174
    32.930    -0.110    -0.239    -0.715
    32.940     0.209     0.126    -1.137
    32.950     0.581     0.433    -1.368
    32.960     1.029     0.683    -1.372
    32.970     0.841     0.962    -1.605
    32.980     0.556     0.870    -1.775
    32.990     0.539     0.760    -1.695
    33.000     0.545     0.436    -1.367
    33.010     0.388    -0.108    -0.889
    33.020     0.019    -0.433    -0.359
    33.030    -0.429    -0.482     0.095
    33.040    -0.693    -0.517     0.345
    33.050    -0.171    -0.666     0.834
    33.060     0.279    -0.653     1.059
    33.070     0.126    -0.929     0.901
    33.080    -0.001    -1.272     0.731
    33.090    -0.336    -1.268     0.134
    33.100    -0.785    -1.272    -0.684
    33.110    -0.833    -1.033    -1.191
    33.120    -0.791    -0.440    -1.514
    33.130    -0.984    -0.027    -1.754
    33.140    -0.759     0.215    -1.558
    33.150    -0.214     0.480    -1.300
    33.160    -0.087     0.357    -1.212
    33.170    -0.357    -0.015    -0.989
    33.180    -0.651    -0.555    -0.612
    33.190    -0.371    -1.132    -0.069
    33.200     0.126    -1.203     0.263
    33.210     0.392    -1.041     0.380
    33.220     0.710    -0.625     0.484
    33.230     0.839    -0.050     0.489
    33.240     0.835     0.029     0.626
    33.250     0.744    -0.019     0.834
    33.260     0.202     0.268     1.026
    33.270    -0.536     0.494     1.371
    33.280    -0.800     0.561     1.754
    33.290    -0.500     0.731     1.922
    33.300    -0.242     0.930     1.617
    33.310    -0.318     0.805     1.019
    33.320    -0.291     0.373     0.611
    33.330     0.152     0.103     0.326
    33.340     0.415     0.034     0.063
    33.350     0.202     0.054    -0.085
    33.360    -0.010     0.176    -0.182
    33.370    -0.071     0.270    -0.256
    33.380    -0.040     0.082    -0.239
    33.390     0.096    -0.210    -0.080
    33.400     0.146    -0.003    -0.142
    33.410    -0.024     0.095    -0.323
    33.420     0.101    -0.251    -0.229
    33.430     0.550    -0.403    -0.111
    33.440     0.893    -0.602     0.028
    33.450     0.996    -0.717     0.092
    33.460     0.553    -0.501    -0.102
    33.470     0.029    -0.313    -0.286
    33.480    -0.058     0.062    -0.369
    33.490     0.009     0.555    -0.445
    33.500     0.066     0.897    -0.479
    33.510     0.167     1.125    -0.359
    33.520     0.352     1.098    -0.165
    33.530     0.346     1.036    -0.029
    33.540     0.113     1.023     0.020
    33.550    -0.188     0.848    -0.008
    33.560    -0.430     0.657     0.100
    33.570    -0.397     0.502     0.385
    33.580    -0.237     0.389     0.632
    33.590    -0.235     0.375     0.741
    33.600    -0.249     0.280     0.960
    33.610     0.112     0.187     1.252
    33.620     0.580     0.270     1.116
    33.630     0.689     0.314     0.703
    33.640     0.606     0.193     0.402
    33.650     0.658    -0.137     0.367
    33.660     0.949    -0.623     0.485
    33.670     1.119    -1.031     0.417
    33.680     0.988    -1.365     0.186
    33.690     0.769    -1.613    -0.130
    33.700     0.383    -1.520    -0.653
    33.710    -0.136    -1.252    -1.272
    33.720    -0.468    -1.152    -1.630
    33.730    -0.539    -1.216    -1.680
    33.740    -0.781    -1.318    -1.639
    33.750    -1.296    -1.252    -1.425
    33.760    -1.512    -0.997    -0.837
    33.770    -1.364    -0.478    -0.351
    33.780    -1.095     0.062    -0.177
    33.790    -0.768     0.358     0.066
    33.800    -0.350     0.695     0.193
    33.810     0.267     0.814     0.205
    33.820     0.869     0.796     0.105
    33.830     1.252     0.980    -0.103
    33.840     1.385     1.342    -0.095
    33.850     1.170     1.727    -0.043
    33.860     0.731     1.629     0.061
    33.870     0.134     1.314     0.066
    33.880    -0.422     0.838    -0.004
    33.890    -0.676     0.237     0.110
    33.900    -0.832     0.028     0.024
    33.910    -0.735    -0.197     0.095
    33.920    -0.354    -0.446     0.433
    33.930    -0.085    -0.582     0.594
    33.940    -0.162    -0.776     0.622
    33.950    -0.275    -0.968     0.589
    33.960     0.067    -0.990     0.418
    33.970     0.175    -0.660    -0.203
    33.980    -0.042    -0.484    -0.677
    33.990    -0.025    -0.364    -0.596
    34.000     0.030    -0.116    -0.420
    34.010    -0.019    -0.056    -0.223
    34.020    -0.321     0.067    -0.058
    34.030    -0.442     0.263     0.325
    34.040    -0.288     0.543     0.777
    34.050    -0.397     0.702     1.017
    34.060    -0.516     0.611     1.251
    34.070    -0.545     0.704     1.252
    34.080    -0.532     0.673     1.066
    34.090    -0.175     0.420     0.793
    34.100     0.126     0.304     0.268
    34.110     0.014     0.006    -0.189
    34.120     0.119    -0.322    -0.461
    34.130     0.532    -0.243    -0.795
    34.140     0.854    -0.094    -1.051
    34.150     0.926    -0.009    -1.008
    34.160     0.578     0.102    -0.813
    34.170     0.279     0.011    -0.559
    34.180     0.259    -0.137    -0.176
    34.190     0.061    -0.057     0.107
    34.200    -0.290     0.101     0.181
    34.210    -0.562     0.098     0.235
    34.220    -0.450    -0.178     0.309
    34.230    -0.152    -0.514     0.259
    34.240    -0.159    -0.817     0.054
    34.250    -0.044    -1.142    -0.081
    34.260     0.148    -1.146    -0.297
    34.270     0.206    -0.876    -0.644
    34.280     0.147    -0.426    -0.892
    34.290    -0.331     0.192    -1.019
    34.300    -0.805     0.675    -0.933
    34.310    -1.005     0.942    -0.656
    34.320    -0.862     1.018    -0.222
    34.330    -0.496     1.042     0.069
    34.340    -0.423     0.836     0.016
    34.350    -0.403     0.364    -0.194
    34.360    -0.021     0.101    -0.442
    34.370     0.467     0.223    -0.572
    34.380     0.696     0.496    -0.508
    34.390     0.681     0.681    -0.192
    34.400     0.564     0.709     0.284
    34.410     0.776     0.471     0.876
    34.420     1.080     0.347     1.225
    34.430     0.816     0.470     1.046
    34.440     0.257     0.576     0.675
    34.450    -0.012     0.507     0.381
    34.460     0.331     0.120     0.336
    34.470     0.737    -0.184     0.248
    34.480     0.607    -0.270     0.082
    34.490     0.091    -0.200    -0.144
    34.500    -0.367     0.010    -0.511
    34.510    -0.398     0.212    -0.645
    34.520    -0.080     0.363    -0.517
    34.530    -0.073     0.489    -0.369
    34.540    -0.682     0.341    -0.242
    34.550    -0.820    -0.228     0.273
    34.560    -0.353    -0.457     0.852
    34.570    -0.095    -0.372     1.160
    34.580     0.137    -0.308     1.572
    34.590     0.238    -0.029     1.751
    34.600     0.235     0.038     1.596
    34.610     0.341    -0.113     1.262
    34.620     0.477    -0.165     0.759
    34.630     0.742    -0.271     0.299
    34.640     0.739    -0.435    -0.069
    34.650     0.341    -0.666    -0.358
    34.660     0.013    -0.873    -0.728
    34.670     0.057    -0.950    -1.146
    34.680     0.256    -0.978    -1.497
    34.690     0.112    -0.966    -1.891
    34.700    -0.146    -0.995    -2.123
    34.710    -0.147    -1.064    -2.056
    34.720    -0.096    -0.958    -1.932
    34.730    -0.297    -0.620    -1.773
    34.740    -0.440    -0.373    -1.273
    34.750    -0.359    -0.124    -0.625
    34.760    -0.499     0.288    -0.299
    34.770    -0.637     0.503    -0.082
    34.780    -0.690     0.655     0.194
    34.790    -0.853     0.797     0.402
    34.800    -0.800     0.727     0.613
    34.810    -0.424     0.520     0.929
    34.820     0.182     0.238     1.192
    34.830     0.679     0.027     1.209
    34.840     0.839    -0.176     1.223
    34.850     0.845    -0.355     1.274
    34.860     0.648    -0.357     1.055
    34.870     0.371    -0.410     0.693
    34.880     0.253    -0.523     0.411
    34.890     0.113    -0.477     0.216
    34.900    -0.086    -0.466     0.175
    34.910    -0.184    -0.595     0.151
    34.920    -0.279    -0.630    -0.050
    34.930    -0.402    -0.647    -0.185
    34.940    -0.368    -0.629    -0.230
    34.950    -0.344    -0.370    -0.531
    34.960    -0.267    -0.187    -0.936
    34.970     0.149    -0.121    -1.157
    34.980     0.569     0.043    -1.382
    34.990     0.704     0.014    -1.545
    35.000     0.596    -0.109    -1.338
    35.010     0.474     0.003    -0.864
    35.020     0.334     0.218    -0.491
    35.030    -0.040     0.257    -0.241
    35.040    -0.368     0.076     0.188
    35.050    -0.482     0.053     0.603
    35.060    -0.468     0.182     0.860
    35.070    -0.282     0.240     1.132
    35.080    -0.308     0.503     1.260
    35.090    -0.649     0.761     1.280
    35.100    -0.665     0.748     1.405
    35.110    -0.428     0.819     1.334
    35.120    -0.332     0.847     1.025
    35.130    -0.404     0.774     0.688
    35.140    -0.628     0.768     0.173
    35.150    -0.659     0.737    -0.284
    35.160    -0.383     0.777    -0.412
    35.170    -0.259     0.788    -0.292
    35.180    -0.387     0.751    -0.115
    35.190    -0.382     0.832     0.049
    35.200    -0.355     0.967     0.175
    35.210    -0.495     0.965     0.202
    35.220    -0.537     0.820     0.328
    35.230    -0.347     0.571     0.432
    35.240    -0.109     0.139     0.377
    35.250     0.071    -0.316     0.312
    35.260     0.419    -0.730     0.326
    35.270     0.772    -0.945     0.313
    35.280     0.767    -0.921     0.180
    35.290     0.399    -0.934     0.106
    35.300     0.015    -1.080     0.154
    35.310    -0.135    -1.220     0.244
    35.320    -0.301    -1.248     0.111
    35.330    -0.427    -1.326    -0.064
    35.340    -0.325    -1.224    -0.117
    35.350     0.059    -0.943    -0.357
    35.360     0.560    -0.715    -0.643
    35.370     0.697    -0.338    -0.772
    35.380     0.562    -0.080    -0.587
    35.390     0.482    -0.021    -0.172
    35.400     0.321     0.101     0.104
    35.410    -0.030     0.257     0.279
    35.420    -0.375     0.449     0.522
    35.430    -0.592     0.734     0.701
    35.440    -0.543     0.891     0.771
    35.450    -0.182     0.765     0.951
    35.460     0.237     0.572     1.110
    35.470     0.571     0.356     1.167
    35.480     0.812     0.201     1.097
    35.490     1.058     0.064     0.751
    35.500     1.346    -0.175     0.254
    35.510     1.530    -0.268    -0.313
    35.520     1.511    -0.161    -0.935
    35.530     1.311     0.053    -1.441
    35.540     0.992     0.212    -1.650
    35.550     0.539     0.254    -1.682
    35.560     0.200     0.363    -1.550
    35.570     0.152     0.601    -1.238
    35.580     0.187     0.876    -1.016
    35.590     0.068     1.073    -1.018
    35.600    -0.316     0.974    -1.143
    35.610    -0.563     0.533    -1.031
    35.620    -0.443     0.282    -0.684
    35.630    -0.236     0.376    -0.300
    35.640    -0.259     0.493     0.110
    35.650    -0.544     0.514     0.412
    35.660    -0.597     0.317     0.631
    35.670    -0.499     0.033     0.585
    35.680    -0.451    -0.383     0.308
    35.690    -0.235    -0.931     0.172
    35.700    -0.087    -1.242     0.058
    35.710    -0.068    -1.402     0.019
    35.720    -0.135    -1.421     0.198
    35.730    -0.323    -1.339     0.511
    35.740    -0.469    -1.324     0.855
    35.750    -0.643    -1.186     0.983
    35.760    -0.824    -1.052     0.935
    35.770    -0.756    -0.977     0.930
    35.780    -0.476    -0.720     0.928
    35.790    -0.177    -0.418     0.808
    35.800     0.084    -0.187     0.666
    35.810     0.170     0.096     0.564
    35.820    -0.058     0.540     0.357
    35.830    -0.365     1.065     0.141
    35.840    -0.484     1.548     0.038
    35.850    -0.562     1.962    -0.069
    35.860    -0.536     2.112    -0.129
    35.870    -0.384     1.981    -0.127
    35.880    -0.341     1.680    -0.109
    35.890    -0.353     1.312    -0.037
    35.900    -0.356     1.036     0.038
    35.910    -0.104     0.846     0.160
    35.920     0.376     0.787     0.248
    35.930     0.691     0.708     0.268
    35.940     0.577     0.554     0.257
    35.950     0.250     0.293     0.101
    35.960     0.429    -0.118    -0.197
    35.970     0.797    -0.321    -0.705
    35.980     0.779    -0.381    -1.141
    35.990     0.580    -0.423    -1.213
    36.000     0.427    -0.342    -1.076
    36.010     0.463    -0.235    -0.861
    36.020     0.529    -0.226    -0.667
    36.030     0.363    -0.331    -0.534
    36.040     0.019    -0.369    -0.663
    36.050     0.032    -0.343    -0.927
    36.060     0.339    -0.225    -1.116
    36.070     0.270    -0.049    -1.246
    36.080    -0.026    -0.057    -1.043
    36.090    -0.130    -0.251    -0.593
    36.100    -0.010    -0.507    -0.313
    36.110     0.063    -0.651    -0.329
    36.120     0.186    -0.682    -0.331
    36.130     0.356    -0.637    -0.190
    36.140     0.202    -0.583    -0.095
    36.150    -0.040    -0.693     0.121
    36.160    -0.203    -0.834     0.445
    36.170    -0.281    -0.830     0.583
    36.180    -0.348    -0.804     0.512
    36.190    -0.442    -0.866     0.473
    36.200    -0.362    -0.853     0.544
    36.210    -0.203    -0.754     0.653
    36.220     0.045    -0.678     0.855
    36.230     0.304    -0.571     1.056
    36.240     0.313    -0.378     1.170
    36.250     0.146    -0.130     1.221
    36.260    -0.121     0.088     1.139
    36.270    -0.517     0.271     0.958
    36.280    -0.841     0.302     0.790
    36.290    -0.770     0.147     0.655
    36.300    -0.510     0.110     0.382
    36.310    -0.513     0.170    -0.113
    36.320    -0.736     0.063    -0.498
    36.330    -0.883    -0.103    -0.620
    36.340    -0.757    -0.251    -0.521
    36.350    -0.547    -0.392    -0.280
    36.360    -0.429    -0.426    -0.206
    36.370    -0.133    -0.438    -0.282
    36.380     0.296    -0.433    -0.454
    36.390     0.537    -0.390    -0.773
    36.400     0.698    -0.437    -0.957
    36.410     0.956    -0.510    -0.910
    36.420     1.141    -0.589    -0.868
    36.430     1.066    -0.735    -0.815
    36.440     0.755    -0.766    -0.611
    36.450     0.446    -0.659    -0.290
    36.460     0.328    -0.375    -0.055
    36.470     0.410     0.074    -0.018
    36.480     0.417     0.401    -0.039
    36.490     0.132     0.548    -0.002
    36.500    -0.102     0.600     0.196
    36.510    -0.201     0.690     0.265
    36.520    -0.235     0.760     0.115
    36.530    -0.225     0.838     0.005
    36.540    -0.267     0.973    -0.139
    36.550    -0.164     0.913    -0.165
    36.560     0.195     0.701    -0.001
    36.570     0.561     0.520     0.168
    36.580     0.587     0.507     0.139
    36.590     0.441     0.602    -0.002
    36.600     0.244     0.733    -0.099
    36.610    -0.062     0.909    -0.147
    36.620    -0.363     1.096     0.023
    36.630    -0.710     1.337     0.191
    36.640    -0.869     1.468     0.360
    36.650    -0.705     1.595     0.547
    36.660    -0.500     1.793     0.483
    36.670    -0.417     1.904     0.365
    36.680    -0.265     1.879     0.388
    36.690     0.034     1.635     0.520
    36.700     0.085     1.265     0.587
    36.710    -0.110     0.778     0.669
    36.720    -0.150     0.255     0.757
    36.730     0.004    -0.098     0.640
    36.740    -0.001    -0.236     0.433
    36.750    -0.226    -0.285     0.306
    36.760    -0.393    -0.280     0.236
    36.770    -0.428    -0.186     0.024
    36.780    -0.208    -0.208    -0.207
    36.790    -0.002    -0.298    -0.353
    36.800    -0.037    -0.400    -0.384
    36.810     0.086    -0.510    -0.211
    36.820     0.299    -0.596    -0.050
    36.830     0.335    -0.684     0.008
    36.840     0.228    -0.686     0.043
    36.850     0.144    -0.685     0.056
    36.860     0.127    -0.717    -0.039
    36.870     0.032    -0.767    -0.077
    36.880    -0.074    -0.764     0.088
    36.890    -0.198    -0.593     0.225
    36.900    -0.355    -0.385     0.307
    36.910    -0.390    -0.264     0.352
    36.920    -0.319    -0.192     0.334
    36.930    -0.294    -0.098     0.346
    36.940    -0.336    -0.094     0.428
    36.950    -0.254    -0.176     0.511
    36.960     0.125    -0.199     0.533
    36.970     0.527    -0.222     0.395
    36.980     0.736    -0.376     0.082
    36.990     0.814    -0.594    -0.209
    37.000     0.699    -0.793    -0.436
    37.010     0.624    -1.100    -0.496
    37.020     0.607    -1.262    -0.387
    37.030     0.367    -1.115    -0.386
    37.040     0.147    -0.945    -0.485
    37.050     0.188    -0.833    -0.554
    37.060     0.295    -0.797    -0.634
    37.070     0.248    -0.886    -0.735
    37.080     0.118    -1.015    -0.708
    37.090    -0.024    -1.053    -0.627
    37.100    -0.153    -0.955    -0.587
    37.110    -0.221    -0.711    -0.487
    37.120    -0.286    -0.367    -0.410
    37.130    -0.245    -0.130    -0.355
    37.140     0.038    -0.041    -0.242
    37.150     0.275     0.056    -0.270
    37.160     0.272     0.144    -0.395
    37.170     0.216     0.275    -0.392
    37.180     0.164     0.491    -0.285
    37.190     0.231     0.555     0.015
    37.200     0.198     0.524     0.412
    37.210    -0.332     0.428     0.643
    37.220    -0.708     0.162     0.816
    37.230    -0.431     0.036     0.966
    37.240     0.026     0.072     0.957
    37.250     0.137     0.051     0.809
    37.260    -0.110     0.075     0.631
    37.270    -0.153     0.161     0.516
    37.280     0.039     0.292     0.376
    37.290     0.065     0.423     0.217
    37.300    -0.136     0.404     0.190
    37.310    -0.458     0.314     0.146
    37.320    -0.618     0.269     0.000
    37.330    -0.621     0.309    -0.131
    37.340    -0.740     0.478    -0.210
    37.350    -0.839     0.622    -0.231
    37.360    -0.711     0.630    -0.233
    37.370    -0.499     0.551    -0.229
    37.380    -0.305     0.382    -0.129
    37.390    -0.096     0.253     0.112
    37.400     0.163     0.200     0.360
    37.410     0.532     0.172     0.440
    37.420     0.761     0.215     0.295
    37.430     0.603     0.170     0.040
    37.440     0.302     0.022    -0.171
    37.450    -0.005    -0.006    -0.356
    37.460    -0.147    -0.019    -0.522
    37.470     0.068    -0.008    -0.601
    37.480     0.236     0.138    -0.671
    37.490     0.290     0.116    -0.693
    37.500     0.455    -0.043    -0.547
    37.510     0.494    -0.102    -0.409
    37.520     0.281    -0.200    -0.341
    37.530     0.045    -0.321    -0.162
    37.540     0.052    -0.310     0.086
    37.550     0.085    -0.139     0.208
    37.560    -0.053     0.028     0.280
    37.570    -0.173     0.062     0.442
    37.580    -0.301     0.050     0.518
    37.590    -0.425    -0.067     0.562
    37.600    -0.428    -0.259     0.659
    37.610    -0.236    -0.339     0.687
    37.620    -0.016    -0.226     0.698
    37.630    -0.039    -0.003     0.612
    37.640    -0.073     0.186     0.445
    37.650    -0.051     0.404     0.219
    37.660    -0.068     0.591    -0.109
    37.670    -0.039     0.689    -0.440
    37.680     0.088     0.766    -0.706
    37.690     0.331     0.767    -0.845
    37.700     0.565     0.672    -0.927
    37.710     0.799     0.442    -0.889
    37.720     0.909     0.165    -0.701
    37.730     0.790    -0.033    -0.455
    37.740     0.454    -0.077    -0.175
    37.750    -0.041    -0.075     0.106
    37.760    -0.216    -0.156     0.485
    37.770    -0.226    -0.065     0.729
    37.780    -0.437     0.023     0.704
    37.790    -0.546     0.003     0.696
    37.800    -0.384     0.101     0.747
    37.810    -0.033     0.132     0.786
    37.820     0.137     0.111     0.721
    37.830    -0.034     0.018     0.524
    37.840    -0.095    -0.164     0.300
    37.850     0.081    -0.138     0.052
    37.860     0.180     0.009    -0.191
    37.870     0.064     0.184    -0.344
    37.880    -0.128     0.301    -0.403
    37.890    -0.244     0.165    -0.439
    37.900    -0.291    -0.018    -0.585
    37.910    -0.327    -0.126    -0.770
    37.920    -0.279    -0.217    -0.879
    37.930    -0.217    -0.269    -1.063
    37.940    -0.124    -0.485    -1.163
    37.950     0.077    -0.812    -0.951
    37.960     0.046    -1.032    -0.692
    37.970    -0.096    -1.187    -0.461
    37.980    -0.172    -1.122    -0.312
    37.990    -0.341    -0.921    -0.272
    38.000    -0.316    -0.703    -0.099
    38.010    -0.007    -0.343     0.171
    38.020     0.272    -0.030     0.444
    38.030     0.275     0.157     0.657
    38.040     0.083     0.244     0.824
    38.050    -0.011     0.246     0.980
    38.060     0.057     0.265     0.989
    38.070     0.133     0.264     0.834
    38.080     0.078     0.159     0.604
    38.090     0.108    -0.002     0.410
    38.100     0.394    -0.027     0.216
    38.110     0.610     0.111    -0.102
    38.120     0.625     0.195    -0.356
    38.130     0.558     0.168    -0.376
    38.140     0.378     0.072    -0.389
    38.150     0.234    -0.090    -0.420
    38.160     0.118    -0.139    -0.442
    38.170    -0.035    -0.061    -0.551
    38.180     0.011     0.020    -0.554
    38.190     0.100     0.092    -0.381
    38.200    -0.118     0.078    -0.113
    38.210    -0.442    -0.073     0.281
    38.220    -0.580    -0.281     0.665
    38.230    -0.604    -0.427     0.799
    38.240    -0.572    -0.439     0.737
    38.250    -0.449    -0.325     0.648
    38.260    -0.274    -0.159     0.472
    38.270    -0.111    -0.024     0.228
    38.280     0.096    -0.030     0.121
    38.290     0.261    -0.094     0.099
    38.300     0.255    -0.118     0.065
    38.310     0.118    -0.117     0.065
    38.320    -0.172     0.009    -0.022
    38.330    -0.401     0.128    -0.094
    38.340    -0.339     0.181    -0.038
    38.350    -0.185     0.247    -0.093
    38.360    -0.097     0.260    -0.278
    38.370     0.035     0.263    -0.428
    38.380     0.211     0.252    -0.474
    38.390     0.191     0.167    -0.499
    38.400     0.024    -0.033    -0.494
    38.410     0.008    -0.245    -0.409
    38.420     0.152    -0.279    -0.359
    38.430     0.309    -0.145    -0.372
    38.440     0.334     0.046    -0.452
    38.450     0.244     0.141    -0.530
    38.460     0.160     0.123    -0.501
    38.470     0.034     0.078    -0.411
    38.480    -0.150     0.006    -0.337
    38.490    -0.353    -0.013    -0.268
    38.500    -0.548     0.146    -0.215
    38.510    -0.642     0.449    -0.234
    38.520    -0.550     0.722    -0.199
    38.530    -0.246     0.890    -0.024
    38.540     0.108     1.030     0.165
    38.550     0.236     1.132     0.275
    38.560     0.241     1.112     0.375
    38.570     0.277     1.111     0.479
    38.580     0.200     1.224     0.463
    38.590     0.147     1.202     0.539
    38.600     0.187     1.006     0.811
    38.610     0.099     0.766     1.007
    38.620    -0.081     0.438     1.140
    38.630    -0.152     0.147     1.243
    38.640    -0.100     0.045     1.210
    38.650    -0.090    -0.013     1.045
    38.660     0.029    -0.259     0.910
    38.670     0.244    -0.589     0.790
    38.680     0.271    -0.820     0.554
    38.690     0.183    -0.925     0.332
    38.700    -0.032    -0.843     0.137
    38.710    -0.369    -0.716    -0.038
    38.720    -0.642    -0.696    -0.180
    38.730    -0.714    -0.809    -0.372
    38.740    -0.578    -1.022    -0.585
    38.750    -0.461    -1.157    -0.820
    38.760    -0.331    -1.212    -1.012
    38.770    -0.082    -1.181    -1.097
    38.780     0.215    -1.011    -1.124
    38.790     0.447    -0.861    -1.111
    38.800     0.532    -0.815    -1.046
    38.810     0.513    -0.765    -0.981
    38.820     0.370    -0.589    -1.084
    38.830     0.205    -0.349    -1.244
    38.840     0.137    -0.127    -1.206
    38.850     0.077     0.100    -1.077
    38.860    -0.024     0.262    -0.899
    38.870    -0.045     0.357    -0.556
    38.880     0.102     0.440    -0.153
    38.890     0.255     0.530     0.171
    38.900     0.317     0.588     0.396
    38.910     0.383     0.493     0.614
    38.920     0.512     0.429     0.869
    38.930     0.568     0.523     1.020
    38.940     0.583     0.544     1.128
    38.950     0.639     0.543     1.269
    38.960     0.492     0.578     1.316
    38.970     0.220     0.575     1.276
    38.980     0.054     0.587     1.129
    38.990    -0.074     0.581     0.904
    39.000    -0.236     0.517     0.671
    39.010    -0.336     0.344     0.466
    39.020    -0.342     0.122     0.324
    39.030    -0.363    -0.032     0.111
    39.040    -0.410    -0.160    -0.106
    39.050    -0.410    -0.224    -0.194
    39.060    -0.302    -0.216    -0.175
    39.070    -0.235    -0.155    -0.170
    39.080    -0.259    -0.091    -0.247
    39.090    -0.242    -0.065    -0.213
    39.100    -0.095    -0.006    -0.053
    39.110     0.134     0.032     0.070
    39.120     0.235    -0.008     0.055
    39.130     0.286    -0.101    -0.115
    39.140     0.388    -0.215    -0.338
    39.150     0.514    -0.266    -0.523
    39.160     0.523    -0.232    -0.667
    39.170     0.360    -0.197    -0.641
    39.180     0.326    -0.116    -0.386
    39.190     0.299     0.039    -0.222
    39.200     0.100     0.082    -0.220
    39.210    -0.160     0.069    -0.236
    39.220    -0.376     0.121    -0.282
    39.230    -0.343     0.186    -0.197
    39.240    -0.236     0.362     0.014
    39.250    -0.205     0.584     0.278
    39.260    -0.248     0.751     0.565
    39.270    -0.475     0.820     0.637
    39.280    -0.611     0.644     0.585
    39.290    -0.592     0.435     0.496
    39.300    -0.504     0.227     0.347
    39.310    -0.394     0.028     0.156
    39.320    -0.455    -0.003    -0.066
    39.330    -0.568     0.000    -0.140
    39.340    -0.555     0.040    -0.084
    39.350    -0.308     0.134     0.100
    39.360    -0.078     0.264     0.228
    39.370     0.014     0.261     0.246
    39.380     0.157     0.152     0.310
    39.390     0.147     0.126     0.216
    39.400     0.100     0.015     0.154
    39.410     0.101    -0.067     0.208
    39.420     0.023    -0.170     0.303
    39.430     0.080    -0.269     0.411
    39.440     0.315    -0.195     0.308
    39.450     0.555    -0.173     0.048
    39.460     0.616    -0.165    -0.345
    39.470     0.585    -0.275    -0.681
    39.480     0.577    -0.561    -0.868
    39.490     0.525    -0.813    -1.054
    39.500     0.580    -1.056    -1.041
    39.510     0.620    -1.109    -0.932
    39.520     0.410    -0.964    -0.963
    39.530     0.203    -0.835    -1.017
    39.540     0.108    -0.639    -1.018
    39.550    -0.001    -0.396    -0.957
    39.560    -0.161    -0.148    -0.793
    39.570    -0.292     0.043    -0.511
    39.580    -0.200     0.128    -0.193
    39.590     0.068     0.274     0.018
    39.600     0.300     0.373     0.109
    39.610     0.441     0.365     0.178
    39.620     0.426     0.395     0.253
    39.630     0.125     0.414     0.290
    39.640    -0.285     0.364     0.324
    39.650    -0.441     0.323     0.437
    39.660    -0.368     0.356     0.578
    39.670    -0.254     0.357     0.670
    39.680    -0.130     0.276     0.728
    39.690     0.006     0.150     0.755
    39.700     0.228     0.039     0.738
    39.710     0.427     0.113     0.618
    39.720     0.448     0.218     0.370
    39.730     0.491     0.121     0.176
    39.740     0.507     0.010     0.045
    39.750     0.346    -0.083    -0.073
    39.760     0.144    -0.120    -0.084
    39.770    -0.070     0.038    -0.133
    39.780    -0.200     0.167    -0.224
    39.790    -0.122     0.218    -0.206
    39.800    -0.021     0.278    -0.118
    39.810    -0.082     0.216     0.082
    39.820    -0.204     0.110     0.403
    39.830    -0.292     0.139     0.631
    39.840    -0.335     0.244     0.633
    39.850    -0.310     0.337     0.491
    39.860    -0.240     0.318     0.332
    39.870    -0.163     0.136     0.250
    39.880    -0.202    -0.062     0.281
    39.890    -0.387    -0.171     0.348
    39.900    -0.473    -0.112     0.396
    39.910    -0.446     0.103     0.367
    39.920    -0.529     0.220     0.224
    39.930    -0.642     0.098     0.091
    39.940    -0.708    -0.114    -0.006
    39.950    -0.821    -0.271    -0.209
    39.960    -0.861    -0.374    -0.454
    39.970    -0.789    -0.385    -0.601
    39.980    -0.670    -0.334    -0.753
    39.990    -0.426    -0.344    -0.893
    40.000    -0.274    -0.384    -0.975
    40.010    -0.361    -0.524    -1.026
    40.020    -0.248    -0.748    -0.877
    40.030     0.193    -0.781    -0.627
    40.040     0.546    -0.650    -0.488
    40.050     0.621    -0.462    -0.364
    40.060     0.481    -0.348    -0.142
    40.070     0.239    -0.446     0.125
    40.080    -0.004    -0.556     0.315
    40.090    -0.211    -0.611     0.438
    40.100    -0.287    -0.644     0.544
    40.110    -0.204    -0.548     0.564
    40.120     0.016    -0.424     0.523
    40.130     0.317    -0.379     0.450
    40.140     0.592    -0.403     0.322
    40.150     0.760    -0.518     0.237
    40.160     0.734    -0.670     0.208
    40.170     0.617    -0.697     0.186
    40.180     0.527    -0.451     0.112
    40.190     0.438    -0.035    -0.049
    40.200     0.363     0.313    -0.199
    40.210     0.327     0.491    -0.319
    40.220     0.345     0.501    -0.465
    40.230     0.343     0.412    -0.611
    40.240     0.271     0.364    -0.699
    40.250     0.218     0.454    -0.693
    40.260     0.156     0.601    -0.592
    40.270     0.076     0.621    -0.372
    40.280     0.042     0.577    -0.073
    40.290    -0.022     0.552     0.162
    40.300    -0.065     0.361     0.348
    40.310    -0.008     0.167     0.482
    40.320     0.044     0.210     0.517
    40.330    -0.012     0.354     0.527
    40.340    -0.081     0.484     0.567
    40.350    -0.027     0.570     0.638
    40.360    -0.029     0.592     0.640
    40.370    -0.166     0.475     0.593
    40.380    -0.297     0.305     0.561
    40.390    -0.409     0.165     0.525
    40.400    -0.497     0.023     0.526
    40.410    -0.567     0.018     0.532
    40.420    -0.623     0.151     0.523
    40.430    -0.623     0.274     0.417
    40.440    -0.481     0.329     0.200
    40.450    -0.265     0.365    -0.045
    40.460    -0.101     0.379    -0.280
    40.470     0.072     0.389    -0.433
    40.480     0.235     0.451    -0.515
    40.490     0.281     0.453    -0.540
    40.500     0.199     0.370    -0.469
    40.510     0.158     0.213    -0.285
    40.520     0.110     0.058    -0.177
    40.530    -0.144    -0.082    -0.242
    40.540    -0.322    -0.338    -0.252
    40.550    -0.257    -0.474    -0.269
    40.560    -0.112    -0.418    -0.425
    40.570     0.009    -0.392    -0.601
    40.580    -0.046    -0.412    -0.776
    40.590    -0.154    -0.538    -0.872
    40.600    -0.043    -0.729    -0.807
    40.610     0.152    -0.813    -0.705
    40.620     0.167    -0.775    -0.603
    40.630     0.139    -0.639    -0.395
    40.640     0.314    -0.479    -0.097
    40.650     0.535    -0.344     0.152
    40.660     0.534    -0.245     0.337
    40.670     0.297    -0.207     0.450
    40.680     0.044    -0.179     0.382
    40.690     0.046    -0.138     0.219
    40.700     0.256    -0.092     0.084
    40.710     0.415    -0.064     0.029
    40.720     0.453    -0.078     0.106
    40.730     0.381    -0.113     0.253
    40.740     0.245    -0.206     0.399
    40.750     0.129    -0.314     0.517
    40.760     0.018    -0.292     0.504
    40.770    -0.108    -0.224     0.360
    40.780    -0.264    -0.205     0.192
    40.790    -0.305    -0.179     0.078
    40.800    -0.109    -0.104     0.056
    40.810     0.034     0.042    -0.001
    40.820    -0.008     0.131    -0.068
    40.830    -0.078     0.190    -0.059
    40.840    -0.150     0.303    -0.032
    40.850    -0.117     0.359     0.069
    40.860     0.020     0.439     0.169
    40.870     0.049     0.595     0.184
    40.880    -0.040     0.684     0.153
    40.890    -0.151     0.678     0.129
    40.900    -0.192     0.631     0.118
    40.910    -0.092     0.517     0.149
    40.920    -0.002     0.391     0.239
    40.930    -0.021     0.279     0.244
    40.940     0.011     0.198     0.202
    40.950     0.108     0.206     0.176
    40.960     0.186     0.207     0.122
    40.970     0.155     0.225     0.086
    40.980    -0.060     0.252     0.130
    40.990    -0.269     0.214     0.248
    41.000    -0.297     0.249     0.344
    41.010    -0.239     0.392     0.338
    41.020    -0.238     0.533     0.263
    41.030    -0.272     0.639     0.237
    41.040    -0.318     0.696     0.191
    41.050    -0.375     0.639     0.035
    41.060    -0.347     0.540    -0.131
    41.070    -0.286     0.455    -0.238
    41.080    -0.288     0.315    -0.304
    41.090    -0.235     0.117    -0.315
    41.100    -0.027    -0.049    -0.238
    41.110     0.218     0.001    -0.198
    41.120     0.392     0.178    -0.180
    41.130     0.440     0.255    -0.116
    41.140     0.335     0.212    -0.098
    41.150     0.255     0.076    -0.105
    41.160     0.212     0.009    -0.154
    41.170     0.014     0.051    -0.272
    41.180    -0.140     0.027    -0.274
    41.190    -0.056    -0.025    -0.127
    41.200     0.035    -0.040    -0.124
    41.210     0.063    -0.156    -0.202
    41.220     0.153    -0.310    -0.168
    41.230     0.280    -0.367    -0.183
    41.240     0.497    -0.433    -0.208
    41.250     0.695    -0.464    -0.231
    41.260     0.640    -0.471    -0.351
    41.270     0.499    -0.555    -0.452
    41.280     0.431    -0.652    -0.483
    41.290     0.413    -0.711    -0.528
    41.300     0.378    -0.670    -0.593
    41.310     0.231    -0.577    -0.563
    41.320     0.033    -0.560    -0.479
    41.330    -0.128    -0.617    -0.397
    41.340    -0.244    -0.686    -0.274
    41.350    -0.305    -0.723    -0.205
    41.360    -0.189    -0.700    -0.195
    41.370     0.009    -0.606    -0.202
    41.380     0.079    -0.541    -0.234
    41.390     0.067    -0.531    -0.167
    41.400    -0.048    -0.527    -0.001
    41.410    -0.268    -0.555     0.166
    41.420    -0.449    -0.504     0.336
    41.430    -0.463    -0.316     0.454
    41.440    -0.360    -0.109     0.437
    41.450    -0.190     0.009     0.339
    41.460     0.090     0.007     0.273
    41.470     0.260    -0.004     0.182
    41.480     0.246    -0.024     0.108
    41.490     0.164    -0.021     0.153
    41.500     0.035     0.111     0.228
    41.510    -0.020     0.261     0.326
    41.520    -0.013     0.384     0.406
    41.530    -0.022     0.453     0.420
    41.540    -0.045     0.429     0.447
    41.550    -0.216     0.405     0.446
    41.560    -0.414     0.368     0.434
    41.570    -0.431     0.374     0.423
    41.580    -0.367     0.431     0.374
    41.590    -0.267     0.425     0.341
    41.600    -0.176     0.397     0.308
    41.610    -0.120     0.290     0.307
    41.620    -0.020     0.179     0.304
    41.630     0.145     0.228     0.237
    41.640     0.202     0.349     0.170
    41.650     0.034     0.479     0.109
    41.660    -0.149     0.612     0.143
    41.670    -0.259     0.679     0.298
    41.680    -0.298     0.641     0.441
    41.690    -0.247     0.552     0.503
    41.700    -0.206     0.390     0.490
    41.710    -0.174     0.215     0.379
    41.720    -0.056     0.140     0.236
    41.730     0.188     0.151     0.172
    41.740     0.378     0.235     0.072
    41.750     0.341     0.265    -0.110
    41.760     0.205     0.133    -0.296
    41.770     0.112    -0.062    -0.455
    41.780    -0.045    -0.182    -0.592
    41.790    -0.287    -0.296    -0.618
    41.800    -0.370    -0.454    -0.435
    41.810    -0.321    -0.553    -0.210
    41.820    -0.347    -0.660    -0.078
    41.830    -0.455    -0.805    -0.025
    41.840    -0.532    -0.895     0.005
    41.850    -0.507    -0.904     0.008
    41.860    -0.443    -0.846    -0.053
    41.870    -0.309    -0.757    -0.081
    41.880    -0.116    -0.630    -0.078
    41.890    -0.069    -0.424    -0.153
    41.900    -0.135    -0.259    -0.259
    41.910    -0.122    -0.207    -0.209
    41.920     0.002    -0.161    -0.060
    41.930     0.126    -0.113    -0.030
    41.940     0.181    -0.114    -0.116
    41.950     0.199    -0.097    -0.259
    41.960     0.180     0.005    -0.473
    41.970     0.235     0.105    -0.646
    41.980     0.354     0.168    -0.729
    41.990     0.310     0.239    -0.767
    42.000     0.107     0.252    -0.715
    42.010    -0.061     0.187    -0.577
    42.020    -0.077     0.108    -0.423
    42.030     0.002     0.054    -0.322
    42.040     0.063     0.049    -0.294
    42.050     0.066     0.087    -0.305
    42.060     0.118     0.138    -0.275
    42.070     0.198     0.260    -0.202
    42.080     0.172     0.364    -0.162
    42.090     0.065     0.358    -0.113
    42.100    -0.119     0.369    -0.096
    42.110    -0.209     0.370    -0.050
    42.120    -0.120     0.444     0.028
    42.130    -0.083     0.604     0.035
    42.140    -0.104     0.644     0.066
    42.150    -0.065     0.618     0.135
    42.160    -0.005     0.577     0.235
    42.170     0.015     0.473     0.397
    42.180     0.039     0.393     0.646
    42.190     0.091     0.409     0.925
    42.200     0.121     0.483     1.100
    42.210     0.095     0.558     1.172
    42.220     0.060     0.542     1.180
    42.230     0.092     0.434     1.132
    42.240     0.174     0.317     0.991
    42.250     0.264     0.215     0.826
    42.260     0.253     0.166     0.723
    42.270     0.133     0.156     0.681
    42.280     0.063     0.140     0.695
    42.290     0.052     0.074     0.713
    42.300    -0.015     0.004     0.643
    42.310    -0.096    -0.016     0.440
    42.320    -0.090     0.014     0.165
    42.330    -0.031     0.062    -0.103
    42.340    -0.018     0.063    -0.338
    42.350    -0.032     0.012    -0.497
    42.360     0.096    -0.096    -0.549
    42.370     0.231    -0.177    -0.593
    42.380     0.133    -0.253    -0.665
    42.390    -0.017    -0.385    -0.653
    42.400     0.052    -0.460    -0.566
    42.410     0.296    -0.474    -0.510
    42.420     0.436    -0.486    -0.523
    42.430     0.433    -0.499    -0.492
    42.440     0.411    -0.470    -0.413
    42.450     0.352    -0.371    -0.420
    42.460     0.300    -0.270    -0.488
    42.470     0.296    -0.215    -0.500
    42.480     0.303    -0.131    -0.459
    42.490     0.341    -0.026    -0.375
    42.500     0.410     0.028    -0.209
    42.510     0.474     0.062    -0.022
    42.520     0.494     0.124     0.124
    42.530     0.424     0.173     0.142
    42.540     0.372     0.111     0.092
    42.550     0.361     0.020     0.098
    42.560     0.265    -0.065     0.118
    42.570     0.145    -0.192     0.208
    42.580     0.067    -0.260     0.365
    42.590     0.013    -0.270     0.478
    42.600    -0.044    -0.284     0.497
    42.610    -0.121    -0.301     0.399
    42.620    -0.178    -0.326     0.252
    42.630    -0.228    -0.312     0.093
    42.640    -0.280    -0.255    -0.067
    42.650    -0.290    -0.178    -0.205
    42.660    -0.297    -0.057    -0.386
    42.670    -0.312     0.040    -0.567
    42.680    -0.307     0.037    -0.634
    42.690    -0.329    -0.028    -0.628
    42.700    -0.379    -0.130    -0.574
    42.710    -0.381    -0.214    -0.451
    42.720    -0.269    -0.191    -0.325
    42.730    -0.145    -0.070    -0.241
    42.740    -0.064     0.035    -0.146
    42.750    -0.037     0.102    -0.089
    42.760    -0.167     0.115    -0.135
    42.770    -0.306     0.025    -0.154
    42.780    -0.355    -0.032    -0.150
    42.790    -0.401    -0.054    -0.181
    42.800    -0.417    -0.097    -0.159
    42.810    -0.443    -0.076    -0.089
    42.820    -0.485    -0.035    -0.011
    42.830    -0.499    -0.049     0.066
    42.840    -0.454    -0.187     0.168
    42.850    -0.412    -0.340     0.233
    42.860    -0.468    -0.382     0.212
    42.870    -0.476    -0.350     0.205
    42.880    -0.382    -0.191     0.186
    42.890    -0.288    -0.011     0.152
    42.900    -0.205     0.072     0.176
    42.910    -0.099     0.097     0.237
    42.920     0.021     0.120     0.254
    42.930     0.102     0.189     0.215
    42.940     0.169     0.267     0.258
    42.950     0.214     0.363     0.372
    42.960     0.176     0.435     0.478
    42.970     0.019     0.418     0.548
    42.980    -0.226     0.331     0.540
    42.990    -0.402     0.209     0.460
    43.000    -0.428     0.109     0.309
    43.010    -0.337     0.018     0.109
    43.020    -0.156    -0.063    -0.091
    43.030     0.122    -0.122    -0.215
    43.040     0.403    -0.127    -0.300
    43.050     0.531    -0.100    -0.402
    43.060     0.564    -0.153    -0.408
    43.070     0.572    -0.260    -0.330
    43.080     0.471    -0.336    -0.331
    43.090     0.281    -0.415    -0.374
    43.100     0.107    -0.499    -0.335
    43.110    -0.038    -0.538    -0.268
    43.120    -0.125    -0.562    -0.156
    43.130    -0.114    -0.567    -0.004
    43.140    -0.081    -0.516     0.079
    43.150    -0.035    -0.434     0.117
    43.160     0.149    -0.358     0.146
    43.170     0.311    -0.235     0.066
    43.180     0.245    -0.092    -0.114
    43.190     0.151    -0.004    -0.188
    43.200     0.163     0.090    -0.195
    43.210     0.192     0.162    -0.206
    43.220     0.160     0.223    -0.174
    43.230     0.051     0.284    -0.134
    43.240    -0.005     0.278    -0.094
    43.250     0.118     0.210    -0.044
    43.260     0.264     0.087     0.007
    43.270     0.313    -0.070     0.029
    43.280     0.436    -0.191     0.084
    43.290     0.598    -0.222     0.108
    43.300     0.681    -0.244     0.066
    43.310     0.665    -0.225     0.034
    43.320     0.544    -0.129    -0.029
    43.330     0.438    -0.085    -0.086
    43.340     0.379    -0.057    -0.088
    43.350     0.313    -0.001    -0.038
    43.360     0.210     0.129     0.052
    43.370     0.119     0.361     0.168
    43.380     0.094     0.563     0.291
    43.390     0.036     0.693     0.359
    43.400    -0.059     0.765     0.364
    43.410    -0.153     0.791     0.304
    43.420    -0.221     0.811     0.194
    43.430    -0.151     0.803     0.107
    43.440     0.023     0.747     0.061
    43.450     0.142     0.678     0.033
    43.460     0.153     0.597     0.013
    43.470     0.145     0.465     0.036
    43.480     0.127     0.327     0.077
    43.490     0.025     0.226     0.069
    43.500    -0.164     0.122     0.104
    43.510    -0.341     0.060     0.200
    43.520    -0.395     0.056     0.236
    43.530    -0.466     0.067     0.127
    43.540    -0.563    -0.017    -0.040
    43.550    -0.529    -0.148    -0.147
    43.560    -0.485    -0.191    -0.252
    43.570    -0.441    -0.239    -0.319
    43.580    -0.344    -0.253    -0.318
    43.590    -0.278    -0.215    -0.334
    43.600    -0.323    -0.263    -0.387
    43.610    -0.467    -0.351    -0.433
    43.620    -0.522    -0.388    -0.386
    43.630    -0.384    -0.349    -0.224
    43.640    -0.193    -0.227    -0.017
    43.650    -0.065    -0.084     0.193
    43.660     0.035     0.050     0.395
    43.670     0.126     0.172     0.514
    43.680     0.177     0.201     0.531
    43.690     0.187     0.187     0.503
    43.700     0.147     0.205     0.451
    43.710     0.058     0.214     0.352
    43.720    -0.043     0.187     0.240
    43.730    -0.148     0.123     0.179
    43.740    -0.190     0.039     0.152
    43.750    -0.150     0.014     0.070
    43.760    -0.122     0.068    -0.079
    43.770    -0.004     0.158    -0.171
    43.780     0.212     0.316    -0.237
    43.790     0.322     0.436    -0.326
    43.800     0.265     0.441    -0.333
    43.810     0.068     0.407    -0.237
    43.820    -0.146     0.328    -0.061
    43.830    -0.289     0.205     0.159
    43.840    -0.361     0.062     0.352
    43.850    -0.354    -0.056     0.482
    43.860    -0.259    -0.100     0.545
    43.870    -0.047    -0.091     0.556
    43.880     0.210    -0.044     0.526
    43.890     0.398     0.004     0.486
    43.900     0.434    -0.023     0.464
    43.910     0.336    -0.118     0.456
    43.920     0.223    -0.188     0.396
    43.930     0.117    -0.212     0.234
    43.940     0.015    -0.263     0.028
    43.950    -0.047    -0.332    -0.169
    43.960    -0.034    -0.401    -0.345
    43.970     0.062    -0.510    -0.463
    43.980     0.204    -0.604    -0.529
    43.990     0.310    -0.623    -0.582
    44.000     0.322    -0.600    -0.620
    44.010     0.290    -0.537    -0.627
    44.020     0.195    -0.424    -0.611
    44.030     0.081    -0.324    -0.521
    44.040     0.009    -0.202    -0.374
    44.050    -0.110    -0.041    -0.271
    44.060    -0.187     0.095    -0.205
    44.070    -0.101     0.189    -0.148
    44.080     0.070     0.209    -0.092
    44.090     0.145     0.206    -0.110
    44.100     0.093     0.133    -0.189
    44.110     0.054    -0.037    -0.272
    44.120     0.043    -0.170    -0.427
    44.130     0.000    -0.270    -0.556
    44.140    -0.072    -0.317    -0.590
    44.150    -0.152    -0.294    -0.523
    44.160    -0.268    -0.233    -0.376
    44.170    -0.345    -0.183    -0.224
    44.180    -0.224    -0.167    -0.042
    44.190    -0.020    -0.126     0.091
    44.200     0.121    -0.107     0.117
    44.210     0.231    -0.113     0.085
    44.220     0.263    -0.064     0.003
    44.230     0.235    -0.018    -0.069
    44.240     0.273     0.006    -0.060
    44.250     0.318     0.116    -0.073
    44.260     0.236     0.262    -0.116
    44.270     0.090     0.362    -0.103
    44.280     0.007     0.420    -0.087
    44.290    -0.029     0.429    -0.074
    44.300    -0.035     0.403    -0.066
    44.310    -0.058     0.356    -0.051
    44.320    -0.100     0.284    -0.046
    44.330    -0.055     0.160    -0.044
    44.340    -0.002    -0.007    -0.020
    44.350    -0.016    -0.172     0.010
    44.360    -0.068    -0.285     0.087
    44.370    -0.127    -0.363     0.224
    44.380    -0.087    -0.434     0.387
    44.390     0.005    -0.464     0.508
    44.400    -0.006    -0.499     0.547
    44.410    -0.082    -0.544     0.503
    44.420    -0.123    -0.559     0.428
    44.430    -0.092    -0.518     0.394
    44.440    -0.058    -0.392     0.372
    44.450    -0.053    -0.243     0.357
    44.460     0.059    -0.124     0.384
    44.470     0.230    -0.009     0.410
    44.480     0.273     0.036     0.369
    44.490     0.219    -0.012     0.327
    44.500     0.121    -0.035     0.306
    44.510    -0.013     0.013     0.281
    44.520    -0.147     0.133     0.287
    44.530    -0.313     0.305     0.294
    44.540    -0.471     0.442     0.268
    44.550    -0.483     0.489     0.236
    44.560    -0.356     0.483     0.179
    44.570    -0.156     0.455     0.101
    44.580     0.042     0.405     0.054
    44.590     0.168     0.362     0.026
    44.600     0.206     0.348     0.036
    44.610     0.152     0.363     0.103
    44.620     0.071     0.361     0.170
    44.630    -0.010     0.314     0.190
    44.640    -0.107     0.284     0.113
    44.650    -0.188     0.271    -0.003
    44.660    -0.211     0.242    -0.026
    44.670    -0.130     0.263     0.061
    44.680    -0.044     0.352     0.162
    44.690    -0.085     0.410     0.183
    44.700    -0.158     0.373     0.151
    44.710    -0.195     0.311     0.077
    44.720    -0.231     0.267    -0.062
    44.730    -0.272     0.228    -0.168
    44.740    -0.336     0.202    -0.200
    44.750    -0.371     0.180    -0.226
    44.760    -0.351     0.197    -0.266
    44.770    -0.322     0.232    -0.286
    44.780    -0.250     0.262    -0.255
    44.790    -0.181     0.314    -0.224
    44.800    -0.164     0.299    -0.201
    44.810    -0.061     0.198    -0.133
    44.820     0.069     0.104    -0.097
    44.830     0.067    -0.027    -0.127
    44.840     0.094    -0.201    -0.116
    44.850     0.211    -0.264    -0.074
    44.860     0.309    -0.264    -0.055
    44.870     0.347    -0.292    -0.040
    44.880     0.258    -0.309    -0.070
    44.890     0.131    -0.376    -0.096
    44.900     0.095    -0.432    -0.079
    44.910     0.079    -0.397    -0.099
    44.920    -0.027    -0.309    -0.126
    44.930    -0.144    -0.187    -0.084
    44.940    -0.139    -0.077     0.008
    44.950    -0.080     0.000     0.036
    44.960    -0.051    -0.018     0.033
    44.970    -0.054    -0.118     0.050
    44.980    -0.065    -0.184    -0.005
    44.990     0.005    -0.176    -0.101
    45.000     0.132    -0.149    -0.177
    45.010     0.213    -0.166    -0.193
    45.020     0.243    -0.195    -0.152
    45.030     0.251    -0.216    -0.123
    45.040     0.270    -0.227    -0.107
    45.050     0.304    -0.174    -0.063
    45.060     0.347    -0.095    -0.007
    45.070     0.412    -0.064     0.066
    45.080     0.417    -0.011     0.099
    45.090     0.353     0.053     0.099
    45.100     0.342     0.101     0.106
    45.110     0.388     0.154     0.051
    45.120     0.402     0.151     0.000
    45.130     0.280     0.103    -0.072
    45.140     0.131    -0.007    -0.138
    45.150     0.159    -0.122    -0.148
    45.160     0.228    -0.153    -0.219
    45.170     0.189    -0.172    -0.330
    45.180     0.177    -0.215    -0.416
    45.190     0.320    -0.242    -0.440
    45.200     0.478    -0.251    -0.483
    45.210     0.514    -0.305    -0.565
    45.220     0.470    -0.403    -0.594
    45.230     0.394    -0.481    -0.618
    45.240     0.364    -0.505    -0.594
    45.250     0.288    -0.434    -0.476
    45.260     0.060    -0.295    -0.343
    45.270    -0.164    -0.190    -0.216
    45.280    -0.251    -0.150    -0.107
    45.290    -0.252    -0.121    -0.063
    45.300    -0.328    -0.087    -0.042
    45.310    -0.473    -0.078     0.025
    45.320    -0.519    -0.077     0.102
    45.330    -0.389    -0.061     0.163
    45.340    -0.199     0.006     0.211
    45.350    -0.106     0.110     0.252
    45.360    -0.106     0.199     0.316
    45.370    -0.134     0.281     0.368
    45.380    -0.124     0.350     0.413
    45.390    -0.122     0.445     0.449
    45.400    -0.195     0.542     0.457
    45.410    -0.253     0.566     0.490
    45.420    -0.309     0.571     0.537
    45.430    -0.395     0.580     0.545
    45.440    -0.477     0.610     0.501
    45.450    -0.521     0.640     0.462
    45.460    -0.485     0.608     0.449
    45.470    -0.366     0.495     0.481
    45.480    -0.195     0.366     0.563
    45.490    -0.097     0.315     0.591
    45.500    -0.088     0.309     0.572
    45.510    -0.077     0.323     0.533
    45.520    -0.083     0.333     0.471
    45.530    -0.116     0.305     0.423
    45.540    -0.240     0.251     0.355
    45.550    -0.419     0.161     0.285
    45.560    -0.465     0.081     0.233
    45.570    -0.349     0.032     0.185
    45.580    -0.151    -0.014     0.088
    45.590     0.037    -0.077    -0.058
    45.600     0.145    -0.129    -0.159
    45.610     0.196    -0.139    -0.189
    45.620     0.265    -0.145    -0.142
    45.630     0.299    -0.134    -0.077
    45.640     0.233    -0.123    -0.049
    45.650     0.147    -0.151     0.020
    45.660     0.082    -0.171     0.091
    45.670     0.010    -0.212     0.115
    45.680    -0.025    -0.267     0.160
    45.690    -0.041    -0.247     0.151
    45.700    -0.079    -0.227     0.050
    45.710    -0.092    -0.244    -0.074
    45.720    -0.063    -0.294    -0.204
    45.730    -0.021    -0.421    -0.301
    45.740     0.004    -0.550    -0.357
    45.750     0.001    -0.603    -0.375
    45.760    -0.014    -0.590    -0.399
    45.770     0.048    -0.560    -0.407
    45.780     0.134    -0.509    -0.383
    45.790     0.131    -0.442    -0.363
    45.800     0.129    -0.419    -0.293
    45.810     0.145    -0.406    -0.235
    45.820     0.157    -0.364    -0.282
    45.830     0.182    -0.293    -0.379
    45.840     0.237    -0.217    -0.413
    45.850     0.319    -0.155    -0.424
    45.860     0.370    -0.124    -0.439
    45.870     0.359    -0.126    -0.421
    45.880     0.310    -0.152    -0.404
    45.890     0.264    -0.165    -0.391
    45.900     0.159    -0.118    -0.411
    45.910     0.026    -0.053    -0.429
    45.920    -0.080     0.033    -0.402
    45.930    -0.215     0.101    -0.358
    45.940    -0.337     0.056    -0.276
    45.950    -0.420    -0.008    -0.170
    45.960    -0.461    -0.005    -0.074
    45.970    -0.395     0.068    -0.020
    45.980    -0.268     0.185    -0.034
    45.990    -0.184     0.242    -0.080
    46.000    -0.100     0.220    -0.091
    46.010     0.004     0.205    -0.088
    46.020     0.036     0.213    -0.099
    46.030    -0.021     0.226    -0.074
    46.040    -0.080     0.237     0.011
    46.050    -0.115     0.247     0.108
    46.060    -0.145     0.246     0.182
    46.070    -0.058     0.234     0.276
    46.080     0.074     0.294     0.326
    46.090     0.101     0.346     0.291
    46.100     0.075     0.305     0.301
    46.110     0.014     0.243     0.355
    46.120    -0.023     0.184     0.439
    46.130    -0.038     0.182     0.517
    46.140    -0.102     0.218     0.560
    46.150    -0.125     0.233     0.613
    46.160    -0.040     0.266     0.605
    46.170     0.119     0.272     0.531
    46.180     0.278     0.214     0.466
    46.190     0.338     0.122     0.442
    46.200     0.271     0.014     0.458
    46.210     0.136    -0.035     0.466
    46.220    -0.031     0.040     0.441
    46.230    -0.221     0.157     0.421
    46.240    -0.346     0.198     0.447
    46.250    -0.369     0.147     0.486
    46.260    -0.311     0.074     0.495
    46.270    -0.234     0.059     0.438
    46.280    -0.222     0.073     0.353
    46.290    -0.211     0.064     0.277
    46.300    -0.174     0.042     0.107
    46.310    -0.132     0.003    -0.101
    46.320    -0.077     0.015    -0.312
    46.330    -0.071     0.066    -0.554
    46.340    -0.038     0.090    -0.679
    46.350     0.091     0.133    -0.703
    46.360     0.204     0.189    -0.705
    46.370     0.286     0.225    -0.668
    46.380     0.355     0.235    -0.613
    46.390     0.382     0.241    -0.588
    46.400     0.429     0.189    -0.536
    46.410     0.505     0.071    -0.436
    46.420     0.503    -0.023    -0.409
    46.430     0.429    -0.128    -0.383
    46.440     0.348    -0.226    -0.315
    46.450     0.257    -0.276    -0.255
    46.460     0.152    -0.290    -0.203
    46.470     0.011    -0.270    -0.210
    46.480    -0.088    -0.291    -0.226
    46.490    -0.067    -0.300    -0.228
    46.500     0.017    -0.257    -0.244
    46.510     0.100    -0.185    -0.251
    46.520     0.113    -0.056    -0.279
    46.530     0.069     0.046    -0.306
    46.540     0.045     0.065    -0.303
    46.550     0.035     0.044    -0.267
    46.560    -0.009     0.001    -0.184
    46.570    -0.102    -0.039    -0.103
    46.580    -0.173    -0.047    -0.021
    46.590    -0.141    -0.013     0.086
    46.600    -0.083     0.042     0.160
    46.610    -0.097     0.024     0.226
    46.620    -0.121    -0.102     0.326
    46.630    -0.119    -0.238     0.414
    46.640    -0.102    -0.319     0.460
    46.650    -0.068    -0.307     0.441
    46.660    -0.031    -0.169     0.371
    46.670     0.006     0.010     0.277
    46.680     0.061     0.128     0.207
    46.690     0.109     0.167     0.182
    46.700     0.126     0.095     0.139
    46.710     0.115    -0.040     0.052
    46.720     0.080    -0.162    -0.101
    46.730     0.115    -0.272    -0.260
    46.740     0.174    -0.309    -0.367
    46.750     0.180    -0.349    -0.412
    46.760     0.188    -0.458    -0.364
    46.770     0.125    -0.551    -0.282
    46.780     0.064    -0.636    -0.168
    46.790     0.084    -0.629    -0.029
    46.800     0.076    -0.496     0.052
    46.810     0.102    -0.387     0.087
    46.820     0.192    -0.365     0.126
    46.830     0.244    -0.417     0.157
    46.840     0.232    -0.486     0.147
    46.850     0.135    -0.490     0.106
    46.860    -0.036    -0.447     0.053
    46.870    -0.184    -0.388    -0.019
    46.880    -0.276    -0.328    -0.068
    46.890    -0.336    -0.269    -0.042
    46.900    -0.349    -0.198     0.002
    46.910    -0.349    -0.153     0.072
    46.920    -0.328    -0.131     0.150
    46.930    -0.246    -0.087     0.173
    46.940    -0.157    -0.008     0.163
    46.950    -0.022     0.050     0.108
    46.960     0.094     0.095     0.024
    46.970     0.065     0.147    -0.086
    46.980    -0.007     0.158    -0.164
    46.990    -0.056     0.248    -0.188
    47.000    -0.114     0.397    -0.222
    47.010    -0.228     0.514    -0.270
    47.020    -0.347     0.586    -0.312
    47.030    -0.372     0.544    -0.309
    47.040    -0.321     0.470    -0.259
    47.050    -0.227     0.435    -0.168
    47.060    -0.180     0.434    -0.090
    47.070    -0.198     0.445    -0.032
    47.080    -0.183     0.457     0.059
    47.090    -0.133     0.480     0.176
    47.100    -0.088     0.482     0.330
    47.110    -0.051     0.494     0.470
    47.120    -0.004     0.520     0.554
    47.130     0.035     0.527     0.592
    47.140     0.006     0.536     0.571
    47.150    -0.057     0.523     0.506
    47.160    -0.080     0.487     0.452
    47.170    -0.076     0.448     0.385
    47.180    -0.086     0.402     0.280
    47.190    -0.078     0.390     0.176
    47.200    -0.061     0.430     0.043
    47.210    -0.069     0.473    -0.089
    47.220    -0.006     0.491    -0.179
    47.230     0.113     0.502    -0.251
    47.240     0.187     0.500    -0.315
    47.250     0.189     0.430    -0.344
    47.260     0.138     0.301    -0.314
    47.270     0.088     0.163    -0.254
    47.280     0.033     0.033    -0.191
    47.290    -0.091    -0.083    -0.160
    47.300    -0.230    -0.198    -0.113
    47.310    -0.257    -0.299    -0.038
    47.320    -0.199    -0.346     0.014
    47.330    -0.130    -0.325     0.045
    47.340    -0.118    -0.239     0.031
    47.350    -0.158    -0.175    -0.006
    47.360    -0.143    -0.200    -0.014
    47.370    -0.110    -0.278     0.020
    47.380    -0.116    -0.353     0.051
    47.390    -0.150    -0.372     0.030
    47.400    -0.114    -0.351     0.001
    47.410    -0.012    -0.288    -0.050
    47.420     0.077    -0.212    -0.107
    47.430     0.186    -0.206    -0.110
    47.440     0.272    -0.247    -0.114
    47.450     0.282    -0.329    -0.132
    47.460     0.230    -0.406    -0.130
    47.470     0.204    -0.408    -0.114
    47.480     0.257    -0.340    -0.073
    47.490     0.331    -0.231     0.000
    47.500     0.409    -0.125     0.115
    47.510     0.429    -0.026     0.238
    47.520     0.379     0.034     0.326
    47.530     0.343     0.044     0.384
    47.540     0.364     0.027     0.441
    47.550     0.421     0.007     0.526
    47.560     0.422    -0.009     0.605
    47.570     0.362    -0.039     0.646
    47.580     0.295    -0.077     0.666
    47.590     0.186    -0.107     0.638
    47.600     0.077    -0.128     0.540
    47.610     0.025    -0.139     0.408
    47.620     0.028    -0.141     0.270
    47.630     0.062    -0.104     0.143
    47.640     0.051    -0.001     0.041
    47.650     0.049     0.114    -0.015
    47.660     0.104     0.226    -0.065
    47.670     0.154     0.320    -0.172
    47.680     0.118     0.357    -0.319
    47.690     0.038     0.347    -0.453
    47.700     0.051     0.286    -0.519
    47.710     0.108     0.207    -0.532
    47.720     0.105     0.136    -0.521
    47.730    -0.018     0.072    -0.483
    47.740    -0.168    -0.003    -0.415
    47.750    -0.206    -0.069    -0.310
    47.760    -0.179    -0.149    -0.216
    47.770    -0.150    -0.297    -0.139
    47.780    -0.135    -0.429    -0.104
    47.790    -0.088    -0.463    -0.145
    47.800     0.026    -0.390    -0.234
    47.810     0.147    -0.266    -0.304
    47.820     0.177    -0.167    -0.341
    47.830     0.087    -0.157    -0.361
    47.840    -0.062    -0.209    -0.338
    47.850    -0.212    -0.212    -0.304
    47.860    -0.317    -0.152    -0.233
    47.870    -0.396    -0.058    -0.116
    47.880    -0.424    -0.004     0.032
    47.890    -0.409    -0.006     0.190
    47.900    -0.381    -0.041     0.295
    47.910    -0.298    -0.088     0.362
    47.920    -0.207    -0.077     0.354
    47.930    -0.135    -0.076     0.308
    47.940    -0.064    -0.105     0.307
    47.950    -0.015    -0.092     0.318
    47.960    -0.016    -0.023     0.310
    47.970    -0.082     0.087     0.262
    47.980    -0.120     0.183     0.200
    47.990    -0.111     0.256     0.138
    48.000    -0.131     0.295     0.058
    48.010    -0.126     0.255     0.025
    48.020    -0.073     0.225     0.017
    48.030    -0.017     0.230    -0.040
    48.040     0.017     0.217    -0.111
    48.050     0.029     0.180    -0.176
    48.060     0.048     0.097    -0.195
    48.070     0.054     0.011    -0.154
    48.080     0.020    -0.068    -0.092
    48.090    -0.030    -0.128    -0.021
    48.100    -0.056    -0.125     0.036
    48.110    -0.084    -0.102     0.077
    48.120    -0.134    -0.092     0.120
    48.130    -0.141    -0.093     0.198
    48.140    -0.112    -0.093     0.278
    48.150    -0.085    -0.071     0.292
    48.160    -0.046    -0.033     0.277
    48.170     0.003     0.017     0.275
    48.180     0.044     0.047     0.268
    48.190     0.055     0.040     0.257
    48.200     0.055     0.026     0.222
    48.210     0.017     0.023     0.133
    48.220    -0.092     0.043     0.006
    48.230    -0.166     0.025    -0.107
    48.240    -0.147    -0.033    -0.185
    48.250    -0.129    -0.063    -0.256
    48.260    -0.173    -0.078    -0.282
    48.270    -0.213    -0.021    -0.249
    48.280    -0.150     0.106    -0.175
    48.290    -0.042     0.232    -0.075
    48.300     0.007     0.319     0.022
    48.310     0.066     0.331     0.144
    48.320     0.112     0.347     0.211
    48.330     0.111     0.371     0.170
    48.340     0.160     0.383     0.101
    48.350     0.200     0.430     0.006
    48.360     0.199     0.445    -0.092
    48.370     0.238     0.436    -0.145
    48.380     0.303     0.456    -0.152
    48.390     0.359     0.458    -0.126
    48.400     0.370     0.428    -0.102
    48.410     0.328     0.361    -0.089
    48.420     0.283     0.269    -0.060
    48.430     0.246     0.205    -0.018
    48.440     0.199     0.179     0.010
    48.450     0.170     0.149     0.023
    48.460     0.160     0.124     0.025
    48.470     0.146     0.130     0.024
    48.480     0.152     0.157     0.038
    48.490     0.183     0.230     0.041
    48.500     0.193     0.296     0.028
    48.510     0.174     0.293    -0.008
    48.520     0.151     0.231    -0.071
    48.530     0.146     0.142    -0.135
    48.540     0.123     0.088    -0.201
    48.550     0.059     0.022    -0.235
    48.560     0.002    -0.080    -0.225
    48.570    -0.068    -0.168    -0.216
    48.580    -0.160    -0.258    -0.205
    48.590    -0.230    -0.314    -0.171
    48.600    -0.262    -0.340    -0.139
    48.610    -0.255    -0.340    -0.131
    48.620    -0.215    -0.322    -0.127
    48.630    -0.152    -0.339    -0.116
    48.640    -0.108    -0.359    -0.110
    48.650    -0.046    -0.391    -0.117
    48.660     0.023    -0.412    -0.124
    48.670     0.024    -0.390    -0.144
    48.680     0.025    -0.377    -0.153
    48.690     0.044    -0.353    -0.140
    48.700     0.021    -0.350    -0.127
    48.710    -0.029    -0.391    -0.090
    48.720    -0.057    -0.414    -0.039
    48.730    -0.004    -0.427     0.013
    48.740     0.077    -0.405     0.039
    48.750     0.087    -0.359     0.040
    48.760     0.038    -0.349     0.072
    48.770     0.005    -0.350     0.130
    48.780    -0.008    -0.322     0.187
    48.790    -0.038    -0.245     0.205
    48.800    -0.062    -0.130     0.191
    48.810    -0.142    -0.019     0.144
    48.820    -0.230     0.037     0.098
    48.830    -0.217     0.077     0.096
    48.840    -0.205     0.142     0.088
    48.850    -0.216     0.180     0.063
    48.860    -0.180     0.200     0.048
    48.870    -0.085     0.216     0.025
    48.880     0.012     0.220    -0.026
    48.890     0.059     0.195    -0.052
    48.900     0.066     0.115    -0.028
    48.910     0.061    -0.003     0.028
    48.920     0.076    -0.109     0.102
    48.930     0.079    -0.176     0.136
    48.940     0.043    -0.205     0.120
    48.950    -0.022    -0.229     0.088
    48.960    -0.080    -0.293     0.063
    48.970    -0.085    -0.368     0.058
    48.980    -0.076    -0.369     0.062
    48.990    -0.072    -0.320     0.065
    49.000    -0.034    -0.246     0.059
    49.010     0.010    -0.152     0.008
    49.020     0.031    -0.093    -0.070
    49.030     0.029    -0.048    -0.134
    49.040     0.006    -0.015    -0.164
    49.050    -0.029     0.015    -0.164
    49.060    -0.092     0.061    -0.161
    49.070    -0.149     0.035    -0.134
    49.080    -0.172    -0.022    -0.116
    49.090    -0.170    -0.072    -0.141
    49.100    -0.141    -0.152    -0.149
    49.110    -0.111    -0.202    -0.159
    49.120    -0.046    -0.245    -0.178
    49.130     0.080    -0.282    -0.173
    49.140     0.187    -0.248    -0.151
    49.150     0.212    -0.188    -0.125
    49.160     0.205    -0.134    -0.081
    49.170     0.212    -0.079    -0.032
    49.180     0.184    -0.027    -0.027
    49.190     0.128     0.030    -0.027
    49.200     0.133     0.063    -0.006
    49.210     0.216     0.073     0.003
    49.220     0.254     0.065    -0.005
    49.230     0.207     0.016     0.002
    49.240     0.212    -0.042     0.040
    49.250     0.275    -0.050     0.055
    49.260     0.282    -0.001     0.013
    49.270     0.224     0.030    -0.013
    49.280     0.176     0.036     0.014
    49.290     0.145     0.056     0.023
    49.300     0.078     0.048     0.029
    49.310     0.005     0.022     0.093
    49.320    -0.060     0.047     0.147
    49.330    -0.086     0.136     0.139
    49.340    -0.043     0.234     0.109
    49.350    -0.015     0.282     0.081
    49.360    -0.028     0.302     0.061
    49.370    -0.069     0.328     0.045
    49.380    -0.106     0.364     0.007
    49.390    -0.113     0.402    -0.017
    49.400    -0.123     0.426    -0.030
    49.410    -0.113     0.414    -0.035
    49.420    -0.041     0.372    -0.005
    49.430     0.037     0.348     0.023
    49.440     0.068     0.328     0.030
    49.450     0.039     0.293     0.023
    49.460    -0.010     0.245     0.028
    49.470    -0.027     0.187     0.067
    49.480    -0.030     0.168     0.128
    49.490    -0.039     0.180     0.183
    49.500    -0.057     0.201     0.212
    49.510    -0.053     0.205     0.214
    49.520     0.004     0.182     0.177
    49.530     0.064     0.152     0.108
    49.540     0.060     0.105     0.033
    49.550     0.009     0.056    -0.018
    49.560    -0.016     0.039    -0.013
    49.570    -0.037     0.054     0.016
    49.580    -0.088     0.037     0.079
    49.590    -0.161     0.006     0.169
    49.600    -0.221    -0.020     0.223
    49.610    -0.195    -0.063     0.251
    49.620    -0.149    -0.077     0.241
    49.630    -0.124    -0.103     0.206
    49.640    -0.061    -0.131     0.171
    49.650     0.009    -0.140     0.124
    49.660     0.033    -0.178     0.063
    49.670     0.044    -0.222     0.016
    49.680     0.069    -0.263     0.014
    49.690     0.049    -0.298     0.001
    49.700    -0.039    -0.321    -0.011
    49.710    -0.158    -0.310     0.013
    49.720    -0.232    -0.262     0.046
    49.730    -0.221    -0.196     0.094
    49.740    -0.194    -0.129     0.117
    49.750    -0.183    -0.114     0.130
    49.760    -0.170    -0.120     0.156
    49.770    -0.170    -0.125     0.172
    49.780    -0.186    -0.156     0.169
    49.790    -0.184    -0.186     0.139
    49.800    -0.154    -0.186     0.070
    49.810    -0.130    -0.178    -0.049
    49.820    -0.083    -0.149    -0.169
    49.830    -0.014    -0.101    -0.266
    49.840     0.065    -0.082    -0.329
    49.850     0.148    -0.078    -0.352
    49.860     0.168    -0.078    -0.351
    49.870     0.100    -0.071    -0.341
    49.880    -0.002    -0.047    -0.320
    49.890    -0.059    -0.024    -0.275
    49.900    -0.083    -0.003    -0.224
    49.910    -0.121     0.000    -0.169
    49.920    -0.150     0.012    -0.121
    49.930    -0.135     0.055    -0.104
    49.940    -0.081     0.109    -0.105
    49.950    -0.040     0.162    -0.105
    49.960     0.003     0.201    -0.065
    49.970     0.070     0.236     0.003
    49.980     0.082     0.274     0.058
    49.990     0.049     0.282     0.108
    50.000     0.056     0.262     0.153
    50.010     0.099     0.243     0.154
    50.020     0.154     0.213     0.121
    50.030     0.174     0.172     0.086
    50.040     0.139     0.115     0.045
    50.050     0.113     0.043     0.022
    50.060     0.128     0.006     0.015
    50.070     0.152    -0.007     0.021
    50.080     0.158    -0.029     0.047
    50.090     0.147    -0.042     0.065
    50.100     0.132    -0.027     0.077
    50.110     0.128     0.016     0.109
    50.120     0.141     0.055     0.157
    50.130     0.148     0.060     0.185
    50.140     0.152     0.041     0.178
    50.150     0.187     0.012     0.156
    50.160     0.214     0.001     0.104
    50.170     0.194     0.012     0.035
    50.180     0.127     0.034    -0.039
    50.190     0.034     0.043    -0.117
    50.200     0.006     0.011    -0.144
    50.210     0.038    -0.026    -0.132
    50.220     0.045    -0.052    -0.111
    50.230     0.044    -0.061    -0.096
    50.240     0.068    -0.052    -0.095
    50.250     0.105    -0.037    -0.113
    50.260     0.097    -0.006    -0.181
    50.270     0.053     0.007    -0.242
    50.280     0.027     0.023    -0.269
    50.290     0.015     0.046    -0.309
    50.300     0.008     0.049    -0.358
    50.310    -0.012     0.041    -0.428
    50.320     0.004    -0.001    -0.513
    50.330     0.052    -0.047    -0.587
    50.340     0.035    -0.095    -0.644
    50.350    -0.051    -0.135    -0.666
    50.360    -0.139    -0.146    -0.640
    50.370    -0.165    -0.170    -0.569
    50.380    -0.173    -0.186    -0.483
    50.390    -0.220    -0.176    -0.398
    50.400    -0.234    -0.182    -0.300
    50.410    -0.173    -0.190    -0.223
    50.420    -0.128    -0.167    -0.207
    50.430    -0.142    -0.153    -0.185
    50.440    -0.128    -0.103    -0.116
    50.450    -0.079     0.012    -0.055
    50.460    -0.063     0.099     0.002
    50.470    -0.125     0.139     0.071
    50.480    -0.258     0.117     0.161
    50.490    -0.363     0.061     0.252
    50.500    -0.394     0.041     0.290
    50.510    -0.398     0.032     0.319
    50.520    -0.392     0.036     0.357
    50.530    -0.355     0.058     0.404
    50.540    -0.262     0.066     0.503
    50.550    -0.126     0.083     0.618
    50.560    -0.022     0.109     0.692
    50.570     0.013     0.117     0.697
    50.580     0.019     0.109     0.644
    50.590     0.062     0.115     0.575
    50.600     0.153     0.144     0.503
    50.610     0.236     0.142     0.452
    50.620     0.296     0.103     0.445
    50.630     0.327     0.086     0.448
    50.640     0.301     0.125     0.424
    50.650     0.296     0.190     0.400
    50.660     0.354     0.252     0.380
    50.670     0.401     0.305     0.339
    50.680     0.393     0.284     0.312
    50.690     0.293     0.194     0.306
    50.700     0.173     0.108     0.303
    50.710     0.125     0.048     0.287
    50.720     0.070     0.027     0.240
    50.730    -0.013    -0.003     0.178
    50.740    -0.070    -0.071     0.127
    50.750    -0.062    -0.141     0.069
    50.760    -0.009    -0.188    -0.029
    50.770     0.000    -0.183    -0.141
    50.780    -0.026    -0.159    -0.222
    50.790    -0.072    -0.176    -0.266
    50.800    -0.108    -0.192    -0.291
    50.810    -0.084    -0.185    -0.314
    50.820    -0.071    -0.182    -0.345
    50.830    -0.060    -0.181    -0.396
    50.840    -0.006    -0.176    -0.429
    50.850     0.042    -0.153    -0.441
    50.860     0.021    -0.105    -0.433
    50.870    -0.090    -0.063    -0.393
    50.880    -0.171    -0.065    -0.320
    50.890    -0.174    -0.084    -0.233
    50.900    -0.171    -0.095    -0.176
    50.910    -0.173    -0.100    -0.129
    50.920    -0.182    -0.073    -0.095
    50.930    -0.192    -0.029    -0.084
    50.940    -0.200    -0.002    -0.062
    50.950    -0.217     0.016    -0.026
    50.960    -0.213     0.022     0.036
    50.970    -0.186     0.012     0.103
    50.980    -0.165     0.008     0.169
    50.990    -0.124     0.014     0.241
    51.000    -0.081     0.028     0.292
    51.010    -0.078     0.030     0.301
    51.020    -0.073     0.013     0.271
    51.030    -0.056     0.002     0.232
    51.040    -0.038     0.000     0.217
    51.050    -0.004     0.036     0.221
    51.060     0.046     0.103     0.228
    51.070     0.100     0.137     0.249
    51.080     0.146     0.161     0.251
    51.090     0.172     0.168     0.225
    51.100     0.166     0.142     0.184
    51.110     0.142     0.139     0.114
    51.120     0.139     0.144     0.073
    51.130     0.145     0.160     0.095
    51.140     0.143     0.187     0.143
    51.150     0.125     0.190     0.195
    51.160     0.091     0.185     0.215
    51.170     0.079     0.152     0.190
    51.180     0.069     0.110     0.119
    51.190     0.077     0.065     0.028
    51.200     0.107     0.002    -0.052
    51.210     0.101    -0.052    -0.135
    51.220     0.082    -0.118    -0.184
    51.230     0.045    -0.175    -0.204
    51.240     0.016    -0.192    -0.214
    51.250     0.048    -0.196    -0.207
    51.260     0.106    -0.200    -0.209
    51.270     0.165    -0.194    -0.234
    51.280     0.206    -0.171    -0.282
    51.290     0.224    -0.146    -0.338
    51.300     0.247    -0.139    -0.365
    51.310     0.290    -0.138    -0.372
    51.320     0.301    -0.109    -0.373
    51.330     0.249    -0.060    -0.355
    51.340     0.176    -0.021    -0.302
    51.350     0.139     0.016    -0.229
    51.360     0.117     0.049    -0.164
    51.370     0.039     0.060    -0.124
    51.380    -0.069     0.067    -0.094
    51.390    -0.158     0.082    -0.062
    51.400    -0.186     0.102    -0.025
    51.410    -0.145     0.118     0.021
    51.420    -0.111     0.144     0.069
    51.430    -0.099     0.191     0.124
    51.440    -0.048     0.229     0.177
    51.450     0.041     0.254     0.204
    51.460     0.098     0.267     0.207
    51.470     0.086     0.248     0.209
    51.480     0.044     0.202     0.235
    51.490     0.032     0.167     0.256
    51.500     0.031     0.162     0.256
    51.510     0.002     0.170     0.250
    51.520    -0.043     0.176     0.218
    51.530    -0.069     0.159     0.160
    51.540    -0.076     0.140     0.061
    51.550    -0.093     0.151    -0.063
    51.560    -0.081     0.168    -0.146
    51.570    -0.072     0.169    -0.205
    51.580    -0.082     0.115    -0.237
    51.590    -0.058     0.036    -0.235
    51.600    -0.023    -0.016    -0.250
    51.610     0.002    -0.050    -0.290
    51.620     0.004    -0.080    -0.328
    51.630     0.014    -0.127    -0.334
    51.640     0.032    -0.183    -0.319
    51.650     0.033    -0.221    -0.289
    51.660     0.035    -0.241    -0.237
    51.670     0.008    -0.237    -0.185
    51.680     0.001    -0.218    -0.132
    51.690     0.043    -0.195    -0.082
    51.700     0.075    -0.176    -0.045
    51.710     0.099    -0.188     0.003
    51.720     0.127    -0.231     0.050
    51.730     0.130    -0.281     0.058
    51.740     0.098    -0.314     0.045
    51.750     0.057    -0.309     0.035
    51.760    -0.012    -0.257     0.008
    51.770    -0.080    -0.173    -0.035
    51.780    -0.114    -0.102    -0.072
    51.790    -0.158    -0.066    -0.123
    51.800    -0.212    -0.070    -0.182
    51.810    -0.247    -0.079    -0.227
    51.820    -0.235    -0.083    -0.266
    51.830    -0.171    -0.088    -0.277
    51.840    -0.084    -0.072    -0.248
    51.850    -0.020    -0.057    -0.189
    51.860     0.001    -0.042    -0.123
    51.870    -0.010    -0.024    -0.081
    51.880    -0.028    -0.015    -0.053
    51.890    -0.027    -0.002    -0.008
    51.900    -0.026     0.019     0.056
    51.910    -0.024     0.037     0.133
    51.920    -0.012     0.041     0.205
    51.930     0.019     0.042     0.226
    51.940     0.034     0.051     0.204
    51.950     0.026     0.030     0.180
    51.960     0.051    -0.023     0.180
    51.970     0.098    -0.055     0.192
    51.980     0.088    -0.054     0.184
    51.990     0.030    -0.033     0.190
    52.000    -0.002     0.012     0.196
    52.010    -0.009     0.048     0.170
    52.020    -0.030     0.029     0.140
    52.030    -0.094    -0.023     0.137
    52.040    -0.148    -0.075     0.183
    52.050    -0.144    -0.084     0.228
    52.060    -0.125    -0.070     0.243
    52.070    -0.127    -0.070     0.251
    52.080    -0.151    -0.065     0.244
    52.090    -0.170    -0.074     0.217
    52.100    -0.180    -0.076     0.176
    52.110    -0.200    -0.060     0.142
    52.120    -0.215    -0.050     0.143
    52.130    -0.205    -0.020     0.159
    52.140    -0.194     0.029     0.149
    52.150    -0.167     0.085     0.142
    52.160    -0.100     0.147     0.152
    52.170    -0.061     0.178     0.116
    52.180    -0.062     0.147     0.064
    52.190    -0.059     0.089     0.033
    52.200    -0.037     0.041     0.012
    52.210    -0.002     0.033    -0.015
    52.220     0.025     0.064    -0.050
    52.230     0.046     0.077    -0.060
    52.240     0.060     0.087    -0.086
    52.250     0.040     0.093    -0.139
    52.260    -0.006     0.084    -0.192
    52.270    -0.067     0.086    -0.238
    52.280    -0.115     0.083    -0.266
    52.290    -0.124     0.081    -0.264
    52.300    -0.125     0.088    -0.236
    52.310    -0.121     0.096    -0.205
    52.320    -0.092     0.096    -0.168
    52.330    -0.014     0.080    -0.140
    52.340     0.072     0.079    -0.121
    52.350     0.093     0.077    -0.115
    52.360     0.093     0.042    -0.106
    52.370     0.129     0.004    -0.064
    52.380     0.180    -0.031    -0.022
    52.390     0.191    -0.069     0.004
    52.400     0.171    -0.102     0.007
    52.410     0.173    -0.147    -0.017
    52.420     0.211    -0.204    -0.044
    52.430     0.258    -0.251    -0.066
    52.440     0.248    -0.288    -0.071
    52.450     0.195    -0.321    -0.044
    52.460     0.183    -0.329     0.012
    52.470     0.171    -0.294     0.050
    52.480     0.090    -0.242     0.061
    52.490     0.022    -0.210     0.083
    52.500     0.006    -0.188     0.100
    52.510     0.008    -0.186     0.079
    52.520     0.038    -0.203     0.064
    52.530     0.048    -0.184     0.053
    52.540     0.022    -0.136     0.028
    52.550     0.013    -0.077     0.027
    52.560     0.015    -0.028     0.058
    52.570     0.012    -0.004     0.105
    52.580    -0.021     0.043     0.130
    52.590    -0.052     0.092     0.147
    52.600    -0.046     0.150     0.169
    52.610    -0.036     0.209     0.177
    52.620    -0.031     0.216     0.190
    52.630    -0.028     0.209     0.212
    52.640    -0.033     0.207     0.253
    52.650    -0.040     0.208     0.301
    52.660    -0.043     0.228     0.332
    52.670    -0.062     0.253     0.345
    52.680    -0.105     0.267     0.328
    52.690    -0.142     0.256     0.301
    52.700    -0.144     0.245     0.266
    52.710    -0.109     0.245     0.224
    52.720    -0.042     0.250     0.205
    52.730     0.029     0.272     0.169
    52.740     0.078     0.270     0.114
    52.750     0.100     0.229     0.082
    52.760     0.074     0.196     0.044
    52.770     0.018     0.180     0.003
    52.780    -0.044     0.174    -0.031
    52.790    -0.088     0.138    -0.059
    52.800    -0.065     0.066    -0.060
    52.810    -0.005    -0.008    -0.048
    52.820     0.016    -0.064    -0.043
    52.830    -0.006    -0.096    -0.048
    52.840    -0.010    -0.098    -0.073
    52.850     0.020    -0.084    -0.120
    52.860     0.072    -0.072    -0.158
    52.870     0.104    -0.061    -0.185
    52.880     0.073    -0.070    -0.196
    52.890     0.020    -0.096    -0.185
    52.900    -0.007    -0.098    -0.173
    52.910    -0.003    -0.062    -0.161
    52.920     0.006    -0.017    -0.161
    52.930     0.011     0.015    -0.172
    52.940     0.017     0.034    -0.172
    52.950     0.025     0.053    -0.154
    52.960     0.021     0.092    -0.122
    52.970     0.005     0.131    -0.094
    52.980    -0.017     0.152    -0.085
    52.990    -0.013     0.144    -0.087
    53.000     0.024     0.128    -0.098
    53.010     0.029     0.151    -0.133
    53.020     0.045     0.182    -0.167
    53.030     0.091     0.207    -0.181
    53.040     0.127     0.209    -0.198
    53.050     0.144     0.156    -0.201
    53.060     0.145     0.083    -0.184
    53.070     0.138     0.014    -0.184
    53.080     0.114    -0.048    -0.207
    53.090     0.092    -0.086    -0.225
    53.100     0.084    -0.099    -0.227
    53.110     0.080    -0.086    -0.223
    53.120     0.097    -0.059    -0.201
    53.130     0.121    -0.039    -0.164
    53.140     0.128    -0.040    -0.132
    53.150     0.145    -0.077    -0.095
    53.160     0.141    -0.122    -0.081
    53.170     0.073    -0.149    -0.094
    53.180     0.018    -0.165    -0.076
    53.190     0.009    -0.153    -0.047
    53.200    -0.004    -0.121    -0.042
    53.210    -0.037    -0.085    -0.034
    53.220    -0.081    -0.063    -0.017
    53.230    -0.121    -0.058     0.011
    53.240    -0.121    -0.055     0.038
    53.250    -0.105    -0.051     0.031
    53.260    -0.079    -0.050    -0.001
    53.270    -0.001    -0.040    -0.034
    53.280     0.085    -0.012    -0.063
    53.290     0.139     0.010    -0.088
    53.300     0.127     0.035    -0.090
    53.310     0.060     0.043    -0.073
    53.320    -0.002     0.020    -0.049
    53.330    -0.059     0.016    -0.012
    53.340    -0.102     0.007     0.031
    53.350    -0.099    -0.005     0.081
    53.360    -0.078    -0.005     0.125
    53.370    -0.046    -0.025     0.157
    53.380     0.005    -0.034     0.179
    53.390     0.050    -0.036     0.180
    53.400     0.098    -0.040     0.178
    53.410     0.117    -0.034     0.156
    53.420     0.103    -0.046     0.121
    53.430     0.085    -0.073     0.085
    53.440     0.052    -0.108     0.039
    53.450     0.018    -0.141    -0.007
    53.460    -0.028    -0.130    -0.052
    53.470    -0.073    -0.096    -0.079
    53.480    -0.094    -0.086    -0.079
    53.490    -0.108    -0.098    -0.053
    53.500    -0.090    -0.150     0.008
    53.510    -0.064    -0.208     0.066
    53.520    -0.054    -0.227     0.101
    53.530    -0.050    -0.228     0.122
    53.540    -0.048    -0.210     0.132
    53.550    -0.012    -0.183     0.146
    53.560     0.042    -0.138     0.160
    53.570     0.075    -0.081     0.161
    53.580     0.102    -0.050     0.151
    53.590     0.118    -0.026     0.139
    53.600     0.133    -0.004     0.144
    53.610     0.138     0.014     0.148
    53.620     0.109     0.044     0.143
    53.630     0.078     0.069     0.136
    53.640     0.067     0.076     0.118
    53.650     0.077     0.076     0.102
    53.660     0.074     0.069     0.099
    53.670     0.046     0.059     0.098
    53.680     0.012     0.062     0.096
    53.690    -0.018     0.061     0.085
    53.700    -0.038     0.078     0.052
    53.710    -0.052     0.105     0.024
    53.720    -0.032     0.110     0.009
    53.730    -0.002     0.129     0.007
    53.740    -0.016     0.161     0.018
    53.750    -0.057     0.191     0.037
    53.760    -0.090     0.203     0.080
    53.770    -0.142     0.193     0.120
    53.780    -0.228     0.164     0.140
    53.790    -0.285     0.122     0.158
    53.800    -0.297     0.110     0.142
    53.810    -0.270     0.114     0.107
    53.820    -0.223     0.120     0.077
    53.830    -0.182     0.124     0.044
    53.840    -0.127     0.111     0.003
    53.850    -0.074     0.105    -0.053
    53.860    -0.049     0.097    -0.118
    53.870    -0.046     0.090    -0.163
    53.880    -0.038     0.088    -0.173
    53.890    -0.020     0.072    -0.160
    53.900    -0.021     0.055    -0.130
    53.910    -0.060     0.035    -0.095
    53.920    -0.109     0.000    -0.065
    53.930    -0.104    -0.041    -0.049
    53.940    -0.079    -0.091    -0.062
    53.950    -0.067    -0.148    -0.069
    53.960    -0.059    -0.193    -0.059
    53.970    -0.057    -0.227    -0.042
    53.980    -0.054    -0.244    -0.016
    53.990    -0.047    -0.225     0.004
    54.000    -0.045    -0.182     0.002
    54.010    -0.053    -0.128    -0.022
    54.020    -0.059    -0.080    -0.056
    54.030    -0.061    -0.043    -0.093
    54.040    -0.040    -0.008    -0.119
    54.050    -0.017     0.019    -0.142
    54.060    -0.017     0.023    -0.155
    54.070     0.000     0.024    -0.140
    54.080     0.029     0.036    -0.114
    54.090     0.047     0.045    -0.092
    54.100     0.044     0.061    -0.069
    54.110     0.027     0.090    -0.044
    54.120     0.036     0.115    -0.018
    54.130     0.056     0.143     0.030
    54.140     0.071     0.162     0.096
    54.150     0.091     0.174     0.179
    54.160     0.075     0.183     0.247
    54.170     0.031     0.152     0.283
    54.180     0.027     0.083     0.316
    54.190     0.032     0.017     0.316
    54.200     0.011    -0.038     0.280
    54.210    -0.011    -0.069     0.236
    54.220    -0.033    -0.082     0.202
    54.230    -0.028    -0.110     0.185
    54.240    -0.004    -0.140     0.155
    54.250    -0.009    -0.174     0.107
    54.260    -0.017    -0.220     0.060
    54.270    -0.020    -0.231    -0.003
    54.280    -0.022    -0.212    -0.081
    54.290    -0.011    -0.188    -0.137
    54.300    -0.035    -0.149    -0.178
    54.310    -0.065    -0.122    -0.191
    54.320    -0.047    -0.101    -0.172
    54.330    -0.006    -0.054    -0.159
    54.340     0.030    -0.001    -0.155
    54.350     0.026     0.037    -0.152
    54.360     0.004     0.048    -0.140
    54.370     0.000     0.059    -0.116
    54.380    -0.007     0.087    -0.072
    54.390    -0.020     0.125    -0.020
    54.400    -0.036     0.172     0.009
    54.410    -0.042     0.199     0.022
    54.420    -0.035     0.182     0.013
    54.430    -0.008     0.136    -0.002
    54.440     0.038     0.097    -0.003
    54.450     0.076     0.059     0.004
    54.460     0.105     0.016     0.024
    54.470     0.125     0.003     0.037
    54.480     0.139     0.022     0.030
    54.490     0.144     0.024     0.009
    54.500     0.150    -0.008    -0.008
    54.510     0.141    -0.039     0.001
    54.520     0.124    -0.060     0.024
    54.530     0.103    -0.061     0.052
    54.540     0.076    -0.027     0.071
    54.550     0.070     0.012     0.074
    54.560     0.040     0.026     0.076
    54.570    -0.002     0.012     0.078
    54.580    -0.017    -0.016     0.071
    54.590    -0.025    -0.029     0.054
    54.600    -0.024    -0.014     0.026
    54.610    -0.003    -0.003     0.021
    54.620     0.037     0.005     0.031
    54.630     0.069     0.000     0.026
    54.640     0.096    -0.038     0.038
    54.650     0.118    -0.071     0.040
    54.660     0.121    -0.085     0.003
    54.670     0.110    -0.091    -0.046
    54.680     0.098    -0.108    -0.087
    54.690     0.085    -0.136    -0.115
    54.700     0.057    -0.165    -0.128
    54.710     0.031    -0.191    -0.127
    54.720     0.007    -0.184    -0.137
    54.730    -0.019    -0.142    -0.151
    54.740    -0.018    -0.093    -0.161
    54.750     0.007    -0.051    -0.172
    54.760     0.022    -0.024    -0.185
    54.770     0.018    -0.016    -0.192
    54.780     0.019    -0.017    -0.177
    54.790     0.020     0.004    -0.163
    54.800     0.008     0.043    -0.144
    54.810    -0.009     0.062    -0.088
    54.820    -0.022     0.070    -0.008
    54.830    -0.038     0.071     0.062
    54.840    -0.045     0.053     0.107
    54.850    -0.019     0.043     0.128
    54.860     0.025     0.065     0.111
    54.870     0.052     0.092     0.069
    54.880     0.023     0.103     0.031
    54.890    -0.028     0.109    -0.002
    54.900    -0.052     0.095    -0.024
    54.910    -0.054     0.062    -0.049
    54.920    -0.042     0.032    -0.085
    54.930    -0.048     0.005    -0.114
    54.940    -0.048    -0.010    -0.135
    54.950    -0.001    -0.015    -0.147
    54.960     0.072    -0.013    -0.155
    54.970     0.127    -0.030    -0.150
    54.980     0.127    -0.083    -0.130
    54.990     0.078    -0.129    -0.102
    55.000     0.025    -0.117    -0.068
    55.010    -0.003    -0.055    -0.031
    55.020    -0.023     0.027     0.012
    55.030    -0.052     0.094     0.050
    55.040    -0.072     0.101     0.063
    55.050    -0.062     0.076     0.041
    55.060    -0.027     0.050    -0.005
    55.070    -0.007     0.018    -0.059
    55.080     0.009    -0.014    -0.104
    55.090     0.038    -0.043    -0.117
    55.100     0.047    -0.062    -0.114
    55.110    -0.002    -0.074    -0.102
    55.120    -0.101    -0.072    -0.085
    55.130    -0.184    -0.080    -0.053
    55.140    -0.208    -0.093    -0.008
    55.150    -0.205    -0.094     0.020
    55.160    -0.217    -0.105     0.046
    55.170    -0.240    -0.105     0.055
    55.180    -0.236    -0.101     0.052
    55.190    -0.215    -0.094     0.063
    55.200    -0.207    -0.078     0.087
    55.210    -0.207    -0.072     0.123
    55.220    -0.231    -0.063     0.156
    55.230    -0.250    -0.067     0.168
    55.240    -0.226    -0.065     0.162
    55.250    -0.191    -0.037     0.148
    55.260    -0.142    -0.021     0.128
    55.270    -0.090    -0.007     0.107
    55.280    -0.049     0.007     0.088
    55.290    -0.003     0.024     0.067
    55.300     0.038     0.061     0.050
    55.310     0.065     0.108     0.024
    55.320     0.077     0.148    -0.007
    55.330     0.089     0.155    -0.017
    55.340     0.090     0.164    -0.014
    55.350     0.058     0.175    -0.009
    55.360     0.035     0.174     0.012
    55.370     0.047     0.195     0.056
    55.380     0.061     0.229     0.104
    55.390     0.060     0.253     0.137
    55.400     0.045     0.262     0.156
    55.410     0.038     0.244     0.165
    55.420     0.042     0.212     0.159
    55.430     0.035     0.189     0.133
    55.440     0.041     0.167     0.099
    55.450     0.074     0.167     0.061
    55.460     0.110     0.185     0.015
    55.470     0.146     0.183    -0.028
    55.480     0.169     0.175    -0.052
    55.490     0.187     0.148    -0.065
    55.500     0.187     0.103    -0.071
    55.510     0.144     0.055    -0.055
    55.520     0.105    -0.005    -0.018
    55.530     0.066    -0.039     0.013
    55.540     0.027    -0.056     0.041
    55.550     0.009    -0.073     0.068
    55.560    -0.019    -0.068     0.093
    55.570    -0.029    -0.068     0.118
    55.580    -0.016    -0.074     0.126
    55.590    -0.006    -0.062     0.113
    55.600     0.011    -0.044     0.085
    55.610     0.040    -0.031     0.060
    55.620     0.080    -0.021     0.039
    55.630     0.103    -0.008     0.005
    55.640     0.090    -0.019    -0.014
    55.650     0.062    -0.050    -0.020
    55.660     0.030    -0.066    -0.034
    55.670     0.012    -0.088    -0.033
    55.680     0.012    -0.102    -0.022
    55.690     0.010    -0.101    -0.014
    55.700     0.014    -0.098    -0.024
    55.710     0.036    -0.087    -0.055
    55.720     0.069    -0.090    -0.086
    55.730     0.096    -0.112    -0.117
    55.740     0.095    -0.133    -0.147
    55.750     0.072    -0.150    -0.160
    55.760     0.048    -0.158    -0.145
    55.770     0.007    -0.151    -0.114
    55.780    -0.035    -0.137    -0.077
    55.790    -0.049    -0.135    -0.020
    55.800    -0.052    -0.147     0.028
    55.810    -0.038    -0.160     0.051
    55.820    -0.005    -0.166     0.051
    55.830     0.039    -0.164     0.030
    55.840     0.081    -0.149     0.007
    55.850     0.110    -0.135    -0.020
    55.860     0.123    -0.133    -0.040
    55.870     0.110    -0.124    -0.052
    55.880     0.081    -0.119    -0.063
    55.890     0.051    -0.123    -0.072
    55.900     0.028    -0.117    -0.083
    55.910     0.029    -0.107    -0.080
    55.920     0.032    -0.087    -0.068
    55.930     0.002    -0.074    -0.067
    55.940    -0.030    -0.062    -0.065
    55.950    -0.038    -0.043    -0.071
    55.960    -0.034    -0.023    -0.092
    55.970    -0.030     0.017    -0.115
    55.980    -0.030     0.063    -0.131
    55.990    -0.039     0.103    -0.131
    56.000    -0.038     0.129    -0.127
    56.010    -0.035     0.137    -0.131
    56.020    -0.061     0.128    -0.148
    56.030    -0.107     0.109    -0.165
    56.040    -0.128     0.090    -0.168
    56.050    -0.110     0.083    -0.158
    56.060    -0.080     0.095    -0.142
    56.070    -0.050     0.105    -0.124
    56.080    -0.024     0.103    -0.092
    56.090     0.025     0.081    -0.063
    56.100     0.083     0.065    -0.043
    56.110     0.122     0.050    -0.034
    56.120     0.128     0.027    -0.032
    56.130     0.100     0.016    -0.021
    56.140     0.087    -0.023    -0.002
    56.150     0.066    -0.061     0.025
    56.160     0.024    -0.075     0.049
    56.170    -0.017    -0.078     0.063
    56.180    -0.049    -0.066     0.066
    56.190    -0.072    -0.058     0.058
    56.200    -0.107    -0.059     0.060
    56.210    -0.114    -0.058     0.072
    56.220    -0.069    -0.061     0.099
    56.230    -0.025    -0.057     0.122
    56.240    -0.024    -0.025     0.129
    56.250    -0.040     0.018     0.131
    56.260    -0.035     0.070     0.129
    56.270    -0.023     0.126     0.115
    56.280    -0.031     0.156     0.092
    56.290    -0.045     0.174     0.073
    56.300    -0.061     0.200     0.045
    56.310    -0.071     0.205     0.007
    56.320    -0.045     0.188    -0.006
    56.330    -0.015     0.160    -0.003
    56.340    -0.002     0.131     0.000
    56.350     0.004     0.117     0.008
    56.360     0.006     0.113     0.018
    56.370    -0.012     0.114     0.024
    56.380    -0.039     0.108     0.027
    56.390    -0.028     0.101     0.034
    56.400    -0.010     0.101     0.042
    56.410    -0.009     0.081     0.050
    56.420    -0.011     0.044     0.062
    56.430    -0.017     0.001     0.073
    56.440    -0.010    -0.031     0.079
    56.450     0.000    -0.044     0.069
    56.460    -0.008    -0.061     0.039
    56.470    -0.026    -0.089     0.013
    56.480    -0.028    -0.118    -0.015
    56.490    -0.032    -0.146    -0.049
    56.500    -0.035    -0.181    -0.068
    56.510    -0.007    -0.207    -0.079
    56.520     0.028    -0.210    -0.095
    56.530     0.042    -0.182    -0.106
    56.540     0.056    -0.136    -0.106
    56.550     0.093    -0.109    -0.101
    56.560     0.116    -0.085    -0.096
    56.570     0.121    -0.073    -0.106
    56.580     0.126    -0.071    -0.117
    56.590     0.118    -0.039    -0.124
    56.600     0.112     0.006    -0.124
    56.610     0.119     0.042    -0.099
    56.620     0.123     0.073    -0.072
    56.630     0.107     0.081    -0.049
    56.640     0.086     0.069    -0.018
    56.650     0.077     0.061     0.008
    56.660     0.066     0.062     0.040
    56.670     0.069     0.049     0.087
    56.680     0.088     0.051     0.133
    56.690     0.088     0.088     0.152
    56.700     0.064     0.117     0.164
    56.710     0.046     0.138     0.178
    56.720     0.041     0.170     0.178
    56.730     0.050     0.197     0.175
    56.740     0.071     0.208     0.170
    56.750     0.075     0.208     0.163
    56.760     0.053     0.185     0.150
    56.770     0.020     0.141     0.138
    56.780     0.015     0.092     0.122
    56.790     0.025     0.039     0.110
    56.800     0.030    -0.016     0.103
    56.810     0.033    -0.051     0.079
    56.820     0.002    -0.075     0.053
    56.830    -0.036    -0.102     0.033
    56.840    -0.073    -0.108     0.040
    56.850    -0.111    -0.106     0.074
    56.860    -0.130    -0.108     0.110
    56.870    -0.144    -0.098     0.155
    56.880    -0.157    -0.072     0.176
    56.890    -0.160    -0.039     0.164
    56.900    -0.159    -0.017     0.147
    56.910    -0.154    -0.028     0.131
    56.920    -0.133    -0.051     0.128
    56.930    -0.116    -0.058     0.129
    56.940    -0.105    -0.066     0.139
    56.950    -0.094    -0.069     0.151
    56.960    -0.093    -0.067     0.158
    56.970    -0.073    -0.078     0.165
    56.980    -0.036    -0.077     0.153
    56.990    -0.016    -0.071     0.138
    57.000    -0.012    -0.059     0.122
    57.010    -0.037    -0.040     0.098
    57.020    -0.090    -0.023     0.077
    57.030    -0.114    -0.004     0.055
    57.040    -0.108     0.006     0.027
    57.050    -0.118     0.007    -0.003
    57.060    -0.142    -0.005    -0.024
    57.070    -0.163    -0.032    -0.037
    57.080    -0.157    -0.054    -0.044
    57.090    -0.117    -0.067    -0.044
    57.100    -0.092    -0.061    -0.063
    57.110    -0.109    -0.039    -0.091
    57.120    -0.123    -0.028    -0.111
    57.130    -0.108    -0.027    -0.131
    57.140    -0.084    -0.025    -0.143
    57.150    -0.063    -0.024    -0.152
    57.160    -0.066    -0.020    -0.165
    57.170    -0.077    -0.025    -0.189
    57.180    -0.063    -0.030    -0.229
    57.190    -0.022    -0.020    -0.270
    57.200     0.028    -0.013    -0.313
    57.210     0.075    -0.018    -0.356
    57.220     0.107    -0.032    -0.374
    57.230     0.117    -0.049    -0.368
    57.240     0.132    -0.057    -0.338
    57.250     0.119    -0.043    -0.300
    57.260     0.073    -0.025    -0.270
    57.270     0.031    -0.035    -0.231
    57.280    -0.004    -0.048    -0.192
    57.290    -0.018    -0.054    -0.165
    57.300    -0.011    -0.050    -0.134
    57.310     0.007    -0.035    -0.099
    57.320     0.032    -0.032    -0.070
    57.330     0.056    -0.036    -0.053
    57.340     0.063    -0.043    -0.035
    57.350     0.063    -0.064    -0.006
    57.360     0.062    -0.071     0.023
    57.370     0.052    -0.064     0.055
    57.380     0.050    -0.056     0.088
    57.390     0.057    -0.033     0.107
    57.400     0.073    -0.025     0.121
    57.410     0.097    -0.032     0.118
    57.420     0.123    -0.041     0.093
    57.430     0.116    -0.052     0.059
    57.440     0.083    -0.046     0.010
    57.450     0.087    -0.061    -0.017
    57.460     0.095    -0.068    -0.025
    57.470     0.061    -0.060    -0.036
    57.480     0.013    -0.075    -0.025
    57.490    -0.010    -0.072    -0.021
    57.500    -0.003    -0.063    -0.034
    57.510     0.011    -0.068    -0.047
    57.520     0.022    -0.067    -0.056
    57.530     0.031    -0.067    -0.058
    57.540     0.041    -0.050    -0.066
    57.550     0.051    -0.027    -0.066
    57.560     0.054    -0.011    -0.046
    57.570     0.037     0.009    -0.021
    57.580     0.012     0.029    -0.001
    57.590    -0.010     0.045    -0.003
    57.600    -0.021     0.053    -0.007
    57.610     0.008     0.068    -0.007
    57.620     0.047     0.094    -0.021
    57.630     0.067     0.106    -0.028
    57.640     0.085     0.105    -0.014
    57.650     0.096     0.105     0.013
    57.660     0.094     0.097     0.047
    57.670     0.073     0.090     0.069
    57.680     0.042     0.095     0.085
    57.690     0.009     0.098     0.078
    57.700    -0.026     0.095     0.053
    57.710    -0.065     0.089     0.034
    57.720    -0.090     0.081     0.026
    57.730    -0.090     0.078     0.039
    57.740    -0.080     0.081     0.052
    57.750    -0.062     0.087     0.054
    57.760    -0.060     0.113     0.048
    57.770    -0.081     0.133     0.045
    57.780    -0.094     0.137     0.064
    57.790    -0.087     0.155     0.085
    57.800    -0.080     0.171     0.108
    57.810    -0.080     0.172     0.133
    57.820    -0.088     0.186     0.147
    57.830    -0.100     0.209     0.151
    57.840    -0.086     0.213     0.144
    57.850    -0.073     0.211     0.131
    57.860    -0.099     0.209     0.120
    57.870    -0.118     0.191     0.128
    57.880    -0.097     0.169     0.147
    57.890    -0.050     0.159     0.160
    57.900    -0.013     0.148     0.158
    57.910     0.014     0.137     0.145
    57.920     0.042     0.130     0.117
    57.930     0.065     0.112     0.073
    57.940     0.082     0.078     0.038
    57.950     0.088     0.031     0.018
    57.960     0.061    -0.018     0.009
    57.970     0.031    -0.069     0.034
    57.980     0.035    -0.096     0.063
    57.990     0.032    -0.090     0.061
    58.000     0.030    -0.082     0.052
    58.010     0.034    -0.066     0.030
    58.020     0.037    -0.066     0.002
    58.030     0.046    -0.075    -0.029
    58.040     0.023    -0.079    -0.068
    58.050     0.003    -0.096    -0.095
    58.060     0.017    -0.096    -0.127
    58.070     0.045    -0.091    -0.174
    58.080     0.045    -0.095    -0.228
    58.090     0.027    -0.116    -0.255
    58.100     0.020    -0.153    -0.246
    58.110     0.011    -0.180    -0.226
    58.120     0.011    -0.193    -0.190
    58.130     0.015    -0.192    -0.147
    58.140     0.013    -0.178    -0.132
    58.150    -0.012    -0.171    -0.120
    58.160    -0.026    -0.182    -0.083
    58.170     0.000    -0.186    -0.045
    58.180     0.055    -0.174    -0.018
    58.190     0.103    -0.143    -0.010
    58.200     0.103    -0.109    -0.010
    58.210     0.090    -0.078    -0.003
    58.220     0.084    -0.055     0.017
    58.230     0.072    -0.048     0.042
    58.240     0.045    -0.039     0.073
    58.250     0.023    -0.045     0.119
    58.260     0.024    -0.038     0.143
    58.270     0.039    -0.006     0.148
    58.280     0.052     0.030     0.151
    58.290     0.059     0.060     0.148
    58.300     0.065     0.068     0.144
    58.310     0.050     0.061     0.133
    58.320     0.037     0.046     0.101
    58.330     0.014     0.050     0.060
    58.340    -0.017     0.062     0.022
    58.350    -0.006     0.063    -0.005
    58.360     0.031     0.074    -0.006
    58.370     0.060     0.071    -0.007
    58.380     0.061     0.034     0.001
    58.390     0.067    -0.015     0.021
    58.400     0.089    -0.050     0.030
    58.410     0.109    -0.072     0.031
    58.420     0.120    -0.081     0.017
    58.430     0.130    -0.083    -0.008
    58.440     0.149    -0.090    -0.034
    58.450     0.166    -0.082    -0.048
    58.460     0.180    -0.061    -0.049
    58.470     0.167    -0.039    -0.050
    58.480     0.127    -0.021    -0.048
    58.490     0.092    -0.016    -0.040
    58.500     0.067    -0.016    -0.028
    58.510     0.035    -0.012    -0.009
    58.520     0.014    -0.013     0.013
    58.530     0.027    -0.013     0.027
    58.540     0.039    -0.006     0.025
    58.550     0.051    -0.013     0.024
    58.560     0.065    -0.030     0.034
    58.570     0.046    -0.035     0.037
    58.580     0.019    -0.029     0.037
    58.590     0.009    -0.013     0.050
    58.600    -0.007     0.005     0.052
    58.610    -0.022     0.012     0.036
    58.620    -0.031     0.014     0.029
    58.630    -0.057     0.015     0.025
    58.640    -0.085     0.005     0.027
    58.650    -0.096    -0.001     0.034
    58.660    -0.114    -0.008     0.022
    58.670    -0.141    -0.030     0.007
    58.680    -0.163    -0.054    -0.004
    58.690    -0.178    -0.070    -0.010
    58.700    -0.181    -0.079    -0.010
    58.710    -0.192    -0.070    -0.008
    58.720    -0.230    -0.056    -0.012
    58.730    -0.252    -0.062    -0.009
    58.740    -0.253    -0.070     0.006
    58.750    -0.255    -0.072     0.009
    58.760    -0.245    -0.078     0.023
    58.770    -0.231    -0.086     0.046
    58.780    -0.214    -0.080     0.066
    58.790    -0.195    -0.059     0.085
    58.800    -0.197    -0.031     0.087
    58.810    -0.207     0.007     0.079
    58.820    -0.215     0.052     0.075
    58.830    -0.222     0.094     0.080
    58.840    -0.216     0.119     0.085
    58.850    -0.193     0.126     0.094
    58.860    -0.176     0.133     0.081
    58.870    -0.163     0.128     0.047
    58.880    -0.132     0.116     0.024
    58.890    -0.102     0.120     0.001
    58.900    -0.088     0.116    -0.008
    58.910    -0.079     0.113     0.003
    58.920    -0.055     0.108     0.010
    58.930    -0.017     0.088     0.012
    58.940     0.004     0.077    -0.001
    58.950     0.027     0.067    -0.018
    58.960     0.055     0.066    -0.029
    58.970     0.058     0.078    -0.037
    58.980     0.039     0.097    -0.036
    58.990     0.005     0.119    -0.034
    59.000    -0.017     0.124    -0.031
    59.010    -0.035     0.116    -0.024
    59.020    -0.041     0.100    -0.005
    59.030    -0.017     0.092     0.020
    59.040     0.010     0.104     0.035
    59.050     0.050     0.116     0.035
    59.060     0.071     0.129     0.018
    59.070     0.071     0.142     0.005
    59.080     0.066     0.163    -0.001
    59.090     0.054     0.199    -0.020
    59.100     0.047     0.224    -0.035
    59.110     0.044     0.242    -0.047
    59.120     0.048     0.260    -0.062
    59.130     0.048     0.255    -0.054
    59.140     0.071     0.242    -0.039
    59.150     0.095     0.234    -0.030
    59.160     0.098     0.210    -0.020
    59.170     0.111     0.179    -0.015
    59.180     0.122     0.150    -0.008
    59.190     0.144     0.116    -0.014
    59.200     0.170     0.083    -0.017
    59.210     0.180     0.053    -0.015
    59.220     0.170     0.020    -0.016
    59.230     0.158    -0.009    -0.008
    59.240     0.141    -0.026    -0.001
    59.250     0.115    -0.033     0.007
    59.260     0.106    -0.034     0.014
    59.270     0.103    -0.030     0.012
    59.280     0.107    -0.022     0.007
    59.290     0.110    -0.011     0.005
    59.300     0.112    -0.001     0.015
    59.310     0.112    -0.001     0.025
    59.320     0.104    -0.007     0.033
    59.330     0.102    -0.019     0.034
    59.340     0.092    -0.042     0.022
    59.350     0.084    -0.067     0.001
    59.360     0.092    -0.094    -0.021
    59.370     0.103    -0.119    -0.040
    59.380     0.128    -0.149    -0.049
    59.390     0.151    -0.183    -0.057
    59.400     0.151    -0.214    -0.070
    59.410     0.133    -0.246    -0.078
    59.420     0.115    -0.270    -0.084
    59.430     0.107    -0.285    -0.076
    59.440     0.106    -0.282    -0.045
    59.450     0.104    -0.264    -0.020
    59.460     0.095    -0.241    -0.004
    59.470     0.082    -0.211     0.006
    59.480     0.070    -0.185     0.008
    59.490     0.070    -0.166     0.014
    59.500     0.070    -0.157     0.016
    59.510     0.042    -0.153     0.012
    59.520     0.002    -0.141     0.017
    59.530    -0.019    -0.120     0.025
    59.540    -0.015    -0.089     0.032
    59.550    -0.016    -0.062     0.035
    59.560    -0.019    -0.049     0.038
    59.570     0.007    -0.038     0.043
    59.580     0.033    -0.038     0.033
    59.590     0.036    -0.052     0.018
    59.600     0.031    -0.058     0.004
    59.610     0.022    -0.054    -0.009
    59.620     0.018    -0.046    -0.030
    59.630     0.009    -0.029    -0.058
    59.640    -0.022    -0.001    -0.076
    59.650    -0.051     0.020    -0.085
    59.660    -0.061     0.043    -0.081
    59.670    -0.068     0.068    -0.071
    59.680    -0.083     0.080    -0.050
    59.690    -0.097     0.102    -0.017
    59.700    -0.092     0.124     0.010
    59.710    -0.076     0.138     0.027
    59.720    -0.065     0.150     0.032
    59.730    -0.075     0.141     0.035
    59.740    -0.101     0.127     0.029
    59.750    -0.116     0.119     0.006
    59.760    -0.127     0.111    -0.024
    59.770    -0.126     0.099    -0.054
    59.780    -0.113     0.095    -0.075
    59.790    -0.102     0.101    -0.093
    59.800    -0.088     0.095    -0.110
    59.810    -0.096     0.086    -0.115
    59.820    -0.103     0.060    -0.111
    59.830    -0.099     0.026    -0.106
    59.840    -0.114     0.009    -0.102
    59.850    -0.133    -0.010    -0.087
    59.860    -0.127    -0.011    -0.060
    59.870    -0.082     0.016    -0.038
    59.880    -0.050     0.035    -0.035
    59.890    -0.041     0.042    -0.044
    59.900    -0.035     0.042    -0.057
    59.910    -0.043     0.035    -0.076
    59.920    -0.039     0.036    -0.101
    59.930    -0.033     0.044    -0.120
    59.940    -0.030     0.042    -0.124
    59.950    -0.034     0.023    -0.118
    59.960    -0.036    -0.013    -0.101
    59.970    -0.020    -0.057    -0.080
    59.980    -0.003    -0.083    -0.062
    59.990     0.010    -0.095    -0.052
    60.000     0.009    -0.108    -0.047
    60.010     0.015    -0.122    -0.032
    60.020     0.025    -0.134    -0.019
    60.030     0.025    -0.146    -0.009
    60.040     0.018    -0.149     0.000
    60.050     0.014    -0.146     0.014
    60.060     0.017    -0.145     0.032
    60.070     0.009    -0.146     0.037
    60.080     0.005    -0.151     0.049
    60.090     0.008    -0.155     0.056
    60.100     0.007    -0.166     0.054
    60.110     0.024    -0.194     0.062
    60.120     0.040    -0.222     0.063
    60.130     0.024    -0.236     0.058
    60.140    -0.022    -0.250     0.054
    60.150    -0.071    -0.265     0.045
    60.160    -0.085    -0.266     0.036
    60.170    -0.077    -0.247     0.021
    60.180    -0.073    -0.218    -0.004
    60.190    -0.061    -0.200    -0.024
    60.200    -0.040    -0.198    -0.029
    60.210    -0.023    -0.200    -0.026
    60.220    -0.011    -0.195    -0.009
    60.230     0.004    -0.187     0.019
    60.240     0.013    -0.179     0.046
    60.250     0.029    -0.166     0.076
    60.260     0.070    -0.137     0.101
    60.270     0.103    -0.098     0.115
    60.280     0.125    -0.072     0.132
    60.290     0.130    -0.052     0.144
    60.300     0.119    -0.046     0.136
    60.310     0.093    -0.045     0.114
    60.320     0.051    -0.030     0.077
    60.330     0.016    -0.009     0.037
    60.340    -0.010     0.021     0.010
    60.350    -0.016     0.053    -0.012
    60.360    -0.012     0.087    -0.021
    60.370     0.001     0.107    -0.017
    60.380     0.016     0.112    -0.015
    60.390     0.009     0.117    -0.022
    60.400     0.014     0.116    -0.034
    60.410     0.015     0.124    -0.046
    60.420     0.012     0.131    -0.067
    60.430     0.012     0.123    -0.088
    60.440     0.020     0.120    -0.103
    60.450     0.046     0.117    -0.119
    60.460     0.057     0.112    -0.128
    60.470     0.068     0.113    -0.121
    60.480     0.071     0.110    -0.106
    60.490     0.054     0.111    -0.091
    60.500     0.054     0.128    -0.071
    60.510     0.046     0.149    -0.060
    60.520     0.017     0.158    -0.059
    60.530    -0.007     0.154    -0.048
    60.540    -0.010     0.134    -0.037
    60.550     0.018     0.116    -0.026
    60.560     0.051     0.125    -0.018
    60.570     0.063     0.148    -0.024
    60.580     0.057     0.164    -0.039
    60.590     0.046     0.159    -0.048
    60.600     0.029     0.145    -0.048
    60.610     0.004     0.126    -0.049
    60.620    -0.026     0.105    -0.042
    60.630    -0.048     0.092    -0.018
    60.640    -0.038     0.094     0.006
    60.650    -0.024     0.109     0.029
    60.660    -0.017     0.109     0.045
    60.670    -0.009     0.087     0.049
    60.680    -0.001     0.070     0.045
    60.690     0.014     0.050     0.031
    60.700     0.021     0.036     0.028
    60.710     0.033     0.047     0.030
    60.720     0.042     0.064     0.026
    60.730     0.029     0.081     0.025
    60.740     0.005     0.095     0.021
    60.750    -0.027     0.106     0.029
    60.760    -0.047     0.115     0.049
    60.770    -0.055     0.113     0.073
    60.780    -0.066     0.095     0.102
    60.790    -0.074     0.075     0.128
    60.800    -0.088     0.058     0.152
    60.810    -0.109     0.046     0.180
    60.820    -0.119     0.038     0.203
    60.830    -0.104     0.022     0.224
    60.840    -0.082     0.022     0.234
    60.850    -0.075     0.032     0.222
    60.860    -0.080     0.024     0.202
    60.870    -0.080     0.021     0.163
    60.880    -0.078     0.016     0.118
    60.890    -0.081     0.015     0.079
    60.900    -0.073     0.033     0.028
    60.910    -0.067     0.046    -0.029
    60.920    -0.071     0.053    -0.084
    60.930    -0.070     0.058    -0.123
    60.940    -0.076     0.056    -0.134
    60.950    -0.067     0.041    -0.131
    60.960    -0.050     0.025    -0.128
    60.970    -0.053     0.024    -0.126
    60.980    -0.051     0.018    -0.126
    60.990    -0.044     0.010    -0.116
    61.000    -0.021     0.007    -0.106
    61.010     0.009     0.001    -0.100
    61.020     0.021    -0.009    -0.078
    61.030     0.024    -0.019    -0.050
    61.040     0.029    -0.029    -0.025
    61.050     0.037    -0.042    -0.006
    61.060     0.043    -0.053     0.006
    61.070     0.042    -0.055     0.019
    61.080     0.045    -0.057     0.042
    61.090     0.055    -0.052     0.068
    61.100     0.057    -0.036     0.096
    61.110     0.057    -0.023     0.127
    61.120     0.057    -0.007     0.148
    61.130     0.056     0.002     0.142
    61.140     0.061    -0.006     0.128
    61.150     0.061    -0.012     0.116
    61.160     0.043    -0.017     0.093
    61.170     0.037    -0.036     0.074
    61.180     0.038    -0.044     0.054
    61.190     0.042    -0.051     0.036
    61.200     0.051    -0.067     0.026
    61.210     0.045    -0.074     0.000
    61.220     0.041    -0.091    -0.024
    61.230     0.047    -0.110    -0.042
    61.240     0.043    -0.113    -0.053
    61.250     0.022    -0.126    -0.048
    61.260    -0.017    -0.139    -0.034
    61.270    -0.048    -0.145    -0.021
    61.280    -0.061    -0.159    -0.013
    61.290    -0.057    -0.175    -0.003
    61.300    -0.048    -0.176     0.005
    61.310    -0.037    -0.170     0.011
    61.320    -0.019    -0.159     0.020
    61.330    -0.004    -0.146     0.021
    61.340     0.003    -0.129     0.008
    61.350    -0.004    -0.106    -0.015
    61.360    -0.009    -0.080    -0.028
    61.370    -0.001    -0.064    -0.030
    61.380     0.012    -0.061    -0.032
    61.390     0.017    -0.061    -0.039
    61.400     0.007    -0.060    -0.043
    61.410     0.003    -0.055    -0.037
    61.420     0.007    -0.046    -0.026
    61.430     0.003    -0.016    -0.022
    61.440     0.014     0.017    -0.020
    61.450     0.036     0.043    -0.010
    61.460     0.041     0.062    -0.012
    61.470     0.034     0.058    -0.007
    61.480     0.018     0.048     0.010
    61.490    -0.004     0.039     0.022
    61.500    -0.017     0.027     0.031
    61.510    -0.020     0.012     0.037
    61.520    -0.012     0.009     0.046
    61.530     0.000     0.004     0.051
    61.540    -0.001    -0.024     0.047
    61.550    -0.009    -0.043     0.041
    61.560    -0.007    -0.051     0.045
    61.570    -0.009    -0.040     0.055
    61.580     0.003    -0.014     0.059
    61.590     0.030     0.009     0.062
    61.600     0.035     0.032     0.053
    61.610     0.037     0.040     0.053
    61.620     0.038     0.050     0.060
    61.630     0.030     0.057     0.067
    61.640     0.011     0.052     0.092
    61.650    -0.027     0.046     0.116
    61.660    -0.059     0.028     0.125
    61.670    -0.085     0.017     0.116
    61.680    -0.096     0.015     0.104
    61.690    -0.084     0.011     0.089
    61.700    -0.058     0.021     0.062
    61.710    -0.027     0.036     0.041
    61.720    -0.002     0.051     0.012
    61.730     0.016     0.068    -0.011
    61.740     0.010     0.080    -0.025
    61.750    -0.016     0.082    -0.049
    61.760    -0.041     0.066    -0.074
    61.770    -0.061     0.051    -0.104
    61.780    -0.068     0.042    -0.128
    61.790    -0.051     0.036    -0.127
    61.800    -0.019     0.041    -0.119
    61.810     0.007     0.036    -0.103
    61.820     0.024     0.030    -0.088
    61.830     0.038     0.023    -0.087
    61.840     0.043     0.013    -0.089
    61.850     0.044     0.015    -0.089
    61.860     0.036     0.017    -0.078
    61.870     0.013     0.016    -0.046
    61.880    -0.006     0.020    -0.004
    61.890    -0.023     0.027     0.033
    61.900    -0.023     0.032     0.063
    61.910    -0.005     0.044     0.080
    61.920     0.016     0.053     0.077
    61.930     0.038     0.053     0.065
    61.940     0.051     0.049     0.050
    61.950     0.049     0.045     0.038
    61.960     0.030     0.051     0.039
    61.970     0.020     0.048     0.047
    61.980     0.014     0.058     0.054
    61.990    -0.003     0.078     0.050
    62.000    -0.009     0.086     0.037
    62.010    -0.014     0.092     0.022
    62.020    -0.002     0.077     0.010
    62.030     0.026     0.055     0.007
    62.040     0.049     0.038    -0.009
    62.050     0.059     0.020    -0.037
    62.060     0.051     0.005    -0.069
    62.070     0.046    -0.012    -0.104
    62.080     0.040    -0.013    -0.138
    62.090     0.025    -0.004    -0.169
    62.100     0.000     0.001    -0.180
    62.110    -0.016     0.010    -0.181
    62.120    -0.014     0.007    -0.171
    62.130    -0.011    -0.004    -0.163
    62.140    -0.007    -0.026    -0.157
    62.150     0.006    -0.055    -0.134
    62.160     0.023    -0.070    -0.127
    62.170     0.025    -0.078    -0.121
    62.180     0.025    -0.083    -0.105
    62.190     0.027    -0.086    -0.095
    62.200     0.025    -0.087    -0.090
    62.210     0.024    -0.091    -0.097
    62.220     0.009    -0.093    -0.103
    62.230    -0.007    -0.085    -0.112
    62.240    -0.010    -0.080    -0.120
    62.250    -0.020    -0.068    -0.118
    62.260    -0.032    -0.045    -0.114
    62.270    -0.036    -0.030    -0.094
    62.280    -0.032    -0.023    -0.070
    62.290    -0.020    -0.024    -0.064
    62.300    -0.004    -0.032    -0.063
    62.310     0.025    -0.036    -0.071
    62.320     0.045    -0.034    -0.077
    62.330     0.054    -0.044    -0.062
    62.340     0.061    -0.062    -0.041
    62.350     0.042    -0.071    -0.015
    62.360     0.014    -0.096     0.005
    62.370    -0.020    -0.118     0.011
    62.380    -0.054    -0.117     0.010
    62.390    -0.070    -0.112     0.016
    62.400    -0.070    -0.100     0.038
    62.410    -0.053    -0.077     0.058
    62.420    -0.028    -0.058     0.076
    62.430    -0.005    -0.051     0.092
    62.440     0.014    -0.055     0.098
    62.450     0.032    -0.063     0.100
    62.460     0.034    -0.055     0.100
    62.470     0.027    -0.026     0.100
    62.480     0.024     0.007     0.106
    62.490     0.015     0.041     0.113
    62.500     0.008     0.058     0.106
    62.510    -0.015     0.054     0.091
    62.520    -0.028     0.039     0.090
    62.530    -0.010     0.024     0.087
    62.540     0.014     0.024     0.077
    62.550     0.034     0.029     0.076
    62.560     0.046     0.026     0.089
    62.570     0.052     0.013     0.118
    62.580     0.045     0.000     0.128
    62.590     0.021    -0.011     0.125
    62.600    -0.004    -0.023     0.120
    62.610    -0.021    -0.031     0.099
    62.620    -0.035    -0.042     0.081
    62.630    -0.047    -0.051     0.056
    62.640    -0.057    -0.050     0.035
    62.650    -0.074    -0.050     0.024
    62.660    -0.081    -0.056     0.012
    62.670    -0.080    -0.062     0.000
    62.680    -0.076    -0.056    -0.013
    62.690    -0.058    -0.038    -0.025
    62.700    -0.048    -0.011    -0.038
    62.710    -0.056     0.020    -0.045
    62.720    -0.063     0.045    -0.036
    62.730    -0.058     0.062    -0.023
    62.740    -0.055     0.063    -0.023
    62.750    -0.067     0.045    -0.024
    62.760    -0.077     0.029    -0.014
    62.770    -0.075     0.018    -0.003
    62.780    -0.048     0.014     0.009
    62.790    -0.022     0.011     0.016
    62.800    -0.017     0.004     0.026
    62.810    -0.010     0.002     0.046
    62.820    -0.011    -0.008     0.066
    62.830    -0.020    -0.020     0.073
    62.840    -0.037    -0.023     0.082
    62.850    -0.057    -0.023     0.100
    62.860    -0.049    -0.025     0.112
    62.870    -0.034    -0.026     0.126
    62.880    -0.032    -0.021     0.129
    62.890    -0.039    -0.017     0.126
    62.900    -0.054    -0.007     0.120
    62.910    -0.045     0.011     0.100
    62.920    -0.020     0.024     0.072
    62.930    -0.009     0.033     0.048
    62.940    -0.014     0.042     0.038
    62.950    -0.014     0.041     0.034
    62.960     0.005     0.045     0.032
    62.970     0.023     0.065     0.022
    62.980     0.039     0.083     0.003
    62.990     0.060     0.098    -0.007
    63.000     0.084     0.097    -0.014
    63.010     0.106     0.097    -0.011
    63.020     0.106     0.101     0.002
    63.030     0.101     0.092     0.031
    63.040     0.101     0.092     0.064
    63.050     0.098     0.084     0.095
    63.060     0.092     0.064     0.126
    63.070     0.076     0.049     0.143
    63.080     0.060     0.037     0.143
    63.090     0.048     0.033     0.122
    63.100     0.026     0.031     0.101
    63.110     0.014     0.024     0.089
    63.120     0.017     0.012     0.068
    63.130     0.020     0.013     0.045
    63.140     0.028     0.026     0.013
    63.150     0.043     0.043    -0.013
    63.160     0.057     0.069    -0.029
    63.170     0.067     0.083    -0.050
    63.180     0.077     0.091    -0.056
    63.190     0.084     0.100    -0.058
    63.200     0.090     0.097    -0.072
    63.210     0.098     0.085    -0.083
    63.220     0.100     0.076    -0.086
    63.230     0.086     0.070    -0.089
    63.240     0.056     0.058    -0.095
    63.250     0.025     0.045    -0.091
    63.260     0.009     0.037    -0.085
    63.270     0.004     0.029    -0.091
    63.280     0.006     0.017    -0.092
    63.290     0.008     0.006    -0.087
    63.300     0.026     0.004    -0.076
    63.310     0.070     0.011    -0.064
    63.320     0.101     0.017    -0.068
    63.330     0.109     0.014    -0.077
    63.340     0.115    -0.006    -0.084
    63.350     0.121    -0.037    -0.087
    63.360     0.110    -0.062    -0.099
    63.370     0.087    -0.079    -0.103
    63.380     0.067    -0.095    -0.094
    63.390     0.035    -0.108    -0.093
    63.400     0.006    -0.128    -0.085
    63.410    -0.005    -0.142    -0.078
    63.420    -0.009    -0.131    -0.075
    63.430    -0.004    -0.119    -0.084
    63.440     0.015    -0.107    -0.106
    63.450     0.038    -0.093    -0.122
    63.460     0.054    -0.090    -0.132
    63.470     0.075    -0.090    -0.136
    63.480     0.098    -0.093    -0.143
    63.490     0.098    -0.080    -0.153
    63.500     0.076    -0.061    -0.163
    63.510     0.051    -0.051    -0.169
    63.520     0.024    -0.037    -0.163
    63.530    -0.002    -0.028    -0.149
    63.540    -0.026    -0.020    -0.128
    63.550    -0.057    -0.005    -0.098
    63.560    -0.080     0.007    -0.069
    63.570    -0.100     0.022    -0.055
    63.580    -0.109     0.025    -0.054
    63.590    -0.096     0.024    -0.044
    63.600    -0.079     0.022    -0.030
    63.610    -0.069     0.013    -0.024
    63.620    -0.065     0.015    -0.018
    63.630    -0.076     0.021    -0.014
    63.640    -0.099     0.028    -0.011
    63.650    -0.125     0.035    -0.007
    63.660    -0.154     0.035     0.003
    63.670    -0.174     0.031     0.010
    63.680    -0.184     0.034     0.018
    63.690    -0.192     0.045     0.024
    63.700    -0.182     0.045     0.020
    63.710    -0.165     0.035     0.025
    63.720    -0.140     0.025     0.042
    63.730    -0.114     0.017     0.060
    63.740    -0.112     0.019     0.081
    63.750    -0.113     0.027     0.106
    63.760    -0.116     0.035     0.132
    63.770    -0.109     0.037     0.145
    63.780    -0.096     0.038     0.149
    63.790    -0.095     0.030     0.163
    63.800    -0.091     0.022     0.180
    63.810    -0.086     0.020     0.183
    63.820    -0.076     0.013     0.177
    63.830    -0.058     0.004     0.178
    63.840    -0.037     0.003     0.177
    63.850    -0.020     0.003     0.166
    63.860    -0.005    -0.005     0.147
    63.870     0.005    -0.010     0.125
    63.880     0.003    -0.024     0.110
    63.890     0.004    -0.049     0.096
    63.900    -0.006    -0.073     0.079
    63.910    -0.012    -0.093     0.064
    63.920    -0.021    -0.094     0.045
    63.930    -0.031    -0.088     0.025
    63.940    -0.020    -0.071     0.012
    63.950    -0.009    -0.038    -0.006
    63.960     0.014    -0.018    -0.030
    63.970     0.040    -0.008    -0.045
    63.980     0.057     0.000    -0.046
    63.990     0.072     0.016    -0.045
    64.000     0.070     0.043    -0.049
    64.010     0.060     0.069    -0.052
    64.020     0.058     0.089    -0.047
    64.030     0.057     0.104    -0.025
    64.040     0.063     0.117     0.015
    64.050     0.069     0.121     0.059
    64.060     0.067     0.121     0.094
    64.070     0.069     0.124     0.107
    64.080     0.069     0.115     0.100
    64.090     0.085     0.096     0.092
    64.100     0.098     0.082     0.072
    64.110     0.088     0.058     0.050
    64.120     0.083     0.037     0.034
    64.130     0.082     0.023     0.004
    64.140     0.088     0.007    -0.019
    64.150     0.084     0.020    -0.034
    64.160     0.068     0.032    -0.051
    64.170     0.057     0.020    -0.064
    64.180     0.040     0.017    -0.082
    64.190     0.030     0.006    -0.085
    64.200     0.032    -0.004    -0.073
    64.210     0.031    -0.005    -0.052
    64.220     0.027    -0.012    -0.022
    64.230     0.032    -0.020     0.003
    64.240     0.041    -0.023     0.019
    64.250     0.053    -0.024     0.023
    64.260     0.068    -0.021     0.022
    64.270     0.073    -0.012     0.024
    64.280     0.075    -0.003     0.035
    64.290     0.065     0.014     0.047
    64.300     0.038     0.029     0.047
    64.310     0.016     0.030     0.050
    64.320     0.004     0.032     0.055
    64.330     0.008     0.038     0.052
    64.340     0.014     0.041     0.051
    64.350     0.011     0.047     0.048
    64.360     0.003     0.036     0.042
    64.370     0.002     0.018     0.036
    64.380     0.011    -0.004     0.025
    64.390     0.015    -0.037     0.013
    64.400     0.006    -0.056    -0.010
    64.410    -0.003    -0.070    -0.036
    64.420     0.000    -0.079    -0.048
    64.430     0.003    -0.082    -0.061
    64.440    -0.006    -0.091    -0.063
    64.450    -0.029    -0.086    -0.061
    64.460    -0.053    -0.079    -0.068
    64.470    -0.071    -0.073    -0.077
    64.480    -0.083    -0.061    -0.085
    64.490    -0.083    -0.070    -0.085
    64.500    -0.086    -0.078    -0.083
    64.510    -0.082    -0.079    -0.079
    64.520    -0.070    -0.074    -0.070
    64.530    -0.063    -0.051    -0.062
    64.540    -0.055    -0.029    -0.062
    64.550    -0.049    -0.020    -0.071
    64.560    -0.054    -0.032    -0.082
    64.570    -0.060    -0.056    -0.085
    64.580    -0.061    -0.068    -0.081
    64.590    -0.056    -0.073    -0.078
    64.600    -0.046    -0.072    -0.083
    64.610    -0.039    -0.066    -0.089
    64.620    -0.025    -0.062    -0.082
    64.630    -0.007    -0.066    -0.069
    64.640     0.003    -0.075    -0.055
    64.650     0.004    -0.079    -0.034
    64.660     0.000    -0.073    -0.014
    64.670    -0.013    -0.057    -0.003
    64.680    -0.034    -0.042    -0.005
    64.690    -0.053    -0.033    -0.004
    64.700    -0.069    -0.031     0.003
    64.710    -0.080    -0.041     0.014
    64.720    -0.087    -0.050     0.035
    64.730    -0.090    -0.049     0.046
    64.740    -0.084    -0.047     0.053
    64.750    -0.066    -0.045     0.058
    64.760    -0.061    -0.047     0.048
    64.770    -0.074    -0.054     0.039
    64.780    -0.068    -0.047     0.029
    64.790    -0.064    -0.021     0.017
    64.800    -0.051     0.010     0.007
    64.810    -0.027     0.024     0.003
    64.820    -0.002     0.034     0.003
    64.830     0.021     0.046    -0.005
    64.840     0.026     0.047    -0.002
    64.850     0.025     0.052     0.003
    64.860     0.027     0.053     0.005
    64.870     0.039     0.054     0.015
    64.880     0.049     0.052     0.020
    64.890     0.045     0.038     0.028
    64.900     0.040     0.036     0.026
    64.910     0.054     0.022     0.017
    64.920     0.077     0.006     0.011
    64.930     0.080     0.014    -0.011
    64.940     0.068     0.011    -0.027
    64.950     0.060     0.006    -0.032
    64.960     0.062     0.005    -0.031
    64.970     0.061     0.009    -0.026
    64.980     0.058     0.030    -0.029
    64.990     0.042     0.043    -0.035
    65.000     0.032     0.049    -0.042
    65.010     0.042     0.058    -0.049
    65.020     0.048     0.076    -0.047
    65.030     0.058     0.092    -0.043
    65.040     0.066     0.103    -0.046
    65.050     0.080     0.112    -0.048
    65.060     0.094     0.105    -0.047
    65.070     0.094     0.090    -0.035
    65.080     0.102     0.073    -0.026
    65.090     0.100     0.043    -0.022
    65.100     0.104     0.012    -0.019
    65.110     0.108    -0.010    -0.014
    65.120     0.113    -0.030    -0.001
    65.130     0.136    -0.053     0.010
    65.140     0.145    -0.056     0.026
    65.150     0.151    -0.046     0.042
    65.160     0.148    -0.040     0.050
    65.170     0.122    -0.021     0.049
    65.180     0.093    -0.011     0.038
    65.190     0.061    -0.012     0.041
    65.200     0.032    -0.001     0.046
    65.210     0.004     0.002     0.046
    65.220    -0.020     0.001     0.050
    65.230    -0.031     0.002     0.052
    65.240    -0.038     0.002     0.047
    65.250    -0.043    -0.005     0.047
    65.260    -0.040    -0.015     0.049
    65.270    -0.028    -0.022     0.051
    65.280    -0.015    -0.029     0.046
    65.290    -0.019    -0.031     0.038
    65.300    -0.026    -0.030     0.026
    65.310    -0.028    -0.030    -0.001
    65.320    -0.039    -0.030    -0.018
    65.330    -0.044    -0.030    -0.034
    65.340    -0.061    -0.035    -0.052
    65.350    -0.077    -0.042    -0.058
    65.360    -0.074    -0.048    -0.072
    65.370    -0.069    -0.047    -0.086
    65.380    -0.055    -0.045    -0.090
    65.390    -0.049    -0.056    -0.087
    65.400    -0.054    -0.059    -0.083
    65.410    -0.056    -0.052    -0.080
    65.420    -0.061    -0.054    -0.070
    65.430    -0.077    -0.048    -0.065
    65.440    -0.102    -0.035    -0.074
    65.450    -0.126    -0.025    -0.085
    65.460    -0.132    -0.026    -0.085
    65.470    -0.120    -0.028    -0.094
    65.480    -0.108    -0.030    -0.105
    65.490    -0.106    -0.037    -0.108
    65.500    -0.099    -0.037    -0.108
    65.510    -0.079    -0.039    -0.101
    65.520    -0.069    -0.040    -0.103
    65.530    -0.068    -0.032    -0.101
    65.540    -0.067    -0.029    -0.087
    65.550    -0.063    -0.028    -0.078
    65.560    -0.049    -0.023    -0.068
    65.570    -0.031    -0.026    -0.063
    65.580    -0.020    -0.034    -0.062
    65.590    -0.022    -0.036    -0.066
    65.600    -0.020    -0.043    -0.068
    65.610    -0.007    -0.045    -0.062
    65.620    -0.008    -0.029    -0.051
    65.630    -0.018    -0.007    -0.034
    65.640    -0.030     0.014    -0.012
    65.650    -0.033     0.036     0.011
    65.660    -0.023     0.064     0.031
    65.670    -0.016     0.086     0.053
    65.680    -0.020     0.103     0.074
    65.690    -0.017     0.117     0.096
    65.700     0.001     0.118     0.113
    65.710     0.009     0.123     0.113
    65.720     0.013     0.124     0.116
    65.730     0.026     0.117     0.127
    65.740     0.024     0.116     0.131
    65.750     0.017     0.114     0.131
    65.760     0.018     0.109     0.130
    65.770     0.015     0.116     0.132
    65.780     0.013     0.128     0.134
    65.790     0.021     0.131     0.130
    65.800     0.038     0.125     0.125
    65.810     0.044     0.116     0.120
    65.820     0.043     0.097     0.123
    65.830     0.058     0.071     0.129
    65.840     0.078     0.053     0.128
    65.850     0.094     0.046     0.125
    65.860     0.103     0.049     0.123
    65.870     0.092     0.047     0.117
    65.880     0.083     0.037     0.113
    65.890     0.075     0.039     0.108
    65.900     0.055     0.041     0.102
    65.910     0.049     0.037     0.091
    65.920     0.056     0.044     0.078
    65.930     0.065     0.040     0.058
    65.940     0.070     0.028     0.038
    65.950     0.069     0.027     0.022
    65.960     0.080     0.030     0.001
    65.970     0.079     0.037    -0.022
    65.980     0.056     0.038    -0.046
    65.990     0.033     0.031    -0.066
    66.000     0.016     0.024    -0.071
    66.010     0.009     0.014    -0.063
    66.020     0.014     0.004    -0.063
    66.030     0.022     0.002    -0.072
    66.040     0.034     0.006    -0.074
    66.050     0.050     0.004    -0.074
    66.060     0.054    -0.002    -0.077
    66.070     0.048    -0.017    -0.072
    66.080     0.038    -0.031    -0.059
    66.090     0.024    -0.039    -0.054
    66.100     0.008    -0.046    -0.051
    66.110    -0.003    -0.050    -0.046
    66.120    -0.008    -0.049    -0.066
    66.130    -0.032    -0.057    -0.096
    66.140    -0.048    -0.070    -0.118
    66.150    -0.035    -0.071    -0.140
    66.160    -0.025    -0.070    -0.153
    66.170    -0.019    -0.072    -0.170
    66.180    -0.023    -0.074    -0.186
    66.190    -0.018    -0.080    -0.190
    66.200    -0.018    -0.081    -0.186
    66.210    -0.031    -0.082    -0.171
    66.220    -0.035    -0.090    -0.153
    66.230    -0.040    -0.093    -0.124
    66.240    -0.038    -0.084    -0.089
    66.250    -0.037    -0.068    -0.058
    66.260    -0.047    -0.046    -0.029
    66.270    -0.052    -0.030    -0.006
    66.280    -0.055    -0.016     0.019
    66.290    -0.059     0.001     0.033
    66.300    -0.060     0.003     0.049
    66.310    -0.055     0.006     0.075
    66.320    -0.042     0.013     0.087
    66.330    -0.037     0.023     0.100
    66.340    -0.038     0.027     0.115
    66.350    -0.033     0.021     0.128
    66.360    -0.026     0.016     0.128
    66.370    -0.022     0.007     0.124
    66.380    -0.026     0.006     0.130
    66.390    -0.030     0.007     0.130
    66.400    -0.038     0.004     0.128
    66.410    -0.045     0.000     0.124
    66.420    -0.047    -0.007     0.124
    66.430    -0.040    -0.011     0.137
    66.440    -0.032    -0.023     0.147
    66.450    -0.025    -0.039     0.141
    66.460    -0.003    -0.048     0.125
    66.470     0.008    -0.064     0.122
    66.480     0.018    -0.086     0.122
    66.490     0.031    -0.097     0.118
    66.500     0.030    -0.089     0.122
    66.510     0.035    -0.070     0.116
    66.520     0.032    -0.049     0.107
    66.530     0.036    -0.038     0.094
    66.540     0.048    -0.035     0.068
    66.550     0.049    -0.032     0.046
    66.560     0.057    -0.031     0.033
    66.570     0.056    -0.029     0.020
    66.580     0.047    -0.029     0.011
    66.590     0.045    -0.031     0.004
    66.600     0.040    -0.037     0.002
    66.610     0.040    -0.047     0.012
    66.620     0.044    -0.045     0.026
    66.630     0.044    -0.039     0.036
    66.640     0.045    -0.035     0.040
    66.650     0.056    -0.038     0.042
    66.660     0.075    -0.046     0.039
    66.670     0.089    -0.042     0.032
    66.680     0.093    -0.040     0.023
    66.690     0.097    -0.032     0.014
    66.700     0.097    -0.024     0.012
    66.710     0.093    -0.022     0.003
    66.720     0.081    -0.016    -0.005
    66.730     0.063    -0.020    -0.004
    66.740     0.052    -0.027     0.007
    66.750     0.042    -0.019     0.024
    66.760     0.031    -0.014     0.033
    66.770     0.015    -0.013     0.050
    66.780    -0.001    -0.018     0.062
    66.790    -0.011    -0.026     0.062
    66.800    -0.013    -0.030     0.060
    66.810    -0.009    -0.027     0.052
    66.820     0.000    -0.014     0.041
    66.830     0.003    -0.004     0.028
    66.840     0.002    -0.002     0.012
    66.850     0.012    -0.009    -0.004
    66.860     0.014    -0.005    -0.022
    66.870     0.004     0.001    -0.050
    66.880    -0.007    -0.004    -0.079
    66.890    -0.014     0.004    -0.094
    66.900    -0.011     0.012    -0.094
    66.910    -0.019     0.016    -0.088
    66.920    -0.034     0.015    -0.083
    66.930    -0.044     0.008    -0.072
    66.940    -0.065     0.015    -0.070
    66.950    -0.087     0.032    -0.078
    66.960    -0.098     0.043    -0.081
    66.970    -0.100     0.045    -0.081
    66.980    -0.109     0.042    -0.077
    66.990    -0.112     0.032    -0.073
    67.000    -0.100     0.030    -0.070
    67.010    -0.087     0.035    -0.071
    67.020    -0.062     0.039    -0.075
    67.030    -0.044     0.042    -0.082
    67.040    -0.041     0.043    -0.088
    67.050    -0.043     0.046    -0.086
    67.060    -0.046     0.053    -0.089
    67.070    -0.058     0.064    -0.090
    67.080    -0.076     0.065    -0.090
    67.090    -0.081     0.066    -0.101
    67.100    -0.084     0.065    -0.107
    67.110    -0.085     0.064    -0.105
    67.120    -0.088     0.076    -0.103
    67.130    -0.088     0.083    -0.094
    67.140    -0.071     0.081    -0.078
    67.150    -0.053     0.076    -0.063
    67.160    -0.035     0.066    -0.049
    67.170    -0.018     0.053    -0.040
    67.180    -0.008     0.043    -0.043
    67.190     0.003     0.038    -0.054
    67.200     0.009     0.039    -0.065
    67.210     0.003     0.039    -0.072
    67.220    -0.008     0.043    -0.074
    67.230    -0.011     0.042    -0.069
    67.240    -0.012     0.036    -0.058
    67.250    -0.018     0.047    -0.040
    67.260    -0.013     0.070    -0.024
    67.270    -0.013     0.100    -0.007
    67.280    -0.015     0.117     0.021
    67.290    -0.003     0.118     0.042
    67.300     0.000     0.112     0.059
    67.310     0.000     0.100     0.070
    67.320     0.008     0.090     0.067
    67.330     0.010     0.083     0.060
    67.340     0.016     0.083     0.048
    67.350     0.032     0.073     0.031
    67.360     0.035     0.062     0.013
    67.370     0.030     0.052    -0.005
    67.380     0.031     0.028    -0.012
    67.390     0.030     0.023    -0.017
    67.400     0.027     0.026    -0.031
    67.410     0.022     0.030    -0.034
    67.420     0.012     0.031    -0.021
    67.430     0.002     0.012    -0.004
    67.440     0.005    -0.008     0.012
    67.450     0.016    -0.018     0.027
    67.460     0.021    -0.017     0.035
    67.470     0.025    -0.013     0.031
    67.480     0.035    -0.013     0.032
    67.490     0.048    -0.019     0.042
    67.500     0.053    -0.026     0.054
    67.510     0.047    -0.024     0.070
    67.520     0.032    -0.030     0.087
    67.530     0.015    -0.041     0.100
    67.540     0.007    -0.042     0.118
    67.550     0.009    -0.043     0.142
    67.560     0.012    -0.050     0.159
    67.570     0.022    -0.064     0.169
    67.580     0.029    -0.065     0.166
    67.590     0.022    -0.058     0.152
    67.600     0.008    -0.055     0.133
    67.610     0.003    -0.051     0.114
    67.620     0.003    -0.047     0.113
    67.630    -0.007    -0.033     0.098
    67.640    -0.018    -0.024     0.074
    67.650    -0.026    -0.022     0.061
    67.660    -0.025    -0.013     0.034
    67.670    -0.025    -0.010     0.022
    67.680    -0.028    -0.014     0.016
    67.690    -0.022    -0.017     0.000
    67.700    -0.011    -0.024    -0.019
    67.710     0.005    -0.030    -0.042
    67.720     0.021    -0.030    -0.056
    67.730     0.031    -0.035    -0.060
    67.740     0.032    -0.040    -0.057
    67.750     0.020    -0.030    -0.063
    67.760     0.011    -0.029    -0.075
    67.770    -0.009    -0.036    -0.074
    67.780    -0.027    -0.041    -0.073
    67.790    -0.019    -0.048    -0.074
    67.800    -0.010    -0.053    -0.068
    67.810    -0.007    -0.050    -0.060
    67.820    -0.004    -0.049    -0.060
    67.830    -0.005    -0.052    -0.060
    67.840    -0.007    -0.057    -0.052
    67.850    -0.010    -0.068    -0.042
    67.860    -0.015    -0.074    -0.030
    67.870    -0.009    -0.080    -0.028
    67.880     0.011    -0.082    -0.026
    67.890     0.013    -0.077    -0.020
    67.900     0.008    -0.073    -0.014
    67.910     0.004    -0.070    -0.012
    67.920     0.007    -0.063    -0.019
    67.930     0.018    -0.050    -0.013
    67.940     0.030    -0.044     0.004
    67.950     0.038    -0.036     0.026
    67.960     0.036    -0.030     0.042
    67.970     0.042    -0.030     0.054
    67.980     0.045    -0.023     0.067
    67.990     0.046    -0.016     0.070
    68.000     0.049    -0.019     0.074
    68.010     0.040    -0.004     0.069
    68.020     0.028     0.019     0.049
    68.030     0.016     0.030     0.036
    68.040     0.017     0.041     0.028
    68.050     0.031     0.038     0.020
    68.060     0.050     0.034     0.003
    68.070     0.061     0.040    -0.005
    68.080     0.069     0.035     0.006
    68.090     0.085     0.038     0.007
    68.100     0.089     0.037     0.010
    68.110     0.083     0.022     0.016
    68.120     0.080     0.011     0.015
    68.130     0.071     0.012     0.014
    68.140     0.065     0.008     0.021
    68.150     0.079    -0.001     0.029
    68.160     0.082    -0.001     0.020
    68.170     0.065    -0.014     0.015
    68.180     0.053    -0.020     0.014
    68.190     0.055    -0.021     0.002
    68.200     0.049    -0.039    -0.003
    68.210     0.045    -0.051    -0.003
    68.220     0.050    -0.057    -0.009
    68.230     0.036    -0.060    -0.025
    68.240     0.025    -0.056    -0.042
    68.250     0.029    -0.045    -0.059
    68.260     0.032    -0.029    -0.079
    68.270     0.021    -0.017    -0.086
    68.280     0.013    -0.012    -0.085
    68.290     0.015    -0.005    -0.084
    68.300     0.014     0.002    -0.080
    68.310     0.012    -0.003    -0.074
    68.320    -0.007     0.001    -0.073
    68.330    -0.029     0.007    -0.076
    68.340    -0.032     0.009    -0.069
    68.350    -0.028     0.029    -0.057
    68.360    -0.024     0.050    -0.045
    68.370    -0.022     0.060    -0.033
    68.380    -0.015     0.064    -0.023
    68.390    -0.014     0.066    -0.016
    68.400    -0.025     0.076    -0.015
    68.410    -0.025     0.080    -0.004
    68.420    -0.025     0.092     0.007
    68.430    -0.028     0.104     0.009
    68.440    -0.033     0.103     0.018
    68.450    -0.040     0.109     0.013
    68.460    -0.042     0.107     0.002
    68.470    -0.042     0.098     0.012
    68.480    -0.038     0.088     0.014
    68.490    -0.050     0.082     0.004
    68.500    -0.062     0.088    -0.009
    68.510    -0.059     0.095    -0.025
    68.520    -0.051     0.097    -0.041
    68.530    -0.044     0.093    -0.056
    68.540    -0.037     0.083    -0.059
    68.550    -0.021     0.065    -0.054
    68.560    -0.024     0.055    -0.046
    68.570    -0.035     0.041    -0.030
    68.580    -0.033     0.030    -0.015
    68.590    -0.037     0.038    -0.011
    68.600    -0.047     0.036    -0.012
    68.610    -0.054     0.038    -0.021
    68.620    -0.040     0.034    -0.025
    68.630    -0.018     0.020    -0.030
    68.640    -0.006     0.010    -0.043
    68.650    -0.004    -0.001    -0.055
    68.660    -0.008    -0.003    -0.068
    68.670    -0.021     0.004    -0.073
    68.680    -0.029     0.018    -0.074
    68.690    -0.012     0.031    -0.068
    68.700     0.004     0.035    -0.058
    68.710     0.009     0.041    -0.052
    68.720     0.016     0.036    -0.038
    68.730     0.034     0.022    -0.015
    68.740     0.051     0.022    -0.007
    68.750     0.053     0.033    -0.012
    68.760     0.045     0.038    -0.014
    68.770     0.031     0.041    -0.010
    68.780     0.025     0.049    -0.002
    68.790     0.025     0.046    -0.003
    68.800     0.014     0.035    -0.009
    68.810    -0.009     0.022    -0.008
    68.820    -0.030     0.015     0.002
    68.830    -0.047     0.028     0.004
    68.840    -0.054     0.049    -0.004
    68.850    -0.056     0.065    -0.009
    68.860    -0.055     0.067    -0.011
    68.870    -0.047     0.059    -0.001
    68.880    -0.048     0.058     0.010
    68.890    -0.038     0.047     0.017
    68.900    -0.023     0.034     0.030
    68.910    -0.024     0.022     0.041
    68.920    -0.018     0.006     0.054
    68.930    -0.012     0.003     0.069
    68.940    -0.007     0.002     0.076
    68.950    -0.006    -0.008     0.054
    68.960    -0.011    -0.023     0.034
    68.970    -0.007    -0.042     0.031
    68.980    -0.016    -0.059     0.026
    68.990    -0.027    -0.065     0.024
    69.000    -0.030    -0.071     0.024
    69.010    -0.030    -0.077     0.032
    69.020    -0.024    -0.064     0.023
    69.030    -0.026    -0.046     0.000
    69.040    -0.018    -0.044    -0.016
    69.050    -0.007    -0.054    -0.032
    69.060     0.000    -0.059    -0.034
    69.070     0.003    -0.060    -0.027
    69.080     0.001    -0.070    -0.022
    69.090     0.004    -0.063    -0.026
    69.100     0.004    -0.060    -0.033
    69.110     0.008    -0.091    -0.020
    69.120     0.022    -0.114    -0.014
    69.130     0.037    -0.119    -0.014
    69.140     0.055    -0.125    -0.011
    69.150     0.078    -0.129    -0.007
    69.160     0.087    -0.128     0.016
    69.170     0.079    -0.123     0.029
    69.180     0.061    -0.122     0.024
    69.190     0.056    -0.127     0.020
    69.200     0.074    -0.131     0.030
    69.210     0.078    -0.134     0.050
    69.220     0.079    -0.140     0.068
    69.230     0.073    -0.141     0.076
    69.240     0.052    -0.133     0.074
    69.250     0.041    -0.132     0.090
    69.260     0.025    -0.134     0.100
    69.270     0.028    -0.127     0.093
    69.280     0.039    -0.112     0.085
    69.290     0.046    -0.094     0.071
    69.300     0.049    -0.081     0.061
    69.310     0.046    -0.068     0.050
    69.320     0.058    -0.072     0.044
    69.330     0.057    -0.067     0.025
    69.340     0.044    -0.043    -0.005
    69.350     0.023    -0.028    -0.010
    69.360    -0.003    -0.014    -0.007
    69.370    -0.017    -0.002    -0.011
    69.380    -0.033    -0.002    -0.017
    69.390    -0.052    -0.002    -0.018
    69.400    -0.066     0.004    -0.022
    69.410    -0.080     0.009    -0.038
    69.420    -0.083     0.012    -0.046
    69.430    -0.072     0.011    -0.043
    69.440    -0.070     0.008    -0.042
    69.450    -0.062    -0.002    -0.041
    69.460    -0.048    -0.014    -0.029
    69.470    -0.032    -0.021    -0.008
    69.480    -0.028    -0.031     0.004
    69.490    -0.041    -0.025     0.006
    69.500    -0.033    -0.022     0.004
    69.510    -0.027    -0.027     0.008
    69.520    -0.020    -0.018     0.010
    69.530    -0.023    -0.015     0.006
    69.540    -0.028    -0.007     0.011
    69.550    -0.022    -0.003     0.009
    69.560    -0.023    -0.005    -0.010
    69.570    -0.019     0.004    -0.032
    69.580    -0.029     0.003    -0.048
    69.590    -0.034    -0.009    -0.049
    69.600    -0.040    -0.013    -0.038
    69.610    -0.037    -0.012    -0.022
    69.620    -0.025    -0.009    -0.014
    69.630    -0.026    -0.005    -0.005
    69.640    -0.017     0.001     0.000
    69.650    -0.011    -0.002     0.003
    69.660    -0.003    -0.009     0.007
    69.670     0.005    -0.004     0.006
    69.680     0.012     0.001     0.004
    69.690     0.027     0.006     0.003
    69.700     0.035     0.003     0.011
    69.710     0.034    -0.010     0.019
    69.720     0.033    -0.013     0.021
    69.730     0.032    -0.010     0.025
    69.740     0.038    -0.006     0.033
    69.750     0.053     0.011     0.040
    69.760     0.049     0.031     0.043
    69.770     0.039     0.040     0.045
    69.780     0.036     0.050     0.051
    69.790     0.037     0.062     0.056
    69.800     0.044     0.069     0.046
    69.810     0.041     0.078     0.035
    69.820     0.036     0.083     0.035
    69.830     0.040     0.075     0.030
    69.840     0.047     0.064     0.019
    69.850     0.049     0.067     0.005
    69.860     0.041     0.071     0.011
    69.870     0.020     0.064     0.029
    69.880     0.003     0.053     0.035
    69.890     0.008     0.037     0.040
    69.900     0.011     0.027     0.036
    69.910     0.014     0.030     0.037
    69.920     0.015     0.029     0.050
    69.930     0.010     0.019     0.054
    69.940     0.010     0.017     0.062
    69.950     0.010     0.022     0.068
    69.960    -0.005     0.021     0.060
    69.970    -0.010     0.019     0.042
    69.980    -0.007     0.024     0.017
    69.990    -0.010     0.031    -0.003
    70.000    -0.005     0.036    -0.017
    70.010    -0.014     0.046    -0.040
    70.020    -0.023     0.040    -0.069
    70.030    -0.019     0.020    -0.083
    70.040    -0.024     0.012    -0.084
    70.050    -0.036     0.008    -0.090
    70.060    -0.044     0.000    -0.100
    70.070    -0.042    -0.009    -0.110
    70.080    -0.044    -0.014    -0.118
    70.090    -0.050    -0.015    -0.113
    70.100    -0.065    -0.009    -0.109
    70.110    -0.070    -0.005    -0.110
    70.120    -0.066     0.008    -0.120
    70.130    -0.083     0.027    -0.130
    70.140    -0.085     0.024    -0.116
    70.150    -0.079     0.030    -0.112
    70.160    -0.080     0.032    -0.118
    70.170    -0.071     0.019    -0.113
    70.180    -0.066     0.028    -0.107
    70.190    -0.054     0.029    -0.092
    70.200    -0.041     0.023    -0.083
    70.210    -0.038     0.031    -0.081
    70.220    -0.028     0.036    -0.082
    70.230    -0.010     0.043    -0.071
    70.240     0.002     0.058    -0.057
    70.250     0.003     0.073    -0.053
    70.260     0.006     0.069    -0.038
    70.270     0.006     0.073    -0.031
    70.280     0.012     0.087    -0.032
    70.290     0.021     0.084    -0.040
    70.300     0.014     0.087    -0.050
    70.310     0.006     0.091    -0.047
    70.320     0.000     0.083    -0.040
    70.330    -0.005     0.093    -0.031
    70.340     0.005     0.099    -0.016
    70.350     0.013     0.097     0.012
    70.360     0.003     0.099     0.038
    70.370     0.012     0.086     0.061
    70.380     0.022     0.092     0.082
    70.390     0.022     0.100     0.100
    70.400     0.032     0.086     0.123
    70.410     0.029     0.084     0.129
    70.420     0.023     0.074     0.136
    70.430     0.010     0.061     0.149
    70.440    -0.009     0.062     0.135
    70.450    -0.017     0.054     0.115
    70.460    -0.006     0.046     0.099
    70.470     0.017     0.048     0.086
    70.480     0.024     0.053     0.078
    70.490     0.016     0.055     0.067
    70.500     0.017     0.047     0.061
    70.510     0.034     0.035     0.052
    70.520     0.035     0.033     0.044
    70.530     0.023     0.026     0.042
    70.540     0.025     0.007     0.044
    70.550     0.018     0.004     0.045
    70.560     0.002     0.006     0.040
    70.570    -0.001    -0.005     0.052
    70.580     0.012    -0.014     0.062
    70.590     0.021    -0.017     0.061
    70.600     0.043    -0.026     0.066
    70.610     0.064    -0.028     0.069
    70.620     0.069    -0.026     0.070
    70.630     0.075    -0.039     0.068
    70.640     0.067    -0.053     0.053
    70.650     0.064    -0.065     0.045
    70.660     0.068    -0.073     0.047
    70.670     0.050    -0.072     0.038
    70.680     0.032    -0.070     0.014
    70.690     0.018    -0.078     0.001
    70.700     0.010    -0.086    -0.002
    70.710     0.000    -0.083    -0.012
    70.720    -0.008    -0.081    -0.028
    70.730    -0.001    -0.081    -0.040
    70.740     0.003    -0.078    -0.043
    70.750    -0.001    -0.066    -0.050
    70.760    -0.005    -0.064    -0.059
    70.770     0.002    -0.071    -0.070
    70.780     0.004    -0.069    -0.081
    70.790    -0.006    -0.070    -0.081
    70.800    -0.007    -0.074    -0.073
    70.810    -0.008    -0.071    -0.062
    70.820    -0.014    -0.067    -0.050
    70.830    -0.008    -0.064    -0.043
    70.840     0.000    -0.058    -0.039
    70.850     0.008    -0.061    -0.025
    70.860     0.020    -0.065    -0.010
    70.870     0.017    -0.063    -0.005
    70.880     0.014    -0.064     0.011
    70.890     0.013    -0.063     0.028
    70.900     0.008    -0.054     0.035
    70.910     0.002    -0.039     0.047
    70.920    -0.010    -0.028     0.051
    70.930    -0.013    -0.018     0.050
    70.940    -0.014    -0.012     0.055
    70.950    -0.016    -0.009     0.055
    70.960    -0.015     0.000     0.047
    70.970    -0.011     0.006     0.040
    70.980    -0.011     0.021     0.036
    70.990    -0.011     0.027     0.034
    71.000    -0.008     0.021     0.035
    71.010    -0.021     0.019     0.031
    71.020    -0.031     0.009     0.018
    71.030    -0.032    -0.005     0.012
    71.040    -0.031    -0.015     0.007
    71.050    -0.017    -0.020     0.001
    71.060    -0.011    -0.022    -0.001
    71.070    -0.012    -0.021     0.003
    71.080    -0.012    -0.013     0.014
    71.090    -0.012    -0.013     0.027
    71.100    -0.019    -0.016     0.036
    71.110    -0.025    -0.016     0.040
    71.120    -0.023    -0.003     0.047
    71.130    -0.019     0.019     0.056
    71.140    -0.014     0.038     0.059
    71.150    -0.005     0.046     0.059
    71.160    -0.002     0.041     0.060
    71.170    -0.014     0.041     0.058
    71.180    -0.030     0.040     0.054
    71.190    -0.045     0.041     0.048
    71.200    -0.051     0.043     0.040
    71.210    -0.052     0.035     0.022
    71.220    -0.054     0.036     0.009
    71.230    -0.053     0.043     0.002
    71.240    -0.051     0.045    -0.004
    71.250    -0.056     0.040    -0.009
    71.260    -0.060     0.042    -0.027
    71.270    -0.053     0.041    -0.028
    71.280    -0.047     0.043    -0.022
    71.290    -0.046     0.060    -0.025
    71.300    -0.047     0.056    -0.021
    71.310    -0.041     0.047    -0.012
    71.320    -0.030     0.047    -0.007
    71.330    -0.033     0.053     0.000
    71.340    -0.044     0.049     0.014
    71.350    -0.053     0.035     0.018
    71.360    -0.056     0.027     0.017
    71.370    -0.065     0.011     0.017
    71.380    -0.079     0.002     0.008
    71.390    -0.076     0.001     0.004
    71.400    -0.066    -0.013     0.003
    71.410    -0.063    -0.022    -0.004
    71.420    -0.062    -0.028    -0.013
    71.430    -0.057    -0.044    -0.014
    71.440    -0.060    -0.046    -0.015
    71.450    -0.062    -0.043    -0.031
    71.460    -0.059    -0.051    -0.045
    71.470    -0.054    -0.053    -0.044
    71.480    -0.040    -0.055    -0.050
    71.490    -0.036    -0.057    -0.068
    71.500    -0.033    -0.056    -0.080
    71.510    -0.018    -0.053    -0.090
    71.520    -0.005    -0.051    -0.094
    71.530    -0.007    -0.042    -0.091
    71.540    -0.007    -0.039    -0.090
    71.550     0.004    -0.052    -0.080
    71.560     0.005    -0.052    -0.071
    71.570     0.002    -0.055    -0.068
    71.580     0.000    -0.067    -0.066
    71.590     0.004    -0.072    -0.063
    71.600     0.004    -0.061    -0.055
    71.610     0.000    -0.048    -0.045
    71.620     0.005    -0.050    -0.025
    71.630     0.014    -0.043    -0.002
    71.640     0.030    -0.029     0.009
    71.650     0.035    -0.020     0.027
    71.660     0.045    -0.006     0.038
    71.670     0.052     0.008     0.035
    71.680     0.049     0.007     0.038
    71.690     0.061     0.007     0.042
    71.700     0.063     0.012     0.048
    71.710     0.060     0.014     0.046
    71.720     0.059     0.012     0.040
    71.730     0.060     0.004     0.038
    71.740     0.056     0.002     0.026
    71.750     0.039    -0.008     0.026
    71.760     0.028    -0.019     0.024
    71.770     0.019    -0.016     0.007
    71.780     0.012    -0.020    -0.007
    71.790     0.017    -0.010    -0.022
    71.800     0.023     0.003    -0.030
    71.810     0.036     0.000    -0.033
    71.820     0.051     0.004    -0.046
    71.830     0.053     0.000    -0.063
    71.840     0.062    -0.016    -0.065
    71.850     0.076    -0.013    -0.066
    71.860     0.088    -0.006    -0.064
    71.870     0.100    -0.009    -0.056
    71.880     0.108    -0.004    -0.060
    71.890     0.114    -0.006    -0.059
    71.900     0.112    -0.008    -0.048
    71.910     0.107    -0.006    -0.041
    71.920     0.104    -0.008    -0.045
    71.930     0.101    -0.009    -0.041
    71.940     0.098    -0.015    -0.029
    71.950     0.099    -0.015    -0.023
    71.960     0.103    -0.006    -0.021
    71.970     0.100    -0.007    -0.029
    71.980     0.105    -0.017    -0.035
    71.990     0.105    -0.017    -0.042
    72.000     0.098    -0.020    -0.045
    72.010     0.107    -0.035    -0.041
    72.020     0.095    -0.027    -0.043
    72.030     0.078    -0.020    -0.031
    72.040     0.078    -0.025    -0.013
    72.050     0.071    -0.021     0.004
    72.060     0.075    -0.022     0.015
    72.070     0.072    -0.020     0.017
    72.080     0.059    -0.010     0.021
    72.090     0.060    -0.014     0.020
    72.100     0.062    -0.009     0.024
    72.110     0.060     0.001     0.029
    72.120     0.061    -0.002     0.031
    72.130     0.055    -0.002     0.050
    72.140     0.043     0.000     0.064
    72.150     0.026     0.001     0.058
    72.160     0.008    -0.001     0.053
    72.170    -0.005     0.004     0.051
    72.180    -0.020     0.016     0.045
    72.190    -0.026     0.019     0.036
    72.200    -0.026     0.019     0.036
    72.210    -0.026     0.018     0.041
    72.220    -0.029     0.018     0.037
    72.230    -0.047     0.022     0.039
    72.240    -0.058     0.022     0.048
    72.250    -0.065     0.017     0.046
    72.260    -0.070     0.020     0.045
    72.270    -0.070     0.028     0.048
    72.280    -0.077     0.035     0.038
    72.290    -0.069     0.047     0.041
    72.300    -0.047     0.048     0.043
    72.310    -0.044     0.044     0.039
    72.320    -0.048     0.049     0.043
    72.330    -0.064     0.046     0.034
    72.340    -0.081     0.040     0.033
    72.350    -0.079     0.025     0.023
    72.360    -0.071     0.007     0.002
    72.370    -0.060     0.003     0.003
    72.380    -0.048     0.001     0.006
    72.390    -0.040     0.002     0.008
    72.400    -0.040     0.004     0.001
    72.410    -0.029    -0.007    -0.019
    72.420    -0.022    -0.020    -0.034
    72.430    -0.031    -0.031    -0.042
    72.440    -0.032    -0.040    -0.056
    72.450    -0.040    -0.032    -0.083
    72.460    -0.042    -0.033    -0.097
    72.470    -0.017    -0.033    -0.107
    72.480    -0.020    -0.014    -0.118
    72.490    -0.018    -0.022    -0.124
    72.500     0.007    -0.014    -0.132
    72.510    -0.011     0.023    -0.122
    72.520    -0.012     0.038    -0.118
    72.530    -0.007     0.045    -0.116
    72.540    -0.007     0.050    -0.101
    72.550    -0.002     0.059    -0.087
    72.560    -0.009     0.074    -0.069
    72.570    -0.001     0.077    -0.054
    72.580     0.014     0.076    -0.036
    72.590     0.034     0.081    -0.023
    72.600     0.033     0.085    -0.008
    72.610     0.025     0.086     0.014
    72.620     0.026     0.094     0.022
    72.630     0.016     0.104     0.031
    72.640     0.015     0.102     0.040
    72.650     0.017     0.099     0.045
    72.660     0.006     0.093     0.055
    72.670    -0.005     0.081     0.056
    72.680    -0.003     0.072     0.057
    72.690    -0.002     0.069     0.066
    72.700    -0.002     0.059     0.080
    72.710    -0.012     0.047     0.078
    72.720    -0.027     0.043     0.063
    72.730    -0.033     0.031     0.056
    72.740    -0.036     0.024     0.054
    72.750    -0.042     0.025     0.042
    72.760    -0.051     0.016     0.016
    72.770    -0.043     0.002     0.015
    72.780    -0.028    -0.001     0.023
    72.790    -0.030     0.006     0.007
    72.800    -0.027    -0.016     0.001
    72.810    -0.013    -0.034     0.008
    72.820    -0.018    -0.021     0.018
    72.830    -0.032    -0.028     0.014
    72.840    -0.038    -0.030    -0.001
    72.850    -0.035    -0.023     0.003
    72.860    -0.018    -0.026     0.014
    72.870    -0.017    -0.004     0.009
    72.880    -0.036     0.016     0.002
    72.890    -0.032     0.009     0.009
    72.900    -0.020     0.024     0.014
    72.910    -0.023     0.043     0.014
    72.920    -0.021     0.035     0.019
    72.930    -0.019     0.039     0.024
    72.940    -0.025     0.043     0.029
    72.950    -0.025     0.038     0.035
    72.960    -0.025     0.043     0.040
    72.970    -0.026     0.039     0.045
    72.980    -0.026     0.040     0.046
    72.990    -0.026     0.047     0.040
    73.000    -0.021     0.053     0.031
    73.010    -0.014     0.053     0.026
    73.020    -0.012     0.064     0.025
    73.030    -0.021     0.066     0.029
    73.040    -0.011     0.044     0.024
    73.050    -0.009     0.042     0.011
    73.060    -0.022     0.035     0.002
    73.070    -0.017     0.027    -0.014
    73.080    -0.009     0.016    -0.008
    73.090     0.004    -0.006     0.008
    73.100     0.014    -0.009     0.009
    73.110     0.006    -0.019     0.014
    73.120    -0.005    -0.030     0.012
    73.130    -0.005    -0.039     0.012
    73.140    -0.004    -0.052     0.013
    73.150    -0.002    -0.055    -0.005
    73.160     0.004    -0.049    -0.014
    73.170     0.007    -0.038    -0.022
    73.180     0.011    -0.033    -0.046
    73.190     0.009    -0.040    -0.064
    73.200     0.018    -0.060    -0.071
    73.210     0.022    -0.062    -0.071
    73.220     0.002    -0.059    -0.071
    73.230     0.000    -0.079    -0.074
    73.240     0.010    -0.082    -0.082
    73.250     0.014    -0.079    -0.080
    73.260     0.019    -0.087    -0.063
    73.270     0.022    -0.083    -0.053
    73.280     0.019    -0.088    -0.041
    73.290     0.028    -0.097    -0.031
    73.300     0.043    -0.089    -0.040
    73.310     0.041    -0.083    -0.033
    73.320     0.053    -0.098    -0.018
    73.330     0.066    -0.092    -0.025
    73.340     0.055    -0.072    -0.023
    73.350     0.053    -0.069    -0.008
    73.360     0.045    -0.043    -0.013
    73.370     0.031    -0.035    -0.026
    73.380     0.055    -0.057    -0.027
    73.390     0.067    -0.041    -0.020
    73.400     0.046    -0.023    -0.018
    73.410     0.036    -0.036    -0.023
    73.420     0.037    -0.043    -0.022
    73.430     0.045    -0.043    -0.009
    73.440     0.063    -0.048    -0.009
    73.450     0.038    -0.044    -0.005
    73.460     0.012    -0.053     0.010
    73.470     0.035    -0.068     0.008
    73.480     0.032    -0.057     0.019
    73.490     0.023    -0.051     0.024
    73.500     0.032    -0.054     0.016
    73.510     0.019    -0.050     0.033
    73.520     0.029    -0.049     0.038
    73.530     0.035    -0.048     0.035
    73.540     0.014    -0.030     0.038
    73.550     0.010    -0.020     0.036
    73.560     0.007    -0.026     0.032
    73.570    -0.001    -0.014     0.021
    73.580     0.006    -0.007     0.026
    73.590     0.029     0.001     0.027
    73.600     0.034     0.034     0.023
    73.610     0.034     0.035     0.024
    73.620     0.047     0.025     0.024
    73.630     0.042     0.043     0.025
    73.640     0.024     0.041     0.017
    73.650     0.016     0.029     0.011
    73.660     0.012     0.029     0.008
    73.670     0.000     0.031     0.011
    73.680    -0.004     0.029     0.001
    73.690    -0.012     0.035    -0.011
    73.700    -0.019     0.043    -0.002
    73.710    -0.018     0.034     0.001
    73.720    -0.027     0.040     0.008
    73.730    -0.030     0.050     0.014
    73.740    -0.022     0.042     0.019
    73.750    -0.021     0.056     0.019
    73.760    -0.026     0.071     0.011
    73.770    -0.009     0.062     0.010
    73.780    -0.007     0.075     0.008
    73.790    -0.024     0.081     0.012
    73.800    -0.019     0.064     0.008
    73.810    -0.020     0.060     0.010
    73.820    -0.025     0.060     0.015
    73.830    -0.016     0.054     0.015
    73.840    -0.012     0.049     0.024
    73.850     0.002     0.039     0.032
    73.860     0.010     0.022     0.039
    73.870     0.004     0.017     0.033
    73.880     0.007     0.016     0.030
    73.890     0.003     0.008     0.021
    73.900     0.005     0.012     0.005
    73.910     0.003     0.015     0.003
    73.920     0.000     0.014    -0.008
    73.930     0.001     0.008    -0.011
    73.940     0.000     0.002    -0.005
    73.950     0.004    -0.007    -0.010
    73.960     0.015    -0.006    -0.014
    73.970     0.033    -0.006    -0.016
    73.980     0.023    -0.020    -0.016
    73.990     0.030    -0.021    -0.008
    74.000     0.032    -0.040     0.012
    74.010     0.012    -0.038     0.004
    74.020     0.003    -0.038    -0.022
    74.030    -0.004    -0.066     0.000
    74.040     0.007    -0.058    -0.001
    74.050     0.009    -0.054    -0.020
    74.060    -0.008    -0.050    -0.004
    74.070    -0.016    -0.056    -0.006
    74.080    -0.012    -0.072    -0.022
    74.090    -0.031    -0.064    -0.038
    74.100    -0.021    -0.078    -0.026
    74.110    -0.018    -0.061    -0.029
    74.120    -0.058    -0.030    -0.038
    74.130    -0.035    -0.068    -0.028
    74.140    -0.023    -0.054    -0.060
    74.150    -0.065    -0.038    -0.042
    74.160    -0.045    -0.077    -0.038
    74.170    -0.025    -0.053    -0.069
    74.180    -0.060    -0.050    -0.046
    74.190    -0.055    -0.064    -0.054
    74.200    -0.056    -0.055    -0.058
    74.210    -0.031    -0.063    -0.045
    74.220    -0.017    -0.035    -0.047
    74.230    -0.053    -0.023    -0.050
    74.240    -0.032    -0.045    -0.079
    74.250    -0.032    -0.050    -0.084
    74.260    -0.028    -0.039    -0.080
    74.270    -0.042    -0.014    -0.097
    74.280    -0.071    -0.027    -0.083
    74.290    -0.031    -0.042    -0.075
    74.300    -0.034    -0.003    -0.076
    74.310    -0.057    -0.003    -0.040
    74.320    -0.028    -0.030    -0.040
    74.330    -0.030    -0.005    -0.049
    74.340    -0.044    -0.007     0.021
    74.350    -0.009    -0.005     0.025
    74.360    -0.045     0.032     0.006
    74.370    -0.054     0.009     0.044
    74.380    -0.016    -0.004     0.037
    74.390    -0.051     0.014     0.056
    74.400    -0.016     0.007     0.062
    74.410    -0.008     0.008     0.037
    74.420    -0.041     0.026     0.035
    74.430    -0.022     0.024     0.019
    74.440    -0.014     0.010     0.023
    74.450     0.005     0.028    -0.004
    74.460    -0.006     0.035    -0.017
    74.470    -0.024     0.011     0.011
    74.480     0.010    -0.004    -0.019
    74.490     0.014     0.021    -0.024
    74.500    -0.033     0.032     0.011
    74.510    -0.010    -0.004    -0.003
    74.520    -0.023     0.007    -0.029
    74.530    -0.045    -0.009     0.013
    74.540     0.004    -0.029     0.023
    74.550    -0.049     0.021     0.003
    74.560    -0.051    -0.022     0.026
    74.570    -0.008    -0.044    -0.005
    74.580    -0.049     0.007     0.014
    74.590    -0.028    -0.016     0.046
    74.600    -0.001     0.005     0.007
    74.610    -0.045     0.029     0.035
    74.620    -0.025    -0.014     0.036
    74.630    -0.010     0.014     0.012
    74.640    -0.013     0.032     0.049
    74.650     0.021     0.046     0.054
    74.660    -0.016     0.081     0.046
    74.670    -0.027     0.047     0.026
    74.680    -0.010     0.044     0.012
    74.690     0.005     0.038     0.043
    74.700     0.018     0.056     0.035
    74.710    -0.034     0.073     0.027
    74.720    -0.004     0.005     0.020
    74.730     0.031     0.025    -0.004
    74.740     0.005     0.032     0.031
    74.750     0.029     0.005     0.024
    74.760     0.005     0.029    -0.021
    74.770    -0.029    -0.002     0.011
    74.780     0.024    -0.002     0.007
    74.790     0.004     0.033    -0.017
    74.800    -0.022     0.018     0.008
    74.810     0.026     0.000    -0.011
    74.820    -0.001    -0.003    -0.003
    74.830     0.013    -0.002     0.014
    74.840     0.036     0.017    -0.008
    74.850    -0.008     0.021     0.014
    74.860     0.011     0.007    -0.005
    74.870     0.019     0.007    -0.010
    74.880     0.042    -0.008     0.034
    74.890     0.057     0.033     0.005
    74.900    -0.003     0.057     0.001
    74.910     0.027     0.001     0.016
    74.920     0.077     0.013    -0.017
    74.930     0.029     0.053     0.013
    74.940     0.038     0.037     0.036
    74.950     0.067     0.045     0.025
    74.960     0.038     0.062     0.053
    74.970     0.054     0.043     0.043
    74.980     0.051     0.049     0.038
    74.990     0.045     0.056     0.062
    75.000     0.065     0.066     0.059
    75.010     0.036     0.090     0.062
    75.020     0.040     0.083     0.058
    75.030     0.063     0.091     0.046
    75.040     0.043     0.103     0.056
    75.050     0.045     0.102     0.051
    75.060     0.044     0.116     0.029
    75.070     0.031     0.119     0.026
    75.080     0.044     0.113     0.007
    75.090     0.040     0.116    -0.022
    75.100     0.029     0.096    -0.031
    75.110     0.020     0.085    -0.032
    75.120     0.025     0.079    -0.021
    75.130     0.029     0.072    -0.018
    75.140     0.008     0.082    -0.019
    75.150    -0.002     0.062    -0.018
    75.160     0.010     0.050    -0.024
    75.170     0.024     0.063    -0.009
    75.180     0.025     0.064    -0.015
    75.190     0.040     0.049    -0.030
    75.200     0.042     0.042    -0.028
    75.210     0.044     0.046    -0.052
    75.220     0.054     0.027    -0.034
    75.230     0.039     0.029    -0.027
    75.240     0.033     0.028    -0.062
    75.250     0.019     0.002    -0.051
    75.260     0.027     0.005    -0.050
    75.270     0.031     0.006    -0.049
    75.280     0.020     0.009    -0.043
    75.290     0.033     0.002    -0.054
    75.300     0.029    -0.007    -0.059
    75.310     0.028    -0.015    -0.048
    75.320     0.035    -0.037    -0.037
    75.330     0.015    -0.030    -0.049
    75.340    -0.003    -0.035    -0.035
    75.350     0.016    -0.063    -0.018
    75.360     0.023    -0.052    -0.032
    75.370    -0.017    -0.037    -0.028
    75.380    -0.016    -0.071    -0.008
    75.390     0.001    -0.071    -0.010
    75.400    -0.025    -0.056    -0.006
    75.410    -0.023    -0.076     0.001
    75.420    -0.022    -0.063     0.000
    75.430    -0.026    -0.064     0.022
    75.440    -0.010    -0.050     0.036
    75.450    -0.017    -0.032     0.032
    75.460    -0.024    -0.060     0.028
    75.470    -0.012    -0.067     0.032
    75.480    -0.011    -0.072     0.033
    75.490    -0.020    -0.065     0.033
    75.500    -0.023    -0.066     0.045
    75.510    -0.034    -0.081     0.033
    75.520    -0.032    -0.091     0.030
    75.530    -0.035    -0.112     0.039
    75.540    -0.049    -0.097     0.047
    75.550    -0.039    -0.102     0.062
    75.560    -0.044    -0.113     0.055
    75.570    -0.048    -0.099     0.056
    75.580    -0.025    -0.123     0.055
    75.590    -0.010    -0.122     0.050
    75.600    -0.005    -0.105     0.046
    75.610    -0.005    -0.105     0.028
    75.620    -0.002    -0.115     0.013
    75.630     0.014    -0.131    -0.001
    75.640    -0.002    -0.109    -0.018
    75.650    -0.014    -0.116    -0.013
    75.660    -0.006    -0.125    -0.014
    75.670    -0.032    -0.105    -0.043
    75.680    -0.032    -0.125    -0.031
    75.690    -0.012    -0.115    -0.029
    75.700    -0.017    -0.080    -0.033
    75.710    -0.005    -0.087    -0.019
    75.720     0.006    -0.087    -0.041
    75.730    -0.014    -0.072    -0.043
    75.740    -0.011    -0.077    -0.039
    75.750    -0.004    -0.070    -0.043
    75.760    -0.017    -0.051    -0.042
    75.770    -0.015    -0.052    -0.053
    75.780    -0.024    -0.048    -0.042
    75.790    -0.014    -0.040    -0.040
    75.800    -0.010    -0.022    -0.033
    75.810    -0.037    -0.008    -0.014
    75.820    -0.031    -0.010    -0.029
    75.830    -0.047    -0.003    -0.022
    75.840    -0.050    -0.002     0.005
    75.850    -0.037     0.011     0.015
    75.860    -0.043     0.022     0.042
    75.870    -0.035     0.029     0.045
    75.880    -0.040     0.048     0.040
    75.890    -0.029     0.033     0.062
    75.900    -0.021     0.032     0.065
    75.910    -0.021     0.052     0.073
    75.920    -0.017     0.045     0.082
    75.930    -0.019     0.028     0.087
    75.940    -0.018     0.029     0.089
    75.950    -0.024     0.041     0.067
    75.960    -0.019     0.020     0.072
    75.970    -0.014     0.012     0.076
    75.980    -0.005     0.022     0.060
    75.990    -0.011    -0.001     0.064
    76.000    -0.033     0.001     0.066
    76.010    -0.015     0.000     0.068
    76.020    -0.008    -0.012     0.063
    76.030    -0.024     0.008     0.049
    76.040    -0.017    -0.002     0.034
    76.050    -0.001    -0.030     0.036
    76.060     0.004    -0.020     0.037
    76.070    -0.007     0.005     0.018
    76.080    -0.013    -0.009     0.032
    76.090     0.006    -0.020     0.037
    76.100     0.006    -0.002     0.023
    76.110    -0.009    -0.021     0.044
    76.120     0.020    -0.024     0.052
    76.130     0.025    -0.002     0.052
    76.140     0.015    -0.013     0.068
    76.150     0.031    -0.021     0.050
    76.160     0.008    -0.016     0.038
    76.170     0.000    -0.020     0.062
    76.180     0.001    -0.003     0.059
    76.190    -0.028     0.018     0.061
    76.200    -0.033     0.010     0.060
    76.210    -0.031     0.006     0.036
    76.220    -0.027     0.022     0.041
    76.230    -0.016     0.034     0.044
    76.240    -0.018     0.045     0.042
    76.250    -0.023     0.059     0.039
    76.260    -0.018     0.051     0.025
    76.270    -0.007     0.050     0.014
    76.280    -0.004     0.056     0.009
    76.290    -0.001     0.048     0.012
    76.300     0.003     0.049     0.004
    76.310    -0.004     0.055    -0.008
    76.320    -0.011     0.047    -0.008
    76.330    -0.001     0.041    -0.009
    76.340    -0.005     0.051    -0.016
    76.350    -0.024     0.053    -0.017
    76.360    -0.022     0.052    -0.024
    76.370    -0.017     0.065    -0.028
    76.380    -0.010     0.063    -0.027
    76.390    -0.002     0.064    -0.038
    76.400     0.000     0.082    -0.048
    76.410     0.012     0.075    -0.054
    76.420     0.030     0.062    -0.055
    76.430     0.038     0.065    -0.066
    76.440     0.038     0.060    -0.078
    76.450     0.038     0.058    -0.078
    76.460     0.032     0.073    -0.082
    76.470     0.026     0.076    -0.082
    76.480     0.015     0.061    -0.080
    76.490     0.005     0.051    -0.074
    76.500     0.005     0.053    -0.063
    76.510     0.006     0.057    -0.051
    76.520     0.004     0.059    -0.045
    76.530     0.014     0.057    -0.049
    76.540     0.025     0.054    -0.056
    76.550     0.018     0.053    -0.050
    76.560     0.027     0.055    -0.042
    76.570     0.033     0.062    -0.044
    76.580     0.032     0.072    -0.041
    76.590     0.034     0.078    -0.041
    76.600     0.041     0.074    -0.037
    76.610     0.050     0.079    -0.034
    76.620     0.036     0.087    -0.043
    76.630     0.037     0.073    -0.040
    76.640     0.044     0.076    -0.047
    76.650     0.041     0.076    -0.051
    76.660     0.033     0.061    -0.041
    76.670     0.025     0.061    -0.040
    76.680     0.031     0.058    -0.030
    76.690     0.026     0.053    -0.020
    76.700     0.030     0.035    -0.014
    76.710     0.035     0.032    -0.020
    76.720     0.028     0.036    -0.024
    76.730     0.031     0.031    -0.014
    76.740     0.033     0.033    -0.012
    76.750     0.029     0.025     0.001
    76.760     0.028     0.029     0.004
    76.770     0.026     0.027     0.012
    76.780     0.017     0.019     0.035
    76.790     0.016     0.016     0.036
    76.800     0.015     0.009     0.034
    76.810     0.009     0.013     0.032
    76.820     0.014     0.015     0.031
    76.830     0.011     0.003     0.034
    76.840     0.003     0.003     0.026
    76.850     0.002     0.011     0.021
    76.860    -0.001     0.004     0.029
    76.870     0.005     0.009     0.021
    76.880     0.005     0.009     0.007
    76.890     0.009     0.001     0.005
    76.900     0.023    -0.003    -0.001
    76.910     0.025    -0.006    -0.003
    76.920     0.022    -0.008    -0.003
    76.930     0.014    -0.007    -0.005
    76.940     0.006     0.000    -0.004
    76.950    -0.002     0.006     0.001
    76.960    -0.007     0.010    -0.001
    76.970    -0.018     0.009    -0.007
    76.980    -0.028     0.005    -0.012
    76.990    -0.025    -0.008    -0.020
    77.000    -0.024    -0.019    -0.020
    77.010    -0.024    -0.023    -0.026
    77.020    -0.021    -0.036    -0.031
    77.030    -0.014    -0.038    -0.035
    77.040    -0.007    -0.046    -0.051
    77.050    -0.004    -0.066    -0.060
    77.060    -0.013    -0.066    -0.058
    77.070    -0.007    -0.061    -0.068
    77.080    -0.003    -0.070    -0.072
    77.090    -0.010    -0.072    -0.072
    77.100    -0.012    -0.067    -0.080
    77.110    -0.021    -0.072    -0.074
    77.120    -0.023    -0.073    -0.072
    77.130    -0.030    -0.080    -0.073
    77.140    -0.038    -0.087    -0.077
    77.150    -0.039    -0.094    -0.078
    77.160    -0.033    -0.111    -0.064
    77.170    -0.024    -0.110    -0.059
    77.180    -0.032    -0.094    -0.051
    77.190    -0.039    -0.088    -0.032
    77.200    -0.033    -0.091    -0.019
    77.210    -0.034    -0.090    -0.025
    77.220    -0.043    -0.092    -0.007
    77.230    -0.038    -0.086     0.012
    77.240    -0.031    -0.077     0.013
    77.250    -0.035    -0.088     0.029
    77.260    -0.024    -0.087     0.024
    77.270    -0.017    -0.081     0.027
    77.280    -0.011    -0.077     0.037
    77.290     0.004    -0.063     0.026
    77.300     0.003    -0.061     0.021
    77.310     0.002    -0.055     0.014
    77.320     0.010    -0.041     0.019
    77.330     0.013    -0.040     0.035
    77.340     0.008    -0.029     0.034
    77.350    -0.008    -0.023     0.031
    77.360    -0.010    -0.034     0.038
    77.370    -0.007    -0.022     0.031
    77.380    -0.014    -0.014     0.030
    77.390    -0.007    -0.024     0.043
    77.400     0.003    -0.014     0.033
    77.410     0.004     0.007     0.019
    77.420     0.012     0.011     0.026
    77.430     0.014     0.021     0.014
    77.440     0.012     0.030    -0.003
    77.450     0.018     0.027     0.005
    77.460     0.022     0.040    -0.002
    77.470     0.014     0.045    -0.005
    77.480     0.011     0.049     0.010
    77.490     0.004     0.065     0.011
    77.500     0.000     0.069     0.024
    77.510    -0.002     0.069     0.041
    77.520    -0.011     0.066     0.036
    77.530    -0.015     0.066     0.046
    77.540    -0.005     0.080     0.048
    77.550     0.007     0.081     0.038
    77.560     0.012     0.071     0.048
    77.570     0.018     0.074     0.041
    77.580     0.015     0.073     0.040
    77.590     0.015     0.074     0.049
    77.600     0.014     0.074     0.039
    77.610     0.011     0.060     0.029
    77.620     0.007     0.060     0.014
    77.630     0.001     0.064     0.012
    77.640     0.000     0.051     0.024
    77.650    -0.006     0.042     0.028
    77.660    -0.014     0.034     0.025
    77.670    -0.021     0.023     0.012
    77.680    -0.025     0.010     0.008
    77.690    -0.022    -0.004     0.012
    77.700    -0.020    -0.016    -0.006
    77.710    -0.021    -0.023    -0.017
    77.720    -0.019    -0.030    -0.018
    77.730    -0.014    -0.043    -0.027
    77.740    -0.026    -0.045    -0.032
    77.750    -0.028    -0.052    -0.031
    77.760    -0.024    -0.064    -0.027
    77.770    -0.027    -0.063    -0.024
    77.780    -0.017    -0.063    -0.025
    77.790    -0.014    -0.061    -0.024
    77.800    -0.012    -0.051    -0.025
    77.810    -0.001    -0.045    -0.025
    77.820     0.002    -0.042    -0.030
    77.830     0.004    -0.046    -0.036
    77.840     0.007    -0.046    -0.028
    77.850     0.006    -0.035    -0.034
    77.860     0.007    -0.025    -0.038
    77.870     0.016    -0.020    -0.030
    77.880     0.019    -0.013    -0.038
    77.890     0.016    -0.008    -0.038
    77.900     0.018    -0.010    -0.035
    77.910     0.020    -0.006    -0.046
    77.920     0.018     0.002    -0.046
    77.930     0.020     0.000    -0.043
    77.940     0.025     0.007    -0.053
    77.950     0.016     0.006    -0.051
    77.960     0.023    -0.003    -0.048
    77.970     0.023    -0.008    -0.049
    77.980     0.017    -0.015    -0.053
    77.990     0.023    -0.014    -0.059
    78.000     0.014    -0.009    -0.054
    78.010     0.019     0.002    -0.059
    78.020     0.022     0.004    -0.051
    78.030     0.016     0.001    -0.045
    78.040     0.015     0.003    -0.051
    78.050     0.014    -0.003    -0.039
    78.060     0.012    -0.004    -0.029
    78.070     0.014    -0.005    -0.018
    78.080     0.023    -0.009    -0.011
    78.090     0.015    -0.007    -0.010
    78.100     0.011     0.002     0.000
    78.110     0.014     0.004     0.005
    78.120     0.010     0.002     0.003
    78.130    -0.002     0.008     0.001
    78.140    -0.009     0.015     0.000
    78.150    -0.005     0.022     0.000
    78.160    -0.013     0.020    -0.005
    78.170    -0.007     0.011    -0.015
    78.180    -0.003     0.009    -0.018
    78.190    -0.007     0.017    -0.022
    78.200     0.001     0.013    -0.022
    78.210    -0.003     0.006    -0.026
    78.220    -0.012     0.007    -0.031
    78.230    -0.009     0.002    -0.021
    78.240     0.004     0.009    -0.018
    78.250     0.003     0.014    -0.007
    78.260     0.003     0.011     0.006
    78.270     0.008     0.011     0.012
    78.280     0.004     0.019     0.020
    78.290     0.005     0.023     0.024
    78.300     0.003     0.020     0.031
    78.310    -0.004     0.029     0.032
    78.320    -0.003     0.035     0.034
    78.330    -0.010     0.037     0.038
    78.340    -0.017     0.045     0.039
    78.350    -0.019     0.043     0.047
    78.360    -0.019     0.039     0.049
    78.370    -0.010     0.048     0.047
    78.380     0.004     0.052     0.050
    78.390     0.018     0.046     0.045
    78.400     0.025     0.044     0.044
    78.410     0.031     0.036     0.043
    78.420     0.030     0.030     0.040
    78.430     0.025     0.023     0.046
    78.440     0.029     0.011     0.051
    78.450     0.031     0.004     0.050
    78.460     0.024     0.003     0.045
    78.470     0.027    -0.009     0.041
    78.480     0.031    -0.016     0.032
    78.490     0.031    -0.019     0.020
    78.500     0.031    -0.030     0.012
    78.510     0.026    -0.043     0.008
    78.520     0.029    -0.047     0.008
    78.530     0.028    -0.052     0.000
    78.540     0.025    -0.067    -0.009
    78.550     0.029    -0.063    -0.018
    78.560     0.024    -0.064    -0.023
    78.570     0.022    -0.069    -0.023
    78.580     0.024    -0.059    -0.026
    78.590     0.018    -0.057    -0.022
    78.600     0.010    -0.050    -0.031
    78.610    -0.005    -0.046    -0.031
    78.620    -0.011    -0.049    -0.020
    78.630    -0.011    -0.041    -0.019
    78.640    -0.020    -0.044    -0.005
    78.650    -0.014    -0.047     0.010
    78.660    -0.013    -0.040     0.017
    78.670    -0.014    -0.040     0.027
    78.680     0.000    -0.044     0.040
    78.690    -0.004    -0.040     0.044
    78.700    -0.013    -0.034     0.045
    78.710    -0.017    -0.035     0.051
    78.720    -0.028    -0.031     0.051
    78.730    -0.031    -0.029     0.054
    78.740    -0.029    -0.021     0.056
    78.750    -0.020    -0.009     0.054
    78.760    -0.017    -0.004     0.048
    78.770    -0.015    -0.001     0.046
    78.780    -0.008     0.003     0.047
    78.790    -0.010     0.005     0.048
    78.800    -0.007     0.008     0.049
    78.810    -0.010     0.009     0.053
    78.820     0.001     0.003     0.053
    78.830     0.001     0.006     0.046
    78.840    -0.007     0.003     0.045
    78.850     0.000    -0.003     0.050
    78.860     0.001    -0.012     0.046
    78.870     0.009    -0.023     0.044
    78.880     0.006    -0.018     0.047
    78.890     0.009    -0.019     0.043
    78.900     0.013    -0.024     0.053
    78.910     0.026    -0.024     0.049
    78.920     0.026    -0.021     0.036
    78.930     0.016    -0.017     0.034
    78.940     0.019    -0.020     0.023
    78.950     0.018    -0.016     0.008
    78.960     0.021    -0.009     0.003
    78.970     0.014     0.000     0.000
    78.980     0.016     0.008    -0.015
    78.990     0.005     0.003    -0.017
    79.000     0.007    -0.002    -0.018
    79.010     0.009     0.002    -0.028
    79.020     0.000    -0.001    -0.022
    79.030     0.003    -0.001    -0.018
    79.040    -0.003     0.005    -0.019
    79.050     0.005     0.004    -0.017
    79.060     0.005     0.010    -0.012
    79.070     0.011     0.018    -0.012
    79.080     0.009     0.018    -0.009
    79.090     0.005     0.021    -0.003
    79.100     0.008     0.033    -0.013
    79.110     0.006     0.032    -0.010
    79.120     0.003     0.039    -0.001
    79.130    -0.005     0.051    -0.008
    79.140    -0.009     0.041    -0.005
    79.150    -0.013     0.043    -0.001
    79.160    -0.008     0.042    -0.007
    79.170    -0.009     0.032    -0.008
    79.180    -0.012     0.031    -0.011
    79.190    -0.012     0.030    -0.015
    79.200    -0.011     0.023    -0.022
    79.210    -0.006     0.025    -0.030
    79.220    -0.010     0.019    -0.024
    79.230    -0.007     0.020    -0.024
    79.240    -0.015     0.027    -0.026
    79.250    -0.025     0.007    -0.007
    79.260    -0.019     0.008    -0.011
    79.270    -0.031     0.013    -0.005
    79.280    -0.040     0.009     0.006
    79.290    -0.038     0.015     0.001
    79.300    -0.043     0.007     0.015
    79.310    -0.035     0.010     0.017
    79.320    -0.036     0.016     0.010
    79.330    -0.036     0.009     0.010
    79.340    -0.028     0.010     0.001
    79.350    -0.024     0.011    -0.016
    79.360    -0.016     0.015    -0.030
    79.370    -0.016     0.017    -0.037
    79.380    -0.021     0.019    -0.047
    79.390    -0.020     0.012    -0.053
    79.400    -0.022     0.004    -0.058
    79.410    -0.030     0.015    -0.063
    79.420    -0.028     0.011    -0.058
    79.430    -0.017     0.011    -0.050
    79.440    -0.012     0.011    -0.047
    79.450    -0.006     0.001    -0.041
    79.460    -0.003     0.002    -0.034
    79.470    -0.010    -0.002    -0.018
    79.480     0.009    -0.001    -0.005
    79.490     0.024    -0.002    -0.007
    79.500     0.015    -0.009    -0.013
    79.510     0.020    -0.015    -0.023
    79.520     0.004    -0.014    -0.023
    79.530     0.010    -0.010    -0.029
    79.540     0.029    -0.031    -0.028
    79.550     0.030    -0.031    -0.028
    79.560     0.032    -0.012    -0.047
    79.570     0.018    -0.022    -0.031
    79.580     0.017    -0.025    -0.019
    79.590     0.011    -0.025    -0.012
    79.600    -0.003    -0.023     0.002
    79.610     0.000    -0.007    -0.012
    79.620    -0.001    -0.010     0.002
    79.630    -0.001    -0.025     0.004
    79.640     0.007    -0.027    -0.009
    79.650    -0.006    -0.035     0.005
    79.660    -0.016    -0.039     0.002
    79.670    -0.008    -0.028     0.002
    79.680    -0.020    -0.036     0.011
    79.690    -0.005    -0.036     0.007
    79.700    -0.006    -0.014     0.003
    79.710    -0.038    -0.015     0.006
    79.720    -0.025    -0.008     0.005
    79.730    -0.019    -0.015     0.015
    79.740    -0.006    -0.025     0.017
    79.750     0.000    -0.001     0.008
    79.760    -0.015    -0.012     0.023
    79.770     0.002    -0.004     0.022
    79.780     0.011     0.006     0.032
    79.790     0.010     0.003     0.045
    79.800     0.018     0.032     0.030
    79.810     0.006     0.038     0.036
    79.820     0.004     0.035     0.036
    79.830     0.013     0.044     0.025
    79.840     0.003     0.051     0.027
    79.850     0.010     0.046     0.019
    79.860     0.004     0.055     0.008
    79.870    -0.006     0.052     0.007
    79.880     0.016     0.046     0.001
    79.890     0.009     0.051    -0.008
    79.900     0.012     0.037    -0.018
    79.910     0.012     0.040    -0.032
    79.920     0.000     0.025    -0.032
    79.930     0.009     0.028    -0.044
    79.940    -0.015     0.034    -0.045
    79.950    -0.015     0.017    -0.039
    79.960    -0.010     0.025    -0.049
    79.970    -0.021     0.015    -0.039
    79.980    -0.010     0.014    -0.038
    79.990    -0.022     0.019    -0.041
    80.000    -0.017     0.023    -0.037
    80.010    -0.009     0.032    -0.038
    80.020    -0.011     0.028    -0.040
    80.030    -0.001     0.042    -0.041
    80.040    -0.008     0.040    -0.032
    80.050    -0.006     0.045    -0.033
    80.060    -0.005     0.050    -0.029
    80.070    -0.009     0.042    -0.015
    80.080    -0.009     0.061    -0.018
    80.090    -0.025     0.058    -0.015
    80.100    -0.018     0.045    -0.003
    80.110    -0.017     0.040     0.001
    80.120    -0.023     0.034     0.007
    80.130    -0.012     0.040     0.006
    80.140    -0.021     0.026     0.022
    80.150    -0.011     0.025     0.026
    80.160    -0.003     0.032     0.024
    80.170    -0.007     0.017     0.041
    80.180     0.006     0.025     0.034
    80.190    -0.002     0.021     0.032
    80.200    -0.004     0.013     0.040
    80.210    -0.003     0.022     0.039
    80.220     0.000     0.018     0.038
    80.230     0.001     0.022     0.040
    80.240    -0.006     0.019     0.047
    80.250     0.003     0.021     0.038
    80.260    -0.012     0.034     0.037
    80.270    -0.019     0.039     0.048
    80.280    -0.004     0.046     0.036
    80.290    -0.007     0.035     0.040
    80.300    -0.003     0.033     0.050
    80.310     0.001     0.042     0.038
    80.320    -0.009     0.029     0.044
    80.330    -0.003     0.018     0.051
    80.340     0.002     0.013     0.051
    80.350    -0.001     0.004     0.050
    80.360     0.009    -0.004     0.045
    80.370     0.007    -0.015     0.046
    80.380     0.010    -0.031     0.040
    80.390     0.018    -0.032     0.032
    80.400     0.019    -0.041     0.018
    80.410     0.028    -0.046     0.004
    80.420     0.010    -0.038    -0.005
    80.430     0.010    -0.056    -0.014
    80.440     0.021    -0.046    -0.019
    80.450     0.014    -0.048    -0.015
    80.460     0.028    -0.057    -0.019
    80.470     0.013    -0.036    -0.023
    80.480     0.004    -0.044    -0.004
    80.490     0.014    -0.048     0.010
    80.500     0.006    -0.043     0.016
    80.510     0.006    -0.047     0.024
    80.520     0.009    -0.052     0.025
    80.530    -0.001    -0.051     0.014
    80.540     0.000    -0.056     0.020
    80.550     0.015    -0.061     0.024
    80.560     0.015    -0.055     0.012
    80.570     0.028    -0.065     0.011
    80.580     0.027    -0.058     0.002
    80.590     0.025    -0.062     0.001
    80.600     0.047    -0.068    -0.007
    80.610     0.037    -0.055    -0.020
    80.620     0.039    -0.062    -0.011
    80.630     0.046    -0.051    -0.019
    80.640     0.043    -0.050    -0.022
    80.650     0.045    -0.047    -0.023
    80.660     0.032    -0.042    -0.026
    80.670     0.025    -0.046    -0.023
    80.680     0.015    -0.036    -0.028
    80.690     0.006    -0.050    -0.016
    80.700     0.000    -0.039    -0.025
    80.710    -0.004    -0.043    -0.031
    80.720    -0.001    -0.063    -0.012
    80.730    -0.002    -0.049    -0.024
    80.740    -0.004    -0.055    -0.015
    80.750    -0.002    -0.055    -0.007
    80.760    -0.002    -0.046    -0.014
    80.770    -0.013    -0.046     0.002
    80.780    -0.014    -0.041     0.002
    80.790    -0.024    -0.041     0.007
    80.800    -0.032    -0.039     0.019
    80.810    -0.032    -0.025     0.016
    80.820    -0.037    -0.020     0.022
    80.830    -0.039    -0.008     0.023
    80.840    -0.043    -0.002     0.023
    80.850    -0.028    -0.009     0.024
    80.860    -0.025    -0.002     0.013
    80.870    -0.020    -0.012     0.015
    80.880    -0.006    -0.011     0.001
    80.890    -0.008    -0.003    -0.011
    80.900    -0.009    -0.001    -0.002
    80.910    -0.008     0.001    -0.011
    80.920    -0.008     0.001    -0.004
    80.930    -0.016     0.008    -0.002
    80.940    -0.016    -0.012     0.005
    80.950    -0.019    -0.007     0.003
    80.960    -0.029    -0.004    -0.006
    80.970    -0.022    -0.016     0.010
    80.980    -0.020     0.000    -0.009
    80.990    -0.016    -0.002    -0.014
    81.000    -0.011    -0.005    -0.007
    81.010    -0.014     0.001    -0.028
    81.020    -0.012     0.004    -0.028
    81.030    -0.004     0.002    -0.026
    81.040    -0.007     0.009    -0.034
    81.050    -0.012     0.026    -0.042
    81.060    -0.013     0.021    -0.042
    81.070    -0.016     0.015    -0.043
    81.080    -0.015     0.022    -0.058
    81.090    -0.014     0.022    -0.052
    81.100    -0.011     0.032    -0.055
    81.110    -0.007     0.032    -0.063
    81.120     0.001     0.026    -0.044
    81.130     0.000     0.032    -0.051
    81.140     0.008     0.017    -0.048
    81.150     0.005     0.013    -0.037
    81.160     0.001     0.006    -0.039
    81.170     0.008     0.001    -0.039
    81.180     0.004     0.002    -0.038
    81.190     0.016     0.002    -0.030
    81.200     0.008     0.009    -0.035
    81.210     0.014     0.002    -0.036
    81.220     0.015     0.007    -0.038
    81.230     0.024     0.002    -0.038
    81.240     0.033     0.007    -0.045
    81.250     0.014     0.014    -0.045
    81.260     0.036     0.010    -0.035
    81.270     0.027     0.017    -0.034
    81.280     0.027     0.009    -0.024
    81.290     0.032     0.019    -0.028
    81.300     0.020     0.016    -0.017
    81.310     0.027     0.019    -0.025
    81.320     0.010     0.018    -0.024
    81.330     0.011     0.006    -0.002
    81.340     0.005     0.014    -0.021
    81.350     0.008    -0.004    -0.006
    81.360     0.009    -0.009    -0.010
    81.370    -0.006    -0.020    -0.018
    81.380    -0.004    -0.031     0.006
    81.390    -0.011    -0.020    -0.015
    81.400    -0.003    -0.031    -0.007
    81.410    -0.001    -0.021    -0.003
    81.420    -0.006    -0.016    -0.017
    81.430    -0.003    -0.018    -0.003
    81.440    -0.007    -0.008    -0.013
    81.450    -0.001    -0.015    -0.009
    81.460     0.005    -0.013    -0.006
    81.470     0.011    -0.008    -0.006
    81.480     0.007    -0.017     0.015
    81.490     0.004    -0.017     0.016
    81.500    -0.002    -0.013     0.029
    81.510    -0.007    -0.021     0.045
    81.520     0.009    -0.021     0.040
    81.530     0.010    -0.013     0.044
    81.540     0.008    -0.021     0.039
    81.550     0.014    -0.024     0.029
    81.560     0.013    -0.024     0.024
    81.570     0.012    -0.021     0.010
    81.580     0.010    -0.023     0.004
    81.590     0.010    -0.016    -0.007
    81.600     0.003    -0.012    -0.023
    81.610     0.006    -0.020    -0.018
    81.620     0.013    -0.008    -0.029
    81.630     0.004    -0.005    -0.033
    81.640     0.010    -0.009    -0.015
    81.650     0.010     0.001    -0.020
    81.660    -0.008     0.010    -0.022
    81.670     0.003     0.000     0.004
    81.680     0.018    -0.001     0.006
    81.690     0.015     0.009     0.000
    81.700     0.026     0.006     0.014
    81.710     0.034     0.006     0.009
    81.720     0.031     0.018     0.005
    81.730     0.026     0.017     0.012
    81.740     0.026     0.014     0.004
    81.750     0.016     0.021    -0.004
    81.760     0.009     0.014     0.004
    81.770     0.009     0.012     0.001
    81.780    -0.004     0.014    -0.002
    81.790     0.000     0.010     0.012
    81.800    -0.007     0.013     0.009
    81.810    -0.006     0.010     0.014
    81.820     0.004     0.017     0.016
    81.830     0.004     0.013     0.012
    81.840     0.009     0.013     0.012
    81.850     0.001     0.018     0.005
    81.860     0.012     0.004     0.019
    81.870     0.020     0.012     0.012
    81.880     0.013     0.016    -0.001
    81.890     0.019     0.005     0.008
    81.900     0.020    -0.001     0.005
    81.910     0.022     0.002     0.001
    81.920     0.024     0.003    -0.003
    81.930     0.021    -0.002    -0.002
    81.940     0.020     0.010    -0.004
    81.950     0.024     0.008    -0.005
    81.960     0.022     0.014    -0.004
    81.970     0.013     0.025    -0.011
    81.980     0.015     0.015    -0.003
    81.990     0.005     0.023    -0.005
    82.000    -0.001     0.023    -0.003
    82.010     0.001     0.017     0.012
    82.020    -0.007     0.020     0.016
    82.030    -0.011     0.024     0.020
    82.040    -0.015     0.027     0.024
    82.050    -0.011     0.016     0.034
    82.060    -0.010     0.024     0.037
    82.070    -0.010     0.025     0.032
    82.080    -0.007     0.016     0.033
    82.090    -0.006     0.021     0.031
    82.100    -0.001     0.020     0.024
    82.110    -0.002     0.019     0.019
    82.120    -0.003     0.018     0.019
    82.130    -0.007     0.023     0.015
    82.140    -0.015     0.025     0.015
    82.150    -0.023     0.023     0.020
    82.160    -0.028     0.027     0.020
    82.170    -0.022     0.029     0.021
    82.180    -0.022     0.035     0.016
    82.190    -0.032     0.041     0.014
    82.200    -0.029     0.040     0.017
    82.210    -0.028     0.044     0.014
    82.220    -0.034     0.044     0.016
    82.230    -0.021     0.035     0.014
    82.240    -0.022     0.037     0.006
    82.250    -0.022     0.032     0.013
    82.260    -0.014     0.022     0.009
    82.270    -0.018     0.022     0.004
    82.280    -0.012     0.014     0.012
    82.290    -0.019     0.015     0.004
    82.300    -0.023     0.009    -0.001
    82.310    -0.028     0.003    -0.001
    82.320    -0.038    -0.001     0.001
    82.330    -0.033    -0.001    -0.006
    82.340    -0.041    -0.003    -0.007
    82.350    -0.031    -0.015     0.002
    82.360    -0.034    -0.007    -0.019
    82.370    -0.038    -0.008    -0.017
    82.380    -0.023    -0.011    -0.009
    82.390    -0.022    -0.007    -0.017
    82.400    -0.013     0.002    -0.013
    82.410    -0.012     0.011    -0.019
    82.420    -0.006     0.001    -0.016
    82.430    -0.002     0.008    -0.022
    82.440    -0.002     0.007    -0.024
    82.450     0.008    -0.003    -0.014
    82.460     0.003     0.004    -0.024
    82.470     0.011     0.001    -0.018
    82.480     0.012    -0.001    -0.016
    82.490     0.010    -0.003    -0.020
    82.500     0.018    -0.004    -0.016
    82.510     0.012    -0.008    -0.018
    82.520     0.013    -0.013    -0.012
    82.530     0.007    -0.005    -0.018
    82.540     0.013    -0.014    -0.012
    82.550     0.010    -0.012    -0.004
    82.560     0.002    -0.008    -0.009
    82.570     0.006    -0.014    -0.001
    82.580    -0.010    -0.007    -0.002
    82.590    -0.007    -0.018     0.006
    82.600    -0.001    -0.014     0.006
    82.610    -0.003    -0.009     0.005
    82.620     0.005    -0.016     0.010
    82.630     0.006    -0.007     0.003
    82.640     0.013    -0.009     0.005
    82.650     0.015    -0.016     0.005
    82.660     0.022    -0.015     0.008
    82.670     0.028    -0.013     0.007
    82.680     0.019    -0.016     0.011
    82.690     0.015    -0.020     0.015
    82.700     0.014    -0.020     0.012
    82.710     0.014    -0.023     0.021
    82.720     0.009    -0.027     0.024
    82.730     0.012    -0.029     0.021
    82.740     0.008    -0.030     0.022
    82.750     0.003    -0.035     0.028
    82.760     0.010    -0.030     0.021
    82.770     0.004    -0.024     0.017
    82.780     0.005    -0.028     0.023
    82.790     0.004    -0.030     0.020
    82.800     0.003    -0.024     0.014
    82.810     0.001    -0.021     0.015
    82.820    -0.005    -0.025     0.018
    82.830    -0.001    -0.017     0.008
    82.840    -0.004    -0.011     0.008
    82.850    -0.001    -0.009     0.010
    82.860    -0.004     0.000     0.003
    82.870    -0.009     0.004     0.006
    82.880    -0.007     0.003     0.011
    82.890    -0.014     0.003     0.013
    82.900    -0.019     0.012     0.011
    82.910    -0.015     0.011     0.012
    82.920    -0.014     0.011     0.011
    82.930    -0.018     0.017     0.005
    82.940    -0.014     0.013     0.006
    82.950    -0.017     0.016     0.013
    82.960    -0.014     0.018     0.015
    82.970    -0.006     0.021     0.011
    82.980    -0.005     0.026     0.016
    82.990    -0.008     0.026     0.015
    83.000    -0.010     0.032     0.010
    83.010    -0.004     0.035     0.010
    83.020    -0.012     0.031     0.004
    83.030    -0.015     0.027     0.003
    83.040    -0.012     0.025     0.001
    83.050    -0.017     0.022     0.000
    83.060    -0.012     0.017     0.000
    83.070    -0.007     0.020    -0.008
    83.080    -0.009     0.022    -0.007
    83.090    -0.004     0.014    -0.008
    83.100     0.005     0.013    -0.015
    83.110     0.001     0.017    -0.016
    83.120     0.000     0.010    -0.014
    83.130     0.003     0.011    -0.015
    83.140     0.003     0.011    -0.021
    83.150     0.009     0.000    -0.023
    83.160     0.012     0.000    -0.027
    83.170     0.011     0.007    -0.035
    83.180     0.014     0.002    -0.033
    83.190     0.018     0.002    -0.035
    83.200     0.017     0.011    -0.044
    83.210     0.015     0.004    -0.044
    83.220     0.016    -0.002    -0.043
    83.230     0.016     0.001    -0.044
    83.240     0.017     0.000    -0.044
    83.250     0.018    -0.010    -0.035
    83.260     0.013    -0.012    -0.026
    83.270     0.013    -0.010    -0.022
    83.280     0.015    -0.020    -0.002
    83.290     0.015    -0.018     0.011
    83.300     0.022    -0.019     0.011
    83.310     0.026    -0.026     0.015
    83.320     0.025    -0.026     0.015
    83.330     0.021    -0.026     0.014
    83.340     0.019    -0.027     0.009
    83.350     0.015    -0.029     0.005
    83.360     0.014    -0.030     0.003
    83.370     0.017    -0.033    -0.005
    83.380     0.017    -0.041    -0.006
    83.390     0.018    -0.046    -0.006
    83.400     0.021    -0.049    -0.010
    83.410     0.017    -0.053    -0.006
    83.420     0.010    -0.051    -0.002
    83.430     0.006    -0.048    -0.005
    83.440    -0.001    -0.043     0.000
    83.450    -0.002    -0.042     0.008
    83.460     0.006    -0.041     0.008
    83.470     0.010    -0.034     0.010
    83.480     0.012    -0.030     0.017
    83.490     0.008    -0.025     0.020
    83.500     0.010    -0.019     0.017
    83.510     0.005    -0.013     0.019
    83.520    -0.001    -0.011     0.024
    83.530     0.004    -0.008     0.020
    83.540    -0.001    -0.002     0.017
    83.550    -0.001    -0.003     0.020
    83.560    -0.004     0.006     0.020
    83.570    -0.006     0.013     0.026
    83.580     0.001     0.008     0.033
    83.590    -0.002     0.014     0.038
    83.600    -0.001     0.019     0.037
    83.610     0.002     0.015     0.035
    83.620    -0.004     0.014     0.040
    83.630    -0.002     0.022     0.037
    83.640    -0.007     0.021     0.042
    83.650    -0.016     0.015     0.049
    83.660    -0.018     0.022     0.042
    83.670    -0.024     0.021     0.042
    83.680    -0.026     0.016     0.043
    83.690    -0.027     0.022     0.034
    83.700    -0.028     0.019     0.027
    83.710    -0.022     0.014     0.029
    83.720    -0.022     0.021     0.027
    83.730    -0.023     0.025     0.024
    83.740    -0.024     0.026     0.027
    83.750    -0.025     0.033     0.026
    83.760    -0.028     0.037     0.024
    83.770    -0.032     0.037     0.020
    83.780    -0.029     0.037     0.022
    83.790    -0.028     0.040     0.024
    83.800    -0.023     0.040     0.019
    83.810    -0.020     0.036     0.020
    83.820    -0.015     0.034     0.018
    83.830    -0.005     0.034     0.014
    83.840    -0.003     0.036     0.010
    83.850    -0.005     0.037     0.012
    83.860    -0.007     0.040     0.009
    83.870    -0.007     0.042     0.003
    83.880    -0.004     0.040     0.010
    83.890    -0.007     0.044     0.009
    83.900    -0.001     0.039     0.005
    83.910     0.004     0.032     0.013
    83.920     0.007     0.032     0.015
    83.930     0.011     0.026     0.011
    83.940     0.008     0.023     0.016
    83.950     0.007     0.026     0.024
    83.960     0.012     0.027     0.024
    83.970     0.009     0.029     0.023
    83.980     0.003     0.025     0.029
    83.990     0.005     0.018     0.025
    84.000     0.003     0.012     0.022
    84.010     0.004     0.004     0.027
    84.020     0.007     0.003     0.022
    84.030     0.007    -0.003     0.014
    84.040     0.014    -0.012     0.014
    84.050     0.015    -0.019     0.008
    84.060     0.017    -0.026    -0.004
    84.070     0.012    -0.034    -0.010
    84.080     0.008    -0.041    -0.021
    84.090     0.008    -0.045    -0.031
    84.100     0.002    -0.046    -0.037
    84.110     0.006    -0.046    -0.042
    84.120     0.005    -0.047    -0.049
    84.130     0.002    -0.045    -0.054
    84.140     0.001    -0.043    -0.055
    84.150    -0.001    -0.042    -0.063
    84.160    -0.006    -0.040    -0.067
    84.170    -0.009    -0.037    -0.063
    84.180    -0.015    -0.035    -0.061
    84.190    -0.016    -0.034    -0.058
    84.200    -0.011    -0.033    -0.050
    84.210    -0.010    -0.030    -0.047
    84.220    -0.011    -0.031    -0.048
    84.230    -0.011    -0.037    -0.044
    84.240     0.001    -0.039    -0.044
    84.250     0.003    -0.035    -0.042
    84.260     0.006    -0.036    -0.038
    84.270     0.011    -0.033    -0.033
    84.280     0.002    -0.027    -0.032
    84.290     0.002    -0.032    -0.027
    84.300     0.001    -0.032    -0.023
    84.310     0.001    -0.025    -0.028
    84.320    -0.005    -0.031    -0.019
    84.330    -0.003    -0.031    -0.022
    84.340    -0.003    -0.021    -0.028
    84.350    -0.008    -0.021    -0.023
    84.360    -0.004    -0.013    -0.021
    84.370    -0.001     0.000    -0.024
    84.380     0.000    -0.004    -0.020
    84.390     0.002    -0.006    -0.019
    84.400     0.012     0.003    -0.023
    84.410     0.009     0.005    -0.020
    84.420     0.010     0.001    -0.019
    84.430     0.010     0.006    -0.019
    84.440     0.001     0.011    -0.022
    84.450     0.005     0.010    -0.023
    84.460     0.004     0.015    -0.026
    84.470     0.010     0.018    -0.032
    84.480     0.011     0.019    -0.034
    84.490     0.006     0.028    -0.035
    84.500     0.006     0.033    -0.028
    84.510     0.005     0.033    -0.023
    84.520     0.010     0.039    -0.013
    84.530     0.009     0.033    -0.007
    84.540     0.006     0.034    -0.006
    84.550     0.004     0.039     0.001
    84.560     0.005     0.029     0.011
    84.570     0.010     0.031     0.016
    84.580     0.011     0.020     0.016
    84.590     0.008     0.018     0.024
    84.600     0.002     0.020     0.017
    84.610     0.007     0.002     0.012
    84.620     0.005     0.003     0.012
    84.630     0.005    -0.012     0.003
    84.640     0.010    -0.015    -0.001
    84.650     0.000    -0.008    -0.006
    84.660     0.001    -0.016     0.000
    84.670     0.004    -0.007    -0.008
    84.680     0.007    -0.009    -0.021
    84.690     0.006    -0.006    -0.018
    84.700     0.005     0.000    -0.029
    84.710     0.013     0.000    -0.022
    84.720     0.008     0.003    -0.017
    84.730     0.008    -0.001    -0.020
    84.740     0.011     0.010    -0.013
    84.750     0.005     0.009    -0.016
    84.760     0.010     0.005    -0.014
    84.770     0.009     0.011    -0.017
    84.780     0.009    -0.001    -0.020
    84.790     0.007     0.006    -0.022
    84.800     0.000     0.012    -0.026
    84.810     0.007     0.003    -0.017
    84.820     0.004     0.006    -0.024
    84.830     0.004    -0.002    -0.032
    84.840    -0.001    -0.006    -0.028
    84.850    -0.009     0.000    -0.041
    84.860    -0.003    -0.007    -0.034
    84.870    -0.009    -0.012    -0.028
    84.880    -0.005    -0.005    -0.034
    84.890    -0.002    -0.002    -0.026
    84.900    -0.007    -0.003    -0.022
    84.910     0.002     0.000    -0.017
    84.920     0.009    -0.006    -0.014
    84.930     0.008    -0.008    -0.009
    84.940     0.003    -0.002    -0.007
    84.950    -0.002    -0.005    -0.003
    84.960    -0.008    -0.005     0.006
    84.970    -0.015    -0.007     0.005
    84.980    -0.015    -0.007     0.009
    84.990    -0.020    -0.006     0.009
    85.000    -0.022    -0.009     0.009
    85.010    -0.009    -0.008     0.010
    85.020    -0.008    -0.013     0.012
    85.030    -0.009    -0.012     0.014
    85.040    -0.004    -0.015     0.019
    85.050    -0.004    -0.020     0.028
    85.060    -0.009    -0.011     0.020
    85.070    -0.009    -0.010     0.015
    85.080    -0.008    -0.012     0.022
    85.090    -0.012    -0.009     0.014
    85.100    -0.007    -0.009     0.005
    85.110    -0.007    -0.011     0.006
    85.120    -0.011    -0.014    -0.003
    85.130    -0.006    -0.016    -0.010
    85.140    -0.003    -0.015    -0.010
    85.150     0.002    -0.016    -0.017
    85.160     0.005    -0.013    -0.025
    85.170     0.008    -0.012    -0.027
    85.180     0.002    -0.010    -0.025
    85.190    -0.003    -0.007    -0.026
    85.200    -0.002    -0.012    -0.019
    85.210    -0.010    -0.007    -0.018
    85.220    -0.008     0.001    -0.022
    85.230    -0.005    -0.004    -0.011
    85.240    -0.014     0.003    -0.010
    85.250    -0.010     0.008    -0.010
    85.260    -0.007     0.000    -0.001
    85.270    -0.002     0.005    -0.001
    85.280     0.007     0.005    -0.003
    85.290     0.014    -0.005     0.000
    85.300     0.016     0.003     0.003
    85.310     0.016     0.003     0.002
    85.320     0.022     0.001     0.010
    85.330     0.021     0.007     0.010
    85.340     0.025     0.001     0.011
    85.350     0.026    -0.004     0.021
    85.360     0.023     0.005     0.026
    85.370     0.027     0.010     0.038
    85.380     0.023     0.002     0.045
    85.390     0.018     0.010     0.049
    85.400     0.018     0.019     0.052
    85.410     0.017     0.010     0.062
    85.420     0.010     0.018     0.067
    85.430     0.012     0.017     0.058
    85.440     0.014     0.004     0.064
    85.450     0.009     0.010     0.059
    85.460     0.014     0.013     0.055
    85.470     0.014     0.008     0.056
    85.480     0.012     0.004     0.052
    85.490     0.012     0.006     0.054
    85.500     0.011     0.001     0.048
    85.510     0.010     0.000     0.046
    85.520     0.013     0.003     0.043
    85.530     0.023    -0.012     0.037
    85.540     0.025    -0.011     0.031
    85.550     0.023    -0.001     0.030
    85.560     0.022    -0.006     0.038
    85.570     0.018    -0.003     0.042
    85.580     0.016    -0.007     0.046
    85.590     0.016    -0.014     0.048
    85.600     0.010    -0.009     0.046
    85.610     0.009    -0.008     0.048
    85.620     0.016    -0.014     0.054
    85.630     0.017    -0.007     0.050
    85.640     0.016    -0.001     0.050
    85.650     0.013    -0.005     0.057
    85.660     0.013    -0.001     0.049
    85.670     0.006    -0.004     0.044
    85.680     0.002    -0.018     0.040
    85.690    -0.002    -0.011     0.032
    85.700    -0.017    -0.009     0.030
    85.710    -0.008    -0.023     0.032
    85.720    -0.011    -0.018     0.022
    85.730    -0.016    -0.018     0.017
    85.740    -0.007    -0.015     0.019
    85.750    -0.009    -0.007     0.007
    85.760    -0.005    -0.005     0.007
    85.770     0.001    -0.009     0.004
    85.780     0.002    -0.012    -0.003
    85.790    -0.011     0.000    -0.006
    85.800    -0.020     0.000    -0.012
    85.810    -0.018    -0.001    -0.013
    85.820    -0.022    -0.003    -0.018
    85.830    -0.020    -0.011    -0.024
    85.840    -0.027    -0.005    -0.034
    85.850    -0.037    -0.010    -0.036
    85.860    -0.043    -0.007    -0.039
    85.870    -0.049    -0.001    -0.045
    85.880    -0.044    -0.007    -0.040
    85.890    -0.048     0.001    -0.046
    85.900    -0.053    -0.001    -0.049
    85.910    -0.053    -0.010    -0.044
    85.920    -0.049    -0.010    -0.045
    85.930    -0.044    -0.009    -0.038
    85.940    -0.039    -0.014    -0.026
    85.950    -0.026    -0.017    -0.023
    85.960    -0.027    -0.012    -0.019
    85.970    -0.025    -0.020    -0.014
    85.980    -0.020    -0.025    -0.016
    85.990    -0.030    -0.026    -0.016
    86.000    -0.026    -0.034    -0.019
    86.010    -0.019    -0.031    -0.026
    86.020    -0.022    -0.033    -0.028
    86.030    -0.022    -0.033    -0.031
    86.040    -0.022    -0.028    -0.033
    86.050    -0.017    -0.036    -0.031
    86.060    -0.014    -0.037    -0.032
    86.070    -0.015    -0.034    -0.032
    86.080    -0.014    -0.039    -0.028
    86.090    -0.012    -0.033    -0.028
    86.100    -0.008    -0.028    -0.029
    86.110    -0.009    -0.031    -0.025
    86.120    -0.005    -0.026    -0.021
    86.130    -0.009    -0.024    -0.019
    86.140    -0.009    -0.023    -0.020
    86.150     0.000    -0.020    -0.021
    86.160    -0.004    -0.015    -0.017
    86.170    -0.002    -0.012    -0.013
    86.180    -0.002    -0.009    -0.013
    86.190    -0.005    -0.006    -0.006
    86.200     0.003    -0.007     0.002
    86.210     0.006     0.002     0.001
    86.220     0.004     0.007     0.005
    86.230     0.008     0.005     0.005
    86.240     0.009     0.011     0.002
    86.250     0.005     0.010     0.004
    86.260     0.012     0.012     0.004
    86.270     0.012     0.016     0.004
    86.280     0.008     0.020     0.002
    86.290     0.012     0.031    -0.001
    86.300     0.008     0.039    -0.006
    86.310     0.012     0.044    -0.006
    86.320     0.015     0.049    -0.004
    86.330     0.012     0.050    -0.004
    86.340     0.016     0.051     0.001
    86.350     0.015     0.051     0.004
    86.360     0.013     0.044     0.006
    86.370     0.017     0.038     0.010
    86.380     0.016     0.037     0.011
    86.390     0.015     0.034     0.010
    86.400     0.018     0.032     0.007
    86.410     0.016     0.031     0.010
    86.420     0.021     0.026     0.006
    86.430     0.018     0.024    -0.003
    86.440     0.012     0.021     0.000
    86.450     0.015     0.017    -0.002
    86.460     0.016     0.019    -0.008
    86.470     0.018     0.020    -0.006
    86.480     0.022     0.017    -0.008
    86.490     0.025     0.020    -0.013
    86.500     0.021     0.021    -0.014
    86.510     0.025     0.017    -0.016
    86.520     0.029     0.015    -0.022
    86.530     0.027     0.012    -0.021
    86.540     0.030     0.012    -0.014
    86.550     0.031     0.009    -0.015
    86.560     0.034     0.013    -0.013
    86.570     0.039     0.013    -0.013
    86.580     0.041     0.010    -0.020
    86.590     0.038     0.008    -0.018
    86.600     0.035     0.002    -0.022
    86.610     0.033     0.000    -0.020
    86.620     0.026     0.003    -0.013
    86.630     0.027     0.006    -0.001
    86.640     0.026     0.001     0.011
    86.650     0.024    -0.002     0.008
    86.660     0.020    -0.002     0.011
    86.670     0.020    -0.004     0.007
    86.680     0.025    -0.003     0.004
    86.690     0.025    -0.005     0.007
    86.700     0.028    -0.013     0.005
    86.710     0.025    -0.015     0.007
    86.720     0.022    -0.013     0.008
    86.730     0.028    -0.020     0.006
    86.740     0.024    -0.024    -0.003
    86.750     0.018    -0.029     0.000
    86.760     0.015    -0.035     0.002
    86.770     0.009    -0.032     0.002
    86.780     0.004    -0.031     0.008
    86.790     0.003    -0.037     0.007
    86.800     0.002    -0.039     0.010
    86.810     0.002    -0.037     0.011
    86.820     0.004    -0.039     0.010
    86.830     0.001    -0.037     0.005
    86.840     0.001    -0.034     0.008
    86.850     0.003    -0.036     0.016
    86.860     0.004    -0.033     0.011
    86.870     0.003    -0.032     0.016
    86.880    -0.002    -0.033     0.021
    86.890    -0.005    -0.034     0.017
    86.900    -0.010    -0.041     0.022
    86.910    -0.016    -0.044     0.021
    86.920    -0.025    -0.047     0.019
    86.930    -0.038    -0.048     0.026
    86.940    -0.041    -0.043     0.026
    86.950    -0.038    -0.039     0.020
    86.960    -0.047    -0.036     0.014
    86.970    -0.053    -0.031     0.008
    86.980    -0.046    -0.028     0.005
    86.990    -0.048    -0.024     0.004
    87.000    -0.045    -0.018    -0.002
    87.010    -0.040    -0.014    -0.011
    87.020    -0.043    -0.007    -0.021
    87.030    -0.042    -0.004    -0.029
    87.040    -0.039    -0.004    -0.037
    87.050    -0.038     0.001    -0.044
    87.060    -0.037    -0.001    -0.040
    87.070    -0.038     0.001    -0.033
    87.080    -0.043     0.006    -0.029
    87.090    -0.043     0.006    -0.023
    87.100    -0.046     0.011    -0.017
    87.110    -0.048     0.013    -0.013
    87.120    -0.049     0.011    -0.008
    87.130    -0.054     0.014    -0.008
    87.140    -0.045     0.014    -0.006
    87.150    -0.043     0.015     0.002
    87.160    -0.043     0.021    -0.001
    87.170    -0.040     0.020     0.002
    87.180    -0.038     0.020     0.006
    87.190    -0.031     0.025     0.000
    87.200    -0.022     0.022     0.001
    87.210    -0.018     0.021    -0.002
    87.220    -0.017     0.019    -0.004
    87.230    -0.016     0.016     0.002
    87.240    -0.022     0.021     0.003
    87.250    -0.018     0.019     0.008
    87.260    -0.014     0.012     0.014
    87.270    -0.017     0.015     0.008
    87.280    -0.013     0.006     0.007
    87.290    -0.013     0.001     0.005
    87.300    -0.012     0.002    -0.001
    87.310    -0.011    -0.005    -0.006
    87.320    -0.009    -0.004    -0.010
    87.330    -0.008    -0.010    -0.015
    87.340    -0.004    -0.017    -0.019
    87.350     0.002    -0.015    -0.028
    87.360     0.001    -0.016    -0.031
    87.370     0.003    -0.013    -0.032
    87.380     0.005    -0.009    -0.033
    87.390     0.004    -0.011    -0.025
    87.400     0.003    -0.008    -0.024
    87.410     0.008    -0.003    -0.024
    87.420     0.014    -0.004    -0.022
    87.430     0.017     0.003    -0.024
    87.440     0.026     0.005    -0.022
    87.450     0.029     0.008    -0.018
    87.460     0.029     0.018    -0.018
    87.470     0.034     0.019    -0.017
    87.480     0.037     0.026    -0.018
    87.490     0.038     0.027    -0.021
    87.500     0.037     0.024    -0.024
    87.510     0.035     0.029    -0.028
    87.520     0.030     0.025    -0.024
    87.530     0.033     0.024    -0.021
    87.540     0.031     0.025    -0.017
    87.550     0.028     0.019    -0.007
    87.560     0.033     0.017    -0.007
    87.570     0.030     0.015    -0.005
    87.580     0.030     0.014     0.001
    87.590     0.033     0.016     0.005
    87.600     0.033     0.015     0.014
    87.610     0.037     0.023     0.015
    87.620     0.037     0.027     0.016
    87.630     0.037     0.028     0.018
    87.640     0.040     0.033     0.017
    87.650     0.038     0.029     0.014
    87.660     0.042     0.032     0.013
    87.670     0.036     0.034     0.015
    87.680     0.033     0.032     0.011
    87.690     0.033     0.032     0.005
    87.700     0.028     0.031     0.002
    87.710     0.032     0.031    -0.004
    87.720     0.029     0.028    -0.006
    87.730     0.024     0.025    -0.007
    87.740     0.025     0.019    -0.007
    87.750     0.027     0.012    -0.007
    87.760     0.025     0.018    -0.007
    87.770     0.020     0.016    -0.005
    87.780     0.018     0.014    -0.004
    87.790     0.016     0.016    -0.005
    87.800     0.012     0.008    -0.003
    87.810     0.013     0.010    -0.003
    87.820     0.006     0.009    -0.005
    87.830     0.004     0.002    -0.006
    87.840     0.006     0.002    -0.008
    87.850    -0.003    -0.003    -0.007
    87.860     0.004    -0.008    -0.004
    87.870     0.007    -0.009    -0.005
    87.880     0.007    -0.006    -0.010
    87.890     0.009    -0.002    -0.010
    87.900     0.008    -0.005    -0.012
    87.910     0.011     0.001    -0.015
    87.920     0.007     0.001    -0.013
    87.930     0.014    -0.008    -0.017
    87.940     0.009    -0.004    -0.013
    87.950     0.003    -0.003    -0.014
    87.960     0.008    -0.004    -0.014
    87.970    -0.003    -0.002    -0.007
    87.980    -0.001    -0.002    -0.006
    87.990    -0.007    -0.007     0.005
    88.000    -0.012    -0.010     0.010
    88.010    -0.011    -0.013     0.019
    88.020    -0.018    -0.018     0.029
    88.030    -0.012    -0.020     0.028
    88.040    -0.014    -0.019     0.033
    88.050    -0.012    -0.018     0.029
    88.060    -0.017    -0.019     0.027
    88.070    -0.027    -0.015     0.030
    88.080    -0.024    -0.018     0.029
    88.090    -0.029    -0.015     0.026
    88.100    -0.029    -0.007     0.021
    88.110    -0.028    -0.014     0.022
    88.120    -0.028    -0.009     0.012
    88.130    -0.027    -0.010     0.012
    88.140    -0.023    -0.014     0.011
    88.150    -0.017    -0.012     0.000
    88.160    -0.013    -0.020     0.002
    88.170    -0.006    -0.022    -0.001
    88.180    -0.008    -0.030    -0.002
    88.190    -0.011    -0.031    -0.003
    88.200    -0.014    -0.038     0.002
    88.210    -0.018    -0.049     0.005
    88.220    -0.016    -0.051     0.003
    88.230    -0.018    -0.062     0.006
    88.240    -0.022    -0.065     0.001
    88.250    -0.022    -0.071     0.005
    88.260    -0.017    -0.071     0.008
    88.270    -0.017    -0.071     0.006
    88.280    -0.018    -0.070     0.009
    88.290    -0.019    -0.066     0.004
    88.300    -0.020    -0.067     0.002
    88.310    -0.018    -0.061     0.000
    88.320    -0.018    -0.062     0.004
    88.330    -0.017    -0.065     0.006
    88.340    -0.017    -0.063     0.003
    88.350    -0.020    -0.063     0.007
    88.360    -0.017    -0.063     0.005
    88.370    -0.015    -0.060     0.005
    88.380    -0.017    -0.056     0.007
    88.390    -0.013    -0.056     0.008
    88.400    -0.015    -0.051     0.011
    88.410    -0.018    -0.048     0.008
    88.420    -0.007    -0.043     0.009
    88.430    -0.008    -0.035     0.012
    88.440    -0.006    -0.031     0.011
    88.450    -0.005    -0.025     0.016
    88.460    -0.004    -0.019     0.020
    88.470     0.002    -0.014     0.026
    88.480     0.003    -0.008     0.029
    88.490     0.005    -0.005     0.027
    88.500     0.000     0.003     0.027
    88.510     0.004     0.010     0.026
    88.520     0.007     0.014     0.022
    88.530     0.005     0.020     0.017
    88.540     0.008     0.022     0.013
    88.550     0.002     0.021     0.009
    88.560     0.005     0.023     0.008
    88.570     0.002     0.027     0.005
    88.580    -0.001     0.027     0.004
    88.590    -0.003     0.035     0.004
    88.600    -0.011     0.039     0.000
    88.610    -0.009     0.037     0.000
    88.620    -0.012     0.038    -0.001
    88.630    -0.014     0.039    -0.006
    88.640    -0.010     0.036    -0.005
    88.650    -0.010     0.034    -0.006
    88.660    -0.013     0.041    -0.006
    88.670    -0.009     0.038    -0.001
    88.680    -0.008     0.035    -0.003
    88.690    -0.015     0.036    -0.006
    88.700    -0.008     0.029    -0.007
    88.710    -0.011     0.033    -0.006
    88.720    -0.013     0.034    -0.006
    88.730    -0.011     0.030    -0.008
    88.740    -0.014     0.030    -0.007
    88.750    -0.009     0.030    -0.009
    88.760    -0.005     0.032    -0.013
    88.770    -0.002     0.032    -0.016
    88.780    -0.002     0.030    -0.017
    88.790     0.001     0.032    -0.018
    88.800    -0.004     0.031    -0.017
    88.810    -0.010     0.032    -0.017
    88.820    -0.009     0.034    -0.021
    88.830    -0.011     0.029    -0.023
    88.840    -0.016     0.027    -0.027
    88.850    -0.012     0.024    -0.030
    88.860    -0.011     0.018    -0.031
    88.870    -0.015     0.021    -0.031
    88.880    -0.007     0.018    -0.027
    88.890    -0.008     0.014    -0.025
    88.900    -0.007     0.018    -0.024
    88.910    -0.006     0.013    -0.018
    88.920    -0.005     0.009    -0.016
    88.930    -0.002     0.009    -0.011
    88.940    -0.001     0.004    -0.008
    88.950     0.004     0.005    -0.008
    88.960     0.004     0.006    -0.004
    88.970     0.007     0.005    -0.004
    88.980     0.011     0.006    -0.005
    88.990     0.013     0.003    -0.001
    89.000     0.018     0.006     0.000
    89.010     0.024     0.004     0.004
    89.020     0.028     0.002     0.006
    89.030     0.026     0.006     0.006
    89.040     0.032     0.001     0.010
    89.050     0.029     0.005     0.007
    89.060     0.027     0.005     0.012
    89.070     0.028     0.003     0.012
    89.080     0.022     0.006     0.008
    89.090     0.029     0.001     0.015
    89.100     0.035    -0.004     0.012
    89.110     0.037    -0.006     0.011
    89.120     0.036    -0.010     0.014
    89.130     0.033    -0.015     0.009
    89.140     0.032    -0.014     0.003
    89.150     0.030    -0.017     0.000
    89.160     0.035    -0.023    -0.007
    89.170     0.037    -0.023    -0.015
    89.180     0.035    -0.026    -0.014
    89.190     0.035    -0.031    -0.017
    89.200     0.027    -0.027    -0.020
    89.210     0.016    -0.027    -0.016
    89.220     0.014    -0.031    -0.014
    89.230     0.014    -0.028    -0.011
    89.240     0.015    -0.023    -0.009
    89.250     0.014    -0.020    -0.012
    89.260     0.014    -0.016    -0.013
    89.270     0.012    -0.016    -0.012
    89.280     0.014    -0.021    -0.013
    89.290     0.016    -0.027    -0.018
    89.300     0.015    -0.032    -0.015
    89.310     0.020    -0.036    -0.018
    89.320     0.017    -0.039    -0.022
    89.330     0.018    -0.041    -0.019
    89.340     0.020    -0.046    -0.022
    89.350     0.015    -0.048    -0.024
    89.360     0.012    -0.046    -0.024
    89.370     0.004    -0.052    -0.023
    89.380     0.002    -0.051    -0.027
    89.390    -0.003    -0.045    -0.028
    89.400    -0.007    -0.051    -0.025
    89.410    -0.006    -0.047    -0.031
    89.420    -0.005    -0.046    -0.031
    89.430     0.001    -0.043    -0.034
    89.440     0.003    -0.037    -0.037
    89.450     0.003    -0.039    -0.033
    89.460     0.002    -0.034    -0.032
    89.470     0.002    -0.034    -0.032
    89.480     0.002    -0.031    -0.031
    89.490     0.004    -0.027    -0.030
    89.500     0.011    -0.024    -0.028
    89.510     0.009    -0.020    -0.024
    89.520     0.009    -0.022    -0.014
    89.530     0.010    -0.019    -0.009
    89.540     0.013    -0.020    -0.004
    89.550     0.015    -0.017     0.003
    89.560     0.014    -0.013     0.002
    89.570     0.016    -0.013     0.005
    89.580     0.017    -0.005     0.004
    89.590     0.019    -0.004    -0.002
    89.600     0.014     0.001    -0.003
    89.610     0.010     0.002    -0.008
    89.620     0.011     0.008    -0.015
    89.630     0.010     0.013    -0.023
    89.640     0.004     0.011    -0.026
    89.650     0.003     0.014    -0.027
    89.660     0.000     0.015    -0.032
    89.670    -0.005     0.015    -0.028
    89.680    -0.003     0.014    -0.028
    89.690    -0.006     0.014    -0.028
    89.700    -0.010     0.016    -0.020
    89.710    -0.011     0.013    -0.020
    89.720    -0.014     0.014    -0.017
    89.730    -0.019     0.012    -0.012
    89.740    -0.022     0.008    -0.005
    89.750    -0.022     0.007     0.002
    89.760    -0.026     0.005     0.008
    89.770    -0.020     0.002     0.010
    89.780    -0.017     0.004     0.007
    89.790    -0.019     0.007     0.012
    89.800    -0.016     0.005     0.011
    89.810    -0.015     0.005     0.008
    89.820    -0.012     0.006     0.009
    89.830    -0.016     0.009     0.009
    89.840    -0.016     0.014     0.008
    89.850    -0.020     0.018     0.010
    89.860    -0.026     0.017     0.013
    89.870    -0.027     0.018     0.014
    89.880    -0.033     0.021     0.019
    89.890    -0.034     0.021     0.022
    89.900    -0.037     0.024     0.027
    89.910    -0.038     0.025     0.033
    89.920    -0.039     0.023     0.043
    89.930    -0.033     0.021     0.048
    89.940    -0.027     0.022     0.048
    89.950    -0.028     0.030     0.055
    89.960    -0.026     0.033     0.057
    89.970    -0.029     0.033     0.059
    89.980    -0.032     0.032     0.067
    89.990    -0.029     0.028     0.066
